{
  "type": "FeatureCollection",
  "generator": "overpass-turbo",
  "copyright": "The data included in this document is from www.openstreetmap.org. The data is made available under ODbL.",
  "timestamp": "2026-05-27T06:12:52Z",
  "features": [
    {
      "type": "Feature",
      "properties": {
        "@id": "way/32946753",
        "addr:city": "New York",
        "addr:housenumber": "254",
        "addr:postcode": "10022",
        "addr:state": "NY",
        "addr:street": "East 60th Street",
        "aerialway": "station",
        "aerialway:access": "both",
        "building": "roof",
        "check_date": "2025-06-09",
        "height": "19.6",
        "layer": "1",
        "mapillary": "760351564662664",
        "name": "Roosevelt Island Tramway",
        "nycdoitt:bin": "1089287",
        "opening_hours": "Su-Th 06:00-02:00; Fr,Sa 06:00-03:00",
        "operator": "Leitner-Poma of America",
        "operator:type": "private",
        "operator:wikidata": "Q6520426",
        "owner": "Roosevelt Island Operating Corporation",
        "owner:wikidata": "Q7366460",
        "public_transport": "station",
        "wheelchair": "yes"
      },
      "geometry": {
        "type": "Polygon",
        "coordinates": [
          [
            [
              -73.9643815,
              40.7611736
            ],
            [
              -73.9643435,
              40.7611578
            ],
            [
              -73.9643318,
              40.761153
            ],
            [
              -73.9643688,
              40.7611018
            ],
            [
              -73.9643,
              40.7610733
            ],
            [
              -73.9642624,
              40.7611253
            ],
            [
              -73.9641811,
              40.7610916
            ],
            [
              -73.964122,
              40.7611744
            ],
            [
              -73.964064,
              40.7612537
            ],
            [
              -73.9642638,
              40.7613365
            ],
            [
              -73.9643815,
              40.7611736
            ]
          ]
        ]
      },
      "id": "way/32946753"
    },
    {
      "type": "Feature",
      "properties": {
        "@id": "way/32946762",
        "addr:city": "New York",
        "addr:postcode": "10044",
        "addr:state": "NY",
        "addr:street": "West Main Street",
        "aerialway": "station",
        "aerialway:access": "both",
        "aerialway:summer:access": "both",
        "building": "yes",
        "check_date": "2025-06-09",
        "height": "16.1",
        "layer": "1",
        "name": "Roosevelt Island Tramway",
        "network": "Roosevelt Island Tramway",
        "nycdoitt:bin": "1089267",
        "operator": "Leitner-Poma",
        "public_transport": "station",
        "wheelchair": "yes"
      },
      "geometry": {
        "type": "Polygon",
        "coordinates": [
          [
            [
              -73.954239,
              40.7573715
            ],
            [
              -73.954288,
              40.7572981
            ],
            [
              -73.9543061,
              40.7572711
            ],
            [
              -73.9541391,
              40.7572071
            ],
            [
              -73.9541525,
              40.7571871
            ],
            [
              -73.9541196,
              40.7571745
            ],
            [
              -73.9541065,
              40.7571941
            ],
            [
              -73.954093,
              40.7571889
            ],
            [
              -73.9540717,
              40.7572208
            ],
            [
              -73.9539928,
              40.7571905
            ],
            [
              -73.9538887,
              40.7573464
            ],
            [
              -73.9539939,
              40.7573867
            ],
            [
              -73.9541809,
              40.7574584
            ],
            [
              -73.9541922,
              40.7574414
            ],
            [
              -73.954239,
              40.7573715
            ]
          ]
        ]
      },
      "id": "way/32946762"
    },
    {
      "type": "Feature",
      "properties": {
        "@id": "way/25428713",
        "bridge": "yes",
        "electrified": "rail",
        "frequency": "0",
        "gauge": "1435",
        "layer": "1",
        "level": "2",
        "name": "BMT Astoria Line",
        "operator": "New York City Transit Authority",
        "railway": "subway",
        "railway:preferred_direction": "forward",
        "railway:track_ref": "2",
        "railway:track_ref:signals": "G2",
        "voltage": "625"
      },
      "geometry": {
        "type": "LineString",
        "coordinates": [
          [
            -73.9447823,
            40.7528067
          ],
          [
            -73.9442191,
            40.7525632
          ]
        ]
      },
      "id": "way/25428713"
    },
    {
      "type": "Feature",
      "properties": {
        "@id": "way/46340129",
        "electrified": "rail",
        "frequency": "0",
        "gauge": "1435",
        "layer": "-3",
        "level": "-3",
        "name": "IND Eighth Avenue Line",
        "operator": "New York City Transit Authority",
        "railway": "subway",
        "railway:preferred_direction": "forward",
        "railway:track_ref": "1",
        "railway:track_ref:signals": "A1",
        "tunnel": "yes",
        "voltage": "625"
      },
      "geometry": {
        "type": "LineString",
        "coordinates": [
          [
            -73.9800232,
            40.770782
          ],
          [
            -73.9809447,
            40.769503
          ],
          [
            -73.9811428,
            40.7693238
          ],
          [
            -73.9812553,
            40.769222
          ],
          [
            -73.9812963,
            40.7691682
          ],
          [
            -73.9818444,
            40.7684074
          ],
          [
            -73.9818735,
            40.768367
          ],
          [
            -73.9819235,
            40.7682976
          ],
          [
            -73.9820149,
            40.7681613
          ],
          [
            -73.9821062,
            40.7680252
          ],
          [
            -73.9821975,
            40.7678892
          ],
          [
            -73.9822887,
            40.7677531
          ],
          [
            -73.98238,
            40.767617
          ],
          [
            -73.9824759,
            40.7674809
          ],
          [
            -73.9825797,
            40.7673086
          ],
          [
            -73.9826225,
            40.7672492
          ]
        ]
      },
      "id": "way/46340129"
    },
    {
      "type": "Feature",
      "properties": {
        "@id": "way/46340152",
        "electrified": "rail",
        "frequency": "0",
        "gauge": "1435",
        "layer": "-2",
        "level": "-2",
        "name": "IND Crosstown Line",
        "operator": "New York City Transit Authority",
        "railway": "subway",
        "railway:preferred_direction": "forward",
        "railway:track_ref": "1",
        "railway:track_ref:signals": "E1",
        "tunnel": "yes",
        "voltage": "625"
      },
      "geometry": {
        "type": "LineString",
        "coordinates": [
          [
            -73.9419201,
            40.7473676
          ],
          [
            -73.9428001,
            40.747006
          ],
          [
            -73.9439285,
            40.7465598
          ]
        ]
      },
      "id": "way/46340152"
    },
    {
      "type": "Feature",
      "properties": {
        "@id": "way/46340246",
        "electrified": "rail",
        "frequency": "0",
        "gauge": "1435",
        "layer": "-2",
        "level": "-2",
        "name": "IND Sixth Avenue Line",
        "operator": "New York City Transit Authority",
        "railway": "subway",
        "railway:preferred_direction": "forward",
        "railway:track_ref": "1",
        "railway:track_ref:signals": "B1",
        "tunnel": "yes",
        "voltage": "625"
      },
      "geometry": {
        "type": "LineString",
        "coordinates": [
          [
            -73.9801746,
            40.7602936
          ],
          [
            -73.980845,
            40.7593718
          ],
          [
            -73.9819118,
            40.7579057
          ],
          [
            -73.9822557,
            40.7574331
          ],
          [
            -73.9837178,
            40.7555657
          ]
        ]
      },
      "id": "way/46340246"
    },
    {
      "type": "Feature",
      "properties": {
        "@id": "way/46340252",
        "electrified": "rail",
        "frequency": "0",
        "gauge": "1435",
        "layer": "-2",
        "level": "-2",
        "maxspeed": "50 mph",
        "name": "IND 63rd Street Line",
        "operator": "New York City Transit Authority",
        "railway": "subway",
        "railway:preferred_direction": "forward",
        "railway:track_ref": "1",
        "railway:track_ref:signals": "T1",
        "start_date": "1970",
        "tunnel": "yes",
        "voltage": "625"
      },
      "geometry": {
        "type": "LineString",
        "coordinates": [
          [
            -73.9366383,
            40.7509458
          ],
          [
            -73.9419933,
            40.7537931
          ],
          [
            -73.9421655,
            40.7538847
          ],
          [
            -73.9438064,
            40.7547289
          ],
          [
            -73.9457327,
            40.7557199
          ],
          [
            -73.9471017,
            40.7564343
          ],
          [
            -73.9475742,
            40.7566568
          ]
        ]
      },
      "id": "way/46340252"
    },
    {
      "type": "Feature",
      "properties": {
        "@id": "way/46340255",
        "electrified": "rail",
        "frequency": "0",
        "gauge": "1435",
        "layer": "-4",
        "level": "-4",
        "maxspeed": "55 mph",
        "name": "IRT Flushing Line",
        "operator": "New York City Transit Authority",
        "railway": "subway",
        "railway:cbtc": "sto",
        "railway:preferred_direction": "forward",
        "railway:track_ref": "2",
        "railway:track_ref:signals": "C3",
        "tunnel": "yes",
        "voltage": "625"
      },
      "geometry": {
        "type": "LineString",
        "coordinates": [
          [
            -73.9901022,
            40.7565068
          ],
          [
            -73.9890489,
            40.7560629
          ],
          [
            -73.9889694,
            40.7560262
          ],
          [
            -73.9888924,
            40.7559871
          ],
          [
            -73.9886573,
            40.7558574
          ],
          [
            -73.9884598,
            40.7557565
          ],
          [
            -73.9882923,
            40.7556783
          ],
          [
            -73.9880928,
            40.7555911
          ],
          [
            -73.9870554,
            40.7551699
          ],
          [
            -73.9868471,
            40.7550921
          ],
          [
            -73.9867039,
            40.7550444
          ],
          [
            -73.98654,
            40.7549975
          ],
          [
            -73.9862127,
            40.7548611
          ],
          [
            -73.9846683,
            40.7541939
          ],
          [
            -73.9845614,
            40.754154
          ],
          [
            -73.9844496,
            40.7541228
          ],
          [
            -73.9843341,
            40.7541005
          ],
          [
            -73.9842161,
            40.7540876
          ],
          [
            -73.9840971,
            40.754084
          ],
          [
            -73.9839781,
            40.7540899
          ],
          [
            -73.9835726,
            40.7541282
          ],
          [
            -73.9834555,
            40.7541314
          ],
          [
            -73.9833385,
            40.7541254
          ],
          [
            -73.983223,
            40.7541101
          ],
          [
            -73.9830957,
            40.7540864
          ],
          [
            -73.9828532,
            40.75403
          ],
          [
            -73.9826155,
            40.7539622
          ],
          [
            -73.9823823,
            40.7538856
          ],
          [
            -73.9821621,
            40.7538036
          ],
          [
            -73.9814074,
            40.7534935
          ],
          [
            -73.9813165,
            40.7534575
          ],
          [
            -73.9812159,
            40.7534214
          ],
          [
            -73.9811144,
            40.7533876
          ],
          [
            -73.9810018,
            40.7533536
          ],
          [
            -73.9807526,
            40.7532784
          ],
          [
            -73.9806172,
            40.7532295
          ],
          [
            -73.9775805,
            40.7519736
          ],
          [
            -73.9774241,
            40.7519154
          ],
          [
            -73.9770968,
            40.751808
          ],
          [
            -73.9767306,
            40.7516817
          ],
          [
            -73.9764502,
            40.7515712
          ],
          [
            -73.9752191,
            40.7510515
          ],
          [
            -73.9680711,
            40.7480551
          ]
        ]
      },
      "id": "way/46340255"
    },
    {
      "type": "Feature",
      "properties": {
        "@id": "way/46340259",
        "electrified": "rail",
        "frequency": "0",
        "gauge": "1435",
        "layer": "-4",
        "level": "-4",
        "name": "BMT 63rd Street Line",
        "operator": "New York City Transit Authority",
        "railway": "subway",
        "railway:preferred_direction": "forward",
        "railway:track_ref": "3",
        "railway:track_ref:signals": "G3",
        "tunnel": "yes",
        "voltage": "625"
      },
      "geometry": {
        "type": "LineString",
        "coordinates": [
          [
            -73.9614595,
            40.764618
          ],
          [
            -73.9617036,
            40.7643431
          ],
          [
            -73.9620175,
            40.764112
          ],
          [
            -73.9623862,
            40.7639334
          ],
          [
            -73.9627947,
            40.7638144
          ],
          [
            -73.9632264,
            40.7637599
          ],
          [
            -73.9636637,
            40.763772
          ],
          [
            -73.964089,
            40.7638504
          ],
          [
            -73.9644848,
            40.7639917
          ],
          [
            -73.9648632,
            40.7641516
          ],
          [
            -73.9667959,
            40.7649684
          ],
          [
            -73.9672993,
            40.7651812
          ],
          [
            -73.9681476,
            40.7655148
          ],
          [
            -73.9687403,
            40.7657638
          ],
          [
            -73.9689552,
            40.7658535
          ],
          [
            -73.9714723,
            40.7669093
          ],
          [
            -73.9716755,
            40.767008
          ],
          [
            -73.9718662,
            40.7671185
          ],
          [
            -73.972027,
            40.7672278
          ],
          [
            -73.9721745,
            40.7673441
          ],
          [
            -73.973121,
            40.7681092
          ],
          [
            -73.973306,
            40.7682453
          ],
          [
            -73.9736633,
            40.7684693
          ],
          [
            -73.9740582,
            40.7686534
          ],
          [
            -73.9744832,
            40.7687942
          ],
          [
            -73.9749298,
            40.7688888
          ],
          [
            -73.9753895,
            40.7689354
          ],
          [
            -73.9758533,
            40.7689331
          ],
          [
            -73.9763122,
            40.7688819
          ],
          [
            -73.9767571,
            40.7687828
          ],
          [
            -73.9771796,
            40.7686379
          ],
          [
            -73.9775713,
            40.7684498
          ],
          [
            -73.9779246,
            40.7682222
          ],
          [
            -73.9782327,
            40.7679596
          ],
          [
            -73.9784895,
            40.7676671
          ]
        ]
      },
      "id": "way/46340259"
    },
    {
      "type": "Feature",
      "properties": {
        "@id": "way/46340262",
        "electrified": "rail",
        "frequency": "0",
        "gauge": "1435",
        "layer": "-2",
        "level": "-2",
        "name": "IND 63rd Street Line",
        "operator": "New York City Transit Authority",
        "railway": "subway",
        "railway:preferred_direction": "forward",
        "railway:track_ref": "5",
        "railway:track_ref:signals": "B5",
        "tunnel": "yes",
        "voltage": "625"
      },
      "geometry": {
        "type": "LineString",
        "coordinates": [
          [
            -73.9763127,
            40.7655867
          ],
          [
            -73.9768186,
            40.7649552
          ],
          [
            -73.9780122,
            40.7633125
          ],
          [
            -73.9784517,
            40.7627076
          ]
        ]
      },
      "id": "way/46340262"
    },
    {
      "type": "Feature",
      "properties": {
        "@id": "way/46340264",
        "electrified": "rail",
        "frequency": "0",
        "gauge": "1435",
        "layer": "-4",
        "level": "-4",
        "name": "IND 63rd Street Line",
        "operator": "New York City Transit Authority",
        "railway": "subway",
        "railway:preferred_direction": "forward",
        "railway:track_ref": "1",
        "railway:track_ref:signals": "T1",
        "tunnel": "yes",
        "voltage": "625"
      },
      "geometry": {
        "type": "LineString",
        "coordinates": [
          [
            -73.9634696,
            40.763473
          ],
          [
            -73.9649158,
            40.7640851
          ],
          [
            -73.966848,
            40.7649028
          ],
          [
            -73.9673513,
            40.7651158
          ],
          [
            -73.9681742,
            40.7654782
          ],
          [
            -73.9687722,
            40.7657298
          ],
          [
            -73.968978,
            40.7658147
          ],
          [
            -73.9716278,
            40.7669269
          ],
          [
            -73.9719322,
            40.7670428
          ],
          [
            -73.9722511,
            40.7671334
          ],
          [
            -73.972581,
            40.7671979
          ],
          [
            -73.972918,
            40.7672354
          ],
          [
            -73.9732584,
            40.7672456
          ],
          [
            -73.9735983,
            40.7672284
          ],
          [
            -73.9739339,
            40.7671839
          ],
          [
            -73.9742613,
            40.7671126
          ],
          [
            -73.9745768,
            40.7670153
          ],
          [
            -73.9748769,
            40.7668932
          ],
          [
            -73.9751582,
            40.7667477
          ],
          [
            -73.9754174,
            40.7665803
          ],
          [
            -73.9756517,
            40.766393
          ],
          [
            -73.9758584,
            40.7661879
          ],
          [
            -73.9760351,
            40.7659673
          ],
          [
            -73.9763127,
            40.7655867
          ]
        ]
      },
      "id": "way/46340264"
    },
    {
      "type": "Feature",
      "properties": {
        "@id": "way/46340266",
        "electrified": "rail",
        "frequency": "0",
        "gauge": "1435",
        "layer": "-2",
        "level": "-2",
        "name": "IND Queens Boulevard Line",
        "operator": "New York City Transit Authority",
        "railway": "subway",
        "railway:cbtc": "yes",
        "railway:preferred_direction": "forward",
        "railway:track_ref": "3",
        "railway:track_ref:signals": "D3",
        "tunnel": "yes",
        "voltage": "625"
      },
      "geometry": {
        "type": "LineString",
        "coordinates": [
          [
            -73.9766181,
            40.7607921
          ],
          [
            -73.9804492,
            40.7624079
          ],
          [
            -73.9806995,
            40.7625135
          ],
          [
            -73.9826637,
            40.7633419
          ],
          [
            -73.9828048,
            40.7634082
          ],
          [
            -73.9832956,
            40.7636129
          ],
          [
            -73.9836125,
            40.7637451
          ],
          [
            -73.9837788,
            40.7637997
          ],
          [
            -73.9839058,
            40.7638291
          ],
          [
            -73.984015,
            40.7638414
          ],
          [
            -73.9841247,
            40.7638489
          ],
          [
            -73.9842512,
            40.7638473
          ],
          [
            -73.9843038,
            40.7638444
          ],
          [
            -73.9843568,
            40.7638402
          ],
          [
            -73.9844096,
            40.7638345
          ],
          [
            -73.9844621,
            40.7638275
          ],
          [
            -73.9845143,
            40.7638192
          ],
          [
            -73.9845661,
            40.7638095
          ],
          [
            -73.9846174,
            40.7637985
          ],
          [
            -73.9846682,
            40.7637862
          ],
          [
            -73.9847184,
            40.7637726
          ],
          [
            -73.9847679,
            40.7637577
          ],
          [
            -73.9848163,
            40.7637417
          ],
          [
            -73.9849625,
            40.763689
          ],
          [
            -73.9851404,
            40.7635999
          ],
          [
            -73.985223,
            40.7635437
          ],
          [
            -73.9852902,
            40.7634745
          ],
          [
            -73.9853952,
            40.7633643
          ],
          [
            -73.9854947,
            40.7632349
          ],
          [
            -73.9856928,
            40.7629611
          ],
          [
            -73.9858853,
            40.7626998
          ],
          [
            -73.98698,
            40.7612042
          ]
        ]
      },
      "id": "way/46340266"
    },
    {
      "type": "Feature",
      "properties": {
        "@id": "way/46340270",
        "electrified": "rail",
        "frequency": "0",
        "gauge": "1435",
        "layer": "-2",
        "level": "-2",
        "name": "BMT Astoria Line",
        "operator": "New York City Transit Authority",
        "railway": "subway",
        "railway:preferred_direction": "forward",
        "railway:track_ref": "2",
        "railway:track_ref:signals": "G2",
        "tunnel": "yes",
        "voltage": "625"
      },
      "geometry": {
        "type": "LineString",
        "coordinates": [
          [
            -73.9488163,
            40.7546049
          ],
          [
            -73.94823,
            40.754339
          ],
          [
            -73.9463828,
            40.7535061
          ]
        ]
      },
      "id": "way/46340270"
    },
    {
      "type": "Feature",
      "properties": {
        "@id": "way/46340271",
        "electrified": "rail",
        "frequency": "0",
        "gauge": "1435",
        "layer": "-3",
        "level": "-3",
        "name": "IND Queens Boulevard Line",
        "operator": "New York City Transit Authority",
        "railway": "subway",
        "railway:preferred_direction": "forward",
        "railway:track_ref": "3",
        "railway:track_ref:signals": "D3",
        "tunnel": "yes",
        "voltage": "625"
      },
      "geometry": {
        "type": "LineString",
        "coordinates": [
          [
            -73.9409181,
            40.7476869
          ],
          [
            -73.9419017,
            40.7473363
          ],
          [
            -73.9420607,
            40.7472854
          ],
          [
            -73.9422268,
            40.7472497
          ],
          [
            -73.9423975,
            40.7472296
          ],
          [
            -73.9425701,
            40.7472256
          ],
          [
            -73.942742,
            40.7472377
          ],
          [
            -73.9429107,
            40.7472657
          ],
          [
            -73.9439946,
            40.7474762
          ]
        ]
      },
      "id": "way/46340271"
    },
    {
      "type": "Feature",
      "properties": {
        "@id": "way/46340274",
        "alt_name": "11th Street Connector",
        "electrified": "rail",
        "frequency": "0",
        "gauge": "1435",
        "layer": "-2",
        "level": "-2",
        "name": "60th Street Tunnel Connection",
        "operator": "New York City Transit Authority",
        "railway": "subway",
        "railway:preferred_direction": "forward",
        "railway:track_ref": "1",
        "railway:track_ref:signals": "GD1",
        "tunnel": "yes",
        "voltage": "625"
      },
      "geometry": {
        "type": "LineString",
        "coordinates": [
          [
            -73.9397862,
            40.7481281
          ],
          [
            -73.9400725,
            40.7480836
          ],
          [
            -73.940357,
            40.7480699
          ],
          [
            -73.9405907,
            40.7480867
          ],
          [
            -73.9408205,
            40.7481231
          ],
          [
            -73.9410146,
            40.7481742
          ],
          [
            -73.9411668,
            40.7482271
          ],
          [
            -73.9412844,
            40.7482722
          ],
          [
            -73.9414183,
            40.7483288
          ],
          [
            -73.9415554,
            40.7483999
          ],
          [
            -73.9416958,
            40.7484954
          ],
          [
            -73.9418051,
            40.748583
          ],
          [
            -73.941905,
            40.748677
          ],
          [
            -73.9420022,
            40.7487779
          ],
          [
            -73.9420794,
            40.7488478
          ],
          [
            -73.9421711,
            40.7489163
          ],
          [
            -73.9422757,
            40.7489824
          ],
          [
            -73.9425701,
            40.7491506
          ],
          [
            -73.9426915,
            40.7492296
          ],
          [
            -73.9428356,
            40.7493388
          ],
          [
            -73.942949,
            40.7494581
          ],
          [
            -73.9430195,
            40.749563
          ],
          [
            -73.9430595,
            40.7496389
          ],
          [
            -73.9430995,
            40.7497272
          ],
          [
            -73.9431289,
            40.7498271
          ],
          [
            -73.9431504,
            40.7499268
          ],
          [
            -73.943161,
            40.7500199
          ],
          [
            -73.9431656,
            40.7501121
          ],
          [
            -73.9431276,
            40.7505112
          ],
          [
            -73.943101,
            40.750808
          ],
          [
            -73.9430619,
            40.7512526
          ],
          [
            -73.9430642,
            40.7514273
          ],
          [
            -73.9430954,
            40.7516004
          ],
          [
            -73.943155,
            40.7517692
          ],
          [
            -73.9432422,
            40.751931
          ],
          [
            -73.9433555,
            40.7520832
          ],
          [
            -73.9434931,
            40.7522234
          ],
          [
            -73.9436529,
            40.7523495
          ],
          [
            -73.9438323,
            40.7524593
          ],
          [
            -73.944035,
            40.7525601
          ],
          [
            -73.9448103,
            40.752894
          ],
          [
            -73.9454946,
            40.7531948
          ],
          [
            -73.946337,
            40.7535651
          ],
          [
            -73.9481783,
            40.7543954
          ],
          [
            -73.9487936,
            40.7546345
          ]
        ]
      },
      "id": "way/46340274"
    },
    {
      "type": "Feature",
      "properties": {
        "@id": "way/46343174",
        "cutting": "yes",
        "electrified": "rail",
        "frequency": "0",
        "gauge": "1435",
        "name": "BMT Astoria Line",
        "operator": "New York City Transit Authority",
        "railway": "subway",
        "railway:preferred_direction": "forward",
        "railway:track_ref": "2",
        "railway:track_ref:signals": "G2",
        "voltage": "625"
      },
      "geometry": {
        "type": "LineString",
        "coordinates": [
          [
            -73.9463828,
            40.7535061
          ],
          [
            -73.9447823,
            40.7528067
          ]
        ]
      },
      "id": "way/46343174"
    },
    {
      "type": "Feature",
      "properties": {
        "@id": "way/46344092",
        "bridge": "yes",
        "electrified": "rail",
        "frequency": "0",
        "gauge": "1435",
        "layer": "2",
        "level": "2",
        "name": "IRT Flushing Line",
        "operator": "New York City Transit Authority",
        "railway": "subway",
        "railway:cbtc": "sto",
        "railway:preferred_direction": "forward",
        "railway:track_ref": "2",
        "railway:track_ref:signals": "C3",
        "voltage": "625"
      },
      "geometry": {
        "type": "LineString",
        "coordinates": [
          [
            -73.9463129,
            40.7429818
          ],
          [
            -73.9450284,
            40.7435167
          ],
          [
            -73.9448899,
            40.7435984
          ],
          [
            -73.9448107,
            40.7436686
          ],
          [
            -73.9447503,
            40.7437409
          ],
          [
            -73.9447034,
            40.7438199
          ],
          [
            -73.944669,
            40.7438843
          ],
          [
            -73.9446382,
            40.7439605
          ],
          [
            -73.9446263,
            40.7440268
          ],
          [
            -73.9446235,
            40.7440981
          ],
          [
            -73.9446307,
            40.7441847
          ],
          [
            -73.9446539,
            40.7442743
          ],
          [
            -73.944688,
            40.7443488
          ],
          [
            -73.9447554,
            40.7444541
          ],
          [
            -73.9455233,
            40.7455727
          ],
          [
            -73.9455673,
            40.7456629
          ],
          [
            -73.9455921,
            40.7457378
          ],
          [
            -73.9456027,
            40.7458299
          ],
          [
            -73.9455995,
            40.7459035
          ],
          [
            -73.9455891,
            40.7459765
          ],
          [
            -73.9455613,
            40.7460667
          ],
          [
            -73.9454658,
            40.7463599
          ],
          [
            -73.9449806,
            40.747788
          ],
          [
            -73.944877,
            40.748094
          ],
          [
            -73.9448294,
            40.7482166
          ],
          [
            -73.9447775,
            40.7483289
          ],
          [
            -73.9447215,
            40.7484351
          ],
          [
            -73.9446577,
            40.7485322
          ],
          [
            -73.9444837,
            40.7487538
          ],
          [
            -73.944281,
            40.74899
          ]
        ]
      },
      "id": "way/46344092"
    },
    {
      "type": "Feature",
      "properties": {
        "@id": "way/46493330",
        "electrified": "contact_line;rail",
        "frequency": "25",
        "gauge": "1435",
        "layer": "-4",
        "maxspeed": "60 mph",
        "name": "New York Terminal District",
        "old_railway_operator": "PRR",
        "operator": "Amtrak",
        "operator:wikidata": "Q23239",
        "owner": "Amtrak",
        "railway": "rail",
        "railway:acses": "yes",
        "railway:atc": "yes",
        "railway:ctc": "yes",
        "railway:preferred_direction": "forward",
        "railway:ptc": "yes",
        "railway:track_ref": "2",
        "ref": "NYT",
        "tunnel": "yes",
        "tunnel:name": "East River Tunnels",
        "tunnel:wikipedia": "en:East River Tunnels",
        "usage": "main",
        "voltage": "12000"
      },
      "geometry": {
        "type": "LineString",
        "coordinates": [
          [
            -73.9541572,
            40.7410218
          ],
          [
            -73.9551618,
            40.741034
          ],
          [
            -73.9561359,
            40.7411032
          ],
          [
            -73.9733587,
            40.7427727
          ],
          [
            -73.9737287,
            40.7428119
          ],
          [
            -73.9744623,
            40.7429193
          ],
          [
            -73.9751843,
            40.7430648
          ],
          [
            -73.9758914,
            40.7432477
          ],
          [
            -73.9763081,
            40.7433804
          ],
          [
            -73.9765801,
            40.7434671
          ],
          [
            -73.9772536,
            40.743722
          ],
          [
            -73.9889429,
            40.7486416
          ]
        ]
      },
      "id": "way/46493330"
    },
    {
      "type": "Feature",
      "properties": {
        "@id": "way/46695595",
        "electrified": "rail",
        "frequency": "0",
        "gauge": "1435",
        "layer": "-1",
        "level": "-1",
        "name": "IRT 42nd Street Line - IRT Lexington Avenue Line connection",
        "operator": "New York City Transit Authority",
        "railway": "subway",
        "railway:bidirectional": "regular",
        "railway:preferred_direction": "both",
        "railway:track_ref": "1",
        "railway:track_ref:signals": "MM4S",
        "service": "crossover",
        "tunnel": "yes",
        "voltage": "625"
      },
      "geometry": {
        "type": "LineString",
        "coordinates": [
          [
            -73.978445,
            40.7523534
          ],
          [
            -73.9783525,
            40.7523059
          ],
          [
            -73.9782756,
            40.7522556
          ],
          [
            -73.97821,
            40.7521924
          ],
          [
            -73.978156,
            40.7521256
          ],
          [
            -73.9781133,
            40.7520355
          ],
          [
            -73.9780902,
            40.7519427
          ],
          [
            -73.9780886,
            40.7518592
          ],
          [
            -73.9781288,
            40.7517229
          ],
          [
            -73.9781849,
            40.7516044
          ],
          [
            -73.9782581,
            40.7514859
          ],
          [
            -73.979608,
            40.7496369
          ]
        ]
      },
      "id": "way/46695595"
    },
    {
      "type": "Feature",
      "properties": {
        "@id": "way/46695596",
        "description": "Connects 1/2/3 lines to track 4 on the 42nd street shuttle. Not used in regular service but only for equipment moves.",
        "electrified": "rail",
        "frequency": "0",
        "gauge": "1435",
        "layer": "-1",
        "level": "-1",
        "name": "IRT 42nd Street Line",
        "operator": "New York City Transit Authority",
        "railway": "subway",
        "railway:bidirectional": "regular",
        "railway:preferred_direction": "both",
        "railway:track_ref": "4",
        "railway:track_ref:signals": "MM3S",
        "service": "crossover",
        "tunnel": "yes",
        "voltage": "625"
      },
      "geometry": {
        "type": "LineString",
        "coordinates": [
          [
            -73.9863696,
            40.7563386
          ],
          [
            -73.986352,
            40.7562722
          ],
          [
            -73.9863494,
            40.7562624
          ],
          [
            -73.9863245,
            40.7561871
          ],
          [
            -73.9862706,
            40.7560762
          ],
          [
            -73.9862011,
            40.7559705
          ],
          [
            -73.9861167,
            40.7558712
          ],
          [
            -73.9860186,
            40.7557794
          ],
          [
            -73.9859078,
            40.7556963
          ]
        ]
      },
      "id": "way/46695596"
    },
    {
      "type": "Feature",
      "properties": {
        "@id": "way/46746658",
        "electrified": "contact_line;rail",
        "frequency": "25",
        "gauge": "1435",
        "layer": "-4",
        "maxspeed": "60 mph",
        "name": "New York Terminal District",
        "old_railway_operator": "PRR",
        "operator": "Amtrak",
        "operator:wikidata": "Q125943",
        "owner": "Amtrak",
        "railway": "rail",
        "railway:acses": "yes",
        "railway:atc": "yes",
        "railway:ctc": "yes",
        "railway:preferred_direction": "forward",
        "railway:ptc": "yes",
        "railway:track_ref": "4",
        "ref": "NYT",
        "tunnel": "yes",
        "tunnel:name": "East River Tunnels",
        "tunnel:wikipedia": "en:East River Tunnels",
        "usage": "main",
        "voltage": "12000"
      },
      "geometry": {
        "type": "LineString",
        "coordinates": [
          [
            -73.9541646,
            40.7412088
          ],
          [
            -73.9551429,
            40.741227
          ],
          [
            -73.9562748,
            40.7413217
          ],
          [
            -73.9731149,
            40.7433479
          ],
          [
            -73.9738485,
            40.7434553
          ],
          [
            -73.9745705,
            40.7436008
          ],
          [
            -73.9752775,
            40.7437837
          ],
          [
            -73.9758884,
            40.7439783
          ],
          [
            -73.9759663,
            40.7440031
          ],
          [
            -73.9765071,
            40.74421
          ],
          [
            -73.9892658,
            40.7495924
          ]
        ]
      },
      "id": "way/46746658"
    },
    {
      "type": "Feature",
      "properties": {
        "@id": "way/46791728",
        "electrified": "rail",
        "frequency": "0",
        "gauge": "1435",
        "layer": "-5",
        "level": "-5",
        "maxspeed": "30 mph",
        "name": "Grand Central Branch",
        "operator": "Long Island Rail Road",
        "operator:wikidata": "Q125943",
        "railway": "rail",
        "railway:track_ref": "2",
        "tunnel": "yes",
        "usage": "main",
        "voltage": "750",
        "wikidata": "Q937694",
        "wikipedia": "en:East Side Access"
      },
      "geometry": {
        "type": "LineString",
        "coordinates": [
          [
            -73.9725431,
            40.7590398
          ],
          [
            -73.972461,
            40.7591511
          ],
          [
            -73.9714785,
            40.7604984
          ],
          [
            -73.9714184,
            40.7605792
          ],
          [
            -73.9713568,
            40.7606593
          ],
          [
            -73.9712929,
            40.7607384
          ],
          [
            -73.9712598,
            40.7607775
          ],
          [
            -73.9711912,
            40.7608542
          ],
          [
            -73.9710939,
            40.7609532
          ],
          [
            -73.9709898,
            40.7610481
          ],
          [
            -73.9708792,
            40.7611387
          ],
          [
            -73.9707625,
            40.7612247
          ],
          [
            -73.9706399,
            40.7613059
          ],
          [
            -73.9705119,
            40.7613821
          ],
          [
            -73.9703787,
            40.761453
          ],
          [
            -73.9703275,
            40.7614782
          ],
          [
            -73.9702233,
            40.7615266
          ],
          [
            -73.9701173,
            40.7615726
          ],
          [
            -73.9700101,
            40.761617
          ]
        ]
      },
      "id": "way/46791728"
    },
    {
      "type": "Feature",
      "properties": {
        "@id": "way/171570637",
        "electrified": "rail",
        "frequency": "0",
        "gauge": "1435",
        "layer": "-3",
        "level": "-3",
        "name": "IND Eighth Avenue Line",
        "operator": "New York City Transit Authority",
        "railway": "subway",
        "railway:preferred_direction": "forward",
        "railway:track_ref": "3",
        "railway:track_ref:signals": "A3",
        "tunnel": "yes",
        "voltage": "625"
      },
      "geometry": {
        "type": "LineString",
        "coordinates": [
          [
            -73.9786893,
            40.7725582
          ],
          [
            -73.979525,
            40.7713983
          ],
          [
            -73.9807316,
            40.7697238
          ],
          [
            -73.9809031,
            40.7694858
          ],
          [
            -73.9810358,
            40.7693017
          ],
          [
            -73.9810908,
            40.7692441
          ],
          [
            -73.9811462,
            40.769186
          ],
          [
            -73.9811977,
            40.769127
          ],
          [
            -73.9820485,
            40.7679458
          ],
          [
            -73.9822966,
            40.7675827
          ],
          [
            -73.9823926,
            40.7674465
          ],
          [
            -73.9824964,
            40.7672741
          ],
          [
            -73.9825392,
            40.7672148
          ]
        ]
      },
      "id": "way/171570637"
    },
    {
      "type": "Feature",
      "properties": {
        "@id": "way/180750906",
        "electrified": "rail",
        "frequency": "0",
        "gauge": "1435",
        "layer": "-1",
        "maxspeed": "60 mph",
        "maxspeed:freight": "20 mph",
        "name": "Hudson Line",
        "old_railway_operator": "NYC",
        "operator": "Metro-North Railroad",
        "operator:wikidata": "Q125908",
        "owner": "Metropolitan Transportation Authority",
        "railway": "rail",
        "railway:acses": "yes",
        "railway:atc": "yes",
        "railway:ctc": "yes",
        "railway:preferred_direction": "both",
        "railway:ptc": "yes",
        "railway:track_ref": "4",
        "ref": "HUD",
        "tunnel": "yes",
        "tunnel:name": "Park Avenue Tunnel",
        "tunnel:wikidata": "Q7137638",
        "tunnel:wikipedia": "en:Park Avenue Tunnel (railroad)",
        "usage": "main",
        "voltage": "700"
      },
      "geometry": {
        "type": "LineString",
        "coordinates": [
          [
            -73.9572639,
            40.7802066
          ],
          [
            -73.961783,
            40.7740175
          ],
          [
            -73.9671641,
            40.7666471
          ],
          [
            -73.9684231,
            40.7649207
          ],
          [
            -73.968835,
            40.7643558
          ],
          [
            -73.9688382,
            40.764352
          ],
          [
            -73.9688426,
            40.7643462
          ]
        ]
      },
      "id": "way/180750906"
    },
    {
      "type": "Feature",
      "properties": {
        "@id": "way/180750911",
        "electrified": "rail",
        "frequency": "0",
        "gauge": "1435",
        "layer": "-1",
        "maxspeed": "60 mph",
        "maxspeed:freight": "20 mph",
        "name": "Hudson Line",
        "old_railway_operator": "NYC",
        "operator": "Metro-North Railroad",
        "operator:wikidata": "Q125908",
        "owner": "Metropolitan Transportation Authority",
        "railway": "rail",
        "railway:acses": "yes",
        "railway:atc": "yes",
        "railway:ctc": "yes",
        "railway:preferred_direction": "both",
        "railway:ptc": "yes",
        "railway:track_ref": "3",
        "ref": "HUD",
        "tunnel": "yes",
        "tunnel:name": "Park Avenue Tunnel",
        "tunnel:wikidata": "Q7137638",
        "tunnel:wikipedia": "en:Park Avenue Tunnel (railroad)",
        "usage": "main",
        "voltage": "700"
      },
      "geometry": {
        "type": "LineString",
        "coordinates": [
          [
            -73.9687204,
            40.7642974
          ],
          [
            -73.9687171,
            40.764302
          ],
          [
            -73.968302,
            40.7648711
          ],
          [
            -73.9670457,
            40.7665935
          ],
          [
            -73.9616685,
            40.7739654
          ],
          [
            -73.9571491,
            40.7801606
          ]
        ]
      },
      "id": "way/180750911"
    },
    {
      "type": "Feature",
      "properties": {
        "@id": "way/220086613",
        "bridge": "yes",
        "electrified": "rail",
        "frequency": "0",
        "gauge": "1435",
        "layer": "1",
        "level": "2",
        "operator": "New York City Transit Authority",
        "railway": "subway",
        "service": "crossover",
        "voltage": "625"
      },
      "geometry": {
        "type": "LineString",
        "coordinates": [
          [
            -73.9442191,
            40.7525632
          ],
          [
            -73.9439874,
            40.7524852
          ],
          [
            -73.9437551,
            40.7524057
          ]
        ]
      },
      "id": "way/220086613"
    },
    {
      "type": "Feature",
      "properties": {
        "@id": "way/220086614",
        "bridge": "yes",
        "electrified": "rail",
        "frequency": "0",
        "gauge": "1435",
        "layer": "1",
        "level": "2",
        "name": "BMT Astoria Line",
        "operator": "New York City Transit Authority",
        "railway": "subway",
        "railway:preferred_direction": "forward",
        "railway:track_ref": "1",
        "railway:track_ref:signals": "G1",
        "voltage": "625"
      },
      "geometry": {
        "type": "LineString",
        "coordinates": [
          [
            -73.9414718,
            40.7513383
          ],
          [
            -73.9416169,
            40.7514456
          ],
          [
            -73.9416934,
            40.751494
          ],
          [
            -73.9417696,
            40.7515368
          ],
          [
            -73.9418847,
            40.751594
          ],
          [
            -73.9420057,
            40.7516465
          ],
          [
            -73.9437551,
            40.7524057
          ]
        ]
      },
      "id": "way/220086614"
    },
    {
      "type": "Feature",
      "properties": {
        "@id": "way/220086621",
        "bridge": "yes",
        "electrified": "rail",
        "frequency": "0",
        "gauge": "1435",
        "layer": "1",
        "level": "2",
        "operator": "New York City Transit Authority",
        "railway": "subway",
        "service": "crossover",
        "voltage": "625"
      },
      "geometry": {
        "type": "LineString",
        "coordinates": [
          [
            -73.9441947,
            40.7525971
          ],
          [
            -73.9439874,
            40.7524852
          ],
          [
            -73.9437824,
            40.7523728
          ]
        ]
      },
      "id": "way/220086621"
    },
    {
      "type": "Feature",
      "properties": {
        "@id": "way/220086622",
        "bridge": "yes",
        "electrified": "rail",
        "frequency": "0",
        "gauge": "1435",
        "layer": "1",
        "level": "2",
        "name": "BMT Astoria Line",
        "operator": "New York City Transit Authority",
        "railway": "subway",
        "railway:preferred_direction": "forward",
        "railway:track_ref": "1",
        "railway:track_ref:signals": "G1",
        "voltage": "625"
      },
      "geometry": {
        "type": "LineString",
        "coordinates": [
          [
            -73.9441947,
            40.7525971
          ],
          [
            -73.9447595,
            40.7528372
          ]
        ]
      },
      "id": "way/220086622"
    },
    {
      "type": "Feature",
      "properties": {
        "@id": "way/220086623",
        "electrified": "rail",
        "frequency": "0",
        "gauge": "1435",
        "layer": "-2",
        "level": "-2",
        "name": "BMT Astoria Line",
        "operator": "New York City Transit Authority",
        "railway": "subway",
        "railway:preferred_direction": "forward",
        "railway:track_ref": "1",
        "railway:track_ref:signals": "G1",
        "tunnel": "yes",
        "voltage": "625"
      },
      "geometry": {
        "type": "LineString",
        "coordinates": [
          [
            -73.9463599,
            40.7535356
          ],
          [
            -73.9482042,
            40.7543672
          ],
          [
            -73.9487936,
            40.7546345
          ]
        ]
      },
      "id": "way/220086623"
    },
    {
      "type": "Feature",
      "properties": {
        "@id": "way/220140926",
        "bridge": "yes",
        "electrified": "rail",
        "frequency": "0",
        "gauge": "1435",
        "layer": "2",
        "level": "2",
        "name": "IRT Flushing Line",
        "operator": "New York City Transit Authority",
        "railway": "subway",
        "railway:cbtc": "sto",
        "railway:preferred_direction": "forward",
        "railway:track_ref": "1",
        "railway:track_ref:signals": "C4",
        "voltage": "625"
      },
      "geometry": {
        "type": "LineString",
        "coordinates": [
          [
            -73.9426647,
            40.7509105
          ],
          [
            -73.942923,
            40.7506168
          ],
          [
            -73.9437649,
            40.7496525
          ],
          [
            -73.944315,
            40.7490083
          ],
          [
            -73.9445244,
            40.7487663
          ],
          [
            -73.9446949,
            40.7485654
          ],
          [
            -73.9447622,
            40.7484601
          ],
          [
            -73.9448269,
            40.7483459
          ],
          [
            -73.9448768,
            40.7482382
          ],
          [
            -73.9449247,
            40.7481049
          ],
          [
            -73.9450284,
            40.747794
          ],
          [
            -73.9455049,
            40.746366
          ],
          [
            -73.9456009,
            40.7460779
          ],
          [
            -73.9456325,
            40.7459874
          ],
          [
            -73.9456509,
            40.7459064
          ],
          [
            -73.9456587,
            40.7458202
          ],
          [
            -73.9456477,
            40.7457379
          ],
          [
            -73.945614,
            40.7456491
          ],
          [
            -73.9455647,
            40.745554
          ],
          [
            -73.9447892,
            40.7444375
          ],
          [
            -73.9447298,
            40.7443356
          ],
          [
            -73.9447012,
            40.7442646
          ],
          [
            -73.9446812,
            40.744182
          ],
          [
            -73.94467,
            40.7440996
          ],
          [
            -73.9446748,
            40.7440318
          ],
          [
            -73.9446903,
            40.7439577
          ],
          [
            -73.9447172,
            40.7438947
          ],
          [
            -73.9447502,
            40.7438249
          ],
          [
            -73.944797,
            40.7437548
          ],
          [
            -73.9448518,
            40.7436925
          ],
          [
            -73.9449323,
            40.7436219
          ],
          [
            -73.945054,
            40.7435461
          ],
          [
            -73.946338,
            40.7430146
          ]
        ]
      },
      "id": "way/220140926"
    },
    {
      "type": "Feature",
      "properties": {
        "@id": "way/351854189",
        "cutting": "yes",
        "electrified": "rail",
        "frequency": "0",
        "gauge": "1435",
        "name": "BMT Astoria Line",
        "operator": "New York City Transit Authority",
        "railway": "subway",
        "railway:preferred_direction": "forward",
        "railway:track_ref": "1",
        "railway:track_ref:signals": "G1",
        "voltage": "625"
      },
      "geometry": {
        "type": "LineString",
        "coordinates": [
          [
            -73.9447595,
            40.7528372
          ],
          [
            -73.9463599,
            40.7535356
          ]
        ]
      },
      "id": "way/351854189"
    },
    {
      "type": "Feature",
      "properties": {
        "@id": "way/351855720",
        "electrified": "rail",
        "frequency": "0",
        "gauge": "1435",
        "layer": "-2",
        "level": "-2",
        "maxspeed": "60 mph",
        "name": "BMT Astoria Line",
        "operator": "New York City Transit Authority",
        "railway": "subway",
        "railway:preferred_direction": "forward",
        "railway:track_ref": "2",
        "railway:track_ref:signals": "G2",
        "tunnel": "yes",
        "tunnel:name": "60th Street Tunnel",
        "tunnel:wikidata": "Q4641726",
        "tunnel:wikipedia": "en:60th Street Tunnel",
        "voltage": "625"
      },
      "geometry": {
        "type": "LineString",
        "coordinates": [
          [
            -73.9582129,
            40.7588495
          ],
          [
            -73.9488163,
            40.7546049
          ]
        ]
      },
      "id": "way/351855720"
    },
    {
      "type": "Feature",
      "properties": {
        "@id": "way/351863896",
        "bridge": "yes",
        "covered": "yes",
        "electrified": "rail",
        "frequency": "0",
        "gauge": "1435",
        "layer": "2",
        "level": "2",
        "name": "BMT Astoria Line",
        "operator": "New York City Transit Authority",
        "railway": "subway",
        "railway:preferred_direction": "forward",
        "railway:track_ref": "1",
        "railway:track_ref:signals": "G1",
        "voltage": "625"
      },
      "geometry": {
        "type": "LineString",
        "coordinates": [
          [
            -73.9389082,
            40.7500773
          ],
          [
            -73.9409806,
            40.7509771
          ],
          [
            -73.9411229,
            40.7510671
          ],
          [
            -73.9412516,
            40.7511605
          ],
          [
            -73.9413562,
            40.7512468
          ],
          [
            -73.9414718,
            40.7513383
          ]
        ]
      },
      "id": "way/351863896"
    },
    {
      "type": "Feature",
      "properties": {
        "@id": "way/351869136",
        "bridge": "yes",
        "covered": "yes",
        "electrified": "rail",
        "frequency": "0",
        "gauge": "1435",
        "layer": "2",
        "level": "2",
        "name": "IRT Flushing Line",
        "operator": "New York City Transit Authority",
        "railway": "subway",
        "railway:cbtc": "sto",
        "railway:preferred_direction": "forward",
        "railway:track_ref": "1",
        "railway:track_ref:signals": "C4",
        "voltage": "625"
      },
      "geometry": {
        "type": "LineString",
        "coordinates": [
          [
            -73.9388439,
            40.7499473
          ],
          [
            -73.9394016,
            40.7501799
          ],
          [
            -73.9410504,
            40.750914
          ],
          [
            -73.9415928,
            40.7511504
          ],
          [
            -73.941682,
            40.7511815
          ],
          [
            -73.9418187,
            40.75121
          ],
          [
            -73.941958,
            40.7512208
          ],
          [
            -73.9421057,
            40.7512124
          ],
          [
            -73.9422409,
            40.7511804
          ],
          [
            -73.9423485,
            40.7511395
          ],
          [
            -73.9424024,
            40.7511114
          ],
          [
            -73.9424695,
            40.7510707
          ],
          [
            -73.9425281,
            40.7510273
          ],
          [
            -73.9425875,
            40.7509793
          ],
          [
            -73.9426647,
            40.7509105
          ]
        ]
      },
      "id": "way/351869136"
    },
    {
      "type": "Feature",
      "properties": {
        "@id": "way/449258645",
        "electrified": "rail",
        "frequency": "0",
        "gauge": "1435",
        "layer": "-2",
        "level": "-2",
        "name": "IRT Broadway–Seventh Avenue Line",
        "operator": "New York City Transit Authority",
        "railway": "subway",
        "railway:preferred_direction": "forward",
        "railway:track_ref": "4",
        "railway:track_ref:signals": "B3",
        "tunnel": "yes",
        "voltage": "625"
      },
      "geometry": {
        "type": "LineString",
        "coordinates": [
          [
            -73.9821179,
            40.7751651
          ],
          [
            -73.9820232,
            40.777536
          ],
          [
            -73.9819594,
            40.7778455
          ],
          [
            -73.9817339,
            40.7789997
          ],
          [
            -73.9816549,
            40.7793508
          ],
          [
            -73.9816397,
            40.7796532
          ],
          [
            -73.9815586,
            40.780001
          ],
          [
            -73.980962,
            40.7818994
          ]
        ]
      },
      "id": "way/449258645"
    },
    {
      "type": "Feature",
      "properties": {
        "@id": "way/449258649",
        "electrified": "rail",
        "frequency": "0",
        "gauge": "1435",
        "layer": "-2",
        "level": "-2",
        "name": "IRT Broadway–Seventh Avenue Line",
        "operator": "New York City Transit Authority",
        "railway": "subway",
        "railway:preferred_direction": "forward",
        "railway:track_ref": "1",
        "railway:track_ref:signals": "B4",
        "tunnel": "yes",
        "voltage": "625"
      },
      "geometry": {
        "type": "LineString",
        "coordinates": [
          [
            -73.9810894,
            40.7819255
          ],
          [
            -73.9816882,
            40.7800202
          ],
          [
            -73.9817711,
            40.7796642
          ],
          [
            -73.9819,
            40.7793805
          ],
          [
            -73.9819892,
            40.7790304
          ],
          [
            -73.9822066,
            40.7778673
          ],
          [
            -73.9821533,
            40.7775402
          ],
          [
            -73.9822498,
            40.7751672
          ]
        ]
      },
      "id": "way/449258649"
    },
    {
      "type": "Feature",
      "properties": {
        "@id": "way/484012802",
        "description": "Connects 1/2/3 lines to track 4 on the 42nd street shuttle. Not used in regular service but only for equipment moves.",
        "electrified": "rail",
        "frequency": "0",
        "gauge": "1435",
        "layer": "-2",
        "level": "-2",
        "name": "IRT 42nd Street Line",
        "operator": "New York City Transit Authority",
        "railway": "subway",
        "railway:bidirectional": "regular",
        "railway:preferred_direction": "both",
        "railway:track_ref": "4",
        "railway:track_ref:signals": "MM3S",
        "service": "crossover",
        "tunnel": "yes",
        "voltage": "625"
      },
      "geometry": {
        "type": "LineString",
        "coordinates": [
          [
            -73.9863696,
            40.7563386
          ],
          [
            -73.986389,
            40.7564509
          ],
          [
            -73.9863889,
            40.7565643
          ],
          [
            -73.9863694,
            40.7566767
          ],
          [
            -73.9863307,
            40.7567861
          ]
        ]
      },
      "id": "way/484012802"
    },
    {
      "type": "Feature",
      "properties": {
        "@id": "way/525428785",
        "electrified": "rail",
        "frequency": "0",
        "gauge": "1435",
        "layer": "-2",
        "level": "-2",
        "name": "IRT Broadway–Seventh Avenue Line",
        "operator": "New York City Transit Authority",
        "railway": "subway",
        "railway:preferred_direction": "forward",
        "railway:track_ref": "2",
        "railway:track_ref:signals": "V2",
        "tunnel": "yes",
        "voltage": "625"
      },
      "geometry": {
        "type": "LineString",
        "coordinates": [
          [
            -73.9863305,
            40.7569363
          ],
          [
            -73.9864726,
            40.7567334
          ],
          [
            -73.9868247,
            40.7562538
          ],
          [
            -73.9871384,
            40.7558544
          ],
          [
            -73.9873222,
            40.7555977
          ],
          [
            -73.9876419,
            40.7551519
          ],
          [
            -73.9879074,
            40.7547725
          ],
          [
            -73.9880388,
            40.7545994
          ]
        ]
      },
      "id": "way/525428785"
    },
    {
      "type": "Feature",
      "properties": {
        "@id": "way/525428790",
        "electrified": "rail",
        "frequency": "0",
        "gauge": "1435",
        "layer": "-1",
        "level": "-1",
        "name": "IRT Broadway–Seventh Avenue Line",
        "operator": "New York City Transit Authority",
        "railway": "subway",
        "railway:preferred_direction": "forward",
        "railway:track_ref": "1",
        "railway:track_ref:signals": "B4",
        "tunnel": "yes",
        "voltage": "625"
      },
      "geometry": {
        "type": "LineString",
        "coordinates": [
          [
            -73.9822498,
            40.7751672
          ],
          [
            -73.9822802,
            40.7740379
          ],
          [
            -73.9822861,
            40.7738167
          ],
          [
            -73.9822684,
            40.7732782
          ],
          [
            -73.9822518,
            40.7725333
          ],
          [
            -73.9821811,
            40.7693618
          ],
          [
            -73.9821029,
            40.7688522
          ],
          [
            -73.9821003,
            40.7688427
          ],
          [
            -73.9820954,
            40.7688198
          ],
          [
            -73.9820742,
            40.7687518
          ],
          [
            -73.9820586,
            40.7687025
          ],
          [
            -73.9820412,
            40.7686477
          ],
          [
            -73.9820177,
            40.768573
          ],
          [
            -73.9819943,
            40.7684989
          ],
          [
            -73.981967,
            40.7684104
          ],
          [
            -73.9819444,
            40.7683391
          ],
          [
            -73.9819016,
            40.7682008
          ],
          [
            -73.98189,
            40.7681674
          ],
          [
            -73.9818386,
            40.7680081
          ],
          [
            -73.9817976,
            40.7678533
          ],
          [
            -73.9817904,
            40.7677944
          ],
          [
            -73.9817746,
            40.767699
          ],
          [
            -73.981757,
            40.7675673
          ],
          [
            -73.9817499,
            40.7672827
          ],
          [
            -73.98177,
            40.7669942
          ],
          [
            -73.9818451,
            40.7664691
          ],
          [
            -73.9819524,
            40.7659572
          ],
          [
            -73.9820326,
            40.7656114
          ],
          [
            -73.9822022,
            40.7650123
          ],
          [
            -73.9824971,
            40.7641829
          ],
          [
            -73.982812,
            40.763524
          ],
          [
            -73.9834287,
            40.7625253
          ],
          [
            -73.9837861,
            40.7619465
          ],
          [
            -73.9839533,
            40.7616816
          ],
          [
            -73.9842218,
            40.7612726
          ],
          [
            -73.9844849,
            40.7608656
          ],
          [
            -73.9847645,
            40.760337
          ],
          [
            -73.985021,
            40.7597265
          ],
          [
            -73.9854458,
            40.7585482
          ]
        ]
      },
      "id": "way/525428790"
    },
    {
      "type": "Feature",
      "properties": {
        "@id": "way/525428792",
        "electrified": "rail",
        "frequency": "0",
        "gauge": "1435",
        "layer": "-1",
        "level": "-1",
        "name": "IRT Broadway–Seventh Avenue Line",
        "operator": "New York City Transit Authority",
        "railway": "subway",
        "railway:preferred_direction": "forward",
        "railway:track_ref": "4",
        "railway:track_ref:signals": "B3",
        "tunnel": "yes",
        "voltage": "625"
      },
      "geometry": {
        "type": "LineString",
        "coordinates": [
          [
            -73.9853195,
            40.7585194
          ],
          [
            -73.9848945,
            40.7596983
          ],
          [
            -73.98464,
            40.7603038
          ],
          [
            -73.9843642,
            40.7608249
          ],
          [
            -73.98411,
            40.761218
          ],
          [
            -73.9833035,
            40.7624922
          ],
          [
            -73.9826901,
            40.7634857
          ],
          [
            -73.9823714,
            40.7641523
          ],
          [
            -73.9820736,
            40.7649897
          ],
          [
            -73.9819017,
            40.765594
          ],
          [
            -73.9818213,
            40.7659406
          ],
          [
            -73.9817134,
            40.7664558
          ],
          [
            -73.9816375,
            40.7669861
          ],
          [
            -73.9816169,
            40.767281
          ],
          [
            -73.9816241,
            40.7675692
          ],
          [
            -73.981644,
            40.7677102
          ],
          [
            -73.9816602,
            40.7678084
          ],
          [
            -73.9816745,
            40.7678768
          ],
          [
            -73.981692,
            40.7679493
          ],
          [
            -73.9817147,
            40.7680363
          ],
          [
            -73.981762,
            40.7681903
          ],
          [
            -73.981801,
            40.7683136
          ],
          [
            -73.9818166,
            40.7683624
          ],
          [
            -73.981839,
            40.7684333
          ],
          [
            -73.9818663,
            40.7685218
          ],
          [
            -73.9818898,
            40.7685962
          ],
          [
            -73.9819133,
            40.7686709
          ],
          [
            -73.9819307,
            40.7687258
          ],
          [
            -73.9819463,
            40.7687749
          ],
          [
            -73.9819665,
            40.7688398
          ],
          [
            -73.9819734,
            40.7688695
          ],
          [
            -73.9820478,
            40.769375
          ],
          [
            -73.9821195,
            40.7725338
          ],
          [
            -73.982154,
            40.7738136
          ],
          [
            -73.9821483,
            40.7740335
          ],
          [
            -73.9821179,
            40.7751651
          ]
        ]
      },
      "id": "way/525428792"
    },
    {
      "type": "Feature",
      "properties": {
        "@id": "way/547936825",
        "bridge": "yes",
        "electrified": "rail",
        "frequency": "0",
        "gauge": "1435",
        "layer": "3",
        "level": "3",
        "name": "IRT Flushing Line",
        "operator": "New York City Transit Authority",
        "railway": "subway",
        "railway:cbtc": "sto",
        "railway:preferred_direction": "forward",
        "railway:track_ref": "2",
        "railway:track_ref:signals": "C3",
        "voltage": "625"
      },
      "geometry": {
        "type": "LineString",
        "coordinates": [
          [
            -73.944281,
            40.74899
          ],
          [
            -73.9437255,
            40.7496354
          ],
          [
            -73.9428842,
            40.7506088
          ],
          [
            -73.9425654,
            40.7509736
          ],
          [
            -73.9425204,
            40.7510208
          ],
          [
            -73.9424705,
            40.7510616
          ],
          [
            -73.9424063,
            40.7511037
          ],
          [
            -73.9423461,
            40.7511366
          ],
          [
            -73.9422401,
            40.7511774
          ],
          [
            -73.9421062,
            40.7512087
          ],
          [
            -73.9419579,
            40.7512175
          ],
          [
            -73.9418167,
            40.7512051
          ],
          [
            -73.941689,
            40.7511768
          ],
          [
            -73.941592,
            40.7511457
          ],
          [
            -73.9414921,
            40.7511018
          ],
          [
            -73.9394994,
            40.7502352
          ],
          [
            -73.9394394,
            40.7502089
          ]
        ]
      },
      "id": "way/547936825"
    },
    {
      "type": "Feature",
      "properties": {
        "@id": "way/552497965",
        "electrified": "rail",
        "frequency": "0",
        "gauge": "1435",
        "layer": "-3",
        "level": "-3",
        "name": "IND Sixth Avenue Line",
        "operator": "New York City Transit Authority",
        "railway": "subway",
        "railway:preferred_direction": "forward",
        "railway:track_ref": "3",
        "railway:track_ref:signals": "B3",
        "tunnel": "yes",
        "voltage": "625"
      },
      "geometry": {
        "type": "LineString",
        "coordinates": [
          [
            -73.9863609,
            40.7517916
          ],
          [
            -73.9869902,
            40.7509272
          ],
          [
            -73.9873881,
            40.7503747
          ],
          [
            -73.9877869,
            40.7498247
          ],
          [
            -73.9882715,
            40.7491563
          ],
          [
            -73.9884224,
            40.7489481
          ],
          [
            -73.9885244,
            40.7488074
          ],
          [
            -73.9885466,
            40.7487773
          ],
          [
            -73.9887676,
            40.7484773
          ],
          [
            -73.9900834,
            40.7466913
          ],
          [
            -73.9904503,
            40.7462035
          ],
          [
            -73.9914358,
            40.744866
          ],
          [
            -73.9923375,
            40.743627
          ],
          [
            -73.9924639,
            40.7434533
          ],
          [
            -73.992529,
            40.7433639
          ],
          [
            -73.9928478,
            40.7429258
          ],
          [
            -73.99317,
            40.7424843
          ],
          [
            -73.9932266,
            40.7424067
          ],
          [
            -73.9933997,
            40.7421695
          ],
          [
            -73.9954765,
            40.7393157
          ]
        ]
      },
      "id": "way/552497965"
    },
    {
      "type": "Feature",
      "properties": {
        "@id": "way/571475065",
        "electrified": "contact_line;rail",
        "frequency": "25",
        "gauge": "1435",
        "layer": "-4",
        "maxspeed": "60 mph",
        "name": "New York Terminal District",
        "old_railway_operator": "PRR",
        "operator": "Amtrak",
        "operator:wikidata": "Q23239",
        "owner": "Amtrak",
        "railway": "rail",
        "railway:acses": "yes",
        "railway:atc": "yes",
        "railway:ctc": "yes",
        "railway:preferred_direction": "forward",
        "railway:ptc": "yes",
        "railway:track_ref": "1",
        "ref": "NYT",
        "tunnel": "yes",
        "tunnel:name": "East River Tunnels",
        "tunnel:wikipedia": "en:East River Tunnels",
        "usage": "main",
        "voltage": "12000"
      },
      "geometry": {
        "type": "LineString",
        "coordinates": [
          [
            -73.9889769,
            40.7485919
          ],
          [
            -73.9772781,
            40.74367
          ],
          [
            -73.9765137,
            40.7433754
          ],
          [
            -73.9763486,
            40.7433228
          ],
          [
            -73.975825,
            40.743156
          ],
          [
            -73.9751179,
            40.7429731
          ],
          [
            -73.9743959,
            40.7428277
          ],
          [
            -73.9736624,
            40.7427203
          ],
          [
            -73.9732924,
            40.742681
          ],
          [
            -73.95615,
            40.7410194
          ],
          [
            -73.9551681,
            40.7409496
          ],
          [
            -73.9541539,
            40.7409374
          ],
          [
            -73.9531532,
            40.7409724
          ]
        ]
      },
      "id": "way/571475065"
    },
    {
      "type": "Feature",
      "properties": {
        "@id": "way/571475102",
        "electrified": "contact_line;rail",
        "frequency": "25",
        "gauge": "1435",
        "layer": "-4",
        "maxspeed": "60 mph",
        "name": "New York Terminal District",
        "old_railway_operator": "PRR",
        "operator": "Amtrak",
        "operator:wikidata": "Q125943",
        "owner": "Amtrak",
        "railway": "rail",
        "railway:acses": "yes",
        "railway:atc": "yes",
        "railway:ctc": "yes",
        "railway:preferred_direction": "forward",
        "railway:ptc": "yes",
        "railway:track_ref": "3",
        "ref": "NYT",
        "tunnel": "yes",
        "tunnel:name": "East River Tunnels",
        "tunnel:wikipedia": "en:East River Tunnels",
        "usage": "main",
        "voltage": "12000"
      },
      "geometry": {
        "type": "LineString",
        "coordinates": [
          [
            -73.9893109,
            40.7495482
          ],
          [
            -73.9765364,
            40.7441542
          ],
          [
            -73.975928,
            40.7439219
          ],
          [
            -73.9758937,
            40.7439088
          ],
          [
            -73.975205,
            40.7436894
          ],
          [
            -73.9744979,
            40.7435065
          ],
          [
            -73.9737759,
            40.743361
          ],
          [
            -73.9730423,
            40.7432536
          ],
          [
            -73.9562899,
            40.7412379
          ],
          [
            -73.9551498,
            40.7411426
          ],
          [
            -73.9541623,
            40.7411156
          ]
        ]
      },
      "id": "way/571475102"
    },
    {
      "type": "Feature",
      "properties": {
        "@id": "way/686769237",
        "electrified": "rail",
        "frequency": "0",
        "gauge": "1435",
        "layer": "-2",
        "level": "-2",
        "name": "IND Eighth Avenue Line",
        "operator": "New York City Transit Authority",
        "railway": "subway",
        "railway:preferred_direction": "forward",
        "railway:track_ref": "3",
        "railway:track_ref:signals": "A3",
        "tunnel": "yes",
        "voltage": "625"
      },
      "geometry": {
        "type": "LineString",
        "coordinates": [
          [
            -73.9596363,
            40.7986499
          ],
          [
            -73.9601676,
            40.797932
          ],
          [
            -73.9603089,
            40.7977384
          ],
          [
            -73.9605931,
            40.7973489
          ],
          [
            -73.9607331,
            40.797157
          ],
          [
            -73.9608758,
            40.7969614
          ],
          [
            -73.9609238,
            40.7968956
          ],
          [
            -73.9620337,
            40.7953745
          ],
          [
            -73.9620987,
            40.7952855
          ],
          [
            -73.9621727,
            40.795184
          ],
          [
            -73.9622381,
            40.7950945
          ],
          [
            -73.9640761,
            40.7925754
          ],
          [
            -73.9651879,
            40.7910516
          ],
          [
            -73.9683606,
            40.7867031
          ],
          [
            -73.9694732,
            40.785178
          ],
          [
            -73.9715738,
            40.7822987
          ],
          [
            -73.9727411,
            40.7806986
          ],
          [
            -73.972828,
            40.7805828
          ],
          [
            -73.9729615,
            40.7803993
          ],
          [
            -73.9729947,
            40.7803536
          ],
          [
            -73.9756088,
            40.776758
          ],
          [
            -73.9756418,
            40.7767126
          ],
          [
            -73.9757753,
            40.776529
          ],
          [
            -73.9758638,
            40.7764071
          ],
          [
            -73.976416,
            40.77564
          ],
          [
            -73.9769769,
            40.7748761
          ],
          [
            -73.9770255,
            40.7748093
          ],
          [
            -73.9784392,
            40.7729053
          ],
          [
            -73.9786893,
            40.7725582
          ]
        ]
      },
      "id": "way/686769237"
    },
    {
      "type": "Feature",
      "properties": {
        "@id": "way/689037408",
        "electrified": "rail",
        "frequency": "0",
        "gauge": "1435",
        "layer": "-3",
        "level": "-3",
        "operator": "New York City Transit Authority",
        "railway": "subway",
        "service": "crossover",
        "tunnel": "yes",
        "voltage": "625"
      },
      "geometry": {
        "type": "LineString",
        "coordinates": [
          [
            -73.9809031,
            40.7694858
          ],
          [
            -73.9811428,
            40.7693238
          ]
        ]
      },
      "id": "way/689037408"
    },
    {
      "type": "Feature",
      "properties": {
        "@id": "way/689037409",
        "electrified": "rail",
        "frequency": "0",
        "gauge": "1435",
        "layer": "-3",
        "level": "-3",
        "operator": "New York City Transit Authority",
        "railway": "subway",
        "service": "crossover",
        "tunnel": "yes",
        "voltage": "625"
      },
      "geometry": {
        "type": "LineString",
        "coordinates": [
          [
            -73.9808614,
            40.7694686
          ],
          [
            -73.980878,
            40.7693894
          ],
          [
            -73.9809116,
            40.7692283
          ]
        ]
      },
      "id": "way/689037409"
    },
    {
      "type": "Feature",
      "properties": {
        "@id": "way/689037410",
        "electrified": "rail",
        "frequency": "0",
        "gauge": "1435",
        "layer": "-3",
        "level": "-3",
        "operator": "New York City Transit Authority",
        "railway": "subway",
        "service": "crossover",
        "tunnel": "yes",
        "voltage": "625"
      },
      "geometry": {
        "type": "LineString",
        "coordinates": [
          [
            -73.981016,
            40.7692421
          ],
          [
            -73.980878,
            40.7693894
          ],
          [
            -73.9808198,
            40.7694514
          ]
        ]
      },
      "id": "way/689037410"
    },
    {
      "type": "Feature",
      "properties": {
        "@id": "way/689037411",
        "electrified": "rail",
        "frequency": "0",
        "gauge": "1435",
        "layer": "-3",
        "level": "-3",
        "operator": "New York City Transit Authority",
        "railway": "subway",
        "service": "crossover",
        "tunnel": "yes",
        "voltage": "625"
      },
      "geometry": {
        "type": "LineString",
        "coordinates": [
          [
            -73.9808352,
            40.7695051
          ],
          [
            -73.9807316,
            40.7697238
          ]
        ]
      },
      "id": "way/689037411"
    },
    {
      "type": "Feature",
      "properties": {
        "@id": "way/689037412",
        "electrified": "rail",
        "frequency": "0",
        "gauge": "1435",
        "layer": "-3",
        "level": "-3",
        "name": "IND Eighth Avenue Line",
        "operator": "New York City Transit Authority",
        "railway": "subway",
        "railway:preferred_direction": "forward",
        "railway:track_ref": "1",
        "railway:track_ref:signals": "A1",
        "tunnel": "yes",
        "voltage": "625"
      },
      "geometry": {
        "type": "LineString",
        "coordinates": [
          [
            -73.9787309,
            40.7725754
          ],
          [
            -73.9790314,
            40.7721584
          ],
          [
            -73.9791879,
            40.7719413
          ],
          [
            -73.9795669,
            40.7714153
          ],
          [
            -73.9800232,
            40.770782
          ]
        ]
      },
      "id": "way/689037412"
    },
    {
      "type": "Feature",
      "properties": {
        "@id": "way/689037413",
        "electrified": "rail",
        "frequency": "0",
        "gauge": "1435",
        "layer": "-2",
        "level": "-2",
        "name": "IND Eighth Avenue Line",
        "operator": "New York City Transit Authority",
        "railway": "subway",
        "railway:preferred_direction": "forward",
        "railway:track_ref": "1",
        "railway:track_ref:signals": "A1",
        "tunnel": "yes",
        "voltage": "625"
      },
      "geometry": {
        "type": "LineString",
        "coordinates": [
          [
            -73.9596777,
            40.7986674
          ],
          [
            -73.9602091,
            40.7979494
          ],
          [
            -73.9603504,
            40.7977558
          ],
          [
            -73.9604919,
            40.7975619
          ],
          [
            -73.9606346,
            40.7973663
          ],
          [
            -73.9607747,
            40.7971743
          ],
          [
            -73.9609165,
            40.7969783
          ],
          [
            -73.9609641,
            40.7969124
          ],
          [
            -73.9620753,
            40.7953919
          ],
          [
            -73.9622796,
            40.7951119
          ],
          [
            -73.9641177,
            40.7925927
          ],
          [
            -73.9652295,
            40.791069
          ],
          [
            -73.9684021,
            40.7867205
          ],
          [
            -73.9695148,
            40.7851954
          ],
          [
            -73.9716153,
            40.7823161
          ],
          [
            -73.9727826,
            40.780716
          ],
          [
            -73.9728695,
            40.7806001
          ],
          [
            -73.9730446,
            40.780434
          ],
          [
            -73.9730779,
            40.7803883
          ],
          [
            -73.9756919,
            40.7767926
          ],
          [
            -73.9757249,
            40.7767472
          ],
          [
            -73.9758168,
            40.7765463
          ],
          [
            -73.9759054,
            40.7764245
          ],
          [
            -73.9770184,
            40.7748934
          ],
          [
            -73.9770669,
            40.7748267
          ],
          [
            -73.9784807,
            40.7729227
          ],
          [
            -73.9787309,
            40.7725754
          ]
        ]
      },
      "id": "way/689037413"
    },
    {
      "type": "Feature",
      "properties": {
        "@id": "way/689037414",
        "electrified": "rail",
        "frequency": "0",
        "gauge": "1435",
        "layer": "-3",
        "level": "-3",
        "name": "IND Eighth Avenue Line",
        "operator": "New York City Transit Authority",
        "railway": "subway",
        "railway:preferred_direction": "forward",
        "railway:track_ref": "2",
        "railway:track_ref:signals": "A2",
        "tunnel": "yes",
        "voltage": "625"
      },
      "geometry": {
        "type": "LineString",
        "coordinates": [
          [
            -73.9824142,
            40.7671632
          ],
          [
            -73.9823715,
            40.7672225
          ],
          [
            -73.9822364,
            40.767382
          ],
          [
            -73.9821372,
            40.7675167
          ],
          [
            -73.9820356,
            40.7676485
          ],
          [
            -73.9819339,
            40.7677802
          ],
          [
            -73.9818322,
            40.767912
          ],
          [
            -73.9817305,
            40.7680438
          ],
          [
            -73.9816287,
            40.7681757
          ],
          [
            -73.9810014,
            40.7690464
          ],
          [
            -73.9809638,
            40.7691016
          ],
          [
            -73.9809116,
            40.7692283
          ],
          [
            -73.9808198,
            40.7694514
          ],
          [
            -73.9794414,
            40.7713644
          ]
        ]
      },
      "id": "way/689037414"
    },
    {
      "type": "Feature",
      "properties": {
        "@id": "way/689037416",
        "electrified": "rail",
        "frequency": "0",
        "gauge": "1435",
        "layer": "-1",
        "level": "-1",
        "name": "IND Eighth Avenue Line",
        "operator": "New York City Transit Authority",
        "railway": "subway",
        "railway:preferred_direction": "forward",
        "railway:track_ref": "4",
        "railway:track_ref:signals": "A4",
        "tunnel": "yes",
        "voltage": "625"
      },
      "geometry": {
        "type": "LineString",
        "coordinates": [
          [
            -73.9789152,
            40.7721698
          ],
          [
            -73.9786476,
            40.772541
          ],
          [
            -73.9784392,
            40.7729053
          ],
          [
            -73.9770255,
            40.7748093
          ],
          [
            -73.9769769,
            40.7748761
          ],
          [
            -73.9764174,
            40.7756406
          ],
          [
            -73.9758638,
            40.7764071
          ],
          [
            -73.9757753,
            40.776529
          ],
          [
            -73.9756418,
            40.7767126
          ],
          [
            -73.9756088,
            40.776758
          ],
          [
            -73.9729947,
            40.7803536
          ],
          [
            -73.9729615,
            40.7803993
          ],
          [
            -73.972828,
            40.7805829
          ],
          [
            -73.9727411,
            40.7806986
          ],
          [
            -73.9715738,
            40.7822987
          ],
          [
            -73.9694732,
            40.785178
          ],
          [
            -73.9683606,
            40.7867031
          ],
          [
            -73.9651879,
            40.7910516
          ],
          [
            -73.9640761,
            40.7925754
          ],
          [
            -73.9622381,
            40.7950945
          ],
          [
            -73.962152,
            40.7951753
          ],
          [
            -73.9620571,
            40.7952681
          ],
          [
            -73.9619922,
            40.7953572
          ],
          [
            -73.9608823,
            40.7968783
          ]
        ]
      },
      "id": "way/689037416"
    },
    {
      "type": "Feature",
      "properties": {
        "@id": "way/715214981",
        "electrified": "rail",
        "frequency": "0",
        "gauge": "1435",
        "layer": "-2",
        "level": "-2",
        "name": "IND Sixth Avenue Line",
        "operator": "New York City Transit Authority",
        "railway": "subway",
        "railway:preferred_direction": "forward",
        "railway:track_ref": "3",
        "railway:track_ref:signals": "B3",
        "tunnel": "yes",
        "voltage": "625"
      },
      "geometry": {
        "type": "LineString",
        "coordinates": [
          [
            -73.9838957,
            40.7654062
          ],
          [
            -73.9841398,
            40.7650418
          ]
        ]
      },
      "id": "way/715214981"
    },
    {
      "type": "Feature",
      "properties": {
        "@id": "way/715214982",
        "electrified": "rail",
        "frequency": "0",
        "gauge": "1435",
        "layer": "-3",
        "level": "-3",
        "name": "IND Sixth Avenue Line",
        "operator": "New York City Transit Authority",
        "railway": "subway",
        "railway:preferred_direction": "forward",
        "railway:track_ref": "3",
        "railway:track_ref:signals": "B3",
        "tunnel": "yes",
        "voltage": "625"
      },
      "geometry": {
        "type": "LineString",
        "coordinates": [
          [
            -73.9827216,
            40.7670365
          ],
          [
            -73.983573,
            40.7658543
          ]
        ]
      },
      "id": "way/715214982"
    },
    {
      "type": "Feature",
      "properties": {
        "@id": "way/715214984",
        "electrified": "rail",
        "frequency": "0",
        "gauge": "1435",
        "layer": "-3",
        "level": "-3",
        "name": "IND Eighth Avenue Line",
        "operator": "New York City Transit Authority",
        "railway": "subway",
        "railway:preferred_direction": "forward",
        "railway:track_ref": "4",
        "railway:track_ref:signals": "A4",
        "tunnel": "yes",
        "voltage": "625"
      },
      "geometry": {
        "type": "LineString",
        "coordinates": [
          [
            -73.9834897,
            40.7658198
          ],
          [
            -73.9826383,
            40.767002
          ],
          [
            -73.9824975,
            40.7671976
          ]
        ]
      },
      "id": "way/715214984"
    },
    {
      "type": "Feature",
      "properties": {
        "@id": "way/715214985",
        "electrified": "rail",
        "frequency": "0",
        "gauge": "1435",
        "layer": "-3",
        "level": "-3",
        "name": "IND Eighth Avenue Line",
        "operator": "New York City Transit Authority",
        "railway": "subway",
        "railway:preferred_direction": "forward",
        "railway:track_ref": "3",
        "railway:track_ref:signals": "A3",
        "tunnel": "yes",
        "voltage": "625"
      },
      "geometry": {
        "type": "LineString",
        "coordinates": [
          [
            -73.9825392,
            40.7672148
          ],
          [
            -73.98268,
            40.7670192
          ],
          [
            -73.9835314,
            40.765837
          ]
        ]
      },
      "id": "way/715214985"
    },
    {
      "type": "Feature",
      "properties": {
        "@id": "way/715214987",
        "electrified": "rail",
        "frequency": "0",
        "gauge": "1435",
        "layer": "-3",
        "level": "-3",
        "name": "IND Sixth Avenue Line",
        "operator": "New York City Transit Authority",
        "railway": "subway",
        "railway:preferred_direction": "forward",
        "tunnel": "yes",
        "voltage": "625"
      },
      "geometry": {
        "type": "LineString",
        "coordinates": [
          [
            -73.9825392,
            40.7672148
          ],
          [
            -73.9827216,
            40.7670365
          ]
        ]
      },
      "id": "way/715214987"
    },
    {
      "type": "Feature",
      "properties": {
        "@id": "way/715214988",
        "electrified": "rail",
        "frequency": "0",
        "gauge": "1435",
        "layer": "-3",
        "level": "-3",
        "name": "IND Sixth Avenue Line",
        "operator": "New York City Transit Authority",
        "railway": "subway",
        "railway:preferred_direction": "forward",
        "tunnel": "yes",
        "voltage": "625"
      },
      "geometry": {
        "type": "LineString",
        "coordinates": [
          [
            -73.9825967,
            40.7669848
          ],
          [
            -73.9824975,
            40.7671976
          ]
        ]
      },
      "id": "way/715214988"
    },
    {
      "type": "Feature",
      "properties": {
        "@id": "way/715214989",
        "electrified": "rail",
        "frequency": "0",
        "gauge": "1435",
        "layer": "-3",
        "level": "-3",
        "name": "IND Sixth Avenue Line",
        "operator": "New York City Transit Authority",
        "railway": "subway",
        "railway:preferred_direction": "forward",
        "tunnel": "yes",
        "voltage": "625"
      },
      "geometry": {
        "type": "LineString",
        "coordinates": [
          [
            -73.9825967,
            40.7669848
          ],
          [
            -73.9824142,
            40.7671632
          ]
        ]
      },
      "id": "way/715214989"
    },
    {
      "type": "Feature",
      "properties": {
        "@id": "way/715214990",
        "electrified": "rail",
        "frequency": "0",
        "gauge": "1435",
        "layer": "-3",
        "level": "-3",
        "name": "IND Sixth Avenue Line",
        "operator": "New York City Transit Authority",
        "railway": "subway",
        "railway:preferred_direction": "forward",
        "tunnel": "yes",
        "voltage": "625"
      },
      "geometry": {
        "type": "LineString",
        "coordinates": [
          [
            -73.9826225,
            40.7672492
          ],
          [
            -73.9827216,
            40.7670365
          ]
        ]
      },
      "id": "way/715214990"
    },
    {
      "type": "Feature",
      "properties": {
        "@id": "way/719086600",
        "electrified": "rail",
        "frequency": "0",
        "gauge": "1435",
        "layer": "-1",
        "level": "-1",
        "name": "IND Eighth Avenue Line",
        "operator": "New York City Transit Authority",
        "railway": "subway",
        "railway:preferred_direction": "forward",
        "railway:track_ref": "3",
        "railway:track_ref:signals": "A3",
        "tunnel": "yes",
        "voltage": "625"
      },
      "geometry": {
        "type": "LineString",
        "coordinates": [
          [
            -73.9835314,
            40.765837
          ],
          [
            -73.9841141,
            40.7650279
          ],
          [
            -73.9847562,
            40.7641757
          ],
          [
            -73.9852155,
            40.7635478
          ],
          [
            -73.9856551,
            40.7629455
          ],
          [
            -73.9858452,
            40.762685
          ],
          [
            -73.9867483,
            40.7614475
          ],
          [
            -73.9869385,
            40.7611869
          ],
          [
            -73.987242,
            40.7607709
          ]
        ]
      },
      "id": "way/719086600"
    },
    {
      "type": "Feature",
      "properties": {
        "@id": "way/719086602",
        "electrified": "rail",
        "frequency": "0",
        "gauge": "1435",
        "layer": "-1",
        "level": "-1",
        "name": "IND Eighth Avenue Line",
        "operator": "New York City Transit Authority",
        "railway": "subway",
        "railway:preferred_direction": "forward",
        "railway:track_ref": "4",
        "railway:track_ref:signals": "A4",
        "tunnel": "yes",
        "voltage": "625"
      },
      "geometry": {
        "type": "LineString",
        "coordinates": [
          [
            -73.9872004,
            40.7607537
          ],
          [
            -73.986897,
            40.7611695
          ],
          [
            -73.9867068,
            40.7614301
          ],
          [
            -73.9858037,
            40.7626676
          ],
          [
            -73.9856135,
            40.7629281
          ],
          [
            -73.985174,
            40.7635304
          ],
          [
            -73.9847162,
            40.7641592
          ],
          [
            -73.9840725,
            40.7650107
          ],
          [
            -73.9834897,
            40.7658198
          ]
        ]
      },
      "id": "way/719086602"
    },
    {
      "type": "Feature",
      "properties": {
        "@id": "way/719086613",
        "electrified": "rail",
        "frequency": "0",
        "gauge": "1435",
        "layer": "-2",
        "level": "-2",
        "name": "IND Queens Boulevard Line",
        "operator": "New York City Transit Authority",
        "railway": "subway",
        "railway:cbtc": "yes",
        "railway:preferred_direction": "forward",
        "railway:track_ref": "4",
        "railway:track_ref:signals": "D4",
        "tunnel": "yes",
        "voltage": "625"
      },
      "geometry": {
        "type": "LineString",
        "coordinates": [
          [
            -73.9858414,
            40.7626836
          ],
          [
            -73.9856504,
            40.7629448
          ],
          [
            -73.9854504,
            40.7632156
          ],
          [
            -73.9853872,
            40.7632955
          ],
          [
            -73.9853003,
            40.7633906
          ],
          [
            -73.9851651,
            40.7635087
          ],
          [
            -73.9850651,
            40.7635767
          ],
          [
            -73.9849793,
            40.7636157
          ],
          [
            -73.9847902,
            40.7636965
          ],
          [
            -73.9847429,
            40.7637122
          ],
          [
            -73.9846954,
            40.7637264
          ],
          [
            -73.9846473,
            40.7637395
          ],
          [
            -73.9845986,
            40.7637513
          ],
          [
            -73.9845494,
            40.7637618
          ],
          [
            -73.9844998,
            40.7637711
          ],
          [
            -73.9844498,
            40.7637791
          ],
          [
            -73.9843994,
            40.7637858
          ],
          [
            -73.9843488,
            40.7637912
          ],
          [
            -73.984298,
            40.7637953
          ],
          [
            -73.9842465,
            40.7637982
          ],
          [
            -73.9841377,
            40.7637997
          ],
          [
            -73.9839949,
            40.7637895
          ],
          [
            -73.9838656,
            40.7637654
          ],
          [
            -73.983733,
            40.7637351
          ],
          [
            -73.9835908,
            40.7636865
          ],
          [
            -73.9833205,
            40.7635786
          ],
          [
            -73.9830347,
            40.7634594
          ]
        ]
      },
      "id": "way/719086613"
    },
    {
      "type": "Feature",
      "properties": {
        "@id": "way/719086614",
        "electrified": "rail",
        "frequency": "0",
        "gauge": "1435",
        "layer": "-1",
        "level": "-1",
        "name": "IND Eighth Avenue Line",
        "operator": "New York City Transit Authority",
        "railway": "subway",
        "railway:preferred_direction": "forward",
        "railway:track_ref": "2",
        "railway:track_ref:signals": "A2",
        "tunnel": "yes",
        "voltage": "625"
      },
      "geometry": {
        "type": "LineString",
        "coordinates": [
          [
            -73.987117,
            40.7607193
          ],
          [
            -73.9868139,
            40.7611347
          ],
          [
            -73.986713,
            40.7613473
          ],
          [
            -73.9866653,
            40.7614127
          ],
          [
            -73.9857622,
            40.7626502
          ],
          [
            -73.985572,
            40.7629107
          ],
          [
            -73.9851325,
            40.763513
          ],
          [
            -73.9846763,
            40.7641427
          ],
          [
            -73.9840308,
            40.7649935
          ],
          [
            -73.9837499,
            40.765346
          ],
          [
            -73.9834064,
            40.7657854
          ]
        ]
      },
      "id": "way/719086614"
    },
    {
      "type": "Feature",
      "properties": {
        "@id": "way/719086616",
        "electrified": "rail",
        "frequency": "0",
        "gauge": "1435",
        "layer": "-1",
        "level": "-1",
        "name": "IND Eighth Avenue Line",
        "operator": "New York City Transit Authority",
        "railway": "subway",
        "railway:preferred_direction": "forward",
        "railway:track_ref": "1",
        "railway:track_ref:signals": "A1",
        "tunnel": "yes",
        "voltage": "625"
      },
      "geometry": {
        "type": "LineString",
        "coordinates": [
          [
            -73.9836147,
            40.7658715
          ],
          [
            -73.9839165,
            40.7654148
          ],
          [
            -73.9841505,
            40.7650429
          ],
          [
            -73.9847961,
            40.7641922
          ],
          [
            -73.9852571,
            40.7635651
          ],
          [
            -73.9856966,
            40.7629629
          ],
          [
            -73.9858867,
            40.7627023
          ],
          [
            -73.9867898,
            40.7614648
          ],
          [
            -73.9868375,
            40.7613994
          ],
          [
            -73.9870215,
            40.7612216
          ],
          [
            -73.9873253,
            40.7608053
          ]
        ]
      },
      "id": "way/719086616"
    },
    {
      "type": "Feature",
      "properties": {
        "@id": "way/759735439",
        "electrified": "rail",
        "frequency": "0",
        "gauge": "1435",
        "layer": "-4",
        "level": "-3",
        "maxspeed": "15 mph",
        "name": "Grand Central Branch",
        "operator": "Long Island Rail Road",
        "operator:wikidata": "Q125943",
        "railway": "rail",
        "railway:track_ref": "202",
        "tunnel": "yes",
        "usage": "main",
        "voltage": "750",
        "wikidata": "Q937694",
        "wikipedia": "en:East Side Access"
      },
      "geometry": {
        "type": "LineString",
        "coordinates": [
          [
            -73.9764221,
            40.7536526
          ],
          [
            -73.9742326,
            40.7566567
          ],
          [
            -73.9740539,
            40.7569112
          ],
          [
            -73.9738016,
            40.7572904
          ],
          [
            -73.973758,
            40.7573663
          ]
        ]
      },
      "id": "way/759735439"
    },
    {
      "type": "Feature",
      "properties": {
        "@id": "way/759735440",
        "electrified": "rail",
        "frequency": "0",
        "gauge": "1435",
        "layer": "-2",
        "level": "-2",
        "maxspeed": "10 mph",
        "maxspeed:freight": "10 mph",
        "name": "Grand Central Terminal",
        "operator": "Metro-North Railroad",
        "owner": "Metropolitan Transportation Authority",
        "railway": "rail",
        "railway:atc": "no",
        "railway:ctc": "no",
        "railway:preferred_direction": "both",
        "railway:ptc": "no",
        "railway:track_class": "1",
        "railway:track_ref": "160",
        "ref": "GCT",
        "tunnel": "yes",
        "usage": "main",
        "voltage": "700"
      },
      "geometry": {
        "type": "LineString",
        "coordinates": [
          [
            -73.9743453,
            40.7570709
          ],
          [
            -73.9737485,
            40.75789
          ],
          [
            -73.973457,
            40.7582199
          ]
        ]
      },
      "id": "way/759735440"
    },
    {
      "type": "Feature",
      "properties": {
        "@id": "way/759735441",
        "electrified": "rail",
        "frequency": "0",
        "gauge": "1435",
        "layer": "-1",
        "level": "-0.5",
        "maxspeed": "10 mph",
        "maxspeed:freight": "10 mph",
        "name": "Grand Central Terminal",
        "old_railway_operator": "NYC",
        "operator": "Metro-North Railroad",
        "operator:wikidata": "Q125908",
        "owner": "Metropolitan Transportation Authority",
        "railway": "rail",
        "railway:atc": "no",
        "railway:ctc": "no",
        "railway:preferred_direction": "both",
        "railway:ptc": "no",
        "railway:track_class": "1",
        "railway:track_ref": "I",
        "ref": "GCT",
        "tunnel": "yes",
        "usage": "main",
        "voltage": "700"
      },
      "geometry": {
        "type": "LineString",
        "coordinates": [
          [
            -73.9746869,
            40.7564702
          ],
          [
            -73.9744489,
            40.756796
          ],
          [
            -73.9742102,
            40.7571226
          ],
          [
            -73.9739704,
            40.7574509
          ],
          [
            -73.9737315,
            40.7577777
          ]
        ]
      },
      "id": "way/759735441"
    },
    {
      "type": "Feature",
      "properties": {
        "@id": "way/759735443",
        "electrified": "rail",
        "frequency": "0",
        "gauge": "1435",
        "layer": "-1",
        "level": "-0.5",
        "maxspeed": "10 mph",
        "railway": "rail",
        "railway:track_ref": "X",
        "tunnel": "yes",
        "usage": "main",
        "voltage": "700"
      },
      "geometry": {
        "type": "LineString",
        "coordinates": [
          [
            -73.9734813,
            40.758121
          ],
          [
            -73.9737103,
            40.7578737
          ],
          [
            -73.974093,
            40.7575135
          ]
        ]
      },
      "id": "way/759735443"
    },
    {
      "type": "Feature",
      "properties": {
        "@id": "way/759735444",
        "electrified": "rail",
        "frequency": "0",
        "gauge": "1435",
        "layer": "-1",
        "maxspeed": "10 mph",
        "maxspeed:freight": "10 mph",
        "name": "Grand Central Terminal",
        "old_railway_operator": "NYC",
        "operator": "Metro-North Railroad",
        "operator:wikidata": "Q125908",
        "owner": "Metropolitan Transportation Authority",
        "railway": "rail",
        "railway:atc": "no",
        "railway:ctc": "no",
        "railway:preferred_direction": "both",
        "railway:ptc": "no",
        "railway:track_class": "1",
        "railway:track_ref": "C",
        "ref": "GCT",
        "tunnel": "yes",
        "usage": "main",
        "voltage": "700"
      },
      "geometry": {
        "type": "LineString",
        "coordinates": [
          [
            -73.9721716,
            40.7594932
          ],
          [
            -73.9719192,
            40.7598397
          ],
          [
            -73.9716668,
            40.7601861
          ],
          [
            -73.9714991,
            40.7604164
          ]
        ]
      },
      "id": "way/759735444"
    },
    {
      "type": "Feature",
      "properties": {
        "@id": "way/759735445",
        "electrified": "rail",
        "frequency": "0",
        "gauge": "1435",
        "layer": "-1",
        "level": "-0.5",
        "maxspeed": "10 mph",
        "old_railway_operator": "NYC",
        "operator": "Metro-North Commuter Railroad",
        "operator:wikidata": "Q125908",
        "owner": "Metropolitan Transportation Authority",
        "railway": "rail",
        "railway:track_ref": "D",
        "tunnel": "yes",
        "usage": "main",
        "voltage": "700"
      },
      "geometry": {
        "type": "LineString",
        "coordinates": [
          [
            -73.9736225,
            40.7575718
          ],
          [
            -73.9735314,
            40.7576971
          ],
          [
            -73.9734727,
            40.7577774
          ],
          [
            -73.9732203,
            40.7581239
          ],
          [
            -73.972968,
            40.7584704
          ],
          [
            -73.9727157,
            40.7588168
          ],
          [
            -73.9724634,
            40.7591633
          ]
        ]
      },
      "id": "way/759735445"
    },
    {
      "type": "Feature",
      "properties": {
        "@id": "way/759735446",
        "electrified": "rail",
        "frequency": "0",
        "gauge": "1435",
        "layer": "-1",
        "level": "-0.5",
        "maxspeed": "10 mph",
        "old_railway_operator": "NYC",
        "operator": "Metro-North Railroad",
        "operator:wikidata": "Q125908",
        "owner": "Metropolitan Transportation Authority",
        "railway": "rail",
        "railway:track_ref": "E",
        "tunnel": "yes",
        "usage": "main",
        "voltage": "700"
      },
      "geometry": {
        "type": "LineString",
        "coordinates": [
          [
            -73.9735125,
            40.757794
          ],
          [
            -73.9732601,
            40.7581405
          ],
          [
            -73.9730078,
            40.7584869
          ],
          [
            -73.9727555,
            40.7588334
          ]
        ]
      },
      "id": "way/759735446"
    },
    {
      "type": "Feature",
      "properties": {
        "@id": "way/759735448",
        "electrified": "rail",
        "frequency": "0",
        "gauge": "1435",
        "layer": "-1",
        "level": "-0.5",
        "maxspeed": "10 mph",
        "old_railway_operator": "NYC",
        "operator": "Metro-North Commuter Railroad",
        "operator:wikidata": "Q125908",
        "owner": "Metropolitan Transportation Authority",
        "railway": "rail",
        "railway:track_ref": "H",
        "tunnel": "yes",
        "usage": "main",
        "voltage": "700"
      },
      "geometry": {
        "type": "LineString",
        "coordinates": [
          [
            -73.9733791,
            40.7581901
          ],
          [
            -73.9731268,
            40.7585366
          ]
        ]
      },
      "id": "way/759735448"
    },
    {
      "type": "Feature",
      "properties": {
        "@id": "way/759735449",
        "electrified": "rail",
        "frequency": "0",
        "gauge": "1435",
        "layer": "-1",
        "level": "-0.5",
        "maxspeed": "10 mph",
        "maxspeed:freight": "10 mph",
        "name": "Grand Central Terminal",
        "old_railway_operator": "NYC",
        "operator": "Metro-North Railroad",
        "operator:wikidata": "Q125908",
        "owner": "Metropolitan Transportation Authority",
        "railway": "rail",
        "railway:atc": "no",
        "railway:ctc": "no",
        "railway:preferred_direction": "both",
        "railway:ptc": "no",
        "railway:track_class": "1",
        "railway:track_ref": "28",
        "ref": "GCT",
        "tunnel": "yes",
        "usage": "main",
        "voltage": "700"
      },
      "geometry": {
        "type": "LineString",
        "coordinates": [
          [
            -73.9770829,
            40.7531177
          ],
          [
            -73.9763678,
            40.7540969
          ],
          [
            -73.9753014,
            40.7555566
          ],
          [
            -73.9751294,
            40.755792
          ],
          [
            -73.9748841,
            40.7561271
          ],
          [
            -73.9746462,
            40.7564538
          ]
        ]
      },
      "id": "way/759735449"
    },
    {
      "type": "Feature",
      "properties": {
        "@id": "way/759735450",
        "electrified": "rail",
        "frequency": "0",
        "gauge": "1435",
        "layer": "-1",
        "level": "-0.5",
        "maxspeed": "10 mph",
        "old_railway_operator": "NYC",
        "operator": "Metro-North Commuter Railroad",
        "operator:wikidata": "Q125908",
        "owner": "Metropolitan Transportation Authority",
        "railway": "rail",
        "railway:track_ref": "G",
        "tunnel": "yes",
        "usage": "main",
        "voltage": "700"
      },
      "geometry": {
        "type": "LineString",
        "coordinates": [
          [
            -73.9733397,
            40.7581737
          ],
          [
            -73.9730874,
            40.7585201
          ]
        ]
      },
      "id": "way/759735450"
    },
    {
      "type": "Feature",
      "properties": {
        "@id": "way/759735452",
        "layer": "-1",
        "level": "-0.5",
        "maxspeed": "10 mph",
        "railway": "rail",
        "railway:track_ref": "O",
        "tunnel": "yes",
        "usage": "main"
      },
      "geometry": {
        "type": "LineString",
        "coordinates": [
          [
            -73.9733397,
            40.7581737
          ],
          [
            -73.9735125,
            40.757794
          ]
        ]
      },
      "id": "way/759735452"
    },
    {
      "type": "Feature",
      "properties": {
        "@id": "way/759735453",
        "layer": "-1",
        "level": "-0.5",
        "maxspeed": "10 mph",
        "railway": "rail",
        "railway:track_ref": "O",
        "tunnel": "yes",
        "usage": "main"
      },
      "geometry": {
        "type": "LineString",
        "coordinates": [
          [
            -73.9731268,
            40.7585366
          ],
          [
            -73.9732333,
            40.7583551
          ],
          [
            -73.9733397,
            40.7581737
          ]
        ]
      },
      "id": "way/759735453"
    },
    {
      "type": "Feature",
      "properties": {
        "@id": "way/759735455",
        "layer": "-1",
        "level": "-0.5",
        "maxspeed": "10 mph",
        "railway": "rail",
        "railway:track_ref": "Y",
        "tunnel": "yes",
        "usage": "main"
      },
      "geometry": {
        "type": "LineString",
        "coordinates": [
          [
            -73.9733791,
            40.7581901
          ],
          [
            -73.9736712,
            40.7578603
          ]
        ]
      },
      "id": "way/759735455"
    },
    {
      "type": "Feature",
      "properties": {
        "@id": "way/759735456",
        "layer": "-1",
        "level": "-0.5",
        "maxspeed": "10 mph",
        "railway": "rail",
        "railway:track_ref": "Y",
        "tunnel": "yes",
        "usage": "main"
      },
      "geometry": {
        "type": "LineString",
        "coordinates": [
          [
            -73.9730874,
            40.7585201
          ],
          [
            -73.9732333,
            40.7583551
          ],
          [
            -73.9733791,
            40.7581901
          ]
        ]
      },
      "id": "way/759735456"
    },
    {
      "type": "Feature",
      "properties": {
        "@id": "way/759735457",
        "layer": "-1",
        "level": "-0.5",
        "maxspeed": "10 mph",
        "railway": "rail",
        "railway:track_ref": "Y",
        "tunnel": "yes",
        "usage": "main"
      },
      "geometry": {
        "type": "LineString",
        "coordinates": [
          [
            -73.9727555,
            40.7588334
          ],
          [
            -73.9730874,
            40.7585201
          ]
        ]
      },
      "id": "way/759735457"
    },
    {
      "type": "Feature",
      "properties": {
        "@id": "way/759735458",
        "layer": "-1",
        "level": "-0.5",
        "maxspeed": "10 mph",
        "railway": "rail",
        "railway:track_ref": "Y",
        "tunnel": "yes",
        "usage": "main"
      },
      "geometry": {
        "type": "LineString",
        "coordinates": [
          [
            -73.9724634,
            40.7591633
          ],
          [
            -73.9727555,
            40.7588334
          ]
        ]
      },
      "id": "way/759735458"
    },
    {
      "type": "Feature",
      "properties": {
        "@id": "way/759735459",
        "electrified": "rail",
        "frequency": "0",
        "gauge": "1435",
        "layer": "-1",
        "level": "-0.5",
        "maxspeed": "10 mph",
        "maxspeed:freight": "10 mph",
        "name": "Grand Central Terminal",
        "operator": "Metro-North Railroad",
        "owner": "Metropolitan Transportation Authority",
        "railway": "rail",
        "railway:atc": "no",
        "railway:ctc": "no",
        "railway:preferred_direction": "both",
        "railway:ptc": "no",
        "railway:track_class": "1",
        "railway:track_ref": "Y",
        "ref": "GCT",
        "tunnel": "yes",
        "usage": "main",
        "voltage": "700"
      },
      "geometry": {
        "type": "LineString",
        "coordinates": [
          [
            -73.9721716,
            40.7594932
          ],
          [
            -73.9724634,
            40.7591633
          ]
        ]
      },
      "id": "way/759735459"
    },
    {
      "type": "Feature",
      "properties": {
        "@id": "way/759735460",
        "electrified": "rail",
        "frequency": "0",
        "gauge": "1435",
        "layer": "-1",
        "maxspeed": "10 mph",
        "maxspeed:freight": "10 mph",
        "name": "Grand Central Terminal",
        "old_railway_operator": "NYC",
        "operator": "Metro-North Railroad",
        "operator:wikidata": "Q125908",
        "owner": "Metropolitan Transportation Authority",
        "railway": "rail",
        "railway:atc": "no",
        "railway:ctc": "no",
        "railway:preferred_direction": "both",
        "railway:ptc": "no",
        "railway:track_class": "1",
        "railway:track_ref": "C",
        "ref": "GCT",
        "tunnel": "yes",
        "usage": "main",
        "voltage": "700"
      },
      "geometry": {
        "type": "LineString",
        "coordinates": [
          [
            -73.9714991,
            40.7604164
          ],
          [
            -73.9714145,
            40.7605325
          ],
          [
            -73.9711621,
            40.760879
          ],
          [
            -73.9709098,
            40.7612254
          ]
        ]
      },
      "id": "way/759735460"
    },
    {
      "type": "Feature",
      "properties": {
        "@id": "way/759735461",
        "electrified": "rail",
        "frequency": "0",
        "gauge": "1435",
        "layer": "-1",
        "maxspeed": "10 mph",
        "maxspeed:freight": "10 mph",
        "name": "Grand Central Terminal",
        "old_railway_operator": "NYC",
        "operator": "Metro-North Railroad",
        "operator:wikidata": "Q125908",
        "owner": "Metropolitan Transportation Authority",
        "railway": "rail",
        "railway:atc": "no",
        "railway:ctc": "no",
        "railway:preferred_direction": "both",
        "railway:ptc": "no",
        "railway:track_class": "1",
        "railway:track_ref": "B",
        "ref": "GCT",
        "tunnel": "yes",
        "usage": "main",
        "voltage": "700"
      },
      "geometry": {
        "type": "LineString",
        "coordinates": [
          [
            -73.9721305,
            40.7594733
          ],
          [
            -73.9718794,
            40.7598231
          ],
          [
            -73.9716699,
            40.7601108
          ]
        ]
      },
      "id": "way/759735461"
    },
    {
      "type": "Feature",
      "properties": {
        "@id": "way/759735462",
        "electrified": "rail",
        "frequency": "0",
        "gauge": "1435",
        "layer": "-1",
        "maxspeed": "10 mph",
        "maxspeed:freight": "10 mph",
        "name": "Grand Central Terminal",
        "old_railway_operator": "NYC",
        "operator": "Metro-North Railroad",
        "operator:wikidata": "Q125908",
        "owner": "Metropolitan Transportation Authority",
        "railway": "rail",
        "railway:atc": "no",
        "railway:ctc": "no",
        "railway:preferred_direction": "both",
        "railway:ptc": "no",
        "railway:track_class": "1",
        "railway:track_ref": "A",
        "ref": "GCT",
        "tunnel": "yes",
        "usage": "main",
        "voltage": "700"
      },
      "geometry": {
        "type": "LineString",
        "coordinates": [
          [
            -73.9709098,
            40.7612254
          ],
          [
            -73.9707632,
            40.7614975
          ]
        ]
      },
      "id": "way/759735462"
    },
    {
      "type": "Feature",
      "properties": {
        "@id": "way/759735463",
        "electrified": "rail",
        "frequency": "0",
        "gauge": "1435",
        "layer": "-1",
        "maxspeed": "10 mph",
        "old_railway_operator": "NYC",
        "operator": "Metro-North Commuter Railroad",
        "operator:wikidata": "Q125908",
        "owner": "Metropolitan Transportation Authority",
        "railway": "rail",
        "railway:track_ref": "A",
        "tunnel": "yes",
        "usage": "main",
        "voltage": "700"
      },
      "geometry": {
        "type": "LineString",
        "coordinates": [
          [
            -73.9711224,
            40.7608624
          ],
          [
            -73.9709098,
            40.7612254
          ]
        ]
      },
      "id": "way/759735463"
    },
    {
      "type": "Feature",
      "properties": {
        "@id": "way/759735464",
        "electrified": "rail",
        "frequency": "0",
        "gauge": "1435",
        "layer": "-1",
        "maxspeed": "10 mph",
        "maxspeed:freight": "10 mph",
        "name": "Grand Central Terminal",
        "old_railway_operator": "NYC",
        "operator": "Metro-North Railroad",
        "operator:wikidata": "Q125908",
        "owner": "Metropolitan Transportation Authority",
        "railway": "rail",
        "railway:atc": "no",
        "railway:ctc": "no",
        "railway:preferred_direction": "both",
        "railway:ptc": "no",
        "railway:track_class": "1",
        "railway:track_ref": "A",
        "ref": "GCT",
        "tunnel": "yes",
        "usage": "main",
        "voltage": "700"
      },
      "geometry": {
        "type": "LineString",
        "coordinates": [
          [
            -73.972091,
            40.7594568
          ],
          [
            -73.9715875,
            40.760153
          ],
          [
            -73.9713352,
            40.7604968
          ],
          [
            -73.9711224,
            40.7608624
          ]
        ]
      },
      "id": "way/759735464"
    },
    {
      "type": "Feature",
      "properties": {
        "@id": "way/759735465",
        "electrified": "rail",
        "frequency": "0",
        "gauge": "1435",
        "layer": "-1",
        "maxspeed": "10 mph",
        "maxspeed:freight": "10 mph",
        "name": "Grand Central Terminal",
        "old_railway_operator": "NYC",
        "operator": "Metro-North Railroad",
        "operator:wikidata": "Q125908",
        "owner": "Metropolitan Transportation Authority",
        "railway": "rail",
        "railway:atc": "no",
        "railway:ctc": "no",
        "railway:preferred_direction": "both",
        "railway:ptc": "no",
        "railway:track_class": "1",
        "railway:track_ref": "D",
        "ref": "GCT",
        "tunnel": "yes",
        "usage": "main",
        "voltage": "700"
      },
      "geometry": {
        "type": "LineString",
        "coordinates": [
          [
            -73.9713287,
            40.7607212
          ],
          [
            -73.9712018,
            40.7608955
          ],
          [
            -73.9709495,
            40.7612419
          ],
          [
            -73.9707632,
            40.7614975
          ]
        ]
      },
      "id": "way/759735465"
    },
    {
      "type": "Feature",
      "properties": {
        "@id": "way/759735466",
        "electrified": "rail",
        "frequency": "0",
        "gauge": "1435",
        "layer": "-1",
        "maxspeed": "10 mph",
        "maxspeed:freight": "10 mph",
        "name": "Grand Central Terminal",
        "operator": "Metro-North Railroad",
        "owner": "Metropolitan Transportation Authority",
        "railway": "rail",
        "railway:atc": "no",
        "railway:ctc": "no",
        "railway:preferred_direction": "both",
        "railway:ptc": "no",
        "railway:track_class": "1",
        "ref": "GCT",
        "service": "crossover",
        "tunnel": "yes",
        "usage": "main",
        "voltage": "700"
      },
      "geometry": {
        "type": "LineString",
        "coordinates": [
          [
            -73.9703214,
            40.7621652
          ],
          [
            -73.9700138,
            40.7625241
          ]
        ]
      },
      "id": "way/759735466"
    },
    {
      "type": "Feature",
      "properties": {
        "@id": "way/759735467",
        "electrified": "rail",
        "frequency": "0",
        "gauge": "1435",
        "layer": "-1",
        "maxspeed": "10 mph",
        "maxspeed:freight": "10 mph",
        "name": "Grand Central Terminal",
        "old_railway_operator": "NYC",
        "operator": "Metro-North Railroad",
        "operator:wikidata": "Q125908",
        "owner": "Metropolitan Transportation Authority",
        "railway": "rail",
        "railway:atc": "no",
        "railway:ctc": "no",
        "railway:preferred_direction": "both",
        "railway:ptc": "no",
        "railway:track_class": "1",
        "railway:track_ref": "3",
        "ref": "GCT",
        "tunnel": "yes",
        "tunnel:name": "Park Avenue Tunnel",
        "tunnel:wikidata": "Q7137638",
        "tunnel:wikipedia": "en:Park Avenue Tunnel (railroad)",
        "usage": "main",
        "voltage": "700"
      },
      "geometry": {
        "type": "LineString",
        "coordinates": [
          [
            -73.9707632,
            40.7614975
          ],
          [
            -73.970659,
            40.7616402
          ],
          [
            -73.9706556,
            40.7616449
          ],
          [
            -73.9700138,
            40.7625241
          ]
        ]
      },
      "id": "way/759735467"
    },
    {
      "type": "Feature",
      "properties": {
        "@id": "way/759735468",
        "electrified": "rail",
        "frequency": "0",
        "gauge": "1435",
        "layer": "-1",
        "maxspeed": "60 mph",
        "maxspeed:freight": "20 mph",
        "name": "Hudson Line",
        "old_railway_operator": "NYC",
        "operator": "Metro-North Railroad",
        "operator:wikidata": "Q125908",
        "owner": "Metropolitan Transportation Authority",
        "railway": "rail",
        "railway:acses": "yes",
        "railway:atc": "yes",
        "railway:ctc": "yes",
        "railway:preferred_direction": "both",
        "railway:ptc": "yes",
        "railway:track_class": "3",
        "railway:track_ref": "1",
        "ref": "HUD",
        "tunnel": "yes",
        "tunnel:name": "Park Avenue Tunnel",
        "tunnel:wikidata": "Q7137638",
        "tunnel:wikipedia": "en:Park Avenue Tunnel (railroad)",
        "usage": "main",
        "voltage": "700"
      },
      "geometry": {
        "type": "LineString",
        "coordinates": [
          [
            -73.9687613,
            40.7643123
          ],
          [
            -73.9687577,
            40.7643178
          ],
          [
            -73.9683427,
            40.7648874
          ],
          [
            -73.9670873,
            40.7666084
          ],
          [
            -73.9617088,
            40.7739799
          ],
          [
            -73.9519945,
            40.7872915
          ]
        ]
      },
      "id": "way/759735468"
    },
    {
      "type": "Feature",
      "properties": {
        "@id": "way/759735469",
        "electrified": "rail",
        "frequency": "0",
        "gauge": "1435",
        "layer": "-1",
        "maxspeed": "60 mph",
        "maxspeed:freight": "20 mph",
        "name": "Hudson Line",
        "old_railway_operator": "NYC",
        "operator": "Metro-North Railroad",
        "operator:wikidata": "Q125908",
        "owner": "Metropolitan Transportation Authority",
        "railway": "rail",
        "railway:acses": "yes",
        "railway:atc": "yes",
        "railway:ctc": "yes",
        "railway:preferred_direction": "both",
        "railway:ptc": "yes",
        "railway:track_class": "3",
        "railway:track_ref": "2",
        "ref": "HUD",
        "tunnel": "yes",
        "tunnel:name": "Park Avenue Tunnel",
        "tunnel:wikidata": "Q7137638",
        "tunnel:wikipedia": "en:Park Avenue Tunnel (railroad)",
        "usage": "main",
        "voltage": "700"
      },
      "geometry": {
        "type": "LineString",
        "coordinates": [
          [
            -73.9520311,
            40.787307
          ],
          [
            -73.9617476,
            40.7739963
          ],
          [
            -73.9671274,
            40.7666254
          ],
          [
            -73.9683825,
            40.7649042
          ],
          [
            -73.9687973,
            40.7643345
          ],
          [
            -73.9688013,
            40.7643288
          ]
        ]
      },
      "id": "way/759735469"
    },
    {
      "type": "Feature",
      "properties": {
        "@id": "way/759735470",
        "electrified": "rail",
        "frequency": "0",
        "gauge": "1435",
        "layer": "-1",
        "maxspeed": "10 mph",
        "maxspeed:freight": "10 mph",
        "name": "Grand Central Terminal",
        "old_railway_operator": "NYC",
        "operator": "Metro-North Railroad",
        "operator:wikidata": "Q125908",
        "owner": "Metropolitan Transportation Authority",
        "railway": "rail",
        "railway:atc": "no",
        "railway:ctc": "no",
        "railway:preferred_direction": "both",
        "railway:ptc": "no",
        "railway:track_class": "1",
        "railway:track_ref": "2",
        "ref": "GCT",
        "tunnel": "yes",
        "tunnel:name": "Park Avenue Tunnel",
        "tunnel:wikidata": "Q7137638",
        "tunnel:wikipedia": "en:Park Avenue Tunnel (railroad)",
        "usage": "main",
        "voltage": "700"
      },
      "geometry": {
        "type": "LineString",
        "coordinates": [
          [
            -73.9706757,
            40.7617648
          ],
          [
            -73.9707388,
            40.7616756
          ],
          [
            -73.9707421,
            40.7616715
          ],
          [
            -73.9708582,
            40.7615134
          ]
        ]
      },
      "id": "way/759735470"
    },
    {
      "type": "Feature",
      "properties": {
        "@id": "way/759735471",
        "electrified": "rail",
        "frequency": "0",
        "gauge": "1435",
        "layer": "-1",
        "maxspeed": "10 mph",
        "maxspeed:freight": "10 mph",
        "name": "Grand Central Terminal",
        "old_railway_operator": "NYC",
        "operator": "Metro-North Railroad",
        "operator:wikidata": "Q125908",
        "owner": "Metropolitan Transportation Authority",
        "railway": "rail",
        "railway:atc": "no",
        "railway:ctc": "no",
        "railway:preferred_direction": "both",
        "railway:ptc": "no",
        "railway:track_class": "1",
        "railway:track_ref": "1",
        "ref": "GCT",
        "tunnel": "yes",
        "tunnel:name": "Park Avenue Tunnel",
        "tunnel:wikidata": "Q7137638",
        "tunnel:wikipedia": "en:Park Avenue Tunnel (railroad)",
        "usage": "main",
        "voltage": "700"
      },
      "geometry": {
        "type": "LineString",
        "coordinates": [
          [
            -73.9711622,
            40.7610192
          ],
          [
            -73.9709892,
            40.7612585
          ],
          [
            -73.9707369,
            40.7616049
          ],
          [
            -73.9707004,
            40.761655
          ],
          [
            -73.9706975,
            40.761659
          ],
          [
            -73.9703214,
            40.7621652
          ]
        ]
      },
      "id": "way/759735471"
    },
    {
      "type": "Feature",
      "properties": {
        "@id": "way/759735472",
        "electrified": "rail",
        "frequency": "0",
        "gauge": "1435",
        "layer": "-1",
        "maxspeed": "10 mph",
        "maxspeed:freight": "10 mph",
        "name": "Grand Central Terminal",
        "old_railway_operator": "NYC",
        "operator": "Metro-North Railroad",
        "operator:wikidata": "Q125908",
        "owner": "Metropolitan Transportation Authority",
        "railway": "rail",
        "railway:atc": "no",
        "railway:ctc": "no",
        "railway:preferred_direction": "both",
        "railway:ptc": "no",
        "railway:track_class": "1",
        "railway:track_ref": "E",
        "ref": "GCT",
        "tunnel": "yes",
        "usage": "main",
        "voltage": "700"
      },
      "geometry": {
        "type": "LineString",
        "coordinates": [
          [
            -73.9714063,
            40.7606858
          ],
          [
            -73.9712415,
            40.760912
          ],
          [
            -73.9711622,
            40.7610192
          ]
        ]
      },
      "id": "way/759735472"
    },
    {
      "type": "Feature",
      "properties": {
        "@id": "way/759735473",
        "electrified": "rail",
        "frequency": "0",
        "gauge": "1435",
        "layer": "-1",
        "maxspeed": "10 mph",
        "maxspeed:freight": "10 mph",
        "name": "Grand Central Terminal",
        "old_railway_operator": "NYC",
        "operator": "Metro-North Railroad",
        "operator:wikidata": "Q125908",
        "owner": "Metropolitan Transportation Authority",
        "railway": "rail",
        "railway:atc": "no",
        "railway:ctc": "no",
        "railway:preferred_direction": "both",
        "railway:ptc": "no",
        "railway:track_class": "1",
        "railway:track_ref": "E",
        "ref": "GCT",
        "tunnel": "yes",
        "usage": "main",
        "voltage": "700"
      },
      "geometry": {
        "type": "LineString",
        "coordinates": [
          [
            -73.9722508,
            40.7595263
          ],
          [
            -73.9719985,
            40.7598727
          ],
          [
            -73.9714939,
            40.7605656
          ],
          [
            -73.9714063,
            40.7606858
          ]
        ]
      },
      "id": "way/759735473"
    },
    {
      "type": "Feature",
      "properties": {
        "@id": "way/759735474",
        "electrified": "rail",
        "frequency": "0",
        "gauge": "1435",
        "layer": "-1",
        "maxspeed": "10 mph",
        "maxspeed:freight": "10 mph",
        "name": "Grand Central Terminal",
        "old_railway_operator": "NYC",
        "operator": "Metro-North Railroad",
        "operator:wikidata": "Q125908",
        "owner": "Metropolitan Transportation Authority",
        "railway": "rail",
        "railway:atc": "no",
        "railway:ctc": "no",
        "railway:preferred_direction": "both",
        "railway:ptc": "no",
        "railway:track_class": "1",
        "railway:track_ref": "F",
        "ref": "GCT",
        "tunnel": "yes",
        "usage": "main",
        "voltage": "700"
      },
      "geometry": {
        "type": "LineString",
        "coordinates": [
          [
            -73.9709871,
            40.7613325
          ],
          [
            -73.9708582,
            40.7615134
          ]
        ]
      },
      "id": "way/759735474"
    },
    {
      "type": "Feature",
      "properties": {
        "@id": "way/759735475",
        "electrified": "rail",
        "frequency": "0",
        "gauge": "1435",
        "layer": "-1",
        "maxspeed": "10 mph",
        "maxspeed:freight": "10 mph",
        "name": "Grand Central Terminal",
        "old_railway_operator": "NYC",
        "operator": "Metro-North Railroad",
        "operator:wikidata": "Q125908",
        "owner": "Metropolitan Transportation Authority",
        "railway": "rail",
        "railway:atc": "no",
        "railway:ctc": "no",
        "railway:preferred_direction": "both",
        "railway:ptc": "no",
        "railway:track_class": "1",
        "railway:track_ref": "F",
        "ref": "GCT",
        "tunnel": "yes",
        "usage": "main",
        "voltage": "700"
      },
      "geometry": {
        "type": "LineString",
        "coordinates": [
          [
            -73.9712813,
            40.7609286
          ],
          [
            -73.971029,
            40.761275
          ],
          [
            -73.9709871,
            40.7613325
          ]
        ]
      },
      "id": "way/759735475"
    },
    {
      "type": "Feature",
      "properties": {
        "@id": "way/759735477",
        "electrified": "rail",
        "frequency": "0",
        "gauge": "1435",
        "layer": "-1",
        "maxspeed": "10 mph",
        "maxspeed:freight": "10 mph",
        "name": "Grand Central Terminal",
        "old_railway_operator": "NYC",
        "operator": "Metro-North Railroad",
        "operator:wikidata": "Q125908",
        "owner": "Metropolitan Transportation Authority",
        "railway": "rail",
        "railway:atc": "no",
        "railway:ctc": "no",
        "railway:preferred_direction": "both",
        "railway:ptc": "no",
        "railway:track_class": "1",
        "railway:track_ref": "F",
        "ref": "GCT",
        "tunnel": "yes",
        "usage": "main",
        "voltage": "700"
      },
      "geometry": {
        "type": "LineString",
        "coordinates": [
          [
            -73.971786,
            40.7602357
          ],
          [
            -73.9715336,
            40.7605822
          ],
          [
            -73.9712813,
            40.7609286
          ]
        ]
      },
      "id": "way/759735477"
    },
    {
      "type": "Feature",
      "properties": {
        "@id": "way/759735479",
        "electrified": "rail",
        "frequency": "0",
        "gauge": "1435",
        "layer": "-1",
        "maxspeed": "10 mph",
        "maxspeed:freight": "10 mph",
        "name": "Grand Central Terminal",
        "operator": "Metro-North Railroad",
        "owner": "Metropolitan Transportation Authority",
        "railway": "rail",
        "railway:atc": "no",
        "railway:ctc": "no",
        "railway:preferred_direction": "both",
        "railway:ptc": "no",
        "railway:track_class": "1",
        "railway:track_ref": "K",
        "ref": "GCT",
        "tunnel": "yes",
        "usage": "main",
        "voltage": "700"
      },
      "geometry": {
        "type": "LineString",
        "coordinates": [
          [
            -73.9714991,
            40.7604164
          ],
          [
            -73.9716699,
            40.7601108
          ]
        ]
      },
      "id": "way/759735479"
    },
    {
      "type": "Feature",
      "properties": {
        "@id": "way/759735480",
        "electrified": "rail",
        "frequency": "0",
        "gauge": "1435",
        "layer": "-1",
        "maxspeed": "10 mph",
        "maxspeed:freight": "10 mph",
        "name": "Grand Central Terminal",
        "operator": "Metro-North Railroad",
        "owner": "Metropolitan Transportation Authority",
        "railway": "rail",
        "railway:atc": "no",
        "railway:ctc": "no",
        "railway:preferred_direction": "both",
        "railway:ptc": "no",
        "railway:track_class": "1",
        "railway:track_ref": "K",
        "ref": "GCT",
        "tunnel": "yes",
        "usage": "main",
        "voltage": "700"
      },
      "geometry": {
        "type": "LineString",
        "coordinates": [
          [
            -73.9713287,
            40.7607212
          ],
          [
            -73.9714991,
            40.7604164
          ]
        ]
      },
      "id": "way/759735480"
    },
    {
      "type": "Feature",
      "properties": {
        "@id": "way/759735481",
        "electrified": "rail",
        "frequency": "0",
        "gauge": "1435",
        "layer": "-1",
        "maxspeed": "10 mph",
        "maxspeed:freight": "10 mph",
        "name": "Grand Central Terminal",
        "operator": "Metro-North Railroad",
        "owner": "Metropolitan Transportation Authority",
        "railway": "rail",
        "railway:atc": "no",
        "railway:ctc": "no",
        "railway:preferred_direction": "both",
        "railway:ptc": "no",
        "railway:track_class": "1",
        "railway:track_ref": "K",
        "ref": "GCT",
        "tunnel": "yes",
        "usage": "main",
        "voltage": "700"
      },
      "geometry": {
        "type": "LineString",
        "coordinates": [
          [
            -73.9711622,
            40.7610192
          ],
          [
            -73.9713287,
            40.7607212
          ]
        ]
      },
      "id": "way/759735481"
    },
    {
      "type": "Feature",
      "properties": {
        "@id": "way/759735482",
        "electrified": "rail",
        "frequency": "0",
        "gauge": "1435",
        "layer": "-1",
        "maxspeed": "10 mph",
        "maxspeed:freight": "10 mph",
        "name": "Grand Central Terminal",
        "operator": "Metro-North Railroad",
        "owner": "Metropolitan Transportation Authority",
        "railway": "rail",
        "railway:atc": "no",
        "railway:ctc": "no",
        "railway:preferred_direction": "both",
        "railway:ptc": "no",
        "railway:track_class": "1",
        "railway:track_ref": "K",
        "ref": "GCT",
        "tunnel": "yes",
        "usage": "main",
        "voltage": "700"
      },
      "geometry": {
        "type": "LineString",
        "coordinates": [
          [
            -73.9709871,
            40.7613325
          ],
          [
            -73.9711622,
            40.7610192
          ]
        ]
      },
      "id": "way/759735482"
    },
    {
      "type": "Feature",
      "properties": {
        "@id": "way/759735483",
        "electrified": "rail",
        "frequency": "0",
        "gauge": "1435",
        "layer": "-1",
        "maxspeed": "10 mph",
        "maxspeed:freight": "10 mph",
        "name": "Grand Central Terminal",
        "old_railway_operator": "NYC",
        "operator": "Metro-North Railroad",
        "operator:wikidata": "Q125908",
        "owner": "Metropolitan Transportation Authority",
        "railway": "rail",
        "railway:atc": "no",
        "railway:ctc": "no",
        "railway:preferred_direction": "both",
        "railway:ptc": "no",
        "railway:track_class": "1",
        "railway:track_ref": "I",
        "ref": "GCT",
        "tunnel": "yes",
        "usage": "main",
        "voltage": "700"
      },
      "geometry": {
        "type": "LineString",
        "coordinates": [
          [
            -73.9716528,
            40.7606318
          ],
          [
            -73.9714005,
            40.7609782
          ]
        ]
      },
      "id": "way/759735483"
    },
    {
      "type": "Feature",
      "properties": {
        "@id": "way/759735484",
        "electrified": "rail",
        "frequency": "0",
        "gauge": "1435",
        "layer": "-1",
        "maxspeed": "10 mph",
        "maxspeed:freight": "10 mph",
        "name": "Grand Central Terminal",
        "old_railway_operator": "NYC",
        "operator": "Metro-North Railroad",
        "operator:wikidata": "Q125908",
        "owner": "Metropolitan Transportation Authority",
        "railway": "rail",
        "railway:atc": "no",
        "railway:ctc": "no",
        "railway:preferred_direction": "both",
        "railway:ptc": "no",
        "railway:track_class": "1",
        "railway:track_ref": "H",
        "ref": "GCT",
        "tunnel": "yes",
        "usage": "main",
        "voltage": "700"
      },
      "geometry": {
        "type": "LineString",
        "coordinates": [
          [
            -73.9713607,
            40.7609617
          ],
          [
            -73.9711084,
            40.7613081
          ]
        ]
      },
      "id": "way/759735484"
    },
    {
      "type": "Feature",
      "properties": {
        "@id": "way/759735485",
        "electrified": "rail",
        "frequency": "0",
        "gauge": "1435",
        "layer": "-1",
        "maxspeed": "10 mph",
        "maxspeed:freight": "10 mph",
        "name": "Grand Central Terminal",
        "operator": "Metro-North Railroad",
        "owner": "Metropolitan Transportation Authority",
        "railway": "rail",
        "railway:atc": "no",
        "railway:ctc": "no",
        "railway:preferred_direction": "both",
        "railway:ptc": "no",
        "railway:track_class": "1",
        "railway:track_ref": "L",
        "ref": "GCT",
        "tunnel": "yes",
        "usage": "main",
        "voltage": "700"
      },
      "geometry": {
        "type": "LineString",
        "coordinates": [
          [
            -73.9716528,
            40.7606318
          ],
          [
            -73.9719447,
            40.7603018
          ]
        ]
      },
      "id": "way/759735485"
    },
    {
      "type": "Feature",
      "properties": {
        "@id": "way/759735486",
        "electrified": "rail",
        "frequency": "0",
        "gauge": "1435",
        "layer": "-1",
        "maxspeed": "10 mph",
        "maxspeed:freight": "10 mph",
        "name": "Grand Central Terminal",
        "operator": "Metro-North Railroad",
        "owner": "Metropolitan Transportation Authority",
        "railway": "rail",
        "railway:atc": "no",
        "railway:ctc": "no",
        "railway:preferred_direction": "both",
        "railway:ptc": "no",
        "railway:track_class": "1",
        "railway:track_ref": "L",
        "ref": "GCT",
        "tunnel": "yes",
        "usage": "main",
        "voltage": "700"
      },
      "geometry": {
        "type": "LineString",
        "coordinates": [
          [
            -73.9713607,
            40.7609617
          ],
          [
            -73.9716528,
            40.7606318
          ]
        ]
      },
      "id": "way/759735486"
    },
    {
      "type": "Feature",
      "properties": {
        "@id": "way/759735487",
        "electrified": "rail",
        "frequency": "0",
        "gauge": "1435",
        "layer": "-1",
        "maxspeed": "10 mph",
        "maxspeed:freight": "10 mph",
        "name": "Grand Central Terminal",
        "old_railway_operator": "NYC",
        "operator": "Metro-North Railroad",
        "operator:wikidata": "Q125908",
        "owner": "Metropolitan Transportation Authority",
        "railway": "rail",
        "railway:atc": "no",
        "railway:ctc": "no",
        "railway:preferred_direction": "both",
        "railway:ptc": "no",
        "railway:track_class": "1",
        "railway:track_ref": "J",
        "ref": "GCT",
        "tunnel": "yes",
        "usage": "main",
        "voltage": "700"
      },
      "geometry": {
        "type": "LineString",
        "coordinates": [
          [
            -73.9711084,
            40.7613081
          ],
          [
            -73.9708716,
            40.7615662
          ]
        ]
      },
      "id": "way/759735487"
    },
    {
      "type": "Feature",
      "properties": {
        "@id": "way/759735488",
        "electrified": "rail",
        "frequency": "0",
        "gauge": "1435",
        "layer": "-1",
        "maxspeed": "10 mph",
        "maxspeed:freight": "10 mph",
        "name": "Grand Central Terminal",
        "old_railway_operator": "NYC",
        "operator": "Metro-North Railroad",
        "operator:wikidata": "Q125908",
        "owner": "Metropolitan Transportation Authority",
        "railway": "rail",
        "railway:atc": "no",
        "railway:ctc": "no",
        "railway:preferred_direction": "both",
        "railway:ptc": "no",
        "railway:track_class": "1",
        "railway:track_ref": "J",
        "ref": "GCT",
        "tunnel": "yes",
        "usage": "main",
        "voltage": "700"
      },
      "geometry": {
        "type": "LineString",
        "coordinates": [
          [
            -73.9714005,
            40.7609782
          ],
          [
            -73.9711084,
            40.7613081
          ]
        ]
      },
      "id": "way/759735488"
    },
    {
      "type": "Feature",
      "properties": {
        "@id": "way/759735489",
        "electrified": "rail",
        "frequency": "0",
        "gauge": "1435",
        "layer": "-1",
        "maxspeed": "10 mph",
        "maxspeed:freight": "10 mph",
        "name": "Grand Central Terminal",
        "old_railway_operator": "NYC",
        "operator": "Metro-North Railroad",
        "operator:wikidata": "Q125908",
        "owner": "Metropolitan Transportation Authority",
        "railway": "rail",
        "railway:atc": "no",
        "railway:ctc": "no",
        "railway:preferred_direction": "both",
        "railway:ptc": "no",
        "railway:track_class": "1",
        "railway:track_ref": "J",
        "ref": "GCT",
        "tunnel": "yes",
        "usage": "main",
        "voltage": "700"
      },
      "geometry": {
        "type": "LineString",
        "coordinates": [
          [
            -73.9719447,
            40.7603018
          ],
          [
            -73.9716924,
            40.7606483
          ],
          [
            -73.9714005,
            40.7609782
          ]
        ]
      },
      "id": "way/759735489"
    },
    {
      "type": "Feature",
      "properties": {
        "@id": "way/759735491",
        "electrified": "rail",
        "frequency": "0",
        "gauge": "1435",
        "layer": "-1",
        "maxspeed": "10 mph",
        "maxspeed:freight": "10 mph",
        "name": "Grand Central Terminal",
        "old_railway_operator": "NYC",
        "operator": "Metro-North Railroad",
        "operator:wikidata": "Q125908",
        "owner": "Metropolitan Transportation Authority",
        "railway": "rail",
        "railway:atc": "no",
        "railway:ctc": "no",
        "railway:preferred_direction": "both",
        "railway:ptc": "no",
        "railway:track_class": "1",
        "railway:track_ref": "B",
        "ref": "GCT",
        "tunnel": "yes",
        "usage": "main",
        "voltage": "700"
      },
      "geometry": {
        "type": "LineString",
        "coordinates": [
          [
            -73.9716699,
            40.7601108
          ],
          [
            -73.9716271,
            40.7601695
          ],
          [
            -73.9713747,
            40.760516
          ],
          [
            -73.9711224,
            40.7608624
          ]
        ]
      },
      "id": "way/759735491"
    },
    {
      "type": "Feature",
      "properties": {
        "@id": "way/759735492",
        "electrified": "rail",
        "frequency": "0",
        "gauge": "1435",
        "layer": "-2",
        "level": "-2",
        "maxspeed": "10 mph",
        "old_railway_operator": "NYC",
        "operator": "Metro-North Commuter Railroad",
        "operator:wikidata": "Q125908",
        "owner": "Metropolitan Transportation Authority",
        "railway": "rail",
        "railway:track_ref": "A",
        "tunnel": "yes",
        "usage": "main",
        "voltage": "700"
      },
      "geometry": {
        "type": "LineString",
        "coordinates": [
          [
            -73.9735113,
            40.7575098
          ],
          [
            -73.9733529,
            40.7577246
          ],
          [
            -73.9731005,
            40.758071
          ],
          [
            -73.9728481,
            40.7584175
          ],
          [
            -73.9725958,
            40.7587639
          ],
          [
            -73.9723434,
            40.7591104
          ],
          [
            -73.972091,
            40.7594568
          ]
        ]
      },
      "id": "way/759735492"
    },
    {
      "type": "Feature",
      "properties": {
        "@id": "way/759735493",
        "electrified": "rail",
        "frequency": "0",
        "gauge": "1435",
        "layer": "-2",
        "level": "-2",
        "maxspeed": "10 mph",
        "old_railway_operator": "NYC",
        "operator": "Metro-North Commuter Railroad",
        "operator:wikidata": "Q125908",
        "owner": "Metropolitan Transportation Authority",
        "railway": "rail",
        "railway:track_ref": "J",
        "tunnel": "yes",
        "usage": "main",
        "voltage": "700"
      },
      "geometry": {
        "type": "LineString",
        "coordinates": [
          [
            -73.973457,
            40.7582199
          ],
          [
            -73.9732047,
            40.7585663
          ],
          [
            -73.9729524,
            40.7589128
          ],
          [
            -73.9727002,
            40.7592592
          ],
          [
            -73.9724479,
            40.7596057
          ]
        ]
      },
      "id": "way/759735493"
    },
    {
      "type": "Feature",
      "properties": {
        "@id": "way/759735494",
        "electrified": "rail",
        "frequency": "0",
        "gauge": "1435",
        "layer": "-1",
        "maxspeed": "10 mph",
        "maxspeed:freight": "10 mph",
        "name": "Grand Central Terminal",
        "operator": "Metro-North Railroad",
        "owner": "Metropolitan Transportation Authority",
        "railway": "rail",
        "railway:atc": "no",
        "railway:ctc": "no",
        "railway:preferred_direction": "both",
        "railway:ptc": "no",
        "railway:track_class": "1",
        "ref": "GCT",
        "service": "crossover",
        "tunnel": "yes",
        "usage": "main",
        "voltage": "700"
      },
      "geometry": {
        "type": "LineString",
        "coordinates": [
          [
            -73.971786,
            40.7602357
          ],
          [
            -73.9714063,
            40.7606858
          ]
        ]
      },
      "id": "way/759735494"
    },
    {
      "type": "Feature",
      "properties": {
        "@id": "way/759735497",
        "electrified": "rail",
        "frequency": "0",
        "gauge": "1435",
        "layer": "-1",
        "maxspeed": "10 mph",
        "maxspeed:freight": "10 mph",
        "name": "Grand Central Terminal",
        "operator": "Metro-North Railroad",
        "owner": "Metropolitan Transportation Authority",
        "railway": "rail",
        "railway:atc": "no",
        "railway:ctc": "no",
        "railway:preferred_direction": "both",
        "railway:ptc": "no",
        "railway:track_class": "1",
        "ref": "GCT",
        "service": "crossover",
        "tunnel": "yes",
        "usage": "main",
        "voltage": "700"
      },
      "geometry": {
        "type": "LineString",
        "coordinates": [
          [
            -73.9706757,
            40.7617648
          ],
          [
            -73.9703214,
            40.7621652
          ]
        ]
      },
      "id": "way/759735497"
    },
    {
      "type": "Feature",
      "properties": {
        "@id": "way/759735498",
        "electrified": "rail",
        "frequency": "0",
        "gauge": "1435",
        "layer": "-1",
        "maxspeed": "10 mph",
        "maxspeed:freight": "10 mph",
        "name": "Grand Central Terminal",
        "operator": "Metro-North Railroad",
        "owner": "Metropolitan Transportation Authority",
        "railway": "rail",
        "railway:atc": "no",
        "railway:ctc": "no",
        "railway:preferred_direction": "both",
        "railway:ptc": "no",
        "railway:track_class": "1",
        "railway:track_ref": "K",
        "ref": "GCT",
        "tunnel": "yes",
        "usage": "main",
        "voltage": "700"
      },
      "geometry": {
        "type": "LineString",
        "coordinates": [
          [
            -73.9708716,
            40.7615662
          ],
          [
            -73.9709095,
            40.7614714
          ],
          [
            -73.9709871,
            40.7613325
          ]
        ]
      },
      "id": "way/759735498"
    },
    {
      "type": "Feature",
      "properties": {
        "@id": "way/759735499",
        "electrified": "rail",
        "frequency": "0",
        "gauge": "1435",
        "layer": "-1",
        "maxspeed": "10 mph",
        "maxspeed:freight": "10 mph",
        "name": "Grand Central Terminal",
        "operator": "Metro-North Railroad",
        "owner": "Metropolitan Transportation Authority",
        "railway": "rail",
        "railway:atc": "no",
        "railway:ctc": "no",
        "railway:preferred_direction": "both",
        "railway:ptc": "no",
        "railway:track_class": "1",
        "railway:track_ref": "L",
        "ref": "GCT",
        "tunnel": "yes",
        "usage": "main",
        "voltage": "700"
      },
      "geometry": {
        "type": "LineString",
        "coordinates": [
          [
            -73.9708582,
            40.7615134
          ],
          [
            -73.9709095,
            40.7614714
          ],
          [
            -73.9710687,
            40.7612916
          ],
          [
            -73.9713607,
            40.7609617
          ]
        ]
      },
      "id": "way/759735499"
    },
    {
      "type": "Feature",
      "properties": {
        "@id": "way/759735501",
        "electrified": "rail",
        "frequency": "0",
        "gauge": "1435",
        "layer": "-1",
        "maxspeed": "10 mph",
        "maxspeed:freight": "10 mph",
        "name": "Grand Central Terminal",
        "old_railway_operator": "NYC",
        "operator": "Metro-North Railroad",
        "operator:wikidata": "Q125908",
        "owner": "Metropolitan Transportation Authority",
        "railway": "rail",
        "railway:atc": "no",
        "railway:ctc": "no",
        "railway:preferred_direction": "both",
        "railway:ptc": "no",
        "railway:track_class": "1",
        "railway:track_ref": "J",
        "ref": "GCT",
        "tunnel": "yes",
        "usage": "main",
        "voltage": "700"
      },
      "geometry": {
        "type": "LineString",
        "coordinates": [
          [
            -73.9724479,
            40.7596057
          ],
          [
            -73.9721969,
            40.7599554
          ],
          [
            -73.9719447,
            40.7603018
          ]
        ]
      },
      "id": "way/759735501"
    },
    {
      "type": "Feature",
      "properties": {
        "@id": "way/759735502",
        "electrified": "rail",
        "frequency": "0",
        "gauge": "1435",
        "layer": "-1",
        "maxspeed": "10 mph",
        "maxspeed:freight": "10 mph",
        "name": "Grand Central Terminal",
        "old_railway_operator": "NYC",
        "operator": "Metro-North Railroad",
        "operator:wikidata": "Q125908",
        "owner": "Metropolitan Transportation Authority",
        "railway": "rail",
        "railway:atc": "no",
        "railway:ctc": "no",
        "railway:preferred_direction": "both",
        "railway:ptc": "no",
        "railway:track_class": "1",
        "railway:track_ref": "H",
        "ref": "GCT",
        "tunnel": "yes",
        "usage": "main",
        "voltage": "700"
      },
      "geometry": {
        "type": "LineString",
        "coordinates": [
          [
            -73.9723699,
            40.7595759
          ],
          [
            -73.9721176,
            40.7599223
          ],
          [
            -73.9718653,
            40.7602688
          ],
          [
            -73.971613,
            40.7606152
          ],
          [
            -73.9713607,
            40.7609617
          ]
        ]
      },
      "id": "way/759735502"
    },
    {
      "type": "Feature",
      "properties": {
        "@id": "way/759735506",
        "electrified": "rail",
        "frequency": "0",
        "gauge": "1435",
        "layer": "-1",
        "level": "-0.5",
        "maxspeed": "10 mph",
        "maxspeed:freight": "10 mph",
        "name": "Grand Central Terminal",
        "old_railway_operator": "NYC",
        "operator": "Metro-North Railroad",
        "operator:wikidata": "Q125908",
        "owner": "Metropolitan Transportation Authority",
        "railway": "rail",
        "railway:atc": "no",
        "railway:ctc": "no",
        "railway:preferred_direction": "both",
        "railway:ptc": "no",
        "railway:track_class": "1",
        "railway:track_ref": "C",
        "ref": "GCT",
        "tunnel": "yes",
        "usage": "main",
        "voltage": "700"
      },
      "geometry": {
        "type": "LineString",
        "coordinates": [
          [
            -73.9735524,
            40.7575972
          ],
          [
            -73.9734919,
            40.7576804
          ],
          [
            -73.9734333,
            40.757761
          ],
          [
            -73.973181,
            40.7581074
          ],
          [
            -73.9729286,
            40.7584539
          ],
          [
            -73.9726763,
            40.7588003
          ],
          [
            -73.9724239,
            40.7591468
          ],
          [
            -73.9721716,
            40.7594932
          ]
        ]
      },
      "id": "way/759735506"
    },
    {
      "type": "Feature",
      "properties": {
        "@id": "way/759735507",
        "electrified": "rail",
        "frequency": "0",
        "gauge": "1435",
        "layer": "-1",
        "maxspeed": "10 mph",
        "maxspeed:freight": "10 mph",
        "name": "Grand Central Terminal",
        "old_railway_operator": "NYC",
        "operator": "Metro-North Railroad",
        "operator:wikidata": "Q125908",
        "owner": "Metropolitan Transportation Authority",
        "railway": "rail",
        "railway:atc": "no",
        "railway:ctc": "no",
        "railway:preferred_direction": "both",
        "railway:ptc": "no",
        "railway:track_class": "1",
        "railway:track_ref": "G",
        "ref": "GCT",
        "tunnel": "yes",
        "usage": "main",
        "voltage": "700"
      },
      "geometry": {
        "type": "LineString",
        "coordinates": [
          [
            -73.9723304,
            40.7595594
          ],
          [
            -73.9720781,
            40.7599059
          ],
          [
            -73.9718257,
            40.7602523
          ],
          [
            -73.9715734,
            40.7605987
          ],
          [
            -73.9712813,
            40.7609286
          ]
        ]
      },
      "id": "way/759735507"
    },
    {
      "type": "Feature",
      "properties": {
        "@id": "way/759735508",
        "electrified": "rail",
        "frequency": "0",
        "gauge": "1435",
        "layer": "-1",
        "maxspeed": "10 mph",
        "maxspeed:freight": "10 mph",
        "name": "Grand Central Terminal",
        "old_railway_operator": "NYC",
        "operator": "Metro-North Railroad",
        "operator:wikidata": "Q125908",
        "owner": "Metropolitan Transportation Authority",
        "railway": "rail",
        "railway:atc": "no",
        "railway:ctc": "no",
        "railway:preferred_direction": "both",
        "railway:ptc": "no",
        "railway:track_class": "1",
        "railway:track_ref": "F",
        "ref": "GCT",
        "tunnel": "yes",
        "usage": "main",
        "voltage": "700"
      },
      "geometry": {
        "type": "LineString",
        "coordinates": [
          [
            -73.9722893,
            40.7595396
          ],
          [
            -73.9720383,
            40.7598893
          ],
          [
            -73.971786,
            40.7602357
          ]
        ]
      },
      "id": "way/759735508"
    },
    {
      "type": "Feature",
      "properties": {
        "@id": "way/759735510",
        "electrified": "rail",
        "frequency": "0",
        "gauge": "1435",
        "layer": "-1",
        "maxspeed": "10 mph",
        "maxspeed:freight": "10 mph",
        "name": "Grand Central Terminal",
        "old_railway_operator": "NYC",
        "operator": "Metro-North Railroad",
        "operator:wikidata": "Q125908",
        "owner": "Metropolitan Transportation Authority",
        "railway": "rail",
        "railway:atc": "no",
        "railway:ctc": "no",
        "railway:preferred_direction": "both",
        "railway:ptc": "no",
        "railway:track_class": "1",
        "railway:track_ref": "D",
        "ref": "GCT",
        "tunnel": "yes",
        "usage": "main",
        "voltage": "700"
      },
      "geometry": {
        "type": "LineString",
        "coordinates": [
          [
            -73.9722111,
            40.7595097
          ],
          [
            -73.9719588,
            40.7598562
          ],
          [
            -73.9717064,
            40.7602026
          ],
          [
            -73.9714541,
            40.7605491
          ],
          [
            -73.9713287,
            40.7607212
          ]
        ]
      },
      "id": "way/759735510"
    },
    {
      "type": "Feature",
      "properties": {
        "@id": "way/759735511",
        "electrified": "rail",
        "frequency": "0",
        "gauge": "1435",
        "layer": "-1",
        "level": "-0.5",
        "maxspeed": "10 mph",
        "maxspeed:freight": "10 mph",
        "name": "Grand Central Terminal",
        "old_railway_operator": "NYC",
        "operator": "Metro-North Railroad",
        "operator:wikidata": "Q125908",
        "owner": "Metropolitan Transportation Authority",
        "railway": "rail",
        "railway:atc": "no",
        "railway:ctc": "no",
        "railway:preferred_direction": "both",
        "railway:ptc": "no",
        "railway:track_class": "1",
        "railway:track_ref": "23",
        "ref": "GCT",
        "tunnel": "yes",
        "usage": "main",
        "voltage": "700"
      },
      "geometry": {
        "type": "LineString",
        "coordinates": [
          [
            -73.9767506,
            40.7529799
          ],
          [
            -73.9760365,
            40.7539604
          ],
          [
            -73.9753937,
            40.7548429
          ],
          [
            -73.9749293,
            40.7557072
          ]
        ]
      },
      "id": "way/759735511"
    },
    {
      "type": "Feature",
      "properties": {
        "@id": "way/759735512",
        "electrified": "rail",
        "frequency": "0",
        "gauge": "1435",
        "layer": "-1",
        "level": "-0.5",
        "maxspeed": "10 mph",
        "maxspeed:freight": "10 mph",
        "name": "Grand Central Terminal",
        "old_railway_operator": "NYC",
        "operator": "Metro-North Railroad",
        "operator:wikidata": "Q125908",
        "owner": "Metropolitan Transportation Authority",
        "railway": "rail",
        "railway:atc": "no",
        "railway:ctc": "no",
        "railway:preferred_direction": "both",
        "railway:ptc": "no",
        "railway:track_class": "1",
        "railway:track_ref": "26",
        "ref": "GCT",
        "tunnel": "yes",
        "usage": "main",
        "voltage": "700"
      },
      "geometry": {
        "type": "LineString",
        "coordinates": [
          [
            -73.9769592,
            40.7530657
          ],
          [
            -73.9762433,
            40.754046
          ],
          [
            -73.9750093,
            40.7557411
          ],
          [
            -73.9747622,
            40.7560766
          ],
          [
            -73.9745241,
            40.7564046
          ]
        ]
      },
      "id": "way/759735512"
    },
    {
      "type": "Feature",
      "properties": {
        "@id": "way/759735513",
        "electrified": "rail",
        "frequency": "0",
        "gauge": "1435",
        "layer": "-2",
        "level": "-2",
        "maxspeed": "10 mph",
        "maxspeed:freight": "10 mph",
        "name": "Grand Central Terminal",
        "old_railway_operator": "NYC",
        "operator": "Metro-North Railroad",
        "operator:wikidata": "Q125908",
        "owner": "Metropolitan Transportation Authority",
        "railway": "rail",
        "railway:atc": "no",
        "railway:ctc": "no",
        "railway:preferred_direction": "both",
        "railway:ptc": "no",
        "railway:track_class": "1",
        "railway:track_ref": "F",
        "ref": "GCT",
        "tunnel": "yes",
        "usage": "main",
        "voltage": "700"
      },
      "geometry": {
        "type": "LineString",
        "coordinates": [
          [
            -73.9742937,
            40.7567878
          ],
          [
            -73.9741496,
            40.7569855
          ],
          [
            -73.973551,
            40.7578073
          ],
          [
            -73.9732986,
            40.7581538
          ],
          [
            -73.9730463,
            40.7585002
          ],
          [
            -73.972794,
            40.7588467
          ],
          [
            -73.9725417,
            40.7591931
          ]
        ]
      },
      "id": "way/759735513"
    },
    {
      "type": "Feature",
      "properties": {
        "@id": "way/759735514",
        "electrified": "rail",
        "frequency": "0",
        "gauge": "1435",
        "layer": "-1",
        "level": "-0.5",
        "maxspeed": "10 mph",
        "maxspeed:freight": "10 mph",
        "name": "Grand Central Terminal",
        "old_railway_operator": "NYC",
        "operator": "Metro-North Railroad",
        "operator:wikidata": "Q125908",
        "owner": "Metropolitan Transportation Authority",
        "railway": "rail",
        "railway:atc": "no",
        "railway:ctc": "no",
        "railway:preferred_direction": "both",
        "railway:ptc": "no",
        "railway:track_class": "1",
        "railway:track_ref": "27",
        "ref": "GCT",
        "tunnel": "yes",
        "usage": "main",
        "voltage": "700"
      },
      "geometry": {
        "type": "LineString",
        "coordinates": [
          [
            -73.9769984,
            40.753083
          ],
          [
            -73.9762854,
            40.7540634
          ],
          [
            -73.9750494,
            40.7557581
          ],
          [
            -73.9748228,
            40.7561025
          ],
          [
            -73.9746055,
            40.7564374
          ],
          [
            -73.9743673,
            40.7567641
          ]
        ]
      },
      "id": "way/759735514"
    },
    {
      "type": "Feature",
      "properties": {
        "@id": "way/759735515",
        "electrified": "rail",
        "frequency": "0",
        "gauge": "1435",
        "layer": "-3",
        "level": "-3",
        "name": "IND Queens Boulevard Line",
        "operator": "New York City Transit Authority",
        "railway": "subway",
        "railway:cbtc": "yes",
        "railway:preferred_direction": "forward",
        "railway:track_ref": "3",
        "railway:track_ref:signals": "D3",
        "tunnel": "yes",
        "voltage": "625"
      },
      "geometry": {
        "type": "LineString",
        "coordinates": [
          [
            -73.9626676,
            40.754906
          ],
          [
            -73.9684816,
            40.7573602
          ],
          [
            -73.9704002,
            40.7581701
          ],
          [
            -73.9708759,
            40.7583705
          ],
          [
            -73.9728398,
            40.7591994
          ]
        ]
      },
      "id": "way/759735515"
    },
    {
      "type": "Feature",
      "properties": {
        "@id": "way/759735516",
        "electrified": "rail",
        "frequency": "0",
        "gauge": "1435",
        "layer": "-2",
        "level": "-2",
        "name": "IND Queens Boulevard Line",
        "operator": "New York City Transit Authority",
        "railway": "subway",
        "railway:cbtc": "yes",
        "railway:preferred_direction": "forward",
        "railway:track_ref": "3",
        "railway:track_ref:signals": "D3",
        "tunnel": "yes",
        "voltage": "625"
      },
      "geometry": {
        "type": "LineString",
        "coordinates": [
          [
            -73.9728398,
            40.7591994
          ],
          [
            -73.9740524,
            40.7597105
          ],
          [
            -73.9759816,
            40.7605236
          ],
          [
            -73.9766181,
            40.7607921
          ]
        ]
      },
      "id": "way/759735516"
    },
    {
      "type": "Feature",
      "properties": {
        "@id": "way/759771422",
        "electrified": "rail",
        "frequency": "0",
        "gauge": "1435",
        "layer": "-1",
        "level": "-0.5",
        "maxspeed": "10 mph",
        "maxspeed:freight": "10 mph",
        "name": "Grand Central Terminal",
        "old_railway_operator": "NYC",
        "operator": "Metro-North Railroad",
        "operator:wikidata": "Q125908",
        "owner": "Metropolitan Transportation Authority",
        "railway": "rail",
        "railway:atc": "no",
        "railway:ctc": "no",
        "railway:preferred_direction": "both",
        "railway:ptc": "no",
        "railway:track_class": "1",
        "railway:track_ref": "G",
        "ref": "GCT",
        "tunnel": "yes",
        "usage": "main",
        "voltage": "700"
      },
      "geometry": {
        "type": "LineString",
        "coordinates": [
          [
            -73.9741297,
            40.7570899
          ],
          [
            -73.9736514,
            40.7577459
          ],
          [
            -73.9735921,
            40.7578272
          ],
          [
            -73.9733397,
            40.7581737
          ]
        ]
      },
      "id": "way/759771422"
    },
    {
      "type": "Feature",
      "properties": {
        "@id": "way/759771425",
        "electrified": "rail",
        "frequency": "0",
        "gauge": "1435",
        "layer": "-1",
        "level": "-0.5",
        "maxspeed": "10 mph",
        "old_railway_operator": "NYC",
        "operator": "Metro-North Commuter Railroad",
        "operator:wikidata": "Q125908",
        "owner": "Metropolitan Transportation Authority",
        "railway": "rail",
        "railway:track_ref": "D",
        "tunnel": "yes",
        "usage": "main",
        "voltage": "700"
      },
      "geometry": {
        "type": "LineString",
        "coordinates": [
          [
            -73.9737723,
            40.7573658
          ],
          [
            -73.9736225,
            40.7575718
          ]
        ]
      },
      "id": "way/759771425"
    },
    {
      "type": "Feature",
      "properties": {
        "@id": "way/759771426",
        "electrified": "rail",
        "frequency": "0",
        "gauge": "1435",
        "layer": "-1",
        "level": "-0.5",
        "maxspeed": "10 mph",
        "maxspeed:freight": "10 mph",
        "name": "Grand Central Terminal",
        "operator": "Metro-North Railroad",
        "owner": "Metropolitan Transportation Authority",
        "railway": "rail",
        "railway:atc": "no",
        "railway:ctc": "no",
        "railway:preferred_direction": "both",
        "railway:ptc": "no",
        "railway:track_class": "1",
        "railway:track_ref": "O",
        "ref": "GCT",
        "tunnel": "yes",
        "usage": "main",
        "voltage": "700"
      },
      "geometry": {
        "type": "LineString",
        "coordinates": [
          [
            -73.9742212,
            40.7546585
          ],
          [
            -73.9742771,
            40.7543223
          ],
          [
            -73.9743477,
            40.7541079
          ]
        ]
      },
      "id": "way/759771426"
    },
    {
      "type": "Feature",
      "properties": {
        "@id": "way/759771428",
        "electrified": "rail",
        "frequency": "0",
        "gauge": "1435",
        "layer": "-1",
        "level": "-0.5",
        "maxspeed": "10 mph",
        "maxspeed:freight": "10 mph",
        "name": "Grand Central Terminal",
        "old_railway_operator": "NYC",
        "operator": "Metro-North Railroad",
        "operator:wikidata": "Q125908",
        "owner": "Metropolitan Transportation Authority",
        "railway": "rail",
        "railway:atc": "no",
        "railway:ctc": "no",
        "railway:preferred_direction": "both",
        "railway:ptc": "no",
        "railway:track_class": "1",
        "railway:track_ref": "H",
        "ref": "GCT",
        "tunnel": "yes",
        "usage": "main",
        "voltage": "700"
      },
      "geometry": {
        "type": "LineString",
        "coordinates": [
          [
            -73.9746462,
            40.7564538
          ],
          [
            -73.9744081,
            40.75678
          ],
          [
            -73.9739304,
            40.7574345
          ]
        ]
      },
      "id": "way/759771428"
    },
    {
      "type": "Feature",
      "properties": {
        "@id": "way/759771429",
        "electrified": "rail",
        "frequency": "0",
        "gauge": "1435",
        "layer": "-1",
        "level": "-0.5",
        "maxspeed": "10 mph",
        "old_railway_operator": "NYC",
        "operator": "Metro-North Commuter Railroad",
        "operator:wikidata": "Q125908",
        "owner": "Metropolitan Transportation Authority",
        "railway": "rail",
        "railway:track_ref": "I",
        "tunnel": "yes",
        "usage": "main",
        "voltage": "700"
      },
      "geometry": {
        "type": "LineString",
        "coordinates": [
          [
            -73.9749248,
            40.756144
          ],
          [
            -73.9746869,
            40.7564702
          ]
        ]
      },
      "id": "way/759771429"
    },
    {
      "type": "Feature",
      "properties": {
        "@id": "way/759771432",
        "electrified": "rail",
        "frequency": "0",
        "gauge": "1435",
        "layer": "-1",
        "level": "-0.5",
        "maxspeed": "10 mph",
        "old_railway_operator": "NYC",
        "operator": "Metro-North Commuter Railroad",
        "operator:wikidata": "Q125908",
        "owner": "Metropolitan Transportation Authority",
        "railway": "rail",
        "railway:track_ref": "G",
        "tunnel": "yes",
        "usage": "main",
        "voltage": "700"
      },
      "geometry": {
        "type": "LineString",
        "coordinates": [
          [
            -73.9743673,
            40.7567641
          ],
          [
            -73.9741297,
            40.7570899
          ]
        ]
      },
      "id": "way/759771432"
    },
    {
      "type": "Feature",
      "properties": {
        "@id": "way/759771433",
        "electrified": "rail",
        "frequency": "0",
        "gauge": "1435",
        "layer": "-1",
        "level": "-0.5",
        "maxspeed": "10 mph",
        "maxspeed:freight": "10 mph",
        "name": "Grand Central Terminal",
        "old_railway_operator": "NYC",
        "operator": "Metro-North Railroad",
        "operator:wikidata": "Q125908",
        "owner": "Metropolitan Transportation Authority",
        "railway": "rail",
        "railway:atc": "no",
        "railway:ctc": "no",
        "railway:preferred_direction": "both",
        "railway:ptc": "no",
        "railway:track_class": "1",
        "railway:track_ref": "E",
        "ref": "GCT",
        "tunnel": "yes",
        "usage": "main",
        "voltage": "700"
      },
      "geometry": {
        "type": "LineString",
        "coordinates": [
          [
            -73.9742868,
            40.7567305
          ],
          [
            -73.9740487,
            40.7570575
          ]
        ]
      },
      "id": "way/759771433"
    },
    {
      "type": "Feature",
      "properties": {
        "@id": "way/759771435",
        "electrified": "rail",
        "frequency": "0",
        "gauge": "1435",
        "layer": "-1",
        "level": "-0.5",
        "maxspeed": "10 mph",
        "maxspeed:freight": "10 mph",
        "name": "Grand Central Terminal",
        "operator": "Metro-North Railroad",
        "owner": "Metropolitan Transportation Authority",
        "railway": "rail",
        "railway:atc": "no",
        "railway:ctc": "no",
        "railway:preferred_direction": "both",
        "railway:ptc": "no",
        "railway:track_class": "1",
        "railway:track_ref": "S",
        "ref": "GCT",
        "tunnel": "yes",
        "usage": "main",
        "voltage": "700"
      },
      "geometry": {
        "type": "LineString",
        "coordinates": [
          [
            -73.9740487,
            40.7570575
          ],
          [
            -73.9737723,
            40.7573658
          ]
        ]
      },
      "id": "way/759771435"
    },
    {
      "type": "Feature",
      "properties": {
        "@id": "way/759771436",
        "layer": "-1",
        "level": "-0.5",
        "maxspeed": "10 mph",
        "railway": "rail",
        "railway:track_ref": "S",
        "tunnel": "yes",
        "usage": "main"
      },
      "geometry": {
        "type": "LineString",
        "coordinates": [
          [
            -73.9746462,
            40.7564538
          ],
          [
            -73.9743673,
            40.7567641
          ]
        ]
      },
      "id": "way/759771436"
    },
    {
      "type": "Feature",
      "properties": {
        "@id": "way/759771438",
        "electrified": "rail",
        "frequency": "0",
        "gauge": "1435",
        "layer": "-1",
        "level": "-0.5",
        "maxspeed": "10 mph",
        "maxspeed:freight": "10 mph",
        "name": "Grand Central Terminal",
        "old_railway_operator": "NYC",
        "operator": "Metro-North Railroad",
        "operator:wikidata": "Q125908",
        "owner": "Metropolitan Transportation Authority",
        "railway": "rail",
        "railway:atc": "no",
        "railway:ctc": "no",
        "railway:preferred_direction": "both",
        "railway:ptc": "no",
        "railway:track_class": "1",
        "railway:track_ref": "29",
        "ref": "GCT",
        "tunnel": "yes",
        "usage": "main",
        "voltage": "700"
      },
      "geometry": {
        "type": "LineString",
        "coordinates": [
          [
            -73.9771228,
            40.7531344
          ],
          [
            -73.9764076,
            40.7541136
          ],
          [
            -73.9751694,
            40.755809
          ],
          [
            -73.9749248,
            40.756144
          ]
        ]
      },
      "id": "way/759771438"
    },
    {
      "type": "Feature",
      "properties": {
        "@id": "way/759771439",
        "electrified": "rail",
        "frequency": "0",
        "gauge": "1435",
        "layer": "-1",
        "level": "-0.5",
        "maxspeed": "10 mph",
        "maxspeed:freight": "10 mph",
        "name": "Grand Central Terminal",
        "operator": "Metro-North Railroad",
        "owner": "Metropolitan Transportation Authority",
        "railway": "rail",
        "railway:atc": "no",
        "railway:ctc": "no",
        "railway:preferred_direction": "both",
        "railway:ptc": "no",
        "railway:track_class": "1",
        "railway:track_ref": "S",
        "ref": "GCT",
        "tunnel": "yes",
        "usage": "main",
        "voltage": "700"
      },
      "geometry": {
        "type": "LineString",
        "coordinates": [
          [
            -73.9743673,
            40.7567641
          ],
          [
            -73.974208,
            40.7569108
          ],
          [
            -73.9740487,
            40.7570575
          ]
        ]
      },
      "id": "way/759771439"
    },
    {
      "type": "Feature",
      "properties": {
        "@id": "way/759771440",
        "electrified": "rail",
        "frequency": "0",
        "gauge": "1435",
        "layer": "-1",
        "level": "-0.5",
        "maxspeed": "10 mph",
        "old_railway_operator": "NYC",
        "operator": "Metro-North Commuter Railroad",
        "operator:wikidata": "Q125908",
        "owner": "Metropolitan Transportation Authority",
        "railway": "rail",
        "railway:track_ref": "I",
        "tunnel": "yes",
        "usage": "main",
        "voltage": "700"
      },
      "geometry": {
        "type": "LineString",
        "coordinates": [
          [
            -73.9737315,
            40.7577777
          ],
          [
            -73.9736712,
            40.7578603
          ]
        ]
      },
      "id": "way/759771440"
    },
    {
      "type": "Feature",
      "properties": {
        "@id": "way/759771441",
        "electrified": "rail",
        "frequency": "0",
        "gauge": "1435",
        "layer": "-1",
        "level": "-0.5",
        "maxspeed": "10 mph",
        "maxspeed:freight": "10 mph",
        "name": "Grand Central Terminal",
        "operator": "Metro-North Railroad",
        "owner": "Metropolitan Transportation Authority",
        "railway": "rail",
        "railway:atc": "no",
        "railway:ctc": "no",
        "railway:preferred_direction": "both",
        "railway:ptc": "no",
        "railway:track_class": "1",
        "railway:track_ref": "Q",
        "ref": "GCT",
        "tunnel": "yes",
        "usage": "main",
        "voltage": "700"
      },
      "geometry": {
        "type": "LineString",
        "coordinates": [
          [
            -73.9741297,
            40.7570899
          ],
          [
            -73.9739304,
            40.7574345
          ]
        ]
      },
      "id": "way/759771441"
    },
    {
      "type": "Feature",
      "properties": {
        "@id": "way/759771442",
        "electrified": "rail",
        "frequency": "0",
        "gauge": "1435",
        "layer": "-1",
        "level": "-0.5",
        "maxspeed": "10 mph",
        "maxspeed:freight": "10 mph",
        "name": "Grand Central Terminal",
        "operator": "Metro-North Railroad",
        "owner": "Metropolitan Transportation Authority",
        "railway": "rail",
        "railway:atc": "no",
        "railway:ctc": "no",
        "railway:preferred_direction": "both",
        "railway:ptc": "no",
        "railway:track_class": "1",
        "railway:track_ref": "Q",
        "ref": "GCT",
        "tunnel": "yes",
        "usage": "main",
        "voltage": "700"
      },
      "geometry": {
        "type": "LineString",
        "coordinates": [
          [
            -73.9739304,
            40.7574345
          ],
          [
            -73.9737315,
            40.7577777
          ]
        ]
      },
      "id": "way/759771442"
    },
    {
      "type": "Feature",
      "properties": {
        "@id": "way/759771443",
        "electrified": "rail",
        "frequency": "0",
        "gauge": "1435",
        "layer": "-1",
        "level": "-0.5",
        "maxspeed": "10 mph",
        "maxspeed:freight": "10 mph",
        "name": "Grand Central Terminal",
        "old_railway_operator": "NYC",
        "operator": "Metro-North Railroad",
        "operator:wikidata": "Q125908",
        "owner": "Metropolitan Transportation Authority",
        "railway": "rail",
        "railway:atc": "no",
        "railway:ctc": "no",
        "railway:preferred_direction": "both",
        "railway:ptc": "no",
        "railway:track_class": "1",
        "railway:track_ref": "H",
        "ref": "GCT",
        "tunnel": "yes",
        "usage": "main",
        "voltage": "700"
      },
      "geometry": {
        "type": "LineString",
        "coordinates": [
          [
            -73.9739304,
            40.7574345
          ],
          [
            -73.9736915,
            40.7577618
          ],
          [
            -73.9736314,
            40.7578437
          ],
          [
            -73.9733791,
            40.7581901
          ]
        ]
      },
      "id": "way/759771443"
    },
    {
      "type": "Feature",
      "properties": {
        "@id": "way/759771444",
        "electrified": "rail",
        "frequency": "0",
        "gauge": "1435",
        "layer": "-1",
        "level": "-0.5",
        "maxspeed": "10 mph",
        "old_railway_operator": "NYC",
        "operator": "Metro-North Commuter Railroad",
        "operator:wikidata": "Q125908",
        "owner": "Metropolitan Transportation Authority",
        "railway": "rail",
        "railway:track_ref": "C",
        "tunnel": "yes",
        "usage": "main",
        "voltage": "700"
      },
      "geometry": {
        "type": "LineString",
        "coordinates": [
          [
            -73.9749293,
            40.7557072
          ],
          [
            -73.974681,
            40.7560429
          ],
          [
            -73.9744428,
            40.7563717
          ],
          [
            -73.9742053,
            40.7566986
          ],
          [
            -73.97397,
            40.7570224
          ],
          [
            -73.9737332,
            40.7573483
          ]
        ]
      },
      "id": "way/759771444"
    },
    {
      "type": "Feature",
      "properties": {
        "@id": "way/759771445",
        "electrified": "rail",
        "frequency": "0",
        "gauge": "1435",
        "layer": "-1",
        "level": "-0.5",
        "maxspeed": "10 mph",
        "maxspeed:freight": "10 mph",
        "name": "Grand Central Terminal",
        "old_railway_operator": "NYC",
        "operator": "Metro-North Railroad",
        "operator:wikidata": "Q125908",
        "owner": "Metropolitan Transportation Authority",
        "railway": "rail",
        "railway:atc": "no",
        "railway:ctc": "no",
        "railway:preferred_direction": "both",
        "railway:ptc": "no",
        "railway:track_class": "1",
        "railway:track_ref": "D",
        "ref": "GCT",
        "tunnel": "yes",
        "usage": "main",
        "voltage": "700"
      },
      "geometry": {
        "type": "LineString",
        "coordinates": [
          [
            -73.9747216,
            40.7560598
          ],
          [
            -73.9744834,
            40.7563881
          ],
          [
            -73.9742461,
            40.7567145
          ],
          [
            -73.9740094,
            40.7570399
          ],
          [
            -73.9737723,
            40.7573658
          ]
        ]
      },
      "id": "way/759771445"
    },
    {
      "type": "Feature",
      "properties": {
        "@id": "way/759771447",
        "electrified": "rail",
        "frequency": "0",
        "gauge": "1435",
        "layer": "-1",
        "level": "-0.5",
        "maxspeed": "10 mph",
        "maxspeed:freight": "10 mph",
        "name": "Grand Central Terminal",
        "old_railway_operator": "NYC",
        "operator": "Metro-North Railroad",
        "operator:wikidata": "Q125908",
        "owner": "Metropolitan Transportation Authority",
        "railway": "rail",
        "railway:atc": "no",
        "railway:ctc": "no",
        "railway:preferred_direction": "both",
        "railway:ptc": "no",
        "railway:track_class": "1",
        "railway:track_ref": "E",
        "ref": "GCT",
        "tunnel": "yes",
        "usage": "main",
        "voltage": "700"
      },
      "geometry": {
        "type": "LineString",
        "coordinates": [
          [
            -73.9740487,
            40.7570575
          ],
          [
            -73.9735709,
            40.7577138
          ],
          [
            -73.9735125,
            40.757794
          ]
        ]
      },
      "id": "way/759771447"
    },
    {
      "type": "Feature",
      "properties": {
        "@id": "way/759771449",
        "electrified": "rail",
        "frequency": "0",
        "gauge": "1435",
        "layer": "-1",
        "level": "-0.5",
        "maxspeed": "10 mph",
        "maxspeed:freight": "10 mph",
        "name": "Grand Central Terminal",
        "operator": "Metro-North Railroad",
        "owner": "Metropolitan Transportation Authority",
        "railway": "rail",
        "railway:atc": "no",
        "railway:ctc": "no",
        "railway:preferred_direction": "both",
        "railway:ptc": "no",
        "railway:track_class": "1",
        "railway:track_ref": "Q",
        "ref": "GCT",
        "tunnel": "yes",
        "usage": "main",
        "voltage": "700"
      },
      "geometry": {
        "type": "LineString",
        "coordinates": [
          [
            -73.9742868,
            40.7567305
          ],
          [
            -73.974208,
            40.7569108
          ],
          [
            -73.9741297,
            40.7570899
          ]
        ]
      },
      "id": "way/759771449"
    },
    {
      "type": "Feature",
      "properties": {
        "@id": "way/759771450",
        "electrified": "rail",
        "frequency": "0",
        "gauge": "1435",
        "layer": "-1",
        "level": "-0.5",
        "maxspeed": "10 mph",
        "maxspeed:freight": "10 mph",
        "name": "Grand Central Terminal",
        "old_railway_operator": "NYC",
        "operator": "Metro-North Railroad",
        "operator:wikidata": "Q125908",
        "owner": "Metropolitan Transportation Authority",
        "railway": "rail",
        "railway:atc": "no",
        "railway:ctc": "no",
        "railway:preferred_direction": "both",
        "railway:ptc": "no",
        "railway:track_class": "1",
        "railway:track_ref": "E",
        "ref": "GCT",
        "tunnel": "yes",
        "usage": "main",
        "voltage": "700"
      },
      "geometry": {
        "type": "LineString",
        "coordinates": [
          [
            -73.9745241,
            40.7564046
          ],
          [
            -73.9742868,
            40.7567305
          ]
        ]
      },
      "id": "way/759771450"
    },
    {
      "type": "Feature",
      "properties": {
        "@id": "way/759771451",
        "layer": "-1",
        "level": "-0.5",
        "maxspeed": "10 mph",
        "railway": "rail",
        "railway:track_ref": "R",
        "tunnel": "yes",
        "usage": "main"
      },
      "geometry": {
        "type": "LineString",
        "coordinates": [
          [
            -73.9747216,
            40.7560598
          ],
          [
            -73.9745241,
            40.7564046
          ]
        ]
      },
      "id": "way/759771451"
    },
    {
      "type": "Feature",
      "properties": {
        "@id": "way/759771452",
        "electrified": "rail",
        "frequency": "0",
        "gauge": "1435",
        "layer": "-1",
        "level": "-0.5",
        "maxspeed": "10 mph",
        "maxspeed:freight": "10 mph",
        "name": "Grand Central Terminal",
        "old_railway_operator": "NYC",
        "operator": "Metro-North Railroad",
        "operator:wikidata": "Q125908",
        "owner": "Metropolitan Transportation Authority",
        "railway": "rail",
        "railway:atc": "no",
        "railway:ctc": "no",
        "railway:preferred_direction": "both",
        "railway:ptc": "no",
        "railway:track_class": "1",
        "railway:track_ref": "25",
        "ref": "GCT",
        "tunnel": "yes",
        "usage": "main",
        "voltage": "700"
      },
      "geometry": {
        "type": "LineString",
        "coordinates": [
          [
            -73.9768772,
            40.7530328
          ],
          [
            -73.9761631,
            40.7540133
          ],
          [
            -73.9753003,
            40.7551979
          ]
        ]
      },
      "id": "way/759771452"
    },
    {
      "type": "Feature",
      "properties": {
        "@id": "way/759912266",
        "electrified": "rail",
        "frequency": "0",
        "gauge": "1435",
        "layer": "-1",
        "level": "-0.5",
        "maxspeed": "10 mph",
        "maxspeed:freight": "10 mph",
        "name": "Grand Central Terminal",
        "operator": "Metro-North Railroad",
        "owner": "Metropolitan Transportation Authority",
        "railway": "rail",
        "railway:atc": "no",
        "railway:ctc": "no",
        "railway:preferred_direction": "both",
        "railway:ptc": "no",
        "railway:track_class": "1",
        "railway:track_ref": "O",
        "ref": "GCT",
        "tunnel": "yes",
        "usage": "main",
        "voltage": "700"
      },
      "geometry": {
        "type": "LineString",
        "coordinates": [
          [
            -73.9743477,
            40.7541079
          ],
          [
            -73.974453,
            40.7539006
          ]
        ]
      },
      "id": "way/759912266"
    },
    {
      "type": "Feature",
      "properties": {
        "@id": "way/759912268",
        "electrified": "rail",
        "frequency": "0",
        "gauge": "1435",
        "layer": "-1",
        "level": "-0.5",
        "maxspeed": "10 mph",
        "maxspeed:freight": "10 mph",
        "name": "Grand Central Terminal",
        "operator": "Metro-North Railroad",
        "owner": "Metropolitan Transportation Authority",
        "railway": "rail",
        "railway:atc": "no",
        "railway:ctc": "no",
        "railway:preferred_direction": "both",
        "railway:ptc": "no",
        "railway:track_class": "1",
        "railway:track_ref": "M",
        "ref": "GCT",
        "tunnel": "yes",
        "usage": "main",
        "voltage": "700"
      },
      "geometry": {
        "type": "LineString",
        "coordinates": [
          [
            -73.9739907,
            40.7557409
          ],
          [
            -73.9740236,
            40.7555404
          ]
        ]
      },
      "id": "way/759912268"
    },
    {
      "type": "Feature",
      "properties": {
        "@id": "way/759912270",
        "electrified": "rail",
        "frequency": "0",
        "gauge": "1435",
        "layer": "-1",
        "level": "-0.5",
        "maxspeed": "10 mph",
        "maxspeed:freight": "10 mph",
        "name": "Grand Central Terminal",
        "operator": "Metro-North Railroad",
        "owner": "Metropolitan Transportation Authority",
        "railway": "rail",
        "railway:atc": "no",
        "railway:ctc": "no",
        "railway:preferred_direction": "both",
        "railway:ptc": "no",
        "railway:track_class": "1",
        "ref": "GCT",
        "service": "crossover",
        "tunnel": "yes",
        "usage": "main",
        "voltage": "700"
      },
      "geometry": {
        "type": "LineString",
        "coordinates": [
          [
            -73.9741164,
            40.755288
          ],
          [
            -73.9740236,
            40.7555404
          ]
        ]
      },
      "id": "way/759912270"
    },
    {
      "type": "Feature",
      "properties": {
        "@id": "way/759912272",
        "electrified": "rail",
        "frequency": "0",
        "gauge": "1435",
        "layer": "-1",
        "level": "-0.5",
        "maxspeed": "10 mph",
        "maxspeed:freight": "10 mph",
        "name": "Grand Central Terminal",
        "operator": "Metro-North Railroad",
        "owner": "Metropolitan Transportation Authority",
        "railway": "rail",
        "railway:atc": "no",
        "railway:ctc": "no",
        "railway:preferred_direction": "both",
        "railway:ptc": "no",
        "railway:track_class": "1",
        "railway:track_ref": "M",
        "ref": "GCT",
        "tunnel": "yes",
        "usage": "main",
        "voltage": "700"
      },
      "geometry": {
        "type": "LineString",
        "coordinates": [
          [
            -73.9740236,
            40.7555404
          ],
          [
            -73.9741272,
            40.7549093
          ]
        ]
      },
      "id": "way/759912272"
    },
    {
      "type": "Feature",
      "properties": {
        "@id": "way/759912273",
        "electrified": "rail",
        "frequency": "0",
        "gauge": "1435",
        "layer": "-1",
        "level": "-0.5",
        "maxspeed": "10 mph",
        "maxspeed:freight": "10 mph",
        "name": "Grand Central Terminal",
        "operator": "Metro-North Railroad",
        "owner": "Metropolitan Transportation Authority",
        "railway": "rail",
        "railway:atc": "no",
        "railway:ctc": "no",
        "railway:preferred_direction": "both",
        "railway:ptc": "no",
        "railway:track_class": "1",
        "railway:track_ref": "O",
        "ref": "GCT",
        "tunnel": "yes",
        "usage": "main",
        "voltage": "700"
      },
      "geometry": {
        "type": "LineString",
        "coordinates": [
          [
            -73.97417,
            40.7549658
          ],
          [
            -73.9742212,
            40.7546585
          ]
        ]
      },
      "id": "way/759912273"
    },
    {
      "type": "Feature",
      "properties": {
        "@id": "way/759912286",
        "electrified": "rail",
        "frequency": "0",
        "gauge": "1435",
        "layer": "-1",
        "level": "-0.5",
        "maxspeed": "10 mph",
        "maxspeed:freight": "10 mph",
        "name": "Grand Central Terminal",
        "operator": "Metro-North Railroad",
        "owner": "Metropolitan Transportation Authority",
        "railway": "rail",
        "railway:atc": "no",
        "railway:ctc": "no",
        "railway:preferred_direction": "both",
        "railway:ptc": "no",
        "railway:track_class": "1",
        "railway:track_ref": "O",
        "ref": "GCT",
        "tunnel": "yes",
        "usage": "main",
        "voltage": "700"
      },
      "geometry": {
        "type": "LineString",
        "coordinates": [
          [
            -73.9741164,
            40.755288
          ],
          [
            -73.97417,
            40.7549658
          ]
        ]
      },
      "id": "way/759912286"
    },
    {
      "type": "Feature",
      "properties": {
        "@id": "way/759912292",
        "electrified": "rail",
        "frequency": "0",
        "gauge": "1435",
        "layer": "-1",
        "level": "-0.5",
        "maxspeed": "10 mph",
        "maxspeed:freight": "10 mph",
        "name": "Grand Central Terminal",
        "operator": "Metro-North Railroad",
        "owner": "Metropolitan Transportation Authority",
        "railway": "rail",
        "railway:atc": "no",
        "railway:ctc": "no",
        "railway:preferred_direction": "both",
        "railway:ptc": "no",
        "railway:track_class": "1",
        "railway:track_ref": "O",
        "ref": "GCT",
        "tunnel": "yes",
        "usage": "main",
        "voltage": "700"
      },
      "geometry": {
        "type": "LineString",
        "coordinates": [
          [
            -73.9740735,
            40.7555461
          ],
          [
            -73.9741164,
            40.755288
          ]
        ]
      },
      "id": "way/759912292"
    },
    {
      "type": "Feature",
      "properties": {
        "@id": "way/759912293",
        "electrified": "rail",
        "frequency": "0",
        "gauge": "1435",
        "layer": "-1",
        "level": "-0.5",
        "maxspeed": "10 mph",
        "maxspeed:freight": "10 mph",
        "name": "Grand Central Terminal",
        "operator": "Metro-North Railroad",
        "owner": "Metropolitan Transportation Authority",
        "railway": "rail",
        "railway:atc": "no",
        "railway:ctc": "no",
        "railway:preferred_direction": "both",
        "railway:ptc": "no",
        "railway:track_class": "1",
        "railway:track_ref": "M",
        "ref": "GCT",
        "tunnel": "yes",
        "usage": "main",
        "voltage": "700"
      },
      "geometry": {
        "type": "LineString",
        "coordinates": [
          [
            -73.9741272,
            40.7549093
          ],
          [
            -73.9741716,
            40.7546392
          ],
          [
            -73.974216,
            40.7543689
          ],
          [
            -73.9742715,
            40.7542164
          ],
          [
            -73.9743477,
            40.7541079
          ]
        ]
      },
      "id": "way/759912293"
    },
    {
      "type": "Feature",
      "properties": {
        "@id": "way/759912295",
        "electrified": "rail",
        "frequency": "0",
        "gauge": "1435",
        "layer": "-1",
        "level": "-0.5",
        "maxspeed": "10 mph",
        "maxspeed:freight": "10 mph",
        "name": "Grand Central Terminal",
        "operator": "Metro-North Railroad",
        "owner": "Metropolitan Transportation Authority",
        "railway": "rail",
        "railway:atc": "no",
        "railway:ctc": "no",
        "railway:preferred_direction": "both",
        "railway:ptc": "no",
        "railway:track_class": "1",
        "railway:track_ref": "M",
        "ref": "GCT",
        "tunnel": "yes",
        "usage": "main",
        "voltage": "700"
      },
      "geometry": {
        "type": "LineString",
        "coordinates": [
          [
            -73.9738138,
            40.756818
          ],
          [
            -73.9738662,
            40.7564985
          ],
          [
            -73.9739711,
            40.7558597
          ],
          [
            -73.9739907,
            40.7557409
          ]
        ]
      },
      "id": "way/759912295"
    },
    {
      "type": "Feature",
      "properties": {
        "@id": "way/759912297",
        "layer": "-1",
        "level": "-0.5",
        "railway": "rail",
        "service": "crossover",
        "tunnel": "yes"
      },
      "geometry": {
        "type": "LineString",
        "coordinates": [
          [
            -73.973914,
            40.7565041
          ],
          [
            -73.9738138,
            40.756818
          ]
        ]
      },
      "id": "way/759912297"
    },
    {
      "type": "Feature",
      "properties": {
        "@id": "way/759912298",
        "electrified": "rail",
        "frequency": "0",
        "gauge": "1435",
        "layer": "-1",
        "level": "-0.5",
        "maxspeed": "10 mph",
        "old_railway_operator": "NYC",
        "operator": "Metro-North Commuter Railroad",
        "operator:wikidata": "Q125908",
        "owner": "Metropolitan Transportation Authority",
        "railway": "rail",
        "railway:track_ref": "C",
        "tunnel": "yes",
        "usage": "main",
        "voltage": "700"
      },
      "geometry": {
        "type": "LineString",
        "coordinates": [
          [
            -73.9737332,
            40.7573483
          ],
          [
            -73.9735524,
            40.7575972
          ]
        ]
      },
      "id": "way/759912298"
    },
    {
      "type": "Feature",
      "properties": {
        "@id": "way/759912299",
        "layer": "-1",
        "level": "-0.5",
        "maxspeed": "10 mph",
        "railway": "rail",
        "railway:track_ref": "M",
        "tunnel": "yes",
        "usage": "main"
      },
      "geometry": {
        "type": "LineString",
        "coordinates": [
          [
            -73.9735524,
            40.7575972
          ],
          [
            -73.9736945,
            40.7573364
          ],
          [
            -73.9737613,
            40.7571376
          ],
          [
            -73.9738138,
            40.756818
          ]
        ]
      },
      "id": "way/759912299"
    },
    {
      "type": "Feature",
      "properties": {
        "@id": "way/759912300",
        "electrified": "rail",
        "frequency": "0",
        "gauge": "1435",
        "layer": "-1",
        "level": "-0.5",
        "maxspeed": "10 mph",
        "maxspeed:freight": "10 mph",
        "name": "Grand Central Terminal",
        "operator": "Metro-North Railroad",
        "owner": "Metropolitan Transportation Authority",
        "railway": "rail",
        "railway:atc": "no",
        "railway:ctc": "no",
        "railway:preferred_direction": "both",
        "railway:ptc": "no",
        "railway:track_class": "1",
        "railway:track_ref": "O",
        "ref": "GCT",
        "tunnel": "yes",
        "usage": "main",
        "voltage": "700"
      },
      "geometry": {
        "type": "LineString",
        "coordinates": [
          [
            -73.9740204,
            40.7558652
          ],
          [
            -73.9740735,
            40.7555461
          ]
        ]
      },
      "id": "way/759912300"
    },
    {
      "type": "Feature",
      "properties": {
        "@id": "way/759912301",
        "electrified": "rail",
        "frequency": "0",
        "gauge": "1435",
        "layer": "-1",
        "level": "-0.5",
        "maxspeed": "10 mph",
        "maxspeed:freight": "10 mph",
        "name": "Grand Central Terminal",
        "old_railway_operator": "NYC",
        "operator": "Metro-North Railroad",
        "operator:wikidata": "Q125908",
        "owner": "Metropolitan Transportation Authority",
        "railway": "rail",
        "railway:atc": "no",
        "railway:ctc": "no",
        "railway:preferred_direction": "both",
        "railway:ptc": "no",
        "railway:track_class": "1",
        "railway:track_ref": "14",
        "ref": "GCT",
        "tunnel": "yes",
        "usage": "main",
        "voltage": "700"
      },
      "geometry": {
        "type": "LineString",
        "coordinates": [
          [
            -73.9741746,
            40.7556102
          ],
          [
            -73.9740204,
            40.7558652
          ]
        ]
      },
      "id": "way/759912301"
    },
    {
      "type": "Feature",
      "properties": {
        "@id": "way/759912302",
        "electrified": "rail",
        "frequency": "0",
        "gauge": "1435",
        "layer": "-1",
        "level": "-0.5",
        "maxspeed": "10 mph",
        "maxspeed:freight": "10 mph",
        "name": "Grand Central Terminal",
        "old_railway_operator": "NYC",
        "operator": "Metro-North Railroad",
        "operator:wikidata": "Q125908",
        "owner": "Metropolitan Transportation Authority",
        "railway": "rail",
        "railway:atc": "no",
        "railway:ctc": "no",
        "railway:preferred_direction": "both",
        "railway:ptc": "no",
        "railway:track_class": "1",
        "railway:track_ref": "14",
        "ref": "GCT",
        "tunnel": "yes",
        "usage": "main",
        "voltage": "700"
      },
      "geometry": {
        "type": "LineString",
        "coordinates": [
          [
            -73.9761588,
            40.7527326
          ],
          [
            -73.9754447,
            40.753713
          ],
          [
            -73.9743644,
            40.7551687
          ],
          [
            -73.9743066,
            40.7552784
          ],
          [
            -73.9741746,
            40.7556102
          ]
        ]
      },
      "id": "way/759912302"
    },
    {
      "type": "Feature",
      "properties": {
        "@id": "way/759912303",
        "electrified": "rail",
        "frequency": "0",
        "gauge": "1435",
        "layer": "-1",
        "level": "-0.5",
        "maxspeed": "10 mph",
        "maxspeed:freight": "10 mph",
        "name": "Grand Central Terminal",
        "old_railway_operator": "NYC",
        "operator": "Metro-North Railroad",
        "operator:wikidata": "Q125908",
        "owner": "Metropolitan Transportation Authority",
        "railway": "rail",
        "railway:atc": "no",
        "railway:ctc": "no",
        "railway:preferred_direction": "both",
        "railway:ptc": "no",
        "railway:track_class": "1",
        "railway:track_ref": "13",
        "ref": "GCT",
        "tunnel": "yes",
        "usage": "main",
        "voltage": "700"
      },
      "geometry": {
        "type": "LineString",
        "coordinates": [
          [
            -73.9761178,
            40.7527155
          ],
          [
            -73.9754037,
            40.753696
          ],
          [
            -73.9742873,
            40.7552129
          ]
        ]
      },
      "id": "way/759912303"
    },
    {
      "type": "Feature",
      "properties": {
        "@id": "way/759912304",
        "electrified": "rail",
        "frequency": "0",
        "gauge": "1435",
        "layer": "-1",
        "level": "-0.5",
        "maxspeed": "10 mph",
        "maxspeed:freight": "10 mph",
        "name": "Grand Central Terminal",
        "old_railway_operator": "NYC",
        "operator": "Metro-North Railroad",
        "operator:wikidata": "Q125908",
        "owner": "Metropolitan Transportation Authority",
        "railway": "rail",
        "railway:atc": "no",
        "railway:ctc": "no",
        "railway:preferred_direction": "both",
        "railway:ptc": "no",
        "railway:track_class": "1",
        "railway:track_ref": "11",
        "ref": "GCT",
        "tunnel": "yes",
        "usage": "main",
        "voltage": "700"
      },
      "geometry": {
        "type": "LineString",
        "coordinates": [
          [
            -73.9742873,
            40.7552129
          ],
          [
            -73.9740735,
            40.7555461
          ]
        ]
      },
      "id": "way/759912304"
    },
    {
      "type": "Feature",
      "properties": {
        "@id": "way/759912305",
        "electrified": "rail",
        "frequency": "0",
        "gauge": "1435",
        "layer": "-1",
        "level": "-0.5",
        "maxspeed": "10 mph",
        "maxspeed:freight": "10 mph",
        "name": "Grand Central Terminal",
        "operator": "Metro-North Railroad",
        "owner": "Metropolitan Transportation Authority",
        "railway": "rail",
        "railway:atc": "no",
        "railway:ctc": "no",
        "railway:preferred_direction": "both",
        "railway:ptc": "no",
        "railway:track_class": "1",
        "railway:track_ref": "O",
        "ref": "GCT",
        "tunnel": "yes",
        "usage": "main",
        "voltage": "700"
      },
      "geometry": {
        "type": "LineString",
        "coordinates": [
          [
            -73.9739672,
            40.7561846
          ],
          [
            -73.9740204,
            40.7558652
          ]
        ]
      },
      "id": "way/759912305"
    },
    {
      "type": "Feature",
      "properties": {
        "@id": "way/759912306",
        "electrified": "rail",
        "frequency": "0",
        "gauge": "1435",
        "layer": "-1",
        "level": "-0.5",
        "maxspeed": "10 mph",
        "maxspeed:freight": "10 mph",
        "name": "Grand Central Terminal",
        "old_railway_operator": "NYC",
        "operator": "Metro-North Railroad",
        "operator:wikidata": "Q125908",
        "owner": "Metropolitan Transportation Authority",
        "railway": "rail",
        "railway:atc": "no",
        "railway:ctc": "no",
        "railway:preferred_direction": "both",
        "railway:ptc": "no",
        "railway:track_class": "1",
        "railway:track_ref": "11",
        "ref": "GCT",
        "tunnel": "yes",
        "usage": "main",
        "voltage": "700"
      },
      "geometry": {
        "type": "LineString",
        "coordinates": [
          [
            -73.9760434,
            40.752681
          ],
          [
            -73.9753271,
            40.7536617
          ],
          [
            -73.9745531,
            40.754725
          ],
          [
            -73.9744566,
            40.7548771
          ],
          [
            -73.9742873,
            40.7552129
          ]
        ]
      },
      "id": "way/759912306"
    },
    {
      "type": "Feature",
      "properties": {
        "@id": "way/759912307",
        "electrified": "rail",
        "frequency": "0",
        "gauge": "1435",
        "layer": "-1",
        "level": "-0.5",
        "maxspeed": "10 mph",
        "maxspeed:freight": "10 mph",
        "name": "Grand Central Terminal",
        "old_railway_operator": "NYC",
        "operator": "Metro-North Railroad",
        "operator:wikidata": "Q125908",
        "owner": "Metropolitan Transportation Authority",
        "railway": "rail",
        "railway:atc": "no",
        "railway:ctc": "no",
        "railway:preferred_direction": "both",
        "railway:ptc": "no",
        "railway:track_class": "1",
        "railway:track_ref": "16",
        "ref": "GCT",
        "tunnel": "yes",
        "usage": "main",
        "voltage": "700"
      },
      "geometry": {
        "type": "LineString",
        "coordinates": [
          [
            -73.974128,
            40.755901
          ],
          [
            -73.9739672,
            40.7561846
          ]
        ]
      },
      "id": "way/759912307"
    },
    {
      "type": "Feature",
      "properties": {
        "@id": "way/759912308",
        "electrified": "rail",
        "frequency": "0",
        "gauge": "1435",
        "layer": "-1",
        "level": "-0.5",
        "maxspeed": "10 mph",
        "maxspeed:freight": "10 mph",
        "name": "Grand Central Terminal",
        "operator": "Metro-North Railroad",
        "owner": "Metropolitan Transportation Authority",
        "railway": "rail",
        "railway:atc": "no",
        "railway:ctc": "no",
        "railway:preferred_direction": "both",
        "railway:ptc": "no",
        "railway:track_class": "1",
        "railway:track_ref": "O",
        "ref": "GCT",
        "tunnel": "yes",
        "usage": "main",
        "voltage": "700"
      },
      "geometry": {
        "type": "LineString",
        "coordinates": [
          [
            -73.973914,
            40.7565041
          ],
          [
            -73.9739672,
            40.7561846
          ]
        ]
      },
      "id": "way/759912308"
    },
    {
      "type": "Feature",
      "properties": {
        "@id": "way/759912309",
        "electrified": "rail",
        "frequency": "0",
        "gauge": "1435",
        "layer": "-1",
        "level": "-0.5",
        "maxspeed": "10 mph",
        "maxspeed:freight": "10 mph",
        "name": "Grand Central Terminal",
        "old_railway_operator": "NYC",
        "operator": "Metro-North Railroad",
        "operator:wikidata": "Q125908",
        "owner": "Metropolitan Transportation Authority",
        "railway": "rail",
        "railway:atc": "no",
        "railway:ctc": "no",
        "railway:preferred_direction": "both",
        "railway:ptc": "no",
        "railway:track_class": "1",
        "railway:track_ref": "16",
        "ref": "GCT",
        "tunnel": "yes",
        "usage": "main",
        "voltage": "700"
      },
      "geometry": {
        "type": "LineString",
        "coordinates": [
          [
            -73.9762854,
            40.7527855
          ],
          [
            -73.9755713,
            40.7537659
          ],
          [
            -73.9743375,
            40.7554599
          ],
          [
            -73.9742554,
            40.7556037
          ],
          [
            -73.974128,
            40.755901
          ]
        ]
      },
      "id": "way/759912309"
    },
    {
      "type": "Feature",
      "properties": {
        "@id": "way/759912310",
        "electrified": "rail",
        "frequency": "0",
        "gauge": "1435",
        "layer": "-1",
        "level": "-0.5",
        "maxspeed": "10 mph",
        "maxspeed:freight": "10 mph",
        "name": "Grand Central Terminal",
        "old_railway_operator": "NYC",
        "operator": "Metro-North Railroad",
        "operator:wikidata": "Q125908",
        "owner": "Metropolitan Transportation Authority",
        "railway": "rail",
        "railway:atc": "no",
        "railway:ctc": "no",
        "railway:preferred_direction": "both",
        "railway:ptc": "no",
        "railway:track_class": "1",
        "railway:track_ref": "18",
        "ref": "GCT",
        "tunnel": "yes",
        "usage": "main",
        "voltage": "700"
      },
      "geometry": {
        "type": "LineString",
        "coordinates": [
          [
            -73.9740289,
            40.7562639
          ],
          [
            -73.973914,
            40.7565041
          ]
        ]
      },
      "id": "way/759912310"
    },
    {
      "type": "Feature",
      "properties": {
        "@id": "way/759912311",
        "layer": "-1",
        "level": "-0.5",
        "maxspeed": "10 mph",
        "railway": "rail",
        "railway:track_ref": "O",
        "tunnel": "yes",
        "usage": "main"
      },
      "geometry": {
        "type": "LineString",
        "coordinates": [
          [
            -73.9738609,
            40.7568237
          ],
          [
            -73.973914,
            40.7565041
          ]
        ]
      },
      "id": "way/759912311"
    },
    {
      "type": "Feature",
      "properties": {
        "@id": "way/759912312",
        "electrified": "rail",
        "frequency": "0",
        "gauge": "1435",
        "layer": "-1",
        "level": "-0.5",
        "maxspeed": "10 mph",
        "maxspeed:freight": "10 mph",
        "name": "Grand Central Terminal",
        "old_railway_operator": "NYC",
        "operator": "Metro-North Railroad",
        "operator:wikidata": "Q125908",
        "owner": "Metropolitan Transportation Authority",
        "railway": "rail",
        "railway:atc": "no",
        "railway:ctc": "no",
        "railway:preferred_direction": "both",
        "railway:ptc": "no",
        "railway:track_class": "1",
        "railway:track_ref": "18",
        "ref": "GCT",
        "tunnel": "yes",
        "usage": "main",
        "voltage": "700"
      },
      "geometry": {
        "type": "LineString",
        "coordinates": [
          [
            -73.9764057,
            40.7528357
          ],
          [
            -73.9756916,
            40.7538162
          ],
          [
            -73.9744578,
            40.7555101
          ],
          [
            -73.9742535,
            40.7557906
          ],
          [
            -73.974162,
            40.7559555
          ],
          [
            -73.9740289,
            40.7562639
          ]
        ]
      },
      "id": "way/759912312"
    },
    {
      "type": "Feature",
      "properties": {
        "@id": "way/759912313",
        "layer": "-1",
        "level": "-0.5",
        "maxspeed": "10 mph",
        "railway": "rail",
        "railway:track_ref": "O",
        "tunnel": "yes",
        "usage": "main"
      },
      "geometry": {
        "type": "LineString",
        "coordinates": [
          [
            -73.9738077,
            40.7571431
          ],
          [
            -73.9738609,
            40.7568237
          ]
        ]
      },
      "id": "way/759912313"
    },
    {
      "type": "Feature",
      "properties": {
        "@id": "way/759912315",
        "layer": "-1",
        "level": "-0.5",
        "maxspeed": "10 mph",
        "railway": "rail",
        "railway:track_ref": "O",
        "tunnel": "yes",
        "usage": "main"
      },
      "geometry": {
        "type": "LineString",
        "coordinates": [
          [
            -73.9737332,
            40.7573483
          ],
          [
            -73.9738077,
            40.7571431
          ]
        ]
      },
      "id": "way/759912315"
    },
    {
      "type": "Feature",
      "properties": {
        "@id": "way/759912316",
        "electrified": "rail",
        "frequency": "0",
        "gauge": "1435",
        "layer": "-1",
        "level": "-0.5",
        "maxspeed": "10 mph",
        "old_railway_operator": "NYC",
        "operator": "Metro-North Commuter Railroad",
        "operator:wikidata": "Q125908",
        "owner": "Metropolitan Transportation Authority",
        "railway": "rail",
        "railway:track_ref": "20",
        "tunnel": "yes",
        "usage": "main",
        "voltage": "700"
      },
      "geometry": {
        "type": "LineString",
        "coordinates": [
          [
            -73.9739517,
            40.7566093
          ],
          [
            -73.9738609,
            40.7568237
          ]
        ]
      },
      "id": "way/759912316"
    },
    {
      "type": "Feature",
      "properties": {
        "@id": "way/759912317",
        "layer": "-1",
        "level": "-0.5",
        "maxspeed": "10 mph",
        "railway": "rail",
        "railway:track_ref": "O",
        "tunnel": "yes",
        "usage": "main"
      },
      "geometry": {
        "type": "LineString",
        "coordinates": [
          [
            -73.9736225,
            40.7575718
          ],
          [
            -73.9737332,
            40.7573483
          ]
        ]
      },
      "id": "way/759912317"
    },
    {
      "type": "Feature",
      "properties": {
        "@id": "way/759912319",
        "electrified": "rail",
        "frequency": "0",
        "gauge": "1435",
        "layer": "-1",
        "level": "-0.5",
        "maxspeed": "10 mph",
        "old_railway_operator": "NYC",
        "operator": "Metro-North Commuter Railroad",
        "operator:wikidata": "Q125908",
        "owner": "Metropolitan Transportation Authority",
        "railway": "rail",
        "railway:track_ref": "25",
        "tunnel": "yes",
        "usage": "main",
        "voltage": "700"
      },
      "geometry": {
        "type": "LineString",
        "coordinates": [
          [
            -73.9753003,
            40.7551979
          ],
          [
            -73.9749293,
            40.7557072
          ]
        ]
      },
      "id": "way/759912319"
    },
    {
      "type": "Feature",
      "properties": {
        "@id": "way/759912321",
        "layer": "-1",
        "level": "-0.5",
        "maxspeed": "10 mph",
        "railway": "rail",
        "railway:track_ref": "R",
        "tunnel": "yes",
        "usage": "main"
      },
      "geometry": {
        "type": "LineString",
        "coordinates": [
          [
            -73.9749293,
            40.7557072
          ],
          [
            -73.9747216,
            40.7560598
          ]
        ]
      },
      "id": "way/759912321"
    },
    {
      "type": "Feature",
      "properties": {
        "@id": "way/759912332",
        "electrified": "rail",
        "frequency": "0",
        "gauge": "1435",
        "layer": "-1",
        "level": "-0.5",
        "maxspeed": "10 mph",
        "maxspeed:freight": "10 mph",
        "name": "Grand Central Terminal",
        "old_railway_operator": "NYC",
        "operator": "Metro-North Railroad",
        "operator:wikidata": "Q125908",
        "owner": "Metropolitan Transportation Authority",
        "railway": "rail",
        "railway:atc": "no",
        "railway:ctc": "no",
        "railway:preferred_direction": "both",
        "railway:ptc": "no",
        "railway:track_class": "1",
        "railway:track_ref": "15",
        "ref": "GCT",
        "tunnel": "yes",
        "usage": "main",
        "voltage": "700"
      },
      "geometry": {
        "type": "LineString",
        "coordinates": [
          [
            -73.9762459,
            40.752768
          ],
          [
            -73.9755297,
            40.7537487
          ],
          [
            -73.9742963,
            40.755443
          ],
          [
            -73.9741746,
            40.7556102
          ]
        ]
      },
      "id": "way/759912332"
    },
    {
      "type": "Feature",
      "properties": {
        "@id": "way/759912333",
        "electrified": "rail",
        "frequency": "0",
        "gauge": "1435",
        "layer": "-1",
        "level": "-0.5",
        "maxspeed": "10 mph",
        "maxspeed:freight": "10 mph",
        "name": "Grand Central Terminal",
        "old_railway_operator": "NYC",
        "operator": "Metro-North Railroad",
        "operator:wikidata": "Q125908",
        "owner": "Metropolitan Transportation Authority",
        "railway": "rail",
        "railway:atc": "no",
        "railway:ctc": "no",
        "railway:preferred_direction": "both",
        "railway:ptc": "no",
        "railway:track_class": "1",
        "railway:track_ref": "17",
        "ref": "GCT",
        "tunnel": "yes",
        "usage": "main",
        "voltage": "700"
      },
      "geometry": {
        "type": "LineString",
        "coordinates": [
          [
            -73.9763724,
            40.752821
          ],
          [
            -73.9756563,
            40.7538016
          ],
          [
            -73.9744229,
            40.7554959
          ],
          [
            -73.974128,
            40.755901
          ]
        ]
      },
      "id": "way/759912333"
    },
    {
      "type": "Feature",
      "properties": {
        "@id": "way/759912334",
        "electrified": "rail",
        "frequency": "0",
        "gauge": "1435",
        "layer": "-1",
        "level": "-0.5",
        "maxspeed": "10 mph",
        "maxspeed:freight": "10 mph",
        "name": "Grand Central Terminal",
        "old_railway_operator": "NYC",
        "operator": "Metro-North Railroad",
        "operator:wikidata": "Q125908",
        "owner": "Metropolitan Transportation Authority",
        "railway": "rail",
        "railway:atc": "no",
        "railway:ctc": "no",
        "railway:preferred_direction": "both",
        "railway:ptc": "no",
        "railway:track_class": "1",
        "railway:track_ref": "19",
        "ref": "GCT",
        "tunnel": "yes",
        "usage": "main",
        "voltage": "700"
      },
      "geometry": {
        "type": "LineString",
        "coordinates": [
          [
            -73.9764989,
            40.752874
          ],
          [
            -73.9757828,
            40.7538546
          ],
          [
            -73.9745493,
            40.755549
          ],
          [
            -73.9740289,
            40.7562639
          ]
        ]
      },
      "id": "way/759912334"
    },
    {
      "type": "Feature",
      "properties": {
        "@id": "way/759912335",
        "electrified": "rail",
        "frequency": "0",
        "gauge": "1435",
        "layer": "-1",
        "level": "-0.5",
        "maxspeed": "10 mph",
        "maxspeed:freight": "10 mph",
        "name": "Grand Central Terminal",
        "old_railway_operator": "NYC",
        "operator": "Metro-North Railroad",
        "operator:wikidata": "Q125908",
        "owner": "Metropolitan Transportation Authority",
        "railway": "rail",
        "railway:atc": "no",
        "railway:ctc": "no",
        "railway:preferred_direction": "both",
        "railway:ptc": "no",
        "railway:track_class": "1",
        "railway:track_ref": "20",
        "ref": "GCT",
        "tunnel": "yes",
        "usage": "main",
        "voltage": "700"
      },
      "geometry": {
        "type": "LineString",
        "coordinates": [
          [
            -73.9765386,
            40.7528913
          ],
          [
            -73.9758245,
            40.7538718
          ],
          [
            -73.9745907,
            40.7555657
          ],
          [
            -73.9741645,
            40.7561507
          ],
          [
            -73.9740802,
            40.756296
          ],
          [
            -73.9739517,
            40.7566093
          ]
        ]
      },
      "id": "way/759912335"
    },
    {
      "type": "Feature",
      "properties": {
        "@id": "way/759912336",
        "electrified": "rail",
        "frequency": "0",
        "gauge": "1435",
        "layer": "-1",
        "level": "-0.5",
        "maxspeed": "10 mph",
        "maxspeed:freight": "10 mph",
        "name": "Grand Central Terminal",
        "old_railway_operator": "NYC",
        "operator": "Metro-North Railroad",
        "operator:wikidata": "Q125908",
        "owner": "Metropolitan Transportation Authority",
        "railway": "rail",
        "railway:atc": "no",
        "railway:ctc": "no",
        "railway:preferred_direction": "both",
        "railway:ptc": "no",
        "railway:track_class": "1",
        "railway:track_ref": "21",
        "ref": "GCT",
        "tunnel": "yes",
        "usage": "main",
        "voltage": "700"
      },
      "geometry": {
        "type": "LineString",
        "coordinates": [
          [
            -73.9766254,
            40.752927
          ],
          [
            -73.9759094,
            40.7539075
          ],
          [
            -73.9746757,
            40.7556022
          ],
          [
            -73.9742524,
            40.7561836
          ],
          [
            -73.9739517,
            40.7566093
          ]
        ]
      },
      "id": "way/759912336"
    },
    {
      "type": "Feature",
      "properties": {
        "@id": "way/759912337",
        "electrified": "rail",
        "frequency": "0",
        "gauge": "1435",
        "layer": "-1",
        "level": "-0.5",
        "maxspeed": "10 mph",
        "maxspeed:freight": "10 mph",
        "name": "Grand Central Terminal",
        "old_railway_operator": "NYC",
        "operator": "Metro-North Railroad",
        "operator:wikidata": "Q125908",
        "owner": "Metropolitan Transportation Authority",
        "railway": "rail",
        "railway:atc": "no",
        "railway:ctc": "no",
        "railway:preferred_direction": "both",
        "railway:ptc": "no",
        "railway:track_class": "1",
        "railway:track_ref": "24",
        "ref": "GCT",
        "tunnel": "yes",
        "usage": "main",
        "voltage": "700"
      },
      "geometry": {
        "type": "LineString",
        "coordinates": [
          [
            -73.9768373,
            40.7530158
          ],
          [
            -73.9761214,
            40.7539962
          ],
          [
            -73.9754778,
            40.7548803
          ],
          [
            -73.9753003,
            40.7551979
          ]
        ]
      },
      "id": "way/759912337"
    },
    {
      "type": "Feature",
      "properties": {
        "@id": "way/759927844",
        "electrified": "rail",
        "frequency": "0",
        "gauge": "1435",
        "layer": "-1",
        "level": "-0.5",
        "maxspeed": "10 mph",
        "maxspeed:freight": "10 mph",
        "name": "Grand Central Terminal",
        "old_railway_operator": "NYC",
        "operator": "Metro-North Railroad",
        "operator:wikidata": "Q125908",
        "owner": "Metropolitan Transportation Authority",
        "railway": "rail",
        "railway:atc": "no",
        "railway:ctc": "no",
        "railway:preferred_direction": "both",
        "railway:ptc": "no",
        "railway:track_class": "1",
        "railway:track_ref": "37",
        "ref": "GCT",
        "tunnel": "yes",
        "usage": "main",
        "voltage": "700"
      },
      "geometry": {
        "type": "LineString",
        "coordinates": [
          [
            -73.9754089,
            40.7563898
          ],
          [
            -73.9751426,
            40.7566767
          ],
          [
            -73.9749324,
            40.7568682
          ]
        ]
      },
      "id": "way/759927844"
    },
    {
      "type": "Feature",
      "properties": {
        "@id": "way/759927845",
        "electrified": "rail",
        "frequency": "0",
        "gauge": "1435",
        "layer": "-1",
        "level": "-0.5",
        "maxspeed": "10 mph",
        "maxspeed:freight": "10 mph",
        "name": "Grand Central Terminal",
        "old_railway_operator": "NYC",
        "operator": "Metro-North Railroad",
        "operator:wikidata": "Q125908",
        "owner": "Metropolitan Transportation Authority",
        "railway": "rail",
        "railway:atc": "no",
        "railway:ctc": "no",
        "railway:preferred_direction": "both",
        "railway:ptc": "no",
        "railway:track_class": "1",
        "railway:track_ref": "36",
        "ref": "GCT",
        "tunnel": "yes",
        "usage": "main",
        "voltage": "700"
      },
      "geometry": {
        "type": "LineString",
        "coordinates": [
          [
            -73.9751213,
            40.7565114
          ],
          [
            -73.9746321,
            40.7569651
          ]
        ]
      },
      "id": "way/759927845"
    },
    {
      "type": "Feature",
      "properties": {
        "@id": "way/759927846",
        "electrified": "rail",
        "frequency": "0",
        "gauge": "1435",
        "layer": "-1",
        "level": "-0.5",
        "maxspeed": "10 mph",
        "maxspeed:freight": "10 mph",
        "name": "Grand Central Terminal",
        "operator": "Metro-North Railroad",
        "owner": "Metropolitan Transportation Authority",
        "railway": "rail",
        "railway:atc": "no",
        "railway:ctc": "no",
        "railway:preferred_direction": "both",
        "railway:ptc": "no",
        "railway:track_class": "1",
        "ref": "GCT",
        "service": "crossover",
        "tunnel": "yes",
        "usage": "main",
        "voltage": "700"
      },
      "geometry": {
        "type": "LineString",
        "coordinates": [
          [
            -73.9754089,
            40.7563898
          ],
          [
            -73.9746321,
            40.7569651
          ]
        ]
      },
      "id": "way/759927846"
    },
    {
      "type": "Feature",
      "properties": {
        "@id": "way/759927847",
        "electrified": "rail",
        "frequency": "0",
        "gauge": "1435",
        "layer": "-1",
        "level": "-0.5",
        "maxspeed": "10 mph",
        "railway": "rail",
        "railway:track_ref": "40",
        "tunnel": "yes",
        "usage": "main",
        "voltage": "700"
      },
      "geometry": {
        "type": "LineString",
        "coordinates": [
          [
            -73.9749324,
            40.7568682
          ],
          [
            -73.9751066,
            40.7567446
          ]
        ]
      },
      "id": "way/759927847"
    },
    {
      "type": "Feature",
      "properties": {
        "@id": "way/759927848",
        "electrified": "rail",
        "frequency": "0",
        "gauge": "1435",
        "layer": "-1",
        "level": "-0.5",
        "maxspeed": "10 mph",
        "maxspeed:freight": "10 mph",
        "name": "Grand Central Terminal",
        "operator": "Metro-North Railroad",
        "owner": "Metropolitan Transportation Authority",
        "railway": "rail",
        "railway:atc": "no",
        "railway:ctc": "no",
        "railway:preferred_direction": "both",
        "railway:ptc": "no",
        "railway:track_class": "1",
        "railway:track_ref": "40",
        "ref": "GCT",
        "tunnel": "yes",
        "usage": "main",
        "voltage": "700"
      },
      "geometry": {
        "type": "LineString",
        "coordinates": [
          [
            -73.9753035,
            40.7566104
          ],
          [
            -73.9755225,
            40.7564613
          ]
        ]
      },
      "id": "way/759927848"
    },
    {
      "type": "Feature",
      "properties": {
        "@id": "way/759927849",
        "electrified": "rail",
        "frequency": "0",
        "gauge": "1435",
        "layer": "-1",
        "maxspeed": "10 mph",
        "maxspeed:freight": "10 mph",
        "name": "Grand Central Terminal",
        "old_railway_operator": "NYC",
        "operator": "Metro-North Railroad",
        "operator:wikidata": "Q125908",
        "owner": "Metropolitan Transportation Authority",
        "railway": "rail",
        "railway:atc": "no",
        "railway:ctc": "no",
        "railway:preferred_direction": "both",
        "railway:ptc": "no",
        "railway:track_class": "1",
        "railway:track_ref": "I",
        "ref": "GCT",
        "tunnel": "yes",
        "usage": "main",
        "voltage": "700"
      },
      "geometry": {
        "type": "LineString",
        "coordinates": [
          [
            -73.9724097,
            40.7595925
          ],
          [
            -73.9721574,
            40.7599389
          ],
          [
            -73.9719051,
            40.7602853
          ],
          [
            -73.9716528,
            40.7606318
          ]
        ]
      },
      "id": "way/759927849"
    },
    {
      "type": "Feature",
      "properties": {
        "@id": "way/759927850",
        "electrified": "rail",
        "frequency": "0",
        "gauge": "1435",
        "layer": "-1",
        "level": "-0.5",
        "maxspeed": "10 mph",
        "maxspeed:freight": "10 mph",
        "name": "Grand Central Terminal",
        "operator": "Metro-North Railroad",
        "owner": "Metropolitan Transportation Authority",
        "railway": "rail",
        "railway:atc": "no",
        "railway:ctc": "no",
        "railway:preferred_direction": "both",
        "railway:ptc": "no",
        "railway:track_class": "1",
        "railway:track_ref": "Y",
        "ref": "GCT",
        "tunnel": "yes",
        "usage": "main",
        "voltage": "700"
      },
      "geometry": {
        "type": "LineString",
        "coordinates": [
          [
            -73.97405,
            40.757486
          ],
          [
            -73.9742322,
            40.7573061
          ]
        ]
      },
      "id": "way/759927850"
    },
    {
      "type": "Feature",
      "properties": {
        "@id": "way/759927851",
        "electrified": "rail",
        "frequency": "0",
        "gauge": "1435",
        "layer": "-1",
        "level": "-0.5",
        "maxspeed": "10 mph",
        "maxspeed:freight": "10 mph",
        "name": "Grand Central Terminal",
        "operator": "Metro-North Railroad",
        "owner": "Metropolitan Transportation Authority",
        "railway": "rail",
        "railway:atc": "no",
        "railway:ctc": "no",
        "railway:preferred_direction": "both",
        "railway:ptc": "no",
        "railway:track_class": "1",
        "ref": "GCT",
        "service": "crossover",
        "tunnel": "yes",
        "usage": "main",
        "voltage": "700"
      },
      "geometry": {
        "type": "LineString",
        "coordinates": [
          [
            -73.9749324,
            40.7568682
          ],
          [
            -73.97405,
            40.757486
          ]
        ]
      },
      "id": "way/759927851"
    },
    {
      "type": "Feature",
      "properties": {
        "@id": "way/759927853",
        "electrified": "rail",
        "frequency": "0",
        "gauge": "1435",
        "layer": "-1",
        "level": "-0.5",
        "maxspeed": "10 mph",
        "maxspeed:freight": "10 mph",
        "name": "Grand Central Terminal",
        "operator": "Metro-North Railroad",
        "owner": "Metropolitan Transportation Authority",
        "railway": "rail",
        "railway:atc": "no",
        "railway:ctc": "no",
        "railway:preferred_direction": "both",
        "railway:ptc": "no",
        "railway:track_class": "1",
        "railway:track_ref": "X",
        "ref": "GCT",
        "tunnel": "yes",
        "usage": "main",
        "voltage": "700"
      },
      "geometry": {
        "type": "LineString",
        "coordinates": [
          [
            -73.974093,
            40.7575135
          ],
          [
            -73.9749324,
            40.7568682
          ]
        ]
      },
      "id": "way/759927853"
    },
    {
      "type": "Feature",
      "properties": {
        "@id": "way/759927855",
        "electrified": "rail",
        "frequency": "0",
        "gauge": "1435",
        "layer": "-1",
        "level": "-0.5",
        "maxspeed": "10 mph",
        "maxspeed:freight": "10 mph",
        "name": "Grand Central Terminal",
        "operator": "Metro-North Railroad",
        "owner": "Metropolitan Transportation Authority",
        "railway": "rail",
        "railway:atc": "no",
        "railway:ctc": "no",
        "railway:preferred_direction": "both",
        "railway:ptc": "no",
        "railway:track_class": "1",
        "railway:track_ref": "Z",
        "ref": "GCT",
        "tunnel": "yes",
        "usage": "main",
        "voltage": "700"
      },
      "geometry": {
        "type": "LineString",
        "coordinates": [
          [
            -73.9755679,
            40.7564944
          ],
          [
            -73.9757782,
            40.7563461
          ]
        ]
      },
      "id": "way/759927855"
    },
    {
      "type": "Feature",
      "properties": {
        "@id": "way/759927856",
        "electrified": "rail",
        "frequency": "0",
        "gauge": "1435",
        "layer": "-1",
        "level": "-0.5",
        "maxspeed": "10 mph",
        "maxspeed:freight": "10 mph",
        "name": "Grand Central Terminal",
        "operator": "Metro-North Railroad",
        "owner": "Metropolitan Transportation Authority",
        "railway": "rail",
        "railway:atc": "no",
        "railway:ctc": "no",
        "railway:preferred_direction": "both",
        "railway:ptc": "no",
        "railway:track_class": "1",
        "railway:track_ref": "Z",
        "ref": "GCT",
        "tunnel": "yes",
        "usage": "main",
        "voltage": "700"
      },
      "geometry": {
        "type": "LineString",
        "coordinates": [
          [
            -73.974093,
            40.7575135
          ],
          [
            -73.9755679,
            40.7564944
          ]
        ]
      },
      "id": "way/759927856"
    },
    {
      "type": "Feature",
      "properties": {
        "@id": "way/759927857",
        "electrified": "rail",
        "frequency": "0",
        "gauge": "1435",
        "layer": "-1",
        "level": "-0.5",
        "maxspeed": "10 mph",
        "maxspeed:freight": "10 mph",
        "name": "Grand Central Terminal",
        "operator": "Metro-North Railroad",
        "owner": "Metropolitan Transportation Authority",
        "railway": "rail",
        "railway:atc": "no",
        "railway:ctc": "no",
        "railway:preferred_direction": "both",
        "railway:ptc": "no",
        "railway:track_class": "1",
        "railway:track_ref": "40",
        "ref": "GCT",
        "tunnel": "yes",
        "usage": "main",
        "voltage": "700"
      },
      "geometry": {
        "type": "LineString",
        "coordinates": [
          [
            -73.9751066,
            40.7567446
          ],
          [
            -73.9753035,
            40.7566104
          ]
        ]
      },
      "id": "way/759927857"
    },
    {
      "type": "Feature",
      "properties": {
        "@id": "way/759927858",
        "electrified": "rail",
        "frequency": "0",
        "gauge": "1435",
        "layer": "-1",
        "level": "-0.5",
        "maxspeed": "10 mph",
        "maxspeed:freight": "10 mph",
        "name": "Grand Central Terminal",
        "operator": "Metro-North Railroad",
        "owner": "Metropolitan Transportation Authority",
        "railway": "rail",
        "railway:atc": "no",
        "railway:ctc": "no",
        "railway:preferred_direction": "both",
        "railway:ptc": "no",
        "railway:track_class": "1",
        "ref": "GCT",
        "service": "crossover",
        "tunnel": "yes",
        "usage": "main",
        "voltage": "700"
      },
      "geometry": {
        "type": "LineString",
        "coordinates": [
          [
            -73.9755679,
            40.7564944
          ],
          [
            -73.9751066,
            40.7567446
          ]
        ]
      },
      "id": "way/759927858"
    },
    {
      "type": "Feature",
      "properties": {
        "@id": "way/759927860",
        "electrified": "rail",
        "frequency": "0",
        "gauge": "1435",
        "layer": "-1",
        "level": "-0.5",
        "maxspeed": "10 mph",
        "maxspeed:freight": "10 mph",
        "name": "Grand Central Terminal",
        "operator": "Metro-North Railroad",
        "owner": "Metropolitan Transportation Authority",
        "railway": "rail",
        "railway:atc": "no",
        "railway:ctc": "no",
        "railway:preferred_direction": "both",
        "railway:ptc": "no",
        "railway:track_class": "1",
        "railway:track_ref": "Y",
        "ref": "GCT",
        "tunnel": "yes",
        "usage": "main",
        "voltage": "700"
      },
      "geometry": {
        "type": "LineString",
        "coordinates": [
          [
            -73.9742322,
            40.7573061
          ],
          [
            -73.9744132,
            40.7571268
          ]
        ]
      },
      "id": "way/759927860"
    },
    {
      "type": "Feature",
      "properties": {
        "@id": "way/759927862",
        "electrified": "rail",
        "frequency": "0",
        "gauge": "1435",
        "layer": "-1",
        "level": "-0.5",
        "maxspeed": "10 mph",
        "maxspeed:freight": "10 mph",
        "name": "Grand Central Terminal",
        "old_railway_operator": "NYC",
        "operator": "Metro-North Railroad",
        "operator:wikidata": "Q125908",
        "owner": "Metropolitan Transportation Authority",
        "railway": "rail",
        "railway:atc": "no",
        "railway:ctc": "no",
        "railway:preferred_direction": "both",
        "railway:ptc": "no",
        "railway:track_class": "1",
        "railway:track_ref": "36",
        "ref": "GCT",
        "tunnel": "yes",
        "usage": "main",
        "voltage": "700"
      },
      "geometry": {
        "type": "LineString",
        "coordinates": [
          [
            -73.9746321,
            40.7569651
          ],
          [
            -73.9744433,
            40.7571441
          ],
          [
            -73.9742322,
            40.7573061
          ]
        ]
      },
      "id": "way/759927862"
    },
    {
      "type": "Feature",
      "properties": {
        "@id": "way/759927865",
        "electrified": "rail",
        "frequency": "0",
        "gauge": "1435",
        "layer": "-1",
        "level": "-0.5",
        "maxspeed": "10 mph",
        "railway": "rail",
        "railway:track_ref": "Y",
        "tunnel": "yes",
        "usage": "main",
        "voltage": "700"
      },
      "geometry": {
        "type": "LineString",
        "coordinates": [
          [
            -73.9744132,
            40.7571268
          ],
          [
            -73.9745967,
            40.7569454
          ]
        ]
      },
      "id": "way/759927865"
    },
    {
      "type": "Feature",
      "properties": {
        "@id": "way/759927866",
        "electrified": "rail",
        "frequency": "0",
        "gauge": "1435",
        "layer": "-1",
        "level": "-0.5",
        "maxspeed": "10 mph",
        "railway": "rail",
        "railway:track_ref": "Y",
        "tunnel": "yes",
        "usage": "main",
        "voltage": "700"
      },
      "geometry": {
        "type": "LineString",
        "coordinates": [
          [
            -73.9738538,
            40.7576798
          ],
          [
            -73.97405,
            40.757486
          ]
        ]
      },
      "id": "way/759927866"
    },
    {
      "type": "Feature",
      "properties": {
        "@id": "way/759927873",
        "layer": "-1",
        "level": "-0.5",
        "maxspeed": "10 mph",
        "railway": "rail",
        "railway:track_ref": "32",
        "tunnel": "yes",
        "usage": "main"
      },
      "geometry": {
        "type": "LineString",
        "coordinates": [
          [
            -73.9752558,
            40.7558451
          ],
          [
            -73.9749248,
            40.756144
          ]
        ]
      },
      "id": "way/759927873"
    },
    {
      "type": "Feature",
      "properties": {
        "@id": "way/759927874",
        "electrified": "rail",
        "frequency": "0",
        "gauge": "1435",
        "layer": "-1",
        "level": "-0.5",
        "maxspeed": "10 mph",
        "maxspeed:freight": "10 mph",
        "name": "Grand Central Terminal",
        "old_railway_operator": "NYC",
        "operator": "Metro-North Railroad",
        "operator:wikidata": "Q125908",
        "owner": "Metropolitan Transportation Authority",
        "railway": "rail",
        "railway:atc": "no",
        "railway:ctc": "no",
        "railway:preferred_direction": "both",
        "railway:ptc": "no",
        "railway:track_class": "1",
        "railway:track_ref": "32",
        "ref": "GCT",
        "tunnel": "yes",
        "usage": "main",
        "voltage": "700"
      },
      "geometry": {
        "type": "LineString",
        "coordinates": [
          [
            -73.9773359,
            40.7532237
          ],
          [
            -73.9766208,
            40.754203
          ],
          [
            -73.9759516,
            40.7551183
          ],
          [
            -73.9757668,
            40.7553711
          ],
          [
            -73.9752558,
            40.7558451
          ]
        ]
      },
      "id": "way/759927874"
    },
    {
      "type": "Feature",
      "properties": {
        "@id": "way/759927875",
        "electrified": "rail",
        "frequency": "0",
        "gauge": "1435",
        "layer": "-1",
        "level": "-0.5",
        "maxspeed": "10 mph",
        "maxspeed:freight": "10 mph",
        "name": "Grand Central Terminal",
        "old_railway_operator": "NYC",
        "operator": "Metro-North Railroad",
        "operator:wikidata": "Q125908",
        "owner": "Metropolitan Transportation Authority",
        "railway": "rail",
        "railway:atc": "no",
        "railway:ctc": "no",
        "railway:preferred_direction": "both",
        "railway:ptc": "no",
        "railway:track_class": "1",
        "railway:track_ref": "33",
        "ref": "GCT",
        "tunnel": "yes",
        "usage": "main",
        "voltage": "700"
      },
      "geometry": {
        "type": "LineString",
        "coordinates": [
          [
            -73.9774252,
            40.7532599
          ],
          [
            -73.9767074,
            40.7542395
          ],
          [
            -73.9759469,
            40.7552805
          ],
          [
            -73.9749619,
            40.7561653
          ],
          [
            -73.9746869,
            40.7564702
          ]
        ]
      },
      "id": "way/759927875"
    },
    {
      "type": "Feature",
      "properties": {
        "@id": "way/759927876",
        "layer": "-1",
        "level": "-0.5",
        "maxspeed": "10 mph",
        "railway": "rail",
        "railway:track_ref": "Y",
        "tunnel": "yes",
        "usage": "main"
      },
      "geometry": {
        "type": "LineString",
        "coordinates": [
          [
            -73.9736712,
            40.7578603
          ],
          [
            -73.9738538,
            40.7576798
          ]
        ]
      },
      "id": "way/759927876"
    },
    {
      "type": "Feature",
      "properties": {
        "@id": "way/759927877",
        "electrified": "rail",
        "frequency": "0",
        "gauge": "1435",
        "layer": "-1",
        "level": "-0.5",
        "maxspeed": "10 mph",
        "old_railway_operator": "NYC",
        "operator": "Metro-North Commuter Railroad",
        "operator:wikidata": "Q125908",
        "owner": "Metropolitan Transportation Authority",
        "railway": "rail",
        "railway:track_ref": "I",
        "tunnel": "yes",
        "usage": "main",
        "voltage": "700"
      },
      "geometry": {
        "type": "LineString",
        "coordinates": [
          [
            -73.9736712,
            40.7578603
          ],
          [
            -73.9734813,
            40.758121
          ]
        ]
      },
      "id": "way/759927877"
    },
    {
      "type": "Feature",
      "properties": {
        "@id": "way/759927879",
        "layer": "-1",
        "level": "-0.5",
        "maxspeed": "10 mph",
        "railway": "rail",
        "railway:track_ref": "S",
        "tunnel": "yes",
        "usage": "main"
      },
      "geometry": {
        "type": "LineString",
        "coordinates": [
          [
            -73.9749248,
            40.756144
          ],
          [
            -73.9746462,
            40.7564538
          ]
        ]
      },
      "id": "way/759927879"
    },
    {
      "type": "Feature",
      "properties": {
        "@id": "way/759927880",
        "electrified": "rail",
        "frequency": "0",
        "gauge": "1435",
        "layer": "-1",
        "level": "-0.5",
        "maxspeed": "10 mph",
        "maxspeed:freight": "10 mph",
        "name": "Grand Central Terminal",
        "old_railway_operator": "NYC",
        "operator": "Metro-North Railroad",
        "operator:wikidata": "Q125908",
        "owner": "Metropolitan Transportation Authority",
        "railway": "rail",
        "railway:atc": "no",
        "railway:ctc": "no",
        "railway:preferred_direction": "both",
        "railway:ptc": "no",
        "railway:track_class": "1",
        "railway:track_ref": "34",
        "ref": "GCT",
        "tunnel": "yes",
        "usage": "main",
        "voltage": "700"
      },
      "geometry": {
        "type": "LineString",
        "coordinates": [
          [
            -73.9745967,
            40.7569454
          ],
          [
            -73.9752637,
            40.7562861
          ],
          [
            -73.9755087,
            40.7559513
          ],
          [
            -73.9767473,
            40.754256
          ],
          [
            -73.9773899,
            40.753379
          ]
        ]
      },
      "id": "way/759927880"
    },
    {
      "type": "Feature",
      "properties": {
        "@id": "way/759927885",
        "electrified": "rail",
        "frequency": "0",
        "gauge": "1435",
        "layer": "-1",
        "level": "-0.5",
        "maxspeed": "10 mph",
        "maxspeed:freight": "10 mph",
        "name": "Grand Central Terminal",
        "old_railway_operator": "NYC",
        "operator": "Metro-North Railroad",
        "operator:wikidata": "Q125908",
        "owner": "Metropolitan Transportation Authority",
        "railway": "rail",
        "railway:atc": "no",
        "railway:ctc": "no",
        "railway:preferred_direction": "both",
        "railway:ptc": "no",
        "railway:track_class": "1",
        "railway:track_ref": "42",
        "ref": "GCT",
        "tunnel": "yes",
        "usage": "main",
        "voltage": "700"
      },
      "geometry": {
        "type": "LineString",
        "coordinates": [
          [
            -73.9778104,
            40.7537893
          ],
          [
            -73.9778375,
            40.7537524
          ],
          [
            -73.9779022,
            40.7536578
          ],
          [
            -73.9780061,
            40.7534577
          ],
          [
            -73.9780578,
            40.7532462
          ],
          [
            -73.9780553,
            40.7530311
          ],
          [
            -73.9779988,
            40.7528203
          ],
          [
            -73.9778903,
            40.7526216
          ],
          [
            -73.9777338,
            40.7524421
          ]
        ]
      },
      "id": "way/759927885"
    },
    {
      "type": "Feature",
      "properties": {
        "@id": "way/759927886",
        "electrified": "rail",
        "frequency": "0",
        "gauge": "1435",
        "layer": "-1",
        "level": "-0.5",
        "maxspeed": "10 mph",
        "maxspeed:freight": "10 mph",
        "name": "Grand Central Terminal",
        "old_railway_operator": "NYC",
        "operator": "Metro-North Railroad",
        "operator:wikidata": "Q125908",
        "owner": "Metropolitan Transportation Authority",
        "railway": "rail",
        "railway:atc": "no",
        "railway:ctc": "no",
        "railway:preferred_direction": "both",
        "railway:ptc": "no",
        "railway:track_class": "1",
        "railway:track_ref": "41",
        "ref": "GCT",
        "tunnel": "yes",
        "usage": "main",
        "voltage": "700"
      },
      "geometry": {
        "type": "LineString",
        "coordinates": [
          [
            -73.9777338,
            40.7524421
          ],
          [
            -73.9778216,
            40.7525502
          ],
          [
            -73.9779255,
            40.7527582
          ],
          [
            -73.9779778,
            40.752977
          ],
          [
            -73.9779767,
            40.7531993
          ],
          [
            -73.9779224,
            40.7534178
          ],
          [
            -73.9778165,
            40.7536252
          ],
          [
            -73.9777515,
            40.7537166
          ],
          [
            -73.9777251,
            40.7537526
          ]
        ]
      },
      "id": "way/759927886"
    },
    {
      "type": "Feature",
      "properties": {
        "@id": "way/759927887",
        "electrified": "rail",
        "frequency": "0",
        "gauge": "1435",
        "layer": "-1",
        "level": "-0.5",
        "maxspeed": "10 mph",
        "maxspeed:freight": "10 mph",
        "name": "Grand Central Terminal",
        "old_railway_operator": "NYC",
        "operator": "Metro-North Railroad",
        "operator:wikidata": "Q125908",
        "owner": "Metropolitan Transportation Authority",
        "railway": "rail",
        "railway:atc": "no",
        "railway:ctc": "no",
        "railway:preferred_direction": "both",
        "railway:ptc": "no",
        "railway:track_class": "1",
        "railway:track_ref": "40",
        "ref": "GCT",
        "tunnel": "yes",
        "usage": "main",
        "voltage": "700"
      },
      "geometry": {
        "type": "LineString",
        "coordinates": [
          [
            -73.977684,
            40.7537362
          ],
          [
            -73.9777111,
            40.7536992
          ],
          [
            -73.9777727,
            40.7536124
          ],
          [
            -73.977877,
            40.753408
          ],
          [
            -73.9779298,
            40.7531959
          ],
          [
            -73.9779308,
            40.7529801
          ],
          [
            -73.97788,
            40.7527677
          ],
          [
            -73.9777776,
            40.7525628
          ],
          [
            -73.9776792,
            40.7524468
          ]
        ]
      },
      "id": "way/759927887"
    },
    {
      "type": "Feature",
      "properties": {
        "@id": "way/759927888",
        "electrified": "rail",
        "frequency": "0",
        "gauge": "1435",
        "layer": "-1",
        "level": "-0.5",
        "maxspeed": "10 mph",
        "old_railway_operator": "NYC",
        "operator": "Metro-North Commuter Railroad",
        "operator:wikidata": "Q125908",
        "owner": "Metropolitan Transportation Authority",
        "railway": "rail",
        "railway:track_ref": "39",
        "tunnel": "yes",
        "usage": "main",
        "voltage": "700"
      },
      "geometry": {
        "type": "LineString",
        "coordinates": [
          [
            -73.9778634,
            40.7530003
          ],
          [
            -73.9778584,
            40.7532075
          ],
          [
            -73.9777965,
            40.7533969
          ],
          [
            -73.9776903,
            40.7535747
          ],
          [
            -73.9776251,
            40.7536634
          ],
          [
            -73.9775987,
            40.7536994
          ]
        ]
      },
      "id": "way/759927888"
    },
    {
      "type": "Feature",
      "properties": {
        "@id": "way/759927889",
        "electrified": "rail",
        "frequency": "0",
        "gauge": "1435",
        "layer": "-1",
        "level": "-0.5",
        "maxspeed": "10 mph",
        "old_railway_operator": "NYC",
        "operator": "Metro-North Commuter Railroad",
        "operator:wikidata": "Q125908",
        "owner": "Metropolitan Transportation Authority",
        "railway": "rail",
        "railway:track_ref": "38",
        "tunnel": "yes",
        "usage": "main",
        "voltage": "700"
      },
      "geometry": {
        "type": "LineString",
        "coordinates": [
          [
            -73.9778634,
            40.7530003
          ],
          [
            -73.977836,
            40.7531915
          ],
          [
            -73.9777644,
            40.753376
          ],
          [
            -73.9776509,
            40.753548
          ],
          [
            -73.9775847,
            40.7536461
          ],
          [
            -73.9775576,
            40.753683
          ]
        ]
      },
      "id": "way/759927889"
    },
    {
      "type": "Feature",
      "properties": {
        "@id": "way/759927890",
        "electrified": "rail",
        "frequency": "0",
        "gauge": "1435",
        "layer": "-1",
        "level": "-0.5",
        "maxspeed": "10 mph",
        "maxspeed:freight": "10 mph",
        "name": "Grand Central Terminal",
        "old_railway_operator": "NYC",
        "operator": "Metro-North Railroad",
        "operator:wikidata": "Q125908",
        "owner": "Metropolitan Transportation Authority",
        "railway": "rail",
        "railway:atc": "no",
        "railway:ctc": "no",
        "railway:preferred_direction": "both",
        "railway:ptc": "no",
        "railway:track_class": "1",
        "railway:track_ref": "37",
        "ref": "GCT",
        "tunnel": "yes",
        "usage": "main",
        "voltage": "700"
      },
      "geometry": {
        "type": "LineString",
        "coordinates": [
          [
            -73.9776028,
            40.753469
          ],
          [
            -73.9769602,
            40.754346
          ],
          [
            -73.9757216,
            40.7560414
          ],
          [
            -73.9755672,
            40.7562261
          ],
          [
            -73.9754089,
            40.7563898
          ]
        ]
      },
      "id": "way/759927890"
    },
    {
      "type": "Feature",
      "properties": {
        "@id": "way/759927891",
        "electrified": "rail",
        "frequency": "0",
        "gauge": "1435",
        "layer": "-1",
        "level": "-0.5",
        "maxspeed": "10 mph",
        "maxspeed:freight": "10 mph",
        "name": "Grand Central Terminal",
        "old_railway_operator": "NYC",
        "operator": "Metro-North Railroad",
        "operator:wikidata": "Q125908",
        "owner": "Metropolitan Transportation Authority",
        "railway": "rail",
        "railway:atc": "no",
        "railway:ctc": "no",
        "railway:preferred_direction": "both",
        "railway:ptc": "no",
        "railway:track_class": "1",
        "railway:track_ref": "35",
        "ref": "GCT",
        "tunnel": "yes",
        "usage": "main",
        "voltage": "700"
      },
      "geometry": {
        "type": "LineString",
        "coordinates": [
          [
            -73.9774764,
            40.7534159
          ],
          [
            -73.9768338,
            40.7542929
          ],
          [
            -73.9755951,
            40.7559883
          ],
          [
            -73.9754549,
            40.756158
          ],
          [
            -73.9751213,
            40.7565114
          ]
        ]
      },
      "id": "way/759927891"
    },
    {
      "type": "Feature",
      "properties": {
        "@id": "way/759927892",
        "electrified": "rail",
        "frequency": "0",
        "gauge": "1435",
        "layer": "-1",
        "level": "-0.5",
        "maxspeed": "10 mph",
        "maxspeed:freight": "10 mph",
        "name": "Grand Central Terminal",
        "old_railway_operator": "NYC",
        "operator": "Metro-North Railroad",
        "operator:wikidata": "Q125908",
        "owner": "Metropolitan Transportation Authority",
        "railway": "rail",
        "railway:atc": "no",
        "railway:ctc": "no",
        "railway:preferred_direction": "both",
        "railway:ptc": "no",
        "railway:track_class": "1",
        "railway:track_ref": "36",
        "ref": "GCT",
        "tunnel": "yes",
        "usage": "main",
        "voltage": "700"
      },
      "geometry": {
        "type": "LineString",
        "coordinates": [
          [
            -73.9775164,
            40.753432
          ],
          [
            -73.9768738,
            40.754309
          ],
          [
            -73.9756352,
            40.7560044
          ],
          [
            -73.9754931,
            40.7561748
          ],
          [
            -73.9751213,
            40.7565114
          ]
        ]
      },
      "id": "way/759927892"
    },
    {
      "type": "Feature",
      "properties": {
        "@id": "way/759927893",
        "electrified": "rail",
        "frequency": "0",
        "gauge": "1435",
        "layer": "-1",
        "level": "-0.5",
        "maxspeed": "10 mph",
        "maxspeed:freight": "10 mph",
        "name": "Grand Central Terminal",
        "old_railway_operator": "NYC",
        "operator": "Metro-North Railroad",
        "operator:wikidata": "Q125908",
        "owner": "Metropolitan Transportation Authority",
        "railway": "rail",
        "railway:atc": "no",
        "railway:ctc": "no",
        "railway:preferred_direction": "both",
        "railway:ptc": "no",
        "railway:track_class": "1",
        "railway:track_ref": "30",
        "ref": "GCT",
        "tunnel": "yes",
        "usage": "main",
        "voltage": "700"
      },
      "geometry": {
        "type": "LineString",
        "coordinates": [
          [
            -73.9772094,
            40.7531707
          ],
          [
            -73.9764943,
            40.7541499
          ],
          [
            -73.9752558,
            40.7558451
          ]
        ]
      },
      "id": "way/759927893"
    },
    {
      "type": "Feature",
      "properties": {
        "@id": "way/759930379",
        "electrified": "rail",
        "frequency": "0",
        "gauge": "1435",
        "layer": "-1",
        "level": "-0.5",
        "maxspeed": "10 mph",
        "maxspeed:freight": "10 mph",
        "name": "Grand Central Terminal",
        "operator": "Metro-North Railroad",
        "owner": "Metropolitan Transportation Authority",
        "railway": "rail",
        "railway:atc": "no",
        "railway:ctc": "no",
        "railway:preferred_direction": "both",
        "railway:ptc": "no",
        "railway:track_class": "1",
        "railway:track_ref": "1",
        "ref": "GCT",
        "tunnel": "yes",
        "usage": "main",
        "voltage": "700"
      },
      "geometry": {
        "type": "LineString",
        "coordinates": [
          [
            -73.9770492,
            40.7520796
          ],
          [
            -73.9768089,
            40.7520358
          ],
          [
            -73.9765619,
            40.7520264
          ],
          [
            -73.9763167,
            40.7520508
          ],
          [
            -73.9760813,
            40.7521081
          ],
          [
            -73.9758633,
            40.7521966
          ],
          [
            -73.9756698,
            40.7523133
          ],
          [
            -73.9755072,
            40.7524544
          ]
        ]
      },
      "id": "way/759930379"
    },
    {
      "type": "Feature",
      "properties": {
        "@id": "way/759930381",
        "electrified": "rail",
        "frequency": "0",
        "gauge": "1435",
        "layer": "-1",
        "level": "-0.5",
        "maxspeed": "10 mph",
        "maxspeed:freight": "10 mph",
        "name": "Grand Central Terminal",
        "old_railway_operator": "NYC",
        "operator": "Metro-North Railroad",
        "operator:wikidata": "Q125908",
        "owner": "Metropolitan Transportation Authority",
        "railway": "rail",
        "railway:atc": "no",
        "railway:ctc": "no",
        "railway:preferred_direction": "both",
        "railway:ptc": "no",
        "railway:track_class": "1",
        "railway:track_ref": "42",
        "ref": "GCT",
        "tunnel": "yes",
        "usage": "main",
        "voltage": "700"
      },
      "geometry": {
        "type": "LineString",
        "coordinates": [
          [
            -73.9777338,
            40.7524421
          ],
          [
            -73.9775323,
            40.7522909
          ]
        ]
      },
      "id": "way/759930381"
    },
    {
      "type": "Feature",
      "properties": {
        "@id": "way/759930382",
        "electrified": "rail",
        "frequency": "0",
        "gauge": "1435",
        "layer": "-1",
        "level": "-0.5",
        "maxspeed": "10 mph",
        "maxspeed:freight": "10 mph",
        "name": "Grand Central Terminal",
        "old_railway_operator": "NYC",
        "operator": "Metro-North Railroad",
        "operator:wikidata": "Q125908",
        "owner": "Metropolitan Transportation Authority",
        "railway": "rail",
        "railway:atc": "no",
        "railway:ctc": "no",
        "railway:preferred_direction": "both",
        "railway:ptc": "no",
        "railway:track_class": "1",
        "railway:track_ref": "40",
        "ref": "GCT",
        "tunnel": "yes",
        "usage": "main",
        "voltage": "700"
      },
      "geometry": {
        "type": "LineString",
        "coordinates": [
          [
            -73.9775323,
            40.7522909
          ],
          [
            -73.9776792,
            40.7524468
          ]
        ]
      },
      "id": "way/759930382"
    },
    {
      "type": "Feature",
      "properties": {
        "@id": "way/759930383",
        "electrified": "rail",
        "frequency": "0",
        "gauge": "1435",
        "layer": "-1",
        "level": "-0.5",
        "maxspeed": "10 mph",
        "maxspeed:freight": "10 mph",
        "name": "Grand Central Terminal",
        "old_railway_operator": "NYC",
        "operator": "Metro-North Railroad",
        "operator:wikidata": "Q125908",
        "owner": "Metropolitan Transportation Authority",
        "railway": "rail",
        "railway:atc": "no",
        "railway:ctc": "no",
        "railway:preferred_direction": "both",
        "railway:ptc": "no",
        "railway:track_class": "1",
        "railway:track_ref": "39",
        "ref": "GCT",
        "tunnel": "yes",
        "usage": "main",
        "voltage": "700"
      },
      "geometry": {
        "type": "LineString",
        "coordinates": [
          [
            -73.9776792,
            40.7524468
          ],
          [
            -73.9777837,
            40.752622
          ],
          [
            -73.9778458,
            40.7528085
          ],
          [
            -73.9778634,
            40.7530003
          ]
        ]
      },
      "id": "way/759930383"
    },
    {
      "type": "Feature",
      "properties": {
        "@id": "way/759944970",
        "gauge": "1435",
        "layer": "-2",
        "level": "-2",
        "maxspeed": "10 mph",
        "railway": "rail",
        "railway:track_ref": "112",
        "tunnel": "yes",
        "usage": "main"
      },
      "geometry": {
        "type": "LineString",
        "coordinates": [
          [
            -73.9758446,
            40.754978
          ],
          [
            -73.9758126,
            40.7550153
          ]
        ]
      },
      "id": "way/759944970"
    },
    {
      "type": "Feature",
      "properties": {
        "@id": "way/759944971",
        "gauge": "1435",
        "layer": "-2",
        "level": "-2",
        "maxspeed": "10 mph",
        "railway": "rail",
        "railway:track_ref": "114",
        "tunnel": "yes",
        "usage": "main"
      },
      "geometry": {
        "type": "LineString",
        "coordinates": [
          [
            -73.9761361,
            40.7547038
          ],
          [
            -73.9758446,
            40.754978
          ]
        ]
      },
      "id": "way/759944971"
    },
    {
      "type": "Feature",
      "properties": {
        "@id": "way/759944972",
        "electrified": "rail",
        "frequency": "0",
        "gauge": "1435",
        "layer": "-2",
        "level": "-2",
        "maxspeed": "10 mph",
        "maxspeed:freight": "10 mph",
        "name": "Grand Central Terminal",
        "operator": "Metro-North Railroad",
        "owner": "Metropolitan Transportation Authority",
        "railway": "rail",
        "railway:atc": "no",
        "railway:ctc": "no",
        "railway:preferred_direction": "both",
        "railway:ptc": "no",
        "railway:track_class": "1",
        "railway:track_ref": "114",
        "ref": "GCT",
        "tunnel": "yes",
        "usage": "main",
        "voltage": "700"
      },
      "geometry": {
        "type": "LineString",
        "coordinates": [
          [
            -73.9773305,
            40.7532202
          ],
          [
            -73.9764968,
            40.7543645
          ],
          [
            -73.9761361,
            40.7547038
          ]
        ]
      },
      "id": "way/759944972"
    },
    {
      "type": "Feature",
      "properties": {
        "@id": "way/759944974",
        "electrified": "rail",
        "frequency": "0",
        "gauge": "1435",
        "layer": "-3",
        "level": "-2",
        "maxspeed": "10 mph",
        "maxspeed:freight": "10 mph",
        "name": "Grand Central Terminal",
        "operator": "Metro-North Railroad",
        "owner": "Metropolitan Transportation Authority",
        "railway": "rail",
        "railway:atc": "no",
        "railway:ctc": "no",
        "railway:preferred_direction": "both",
        "railway:ptc": "no",
        "railway:track_class": "1",
        "railway:track_ref": "115",
        "ref": "GCT",
        "tunnel": "yes",
        "usage": "main",
        "voltage": "700"
      },
      "geometry": {
        "type": "LineString",
        "coordinates": [
          [
            -73.9759342,
            40.7550598
          ],
          [
            -73.9756604,
            40.755337
          ],
          [
            -73.9750995,
            40.7561069
          ]
        ]
      },
      "id": "way/759944974"
    },
    {
      "type": "Feature",
      "properties": {
        "@id": "way/759944979",
        "electrified": "rail",
        "frequency": "0",
        "gauge": "1435",
        "layer": "-2",
        "level": "-2",
        "maxspeed": "10 mph",
        "maxspeed:freight": "10 mph",
        "name": "Grand Central Terminal",
        "operator": "Metro-North Railroad",
        "owner": "Metropolitan Transportation Authority",
        "railway": "rail",
        "railway:atc": "no",
        "railway:ctc": "no",
        "railway:preferred_direction": "both",
        "railway:ptc": "no",
        "railway:track_class": "1",
        "railway:track_ref": "113",
        "ref": "GCT",
        "tunnel": "yes",
        "usage": "main",
        "voltage": "700"
      },
      "geometry": {
        "type": "LineString",
        "coordinates": [
          [
            -73.9772436,
            40.7531837
          ],
          [
            -73.9761361,
            40.7547038
          ]
        ]
      },
      "id": "way/759944979"
    },
    {
      "type": "Feature",
      "properties": {
        "@id": "way/759944980",
        "electrified": "rail",
        "frequency": "0",
        "gauge": "1435",
        "layer": "-2",
        "level": "-2",
        "maxspeed": "10 mph",
        "maxspeed:freight": "10 mph",
        "name": "Grand Central Terminal",
        "operator": "Metro-North Railroad",
        "owner": "Metropolitan Transportation Authority",
        "railway": "rail",
        "railway:atc": "no",
        "railway:ctc": "no",
        "railway:preferred_direction": "both",
        "railway:ptc": "no",
        "railway:track_class": "1",
        "railway:track_ref": "112",
        "ref": "GCT",
        "tunnel": "yes",
        "usage": "main",
        "voltage": "700"
      },
      "geometry": {
        "type": "LineString",
        "coordinates": [
          [
            -73.9772039,
            40.7531673
          ],
          [
            -73.9761107,
            40.7546678
          ],
          [
            -73.9758446,
            40.754978
          ]
        ]
      },
      "id": "way/759944980"
    },
    {
      "type": "Feature",
      "properties": {
        "@id": "way/759944981",
        "electrified": "rail",
        "frequency": "0",
        "gauge": "1435",
        "layer": "-2",
        "level": "-2",
        "maxspeed": "10 mph",
        "maxspeed:freight": "10 mph",
        "name": "Grand Central Terminal",
        "operator": "Metro-North Railroad",
        "owner": "Metropolitan Transportation Authority",
        "railway": "rail",
        "railway:atc": "no",
        "railway:ctc": "no",
        "railway:preferred_direction": "both",
        "railway:ptc": "no",
        "railway:track_class": "1",
        "railway:track_ref": "105",
        "ref": "GCT",
        "tunnel": "yes",
        "usage": "main",
        "voltage": "700"
      },
      "geometry": {
        "type": "LineString",
        "coordinates": [
          [
            -73.9767461,
            40.7529768
          ],
          [
            -73.9756528,
            40.7544774
          ],
          [
            -73.9755839,
            40.7545907
          ]
        ]
      },
      "id": "way/759944981"
    },
    {
      "type": "Feature",
      "properties": {
        "@id": "way/759944984",
        "electrified": "rail",
        "frequency": "0",
        "gauge": "1435",
        "layer": "-3",
        "level": "-2",
        "maxspeed": "10 mph",
        "maxspeed:freight": "10 mph",
        "name": "Grand Central Terminal",
        "operator": "Metro-North Railroad",
        "owner": "Metropolitan Transportation Authority",
        "railway": "rail",
        "railway:atc": "no",
        "railway:ctc": "no",
        "railway:preferred_direction": "both",
        "railway:ptc": "no",
        "railway:track_class": "1",
        "railway:track_ref": "106",
        "ref": "GCT",
        "tunnel": "yes",
        "usage": "main",
        "voltage": "700"
      },
      "geometry": {
        "type": "LineString",
        "coordinates": [
          [
            -73.9754739,
            40.7548776
          ],
          [
            -73.9753577,
            40.7550427
          ],
          [
            -73.9751656,
            40.7553064
          ]
        ]
      },
      "id": "way/759944984"
    },
    {
      "type": "Feature",
      "properties": {
        "@id": "way/759944985",
        "electrified": "rail",
        "frequency": "0",
        "gauge": "1435",
        "layer": "-2",
        "level": "-2",
        "maxspeed": "10 mph",
        "maxspeed:freight": "10 mph",
        "name": "Grand Central Terminal",
        "operator": "Metro-North Railroad",
        "owner": "Metropolitan Transportation Authority",
        "railway": "rail",
        "railway:atc": "no",
        "railway:ctc": "no",
        "railway:preferred_direction": "both",
        "railway:ptc": "no",
        "railway:track_class": "1",
        "railway:track_ref": "107",
        "ref": "GCT",
        "tunnel": "yes",
        "usage": "main",
        "voltage": "700"
      },
      "geometry": {
        "type": "LineString",
        "coordinates": [
          [
            -73.9768727,
            40.7530297
          ],
          [
            -73.9755142,
            40.7548944
          ]
        ]
      },
      "id": "way/759944985"
    },
    {
      "type": "Feature",
      "properties": {
        "@id": "way/759944986",
        "electrified": "rail",
        "frequency": "0",
        "gauge": "1435",
        "layer": "-2",
        "level": "-2",
        "maxspeed": "10 mph",
        "maxspeed:freight": "10 mph",
        "name": "Grand Central Terminal",
        "operator": "Metro-North Railroad",
        "owner": "Metropolitan Transportation Authority",
        "railway": "rail",
        "railway:atc": "no",
        "railway:ctc": "no",
        "railway:preferred_direction": "both",
        "railway:ptc": "no",
        "railway:track_class": "1",
        "railway:track_ref": "111",
        "ref": "GCT",
        "tunnel": "yes",
        "usage": "main",
        "voltage": "700"
      },
      "geometry": {
        "type": "LineString",
        "coordinates": [
          [
            -73.977117,
            40.7531308
          ],
          [
            -73.975758,
            40.7549961
          ]
        ]
      },
      "id": "way/759944986"
    },
    {
      "type": "Feature",
      "properties": {
        "@id": "way/759944987",
        "electrified": "rail",
        "frequency": "0",
        "gauge": "1435",
        "layer": "-2",
        "level": "-2",
        "maxspeed": "10 mph",
        "maxspeed:freight": "10 mph",
        "name": "Grand Central Terminal",
        "operator": "Metro-North Railroad",
        "owner": "Metropolitan Transportation Authority",
        "railway": "rail",
        "railway:atc": "no",
        "railway:ctc": "no",
        "railway:preferred_direction": "both",
        "railway:ptc": "no",
        "railway:track_class": "1",
        "railway:track_ref": "110",
        "ref": "GCT",
        "tunnel": "yes",
        "usage": "main",
        "voltage": "700"
      },
      "geometry": {
        "type": "LineString",
        "coordinates": [
          [
            -73.9770773,
            40.7531144
          ],
          [
            -73.9757184,
            40.7549796
          ]
        ]
      },
      "id": "way/759944987"
    },
    {
      "type": "Feature",
      "properties": {
        "@id": "way/759944992",
        "electrified": "rail",
        "frequency": "0",
        "gauge": "1435",
        "layer": "-2",
        "level": "-2",
        "maxspeed": "10 mph",
        "maxspeed:freight": "10 mph",
        "name": "Grand Central Terminal",
        "old_railway_operator": "NYC",
        "operator": "Metro-North Railroad",
        "operator:wikidata": "Q125908",
        "owner": "Metropolitan Transportation Authority",
        "railway": "rail",
        "railway:atc": "no",
        "railway:ctc": "no",
        "railway:preferred_direction": "both",
        "railway:ptc": "no",
        "railway:track_class": "1",
        "railway:track_ref": "F",
        "ref": "GCT",
        "tunnel": "yes",
        "usage": "main",
        "voltage": "700"
      },
      "geometry": {
        "type": "LineString",
        "coordinates": [
          [
            -73.9745399,
            40.7564499
          ],
          [
            -73.9742937,
            40.7567878
          ]
        ]
      },
      "id": "way/759944992"
    },
    {
      "type": "Feature",
      "properties": {
        "@id": "way/759944993",
        "electrified": "rail",
        "frequency": "0",
        "layer": "-3",
        "level": "-2",
        "maxspeed": "10 mph",
        "maxspeed:freight": "10 mph",
        "name": "Grand Central Terminal",
        "operator": "Metro-North Railroad",
        "owner": "Metropolitan Transportation Authority",
        "railway": "rail",
        "railway:atc": "no",
        "railway:ctc": "no",
        "railway:preferred_direction": "both",
        "railway:ptc": "no",
        "railway:track_class": "1",
        "railway:track_ref": "T",
        "ref": "GCT",
        "tunnel": "yes",
        "usage": "main",
        "voltage": "700"
      },
      "geometry": {
        "type": "LineString",
        "coordinates": [
          [
            -73.9751656,
            40.7553064
          ],
          [
            -73.9753187,
            40.7550266
          ]
        ]
      },
      "id": "way/759944993"
    },
    {
      "type": "Feature",
      "properties": {
        "@id": "way/759944995",
        "electrified": "rail",
        "frequency": "0",
        "gauge": "1435",
        "layer": "-3",
        "level": "-2",
        "maxspeed": "10 mph",
        "old_railway_operator": "NYC",
        "operator": "Metro-North Commuter Railroad",
        "operator:wikidata": "Q125908",
        "owner": "Metropolitan Transportation Authority",
        "railway": "rail",
        "railway:track_ref": "J",
        "tunnel": "yes",
        "usage": "main",
        "voltage": "700"
      },
      "geometry": {
        "type": "LineString",
        "coordinates": [
          [
            -73.9754774,
            40.7554466
          ],
          [
            -73.9750191,
            40.7560753
          ]
        ]
      },
      "id": "way/759944995"
    },
    {
      "type": "Feature",
      "properties": {
        "@id": "way/759944998",
        "gauge": "1435",
        "layer": "-3",
        "level": "-2",
        "maxspeed": "10 mph",
        "railway": "rail",
        "railway:track_ref": "111",
        "tunnel": "yes",
        "usage": "main"
      },
      "geometry": {
        "type": "LineString",
        "coordinates": [
          [
            -73.9756341,
            40.7551605
          ],
          [
            -73.9754383,
            40.7554293
          ]
        ]
      },
      "id": "way/759944998"
    },
    {
      "type": "Feature",
      "properties": {
        "@id": "way/759944999",
        "layer": "-3",
        "level": "-2",
        "railway": "rail",
        "service": "crossover",
        "tunnel": "yes"
      },
      "geometry": {
        "type": "LineString",
        "coordinates": [
          [
            -73.9756341,
            40.7551605
          ],
          [
            -73.9755556,
            40.7553037
          ],
          [
            -73.9754774,
            40.7554466
          ]
        ]
      },
      "id": "way/759944999"
    },
    {
      "type": "Feature",
      "properties": {
        "@id": "way/759945000",
        "layer": "-3",
        "level": "-2",
        "maxspeed": "10 mph",
        "railway": "rail",
        "railway:track_ref": "N",
        "tunnel": "yes",
        "usage": "main"
      },
      "geometry": {
        "type": "LineString",
        "coordinates": [
          [
            -73.9756727,
            40.7551784
          ],
          [
            -73.9755556,
            40.7553037
          ],
          [
            -73.9754383,
            40.7554293
          ]
        ]
      },
      "id": "way/759945000"
    },
    {
      "type": "Feature",
      "properties": {
        "@id": "way/759945002",
        "gauge": "1435",
        "layer": "-3",
        "level": "-2",
        "maxspeed": "10 mph",
        "railway": "rail",
        "railway:track_ref": "154",
        "tunnel": "yes",
        "usage": "main"
      },
      "geometry": {
        "type": "LineString",
        "coordinates": [
          [
            -73.9752038,
            40.7556803
          ],
          [
            -73.9749387,
            40.7560436
          ]
        ]
      },
      "id": "way/759945002"
    },
    {
      "type": "Feature",
      "properties": {
        "@id": "way/759945003",
        "electrified": "rail",
        "frequency": "0",
        "gauge": "1435",
        "layer": "-2",
        "level": "-2",
        "maxspeed": "10 mph",
        "old_railway_operator": "NYC",
        "operator": "Metro-North Commuter Railroad",
        "operator:wikidata": "Q125908",
        "owner": "Metropolitan Transportation Authority",
        "railway": "rail",
        "railway:track_ref": "F",
        "tunnel": "yes",
        "usage": "main",
        "voltage": "700"
      },
      "geometry": {
        "type": "LineString",
        "coordinates": [
          [
            -73.9747349,
            40.7561821
          ],
          [
            -73.9745399,
            40.7564499
          ]
        ]
      },
      "id": "way/759945003"
    },
    {
      "type": "Feature",
      "properties": {
        "@id": "way/759945004",
        "gauge": "1435",
        "layer": "-2",
        "level": "-2",
        "maxspeed": "10 mph",
        "railway": "rail",
        "railway:track_ref": "151",
        "tunnel": "yes",
        "usage": "main"
      },
      "geometry": {
        "type": "LineString",
        "coordinates": [
          [
            -73.9746957,
            40.7561652
          ],
          [
            -73.9745005,
            40.756433
          ]
        ]
      },
      "id": "way/759945004"
    },
    {
      "type": "Feature",
      "properties": {
        "@id": "way/759945005",
        "gauge": "1435",
        "layer": "-3",
        "level": "-2",
        "maxspeed": "10 mph",
        "railway": "rail",
        "railway:track_ref": "150",
        "tunnel": "yes",
        "usage": "main"
      },
      "geometry": {
        "type": "LineString",
        "coordinates": [
          [
            -73.9750072,
            40.7555959
          ],
          [
            -73.9747378,
            40.7559645
          ]
        ]
      },
      "id": "way/759945005"
    },
    {
      "type": "Feature",
      "properties": {
        "@id": "way/759945006",
        "layer": "-2",
        "level": "-2",
        "maxspeed": "10 mph",
        "railway": "rail",
        "railway:track_ref": "N",
        "tunnel": "yes",
        "usage": "main"
      },
      "geometry": {
        "type": "LineString",
        "coordinates": [
          [
            -73.9737971,
            40.7571858
          ],
          [
            -73.9735626,
            40.7574367
          ]
        ]
      },
      "id": "way/759945006"
    },
    {
      "type": "Feature",
      "properties": {
        "@id": "way/759945007",
        "layer": "-2",
        "level": "-2",
        "maxspeed": "10 mph",
        "railway": "rail",
        "railway:track_ref": "N",
        "tunnel": "yes",
        "usage": "main"
      },
      "geometry": {
        "type": "LineString",
        "coordinates": [
          [
            -73.9740315,
            40.7569349
          ],
          [
            -73.9737971,
            40.7571858
          ]
        ]
      },
      "id": "way/759945007"
    },
    {
      "type": "Feature",
      "properties": {
        "@id": "way/759945008",
        "layer": "-2",
        "level": "-2",
        "maxspeed": "10 mph",
        "railway": "rail",
        "railway:track_ref": "N",
        "tunnel": "yes",
        "usage": "main"
      },
      "geometry": {
        "type": "LineString",
        "coordinates": [
          [
            -73.9745005,
            40.756433
          ],
          [
            -73.9740315,
            40.7569349
          ]
        ]
      },
      "id": "way/759945008"
    },
    {
      "type": "Feature",
      "properties": {
        "@id": "way/759945009",
        "layer": "-2",
        "level": "-2",
        "maxspeed": "10 mph",
        "railway": "rail",
        "railway:track_ref": "N",
        "tunnel": "yes",
        "usage": "main"
      },
      "geometry": {
        "type": "LineString",
        "coordinates": [
          [
            -73.9747349,
            40.7561821
          ],
          [
            -73.9746179,
            40.7563074
          ],
          [
            -73.9745005,
            40.756433
          ]
        ]
      },
      "id": "way/759945009"
    },
    {
      "type": "Feature",
      "properties": {
        "@id": "way/759945010",
        "layer": "-3",
        "level": "-2",
        "maxspeed": "10 mph",
        "railway": "rail",
        "railway:track_ref": "N",
        "tunnel": "yes",
        "usage": "main"
      },
      "geometry": {
        "type": "LineString",
        "coordinates": [
          [
            -73.9754383,
            40.7554293
          ],
          [
            -73.9752038,
            40.7556803
          ]
        ]
      },
      "id": "way/759945010"
    },
    {
      "type": "Feature",
      "properties": {
        "@id": "way/759945011",
        "electrified": "rail",
        "frequency": "0",
        "gauge": "1435",
        "layer": "-3",
        "level": "-2",
        "maxspeed": "10 mph",
        "old_railway_operator": "NYC",
        "operator": "Metro-North Commuter Railroad",
        "operator:wikidata": "Q125908",
        "owner": "Metropolitan Transportation Authority",
        "railway": "rail",
        "railway:track_ref": "J",
        "tunnel": "yes",
        "usage": "main",
        "voltage": "700"
      },
      "geometry": {
        "type": "LineString",
        "coordinates": [
          [
            -73.9756727,
            40.7551784
          ],
          [
            -73.9754774,
            40.7554466
          ]
        ]
      },
      "id": "way/759945011"
    },
    {
      "type": "Feature",
      "properties": {
        "@id": "way/759945013",
        "layer": "-3",
        "level": "-2",
        "maxspeed": "10 mph",
        "railway": "rail",
        "railway:track_ref": "N",
        "tunnel": "yes",
        "usage": "main"
      },
      "geometry": {
        "type": "LineString",
        "coordinates": [
          [
            -73.9752038,
            40.7556803
          ],
          [
            -73.9748842,
            40.7560221
          ]
        ]
      },
      "id": "way/759945013"
    },
    {
      "type": "Feature",
      "properties": {
        "@id": "way/759945014",
        "electrified": "rail",
        "frequency": "0",
        "gauge": "1435",
        "layer": "-2",
        "level": "-2",
        "maxspeed": "10 mph",
        "maxspeed:freight": "10 mph",
        "name": "Grand Central Terminal",
        "operator": "Metro-North Railroad",
        "owner": "Metropolitan Transportation Authority",
        "railway": "rail",
        "railway:atc": "no",
        "railway:ctc": "no",
        "railway:preferred_direction": "both",
        "railway:ptc": "no",
        "railway:track_class": "1",
        "railway:track_ref": "108",
        "ref": "GCT",
        "tunnel": "yes",
        "usage": "main",
        "voltage": "700"
      },
      "geometry": {
        "type": "LineString",
        "coordinates": [
          [
            -73.9769552,
            40.7530638
          ],
          [
            -73.9755965,
            40.7549287
          ]
        ]
      },
      "id": "way/759945014"
    },
    {
      "type": "Feature",
      "properties": {
        "@id": "way/759945015",
        "electrified": "rail",
        "frequency": "0",
        "gauge": "1435",
        "layer": "-2",
        "level": "-2",
        "maxspeed": "10 mph",
        "maxspeed:freight": "10 mph",
        "name": "Grand Central Terminal",
        "old_railway_operator": "NYC",
        "operator": "Metro-North Railroad",
        "operator:wikidata": "Q125908",
        "owner": "Metropolitan Transportation Authority",
        "railway": "rail",
        "railway:atc": "no",
        "railway:ctc": "no",
        "railway:preferred_direction": "both",
        "railway:ptc": "no",
        "railway:track_class": "1",
        "railway:track_ref": "109",
        "ref": "GCT",
        "tunnel": "yes",
        "usage": "main",
        "voltage": "700"
      },
      "geometry": {
        "type": "LineString",
        "coordinates": [
          [
            -73.9769948,
            40.7530803
          ],
          [
            -73.9756361,
            40.7549452
          ]
        ]
      },
      "id": "way/759945015"
    },
    {
      "type": "Feature",
      "properties": {
        "@id": "way/759945016",
        "electrified": "rail",
        "frequency": "0",
        "gauge": "1435",
        "layer": "-3",
        "level": "-2",
        "maxspeed": "10 mph",
        "maxspeed:freight": "10 mph",
        "name": "Grand Central Terminal",
        "operator": "Metro-North Railroad",
        "owner": "Metropolitan Transportation Authority",
        "railway": "rail",
        "railway:atc": "no",
        "railway:ctc": "no",
        "railway:preferred_direction": "both",
        "railway:ptc": "no",
        "railway:track_class": "1",
        "railway:track_ref": "T",
        "ref": "GCT",
        "tunnel": "yes",
        "usage": "main",
        "voltage": "700"
      },
      "geometry": {
        "type": "LineString",
        "coordinates": [
          [
            -73.9750072,
            40.7555959
          ],
          [
            -73.9751656,
            40.7553064
          ]
        ]
      },
      "id": "way/759945016"
    },
    {
      "type": "Feature",
      "properties": {
        "@id": "way/759945017",
        "layer": "-2",
        "level": "-2",
        "maxspeed": "10 mph",
        "railway": "rail",
        "railway:track_ref": "T",
        "tunnel": "yes",
        "usage": "main"
      },
      "geometry": {
        "type": "LineString",
        "coordinates": [
          [
            -73.9746957,
            40.7561652
          ],
          [
            -73.9747935,
            40.7559865
          ]
        ]
      },
      "id": "way/759945017"
    },
    {
      "type": "Feature",
      "properties": {
        "@id": "way/759945018",
        "layer": "-2",
        "level": "-2",
        "maxspeed": "10 mph",
        "railway": "rail",
        "railway:track_ref": "T",
        "tunnel": "yes",
        "usage": "main"
      },
      "geometry": {
        "type": "LineString",
        "coordinates": [
          [
            -73.9745399,
            40.7564499
          ],
          [
            -73.9746179,
            40.7563074
          ],
          [
            -73.9746957,
            40.7561652
          ]
        ]
      },
      "id": "way/759945018"
    },
    {
      "type": "Feature",
      "properties": {
        "@id": "way/759945019",
        "electrified": "rail",
        "frequency": "0",
        "gauge": "1435",
        "layer": "-2",
        "level": "-2",
        "maxspeed": "10 mph",
        "maxspeed:freight": "10 mph",
        "name": "Grand Central Terminal",
        "operator": "Metro-North Railroad",
        "owner": "Metropolitan Transportation Authority",
        "railway": "rail",
        "railway:atc": "no",
        "railway:ctc": "no",
        "railway:preferred_direction": "both",
        "railway:ptc": "no",
        "railway:track_class": "1",
        "railway:track_ref": "T",
        "ref": "GCT",
        "tunnel": "yes",
        "usage": "main",
        "voltage": "700"
      },
      "geometry": {
        "type": "LineString",
        "coordinates": [
          [
            -73.9742284,
            40.7570192
          ],
          [
            -73.9745399,
            40.7564499
          ]
        ]
      },
      "id": "way/759945019"
    },
    {
      "type": "Feature",
      "properties": {
        "@id": "way/759945020",
        "electrified": "rail",
        "frequency": "0",
        "gauge": "1435",
        "layer": "-2",
        "level": "-2",
        "maxspeed": "10 mph",
        "maxspeed:freight": "10 mph",
        "name": "Grand Central Terminal",
        "operator": "Metro-North Railroad",
        "owner": "Metropolitan Transportation Authority",
        "railway": "rail",
        "railway:atc": "no",
        "railway:ctc": "no",
        "railway:preferred_direction": "both",
        "railway:ptc": "no",
        "railway:track_class": "1",
        "railway:track_ref": "T",
        "ref": "GCT",
        "tunnel": "yes",
        "usage": "main",
        "voltage": "700"
      },
      "geometry": {
        "type": "LineString",
        "coordinates": [
          [
            -73.9740726,
            40.7573039
          ],
          [
            -73.9742284,
            40.7570192
          ]
        ]
      },
      "id": "way/759945020"
    },
    {
      "type": "Feature",
      "properties": {
        "@id": "way/759945021",
        "electrified": "rail",
        "frequency": "0",
        "gauge": "1435",
        "layer": "-2",
        "level": "-2",
        "maxspeed": "10 mph",
        "maxspeed:freight": "10 mph",
        "name": "Grand Central Terminal",
        "operator": "Metro-North Railroad",
        "owner": "Metropolitan Transportation Authority",
        "railway": "rail",
        "railway:atc": "no",
        "railway:ctc": "no",
        "railway:preferred_direction": "both",
        "railway:ptc": "no",
        "railway:track_class": "1",
        "railway:track_ref": "T",
        "ref": "GCT",
        "tunnel": "yes",
        "usage": "main",
        "voltage": "700"
      },
      "geometry": {
        "type": "LineString",
        "coordinates": [
          [
            -73.9739168,
            40.7575885
          ],
          [
            -73.9740726,
            40.7573039
          ]
        ]
      },
      "id": "way/759945021"
    },
    {
      "type": "Feature",
      "properties": {
        "@id": "way/759945022",
        "layer": "-2",
        "level": "-2",
        "maxspeed": "10 mph",
        "railway": "rail",
        "railway:track_ref": "U",
        "tunnel": "yes",
        "usage": "main"
      },
      "geometry": {
        "type": "LineString",
        "coordinates": [
          [
            -73.973457,
            40.7582199
          ],
          [
            -73.9732264,
            40.7584651
          ]
        ]
      },
      "id": "way/759945022"
    },
    {
      "type": "Feature",
      "properties": {
        "@id": "way/759945023",
        "layer": "-2",
        "level": "-2",
        "maxspeed": "10 mph",
        "railway": "rail",
        "railway:track_ref": "U",
        "tunnel": "yes",
        "usage": "main"
      },
      "geometry": {
        "type": "LineString",
        "coordinates": [
          [
            -73.9732264,
            40.7584651
          ],
          [
            -73.9728466,
            40.7588686
          ],
          [
            -73.9725417,
            40.7591931
          ]
        ]
      },
      "id": "way/759945023"
    },
    {
      "type": "Feature",
      "properties": {
        "@id": "way/759945025",
        "electrified": "rail",
        "frequency": "0",
        "gauge": "1435",
        "layer": "-2",
        "level": "-2",
        "maxspeed": "10 mph",
        "maxspeed:freight": "10 mph",
        "name": "Grand Central Terminal",
        "operator": "Metro-North Railroad",
        "owner": "Metropolitan Transportation Authority",
        "railway": "rail",
        "railway:atc": "no",
        "railway:ctc": "no",
        "railway:preferred_direction": "both",
        "railway:ptc": "no",
        "railway:track_class": "1",
        "railway:track_ref": "185",
        "ref": "GCT",
        "tunnel": "yes",
        "usage": "main",
        "voltage": "700"
      },
      "geometry": {
        "type": "LineString",
        "coordinates": [
          [
            -73.9740726,
            40.7573039
          ],
          [
            -73.9736694,
            40.7578569
          ],
          [
            -73.973417,
            40.7582033
          ],
          [
            -73.9732264,
            40.7584651
          ]
        ]
      },
      "id": "way/759945025"
    },
    {
      "type": "Feature",
      "properties": {
        "@id": "way/759945030",
        "electrified": "rail",
        "frequency": "0",
        "gauge": "1435",
        "layer": "-2",
        "level": "-2",
        "maxspeed": "10 mph",
        "old_railway_operator": "NYC",
        "operator": "Metro-North Commuter Railroad",
        "operator:wikidata": "Q125908",
        "owner": "Metropolitan Transportation Authority",
        "railway": "rail",
        "railway:track_ref": "J",
        "tunnel": "yes",
        "usage": "main",
        "voltage": "700"
      },
      "geometry": {
        "type": "LineString",
        "coordinates": [
          [
            -73.9739168,
            40.7575885
          ],
          [
            -73.9737092,
            40.7578735
          ],
          [
            -73.973457,
            40.7582199
          ]
        ]
      },
      "id": "way/759945030"
    },
    {
      "type": "Feature",
      "properties": {
        "@id": "way/759945031",
        "electrified": "rail",
        "frequency": "0",
        "gauge": "1435",
        "layer": "-2",
        "level": "-2",
        "maxspeed": "10 mph",
        "maxspeed:freight": "10 mph",
        "name": "Grand Central Terminal",
        "old_railway_operator": "NYC",
        "operator": "Metro-North Railroad",
        "operator:wikidata": "Q125908",
        "owner": "Metropolitan Transportation Authority",
        "railway": "rail",
        "railway:atc": "no",
        "railway:ctc": "no",
        "railway:preferred_direction": "both",
        "railway:ptc": "no",
        "railway:track_class": "1",
        "railway:track_ref": "F",
        "ref": "GCT",
        "tunnel": "yes",
        "usage": "main",
        "voltage": "700"
      },
      "geometry": {
        "type": "LineString",
        "coordinates": [
          [
            -73.9725417,
            40.7591931
          ],
          [
            -73.9722893,
            40.7595396
          ]
        ]
      },
      "id": "way/759945031"
    },
    {
      "type": "Feature",
      "properties": {
        "@id": "way/759955594",
        "electrified": "rail",
        "frequency": "0",
        "gauge": "1435",
        "layer": "-1",
        "level": "-0.5",
        "maxspeed": "10 mph",
        "maxspeed:freight": "10 mph",
        "name": "Grand Central Terminal",
        "old_railway_operator": "NYC",
        "operator": "Metro-North Railroad",
        "operator:wikidata": "Q125908",
        "owner": "Metropolitan Transportation Authority",
        "railway": "rail",
        "railway:atc": "no",
        "railway:ctc": "no",
        "railway:preferred_direction": "both",
        "railway:ptc": "no",
        "railway:track_class": "1",
        "railway:track_ref": "42",
        "ref": "GCT",
        "tunnel": "yes",
        "usage": "main",
        "voltage": "700"
      },
      "geometry": {
        "type": "LineString",
        "coordinates": [
          [
            -73.9757782,
            40.7563461
          ],
          [
            -73.9760482,
            40.7561558
          ],
          [
            -73.9761669,
            40.7560369
          ],
          [
            -73.9772985,
            40.754488
          ],
          [
            -73.9778104,
            40.7537893
          ]
        ]
      },
      "id": "way/759955594"
    },
    {
      "type": "Feature",
      "properties": {
        "@id": "way/759955595",
        "electrified": "rail",
        "frequency": "0",
        "gauge": "1435",
        "layer": "-1",
        "level": "-0.5",
        "maxspeed": "10 mph",
        "maxspeed:freight": "10 mph",
        "name": "Grand Central Terminal",
        "old_railway_operator": "NYC",
        "operator": "Metro-North Railroad",
        "operator:wikidata": "Q125908",
        "owner": "Metropolitan Transportation Authority",
        "railway": "rail",
        "railway:atc": "no",
        "railway:ctc": "no",
        "railway:preferred_direction": "both",
        "railway:ptc": "no",
        "railway:track_class": "1",
        "railway:track_ref": "41",
        "ref": "GCT",
        "tunnel": "yes",
        "usage": "main",
        "voltage": "700"
      },
      "geometry": {
        "type": "LineString",
        "coordinates": [
          [
            -73.9777251,
            40.7537526
          ],
          [
            -73.9772131,
            40.7544513
          ],
          [
            -73.9760733,
            40.7560122
          ],
          [
            -73.9759567,
            40.7561646
          ],
          [
            -73.9757782,
            40.7563461
          ]
        ]
      },
      "id": "way/759955595"
    },
    {
      "type": "Feature",
      "properties": {
        "@id": "way/759955596",
        "electrified": "rail",
        "frequency": "0",
        "gauge": "1435",
        "layer": "-1",
        "level": "-0.5",
        "maxspeed": "10 mph",
        "maxspeed:freight": "10 mph",
        "name": "Grand Central Terminal",
        "old_railway_operator": "NYC",
        "operator": "Metro-North Railroad",
        "operator:wikidata": "Q125908",
        "owner": "Metropolitan Transportation Authority",
        "railway": "rail",
        "railway:atc": "no",
        "railway:ctc": "no",
        "railway:preferred_direction": "both",
        "railway:ptc": "no",
        "railway:track_class": "1",
        "railway:track_ref": "38",
        "ref": "GCT",
        "tunnel": "yes",
        "usage": "main",
        "voltage": "700"
      },
      "geometry": {
        "type": "LineString",
        "coordinates": [
          [
            -73.9775576,
            40.753683
          ],
          [
            -73.9770456,
            40.7543818
          ],
          [
            -73.9758069,
            40.7560772
          ],
          [
            -73.9756477,
            40.756271
          ],
          [
            -73.9754873,
            40.7564419
          ],
          [
            -73.9753035,
            40.7566104
          ]
        ]
      },
      "id": "way/759955596"
    },
    {
      "type": "Feature",
      "properties": {
        "@id": "way/759955597",
        "electrified": "rail",
        "frequency": "0",
        "gauge": "1435",
        "layer": "-1",
        "level": "-0.5",
        "maxspeed": "10 mph",
        "maxspeed:freight": "10 mph",
        "name": "Grand Central Terminal",
        "old_railway_operator": "NYC",
        "operator": "Metro-North Railroad",
        "operator:wikidata": "Q125908",
        "owner": "Metropolitan Transportation Authority",
        "railway": "rail",
        "railway:atc": "no",
        "railway:ctc": "no",
        "railway:preferred_direction": "both",
        "railway:ptc": "no",
        "railway:track_class": "1",
        "railway:track_ref": "39",
        "ref": "GCT",
        "tunnel": "yes",
        "usage": "main",
        "voltage": "700"
      },
      "geometry": {
        "type": "LineString",
        "coordinates": [
          [
            -73.9775987,
            40.7536994
          ],
          [
            -73.9770867,
            40.7543982
          ],
          [
            -73.975848,
            40.7560937
          ],
          [
            -73.9756854,
            40.7562867
          ],
          [
            -73.9755225,
            40.7564613
          ]
        ]
      },
      "id": "way/759955597"
    },
    {
      "type": "Feature",
      "properties": {
        "@id": "way/759955598",
        "electrified": "rail",
        "frequency": "0",
        "gauge": "1435",
        "layer": "-1",
        "level": "-0.5",
        "maxspeed": "10 mph",
        "maxspeed:freight": "10 mph",
        "name": "Grand Central Terminal",
        "old_railway_operator": "NYC",
        "operator": "Metro-North Railroad",
        "operator:wikidata": "Q125908",
        "owner": "Metropolitan Transportation Authority",
        "railway": "rail",
        "railway:atc": "no",
        "railway:ctc": "no",
        "railway:preferred_direction": "both",
        "railway:ptc": "no",
        "railway:track_class": "1",
        "railway:track_ref": "40",
        "ref": "GCT",
        "tunnel": "yes",
        "usage": "main",
        "voltage": "700"
      },
      "geometry": {
        "type": "LineString",
        "coordinates": [
          [
            -73.9755225,
            40.7564613
          ],
          [
            -73.9757395,
            40.7563095
          ],
          [
            -73.9759109,
            40.7561387
          ],
          [
            -73.9760291,
            40.7559993
          ],
          [
            -73.977172,
            40.7544349
          ],
          [
            -73.977684,
            40.7537362
          ]
        ]
      },
      "id": "way/759955598"
    },
    {
      "type": "Feature",
      "properties": {
        "@id": "way/759955610",
        "electrified": "rail",
        "frequency": "0",
        "gauge": "1435",
        "layer": "-2",
        "level": "-2",
        "maxspeed": "10 mph",
        "old_railway_operator": "NYC",
        "operator": "Metro-North Commuter Railroad",
        "operator:wikidata": "Q125908",
        "owner": "Metropolitan Transportation Authority",
        "railway": "rail",
        "railway:track_ref": "A",
        "tunnel": "yes",
        "usage": "main",
        "voltage": "700"
      },
      "geometry": {
        "type": "LineString",
        "coordinates": [
          [
            -73.9737553,
            40.7571723
          ],
          [
            -73.9735626,
            40.7574367
          ]
        ]
      },
      "id": "way/759955610"
    },
    {
      "type": "Feature",
      "properties": {
        "@id": "way/759955619",
        "gauge": "1435",
        "layer": "-2",
        "level": "-2",
        "maxspeed": "10 mph",
        "railway": "rail",
        "railway:track_ref": "105",
        "tunnel": "yes",
        "usage": "main"
      },
      "geometry": {
        "type": "LineString",
        "coordinates": [
          [
            -73.9755839,
            40.7545907
          ],
          [
            -73.975422,
            40.7548568
          ]
        ]
      },
      "id": "way/759955619"
    },
    {
      "type": "Feature",
      "properties": {
        "@id": "way/759955623",
        "electrified": "rail",
        "frequency": "0",
        "gauge": "1435",
        "layer": "-2",
        "level": "-2",
        "maxspeed": "10 mph",
        "maxspeed:freight": "10 mph",
        "name": "Grand Central Terminal",
        "operator": "Metro-North Railroad",
        "owner": "Metropolitan Transportation Authority",
        "railway": "rail",
        "railway:atc": "no",
        "railway:ctc": "no",
        "railway:preferred_direction": "both",
        "railway:ptc": "no",
        "railway:track_class": "1",
        "railway:track_ref": "102",
        "ref": "GCT",
        "tunnel": "yes",
        "usage": "main",
        "voltage": "700"
      },
      "geometry": {
        "type": "LineString",
        "coordinates": [
          [
            -73.9755643,
            40.7541739
          ],
          [
            -73.9756175,
            40.7539892
          ],
          [
            -73.9758215,
            40.7536882
          ],
          [
            -73.9758257,
            40.7536821
          ],
          [
            -73.9758383,
            40.7536635
          ],
          [
            -73.9758503,
            40.7536458
          ],
          [
            -73.9764464,
            40.7528514
          ]
        ]
      },
      "id": "way/759955623"
    },
    {
      "type": "Feature",
      "properties": {
        "@id": "way/759955624",
        "electrified": "rail",
        "frequency": "0",
        "gauge": "1435",
        "layer": "-2",
        "level": "-2",
        "maxspeed": "10 mph",
        "maxspeed:freight": "10 mph",
        "name": "Grand Central Terminal",
        "operator": "Metro-North Railroad",
        "owner": "Metropolitan Transportation Authority",
        "railway": "rail",
        "railway:atc": "no",
        "railway:ctc": "no",
        "railway:preferred_direction": "both",
        "railway:ptc": "no",
        "railway:track_class": "1",
        "railway:track_ref": "103",
        "ref": "GCT",
        "tunnel": "yes",
        "usage": "main",
        "voltage": "700"
      },
      "geometry": {
        "type": "LineString",
        "coordinates": [
          [
            -73.9765341,
            40.7528881
          ],
          [
            -73.9757051,
            40.754026
          ],
          [
            -73.9754904,
            40.7544306
          ]
        ]
      },
      "id": "way/759955624"
    },
    {
      "type": "Feature",
      "properties": {
        "@id": "way/759955625",
        "electrified": "rail",
        "frequency": "0",
        "gauge": "1435",
        "layer": "-2",
        "level": "-2",
        "maxspeed": "10 mph",
        "maxspeed:freight": "10 mph",
        "name": "Grand Central Terminal",
        "operator": "Metro-North Railroad",
        "owner": "Metropolitan Transportation Authority",
        "railway": "rail",
        "railway:atc": "no",
        "railway:ctc": "no",
        "railway:preferred_direction": "both",
        "railway:ptc": "no",
        "railway:track_class": "1",
        "railway:track_ref": "104",
        "ref": "GCT",
        "tunnel": "yes",
        "usage": "main",
        "voltage": "700"
      },
      "geometry": {
        "type": "LineString",
        "coordinates": [
          [
            -73.9766205,
            40.7529242
          ],
          [
            -73.9757885,
            40.7540661
          ],
          [
            -73.9755839,
            40.7545907
          ]
        ]
      },
      "id": "way/759955625"
    },
    {
      "type": "Feature",
      "properties": {
        "@id": "way/759955825",
        "gauge": "1435",
        "layer": "-2",
        "level": "-2",
        "maxspeed": "10 mph",
        "railway": "rail",
        "railway:track_ref": "102",
        "tunnel": "yes",
        "usage": "main"
      },
      "geometry": {
        "type": "LineString",
        "coordinates": [
          [
            -73.9754904,
            40.7544306
          ],
          [
            -73.9755643,
            40.7541739
          ]
        ]
      },
      "id": "way/759955825"
    },
    {
      "type": "Feature",
      "properties": {
        "@id": "way/793652805",
        "electrified": "rail",
        "frequency": "0",
        "gauge": "1435",
        "layer": "-1",
        "level": "-0.5",
        "maxspeed": "10 mph",
        "old_railway_operator": "NYC",
        "operator": "Metro-North Commuter Railroad",
        "operator:wikidata": "Q125908",
        "owner": "Metropolitan Transportation Authority",
        "railway": "rail",
        "railway:track_ref": "I",
        "tunnel": "yes",
        "usage": "main",
        "voltage": "700"
      },
      "geometry": {
        "type": "LineString",
        "coordinates": [
          [
            -73.9729143,
            40.7588996
          ],
          [
            -73.972662,
            40.759246
          ]
        ]
      },
      "id": "way/793652805"
    },
    {
      "type": "Feature",
      "properties": {
        "@id": "way/793652806",
        "electrified": "rail",
        "frequency": "0",
        "gauge": "1435",
        "layer": "-1",
        "level": "-0.5",
        "maxspeed": "10 mph",
        "old_railway_operator": "NYC",
        "operator": "Metro-North Commuter Railroad",
        "operator:wikidata": "Q125908",
        "owner": "Metropolitan Transportation Authority",
        "railway": "rail",
        "railway:track_ref": "I",
        "tunnel": "yes",
        "usage": "main",
        "voltage": "700"
      },
      "geometry": {
        "type": "LineString",
        "coordinates": [
          [
            -73.9734813,
            40.758121
          ],
          [
            -73.9734189,
            40.7582067
          ],
          [
            -73.9729143,
            40.7588996
          ]
        ]
      },
      "id": "way/793652806"
    },
    {
      "type": "Feature",
      "properties": {
        "@id": "way/793652807",
        "electrified": "rail",
        "frequency": "0",
        "gauge": "1435",
        "layer": "-1",
        "level": "-0.5",
        "maxspeed": "10 mph",
        "old_railway_operator": "NYC",
        "operator": "Metro-North Commuter Railroad",
        "operator:wikidata": "Q125908",
        "owner": "Metropolitan Transportation Authority",
        "railway": "rail",
        "railway:track_ref": "H",
        "tunnel": "yes",
        "usage": "main",
        "voltage": "700"
      },
      "geometry": {
        "type": "LineString",
        "coordinates": [
          [
            -73.9728745,
            40.758883
          ],
          [
            -73.9726222,
            40.7592295
          ]
        ]
      },
      "id": "way/793652807"
    },
    {
      "type": "Feature",
      "properties": {
        "@id": "way/793652808",
        "electrified": "rail",
        "frequency": "0",
        "gauge": "1435",
        "layer": "-1",
        "level": "-0.5",
        "maxspeed": "10 mph",
        "old_railway_operator": "NYC",
        "operator": "Metro-North Commuter Railroad",
        "operator:wikidata": "Q125908",
        "owner": "Metropolitan Transportation Authority",
        "railway": "rail",
        "railway:track_ref": "H",
        "tunnel": "yes",
        "usage": "main",
        "voltage": "700"
      },
      "geometry": {
        "type": "LineString",
        "coordinates": [
          [
            -73.9731268,
            40.7585366
          ],
          [
            -73.9728745,
            40.758883
          ]
        ]
      },
      "id": "way/793652808"
    },
    {
      "type": "Feature",
      "properties": {
        "@id": "way/793652809",
        "layer": "-1",
        "level": "-0.5",
        "railway": "rail",
        "service": "crossover",
        "tunnel": "yes"
      },
      "geometry": {
        "type": "LineString",
        "coordinates": [
          [
            -73.972662,
            40.759246
          ],
          [
            -73.9727682,
            40.7590646
          ],
          [
            -73.9728745,
            40.758883
          ]
        ]
      },
      "id": "way/793652809"
    },
    {
      "type": "Feature",
      "properties": {
        "@id": "way/793652810",
        "layer": "-1",
        "level": "-0.5",
        "railway": "rail",
        "service": "crossover",
        "tunnel": "yes"
      },
      "geometry": {
        "type": "LineString",
        "coordinates": [
          [
            -73.9726222,
            40.7592295
          ],
          [
            -73.9727682,
            40.7590646
          ],
          [
            -73.9729143,
            40.7588996
          ]
        ]
      },
      "id": "way/793652810"
    },
    {
      "type": "Feature",
      "properties": {
        "@id": "way/793652811",
        "layer": "-1",
        "level": "-0.5",
        "maxspeed": "10 mph",
        "railway": "rail",
        "railway:track_ref": "O",
        "tunnel": "yes",
        "usage": "main"
      },
      "geometry": {
        "type": "LineString",
        "coordinates": [
          [
            -73.9735125,
            40.757794
          ],
          [
            -73.9736225,
            40.7575718
          ]
        ]
      },
      "id": "way/793652811"
    },
    {
      "type": "Feature",
      "properties": {
        "@id": "way/793652812",
        "electrified": "rail",
        "frequency": "0",
        "layer": "-3",
        "level": "-2",
        "maxspeed": "10 mph",
        "maxspeed:freight": "10 mph",
        "name": "Grand Central Terminal",
        "operator": "Metro-North Railroad",
        "owner": "Metropolitan Transportation Authority",
        "railway": "rail",
        "railway:atc": "no",
        "railway:ctc": "no",
        "railway:preferred_direction": "both",
        "railway:ptc": "no",
        "railway:track_class": "1",
        "railway:track_ref": "T",
        "ref": "GCT",
        "tunnel": "yes",
        "usage": "main",
        "voltage": "700"
      },
      "geometry": {
        "type": "LineString",
        "coordinates": [
          [
            -73.9753187,
            40.7550266
          ],
          [
            -73.9753745,
            40.7548329
          ]
        ]
      },
      "id": "way/793652812"
    },
    {
      "type": "Feature",
      "properties": {
        "@id": "way/793654766",
        "electrified": "rail",
        "frequency": "0",
        "gauge": "1435",
        "layer": "-2",
        "level": "-2",
        "maxspeed": "10 mph",
        "old_railway_operator": "NYC",
        "operator": "Metro-North Commuter Railroad",
        "operator:wikidata": "Q125908",
        "owner": "Metropolitan Transportation Authority",
        "railway": "rail",
        "railway:track_ref": "A",
        "tunnel": "yes",
        "usage": "main",
        "voltage": "700"
      },
      "geometry": {
        "type": "LineString",
        "coordinates": [
          [
            -73.9735626,
            40.7574367
          ],
          [
            -73.9735113,
            40.7575098
          ]
        ]
      },
      "id": "way/793654766"
    },
    {
      "type": "Feature",
      "properties": {
        "@id": "way/793654767",
        "electrified": "rail",
        "frequency": "0",
        "gauge": "1435",
        "layer": "-2",
        "level": "-2",
        "maxspeed": "10 mph",
        "old_railway_operator": "NYC",
        "operator": "Metro-North Commuter Railroad",
        "operator:wikidata": "Q125908",
        "owner": "Metropolitan Transportation Authority",
        "railway": "rail",
        "railway:track_ref": "B",
        "tunnel": "yes",
        "usage": "main",
        "voltage": "700"
      },
      "geometry": {
        "type": "LineString",
        "coordinates": [
          [
            -73.9737971,
            40.7571858
          ],
          [
            -73.9733536,
            40.7577959
          ]
        ]
      },
      "id": "way/793654767"
    },
    {
      "type": "Feature",
      "properties": {
        "@id": "way/793654768",
        "layer": "-2",
        "level": "-2",
        "railway": "rail",
        "service": "crossover",
        "tunnel": "yes"
      },
      "geometry": {
        "type": "LineString",
        "coordinates": [
          [
            -73.9735113,
            40.7575098
          ],
          [
            -73.9733536,
            40.7577959
          ]
        ]
      },
      "id": "way/793654768"
    },
    {
      "type": "Feature",
      "properties": {
        "@id": "way/794487290",
        "electrified": "rail",
        "frequency": "0",
        "gauge": "1435",
        "layer": "-1",
        "maxspeed": "10 mph",
        "maxspeed:freight": "10 mph",
        "name": "Grand Central Terminal",
        "old_railway_operator": "NYC",
        "operator": "Metro-North Railroad",
        "operator:wikidata": "Q125908",
        "owner": "Metropolitan Transportation Authority",
        "railway": "rail",
        "railway:atc": "no",
        "railway:ctc": "no",
        "railway:preferred_direction": "both",
        "railway:ptc": "no",
        "railway:track_class": "1",
        "railway:track_ref": "4",
        "ref": "GCT",
        "tunnel": "yes",
        "tunnel:name": "Park Avenue Tunnel",
        "tunnel:wikidata": "Q7137638",
        "tunnel:wikipedia": "en:Park Avenue Tunnel (railroad)",
        "usage": "main",
        "voltage": "700"
      },
      "geometry": {
        "type": "LineString",
        "coordinates": [
          [
            -73.9688426,
            40.7643462
          ],
          [
            -73.9688817,
            40.764292
          ],
          [
            -73.9692982,
            40.7637292
          ],
          [
            -73.9695811,
            40.7633453
          ],
          [
            -73.9698133,
            40.7630208
          ],
          [
            -73.970032,
            40.7627154
          ],
          [
            -73.9701346,
            40.7625742
          ],
          [
            -73.9701498,
            40.7625522
          ],
          [
            -73.9701982,
            40.7624861
          ],
          [
            -73.9707645,
            40.7617124
          ],
          [
            -73.9707809,
            40.76169
          ],
          [
            -73.9707846,
            40.7616858
          ],
          [
            -73.9708716,
            40.7615662
          ]
        ]
      },
      "id": "way/794487290"
    },
    {
      "type": "Feature",
      "properties": {
        "@id": "way/794487291",
        "electrified": "rail",
        "frequency": "0",
        "gauge": "1435",
        "layer": "-1",
        "maxspeed": "10 mph",
        "maxspeed:freight": "10 mph",
        "name": "Grand Central Terminal",
        "old_railway_operator": "NYC",
        "operator": "Metro-North Railroad",
        "operator:wikidata": "Q125908",
        "owner": "Metropolitan Transportation Authority",
        "railway": "rail",
        "railway:atc": "no",
        "railway:ctc": "no",
        "railway:preferred_direction": "both",
        "railway:ptc": "no",
        "railway:track_class": "1",
        "railway:track_ref": "2",
        "ref": "GCT",
        "tunnel": "yes",
        "tunnel:name": "Park Avenue Tunnel",
        "tunnel:wikidata": "Q7137638",
        "tunnel:wikipedia": "en:Park Avenue Tunnel (railroad)",
        "usage": "main",
        "voltage": "700"
      },
      "geometry": {
        "type": "LineString",
        "coordinates": [
          [
            -73.9688013,
            40.7643288
          ],
          [
            -73.968839,
            40.7642771
          ],
          [
            -73.9693178,
            40.763621
          ],
          [
            -73.9697738,
            40.762996
          ],
          [
            -73.9701038,
            40.7625438
          ],
          [
            -73.9701115,
            40.7625334
          ],
          [
            -73.9706757,
            40.7617648
          ]
        ]
      },
      "id": "way/794487291"
    },
    {
      "type": "Feature",
      "properties": {
        "@id": "way/794487292",
        "electrified": "rail",
        "frequency": "0",
        "gauge": "1435",
        "layer": "-1",
        "maxspeed": "10 mph",
        "maxspeed:freight": "10 mph",
        "name": "Grand Central Terminal",
        "old_railway_operator": "NYC",
        "operator": "Metro-North Railroad",
        "operator:wikidata": "Q125908",
        "owner": "Metropolitan Transportation Authority",
        "railway": "rail",
        "railway:atc": "no",
        "railway:ctc": "no",
        "railway:preferred_direction": "both",
        "railway:ptc": "no",
        "railway:track_class": "1",
        "railway:track_ref": "1",
        "ref": "GCT",
        "tunnel": "yes",
        "tunnel:name": "Park Avenue Tunnel",
        "tunnel:wikidata": "Q7137638",
        "tunnel:wikipedia": "en:Park Avenue Tunnel (railroad)",
        "usage": "main",
        "voltage": "700"
      },
      "geometry": {
        "type": "LineString",
        "coordinates": [
          [
            -73.9703214,
            40.7621652
          ],
          [
            -73.9700675,
            40.7625215
          ],
          [
            -73.9698717,
            40.7627903
          ],
          [
            -73.9694439,
            40.7633766
          ],
          [
            -73.969278,
            40.7636041
          ],
          [
            -73.9687613,
            40.7643123
          ]
        ]
      },
      "id": "way/794487292"
    },
    {
      "type": "Feature",
      "properties": {
        "@id": "way/797157465",
        "electrified": "rail",
        "frequency": "0",
        "gauge": "1435",
        "layer": "-4",
        "level": "-5",
        "maxspeed": "60 mph",
        "name": "Grand Central Branch",
        "operator": "Long Island Rail Road",
        "operator:wikidata": "Q125943",
        "railway": "rail",
        "railway:acses": "yes",
        "railway:atc": "yes",
        "railway:ctc": "yes",
        "railway:ptc": "yes",
        "railway:track_ref": "1",
        "tunnel": "yes",
        "tunnel:name": "63rd Street Tunnel",
        "tunnel:wikidata": "Q4641994",
        "tunnel:wikipedia": "en:63rd Street Tunnel",
        "usage": "main",
        "voltage": "750"
      },
      "geometry": {
        "type": "LineString",
        "coordinates": [
          [
            -73.9476001,
            40.7566565
          ],
          [
            -73.9479878,
            40.756843
          ],
          [
            -73.9483791,
            40.7570251
          ],
          [
            -73.9487738,
            40.7572028
          ],
          [
            -73.9489191,
            40.7572668
          ],
          [
            -73.9536074,
            40.7593158
          ],
          [
            -73.9547449,
            40.7598111
          ],
          [
            -73.9553122,
            40.7600593
          ],
          [
            -73.9572522,
            40.760913
          ]
        ]
      },
      "id": "way/797157465"
    },
    {
      "type": "Feature",
      "properties": {
        "@id": "way/797157466",
        "electrified": "rail",
        "frequency": "0",
        "gauge": "1435",
        "layer": "-4",
        "level": "-5",
        "maxspeed": "60 mph",
        "name": "Grand Central Branch",
        "operator": "Long Island Rail Road",
        "operator:wikidata": "Q125943",
        "railway": "rail",
        "railway:acses": "yes",
        "railway:atc": "yes",
        "railway:ctc": "yes",
        "railway:ptc": "yes",
        "railway:track_ref": "2",
        "tunnel": "yes",
        "tunnel:name": "63rd Street Tunnel",
        "tunnel:wikidata": "Q4641994",
        "tunnel:wikipedia": "en:63rd Street Tunnel",
        "usage": "main",
        "voltage": "750"
      },
      "geometry": {
        "type": "LineString",
        "coordinates": [
          [
            -73.9572791,
            40.7608759
          ],
          [
            -73.9564905,
            40.7605318
          ],
          [
            -73.9553384,
            40.7600249
          ],
          [
            -73.9547709,
            40.7597766
          ],
          [
            -73.9536335,
            40.7592813
          ],
          [
            -73.9490057,
            40.7572587
          ],
          [
            -73.9487034,
            40.7571252
          ],
          [
            -73.9482436,
            40.7569159
          ],
          [
            -73.9477887,
            40.7567007
          ]
        ]
      },
      "id": "way/797157466"
    },
    {
      "type": "Feature",
      "properties": {
        "@id": "way/797157467",
        "electrified": "rail",
        "frequency": "0",
        "gauge": "1435",
        "layer": "-4",
        "level": "-5",
        "maxspeed": "45 mph",
        "name": "Grand Central Branch",
        "operator": "Long Island Rail Road",
        "operator:wikidata": "Q125943",
        "railway": "rail",
        "railway:acses": "yes",
        "railway:atc": "yes",
        "railway:ctc": "yes",
        "railway:ptc": "yes",
        "railway:track_ref": "2",
        "tunnel": "yes",
        "usage": "main",
        "voltage": "750"
      },
      "geometry": {
        "type": "LineString",
        "coordinates": [
          [
            -73.9615237,
            40.7626456
          ],
          [
            -73.9595919,
            40.7618322
          ],
          [
            -73.959201,
            40.7616697
          ],
          [
            -73.9590647,
            40.7616138
          ]
        ]
      },
      "id": "way/797157467"
    },
    {
      "type": "Feature",
      "properties": {
        "@id": "way/797157468",
        "electrified": "rail",
        "frequency": "0",
        "gauge": "1435",
        "layer": "-4",
        "level": "-5",
        "maxspeed": "45 mph",
        "name": "Grand Central Branch",
        "operator": "Long Island Rail Road",
        "operator:wikidata": "Q125943",
        "railway": "rail",
        "railway:acses": "yes",
        "railway:atc": "yes",
        "railway:ctc": "yes",
        "railway:ptc": "yes",
        "railway:track_ref": "1",
        "tunnel": "yes",
        "usage": "main",
        "voltage": "750"
      },
      "geometry": {
        "type": "LineString",
        "coordinates": [
          [
            -73.9590159,
            40.7616807
          ],
          [
            -73.959038,
            40.7616901
          ],
          [
            -73.959353,
            40.7618242
          ],
          [
            -73.9614981,
            40.7627274
          ]
        ]
      },
      "id": "way/797157468"
    },
    {
      "type": "Feature",
      "properties": {
        "@id": "way/797157469",
        "electrified": "rail",
        "frequency": "0",
        "gauge": "1435",
        "layer": "-2",
        "level": "-2",
        "maxspeed": "50 mph",
        "name": "IND 63rd Street Line",
        "operator": "New York City Transit Authority",
        "railway": "subway",
        "railway:preferred_direction": "forward",
        "railway:track_ref": "1",
        "railway:track_ref:signals": "T1",
        "start_date": "1970",
        "tunnel": "yes",
        "voltage": "625"
      },
      "geometry": {
        "type": "LineString",
        "coordinates": [
          [
            -73.956632,
            40.7606985
          ],
          [
            -73.9580375,
            40.7612689
          ],
          [
            -73.959459,
            40.761805
          ],
          [
            -73.9611998,
            40.762529
          ],
          [
            -73.9622488,
            40.7629653
          ],
          [
            -73.9634696,
            40.763473
          ]
        ]
      },
      "id": "way/797157469"
    },
    {
      "type": "Feature",
      "properties": {
        "@id": "way/797157470",
        "electrified": "rail",
        "frequency": "0",
        "gauge": "1435",
        "layer": "-3",
        "level": "-3",
        "name": "IND 63rd Street Line",
        "operator": "New York City Transit Authority",
        "railway": "subway",
        "railway:preferred_direction": "forward",
        "railway:track_ref": "1",
        "railway:track_ref:signals": "T1",
        "start_date": "1970",
        "tunnel": "yes",
        "tunnel:name": "63rd Street Tunnel",
        "tunnel:wikidata": "Q4641994",
        "tunnel:wikipedia": "en:63rd Street Tunnel",
        "voltage": "625"
      },
      "geometry": {
        "type": "LineString",
        "coordinates": [
          [
            -73.9475742,
            40.7566568
          ],
          [
            -73.9518111,
            40.7585098
          ],
          [
            -73.9536956,
            40.759351
          ],
          [
            -73.9563775,
            40.7605883
          ],
          [
            -73.956632,
            40.7606985
          ]
        ]
      },
      "id": "way/797157470"
    },
    {
      "type": "Feature",
      "properties": {
        "@id": "way/797157471",
        "electrified": "rail",
        "frequency": "0",
        "gauge": "1435",
        "layer": "-3",
        "level": "-3",
        "maxspeed": "55 mph",
        "name": "IND Queens Boulevard Line",
        "operator": "New York City Transit Authority",
        "railway": "subway",
        "railway:cbtc": "yes",
        "railway:preferred_direction": "forward",
        "railway:track_ref": "3",
        "railway:track_ref:signals": "D3",
        "tunnel": "yes",
        "tunnel:name": "53rd Street Tunnel",
        "voltage": "625"
      },
      "geometry": {
        "type": "LineString",
        "coordinates": [
          [
            -73.9554299,
            40.7498733
          ],
          [
            -73.9586472,
            40.75215
          ],
          [
            -73.962176,
            40.7546376
          ],
          [
            -73.9624085,
            40.7547822
          ],
          [
            -73.9626676,
            40.754906
          ]
        ]
      },
      "id": "way/797157471"
    },
    {
      "type": "Feature",
      "properties": {
        "@id": "way/797157473",
        "electrified": "rail",
        "frequency": "0",
        "gauge": "1435",
        "layer": "-4",
        "level": "-4",
        "maxspeed": "55 mph",
        "name": "IRT Flushing Line",
        "operator": "New York City Transit Authority",
        "railway": "subway",
        "railway:cbtc": "sto",
        "railway:preferred_direction": "forward",
        "railway:track_ref": "2",
        "railway:track_ref:signals": "C3",
        "tunnel": "yes",
        "tunnel:name": "Steinway Tunnel",
        "voltage": "625"
      },
      "geometry": {
        "type": "LineString",
        "coordinates": [
          [
            -73.9680711,
            40.7480551
          ],
          [
            -73.9600039,
            40.744636
          ],
          [
            -73.9575566,
            40.7435968
          ],
          [
            -73.9570407,
            40.7433769
          ]
        ]
      },
      "id": "way/797157473"
    },
    {
      "type": "Feature",
      "properties": {
        "@id": "way/802782789",
        "electrified": "rail",
        "frequency": "0",
        "gauge": "1435",
        "layer": "-3",
        "level": "-3",
        "name": "IND Sixth Avenue Line",
        "operator": "New York City Transit Authority",
        "railway": "subway",
        "railway:preferred_direction": "forward",
        "railway:track_ref": "1",
        "railway:track_ref:signals": "B1",
        "tunnel": "yes",
        "voltage": "625"
      },
      "geometry": {
        "type": "LineString",
        "coordinates": [
          [
            -73.9864401,
            40.7518246
          ],
          [
            -73.9870697,
            40.7509598
          ],
          [
            -73.9872766,
            40.7506737
          ],
          [
            -73.9874882,
            40.7504192
          ],
          [
            -73.9876092,
            40.7502619
          ],
          [
            -73.9878945,
            40.7498684
          ],
          [
            -73.9880283,
            40.7496842
          ],
          [
            -73.9883785,
            40.7492008
          ],
          [
            -73.9885344,
            40.7489858
          ],
          [
            -73.9886321,
            40.7488511
          ],
          [
            -73.9891913,
            40.748036
          ],
          [
            -73.9901513,
            40.7467186
          ]
        ]
      },
      "id": "way/802782789"
    },
    {
      "type": "Feature",
      "properties": {
        "@id": "way/802782790",
        "electrified": "rail",
        "frequency": "0",
        "gauge": "1435",
        "layer": "-3",
        "level": "-3",
        "name": "IND Sixth Avenue Line",
        "operator": "New York City Transit Authority",
        "railway": "subway",
        "railway:preferred_direction": "forward",
        "railway:track_ref": "2",
        "railway:track_ref:signals": "B2",
        "tunnel": "yes",
        "voltage": "625"
      },
      "geometry": {
        "type": "LineString",
        "coordinates": [
          [
            -73.9899475,
            40.7466367
          ],
          [
            -73.9889897,
            40.7479579
          ],
          [
            -73.9883653,
            40.7487404
          ],
          [
            -73.9881133,
            40.749088
          ],
          [
            -73.9877699,
            40.7495614
          ],
          [
            -73.9876312,
            40.7497529
          ],
          [
            -73.9873421,
            40.7501517
          ],
          [
            -73.98724,
            40.7503054
          ],
          [
            -73.9871487,
            40.7504542
          ],
          [
            -73.9870647,
            40.7505914
          ],
          [
            -73.986871,
            40.7508783
          ],
          [
            -73.9862421,
            40.7517421
          ]
        ]
      },
      "id": "way/802782790"
    },
    {
      "type": "Feature",
      "properties": {
        "@id": "way/803130477",
        "electrified": "rail",
        "frequency": "0",
        "gauge": "1435",
        "layer": "-1",
        "level": "-1",
        "name": "IRT Broadway–Seventh Avenue Line",
        "operator": "New York City Transit Authority",
        "railway": "subway",
        "railway:preferred_direction": "forward",
        "railway:track_ref": "3",
        "railway:track_ref:signals": "B1",
        "tunnel": "yes",
        "voltage": "625"
      },
      "geometry": {
        "type": "LineString",
        "coordinates": [
          [
            -73.9853616,
            40.758529
          ],
          [
            -73.9849366,
            40.7597077
          ],
          [
            -73.9846815,
            40.7603149
          ],
          [
            -73.9844044,
            40.7608385
          ],
          [
            -73.9837069,
            40.7619174
          ],
          [
            -73.9827307,
            40.7634984
          ],
          [
            -73.9824133,
            40.7641625
          ],
          [
            -73.9821164,
            40.7649973
          ],
          [
            -73.9819453,
            40.7655998
          ],
          [
            -73.9818649,
            40.7659461
          ],
          [
            -73.9817572,
            40.7664602
          ],
          [
            -73.9816816,
            40.7669888
          ],
          [
            -73.9816611,
            40.7672815
          ],
          [
            -73.9816694,
            40.767574
          ],
          [
            -73.9816871,
            40.7677065
          ],
          [
            -73.9817032,
            40.7678038
          ],
          [
            -73.9817174,
            40.7678713
          ],
          [
            -73.9817347,
            40.7679432
          ],
          [
            -73.9817572,
            40.7680294
          ],
          [
            -73.9818043,
            40.7681828
          ],
          [
            -73.9818433,
            40.7683059
          ],
          [
            -73.9818589,
            40.7683547
          ],
          [
            -73.9818813,
            40.7684257
          ],
          [
            -73.9819086,
            40.7685142
          ],
          [
            -73.9819321,
            40.7685885
          ],
          [
            -73.9819556,
            40.7686632
          ],
          [
            -73.981973,
            40.7687181
          ],
          [
            -73.9819886,
            40.7687673
          ],
          [
            -73.9820091,
            40.7688332
          ],
          [
            -73.9820162,
            40.7688638
          ],
          [
            -73.9820904,
            40.7693688
          ],
          [
            -73.9821803,
            40.7732769
          ],
          [
            -73.9821981,
            40.7738164
          ],
          [
            -73.9821618,
            40.7751658
          ]
        ]
      },
      "id": "way/803130477"
    },
    {
      "type": "Feature",
      "properties": {
        "@id": "way/803130478",
        "electrified": "rail",
        "frequency": "0",
        "gauge": "1435",
        "layer": "-1",
        "level": "-1",
        "name": "IRT Broadway–Seventh Avenue Line",
        "operator": "New York City Transit Authority",
        "railway": "subway",
        "railway:preferred_direction": "forward",
        "railway:track_ref": "2",
        "railway:track_ref:signals": "B2",
        "tunnel": "yes",
        "voltage": "625"
      },
      "geometry": {
        "type": "LineString",
        "coordinates": [
          [
            -73.9822059,
            40.7751665
          ],
          [
            -73.9822421,
            40.7738166
          ],
          [
            -73.9822243,
            40.7732763
          ],
          [
            -73.9821371,
            40.7693648
          ],
          [
            -73.9820595,
            40.768858
          ],
          [
            -73.9820522,
            40.7688265
          ],
          [
            -73.9820313,
            40.7687596
          ],
          [
            -73.9820157,
            40.7687103
          ],
          [
            -73.9819983,
            40.7686555
          ],
          [
            -73.9819748,
            40.7685808
          ],
          [
            -73.9819514,
            40.7685066
          ],
          [
            -73.9819241,
            40.7684181
          ],
          [
            -73.9819016,
            40.7683469
          ],
          [
            -73.981886,
            40.7682981
          ],
          [
            -73.9818471,
            40.7681751
          ],
          [
            -73.9818406,
            40.7681542
          ],
          [
            -73.9817974,
            40.768012
          ],
          [
            -73.9817778,
            40.7679369
          ],
          [
            -73.9817607,
            40.7678657
          ],
          [
            -73.9817467,
            40.7677991
          ],
          [
            -73.9817308,
            40.7677028
          ],
          [
            -73.9817126,
            40.767568
          ],
          [
            -73.9817055,
            40.7672821
          ],
          [
            -73.9817257,
            40.7669915
          ],
          [
            -73.9818011,
            40.7664646
          ],
          [
            -73.9819086,
            40.7659516
          ],
          [
            -73.9819893,
            40.7656059
          ],
          [
            -73.9821593,
            40.7650048
          ],
          [
            -73.9824552,
            40.7641727
          ],
          [
            -73.9827714,
            40.7635112
          ],
          [
            -73.9837465,
            40.7619319
          ],
          [
            -73.9844447,
            40.760852
          ],
          [
            -73.984723,
            40.7603259
          ],
          [
            -73.9849788,
            40.7597171
          ],
          [
            -73.9854037,
            40.7585386
          ]
        ]
      },
      "id": "way/803130478"
    },
    {
      "type": "Feature",
      "properties": {
        "@id": "way/803137433",
        "electrified": "rail",
        "frequency": "0",
        "gauge": "1435",
        "layer": "-2",
        "level": "-2",
        "name": "IRT Broadway–Seventh Avenue Line",
        "operator": "New York City Transit Authority",
        "railway": "subway",
        "railway:preferred_direction": "forward",
        "railway:track_ref": "1",
        "railway:track_ref:signals": "V4",
        "tunnel": "yes",
        "voltage": "625"
      },
      "geometry": {
        "type": "LineString",
        "coordinates": [
          [
            -73.9863714,
            40.7569514
          ],
          [
            -73.9865116,
            40.7567487
          ],
          [
            -73.9868982,
            40.7562856
          ],
          [
            -73.9870982,
            40.7560698
          ],
          [
            -73.9872352,
            40.7558902
          ],
          [
            -73.9873007,
            40.7558044
          ],
          [
            -73.9878629,
            40.7550366
          ],
          [
            -73.9879628,
            40.754895
          ],
          [
            -73.988071,
            40.7547363
          ],
          [
            -73.988131,
            40.7546374
          ],
          [
            -73.9883963,
            40.7541989
          ]
        ]
      },
      "id": "way/803137433"
    },
    {
      "type": "Feature",
      "properties": {
        "@id": "way/803137434",
        "electrified": "rail",
        "frequency": "0",
        "gauge": "1435",
        "layer": "-2",
        "level": "-2",
        "name": "IRT Broadway–Seventh Avenue Line",
        "operator": "New York City Transit Authority",
        "railway": "subway",
        "railway:preferred_direction": "forward",
        "railway:track_ref": "4",
        "railway:track_ref:signals": "V3",
        "tunnel": "yes",
        "voltage": "625"
      },
      "geometry": {
        "type": "LineString",
        "coordinates": [
          [
            -73.9882438,
            40.7541333
          ],
          [
            -73.9878948,
            40.754538
          ],
          [
            -73.987589,
            40.754964
          ],
          [
            -73.9870031,
            40.7557743
          ],
          [
            -73.9868487,
            40.7559931
          ],
          [
            -73.9867137,
            40.7562061
          ],
          [
            -73.9863307,
            40.7567861
          ]
        ]
      },
      "id": "way/803137434"
    },
    {
      "type": "Feature",
      "properties": {
        "@id": "way/803137436",
        "electrified": "rail",
        "frequency": "0",
        "gauge": "1435",
        "layer": "-2",
        "level": "-2",
        "name": "IRT Broadway–Seventh Avenue Line",
        "operator": "New York City Transit Authority",
        "railway": "subway",
        "railway:preferred_direction": "forward",
        "railway:track_ref": "3",
        "railway:track_ref:signals": "V1",
        "tunnel": "yes",
        "voltage": "625"
      },
      "geometry": {
        "type": "LineString",
        "coordinates": [
          [
            -73.9870951,
            40.7558323
          ],
          [
            -73.9867845,
            40.75624
          ],
          [
            -73.9864335,
            40.756718
          ],
          [
            -73.9862895,
            40.7569212
          ]
        ]
      },
      "id": "way/803137436"
    },
    {
      "type": "Feature",
      "properties": {
        "@id": "way/803435871",
        "electrified": "rail",
        "frequency": "0",
        "gauge": "1435",
        "layer": "-1",
        "level": "-0.5",
        "maxspeed": "10 mph",
        "maxspeed:freight": "10 mph",
        "name": "Grand Central Terminal",
        "operator": "Metro-North Railroad",
        "owner": "Metropolitan Transportation Authority",
        "railway": "rail",
        "railway:atc": "no",
        "railway:ctc": "no",
        "railway:preferred_direction": "both",
        "railway:ptc": "no",
        "railway:track_class": "1",
        "railway:track_ref": "1",
        "ref": "GCT",
        "tunnel": "yes",
        "usage": "main",
        "voltage": "700"
      },
      "geometry": {
        "type": "LineString",
        "coordinates": [
          [
            -73.9755072,
            40.7524544
          ],
          [
            -73.9747915,
            40.7534357
          ],
          [
            -73.974453,
            40.7539006
          ]
        ]
      },
      "id": "way/803435871"
    },
    {
      "type": "Feature",
      "properties": {
        "@id": "way/803925202",
        "electrified": "rail",
        "frequency": "0",
        "gauge": "1435",
        "layer": "-1",
        "level": "-0.5",
        "maxspeed": "10 mph",
        "maxspeed:freight": "10 mph",
        "name": "Grand Central Terminal",
        "operator": "Metro-North Railroad",
        "owner": "Metropolitan Transportation Authority",
        "railway": "rail",
        "railway:atc": "no",
        "railway:ctc": "no",
        "railway:preferred_direction": "both",
        "railway:ptc": "no",
        "railway:track_class": "1",
        "railway:track_ref": "1",
        "ref": "GCT",
        "tunnel": "yes",
        "usage": "main",
        "voltage": "700"
      },
      "geometry": {
        "type": "LineString",
        "coordinates": [
          [
            -73.9775323,
            40.7522909
          ],
          [
            -73.9773053,
            40.752166
          ],
          [
            -73.9770492,
            40.7520796
          ]
        ]
      },
      "id": "way/803925202"
    },
    {
      "type": "Feature",
      "properties": {
        "@id": "way/803981810",
        "electrified": "rail",
        "frequency": "0",
        "gauge": "1435",
        "layer": "-4",
        "level": "-5",
        "maxspeed": "60 mph",
        "name": "Grand Central Branch",
        "operator": "Long Island Rail Road",
        "operator:wikidata": "Q125943",
        "railway": "rail",
        "railway:acses": "yes",
        "railway:atc": "yes",
        "railway:ctc": "yes",
        "railway:ptc": "yes",
        "railway:track_ref": "1",
        "tunnel": "yes",
        "usage": "main",
        "voltage": "750"
      },
      "geometry": {
        "type": "LineString",
        "coordinates": [
          [
            -73.9362773,
            40.7507609
          ],
          [
            -73.9363165,
            40.7507818
          ],
          [
            -73.9363386,
            40.7507935
          ],
          [
            -73.9368567,
            40.7510696
          ],
          [
            -73.937461,
            40.7513917
          ],
          [
            -73.9412196,
            40.7533944
          ],
          [
            -73.9415992,
            40.7535945
          ],
          [
            -73.9419814,
            40.7537919
          ],
          [
            -73.9471113,
            40.7564126
          ],
          [
            -73.947216,
            40.7564657
          ],
          [
            -73.9476001,
            40.7566565
          ]
        ]
      },
      "id": "way/803981810"
    },
    {
      "type": "Feature",
      "properties": {
        "@id": "way/804049792",
        "electrified": "rail",
        "frequency": "0",
        "gauge": "1435",
        "layer": "-2",
        "level": "-2",
        "maxspeed": "10 mph",
        "maxspeed:freight": "10 mph",
        "name": "Grand Central Terminal",
        "operator": "Metro-North Railroad",
        "owner": "Metropolitan Transportation Authority",
        "railway": "rail",
        "railway:atc": "no",
        "railway:ctc": "no",
        "railway:preferred_direction": "both",
        "railway:ptc": "no",
        "railway:track_class": "1",
        "railway:track_ref": "115",
        "ref": "GCT",
        "tunnel": "yes",
        "usage": "main",
        "voltage": "700"
      },
      "geometry": {
        "type": "LineString",
        "coordinates": [
          [
            -73.9774176,
            40.7532565
          ],
          [
            -73.9765805,
            40.7544055
          ],
          [
            -73.9759342,
            40.7550598
          ]
        ]
      },
      "id": "way/804049792"
    },
    {
      "type": "Feature",
      "properties": {
        "@id": "way/804049793",
        "gauge": "1435",
        "layer": "-3",
        "level": "-2",
        "maxspeed": "10 mph",
        "railway": "rail",
        "railway:track_ref": "111",
        "tunnel": "yes",
        "usage": "main"
      },
      "geometry": {
        "type": "LineString",
        "coordinates": [
          [
            -73.975758,
            40.7549961
          ],
          [
            -73.9756341,
            40.7551605
          ]
        ]
      },
      "id": "way/804049793"
    },
    {
      "type": "Feature",
      "properties": {
        "@id": "way/804049796",
        "electrified": "rail",
        "frequency": "0",
        "layer": "-2",
        "level": "-2",
        "maxspeed": "10 mph",
        "maxspeed:freight": "10 mph",
        "name": "Grand Central Terminal",
        "operator": "Metro-North Railroad",
        "owner": "Metropolitan Transportation Authority",
        "railway": "rail",
        "railway:atc": "no",
        "railway:ctc": "no",
        "railway:preferred_direction": "both",
        "railway:ptc": "no",
        "railway:track_class": "1",
        "railway:track_ref": "T",
        "ref": "GCT",
        "tunnel": "yes",
        "usage": "main",
        "voltage": "700"
      },
      "geometry": {
        "type": "LineString",
        "coordinates": [
          [
            -73.9753745,
            40.7548329
          ],
          [
            -73.9754904,
            40.7544306
          ]
        ]
      },
      "id": "way/804049796"
    },
    {
      "type": "Feature",
      "properties": {
        "@id": "way/804049797",
        "electrified": "rail",
        "frequency": "0",
        "gauge": "1435",
        "layer": "-3",
        "level": "-2",
        "maxspeed": "10 mph",
        "maxspeed:freight": "10 mph",
        "name": "Grand Central Terminal",
        "operator": "Metro-North Railroad",
        "owner": "Metropolitan Transportation Authority",
        "railway": "rail",
        "railway:atc": "no",
        "railway:ctc": "no",
        "railway:preferred_direction": "both",
        "railway:ptc": "no",
        "railway:track_class": "1",
        "railway:track_ref": "105",
        "ref": "GCT",
        "tunnel": "yes",
        "usage": "main",
        "voltage": "700"
      },
      "geometry": {
        "type": "LineString",
        "coordinates": [
          [
            -73.975422,
            40.7548568
          ],
          [
            -73.9753187,
            40.7550266
          ]
        ]
      },
      "id": "way/804049797"
    },
    {
      "type": "Feature",
      "properties": {
        "@id": "way/804049798",
        "electrified": "rail",
        "frequency": "0",
        "gauge": "1435",
        "layer": "-2",
        "level": "-2",
        "maxspeed": "10 mph",
        "maxspeed:freight": "10 mph",
        "name": "Grand Central Terminal",
        "operator": "Metro-North Railroad",
        "owner": "Metropolitan Transportation Authority",
        "railway": "rail",
        "railway:atc": "no",
        "railway:ctc": "no",
        "railway:preferred_direction": "both",
        "railway:ptc": "no",
        "railway:track_class": "1",
        "railway:track_ref": "106",
        "ref": "GCT",
        "tunnel": "yes",
        "usage": "main",
        "voltage": "700"
      },
      "geometry": {
        "type": "LineString",
        "coordinates": [
          [
            -73.9768325,
            40.7530128
          ],
          [
            -73.9754739,
            40.7548776
          ]
        ]
      },
      "id": "way/804049798"
    },
    {
      "type": "Feature",
      "properties": {
        "@id": "way/804049799",
        "gauge": "1435",
        "layer": "-3",
        "level": "-2",
        "maxspeed": "10 mph",
        "railway": "rail",
        "railway:track_ref": "107",
        "tunnel": "yes",
        "usage": "main"
      },
      "geometry": {
        "type": "LineString",
        "coordinates": [
          [
            -73.9755142,
            40.7548944
          ],
          [
            -73.9750072,
            40.7555959
          ]
        ]
      },
      "id": "way/804049799"
    },
    {
      "type": "Feature",
      "properties": {
        "@id": "way/804049800",
        "gauge": "1435",
        "layer": "-3",
        "level": "-2",
        "maxspeed": "10 mph",
        "railway": "rail",
        "railway:track_ref": "108",
        "tunnel": "yes",
        "usage": "main"
      },
      "geometry": {
        "type": "LineString",
        "coordinates": [
          [
            -73.9755965,
            40.7549287
          ],
          [
            -73.9748182,
            40.7559962
          ]
        ]
      },
      "id": "way/804049800"
    },
    {
      "type": "Feature",
      "properties": {
        "@id": "way/804049801",
        "electrified": "rail",
        "frequency": "0",
        "gauge": "1435",
        "layer": "-3",
        "level": "-2",
        "maxspeed": "10 mph",
        "old_railway_operator": "NYC",
        "operator": "Metro-North Commuter Railroad",
        "operator:wikidata": "Q125908",
        "owner": "Metropolitan Transportation Authority",
        "railway": "rail",
        "railway:track_ref": "109",
        "tunnel": "yes",
        "usage": "main",
        "voltage": "700"
      },
      "geometry": {
        "type": "LineString",
        "coordinates": [
          [
            -73.9756361,
            40.7549452
          ],
          [
            -73.9748584,
            40.756012
          ]
        ]
      },
      "id": "way/804049801"
    },
    {
      "type": "Feature",
      "properties": {
        "@id": "way/804049802",
        "gauge": "1435",
        "layer": "-3",
        "level": "-2",
        "maxspeed": "10 mph",
        "railway": "rail",
        "railway:track_ref": "110",
        "tunnel": "yes",
        "usage": "main"
      },
      "geometry": {
        "type": "LineString",
        "coordinates": [
          [
            -73.9757184,
            40.7549796
          ],
          [
            -73.9752038,
            40.7556803
          ]
        ]
      },
      "id": "way/804049802"
    },
    {
      "type": "Feature",
      "properties": {
        "@id": "way/804049803",
        "gauge": "1435",
        "layer": "-3",
        "level": "-2",
        "maxspeed": "10 mph",
        "railway": "rail",
        "railway:track_ref": "112",
        "tunnel": "yes",
        "usage": "main"
      },
      "geometry": {
        "type": "LineString",
        "coordinates": [
          [
            -73.9758126,
            40.7550153
          ],
          [
            -73.9756727,
            40.7551784
          ]
        ]
      },
      "id": "way/804049803"
    },
    {
      "type": "Feature",
      "properties": {
        "@id": "way/804049805",
        "electrified": "rail",
        "frequency": "0",
        "gauge": "1435",
        "layer": "-2",
        "level": "-2",
        "maxspeed": "10 mph",
        "maxspeed:freight": "10 mph",
        "name": "Grand Central Terminal",
        "old_railway_operator": "NYC",
        "operator": "Metro-North Railroad",
        "operator:wikidata": "Q125908",
        "owner": "Metropolitan Transportation Authority",
        "railway": "rail",
        "railway:atc": "no",
        "railway:ctc": "no",
        "railway:preferred_direction": "both",
        "railway:ptc": "no",
        "railway:track_class": "1",
        "railway:track_ref": "B",
        "ref": "GCT",
        "tunnel": "yes",
        "usage": "main",
        "voltage": "700"
      },
      "geometry": {
        "type": "LineString",
        "coordinates": [
          [
            -73.9733536,
            40.7577959
          ],
          [
            -73.9731399,
            40.7580875
          ],
          [
            -73.9728875,
            40.758434
          ],
          [
            -73.9726352,
            40.7587804
          ],
          [
            -73.9723828,
            40.7591269
          ],
          [
            -73.9721305,
            40.7594733
          ]
        ]
      },
      "id": "way/804049805"
    },
    {
      "type": "Feature",
      "properties": {
        "@id": "way/804070037",
        "electrified": "rail",
        "frequency": "0",
        "gauge": "1435",
        "layer": "-4",
        "level": "-3",
        "maxspeed": "15 mph",
        "name": "Grand Central Branch",
        "operator": "Long Island Rail Road",
        "operator:wikidata": "Q125943",
        "railway": "rail",
        "railway:track_ref": "204",
        "tunnel": "yes",
        "usage": "main",
        "voltage": "750",
        "wikidata": "Q937694",
        "wikipedia": "en:East Side Access"
      },
      "geometry": {
        "type": "LineString",
        "coordinates": [
          [
            -73.9775854,
            40.7524039
          ],
          [
            -73.9775331,
            40.7524757
          ],
          [
            -73.9770816,
            40.7532736
          ],
          [
            -73.9770647,
            40.7533029
          ],
          [
            -73.9769816,
            40.7534383
          ],
          [
            -73.9768916,
            40.7535711
          ],
          [
            -73.9767362,
            40.753785
          ]
        ]
      },
      "id": "way/804070037"
    },
    {
      "type": "Feature",
      "properties": {
        "@id": "way/804070038",
        "electrified": "rail",
        "frequency": "0",
        "gauge": "1435",
        "layer": "-4",
        "level": "-3",
        "maxspeed": "15 mph",
        "name": "Grand Central Branch",
        "operator": "Long Island Rail Road",
        "operator:wikidata": "Q125943",
        "railway": "rail",
        "railway:track_ref": "203",
        "tunnel": "yes",
        "usage": "main",
        "voltage": "750",
        "wikidata": "Q937694",
        "wikipedia": "en:East Side Access"
      },
      "geometry": {
        "type": "LineString",
        "coordinates": [
          [
            -73.9775854,
            40.7524039
          ],
          [
            -73.9775331,
            40.7524757
          ],
          [
            -73.9766157,
            40.7537342
          ]
        ]
      },
      "id": "way/804070038"
    },
    {
      "type": "Feature",
      "properties": {
        "@id": "way/804070039",
        "electrified": "rail",
        "frequency": "0",
        "gauge": "1435",
        "layer": "-4",
        "level": "-3",
        "maxspeed": "15 mph",
        "name": "Grand Central Branch",
        "operator": "Long Island Rail Road",
        "operator:wikidata": "Q125943",
        "railway": "rail",
        "railway:track_ref": "202",
        "tunnel": "yes",
        "usage": "main",
        "voltage": "750",
        "wikidata": "Q937694",
        "wikipedia": "en:East Side Access"
      },
      "geometry": {
        "type": "LineString",
        "coordinates": [
          [
            -73.9773918,
            40.7523223
          ],
          [
            -73.9773394,
            40.7523941
          ],
          [
            -73.9764221,
            40.7536526
          ]
        ]
      },
      "id": "way/804070039"
    },
    {
      "type": "Feature",
      "properties": {
        "@id": "way/804070040",
        "electrified": "rail",
        "frequency": "0",
        "gauge": "1435",
        "layer": "-4",
        "level": "-3",
        "maxspeed": "15 mph",
        "name": "Grand Central Branch",
        "operator": "Long Island Rail Road",
        "operator:wikidata": "Q125943",
        "railway": "rail",
        "railway:track_ref": "201",
        "tunnel": "yes",
        "usage": "main",
        "voltage": "750",
        "wikidata": "Q937694",
        "wikipedia": "en:East Side Access"
      },
      "geometry": {
        "type": "LineString",
        "coordinates": [
          [
            -73.9773918,
            40.7523223
          ],
          [
            -73.9773392,
            40.7523943
          ],
          [
            -73.9766888,
            40.7531081
          ],
          [
            -73.9766652,
            40.7531344
          ],
          [
            -73.9765582,
            40.7532598
          ],
          [
            -73.9764578,
            40.7533882
          ],
          [
            -73.9763016,
            40.7536018
          ]
        ]
      },
      "id": "way/804070040"
    },
    {
      "type": "Feature",
      "properties": {
        "@id": "way/804070041",
        "electrified": "rail",
        "frequency": "0",
        "gauge": "1435",
        "layer": "-5",
        "level": "-5",
        "maxspeed": "15 mph",
        "name": "Grand Central Branch",
        "operator": "Long Island Rail Road",
        "operator:wikidata": "Q125943",
        "railway": "rail",
        "railway:track_ref": "304",
        "tunnel": "yes",
        "usage": "main",
        "voltage": "750",
        "wikidata": "Q937694",
        "wikipedia": "en:East Side Access"
      },
      "geometry": {
        "type": "LineString",
        "coordinates": [
          [
            -73.9775854,
            40.7524039
          ],
          [
            -73.9775331,
            40.7524757
          ],
          [
            -73.9770816,
            40.7532737
          ],
          [
            -73.9770648,
            40.7533029
          ],
          [
            -73.9769816,
            40.7534383
          ],
          [
            -73.9768917,
            40.7535711
          ],
          [
            -73.9767362,
            40.753785
          ]
        ]
      },
      "id": "way/804070041"
    },
    {
      "type": "Feature",
      "properties": {
        "@id": "way/804070042",
        "electrified": "rail",
        "frequency": "0",
        "gauge": "1435",
        "layer": "-5",
        "level": "-5",
        "maxspeed": "15 mph",
        "name": "Grand Central Branch",
        "operator": "Long Island Rail Road",
        "operator:wikidata": "Q125943",
        "railway": "rail",
        "railway:track_ref": "303",
        "tunnel": "yes",
        "usage": "main",
        "voltage": "750",
        "wikidata": "Q937694",
        "wikipedia": "en:East Side Access"
      },
      "geometry": {
        "type": "LineString",
        "coordinates": [
          [
            -73.9775854,
            40.7524039
          ],
          [
            -73.977533,
            40.7524757
          ],
          [
            -73.9766157,
            40.7537342
          ]
        ]
      },
      "id": "way/804070042"
    },
    {
      "type": "Feature",
      "properties": {
        "@id": "way/804070043",
        "electrified": "rail",
        "frequency": "0",
        "gauge": "1435",
        "layer": "-5",
        "level": "-5",
        "maxspeed": "15 mph",
        "name": "Grand Central Branch",
        "operator": "Long Island Rail Road",
        "operator:wikidata": "Q125943",
        "railway": "rail",
        "railway:track_ref": "301",
        "tunnel": "yes",
        "usage": "main",
        "voltage": "750",
        "wikidata": "Q937694",
        "wikipedia": "en:East Side Access"
      },
      "geometry": {
        "type": "LineString",
        "coordinates": [
          [
            -73.9773918,
            40.7523223
          ],
          [
            -73.9773392,
            40.7523943
          ],
          [
            -73.9766888,
            40.7531081
          ],
          [
            -73.9766651,
            40.7531344
          ],
          [
            -73.9765582,
            40.7532598
          ],
          [
            -73.9764577,
            40.7533882
          ],
          [
            -73.9763015,
            40.7536018
          ]
        ]
      },
      "id": "way/804070043"
    },
    {
      "type": "Feature",
      "properties": {
        "@id": "way/804070044",
        "electrified": "rail",
        "frequency": "0",
        "gauge": "1435",
        "layer": "-5",
        "level": "-5",
        "maxspeed": "15 mph",
        "name": "Grand Central Branch",
        "operator": "Long Island Rail Road",
        "operator:wikidata": "Q125943",
        "railway": "rail",
        "railway:track_ref": "304",
        "tunnel": "yes",
        "usage": "main",
        "voltage": "750",
        "wikidata": "Q937694",
        "wikipedia": "en:East Side Access"
      },
      "geometry": {
        "type": "LineString",
        "coordinates": [
          [
            -73.9767362,
            40.753785
          ],
          [
            -73.9747941,
            40.7564491
          ],
          [
            -73.9745262,
            40.7568166
          ],
          [
            -73.9744714,
            40.7568908
          ],
          [
            -73.9744292,
            40.7569459
          ],
          [
            -73.9743619,
            40.7570285
          ],
          [
            -73.9742907,
            40.7571093
          ],
          [
            -73.9742159,
            40.7571881
          ],
          [
            -73.9741129,
            40.7572888
          ],
          [
            -73.9735973,
            40.7577792
          ],
          [
            -73.9735387,
            40.7578481
          ]
        ]
      },
      "id": "way/804070044"
    },
    {
      "type": "Feature",
      "properties": {
        "@id": "way/804070045",
        "electrified": "rail",
        "frequency": "0",
        "gauge": "1435",
        "layer": "-5",
        "level": "-5",
        "maxspeed": "15 mph",
        "name": "Grand Central Branch",
        "operator": "Long Island Rail Road",
        "operator:wikidata": "Q125943",
        "railway": "rail",
        "railway:track_ref": "301",
        "tunnel": "yes",
        "usage": "main",
        "voltage": "750",
        "wikidata": "Q937694",
        "wikipedia": "en:East Side Access"
      },
      "geometry": {
        "type": "LineString",
        "coordinates": [
          [
            -73.9763015,
            40.7536018
          ],
          [
            -73.974361,
            40.7562639
          ],
          [
            -73.9741109,
            40.7566069
          ],
          [
            -73.9740176,
            40.7567378
          ],
          [
            -73.9739354,
            40.7568636
          ],
          [
            -73.9738492,
            40.7570116
          ],
          [
            -73.9737969,
            40.7571102
          ],
          [
            -73.9734755,
            40.7577317
          ],
          [
            -73.973436,
            40.757808
          ]
        ]
      },
      "id": "way/804070045"
    },
    {
      "type": "Feature",
      "properties": {
        "@id": "way/804070049",
        "electrified": "rail",
        "frequency": "0",
        "gauge": "1435",
        "layer": "-5",
        "level": "-5",
        "maxspeed": "15 mph",
        "name": "Grand Central Branch",
        "operator": "Long Island Rail Road",
        "operator:wikidata": "Q125943",
        "railway": "rail",
        "railway:track_ref": "303",
        "tunnel": "yes",
        "usage": "main",
        "voltage": "750",
        "wikidata": "Q937694",
        "wikipedia": "en:East Side Access"
      },
      "geometry": {
        "type": "LineString",
        "coordinates": [
          [
            -73.9766157,
            40.7537342
          ],
          [
            -73.9746176,
            40.7564751
          ],
          [
            -73.9742717,
            40.7569496
          ],
          [
            -73.9741759,
            40.7570795
          ],
          [
            -73.9740767,
            40.7572084
          ],
          [
            -73.9739739,
            40.7573356
          ],
          [
            -73.9735387,
            40.7578481
          ]
        ]
      },
      "id": "way/804070049"
    },
    {
      "type": "Feature",
      "properties": {
        "@id": "way/804070051",
        "electrified": "rail",
        "frequency": "0",
        "gauge": "1435",
        "layer": "-5",
        "level": "-5",
        "maxspeed": "15 mph",
        "name": "Grand Central Branch",
        "operator": "Long Island Rail Road",
        "operator:wikidata": "Q125943",
        "railway": "rail",
        "railway:track_ref": "302",
        "tunnel": "yes",
        "usage": "main",
        "voltage": "750",
        "wikidata": "Q937694",
        "wikipedia": "en:East Side Access"
      },
      "geometry": {
        "type": "LineString",
        "coordinates": [
          [
            -73.9773918,
            40.7523223
          ],
          [
            -73.9773395,
            40.7523941
          ],
          [
            -73.9764221,
            40.7536526
          ],
          [
            -73.9739106,
            40.7570984
          ],
          [
            -73.973436,
            40.757808
          ]
        ]
      },
      "id": "way/804070051"
    },
    {
      "type": "Feature",
      "properties": {
        "@id": "way/804070052",
        "electrified": "rail",
        "frequency": "0",
        "gauge": "1435",
        "layer": "-5",
        "level": "-5",
        "maxspeed": "15 mph",
        "name": "Grand Central Branch",
        "operator": "Long Island Rail Road",
        "operator:wikidata": "Q125943",
        "railway": "rail",
        "railway:track_ref": "2",
        "tunnel": "yes",
        "usage": "main",
        "voltage": "750",
        "wikidata": "Q937694",
        "wikipedia": "en:East Side Access"
      },
      "geometry": {
        "type": "LineString",
        "coordinates": [
          [
            -73.973436,
            40.757808
          ],
          [
            -73.9733565,
            40.7579618
          ]
        ]
      },
      "id": "way/804070052"
    },
    {
      "type": "Feature",
      "properties": {
        "@id": "way/804070053",
        "electrified": "rail",
        "frequency": "0",
        "gauge": "1435",
        "layer": "-5",
        "level": "-5",
        "maxspeed": "15 mph",
        "name": "Grand Central Branch",
        "operator": "Long Island Rail Road",
        "operator:wikidata": "Q125943",
        "railway": "rail",
        "railway:track_ref": "2",
        "tunnel": "yes",
        "usage": "main",
        "voltage": "750",
        "wikidata": "Q937694",
        "wikipedia": "en:East Side Access"
      },
      "geometry": {
        "type": "LineString",
        "coordinates": [
          [
            -73.9733565,
            40.7579618
          ],
          [
            -73.9733169,
            40.7580382
          ],
          [
            -73.9730866,
            40.7583791
          ],
          [
            -73.9730285,
            40.7584476
          ]
        ]
      },
      "id": "way/804070053"
    },
    {
      "type": "Feature",
      "properties": {
        "@id": "way/804070054",
        "electrified": "rail",
        "frequency": "0",
        "gauge": "1435",
        "layer": "-5",
        "level": "-5",
        "maxspeed": "15 mph",
        "operator": "Long Island Rail Road",
        "operator:wikidata": "Q125943",
        "railway": "rail",
        "service": "crossover",
        "tunnel": "yes",
        "voltage": "750"
      },
      "geometry": {
        "type": "LineString",
        "coordinates": [
          [
            -73.9734206,
            40.7579868
          ],
          [
            -73.9732241,
            40.7582176
          ],
          [
            -73.9730285,
            40.7584476
          ]
        ]
      },
      "id": "way/804070054"
    },
    {
      "type": "Feature",
      "properties": {
        "@id": "way/804070055",
        "electrified": "rail",
        "frequency": "0",
        "gauge": "1435",
        "layer": "-5",
        "level": "-5",
        "maxspeed": "15 mph",
        "operator": "Long Island Rail Road",
        "operator:wikidata": "Q125943",
        "railway": "rail",
        "service": "crossover",
        "tunnel": "yes",
        "voltage": "750"
      },
      "geometry": {
        "type": "LineString",
        "coordinates": [
          [
            -73.9733565,
            40.7579618
          ],
          [
            -73.9732241,
            40.7582176
          ],
          [
            -73.9731298,
            40.7583965
          ],
          [
            -73.9730822,
            40.7584696
          ]
        ]
      },
      "id": "way/804070055"
    },
    {
      "type": "Feature",
      "properties": {
        "@id": "way/804070056",
        "electrified": "rail",
        "frequency": "0",
        "gauge": "1435",
        "layer": "-5",
        "level": "-5",
        "maxspeed": "15 mph",
        "name": "Grand Central Branch",
        "operator": "Long Island Rail Road",
        "operator:wikidata": "Q125943",
        "railway": "rail",
        "railway:track_ref": "1",
        "tunnel": "yes",
        "usage": "main",
        "voltage": "750",
        "wikidata": "Q937694",
        "wikipedia": "en:East Side Access"
      },
      "geometry": {
        "type": "LineString",
        "coordinates": [
          [
            -73.9735387,
            40.7578481
          ],
          [
            -73.9734206,
            40.7579868
          ]
        ]
      },
      "id": "way/804070056"
    },
    {
      "type": "Feature",
      "properties": {
        "@id": "way/804070057",
        "electrified": "rail",
        "frequency": "0",
        "gauge": "1435",
        "layer": "-5",
        "level": "-5",
        "maxspeed": "15 mph",
        "name": "Grand Central Branch",
        "operator": "Long Island Rail Road",
        "operator:wikidata": "Q125943",
        "railway": "rail",
        "railway:track_ref": "1",
        "tunnel": "yes",
        "usage": "main",
        "voltage": "750",
        "wikidata": "Q937694",
        "wikipedia": "en:East Side Access"
      },
      "geometry": {
        "type": "LineString",
        "coordinates": [
          [
            -73.9734206,
            40.7579868
          ],
          [
            -73.9733648,
            40.7580563
          ],
          [
            -73.9730822,
            40.7584696
          ]
        ]
      },
      "id": "way/804070057"
    },
    {
      "type": "Feature",
      "properties": {
        "@id": "way/804070058",
        "electrified": "rail",
        "frequency": "0",
        "gauge": "1435",
        "layer": "-5",
        "level": "-4;-5",
        "maxspeed": "30 mph",
        "name": "Grand Central Branch",
        "operator": "Long Island Rail Road",
        "operator:wikidata": "Q125943",
        "railway": "rail",
        "railway:track_ref": "3",
        "tunnel": "yes",
        "usage": "main",
        "voltage": "750",
        "wikidata": "Q937694",
        "wikipedia": "en:East Side Access"
      },
      "geometry": {
        "type": "LineString",
        "coordinates": [
          [
            -73.9727749,
            40.7591395
          ],
          [
            -73.9715736,
            40.7607871
          ],
          [
            -73.9714532,
            40.7609486
          ],
          [
            -73.9713905,
            40.7610283
          ],
          [
            -73.9713582,
            40.7610676
          ],
          [
            -73.9712914,
            40.7611453
          ],
          [
            -73.9712566,
            40.7611834
          ],
          [
            -73.9711638,
            40.761278
          ],
          [
            -73.9710649,
            40.7613689
          ],
          [
            -73.97096,
            40.7614558
          ],
          [
            -73.9708495,
            40.7615386
          ],
          [
            -73.9707337,
            40.7616171
          ],
          [
            -73.9706127,
            40.761691
          ],
          [
            -73.970487,
            40.7617602
          ],
          [
            -73.9703569,
            40.7618244
          ],
          [
            -73.9702227,
            40.7618836
          ]
        ]
      },
      "id": "way/804070058"
    },
    {
      "type": "Feature",
      "properties": {
        "@id": "way/804070059",
        "electrified": "rail",
        "frequency": "0",
        "gauge": "1435",
        "layer": "-4",
        "level": "-3",
        "maxspeed": "15 mph",
        "name": "Grand Central Branch",
        "operator": "Long Island Rail Road",
        "operator:wikidata": "Q125943",
        "railway": "rail",
        "railway:track_ref": "3",
        "tunnel": "yes",
        "usage": "main",
        "voltage": "750",
        "wikidata": "Q937694",
        "wikipedia": "en:East Side Access"
      },
      "geometry": {
        "type": "LineString",
        "coordinates": [
          [
            -73.9734143,
            40.7580315
          ],
          [
            -73.9731637,
            40.7585155
          ],
          [
            -73.9731009,
            40.7586339
          ],
          [
            -73.9730286,
            40.7587606
          ],
          [
            -73.9729511,
            40.7588856
          ],
          [
            -73.9728554,
            40.7590275
          ],
          [
            -73.9727749,
            40.7591395
          ]
        ]
      },
      "id": "way/804070059"
    },
    {
      "type": "Feature",
      "properties": {
        "@id": "way/804070060",
        "electrified": "rail",
        "frequency": "0",
        "gauge": "1435",
        "layer": "-5",
        "level": "-4;-5",
        "maxspeed": "30 mph",
        "name": "Grand Central Branch",
        "operator": "Long Island Rail Road",
        "operator:wikidata": "Q125943",
        "railway": "rail",
        "railway:track_ref": "4",
        "tunnel": "yes",
        "usage": "main",
        "voltage": "750",
        "wikidata": "Q937694",
        "wikipedia": "en:East Side Access"
      },
      "geometry": {
        "type": "LineString",
        "coordinates": [
          [
            -73.9723904,
            40.7590665
          ],
          [
            -73.9723037,
            40.7591765
          ],
          [
            -73.9722484,
            40.7592505
          ],
          [
            -73.9714741,
            40.7603122
          ],
          [
            -73.9714056,
            40.7604049
          ],
          [
            -73.9713352,
            40.7604968
          ],
          [
            -73.9712618,
            40.7605874
          ],
          [
            -73.9712236,
            40.7606319
          ],
          [
            -73.9711221,
            40.7607415
          ],
          [
            -73.9710133,
            40.760847
          ],
          [
            -73.9708975,
            40.7609481
          ],
          [
            -73.9707751,
            40.7610445
          ],
          [
            -73.9706463,
            40.7611361
          ],
          [
            -73.9705115,
            40.7612224
          ],
          [
            -73.970371,
            40.7613034
          ],
          [
            -73.9703138,
            40.7613341
          ],
          [
            -73.9701974,
            40.761393
          ],
          [
            -73.9700791,
            40.7614497
          ],
          [
            -73.9699596,
            40.7615051
          ]
        ]
      },
      "id": "way/804070060"
    },
    {
      "type": "Feature",
      "properties": {
        "@id": "way/804070061",
        "electrified": "rail",
        "frequency": "0",
        "gauge": "1435",
        "layer": "-4",
        "level": "-3",
        "maxspeed": "15 mph",
        "name": "Grand Central Branch",
        "operator": "Long Island Rail Road",
        "operator:wikidata": "Q125943",
        "railway": "rail",
        "railway:track_ref": "4",
        "tunnel": "yes",
        "usage": "main",
        "voltage": "750",
        "wikidata": "Q937694",
        "wikipedia": "en:East Side Access"
      },
      "geometry": {
        "type": "LineString",
        "coordinates": [
          [
            -73.9733494,
            40.7580059
          ],
          [
            -73.9731637,
            40.7582248
          ],
          [
            -73.9730564,
            40.7583462
          ],
          [
            -73.9729455,
            40.7584658
          ],
          [
            -73.9726575,
            40.758766
          ],
          [
            -73.9725761,
            40.7588525
          ],
          [
            -73.9724812,
            40.7589585
          ],
          [
            -73.9723904,
            40.7590665
          ]
        ]
      },
      "id": "way/804070061"
    },
    {
      "type": "Feature",
      "properties": {
        "@id": "way/804070062",
        "electrified": "rail",
        "frequency": "0",
        "gauge": "1435",
        "layer": "-4",
        "level": "-3",
        "maxspeed": "15 mph",
        "operator": "Long Island Rail Road",
        "operator:wikidata": "Q125943",
        "railway": "rail",
        "service": "crossover",
        "tunnel": "yes",
        "voltage": "750"
      },
      "geometry": {
        "type": "LineString",
        "coordinates": [
          [
            -73.9736785,
            40.7575201
          ],
          [
            -73.9735475,
            40.7577733
          ],
          [
            -73.9734535,
            40.757955
          ],
          [
            -73.9734143,
            40.7580315
          ]
        ]
      },
      "id": "way/804070062"
    },
    {
      "type": "Feature",
      "properties": {
        "@id": "way/804070063",
        "electrified": "rail",
        "frequency": "0",
        "gauge": "1435",
        "layer": "-4",
        "level": "-3",
        "maxspeed": "15 mph",
        "operator": "Long Island Rail Road",
        "operator:wikidata": "Q125943",
        "railway": "rail",
        "service": "crossover",
        "tunnel": "yes",
        "voltage": "750"
      },
      "geometry": {
        "type": "LineString",
        "coordinates": [
          [
            -73.9737426,
            40.7575451
          ],
          [
            -73.9736834,
            40.7576137
          ],
          [
            -73.9735475,
            40.7577733
          ],
          [
            -73.9733494,
            40.7580059
          ]
        ]
      },
      "id": "way/804070063"
    },
    {
      "type": "Feature",
      "properties": {
        "@id": "way/804070064",
        "electrified": "rail",
        "frequency": "0",
        "gauge": "1435",
        "layer": "-4",
        "level": "-3",
        "maxspeed": "15 mph",
        "name": "Grand Central Branch",
        "operator": "Long Island Rail Road",
        "operator:wikidata": "Q125943",
        "railway": "rail",
        "railway:track_ref": "3",
        "tunnel": "yes",
        "usage": "main",
        "voltage": "750",
        "wikidata": "Q937694",
        "wikipedia": "en:East Side Access"
      },
      "geometry": {
        "type": "LineString",
        "coordinates": [
          [
            -73.9737426,
            40.7575451
          ],
          [
            -73.9736839,
            40.757614
          ],
          [
            -73.9734538,
            40.7579551
          ],
          [
            -73.9734143,
            40.7580315
          ]
        ]
      },
      "id": "way/804070064"
    },
    {
      "type": "Feature",
      "properties": {
        "@id": "way/804070065",
        "electrified": "rail",
        "frequency": "0",
        "gauge": "1435",
        "layer": "-4",
        "level": "-3",
        "maxspeed": "15 mph",
        "name": "Grand Central Branch",
        "operator": "Long Island Rail Road",
        "operator:wikidata": "Q125943",
        "railway": "rail",
        "railway:track_ref": "3",
        "tunnel": "yes",
        "usage": "main",
        "voltage": "750",
        "wikidata": "Q937694",
        "wikipedia": "en:East Side Access"
      },
      "geometry": {
        "type": "LineString",
        "coordinates": [
          [
            -73.9738607,
            40.7574064
          ],
          [
            -73.9737426,
            40.7575451
          ]
        ]
      },
      "id": "way/804070065"
    },
    {
      "type": "Feature",
      "properties": {
        "@id": "way/804070066",
        "electrified": "rail",
        "frequency": "0",
        "gauge": "1435",
        "layer": "-4",
        "level": "-3",
        "maxspeed": "15 mph",
        "name": "Grand Central Branch",
        "operator": "Long Island Rail Road",
        "operator:wikidata": "Q125943",
        "railway": "rail",
        "railway:track_ref": "4",
        "tunnel": "yes",
        "usage": "main",
        "voltage": "750",
        "wikidata": "Q937694",
        "wikipedia": "en:East Side Access"
      },
      "geometry": {
        "type": "LineString",
        "coordinates": [
          [
            -73.9736785,
            40.7575201
          ],
          [
            -73.9736389,
            40.7575965
          ],
          [
            -73.9734079,
            40.757937
          ],
          [
            -73.9733494,
            40.7580059
          ]
        ]
      },
      "id": "way/804070066"
    },
    {
      "type": "Feature",
      "properties": {
        "@id": "way/804070067",
        "electrified": "rail",
        "frequency": "0",
        "gauge": "1435",
        "layer": "-4",
        "level": "-3",
        "maxspeed": "15 mph",
        "name": "Grand Central Branch",
        "operator": "Long Island Rail Road",
        "operator:wikidata": "Q125943",
        "railway": "rail",
        "railway:track_ref": "4",
        "tunnel": "yes",
        "usage": "main",
        "voltage": "750",
        "wikidata": "Q937694",
        "wikipedia": "en:East Side Access"
      },
      "geometry": {
        "type": "LineString",
        "coordinates": [
          [
            -73.973758,
            40.7573663
          ],
          [
            -73.9736785,
            40.7575201
          ]
        ]
      },
      "id": "way/804070067"
    },
    {
      "type": "Feature",
      "properties": {
        "@id": "way/804070069",
        "check_date": "2020-08-13",
        "electrified": "rail",
        "frequency": "0",
        "gauge": "1435",
        "layer": "-5",
        "level": "-5",
        "maxspeed": "45 mph",
        "name": "Grand Central Branch",
        "operator": "Long Island Rail Road",
        "operator:wikidata": "Q125943",
        "railway": "rail",
        "railway:acses": "yes",
        "railway:atc": "yes",
        "railway:ctc": "yes",
        "railway:ptc": "yes",
        "railway:track_ref": "1",
        "tunnel": "yes",
        "usage": "main",
        "voltage": "750"
      },
      "geometry": {
        "type": "LineString",
        "coordinates": [
          [
            -73.9679475,
            40.7626239
          ],
          [
            -73.9673728,
            40.7628388
          ],
          [
            -73.9670852,
            40.7629449
          ],
          [
            -73.9669403,
            40.7629964
          ],
          [
            -73.9667945,
            40.7630462
          ],
          [
            -73.9666474,
            40.7630938
          ],
          [
            -73.9664989,
            40.7631388
          ],
          [
            -73.9664241,
            40.7631601
          ],
          [
            -73.966214,
            40.7632148
          ],
          [
            -73.9660011,
            40.7632626
          ],
          [
            -73.9657857,
            40.7633036
          ],
          [
            -73.9655683,
            40.7633377
          ],
          [
            -73.9653491,
            40.7633647
          ],
          [
            -73.9651286,
            40.7633847
          ],
          [
            -73.9649073,
            40.7633975
          ],
          [
            -73.9646854,
            40.7634033
          ],
          [
            -73.9644634,
            40.763402
          ],
          [
            -73.9642416,
            40.7633935
          ],
          [
            -73.9640205,
            40.7633779
          ],
          [
            -73.9639372,
            40.7633702
          ],
          [
            -73.9638264,
            40.7633584
          ],
          [
            -73.9636008,
            40.76333
          ],
          [
            -73.9634039,
            40.7633002
          ],
          [
            -73.9632083,
            40.763266
          ],
          [
            -73.9629872,
            40.7632217
          ],
          [
            -73.9628798,
            40.7631978
          ],
          [
            -73.9627996,
            40.7631789
          ],
          [
            -73.9626061,
            40.763129
          ],
          [
            -73.9624153,
            40.7630736
          ],
          [
            -73.9622274,
            40.7630127
          ],
          [
            -73.9621528,
            40.7629867
          ],
          [
            -73.962005,
            40.7629325
          ],
          [
            -73.9618589,
            40.7628758
          ],
          [
            -73.9617139,
            40.7628173
          ],
          [
            -73.9614981,
            40.7627274
          ]
        ]
      },
      "id": "way/804070069"
    },
    {
      "type": "Feature",
      "properties": {
        "@id": "way/804070073",
        "check_date": "2020-08-13",
        "electrified": "rail",
        "frequency": "0",
        "gauge": "1435",
        "layer": "-5",
        "level": "-5",
        "maxspeed": "45 mph",
        "name": "Grand Central Branch",
        "operator": "Long Island Rail Road",
        "operator:wikidata": "Q125943",
        "railway": "rail",
        "railway:acses": "yes",
        "railway:atc": "yes",
        "railway:ctc": "yes",
        "railway:ptc": "yes",
        "railway:track_ref": "2",
        "tunnel": "yes",
        "usage": "main",
        "voltage": "750"
      },
      "geometry": {
        "type": "LineString",
        "coordinates": [
          [
            -73.9678353,
            40.762468
          ],
          [
            -73.9672787,
            40.7626856
          ],
          [
            -73.967065,
            40.7627683
          ],
          [
            -73.9669218,
            40.7628224
          ],
          [
            -73.9667778,
            40.7628751
          ],
          [
            -73.9666325,
            40.7629258
          ],
          [
            -73.9664858,
            40.7629742
          ],
          [
            -73.9664119,
            40.7629973
          ],
          [
            -73.9663376,
            40.7630196
          ],
          [
            -73.9661337,
            40.7630759
          ],
          [
            -73.9659269,
            40.7631257
          ],
          [
            -73.9657176,
            40.7631691
          ],
          [
            -73.9655062,
            40.7632059
          ],
          [
            -73.9652929,
            40.763236
          ],
          [
            -73.9650782,
            40.7632594
          ],
          [
            -73.9648624,
            40.7632761
          ],
          [
            -73.9646458,
            40.7632861
          ],
          [
            -73.964429,
            40.7632893
          ],
          [
            -73.9643205,
            40.7632875
          ],
          [
            -73.9642121,
            40.7632856
          ],
          [
            -73.9639956,
            40.7632753
          ],
          [
            -73.9637799,
            40.7632581
          ],
          [
            -73.9635652,
            40.7632342
          ],
          [
            -73.9633521,
            40.7632037
          ],
          [
            -73.9631407,
            40.7631665
          ],
          [
            -73.9629316,
            40.7631227
          ],
          [
            -73.962725,
            40.7630724
          ],
          [
            -73.9625546,
            40.7630255
          ],
          [
            -73.9623865,
            40.7629742
          ],
          [
            -73.9623126,
            40.76295
          ],
          [
            -73.9622391,
            40.762925
          ],
          [
            -73.9620935,
            40.7628729
          ],
          [
            -73.9619495,
            40.7628185
          ],
          [
            -73.9618067,
            40.7627621
          ],
          [
            -73.9615237,
            40.7626456
          ]
        ]
      },
      "id": "way/804070073"
    },
    {
      "type": "Feature",
      "properties": {
        "@id": "way/804070077",
        "electrified": "rail",
        "frequency": "0",
        "gauge": "1435",
        "layer": "-4",
        "level": "-3",
        "maxspeed": "15 mph",
        "name": "Grand Central Branch",
        "operator": "Long Island Rail Road",
        "operator:wikidata": "Q125943",
        "railway": "rail",
        "railway:track_ref": "204",
        "tunnel": "yes",
        "usage": "main",
        "voltage": "750",
        "wikidata": "Q937694",
        "wikipedia": "en:East Side Access"
      },
      "geometry": {
        "type": "LineString",
        "coordinates": [
          [
            -73.9767362,
            40.753785
          ],
          [
            -73.9748535,
            40.7563676
          ],
          [
            -73.9747189,
            40.7565492
          ],
          [
            -73.9746523,
            40.7566292
          ],
          [
            -73.9745953,
            40.7566911
          ],
          [
            -73.9745651,
            40.7567219
          ],
          [
            -73.9744871,
            40.7567975
          ],
          [
            -73.9739193,
            40.7573375
          ],
          [
            -73.9738607,
            40.7574064
          ]
        ]
      },
      "id": "way/804070077"
    },
    {
      "type": "Feature",
      "properties": {
        "@id": "way/804070078",
        "electrified": "rail",
        "frequency": "0",
        "gauge": "1435",
        "layer": "-4",
        "level": "-3",
        "maxspeed": "15 mph",
        "name": "Grand Central Branch",
        "operator": "Long Island Rail Road",
        "operator:wikidata": "Q125943",
        "railway": "rail",
        "railway:track_ref": "201",
        "tunnel": "yes",
        "usage": "main",
        "voltage": "750",
        "wikidata": "Q937694",
        "wikipedia": "en:East Side Access"
      },
      "geometry": {
        "type": "LineString",
        "coordinates": [
          [
            -73.9763016,
            40.7536018
          ],
          [
            -73.9743896,
            40.7562247
          ],
          [
            -73.9742891,
            40.7563654
          ],
          [
            -73.9742303,
            40.756459
          ],
          [
            -73.974191,
            40.7565298
          ],
          [
            -73.973758,
            40.7573663
          ]
        ]
      },
      "id": "way/804070078"
    },
    {
      "type": "Feature",
      "properties": {
        "@id": "way/804070082",
        "electrified": "rail",
        "frequency": "0",
        "gauge": "1435",
        "layer": "-5",
        "level": "-5",
        "maxspeed": "30 mph",
        "name": "Grand Central Branch",
        "operator": "Long Island Rail Road",
        "operator:wikidata": "Q125943",
        "railway": "rail",
        "railway:track_ref": "1",
        "tunnel": "yes",
        "usage": "main",
        "voltage": "750",
        "wikidata": "Q937694",
        "wikipedia": "en:East Side Access"
      },
      "geometry": {
        "type": "LineString",
        "coordinates": [
          [
            -73.9726776,
            40.759068
          ],
          [
            -73.972464,
            40.7593728
          ],
          [
            -73.9714883,
            40.7607112
          ],
          [
            -73.9713835,
            40.7608495
          ],
          [
            -73.9713101,
            40.76094
          ],
          [
            -73.9712719,
            40.7609845
          ],
          [
            -73.9711746,
            40.7610898
          ],
          [
            -73.9710706,
            40.7611913
          ],
          [
            -73.9709601,
            40.7612888
          ],
          [
            -73.9708435,
            40.761382
          ],
          [
            -73.9707209,
            40.7614708
          ],
          [
            -73.9705928,
            40.7615548
          ],
          [
            -73.9704593,
            40.7616339
          ],
          [
            -73.9703209,
            40.7617079
          ],
          [
            -73.9702647,
            40.7617349
          ],
          [
            -73.9701778,
            40.7617766
          ]
        ]
      },
      "id": "way/804070082"
    },
    {
      "type": "Feature",
      "properties": {
        "@id": "way/804070084",
        "electrified": "rail",
        "frequency": "0",
        "gauge": "1435",
        "layer": "-4",
        "level": "-3",
        "maxspeed": "15 mph",
        "name": "Grand Central Branch",
        "operator": "Long Island Rail Road",
        "operator:wikidata": "Q125943",
        "railway": "rail",
        "railway:track_ref": "203",
        "tunnel": "yes",
        "usage": "main",
        "voltage": "750",
        "wikidata": "Q937694",
        "wikipedia": "en:East Side Access"
      },
      "geometry": {
        "type": "LineString",
        "coordinates": [
          [
            -73.9766157,
            40.7537342
          ],
          [
            -73.9746176,
            40.7564751
          ],
          [
            -73.974522,
            40.756605
          ],
          [
            -73.9743981,
            40.7567663
          ],
          [
            -73.9742692,
            40.7569254
          ],
          [
            -73.9739554,
            40.7572949
          ],
          [
            -73.9738607,
            40.7574064
          ]
        ]
      },
      "id": "way/804070084"
    },
    {
      "type": "Feature",
      "properties": {
        "@id": "way/804074063",
        "layer": "-3",
        "level": "-2",
        "maxspeed": "10 mph",
        "railway": "rail",
        "railway:track_ref": "T",
        "tunnel": "yes",
        "usage": "main"
      },
      "geometry": {
        "type": "LineString",
        "coordinates": [
          [
            -73.9747935,
            40.7559865
          ],
          [
            -73.9750072,
            40.7555959
          ]
        ]
      },
      "id": "way/804074063"
    },
    {
      "type": "Feature",
      "properties": {
        "@id": "way/804074064",
        "layer": "-2",
        "level": "-2",
        "maxspeed": "10 mph",
        "railway": "rail",
        "railway:track_ref": "N",
        "tunnel": "yes",
        "usage": "main"
      },
      "geometry": {
        "type": "LineString",
        "coordinates": [
          [
            -73.9748842,
            40.7560221
          ],
          [
            -73.9747349,
            40.7561821
          ]
        ]
      },
      "id": "way/804074064"
    },
    {
      "type": "Feature",
      "properties": {
        "@id": "way/804074065",
        "electrified": "rail",
        "frequency": "0",
        "gauge": "1435",
        "layer": "-2",
        "level": "-2",
        "maxspeed": "10 mph",
        "maxspeed:freight": "10 mph",
        "name": "Grand Central Terminal",
        "old_railway_operator": "NYC",
        "operator": "Metro-North Railroad",
        "operator:wikidata": "Q125908",
        "owner": "Metropolitan Transportation Authority",
        "railway": "rail",
        "railway:atc": "no",
        "railway:ctc": "no",
        "railway:preferred_direction": "both",
        "railway:ptc": "no",
        "railway:track_class": "1",
        "railway:track_ref": "J",
        "ref": "GCT",
        "tunnel": "yes",
        "usage": "main",
        "voltage": "700"
      },
      "geometry": {
        "type": "LineString",
        "coordinates": [
          [
            -73.9750191,
            40.7560753
          ],
          [
            -73.9739168,
            40.7575885
          ]
        ]
      },
      "id": "way/804074065"
    },
    {
      "type": "Feature",
      "properties": {
        "@id": "way/804074067",
        "gauge": "1435",
        "layer": "-2",
        "level": "-2",
        "maxspeed": "10 mph",
        "railway": "rail",
        "railway:track_ref": "115",
        "tunnel": "yes",
        "usage": "main"
      },
      "geometry": {
        "type": "LineString",
        "coordinates": [
          [
            -73.9750995,
            40.7561069
          ],
          [
            -73.9745356,
            40.7568809
          ],
          [
            -73.9743453,
            40.7570709
          ]
        ]
      },
      "id": "way/804074067"
    },
    {
      "type": "Feature",
      "properties": {
        "@id": "way/804074069",
        "gauge": "1435",
        "layer": "-2",
        "level": "-2",
        "maxspeed": "10 mph",
        "railway": "rail",
        "railway:track_ref": "154",
        "tunnel": "yes",
        "usage": "main"
      },
      "geometry": {
        "type": "LineString",
        "coordinates": [
          [
            -73.9749387,
            40.7560436
          ],
          [
            -73.9742284,
            40.7570192
          ]
        ]
      },
      "id": "way/804074069"
    },
    {
      "type": "Feature",
      "properties": {
        "@id": "way/804074070",
        "electrified": "rail",
        "frequency": "0",
        "gauge": "1435",
        "layer": "-2",
        "level": "-2",
        "maxspeed": "10 mph",
        "old_railway_operator": "NYC",
        "operator": "Metro-North Commuter Railroad",
        "operator:wikidata": "Q125908",
        "owner": "Metropolitan Transportation Authority",
        "railway": "rail",
        "railway:track_ref": "109",
        "tunnel": "yes",
        "usage": "main",
        "voltage": "700"
      },
      "geometry": {
        "type": "LineString",
        "coordinates": [
          [
            -73.9748584,
            40.756012
          ],
          [
            -73.9747349,
            40.7561821
          ]
        ]
      },
      "id": "way/804074070"
    },
    {
      "type": "Feature",
      "properties": {
        "@id": "way/804074071",
        "gauge": "1435",
        "layer": "-2",
        "level": "-2",
        "maxspeed": "10 mph",
        "railway": "rail",
        "railway:track_ref": "108",
        "tunnel": "yes",
        "usage": "main"
      },
      "geometry": {
        "type": "LineString",
        "coordinates": [
          [
            -73.9748182,
            40.7559962
          ],
          [
            -73.9746957,
            40.7561652
          ]
        ]
      },
      "id": "way/804074071"
    },
    {
      "type": "Feature",
      "properties": {
        "@id": "way/804074072",
        "gauge": "1435",
        "layer": "-2",
        "level": "-2",
        "maxspeed": "10 mph",
        "railway": "rail",
        "railway:track_ref": "150",
        "tunnel": "yes",
        "usage": "main"
      },
      "geometry": {
        "type": "LineString",
        "coordinates": [
          [
            -73.9747378,
            40.7559645
          ],
          [
            -73.9740315,
            40.7569349
          ]
        ]
      },
      "id": "way/804074072"
    },
    {
      "type": "Feature",
      "properties": {
        "@id": "way/804373929",
        "electrified": "rail",
        "frequency": "0",
        "gauge": "1435",
        "layer": "-1",
        "level": "-1",
        "name": "IRT Lexington Avenue Line",
        "operator": "New York City Transit Authority",
        "railway": "subway",
        "railway:preferred_direction": "forward",
        "railway:track_ref": "4",
        "railway:track_ref:signals": "MM3",
        "tunnel": "yes",
        "voltage": "625"
      },
      "geometry": {
        "type": "LineString",
        "coordinates": [
          [
            -73.9889532,
            40.7365483
          ],
          [
            -73.9867441,
            40.7395704
          ],
          [
            -73.9866588,
            40.739687
          ],
          [
            -73.9858452,
            40.7408022
          ],
          [
            -73.9844746,
            40.7426808
          ],
          [
            -73.9840574,
            40.7432526
          ],
          [
            -73.9835762,
            40.7439152
          ],
          [
            -73.9825995,
            40.7452226
          ],
          [
            -73.9824377,
            40.7454614
          ],
          [
            -73.9815557,
            40.7467009
          ],
          [
            -73.9809789,
            40.7473709
          ],
          [
            -73.9790983,
            40.7498674
          ]
        ]
      },
      "id": "way/804373929"
    },
    {
      "type": "Feature",
      "properties": {
        "@id": "way/808507469",
        "bridge": "yes",
        "electrified": "rail",
        "frequency": "0",
        "gauge": "1435",
        "layer": "1",
        "level": "2",
        "name": "BMT Astoria Line",
        "operator": "New York City Transit Authority",
        "railway": "subway",
        "railway:preferred_direction": "forward",
        "railway:track_ref": "2",
        "railway:track_ref:signals": "G2",
        "voltage": "625"
      },
      "geometry": {
        "type": "LineString",
        "coordinates": [
          [
            -73.9437824,
            40.7523728
          ],
          [
            -73.9422517,
            40.7517095
          ]
        ]
      },
      "id": "way/808507469"
    },
    {
      "type": "Feature",
      "properties": {
        "@id": "way/813459261",
        "bridge": "yes",
        "electrified": "rail",
        "frequency": "0",
        "gauge": "1435",
        "layer": "1",
        "level": "2",
        "name": "BMT Astoria Line",
        "operator": "New York City Transit Authority",
        "railway": "subway",
        "railway:preferred_direction": "forward",
        "railway:track_ref": "2",
        "railway:track_ref:signals": "G2",
        "voltage": "625"
      },
      "geometry": {
        "type": "LineString",
        "coordinates": [
          [
            -73.9442191,
            40.7525632
          ],
          [
            -73.9437824,
            40.7523728
          ]
        ]
      },
      "id": "way/813459261"
    },
    {
      "type": "Feature",
      "properties": {
        "@id": "way/813459262",
        "bridge": "yes",
        "electrified": "rail",
        "frequency": "0",
        "gauge": "1435",
        "layer": "1",
        "level": "2",
        "name": "BMT Astoria Line",
        "operator": "New York City Transit Authority",
        "railway": "subway",
        "railway:preferred_direction": "forward",
        "railway:track_ref": "1",
        "railway:track_ref:signals": "G1",
        "voltage": "625"
      },
      "geometry": {
        "type": "LineString",
        "coordinates": [
          [
            -73.9437551,
            40.7524057
          ],
          [
            -73.9441947,
            40.7525971
          ]
        ]
      },
      "id": "way/813459262"
    },
    {
      "type": "Feature",
      "properties": {
        "@id": "way/813459266",
        "bridge": "yes",
        "electrified": "rail",
        "frequency": "0",
        "gauge": "1435",
        "layer": "3",
        "level": "3",
        "name": "BMT Astoria Line",
        "operator": "New York City Transit Authority",
        "railway": "subway",
        "railway:preferred_direction": "forward",
        "railway:track_ref": "2",
        "railway:track_ref:signals": "G2",
        "voltage": "625"
      },
      "geometry": {
        "type": "LineString",
        "coordinates": [
          [
            -73.9422517,
            40.7517095
          ],
          [
            -73.9420532,
            40.751612
          ],
          [
            -73.9418386,
            40.7514708
          ],
          [
            -73.9415154,
            40.751232
          ],
          [
            -73.941384,
            40.7511497
          ],
          [
            -73.9393297,
            40.7502544
          ],
          [
            -73.9392727,
            40.7502298
          ]
        ]
      },
      "id": "way/813459266"
    },
    {
      "type": "Feature",
      "properties": {
        "@id": "way/813712302",
        "electrified": "rail",
        "frequency": "0",
        "gauge": "1435",
        "layer": "-1",
        "level": "-1",
        "name": "IRT Lexington Avenue Line",
        "operator": "New York City Transit Authority",
        "railway": "subway",
        "railway:preferred_direction": "forward",
        "railway:track_ref": "4",
        "railway:track_ref:signals": "L3",
        "tunnel": "yes",
        "voltage": "625"
      },
      "geometry": {
        "type": "LineString",
        "coordinates": [
          [
            -73.9726108,
            40.7560382
          ],
          [
            -73.9723297,
            40.7564952
          ],
          [
            -73.9720033,
            40.7569431
          ],
          [
            -73.9714306,
            40.7577288
          ],
          [
            -73.9686037,
            40.7616076
          ],
          [
            -73.9682862,
            40.7620432
          ],
          [
            -73.9673905,
            40.7632721
          ],
          [
            -73.9665465,
            40.7644301
          ],
          [
            -73.9644671,
            40.7672829
          ],
          [
            -73.9635707,
            40.7685128
          ],
          [
            -73.9623706,
            40.7701592
          ],
          [
            -73.960226,
            40.7731012
          ],
          [
            -73.9598497,
            40.7736174
          ],
          [
            -73.9593267,
            40.7743348
          ],
          [
            -73.9562341,
            40.778577
          ],
          [
            -73.9560145,
            40.7788788
          ],
          [
            -73.9555788,
            40.7794758
          ],
          [
            -73.9551155,
            40.7801115
          ],
          [
            -73.9514984,
            40.7850727
          ],
          [
            -73.9505947,
            40.786312
          ],
          [
            -73.9495096,
            40.7878003
          ],
          [
            -73.9490184,
            40.7884028
          ],
          [
            -73.9478417,
            40.7900137
          ],
          [
            -73.9469431,
            40.7912439
          ],
          [
            -73.9445997,
            40.7944477
          ],
          [
            -73.943702,
            40.7956748
          ],
          [
            -73.9432993,
            40.7962252
          ],
          [
            -73.9429661,
            40.7967529
          ],
          [
            -73.94205,
            40.7980075
          ],
          [
            -73.9411534,
            40.7992369
          ],
          [
            -73.9406559,
            40.7999199
          ],
          [
            -73.9401933,
            40.8005542
          ],
          [
            -73.9398321,
            40.8011195
          ]
        ]
      },
      "id": "way/813712302"
    },
    {
      "type": "Feature",
      "properties": {
        "@id": "way/813741984",
        "electrified": "rail",
        "frequency": "0",
        "gauge": "1435",
        "layer": "-2",
        "level": "-2",
        "name": "IRT Lexington Avenue Line",
        "operator": "New York City Transit Authority",
        "railway": "subway",
        "railway:preferred_direction": "forward",
        "railway:track_ref": "4",
        "railway:track_ref:signals": "L3",
        "tunnel": "yes",
        "voltage": "625"
      },
      "geometry": {
        "type": "LineString",
        "coordinates": [
          [
            -73.9790983,
            40.7498674
          ],
          [
            -73.9781587,
            40.7511782
          ],
          [
            -73.9780803,
            40.7512637
          ],
          [
            -73.9780068,
            40.7513241
          ],
          [
            -73.9779243,
            40.7513774
          ],
          [
            -73.9778456,
            40.7514175
          ],
          [
            -73.9777632,
            40.7514505
          ],
          [
            -73.9776629,
            40.7514805
          ],
          [
            -73.9762855,
            40.7517595
          ],
          [
            -73.9761642,
            40.7517877
          ],
          [
            -73.9759238,
            40.7518499
          ],
          [
            -73.9758171,
            40.7518846
          ],
          [
            -73.9757283,
            40.7519193
          ],
          [
            -73.9756485,
            40.751961
          ],
          [
            -73.9755888,
            40.7520044
          ],
          [
            -73.9755329,
            40.7520598
          ],
          [
            -73.9726108,
            40.7560382
          ]
        ]
      },
      "id": "way/813741984"
    },
    {
      "type": "Feature",
      "properties": {
        "@id": "way/813741985",
        "electrified": "rail",
        "frequency": "0",
        "gauge": "1435",
        "layer": "-1",
        "level": "-1",
        "name": "BMT Broadway Line",
        "operator": "New York City Transit Authority",
        "railway": "subway",
        "railway:preferred_direction": "forward",
        "railway:track_ref": "4",
        "railway:track_ref:signals": "A4",
        "tunnel": "yes",
        "voltage": "625"
      },
      "geometry": {
        "type": "LineString",
        "coordinates": [
          [
            -73.9851098,
            40.7584737
          ],
          [
            -73.9842046,
            40.7597309
          ],
          [
            -73.9840951,
            40.7598829
          ],
          [
            -73.9840124,
            40.7599978
          ],
          [
            -73.9825751,
            40.7619938
          ]
        ]
      },
      "id": "way/813741985"
    },
    {
      "type": "Feature",
      "properties": {
        "@id": "way/813741986",
        "electrified": "rail",
        "frequency": "0",
        "gauge": "1435",
        "layer": "-2",
        "level": "-2",
        "name": "BMT Broadway Line",
        "operator": "New York City Transit Authority",
        "railway": "subway",
        "railway:preferred_direction": "forward",
        "railway:track_ref": "4",
        "railway:track_ref:signals": "A4",
        "tunnel": "yes",
        "voltage": "625"
      },
      "geometry": {
        "type": "LineString",
        "coordinates": [
          [
            -73.9814694,
            40.7635294
          ],
          [
            -73.9810197,
            40.764145
          ],
          [
            -73.9799553,
            40.7656015
          ],
          [
            -73.9792845,
            40.7665301
          ]
        ]
      },
      "id": "way/813741986"
    },
    {
      "type": "Feature",
      "properties": {
        "@id": "way/813741990",
        "electrified": "rail",
        "frequency": "0",
        "gauge": "1435",
        "layer": "-2",
        "level": "-2",
        "name": "IRT Broadway–Seventh Avenue Line",
        "operator": "New York City Transit Authority",
        "railway": "subway",
        "railway:preferred_direction": "forward",
        "railway:track_ref": "4",
        "railway:track_ref:signals": "B3",
        "tunnel": "yes",
        "voltage": "625"
      },
      "geometry": {
        "type": "LineString",
        "coordinates": [
          [
            -73.9862486,
            40.7569061
          ],
          [
            -73.9857623,
            40.7576169
          ],
          [
            -73.9855479,
            40.7580047
          ],
          [
            -73.9853195,
            40.7585194
          ]
        ]
      },
      "id": "way/813741990"
    },
    {
      "type": "Feature",
      "properties": {
        "@id": "way/813741996",
        "electrified": "rail",
        "frequency": "0",
        "gauge": "1435",
        "layer": "-2",
        "level": "-2",
        "name": "IRT Broadway–Seventh Avenue Line",
        "operator": "New York City Transit Authority",
        "railway": "subway",
        "railway:preferred_direction": "forward",
        "railway:track_ref": "3",
        "railway:track_ref:signals": "B1",
        "tunnel": "yes",
        "voltage": "625"
      },
      "geometry": {
        "type": "LineString",
        "coordinates": [
          [
            -73.9821618,
            40.7751658
          ],
          [
            -73.9820552,
            40.7778551
          ],
          [
            -73.981893,
            40.7787035
          ],
          [
            -73.9818332,
            40.7790121
          ],
          [
            -73.9817521,
            40.7793623
          ],
          [
            -73.9816018,
            40.7800074
          ],
          [
            -73.9810044,
            40.7819081
          ]
        ]
      },
      "id": "way/813741996"
    },
    {
      "type": "Feature",
      "properties": {
        "@id": "way/813741997",
        "electrified": "rail",
        "frequency": "0",
        "gauge": "1435",
        "layer": "-2",
        "level": "-2",
        "name": "IRT Broadway–Seventh Avenue Line",
        "operator": "New York City Transit Authority",
        "railway": "subway",
        "railway:preferred_direction": "forward",
        "railway:track_ref": "2",
        "railway:track_ref:signals": "B2",
        "tunnel": "yes",
        "voltage": "625"
      },
      "geometry": {
        "type": "LineString",
        "coordinates": [
          [
            -73.9810469,
            40.7819168
          ],
          [
            -73.981645,
            40.7800138
          ],
          [
            -73.9817954,
            40.7793682
          ],
          [
            -73.9818376,
            40.779187
          ],
          [
            -73.9818781,
            40.7790195
          ],
          [
            -73.9820984,
            40.7778599
          ],
          [
            -73.9822059,
            40.7751665
          ]
        ]
      },
      "id": "way/813741997"
    },
    {
      "type": "Feature",
      "properties": {
        "@id": "way/813748784",
        "electrified": "rail",
        "frequency": "0",
        "gauge": "1435",
        "layer": "-1",
        "level": "-1",
        "name": "IND Eighth Avenue Line",
        "operator": "New York City Transit Authority",
        "railway": "subway",
        "railway:preferred_direction": "forward",
        "railway:track_ref": "2",
        "railway:track_ref:signals": "A2",
        "tunnel": "yes",
        "voltage": "625"
      },
      "geometry": {
        "type": "LineString",
        "coordinates": [
          [
            -73.9794414,
            40.7713644
          ],
          [
            -73.9791623,
            40.7717517
          ],
          [
            -73.9790314,
            40.7721584
          ],
          [
            -73.9787309,
            40.7725754
          ],
          [
            -73.9784807,
            40.7729227
          ],
          [
            -73.9770669,
            40.7748267
          ],
          [
            -73.9770184,
            40.7748934
          ],
          [
            -73.9759054,
            40.7764245
          ],
          [
            -73.9758168,
            40.7765463
          ],
          [
            -73.9757249,
            40.7767472
          ],
          [
            -73.9756919,
            40.7767926
          ],
          [
            -73.9730779,
            40.7803883
          ],
          [
            -73.9730446,
            40.780434
          ],
          [
            -73.9728695,
            40.7806001
          ],
          [
            -73.9727826,
            40.780716
          ],
          [
            -73.9716153,
            40.7823161
          ],
          [
            -73.9695148,
            40.7851954
          ],
          [
            -73.9684021,
            40.7867205
          ],
          [
            -73.9669391,
            40.7887258
          ],
          [
            -73.9652295,
            40.791069
          ],
          [
            -73.9641177,
            40.7925927
          ],
          [
            -73.9622796,
            40.7951119
          ],
          [
            -73.9620753,
            40.7953919
          ],
          [
            -73.9612478,
            40.7965242
          ],
          [
            -73.9609641,
            40.7969124
          ],
          [
            -73.9609165,
            40.7969783
          ],
          [
            -73.9607124,
            40.7971483
          ],
          [
            -73.96051,
            40.7973142
          ],
          [
            -73.9603673,
            40.7975098
          ],
          [
            -73.9602258,
            40.7977036
          ],
          [
            -73.9600845,
            40.7978973
          ],
          [
            -73.9595535,
            40.7986147
          ],
          [
            -73.9589399,
            40.7994447
          ],
          [
            -73.9588218,
            40.7996047
          ],
          [
            -73.9585308,
            40.799999
          ],
          [
            -73.9580158,
            40.8006979
          ],
          [
            -73.957715,
            40.801106
          ],
          [
            -73.9575814,
            40.8012872
          ],
          [
            -73.9571239,
            40.8018975
          ],
          [
            -73.9565593,
            40.8026813
          ],
          [
            -73.9561543,
            40.8032244
          ],
          [
            -73.9557733,
            40.8037535
          ],
          [
            -73.9554897,
            40.804142
          ],
          [
            -73.9551472,
            40.804611
          ],
          [
            -73.9547538,
            40.8051398
          ],
          [
            -73.954386,
            40.8056517
          ],
          [
            -73.954099,
            40.8060399
          ],
          [
            -73.9540487,
            40.8061094
          ],
          [
            -73.953667,
            40.8066371
          ]
        ]
      },
      "id": "way/813748784"
    },
    {
      "type": "Feature",
      "properties": {
        "@id": "way/814020113",
        "electrified": "rail",
        "frequency": "0",
        "gauge": "1435",
        "layer": "-1",
        "level": "-0.5",
        "maxspeed": "10 mph",
        "maxspeed:freight": "10 mph",
        "name": "Grand Central Terminal",
        "old_railway_operator": "NYC",
        "operator": "Metro-North Railroad",
        "operator:wikidata": "Q125908",
        "owner": "Metropolitan Transportation Authority",
        "railway": "rail",
        "railway:atc": "no",
        "railway:ctc": "no",
        "railway:preferred_direction": "both",
        "railway:ptc": "no",
        "railway:track_class": "1",
        "railway:track_ref": "D",
        "ref": "GCT",
        "tunnel": "yes",
        "usage": "main",
        "voltage": "700"
      },
      "geometry": {
        "type": "LineString",
        "coordinates": [
          [
            -73.9724634,
            40.7591633
          ],
          [
            -73.9722111,
            40.7595097
          ]
        ]
      },
      "id": "way/814020113"
    },
    {
      "type": "Feature",
      "properties": {
        "@id": "way/814020114",
        "electrified": "rail",
        "frequency": "0",
        "gauge": "1435",
        "layer": "-1",
        "level": "-0.5",
        "maxspeed": "10 mph",
        "maxspeed:freight": "10 mph",
        "name": "Grand Central Terminal",
        "old_railway_operator": "NYC",
        "operator": "Metro-North Railroad",
        "operator:wikidata": "Q125908",
        "owner": "Metropolitan Transportation Authority",
        "railway": "rail",
        "railway:atc": "no",
        "railway:ctc": "no",
        "railway:preferred_direction": "both",
        "railway:ptc": "no",
        "railway:track_class": "1",
        "railway:track_ref": "E",
        "ref": "GCT",
        "tunnel": "yes",
        "usage": "main",
        "voltage": "700"
      },
      "geometry": {
        "type": "LineString",
        "coordinates": [
          [
            -73.9727555,
            40.7588334
          ],
          [
            -73.9725032,
            40.7591798
          ],
          [
            -73.9722508,
            40.7595263
          ]
        ]
      },
      "id": "way/814020114"
    },
    {
      "type": "Feature",
      "properties": {
        "@id": "way/814020115",
        "electrified": "rail",
        "frequency": "0",
        "gauge": "1435",
        "layer": "-1",
        "level": "-0.5",
        "maxspeed": "10 mph",
        "old_railway_operator": "NYC",
        "operator": "Metro-North Commuter Railroad",
        "operator:wikidata": "Q125908",
        "owner": "Metropolitan Transportation Authority",
        "railway": "rail",
        "railway:track_ref": "G",
        "tunnel": "yes",
        "usage": "main",
        "voltage": "700"
      },
      "geometry": {
        "type": "LineString",
        "coordinates": [
          [
            -73.9730874,
            40.7585201
          ],
          [
            -73.9728351,
            40.7588666
          ],
          [
            -73.9725827,
            40.759213
          ],
          [
            -73.9723304,
            40.7595594
          ]
        ]
      },
      "id": "way/814020115"
    },
    {
      "type": "Feature",
      "properties": {
        "@id": "way/814020116",
        "electrified": "rail",
        "frequency": "0",
        "gauge": "1435",
        "layer": "-1",
        "level": "-0.5",
        "maxspeed": "10 mph",
        "old_railway_operator": "NYC",
        "operator": "Metro-North Commuter Railroad",
        "operator:wikidata": "Q125908",
        "owner": "Metropolitan Transportation Authority",
        "railway": "rail",
        "railway:track_ref": "H",
        "tunnel": "yes",
        "usage": "main",
        "voltage": "700"
      },
      "geometry": {
        "type": "LineString",
        "coordinates": [
          [
            -73.9726222,
            40.7592295
          ],
          [
            -73.9723699,
            40.7595759
          ]
        ]
      },
      "id": "way/814020116"
    },
    {
      "type": "Feature",
      "properties": {
        "@id": "way/814020117",
        "electrified": "rail",
        "frequency": "0",
        "gauge": "1435",
        "layer": "-1",
        "level": "-0.5",
        "maxspeed": "10 mph",
        "old_railway_operator": "NYC",
        "operator": "Metro-North Commuter Railroad",
        "operator:wikidata": "Q125908",
        "owner": "Metropolitan Transportation Authority",
        "railway": "rail",
        "railway:track_ref": "I",
        "tunnel": "yes",
        "usage": "main",
        "voltage": "700"
      },
      "geometry": {
        "type": "LineString",
        "coordinates": [
          [
            -73.972662,
            40.759246
          ],
          [
            -73.9724097,
            40.7595925
          ]
        ]
      },
      "id": "way/814020117"
    },
    {
      "type": "Feature",
      "properties": {
        "@id": "way/815757677",
        "electrified": "rail",
        "frequency": "0",
        "gauge": "1435",
        "layer": "-4",
        "level": "-4",
        "maxspeed": "55 mph",
        "name": "IRT Flushing Line",
        "operator": "New York City Transit Authority",
        "railway": "subway",
        "railway:cbtc": "sto",
        "railway:preferred_direction": "forward",
        "railway:track_ref": "1",
        "railway:track_ref:signals": "C4",
        "tunnel": "yes",
        "voltage": "625"
      },
      "geometry": {
        "type": "LineString",
        "coordinates": [
          [
            -73.9680287,
            40.7481169
          ],
          [
            -73.9689546,
            40.7485067
          ],
          [
            -73.9747793,
            40.7509587
          ],
          [
            -73.9769434,
            40.7518728
          ],
          [
            -73.9774587,
            40.7520905
          ],
          [
            -73.9777514,
            40.7521959
          ],
          [
            -73.9779897,
            40.7522766
          ],
          [
            -73.9783193,
            40.752381
          ],
          [
            -73.9785825,
            40.7524764
          ],
          [
            -73.9800883,
            40.7530992
          ],
          [
            -73.9802684,
            40.7531667
          ],
          [
            -73.9808111,
            40.7533415
          ],
          [
            -73.9809514,
            40.7533918
          ],
          [
            -73.9821189,
            40.7538782
          ],
          [
            -73.9823372,
            40.7539626
          ],
          [
            -73.982577,
            40.75404
          ],
          [
            -73.9828191,
            40.7541052
          ],
          [
            -73.9829656,
            40.7541387
          ],
          [
            -73.9831119,
            40.7541652
          ],
          [
            -73.9832276,
            40.7541799
          ],
          [
            -73.9833446,
            40.7541854
          ],
          [
            -73.9834617,
            40.7541815
          ],
          [
            -73.9839614,
            40.7541342
          ],
          [
            -73.9840783,
            40.7541264
          ],
          [
            -73.9841957,
            40.7541281
          ],
          [
            -73.9843122,
            40.7541395
          ],
          [
            -73.9844263,
            40.7541604
          ],
          [
            -73.9845368,
            40.7541905
          ],
          [
            -73.9846424,
            40.7542294
          ],
          [
            -73.9861865,
            40.7548974
          ],
          [
            -73.9864405,
            40.7550073
          ],
          [
            -73.9867974,
            40.7551635
          ],
          [
            -73.9869941,
            40.755247
          ],
          [
            -73.9882256,
            40.7557707
          ],
          [
            -73.9885826,
            40.7559109
          ],
          [
            -73.9886536,
            40.75594
          ],
          [
            -73.9900778,
            40.7565402
          ]
        ]
      },
      "id": "way/815757677"
    },
    {
      "type": "Feature",
      "properties": {
        "@id": "way/815757679",
        "electrified": "rail",
        "frequency": "0",
        "gauge": "1435",
        "layer": "-4",
        "level": "-4",
        "maxspeed": "55 mph",
        "name": "IRT Flushing Line",
        "operator": "New York City Transit Authority",
        "railway": "subway",
        "railway:cbtc": "sto",
        "railway:preferred_direction": "forward",
        "railway:track_ref": "1",
        "railway:track_ref:signals": "C4",
        "tunnel": "yes",
        "tunnel:name": "Steinway Tunnel",
        "voltage": "625"
      },
      "geometry": {
        "type": "LineString",
        "coordinates": [
          [
            -73.9567148,
            40.7433154
          ],
          [
            -73.9575145,
            40.7436588
          ],
          [
            -73.9599641,
            40.7446978
          ],
          [
            -73.9680287,
            40.7481169
          ]
        ]
      },
      "id": "way/815757679"
    },
    {
      "type": "Feature",
      "properties": {
        "@id": "way/816331850",
        "electrified": "rail",
        "frequency": "0",
        "gauge": "1435",
        "layer": "-3",
        "level": "-3",
        "name": "IND Eighth Avenue Line",
        "operator": "New York City Transit Authority",
        "railway": "subway",
        "railway:preferred_direction": "forward",
        "railway:track_ref": "4",
        "railway:track_ref:signals": "A4",
        "tunnel": "yes",
        "voltage": "625"
      },
      "geometry": {
        "type": "LineString",
        "coordinates": [
          [
            -73.9824975,
            40.7671976
          ],
          [
            -73.9824548,
            40.7672569
          ],
          [
            -73.9823197,
            40.7674164
          ],
          [
            -73.9822204,
            40.7675512
          ],
          [
            -73.9819526,
            40.7679041
          ],
          [
            -73.9811001,
            40.7690871
          ],
          [
            -73.9810625,
            40.769152
          ],
          [
            -73.9810283,
            40.7692182
          ],
          [
            -73.981016,
            40.7692421
          ],
          [
            -73.9809941,
            40.7692845
          ],
          [
            -73.9808614,
            40.7694686
          ],
          [
            -73.9808352,
            40.7695051
          ],
          [
            -73.9794832,
            40.7713814
          ],
          [
            -73.9789152,
            40.7721698
          ]
        ]
      },
      "id": "way/816331850"
    },
    {
      "type": "Feature",
      "properties": {
        "@id": "way/816679181",
        "electrified": "rail",
        "frequency": "0",
        "gauge": "1435",
        "layer": "-3",
        "level": "-3",
        "name": "IND Eighth Avenue Line",
        "operator": "New York City Transit Authority",
        "railway": "subway",
        "railway:preferred_direction": "forward",
        "railway:track_ref": "2",
        "railway:track_ref:signals": "A2",
        "tunnel": "yes",
        "voltage": "625"
      },
      "geometry": {
        "type": "LineString",
        "coordinates": [
          [
            -73.9834064,
            40.7657854
          ],
          [
            -73.982555,
            40.7669676
          ],
          [
            -73.9824142,
            40.7671632
          ]
        ]
      },
      "id": "way/816679181"
    },
    {
      "type": "Feature",
      "properties": {
        "@id": "way/816679185",
        "electrified": "rail",
        "frequency": "0",
        "gauge": "1435",
        "layer": "-2",
        "level": "-2",
        "name": "IND Sixth Avenue Line",
        "operator": "New York City Transit Authority",
        "railway": "subway",
        "railway:preferred_direction": "forward",
        "railway:track_ref": "3",
        "railway:track_ref:signals": "B3",
        "tunnel": "yes",
        "voltage": "625"
      },
      "geometry": {
        "type": "LineString",
        "coordinates": [
          [
            -73.983573,
            40.7658543
          ],
          [
            -73.9838957,
            40.7654062
          ]
        ]
      },
      "id": "way/816679185"
    },
    {
      "type": "Feature",
      "properties": {
        "@id": "way/816679186",
        "electrified": "rail",
        "frequency": "0",
        "gauge": "1435",
        "layer": "-3",
        "level": "-3",
        "name": "IND Eighth Avenue Line",
        "operator": "New York City Transit Authority",
        "railway": "subway",
        "railway:preferred_direction": "forward",
        "railway:track_ref": "1",
        "railway:track_ref:signals": "A1",
        "tunnel": "yes",
        "voltage": "625"
      },
      "geometry": {
        "type": "LineString",
        "coordinates": [
          [
            -73.9826225,
            40.7672492
          ],
          [
            -73.9827633,
            40.7670537
          ],
          [
            -73.9836147,
            40.7658715
          ]
        ]
      },
      "id": "way/816679186"
    },
    {
      "type": "Feature",
      "properties": {
        "@id": "way/816679189",
        "electrified": "rail",
        "frequency": "0",
        "gauge": "1435",
        "layer": "-1",
        "level": "-1",
        "name": "IND 63rd Street Line",
        "operator": "New York City Transit Authority",
        "railway": "subway",
        "railway:preferred_direction": "forward",
        "railway:track_ref": "5",
        "railway:track_ref:signals": "B5",
        "tunnel": "yes",
        "voltage": "625"
      },
      "geometry": {
        "type": "LineString",
        "coordinates": [
          [
            -73.9784517,
            40.7627076
          ],
          [
            -73.9798563,
            40.7608022
          ]
        ]
      },
      "id": "way/816679189"
    },
    {
      "type": "Feature",
      "properties": {
        "@id": "way/816976506",
        "electrified": "rail",
        "frequency": "0",
        "gauge": "1435",
        "layer": "-1",
        "level": "-1",
        "name": "IRT Lexington Avenue Line",
        "operator": "New York City Transit Authority",
        "railway": "subway",
        "railway:preferred_direction": "forward",
        "railway:track_ref": "1",
        "railway:track_ref:signals": "L4",
        "tunnel": "yes",
        "voltage": "625"
      },
      "geometry": {
        "type": "LineString",
        "coordinates": [
          [
            -73.9402343,
            40.8005696
          ],
          [
            -73.9406959,
            40.7999368
          ],
          [
            -73.9411946,
            40.7992531
          ],
          [
            -73.942091,
            40.7980242
          ],
          [
            -73.9430063,
            40.7967694
          ],
          [
            -73.943418,
            40.7962748
          ],
          [
            -73.9438212,
            40.7957238
          ],
          [
            -73.9447197,
            40.7944955
          ],
          [
            -73.9471202,
            40.7912139
          ],
          [
            -73.9480175,
            40.7899872
          ],
          [
            -73.9491394,
            40.7884535
          ],
          [
            -73.9495497,
            40.7878166
          ],
          [
            -73.9506357,
            40.786327
          ],
          [
            -73.9515393,
            40.7850876
          ],
          [
            -73.9551553,
            40.7801279
          ],
          [
            -73.9555689,
            40.7795606
          ],
          [
            -73.9560547,
            40.7788945
          ],
          [
            -73.9562739,
            40.7785936
          ],
          [
            -73.9593669,
            40.7743508
          ],
          [
            -73.9598616,
            40.7736722
          ],
          [
            -73.9602664,
            40.7731169
          ],
          [
            -73.9624104,
            40.7701758
          ],
          [
            -73.9636107,
            40.7685289
          ],
          [
            -73.9645069,
            40.7672994
          ],
          [
            -73.9665863,
            40.7644467
          ],
          [
            -73.9674314,
            40.7632872
          ],
          [
            -73.9683268,
            40.7620587
          ],
          [
            -73.9686435,
            40.7616242
          ],
          [
            -73.9714712,
            40.7577443
          ],
          [
            -73.9723706,
            40.7565103
          ],
          [
            -73.9727292,
            40.7560881
          ]
        ]
      },
      "id": "way/816976506"
    },
    {
      "type": "Feature",
      "properties": {
        "@id": "way/816983740",
        "electrified": "rail",
        "frequency": "0",
        "gauge": "1435",
        "layer": "-2",
        "level": "-2",
        "name": "IRT Lexington Avenue Line",
        "operator": "New York City Transit Authority",
        "railway": "subway",
        "railway:preferred_direction": "forward",
        "railway:track_ref": "2",
        "railway:track_ref:signals": "L2",
        "tunnel": "yes",
        "voltage": "625"
      },
      "geometry": {
        "type": "LineString",
        "coordinates": [
          [
            -73.9490991,
            40.7884366
          ],
          [
            -73.9495491,
            40.7878166
          ],
          [
            -73.9506247,
            40.7863414
          ],
          [
            -73.9509427,
            40.7859053
          ],
          [
            -73.9551554,
            40.7801271
          ],
          [
            -73.9555684,
            40.7795606
          ],
          [
            -73.9560546,
            40.7788937
          ],
          [
            -73.9562734,
            40.7785936
          ],
          [
            -73.9598611,
            40.7736722
          ],
          [
            -73.9598889,
            40.773634
          ],
          [
            -73.9624099,
            40.7701757
          ],
          [
            -73.9640674,
            40.7679017
          ],
          [
            -73.9665858,
            40.7644466
          ]
        ]
      },
      "id": "way/816983740"
    },
    {
      "type": "Feature",
      "properties": {
        "@id": "way/816983741",
        "electrified": "rail",
        "frequency": "0",
        "gauge": "1435",
        "layer": "-4",
        "level": "-4",
        "name": "IRT Lexington Avenue Line",
        "operator": "New York City Transit Authority",
        "railway": "subway",
        "railway:preferred_direction": "forward",
        "railway:track_ref": "2",
        "railway:track_ref:signals": "L2",
        "tunnel": "yes",
        "voltage": "625"
      },
      "geometry": {
        "type": "LineString",
        "coordinates": [
          [
            -73.9665858,
            40.7644466
          ],
          [
            -73.9674306,
            40.7632876
          ],
          [
            -73.9683271,
            40.7620576
          ],
          [
            -73.968643,
            40.7616242
          ]
        ]
      },
      "id": "way/816983741"
    },
    {
      "type": "Feature",
      "properties": {
        "@id": "way/816983743",
        "electrified": "rail",
        "frequency": "0",
        "gauge": "1435",
        "layer": "-2",
        "level": "-2",
        "name": "IRT Lexington Avenue Line",
        "operator": "New York City Transit Authority",
        "railway": "subway",
        "railway:preferred_direction": "forward",
        "railway:track_ref": "3",
        "railway:track_ref:signals": "L1",
        "tunnel": "yes",
        "voltage": "625"
      },
      "geometry": {
        "type": "LineString",
        "coordinates": [
          [
            -73.9665462,
            40.7644301
          ],
          [
            -73.9640279,
            40.7678852
          ],
          [
            -73.9623703,
            40.7701592
          ],
          [
            -73.9598494,
            40.7736174
          ],
          [
            -73.9598215,
            40.7736556
          ],
          [
            -73.9562338,
            40.778577
          ],
          [
            -73.9560145,
            40.7788779
          ],
          [
            -73.9555786,
            40.7794759
          ],
          [
            -73.9551154,
            40.7801106
          ],
          [
            -73.9509031,
            40.7858887
          ],
          [
            -73.9505852,
            40.7863248
          ],
          [
            -73.9495094,
            40.7878002
          ],
          [
            -73.9490588,
            40.7884197
          ]
        ]
      },
      "id": "way/816983743"
    },
    {
      "type": "Feature",
      "properties": {
        "@id": "way/816983744",
        "electrified": "rail",
        "frequency": "0",
        "gauge": "1435",
        "layer": "-4",
        "level": "-4",
        "name": "IRT Lexington Avenue Line",
        "operator": "New York City Transit Authority",
        "railway": "subway",
        "railway:preferred_direction": "forward",
        "railway:track_ref": "3",
        "railway:track_ref:signals": "L1",
        "tunnel": "yes",
        "voltage": "625"
      },
      "geometry": {
        "type": "LineString",
        "coordinates": [
          [
            -73.9686034,
            40.7616076
          ],
          [
            -73.9682866,
            40.7620423
          ],
          [
            -73.9673899,
            40.7632726
          ],
          [
            -73.9665462,
            40.7644301
          ]
        ]
      },
      "id": "way/816983744"
    },
    {
      "type": "Feature",
      "properties": {
        "@id": "way/817013577",
        "electrified": "rail",
        "frequency": "0",
        "gauge": "1435",
        "layer": "-1",
        "level": "-1",
        "name": "IRT Lexington Avenue Line",
        "operator": "New York City Transit Authority",
        "railway": "subway",
        "railway:preferred_direction": "forward",
        "railway:track_ref": "3",
        "railway:track_ref:signals": "MM1",
        "tunnel": "yes",
        "voltage": "625"
      },
      "geometry": {
        "type": "LineString",
        "coordinates": [
          [
            -73.9889927,
            40.7365649
          ],
          [
            -73.9866983,
            40.7397036
          ],
          [
            -73.9863352,
            40.7402014
          ],
          [
            -73.9840969,
            40.7432691
          ],
          [
            -73.9840514,
            40.7433315
          ],
          [
            -73.9826484,
            40.7452403
          ],
          [
            -73.9822419,
            40.7458116
          ],
          [
            -73.9815958,
            40.7467167
          ],
          [
            -73.9810195,
            40.7473822
          ],
          [
            -73.9791355,
            40.7498816
          ]
        ]
      },
      "id": "way/817013577"
    },
    {
      "type": "Feature",
      "properties": {
        "@id": "way/817013578",
        "electrified": "rail",
        "frequency": "0",
        "gauge": "1435",
        "layer": "-2",
        "level": "-2",
        "name": "IRT Lexington Avenue Line",
        "operator": "New York City Transit Authority",
        "railway": "subway",
        "railway:preferred_direction": "forward",
        "railway:track_ref": "3",
        "railway:track_ref:signals": "L1",
        "tunnel": "yes",
        "voltage": "625"
      },
      "geometry": {
        "type": "LineString",
        "coordinates": [
          [
            -73.9791355,
            40.7498816
          ],
          [
            -73.9789322,
            40.7501617
          ],
          [
            -73.9788383,
            40.7503192
          ],
          [
            -73.978664,
            40.7506331
          ],
          [
            -73.9785815,
            40.7507647
          ],
          [
            -73.9784999,
            40.750876
          ],
          [
            -73.9781923,
            40.7512958
          ],
          [
            -73.9781467,
            40.7513486
          ],
          [
            -73.9780929,
            40.7513947
          ],
          [
            -73.978019,
            40.751446
          ],
          [
            -73.9779356,
            40.7514915
          ],
          [
            -73.9778265,
            40.7515361
          ],
          [
            -73.977714,
            40.751571
          ],
          [
            -73.9775273,
            40.7516115
          ],
          [
            -73.9759625,
            40.7519139
          ],
          [
            -73.9758617,
            40.7519376
          ],
          [
            -73.9757725,
            40.7519683
          ],
          [
            -73.9756991,
            40.752003
          ],
          [
            -73.975624,
            40.7520484
          ],
          [
            -73.975559,
            40.7521042
          ],
          [
            -73.9755114,
            40.7521586
          ],
          [
            -73.9726503,
            40.7560548
          ],
          [
            -73.9723298,
            40.7564947
          ],
          [
            -73.972003,
            40.7569431
          ],
          [
            -73.9718902,
            40.7570979
          ],
          [
            -73.9686034,
            40.7616076
          ]
        ]
      },
      "id": "way/817013578"
    },
    {
      "type": "Feature",
      "properties": {
        "@id": "way/817013579",
        "electrified": "rail",
        "frequency": "0",
        "gauge": "1435",
        "layer": "-2",
        "level": "-2",
        "name": "IRT Lexington Avenue Line",
        "operator": "New York City Transit Authority",
        "railway": "subway",
        "railway:preferred_direction": "forward",
        "railway:track_ref": "2",
        "railway:track_ref:signals": "L2",
        "tunnel": "yes",
        "voltage": "625"
      },
      "geometry": {
        "type": "LineString",
        "coordinates": [
          [
            -73.968643,
            40.7616242
          ],
          [
            -73.9719298,
            40.7571144
          ],
          [
            -73.9720426,
            40.7569596
          ],
          [
            -73.9723697,
            40.7565108
          ],
          [
            -73.97269,
            40.7560713
          ],
          [
            -73.9755279,
            40.7522065
          ],
          [
            -73.9755945,
            40.7521311
          ],
          [
            -73.9756744,
            40.75207
          ],
          [
            -73.9757827,
            40.7520163
          ],
          [
            -73.9758993,
            40.7519772
          ],
          [
            -73.9760287,
            40.7519468
          ],
          [
            -73.9777097,
            40.7516246
          ],
          [
            -73.9778224,
            40.7515929
          ],
          [
            -73.9779237,
            40.751556
          ],
          [
            -73.978015,
            40.7515096
          ],
          [
            -73.9781065,
            40.7514489
          ],
          [
            -73.9781907,
            40.7513774
          ],
          [
            -73.9782479,
            40.7513045
          ],
          [
            -73.9786254,
            40.7507837
          ],
          [
            -73.9787711,
            40.7506093
          ],
          [
            -73.9790717,
            40.7502831
          ],
          [
            -73.9791764,
            40.7501577
          ]
        ]
      },
      "id": "way/817013579"
    },
    {
      "type": "Feature",
      "properties": {
        "@id": "way/817013580",
        "electrified": "rail",
        "frequency": "0",
        "gauge": "1435",
        "layer": "-2",
        "level": "-2",
        "name": "IRT Lexington Avenue Line",
        "operator": "New York City Transit Authority",
        "railway": "subway",
        "railway:preferred_direction": "forward",
        "railway:track_ref": "1",
        "railway:track_ref:signals": "L4",
        "tunnel": "yes",
        "voltage": "625"
      },
      "geometry": {
        "type": "LineString",
        "coordinates": [
          [
            -73.9727292,
            40.7560881
          ],
          [
            -73.9754823,
            40.7523401
          ],
          [
            -73.9755281,
            40.7522817
          ],
          [
            -73.9755861,
            40.7522284
          ],
          [
            -73.9756479,
            40.7521834
          ],
          [
            -73.9757178,
            40.752142
          ],
          [
            -73.9758149,
            40.7521013
          ],
          [
            -73.9759245,
            40.7520662
          ],
          [
            -73.9760612,
            40.7520349
          ],
          [
            -73.9777393,
            40.751714
          ],
          [
            -73.977902,
            40.7516812
          ],
          [
            -73.9780191,
            40.7516455
          ],
          [
            -73.9781218,
            40.7516034
          ],
          [
            -73.9782169,
            40.7515543
          ],
          [
            -73.9782835,
            40.7515125
          ],
          [
            -73.9783522,
            40.751464
          ],
          [
            -73.9784239,
            40.7513988
          ],
          [
            -73.9784882,
            40.7513299
          ],
          [
            -73.9791786,
            40.7503865
          ],
          [
            -73.9792735,
            40.7502383
          ]
        ]
      },
      "id": "way/817013580"
    },
    {
      "type": "Feature",
      "properties": {
        "@id": "way/817013581",
        "electrified": "rail",
        "frequency": "0",
        "gauge": "1435",
        "layer": "-1",
        "level": "-1",
        "name": "IRT Lexington Avenue Line",
        "operator": "New York City Transit Authority",
        "railway": "subway",
        "railway:preferred_direction": "forward",
        "railway:track_ref": "1",
        "railway:track_ref:signals": "MM4",
        "tunnel": "yes",
        "voltage": "625"
      },
      "geometry": {
        "type": "LineString",
        "coordinates": [
          [
            -73.979608,
            40.7496369
          ],
          [
            -73.9812011,
            40.7474818
          ],
          [
            -73.9816757,
            40.7467487
          ],
          [
            -73.9825722,
            40.7455158
          ],
          [
            -73.9827522,
            40.7452855
          ],
          [
            -73.9836936,
            40.7439633
          ],
          [
            -73.9841305,
            40.7433646
          ],
          [
            -73.9845951,
            40.7427278
          ],
          [
            -73.9859652,
            40.7408499
          ],
          [
            -73.9864142,
            40.7402345
          ],
          [
            -73.9868638,
            40.7396185
          ],
          [
            -73.9890716,
            40.7365982
          ]
        ]
      },
      "id": "way/817013581"
    },
    {
      "type": "Feature",
      "properties": {
        "@id": "way/817013583",
        "electrified": "rail",
        "frequency": "0",
        "gauge": "1435",
        "layer": "-1",
        "level": "-1",
        "name": "IRT Lexington Avenue Line",
        "operator": "New York City Transit Authority",
        "railway": "subway",
        "railway:preferred_direction": "forward",
        "railway:track_ref": "2",
        "railway:track_ref:signals": "MM2",
        "tunnel": "yes",
        "voltage": "625"
      },
      "geometry": {
        "type": "LineString",
        "coordinates": [
          [
            -73.9791764,
            40.7501577
          ],
          [
            -73.9795684,
            40.7496204
          ],
          [
            -73.9811659,
            40.7474625
          ],
          [
            -73.9816357,
            40.7467327
          ],
          [
            -73.9822809,
            40.7458288
          ],
          [
            -73.9827002,
            40.7452625
          ],
          [
            -73.984091,
            40.7433481
          ],
          [
            -73.9841365,
            40.7432857
          ],
          [
            -73.9863747,
            40.740218
          ],
          [
            -73.9867379,
            40.7397202
          ],
          [
            -73.9890321,
            40.7365815
          ]
        ]
      },
      "id": "way/817013583"
    },
    {
      "type": "Feature",
      "properties": {
        "@id": "way/817036018",
        "electrified": "rail",
        "frequency": "0",
        "gauge": "1435",
        "layer": "-1",
        "level": "-1",
        "name": "IRT 42nd Street Line",
        "operator": "New York City Transit Authority",
        "railway": "subway",
        "railway:bidirectional": "regular",
        "railway:preferred_direction": "both",
        "railway:track_ref": "1",
        "railway:track_ref:signals": "MM4S",
        "tunnel": "yes",
        "voltage": "625"
      },
      "geometry": {
        "type": "LineString",
        "coordinates": [
          [
            -73.9859979,
            40.7556194
          ],
          [
            -73.9858642,
            40.7555389
          ],
          [
            -73.9857229,
            40.7554716
          ],
          [
            -73.9850051,
            40.7551683
          ],
          [
            -73.9841304,
            40.7547987
          ],
          [
            -73.9824221,
            40.7540769
          ]
        ]
      },
      "id": "way/817036018"
    },
    {
      "type": "Feature",
      "properties": {
        "@id": "way/817371310",
        "electrified": "rail",
        "frequency": "0",
        "gauge": "1435",
        "layer": "-1",
        "level": "-1",
        "name": "BMT 63rd Street Line",
        "operator": "New York City Transit Authority",
        "railway": "subway",
        "railway:preferred_direction": "forward",
        "railway:track_ref": "3",
        "railway:track_ref:signals": "G3",
        "tunnel": "yes",
        "voltage": "625"
      },
      "geometry": {
        "type": "LineString",
        "coordinates": [
          [
            -73.9784895,
            40.7676671
          ],
          [
            -73.9793276,
            40.7665491
          ]
        ]
      },
      "id": "way/817371310"
    },
    {
      "type": "Feature",
      "properties": {
        "@id": "way/817371312",
        "electrified": "rail",
        "frequency": "0",
        "gauge": "1435",
        "layer": "-5",
        "level": "-5",
        "name": "BMT 63rd Street Line",
        "operator": "New York City Transit Authority",
        "railway": "subway",
        "railway:preferred_direction": "forward",
        "railway:track_ref": "4",
        "railway:track_ref:signals": "G4",
        "tunnel": "yes",
        "voltage": "625"
      },
      "geometry": {
        "type": "LineString",
        "coordinates": [
          [
            -73.9784412,
            40.7676463
          ],
          [
            -73.9781886,
            40.7679339
          ],
          [
            -73.9778857,
            40.7681921
          ],
          [
            -73.9775383,
            40.7684159
          ],
          [
            -73.9771532,
            40.7686008
          ],
          [
            -73.9767378,
            40.7687434
          ],
          [
            -73.9763002,
            40.7688408
          ],
          [
            -73.9758491,
            40.7688911
          ],
          [
            -73.975393,
            40.7688934
          ],
          [
            -73.974941,
            40.7688476
          ],
          [
            -73.9745018,
            40.7687545
          ],
          [
            -73.974084,
            40.7686161
          ],
          [
            -73.9736957,
            40.768435
          ],
          [
            -73.9733444,
            40.7682148
          ],
          [
            -73.9720259,
            40.7672288
          ],
          [
            -73.9718651,
            40.7671195
          ],
          [
            -73.9716746,
            40.767009
          ],
          [
            -73.9714715,
            40.7669103
          ],
          [
            -73.9689553,
            40.7658549
          ],
          [
            -73.9688321,
            40.765803
          ],
          [
            -73.968738,
            40.7657639
          ],
          [
            -73.968147,
            40.7655156
          ],
          [
            -73.9672987,
            40.7651819
          ],
          [
            -73.9667967,
            40.7649697
          ],
          [
            -73.9648641,
            40.7641529
          ],
          [
            -73.9644837,
            40.7639921
          ],
          [
            -73.9640856,
            40.7638497
          ],
          [
            -73.9636581,
            40.7637698
          ],
          [
            -73.9632182,
            40.7637558
          ],
          [
            -73.9627834,
            40.763808
          ],
          [
            -73.9623708,
            40.7639244
          ],
          [
            -73.961997,
            40.7641005
          ],
          [
            -73.9616765,
            40.7643292
          ],
          [
            -73.9614193,
            40.7646012
          ]
        ]
      },
      "id": "way/817371312"
    },
    {
      "type": "Feature",
      "properties": {
        "@id": "way/817371317",
        "electrified": "rail",
        "frequency": "0",
        "gauge": "1435",
        "layer": "-3",
        "level": "-3",
        "name": "IND Second Avenue Line",
        "operator": "New York City Transit Authority",
        "railway": "subway",
        "railway:preferred_direction": "forward",
        "railway:track_ref": "2",
        "railway:track_ref:signals": "S2",
        "tunnel": "yes",
        "voltage": "625"
      },
      "geometry": {
        "type": "LineString",
        "coordinates": [
          [
            -73.9614193,
            40.7646012
          ],
          [
            -73.9594549,
            40.7672151
          ],
          [
            -73.9583908,
            40.7686806
          ],
          [
            -73.9528316,
            40.776296
          ],
          [
            -73.9517556,
            40.7777612
          ],
          [
            -73.9497536,
            40.7805239
          ]
        ]
      },
      "id": "way/817371317"
    },
    {
      "type": "Feature",
      "properties": {
        "@id": "way/817371318",
        "electrified": "rail",
        "frequency": "0",
        "gauge": "1435",
        "layer": "-3",
        "level": "-3",
        "name": "IND Second Avenue Line",
        "operator": "New York City Transit Authority",
        "railway": "subway",
        "railway:preferred_direction": "forward",
        "railway:track_ref": "1",
        "railway:track_ref:signals": "S1",
        "tunnel": "yes",
        "voltage": "625"
      },
      "geometry": {
        "type": "LineString",
        "coordinates": [
          [
            -73.9498654,
            40.7805704
          ],
          [
            -73.9518672,
            40.7778068
          ],
          [
            -73.9518729,
            40.777799
          ],
          [
            -73.9529439,
            40.7763416
          ],
          [
            -73.958504,
            40.768724
          ],
          [
            -73.9595679,
            40.7672595
          ],
          [
            -73.9614595,
            40.764618
          ]
        ]
      },
      "id": "way/817371318"
    },
    {
      "type": "Feature",
      "properties": {
        "@id": "way/817381396",
        "electrified": "rail",
        "frequency": "0",
        "gauge": "1435",
        "layer": "-2",
        "level": "-2",
        "name": "BMT Broadway Line",
        "operator": "New York City Transit Authority",
        "railway": "subway",
        "railway:preferred_direction": "forward",
        "railway:track_ref": "1",
        "railway:track_ref:signals": "A1",
        "tunnel": "yes",
        "voltage": "625"
      },
      "geometry": {
        "type": "LineString",
        "coordinates": [
          [
            -73.9851905,
            40.7585046
          ],
          [
            -73.9855032,
            40.7579995
          ],
          [
            -73.9857201,
            40.7576017
          ],
          [
            -73.986113,
            40.7567999
          ],
          [
            -73.9862216,
            40.7565341
          ],
          [
            -73.9863119,
            40.7562716
          ],
          [
            -73.9866382,
            40.7554821
          ],
          [
            -73.987136,
            40.7539061
          ],
          [
            -73.9873106,
            40.7531141
          ],
          [
            -73.9873669,
            40.7529093
          ],
          [
            -73.9875272,
            40.7522734
          ],
          [
            -73.9875658,
            40.7520961
          ],
          [
            -73.9877062,
            40.7513147
          ]
        ]
      },
      "id": "way/817381396"
    },
    {
      "type": "Feature",
      "properties": {
        "@id": "way/817381398",
        "electrified": "rail",
        "frequency": "0",
        "gauge": "1435",
        "layer": "-2",
        "level": "-2",
        "name": "BMT Broadway Line",
        "operator": "New York City Transit Authority",
        "railway": "subway",
        "railway:preferred_direction": "forward",
        "railway:track_ref": "3",
        "railway:track_ref:signals": "A3",
        "tunnel": "yes",
        "voltage": "625"
      },
      "geometry": {
        "type": "LineString",
        "coordinates": [
          [
            -73.9851501,
            40.7584892
          ],
          [
            -73.9854619,
            40.7579857
          ],
          [
            -73.985678,
            40.7575892
          ],
          [
            -73.9860702,
            40.7567888
          ],
          [
            -73.9861781,
            40.7565249
          ],
          [
            -73.9862681,
            40.7562631
          ],
          [
            -73.9865099,
            40.7555071
          ],
          [
            -73.987036,
            40.7538419
          ],
          [
            -73.9872079,
            40.7532934
          ],
          [
            -73.9872668,
            40.7531056
          ],
          [
            -73.9873226,
            40.7529023
          ],
          [
            -73.9874827,
            40.7522674
          ],
          [
            -73.9875211,
            40.752091
          ],
          [
            -73.9876614,
            40.7513103
          ]
        ]
      },
      "id": "way/817381398"
    },
    {
      "type": "Feature",
      "properties": {
        "@id": "way/817381400",
        "electrified": "rail",
        "frequency": "0",
        "gauge": "1435",
        "layer": "-2",
        "level": "-2",
        "name": "BMT Broadway Line",
        "operator": "New York City Transit Authority",
        "railway": "subway",
        "railway:preferred_direction": "forward",
        "railway:track_ref": "4",
        "railway:track_ref:signals": "A4",
        "tunnel": "yes",
        "voltage": "625"
      },
      "geometry": {
        "type": "LineString",
        "coordinates": [
          [
            -73.9876166,
            40.7513058
          ],
          [
            -73.9874764,
            40.7520859
          ],
          [
            -73.9874382,
            40.7522614
          ],
          [
            -73.9872784,
            40.7528952
          ],
          [
            -73.987223,
            40.7530971
          ],
          [
            -73.986992,
            40.753834
          ],
          [
            -73.986466,
            40.755499
          ],
          [
            -73.9862244,
            40.7562547
          ],
          [
            -73.9861345,
            40.7565157
          ],
          [
            -73.9860274,
            40.7567778
          ],
          [
            -73.9856359,
            40.7575767
          ],
          [
            -73.9854205,
            40.7579719
          ],
          [
            -73.9851098,
            40.7584737
          ]
        ]
      },
      "id": "way/817381400"
    },
    {
      "type": "Feature",
      "properties": {
        "@id": "way/817381402",
        "electrified": "rail",
        "frequency": "0",
        "gauge": "1435",
        "layer": "-2",
        "level": "-2",
        "name": "BMT Broadway Line",
        "operator": "New York City Transit Authority",
        "railway": "subway",
        "railway:preferred_direction": "forward",
        "railway:track_ref": "2",
        "railway:track_ref:signals": "A2",
        "tunnel": "yes",
        "voltage": "625"
      },
      "geometry": {
        "type": "LineString",
        "coordinates": [
          [
            -73.9875718,
            40.7513014
          ],
          [
            -73.9874317,
            40.7520808
          ],
          [
            -73.9873938,
            40.7522554
          ],
          [
            -73.9872342,
            40.7528881
          ],
          [
            -73.9871792,
            40.7530885
          ],
          [
            -73.9868476,
            40.7538763
          ],
          [
            -73.9863403,
            40.7554818
          ],
          [
            -73.9861806,
            40.7562463
          ],
          [
            -73.986091,
            40.7565066
          ],
          [
            -73.9859846,
            40.7567668
          ],
          [
            -73.9855939,
            40.7575642
          ],
          [
            -73.9853791,
            40.7579581
          ],
          [
            -73.9850695,
            40.7584582
          ]
        ]
      },
      "id": "way/817381402"
    },
    {
      "type": "Feature",
      "properties": {
        "@id": "way/817381408",
        "electrified": "rail",
        "frequency": "0",
        "gauge": "1435",
        "layer": "-1",
        "level": "-1",
        "name": "BMT 63rd Street Line",
        "operator": "New York City Transit Authority",
        "railway": "subway",
        "railway:preferred_direction": "forward",
        "railway:track_ref": "4",
        "railway:track_ref:signals": "G4",
        "tunnel": "yes",
        "voltage": "625"
      },
      "geometry": {
        "type": "LineString",
        "coordinates": [
          [
            -73.9792845,
            40.7665301
          ],
          [
            -73.9784412,
            40.7676463
          ]
        ]
      },
      "id": "way/817381408"
    },
    {
      "type": "Feature",
      "properties": {
        "@id": "way/817381413",
        "electrified": "rail",
        "frequency": "0",
        "gauge": "1435",
        "layer": "-1",
        "level": "-1",
        "name": "BMT Broadway Line",
        "operator": "New York City Transit Authority",
        "railway": "subway",
        "railway:preferred_direction": "forward",
        "railway:track_ref": "2",
        "railway:track_ref:signals": "A2",
        "tunnel": "yes",
        "voltage": "625"
      },
      "geometry": {
        "type": "LineString",
        "coordinates": [
          [
            -73.9850695,
            40.7584582
          ],
          [
            -73.98443,
            40.7593464
          ],
          [
            -73.9841649,
            40.7597145
          ],
          [
            -73.9840554,
            40.7598665
          ],
          [
            -73.9833778,
            40.7608052
          ],
          [
            -73.9825355,
            40.7619773
          ]
        ]
      },
      "id": "way/817381413"
    },
    {
      "type": "Feature",
      "properties": {
        "@id": "way/817381414",
        "electrified": "rail",
        "frequency": "0",
        "gauge": "1435",
        "layer": "-2",
        "level": "-2",
        "name": "BMT Broadway Line",
        "operator": "New York City Transit Authority",
        "railway": "subway",
        "railway:preferred_direction": "forward",
        "railway:track_ref": "2",
        "railway:track_ref:signals": "A2",
        "tunnel": "yes",
        "voltage": "625"
      },
      "geometry": {
        "type": "LineString",
        "coordinates": [
          [
            -73.9814298,
            40.7635129
          ],
          [
            -73.9809246,
            40.764105
          ],
          [
            -73.9798598,
            40.7655619
          ],
          [
            -73.9796253,
            40.7659702
          ],
          [
            -73.979279,
            40.7664497
          ]
        ]
      },
      "id": "way/817381414"
    },
    {
      "type": "Feature",
      "properties": {
        "@id": "way/817381419",
        "electrified": "rail",
        "frequency": "0",
        "gauge": "1435",
        "layer": "-1",
        "level": "-1",
        "name": "BMT Broadway Line",
        "operator": "New York City Transit Authority",
        "railway": "subway",
        "railway:preferred_direction": "forward",
        "railway:track_ref": "1",
        "railway:track_ref:signals": "A1",
        "tunnel": "yes",
        "voltage": "625"
      },
      "geometry": {
        "type": "LineString",
        "coordinates": [
          [
            -73.9826543,
            40.7620268
          ],
          [
            -73.9834996,
            40.7608528
          ],
          [
            -73.9840917,
            40.7600305
          ],
          [
            -73.9841744,
            40.7599157
          ],
          [
            -73.9845476,
            40.7593946
          ],
          [
            -73.9851905,
            40.7585046
          ]
        ]
      },
      "id": "way/817381419"
    },
    {
      "type": "Feature",
      "properties": {
        "@id": "way/817381420",
        "electrified": "rail",
        "frequency": "0",
        "gauge": "1435",
        "layer": "-2",
        "level": "-2",
        "name": "BMT Broadway Line",
        "operator": "New York City Transit Authority",
        "railway": "subway",
        "railway:preferred_direction": "forward",
        "railway:track_ref": "1",
        "railway:track_ref:signals": "A1",
        "tunnel": "yes",
        "voltage": "625"
      },
      "geometry": {
        "type": "LineString",
        "coordinates": [
          [
            -73.9793752,
            40.7665708
          ],
          [
            -73.9797674,
            40.766024
          ],
          [
            -73.9800919,
            40.7656557
          ],
          [
            -73.9811552,
            40.7642006
          ],
          [
            -73.9815486,
            40.7635623
          ]
        ]
      },
      "id": "way/817381420"
    },
    {
      "type": "Feature",
      "properties": {
        "@id": "way/817381421",
        "electrified": "rail",
        "frequency": "0",
        "gauge": "1435",
        "layer": "-2",
        "level": "-2",
        "name": "BMT Broadway Line",
        "operator": "New York City Transit Authority",
        "railway": "subway",
        "railway:preferred_direction": "forward",
        "railway:track_ref": "3",
        "railway:track_ref:signals": "A3",
        "tunnel": "yes",
        "voltage": "625"
      },
      "geometry": {
        "type": "LineString",
        "coordinates": [
          [
            -73.9793276,
            40.7665491
          ],
          [
            -73.9799952,
            40.7656177
          ],
          [
            -73.9810592,
            40.7641616
          ],
          [
            -73.981509,
            40.7635459
          ]
        ]
      },
      "id": "way/817381421"
    },
    {
      "type": "Feature",
      "properties": {
        "@id": "way/817381422",
        "electrified": "rail",
        "frequency": "0",
        "gauge": "1435",
        "layer": "-1",
        "level": "-1",
        "name": "BMT Broadway Line",
        "operator": "New York City Transit Authority",
        "railway": "subway",
        "railway:preferred_direction": "forward",
        "railway:track_ref": "3",
        "railway:track_ref:signals": "A3",
        "tunnel": "yes",
        "voltage": "625"
      },
      "geometry": {
        "type": "LineString",
        "coordinates": [
          [
            -73.9826147,
            40.7620103
          ],
          [
            -73.9840521,
            40.7600142
          ],
          [
            -73.9841348,
            40.7598993
          ],
          [
            -73.9842442,
            40.7597473
          ],
          [
            -73.9846194,
            40.7592226
          ],
          [
            -73.9851501,
            40.7584892
          ]
        ]
      },
      "id": "way/817381422"
    },
    {
      "type": "Feature",
      "properties": {
        "@id": "way/817383471",
        "electrified": "rail",
        "frequency": "0",
        "gauge": "1435",
        "layer": "-2",
        "level": "-2",
        "name": "BMT Astoria Line",
        "operator": "New York City Transit Authority",
        "railway": "subway",
        "railway:preferred_direction": "forward",
        "railway:track_ref": "1",
        "railway:track_ref:signals": "G1",
        "tunnel": "yes",
        "voltage": "625"
      },
      "geometry": {
        "type": "LineString",
        "coordinates": [
          [
            -73.9581904,
            40.7588792
          ],
          [
            -73.9629662,
            40.7608867
          ],
          [
            -73.9648812,
            40.7616917
          ],
          [
            -73.9659186,
            40.7621593
          ],
          [
            -73.9678332,
            40.762953
          ],
          [
            -73.9722305,
            40.7647809
          ],
          [
            -73.9723172,
            40.764809
          ],
          [
            -73.9724072,
            40.76483
          ],
          [
            -73.9725002,
            40.7648426
          ],
          [
            -73.9746589,
            40.765086
          ],
          [
            -73.9747546,
            40.7650985
          ],
          [
            -73.9748512,
            40.7651168
          ],
          [
            -73.9749575,
            40.765142
          ],
          [
            -73.9750596,
            40.7651757
          ],
          [
            -73.9751564,
            40.7652176
          ],
          [
            -73.9759533,
            40.7656154
          ],
          [
            -73.976223,
            40.7657653
          ],
          [
            -73.9764681,
            40.7659285
          ],
          [
            -73.976981,
            40.7663114
          ],
          [
            -73.9776698,
            40.7667752
          ],
          [
            -73.9777589,
            40.7668331
          ],
          [
            -73.9778557,
            40.7668834
          ],
          [
            -73.9779591,
            40.7669255
          ],
          [
            -73.978068,
            40.7669589
          ],
          [
            -73.9781809,
            40.7669832
          ],
          [
            -73.9782967,
            40.766998
          ],
          [
            -73.9784139,
            40.7670034
          ],
          [
            -73.9785312,
            40.766999
          ],
          [
            -73.9786471,
            40.7669851
          ],
          [
            -73.9787605,
            40.7669618
          ],
          [
            -73.9788698,
            40.7669294
          ],
          [
            -73.9789738,
            40.7668881
          ],
          [
            -73.9790714,
            40.7668386
          ],
          [
            -73.9791613,
            40.7667815
          ],
          [
            -73.9792425,
            40.7667172
          ],
          [
            -73.9793141,
            40.7666467
          ],
          [
            -73.9793752,
            40.7665708
          ]
        ]
      },
      "id": "way/817383471"
    },
    {
      "type": "Feature",
      "properties": {
        "@id": "way/817383473",
        "electrified": "rail",
        "frequency": "0",
        "gauge": "1435",
        "layer": "-2",
        "level": "-2",
        "maxspeed": "60 mph",
        "name": "BMT Astoria Line",
        "operator": "New York City Transit Authority",
        "railway": "subway",
        "railway:preferred_direction": "forward",
        "railway:track_ref": "1",
        "railway:track_ref:signals": "G1",
        "tunnel": "yes",
        "tunnel:name": "60th Street Tunnel",
        "tunnel:wikidata": "Q4641726",
        "tunnel:wikipedia": "en:60th Street Tunnel",
        "voltage": "625"
      },
      "geometry": {
        "type": "LineString",
        "coordinates": [
          [
            -73.9487936,
            40.7546345
          ],
          [
            -73.9581904,
            40.7588792
          ]
        ]
      },
      "id": "way/817383473"
    },
    {
      "type": "Feature",
      "properties": {
        "@id": "way/817383474",
        "electrified": "rail",
        "frequency": "0",
        "gauge": "1435",
        "layer": "-2",
        "level": "-2",
        "name": "BMT Astoria Line",
        "operator": "New York City Transit Authority",
        "railway": "subway",
        "railway:preferred_direction": "forward",
        "railway:track_ref": "2",
        "railway:track_ref:signals": "G2",
        "tunnel": "yes",
        "voltage": "625"
      },
      "geometry": {
        "type": "LineString",
        "coordinates": [
          [
            -73.979279,
            40.7664497
          ],
          [
            -73.9792179,
            40.7665256
          ],
          [
            -73.9791463,
            40.7665961
          ],
          [
            -73.9790651,
            40.7666604
          ],
          [
            -73.9789752,
            40.7667176
          ],
          [
            -73.9788776,
            40.7667671
          ],
          [
            -73.9787736,
            40.7668083
          ],
          [
            -73.9786643,
            40.7668407
          ],
          [
            -73.978551,
            40.766864
          ],
          [
            -73.978435,
            40.7668779
          ],
          [
            -73.9783177,
            40.7668823
          ],
          [
            -73.9782005,
            40.766877
          ],
          [
            -73.9780847,
            40.7668621
          ],
          [
            -73.9779718,
            40.7668378
          ],
          [
            -73.9778629,
            40.7668044
          ],
          [
            -73.9777595,
            40.7667623
          ],
          [
            -73.9776627,
            40.766712
          ],
          [
            -73.9775736,
            40.7666541
          ],
          [
            -73.9770225,
            40.7662832
          ],
          [
            -73.9765088,
            40.7658998
          ],
          [
            -73.9762617,
            40.765735
          ],
          [
            -73.9759871,
            40.7655818
          ],
          [
            -73.9751945,
            40.7651864
          ],
          [
            -73.9750926,
            40.7651422
          ],
          [
            -73.9749849,
            40.7651067
          ],
          [
            -73.9748729,
            40.7650802
          ],
          [
            -73.9747577,
            40.765063
          ],
          [
            -73.9725061,
            40.764809
          ],
          [
            -73.9724203,
            40.7647971
          ],
          [
            -73.9723347,
            40.7647775
          ],
          [
            -73.9722499,
            40.7647499
          ],
          [
            -73.9678882,
            40.762882
          ],
          [
            -73.965972,
            40.7620876
          ],
          [
            -73.9649031,
            40.7616618
          ],
          [
            -73.9641787,
            40.7613573
          ],
          [
            -73.9629881,
            40.7608568
          ],
          [
            -73.9582129,
            40.7588495
          ]
        ]
      },
      "id": "way/817383474"
    },
    {
      "type": "Feature",
      "properties": {
        "@id": "way/818116488",
        "alt_name": "11th Street Connector",
        "electrified": "rail",
        "frequency": "0",
        "gauge": "1435",
        "layer": "-3",
        "level": "-3",
        "name": "60th Street Tunnel Connection",
        "operator": "New York City Transit Authority",
        "railway": "subway",
        "railway:preferred_direction": "forward",
        "railway:track_ref": "2",
        "railway:track_ref:signals": "GD2",
        "tunnel": "yes",
        "voltage": "625"
      },
      "geometry": {
        "type": "LineString",
        "coordinates": [
          [
            -73.9415856,
            40.7483745
          ],
          [
            -73.9413598,
            40.7482215
          ],
          [
            -73.9412058,
            40.7481189
          ],
          [
            -73.9411022,
            40.7480552
          ],
          [
            -73.9409753,
            40.7479849
          ],
          [
            -73.9408363,
            40.7479274
          ],
          [
            -73.940662,
            40.7478648
          ],
          [
            -73.9404827,
            40.7478204
          ],
          [
            -73.9402768,
            40.7477952
          ],
          [
            -73.9401249,
            40.7477845
          ],
          [
            -73.9400874,
            40.7477818
          ],
          [
            -73.9398622,
            40.7477967
          ],
          [
            -73.9396356,
            40.7478433
          ]
        ]
      },
      "id": "way/818116488"
    },
    {
      "type": "Feature",
      "properties": {
        "@id": "way/818116489",
        "alt_name": "11th Street Connector",
        "electrified": "rail",
        "frequency": "0",
        "gauge": "1435",
        "layer": "-2",
        "level": "-2",
        "name": "60th Street Tunnel Connection",
        "operator": "New York City Transit Authority",
        "railway": "subway",
        "railway:preferred_direction": "forward",
        "railway:track_ref": "2",
        "railway:track_ref:signals": "GD2",
        "tunnel": "yes",
        "voltage": "625"
      },
      "geometry": {
        "type": "LineString",
        "coordinates": [
          [
            -73.9488163,
            40.7546049
          ],
          [
            -73.9482559,
            40.7543109
          ],
          [
            -73.9464057,
            40.7534766
          ],
          [
            -73.9455626,
            40.753106
          ],
          [
            -73.9448778,
            40.7528049
          ],
          [
            -73.944102,
            40.7524709
          ],
          [
            -73.9439108,
            40.7523864
          ],
          [
            -73.9437347,
            40.7522847
          ],
          [
            -73.9435765,
            40.7521674
          ],
          [
            -73.9434386,
            40.7520362
          ],
          [
            -73.943323,
            40.7518932
          ],
          [
            -73.9432316,
            40.7517405
          ],
          [
            -73.9431656,
            40.7515804
          ],
          [
            -73.9431262,
            40.7514154
          ],
          [
            -73.943107,
            40.7512548
          ],
          [
            -73.943146,
            40.7508103
          ],
          [
            -73.9431727,
            40.7505136
          ],
          [
            -73.9432108,
            40.7501127
          ],
          [
            -73.9432061,
            40.7500178
          ],
          [
            -73.9431953,
            40.7499226
          ],
          [
            -73.9431733,
            40.7498206
          ],
          [
            -73.9431431,
            40.7497179
          ],
          [
            -73.9431018,
            40.7496269
          ],
          [
            -73.9430607,
            40.7495489
          ],
          [
            -73.9429877,
            40.7494402
          ],
          [
            -73.9428702,
            40.7493166
          ],
          [
            -73.9427214,
            40.7492039
          ],
          [
            -73.9425964,
            40.7491227
          ],
          [
            -73.9423018,
            40.7489544
          ],
          [
            -73.9422007,
            40.7488904
          ],
          [
            -73.9421132,
            40.748825
          ],
          [
            -73.9420397,
            40.7487586
          ],
          [
            -73.9419437,
            40.7486593
          ],
          [
            -73.9418418,
            40.7485628
          ],
          [
            -73.9417281,
            40.7484714
          ],
          [
            -73.9415856,
            40.7483745
          ]
        ]
      },
      "id": "way/818116489"
    },
    {
      "type": "Feature",
      "properties": {
        "@id": "way/818616333",
        "electrified": "rail",
        "frequency": "0",
        "gauge": "1435",
        "layer": "-2",
        "level": "-2",
        "name": "IND Crosstown Line",
        "operator": "New York City Transit Authority",
        "railway": "subway",
        "railway:preferred_direction": "forward",
        "railway:track_ref": "1",
        "railway:track_ref:signals": "E1",
        "tunnel": "yes",
        "voltage": "625"
      },
      "geometry": {
        "type": "LineString",
        "coordinates": [
          [
            -73.9439285,
            40.7465598
          ],
          [
            -73.9450573,
            40.7461145
          ],
          [
            -73.9481242,
            40.7448929
          ],
          [
            -73.948515,
            40.7447342
          ],
          [
            -73.9489478,
            40.7445239
          ],
          [
            -73.9507075,
            40.7436049
          ],
          [
            -73.9522708,
            40.7427896
          ],
          [
            -73.9533876,
            40.7421764
          ],
          [
            -73.9538153,
            40.7419333
          ],
          [
            -73.9542038,
            40.7416518
          ],
          [
            -73.9545453,
            40.7413373
          ],
          [
            -73.954835,
            40.7409943
          ],
          [
            -73.9550688,
            40.7406276
          ],
          [
            -73.9552431,
            40.7402427
          ]
        ]
      },
      "id": "way/818616333"
    },
    {
      "type": "Feature",
      "properties": {
        "@id": "way/818616347",
        "electrified": "rail",
        "frequency": "0",
        "gauge": "1435",
        "layer": "-2",
        "level": "-2",
        "name": "IND Crosstown Line",
        "operator": "New York City Transit Authority",
        "railway": "subway",
        "railway:preferred_direction": "forward",
        "railway:track_ref": "2",
        "railway:track_ref:signals": "E2",
        "tunnel": "yes",
        "voltage": "625"
      },
      "geometry": {
        "type": "LineString",
        "coordinates": [
          [
            -73.9551996,
            40.7402332
          ],
          [
            -73.9550269,
            40.7406145
          ],
          [
            -73.9547955,
            40.7409776
          ],
          [
            -73.9545087,
            40.7413172
          ],
          [
            -73.9541707,
            40.7416285
          ],
          [
            -73.9537861,
            40.7419071
          ],
          [
            -73.9533604,
            40.7421491
          ],
          [
            -73.9522037,
            40.7427166
          ],
          [
            -73.950639,
            40.7435311
          ],
          [
            -73.9488737,
            40.7444549
          ],
          [
            -73.9484556,
            40.7446573
          ],
          [
            -73.9480691,
            40.7448143
          ],
          [
            -73.9450029,
            40.7460356
          ],
          [
            -73.9438755,
            40.7464818
          ]
        ]
      },
      "id": "way/818616347"
    },
    {
      "type": "Feature",
      "properties": {
        "@id": "way/818637885",
        "electrified": "rail",
        "frequency": "0",
        "gauge": "1435",
        "layer": "-2",
        "level": "-2",
        "name": "IND Queens Boulevard Line",
        "operator": "New York City Transit Authority",
        "railway": "subway",
        "railway:preferred_direction": "forward",
        "railway:track_ref": "1",
        "railway:track_ref:signals": "D1",
        "tunnel": "yes",
        "voltage": "625"
      },
      "geometry": {
        "type": "LineString",
        "coordinates": [
          [
            -73.9397862,
            40.7481281
          ],
          [
            -73.9409373,
            40.7477178
          ],
          [
            -73.9419201,
            40.7473676
          ]
        ]
      },
      "id": "way/818637885"
    },
    {
      "type": "Feature",
      "properties": {
        "@id": "way/818637905",
        "electrified": "rail",
        "frequency": "0",
        "gauge": "1435",
        "layer": "-2",
        "level": "-2",
        "name": "IND Crosstown Line",
        "operator": "New York City Transit Authority",
        "railway": "subway",
        "railway:preferred_direction": "forward",
        "railway:track_ref": "2",
        "railway:track_ref:signals": "E2",
        "tunnel": "yes",
        "voltage": "625"
      },
      "geometry": {
        "type": "LineString",
        "coordinates": [
          [
            -73.9438755,
            40.7464818
          ],
          [
            -73.9427458,
            40.7469271
          ],
          [
            -73.9418648,
            40.7472738
          ]
        ]
      },
      "id": "way/818637905"
    },
    {
      "type": "Feature",
      "properties": {
        "@id": "way/818637914",
        "electrified": "rail",
        "frequency": "0",
        "gauge": "1435",
        "layer": "-2",
        "level": "-2",
        "name": "IND Queens Boulevard Line",
        "operator": "New York City Transit Authority",
        "railway": "subway",
        "railway:preferred_direction": "forward",
        "railway:track_ref": "2",
        "railway:track_ref:signals": "D2",
        "tunnel": "yes",
        "voltage": "625"
      },
      "geometry": {
        "type": "LineString",
        "coordinates": [
          [
            -73.9418648,
            40.7472738
          ],
          [
            -73.9408799,
            40.7476251
          ],
          [
            -73.940584,
            40.7477306
          ],
          [
            -73.9390756,
            40.7482687
          ],
          [
            -73.9387334,
            40.7483908
          ],
          [
            -73.938369,
            40.7485217
          ],
          [
            -73.9380235,
            40.7486457
          ]
        ]
      },
      "id": "way/818637914"
    },
    {
      "type": "Feature",
      "properties": {
        "@id": "way/818637918",
        "electrified": "rail",
        "frequency": "0",
        "gauge": "1435",
        "layer": "-3",
        "level": "-3",
        "name": "IND Queens Boulevard Line",
        "operator": "New York City Transit Authority",
        "railway": "subway",
        "railway:preferred_direction": "forward",
        "railway:track_ref": "4",
        "railway:track_ref:signals": "D4",
        "tunnel": "yes",
        "voltage": "625"
      },
      "geometry": {
        "type": "LineString",
        "coordinates": [
          [
            -73.9440073,
            40.7474434
          ],
          [
            -73.9429211,
            40.7472324
          ],
          [
            -73.942749,
            40.7472038
          ],
          [
            -73.9425715,
            40.7471914
          ],
          [
            -73.9423933,
            40.7471955
          ],
          [
            -73.9422172,
            40.7472162
          ],
          [
            -73.9420457,
            40.747253
          ],
          [
            -73.9418832,
            40.7473051
          ],
          [
            -73.940899,
            40.747656
          ]
        ]
      },
      "id": "way/818637918"
    },
    {
      "type": "Feature",
      "properties": {
        "@id": "way/818927667",
        "electrified": "rail",
        "frequency": "0",
        "gauge": "1435",
        "layer": "-5",
        "level": "-5",
        "name": "IND 63rd Street Line",
        "operator": "New York City Transit Authority",
        "railway": "subway",
        "railway:preferred_direction": "forward",
        "railway:track_ref": "2",
        "railway:track_ref:signals": "T2",
        "tunnel": "yes",
        "voltage": "625"
      },
      "geometry": {
        "type": "LineString",
        "coordinates": [
          [
            -73.9762641,
            40.7655659
          ],
          [
            -73.9759869,
            40.7659458
          ],
          [
            -73.9758101,
            40.7661664
          ],
          [
            -73.9756035,
            40.7663715
          ],
          [
            -73.9753692,
            40.7665588
          ],
          [
            -73.9751099,
            40.7667262
          ],
          [
            -73.9748287,
            40.7668718
          ],
          [
            -73.9745286,
            40.7669938
          ],
          [
            -73.974213,
            40.7670911
          ],
          [
            -73.9738856,
            40.7671624
          ],
          [
            -73.9735501,
            40.7672069
          ],
          [
            -73.9732102,
            40.7672241
          ],
          [
            -73.9728698,
            40.7672139
          ],
          [
            -73.9725327,
            40.7671764
          ],
          [
            -73.9722029,
            40.7671119
          ],
          [
            -73.971884,
            40.7670213
          ],
          [
            -73.9715795,
            40.7669054
          ],
          [
            -73.968978,
            40.765814
          ],
          [
            -73.9687732,
            40.7657289
          ],
          [
            -73.968175,
            40.7654773
          ],
          [
            -73.967352,
            40.7651148
          ],
          [
            -73.9668504,
            40.7649025
          ],
          [
            -73.9649184,
            40.7640849
          ],
          [
            -73.9632955,
            40.763398
          ]
        ]
      },
      "id": "way/818927667"
    },
    {
      "type": "Feature",
      "properties": {
        "@id": "way/818927668",
        "electrified": "rail",
        "frequency": "0",
        "gauge": "1435",
        "layer": "-2",
        "level": "-2",
        "name": "IND 63rd Street Line",
        "operator": "New York City Transit Authority",
        "railway": "subway",
        "railway:preferred_direction": "forward",
        "railway:track_ref": "6",
        "railway:track_ref:signals": "B6",
        "tunnel": "yes",
        "voltage": "625"
      },
      "geometry": {
        "type": "LineString",
        "coordinates": [
          [
            -73.978333,
            40.7626582
          ],
          [
            -73.9778937,
            40.7632631
          ],
          [
            -73.9768338,
            40.7647223
          ],
          [
            -73.9766996,
            40.764907
          ],
          [
            -73.9762641,
            40.7655659
          ]
        ]
      },
      "id": "way/818927668"
    },
    {
      "type": "Feature",
      "properties": {
        "@id": "way/818927670",
        "electrified": "rail",
        "frequency": "0",
        "gauge": "1435",
        "layer": "-2",
        "level": "-2",
        "maxspeed": "50 mph",
        "name": "IND 63rd Street Line",
        "operator": "New York City Transit Authority",
        "railway": "subway",
        "railway:preferred_direction": "forward",
        "railway:track_ref": "2",
        "railway:track_ref:signals": "T2",
        "start_date": "1970",
        "tunnel": "yes",
        "voltage": "625"
      },
      "geometry": {
        "type": "LineString",
        "coordinates": [
          [
            -73.9476201,
            40.7565979
          ],
          [
            -73.9471475,
            40.7563754
          ],
          [
            -73.9457633,
            40.755686
          ],
          [
            -73.9438388,
            40.7546959
          ],
          [
            -73.9420245,
            40.7537595
          ],
          [
            -73.9366643,
            40.7509099
          ]
        ]
      },
      "id": "way/818927670"
    },
    {
      "type": "Feature",
      "properties": {
        "@id": "way/818927671",
        "electrified": "rail",
        "frequency": "0",
        "gauge": "1435",
        "layer": "-3",
        "level": "-3",
        "name": "IND 63rd Street Line",
        "operator": "New York City Transit Authority",
        "railway": "subway",
        "railway:preferred_direction": "forward",
        "railway:track_ref": "2",
        "railway:track_ref:signals": "T2",
        "start_date": "1970",
        "tunnel": "yes",
        "tunnel:name": "63rd Street Tunnel",
        "tunnel:wikidata": "Q4641994",
        "tunnel:wikipedia": "en:63rd Street Tunnel",
        "voltage": "625"
      },
      "geometry": {
        "type": "LineString",
        "coordinates": [
          [
            -73.9566769,
            40.7606401
          ],
          [
            -73.9564228,
            40.7605291
          ],
          [
            -73.9537182,
            40.7593214
          ],
          [
            -73.951834,
            40.7584799
          ],
          [
            -73.9476201,
            40.7565979
          ]
        ]
      },
      "id": "way/818927671"
    },
    {
      "type": "Feature",
      "properties": {
        "@id": "way/818927672",
        "electrified": "rail",
        "frequency": "0",
        "gauge": "1435",
        "layer": "-3",
        "level": "-3",
        "maxspeed": "50 mph",
        "name": "IND 63rd Street Line",
        "operator": "New York City Transit Authority",
        "railway": "subway",
        "railway:preferred_direction": "forward",
        "railway:track_ref": "2",
        "railway:track_ref:signals": "T2",
        "start_date": "1970",
        "tunnel": "yes",
        "voltage": "625"
      },
      "geometry": {
        "type": "LineString",
        "coordinates": [
          [
            -73.9632955,
            40.763398
          ],
          [
            -73.9622471,
            40.7629626
          ],
          [
            -73.9612003,
            40.762528
          ],
          [
            -73.959459,
            40.7618049
          ],
          [
            -73.9580701,
            40.7612187
          ],
          [
            -73.9566769,
            40.7606401
          ]
        ]
      },
      "id": "way/818927672"
    },
    {
      "type": "Feature",
      "properties": {
        "@id": "way/819186596",
        "electrified": "rail",
        "frequency": "0",
        "gauge": "1435",
        "layer": "-3",
        "level": "-3",
        "name": "IND Sixth Avenue Line",
        "operator": "New York City Transit Authority",
        "railway": "subway",
        "railway:preferred_direction": "forward",
        "railway:track_ref": "4",
        "railway:track_ref:signals": "B4",
        "tunnel": "yes",
        "voltage": "625"
      },
      "geometry": {
        "type": "LineString",
        "coordinates": [
          [
            -73.9797771,
            40.7607692
          ],
          [
            -73.9796324,
            40.7610181
          ],
          [
            -73.9795615,
            40.7612325
          ],
          [
            -73.9795578,
            40.7614211
          ],
          [
            -73.9795999,
            40.7616071
          ],
          [
            -73.9796864,
            40.761784
          ],
          [
            -73.9798144,
            40.7619459
          ],
          [
            -73.9799795,
            40.7620872
          ],
          [
            -73.9801761,
            40.7622031
          ],
          [
            -73.9804981,
            40.7623389
          ],
          [
            -73.9807513,
            40.7624463
          ],
          [
            -73.9827125,
            40.7632783
          ],
          [
            -73.9828547,
            40.7633396
          ],
          [
            -73.9834817,
            40.7636011
          ],
          [
            -73.9836884,
            40.7637118
          ],
          [
            -73.983873,
            40.7638342
          ],
          [
            -73.9839857,
            40.7639329
          ],
          [
            -73.9841228,
            40.7641185
          ],
          [
            -73.984203,
            40.7643372
          ],
          [
            -73.984214,
            40.764564
          ],
          [
            -73.9841553,
            40.7647866
          ],
          [
            -73.9840301,
            40.7649928
          ],
          [
            -73.9837707,
            40.7653546
          ],
          [
            -73.9834481,
            40.7658026
          ],
          [
            -73.9825967,
            40.7669848
          ]
        ]
      },
      "id": "way/819186596"
    },
    {
      "type": "Feature",
      "properties": {
        "@id": "way/819186600",
        "electrified": "rail",
        "frequency": "0",
        "gauge": "1435",
        "layer": "-2",
        "level": "-1",
        "name": "IND Sixth Avenue Line",
        "operator": "New York City Transit Authority",
        "railway": "subway",
        "railway:preferred_direction": "forward",
        "railway:track_ref": "3",
        "railway:track_ref:signals": "B3",
        "tunnel": "yes",
        "voltage": "625"
      },
      "geometry": {
        "type": "LineString",
        "coordinates": [
          [
            -73.9842391,
            40.7643558
          ],
          [
            -73.9841435,
            40.7641338
          ],
          [
            -73.9839883,
            40.7639321
          ],
          [
            -73.9838733,
            40.763834
          ],
          [
            -73.9836888,
            40.7637115
          ],
          [
            -73.9834818,
            40.7636008
          ],
          [
            -73.9828547,
            40.7633394
          ]
        ]
      },
      "id": "way/819186600"
    },
    {
      "type": "Feature",
      "properties": {
        "@id": "way/819186601",
        "electrified": "rail",
        "frequency": "0",
        "gauge": "1435",
        "layer": "-2",
        "level": "-2",
        "name": "IND Sixth Avenue Line",
        "operator": "New York City Transit Authority",
        "railway": "subway",
        "railway:preferred_direction": "forward",
        "railway:track_ref": "3",
        "railway:track_ref:signals": "B3",
        "tunnel": "yes",
        "voltage": "625"
      },
      "geometry": {
        "type": "LineString",
        "coordinates": [
          [
            -73.9841398,
            40.7650418
          ],
          [
            -73.9842372,
            40.7648203
          ],
          [
            -73.9842708,
            40.7645881
          ],
          [
            -73.9842391,
            40.7643558
          ]
        ]
      },
      "id": "way/819186601"
    },
    {
      "type": "Feature",
      "properties": {
        "@id": "way/819186602",
        "electrified": "rail",
        "frequency": "0",
        "gauge": "1435",
        "layer": "-3",
        "level": "-3",
        "maxspeed": "55 mph",
        "name": "IND Queens Boulevard Line",
        "operator": "New York City Transit Authority",
        "railway": "subway",
        "railway:cbtc": "yes",
        "railway:preferred_direction": "forward",
        "railway:track_ref": "4",
        "railway:track_ref:signals": "D4",
        "tunnel": "yes",
        "tunnel:name": "53rd Street Tunnel",
        "voltage": "625"
      },
      "geometry": {
        "type": "LineString",
        "coordinates": [
          [
            -73.9627159,
            40.7548403
          ],
          [
            -73.9623945,
            40.7546909
          ],
          [
            -73.9621673,
            40.7545496
          ],
          [
            -73.9586965,
            40.75211
          ],
          [
            -73.9554792,
            40.7498333
          ]
        ]
      },
      "id": "way/819186602"
    },
    {
      "type": "Feature",
      "properties": {
        "@id": "way/819186603",
        "electrified": "rail",
        "frequency": "0",
        "gauge": "1435",
        "layer": "-3",
        "level": "-3",
        "name": "IND Queens Boulevard Line",
        "operator": "New York City Transit Authority",
        "railway": "subway",
        "railway:cbtc": "yes",
        "railway:preferred_direction": "forward",
        "railway:track_ref": "4",
        "railway:track_ref:signals": "D4",
        "tunnel": "yes",
        "voltage": "625"
      },
      "geometry": {
        "type": "LineString",
        "coordinates": [
          [
            -73.9728659,
            40.7591608
          ],
          [
            -73.9721061,
            40.7588035
          ],
          [
            -73.9709243,
            40.7583047
          ],
          [
            -73.9704477,
            40.7581042
          ],
          [
            -73.9685298,
            40.7572959
          ],
          [
            -73.9627159,
            40.7548403
          ]
        ]
      },
      "id": "way/819186603"
    },
    {
      "type": "Feature",
      "properties": {
        "@id": "way/819186606",
        "electrified": "rail",
        "frequency": "0",
        "gauge": "1435",
        "layer": "-2",
        "level": "-2",
        "name": "IND Sixth Avenue Line",
        "operator": "New York City Transit Authority",
        "railway": "subway",
        "railway:preferred_direction": "forward",
        "railway:track_ref": "3",
        "railway:track_ref:signals": "B3",
        "tunnel": "yes",
        "voltage": "625"
      },
      "geometry": {
        "type": "LineString",
        "coordinates": [
          [
            -73.9836381,
            40.7555333
          ],
          [
            -73.9840309,
            40.7549935
          ],
          [
            -73.9851003,
            40.7535241
          ],
          [
            -73.9863609,
            40.7517916
          ]
        ]
      },
      "id": "way/819186606"
    },
    {
      "type": "Feature",
      "properties": {
        "@id": "way/819186607",
        "electrified": "rail",
        "frequency": "0",
        "gauge": "1435",
        "layer": "-2",
        "level": "-2",
        "name": "IND Sixth Avenue Line",
        "operator": "New York City Transit Authority",
        "railway": "subway",
        "railway:preferred_direction": "forward",
        "railway:track_ref": "1",
        "railway:track_ref:signals": "B1",
        "tunnel": "yes",
        "voltage": "625"
      },
      "geometry": {
        "type": "LineString",
        "coordinates": [
          [
            -73.9837178,
            40.7555657
          ],
          [
            -73.9841116,
            40.7550245
          ],
          [
            -73.9851804,
            40.7535558
          ],
          [
            -73.9864401,
            40.7518246
          ]
        ]
      },
      "id": "way/819186607"
    },
    {
      "type": "Feature",
      "properties": {
        "@id": "way/819186608",
        "electrified": "rail",
        "frequency": "0",
        "gauge": "1435",
        "layer": "-1",
        "level": "-1",
        "name": "IND Sixth Avenue Line",
        "operator": "New York City Transit Authority",
        "railway": "subway",
        "railway:preferred_direction": "forward",
        "railway:track_ref": "3",
        "railway:track_ref:signals": "B3",
        "tunnel": "yes",
        "voltage": "625"
      },
      "geometry": {
        "type": "LineString",
        "coordinates": [
          [
            -73.9823349,
            40.7574661
          ],
          [
            -73.9836381,
            40.7555333
          ]
        ]
      },
      "id": "way/819186608"
    },
    {
      "type": "Feature",
      "properties": {
        "@id": "way/819186609",
        "electrified": "rail",
        "frequency": "0",
        "gauge": "1435",
        "layer": "-3",
        "level": "-3",
        "name": "IND Queens Boulevard Line",
        "operator": "New York City Transit Authority",
        "railway": "subway",
        "railway:cbtc": "yes",
        "railway:preferred_direction": "forward",
        "railway:track_ref": "4",
        "railway:track_ref:signals": "D4",
        "tunnel": "yes",
        "voltage": "625"
      },
      "geometry": {
        "type": "LineString",
        "coordinates": [
          [
            -73.9766143,
            40.7607895
          ],
          [
            -73.9759799,
            40.7605218
          ],
          [
            -73.9740513,
            40.7597086
          ],
          [
            -73.9738567,
            40.7596266
          ],
          [
            -73.9728659,
            40.7591608
          ]
        ]
      },
      "id": "way/819186609"
    },
    {
      "type": "Feature",
      "properties": {
        "@id": "way/819186610",
        "electrified": "rail",
        "frequency": "0",
        "gauge": "1435",
        "layer": "-3",
        "level": "-3",
        "name": "IND Queens Boulevard Line",
        "operator": "New York City Transit Authority",
        "railway": "subway",
        "railway:cbtc": "yes",
        "railway:preferred_direction": "forward",
        "railway:track_ref": "4",
        "railway:track_ref:signals": "D4",
        "tunnel": "yes",
        "voltage": "625"
      },
      "geometry": {
        "type": "LineString",
        "coordinates": [
          [
            -73.9830347,
            40.7634594
          ],
          [
            -73.9826634,
            40.7633408
          ],
          [
            -73.9806992,
            40.7625124
          ],
          [
            -73.9804492,
            40.762407
          ],
          [
            -73.9766143,
            40.7607895
          ]
        ]
      },
      "id": "way/819186610"
    },
    {
      "type": "Feature",
      "properties": {
        "@id": "way/819186611",
        "electrified": "rail",
        "frequency": "0",
        "gauge": "1435",
        "layer": "-2",
        "level": "-2",
        "name": "IND Sixth Avenue Line",
        "operator": "New York City Transit Authority",
        "railway": "subway",
        "railway:preferred_direction": "forward",
        "railway:track_ref": "1",
        "railway:track_ref:signals": "B1",
        "tunnel": "yes",
        "voltage": "625"
      },
      "geometry": {
        "type": "LineString",
        "coordinates": [
          [
            -73.9766181,
            40.7607921
          ],
          [
            -73.9778727,
            40.7612215
          ],
          [
            -73.9781546,
            40.7612823
          ],
          [
            -73.9784463,
            40.7613041
          ],
          [
            -73.9787385,
            40.7612862
          ],
          [
            -73.9790217,
            40.761229
          ],
          [
            -73.979287,
            40.7611346
          ],
          [
            -73.979555,
            40.7609965
          ],
          [
            -73.9798167,
            40.7607857
          ],
          [
            -73.9798924,
            40.7606816
          ],
          [
            -73.9801746,
            40.7602936
          ]
        ]
      },
      "id": "way/819186611"
    },
    {
      "type": "Feature",
      "properties": {
        "@id": "way/819186612",
        "electrified": "rail",
        "frequency": "0",
        "gauge": "1435",
        "layer": "-2",
        "level": "-2",
        "name": "IND Sixth Avenue Line",
        "operator": "New York City Transit Authority",
        "railway": "subway",
        "railway:preferred_direction": "forward",
        "railway:track_ref": "4",
        "railway:track_ref:signals": "B4",
        "tunnel": "yes",
        "voltage": "625"
      },
      "geometry": {
        "type": "LineString",
        "coordinates": [
          [
            -73.9801351,
            40.760277
          ],
          [
            -73.9798527,
            40.7606652
          ],
          [
            -73.9797771,
            40.7607692
          ]
        ]
      },
      "id": "way/819186612"
    },
    {
      "type": "Feature",
      "properties": {
        "@id": "way/819186614",
        "electrified": "rail",
        "frequency": "0",
        "gauge": "1435",
        "layer": "-2",
        "level": "-2",
        "name": "IND Sixth Avenue Line",
        "operator": "New York City Transit Authority",
        "railway": "subway",
        "railway:preferred_direction": "forward",
        "railway:track_ref": "2",
        "railway:track_ref:signals": "B2",
        "tunnel": "yes",
        "voltage": "625"
      },
      "geometry": {
        "type": "LineString",
        "coordinates": [
          [
            -73.980056,
            40.7602439
          ],
          [
            -73.9797734,
            40.7606324
          ],
          [
            -73.979698,
            40.7607361
          ]
        ]
      },
      "id": "way/819186614"
    },
    {
      "type": "Feature",
      "properties": {
        "@id": "way/819186615",
        "electrified": "rail",
        "frequency": "0",
        "gauge": "1435",
        "layer": "-2",
        "level": "-2",
        "name": "IND 63rd Street Line",
        "operator": "New York City Transit Authority",
        "railway": "subway",
        "railway:preferred_direction": "forward",
        "railway:track_ref": "6",
        "railway:track_ref:signals": "B6",
        "tunnel": "yes",
        "voltage": "625"
      },
      "geometry": {
        "type": "LineString",
        "coordinates": [
          [
            -73.9798131,
            40.7606488
          ],
          [
            -73.9797376,
            40.7607526
          ]
        ]
      },
      "id": "way/819186615"
    },
    {
      "type": "Feature",
      "properties": {
        "@id": "way/819186616",
        "electrified": "rail",
        "frequency": "0",
        "gauge": "1435",
        "layer": "-2",
        "level": "-2",
        "name": "IND 63rd Street Line",
        "operator": "New York City Transit Authority",
        "railway": "subway",
        "railway:preferred_direction": "forward",
        "railway:track_ref": "5",
        "railway:track_ref:signals": "B5",
        "tunnel": "yes",
        "voltage": "625"
      },
      "geometry": {
        "type": "LineString",
        "coordinates": [
          [
            -73.9798563,
            40.7608022
          ],
          [
            -73.979932,
            40.760698
          ]
        ]
      },
      "id": "way/819186616"
    },
    {
      "type": "Feature",
      "properties": {
        "@id": "way/819186617",
        "electrified": "rail",
        "frequency": "0",
        "gauge": "1435",
        "layer": "-2",
        "level": "-2",
        "operator": "New York City Transit Authority",
        "railway": "subway",
        "railway:preferred_direction": "forward",
        "service": "crossover",
        "tunnel": "yes",
        "voltage": "625"
      },
      "geometry": {
        "type": "LineString",
        "coordinates": [
          [
            -73.979932,
            40.760698
          ],
          [
            -73.9802537,
            40.7603267
          ]
        ]
      },
      "id": "way/819186617"
    },
    {
      "type": "Feature",
      "properties": {
        "@id": "way/819186618",
        "electrified": "rail",
        "frequency": "0",
        "gauge": "1435",
        "layer": "-2",
        "level": "-2",
        "operator": "New York City Transit Authority",
        "railway": "subway",
        "railway:preferred_direction": "forward",
        "service": "crossover",
        "tunnel": "yes",
        "voltage": "625"
      },
      "geometry": {
        "type": "LineString",
        "coordinates": [
          [
            -73.9801351,
            40.760277
          ],
          [
            -73.9798131,
            40.7606488
          ]
        ]
      },
      "id": "way/819186618"
    },
    {
      "type": "Feature",
      "properties": {
        "@id": "way/819186619",
        "electrified": "rail",
        "frequency": "0",
        "gauge": "1435",
        "layer": "-3",
        "level": "-3",
        "name": "IND Sixth Avenue Line",
        "operator": "New York City Transit Authority",
        "railway": "subway",
        "railway:preferred_direction": "forward",
        "railway:track_ref": "2",
        "railway:track_ref:signals": "B2",
        "tunnel": "yes",
        "voltage": "625"
      },
      "geometry": {
        "type": "LineString",
        "coordinates": [
          [
            -73.979698,
            40.7607361
          ],
          [
            -73.979447,
            40.7610035
          ],
          [
            -73.979228,
            40.7611401
          ],
          [
            -73.9789768,
            40.7612399
          ],
          [
            -73.9787041,
            40.761299
          ],
          [
            -73.9784211,
            40.7613147
          ],
          [
            -73.9781399,
            40.7612865
          ],
          [
            -73.9778722,
            40.7612155
          ],
          [
            -73.9766143,
            40.7607895
          ]
        ]
      },
      "id": "way/819186619"
    },
    {
      "type": "Feature",
      "properties": {
        "@id": "way/819186623",
        "electrified": "rail",
        "frequency": "0",
        "gauge": "1435",
        "layer": "-2",
        "level": "-2",
        "name": "IND Sixth Avenue Line",
        "operator": "New York City Transit Authority",
        "railway": "subway",
        "railway:preferred_direction": "forward",
        "railway:track_ref": "3",
        "railway:track_ref:signals": "B3",
        "tunnel": "yes",
        "voltage": "625"
      },
      "geometry": {
        "type": "LineString",
        "coordinates": [
          [
            -73.9828547,
            40.7633394
          ],
          [
            -73.9827138,
            40.7632787
          ],
          [
            -73.9807519,
            40.7624472
          ],
          [
            -73.9804984,
            40.7623398
          ],
          [
            -73.9801783,
            40.7622012
          ],
          [
            -73.9799742,
            40.7620947
          ],
          [
            -73.9798053,
            40.7619573
          ],
          [
            -73.9796794,
            40.7617956
          ],
          [
            -73.9796026,
            40.7616171
          ],
          [
            -73.9795784,
            40.7614303
          ],
          [
            -73.9796079,
            40.7612439
          ],
          [
            -73.9796934,
            40.7610989
          ],
          [
            -73.9798958,
            40.7608187
          ],
          [
            -73.9799717,
            40.7607145
          ],
          [
            -73.9802537,
            40.7603267
          ]
        ]
      },
      "id": "way/819186623"
    },
    {
      "type": "Feature",
      "properties": {
        "@id": "way/819186624",
        "electrified": "rail",
        "frequency": "0",
        "gauge": "1435",
        "layer": "-1",
        "level": "-1",
        "name": "IND 63rd Street Line",
        "operator": "New York City Transit Authority",
        "railway": "subway",
        "railway:preferred_direction": "forward",
        "railway:track_ref": "6",
        "railway:track_ref:signals": "B6",
        "tunnel": "yes",
        "voltage": "625"
      },
      "geometry": {
        "type": "LineString",
        "coordinates": [
          [
            -73.9797376,
            40.7607526
          ],
          [
            -73.978333,
            40.7626582
          ]
        ]
      },
      "id": "way/819186624"
    },
    {
      "type": "Feature",
      "properties": {
        "@id": "way/819186625",
        "electrified": "rail",
        "frequency": "0",
        "gauge": "1435",
        "layer": "-2",
        "level": "-2",
        "name": "IND Sixth Avenue Line",
        "operator": "New York City Transit Authority",
        "railway": "subway",
        "railway:preferred_direction": "forward",
        "railway:track_ref": "3",
        "railway:track_ref:signals": "B3",
        "tunnel": "yes",
        "voltage": "625"
      },
      "geometry": {
        "type": "LineString",
        "coordinates": [
          [
            -73.9802537,
            40.7603267
          ],
          [
            -73.9809246,
            40.7594043
          ],
          [
            -73.9819915,
            40.7579379
          ],
          [
            -73.9823349,
            40.7574661
          ]
        ]
      },
      "id": "way/819186625"
    },
    {
      "type": "Feature",
      "properties": {
        "@id": "way/819186626",
        "electrified": "rail",
        "frequency": "0",
        "gauge": "1435",
        "layer": "-2",
        "level": "-2",
        "name": "IND 63rd Street Line",
        "operator": "New York City Transit Authority",
        "railway": "subway",
        "railway:preferred_direction": "forward",
        "railway:track_ref": "5",
        "railway:track_ref:signals": "B5",
        "tunnel": "yes",
        "voltage": "625"
      },
      "geometry": {
        "type": "LineString",
        "coordinates": [
          [
            -73.979932,
            40.760698
          ],
          [
            -73.9801746,
            40.7602936
          ]
        ]
      },
      "id": "way/819186626"
    },
    {
      "type": "Feature",
      "properties": {
        "@id": "way/819186627",
        "electrified": "rail",
        "frequency": "0",
        "gauge": "1435",
        "layer": "-2",
        "level": "-2",
        "name": "IND Sixth Avenue Line",
        "operator": "New York City Transit Authority",
        "railway": "subway",
        "railway:preferred_direction": "forward",
        "railway:track_ref": "2",
        "railway:track_ref:signals": "B2",
        "tunnel": "yes",
        "voltage": "625"
      },
      "geometry": {
        "type": "LineString",
        "coordinates": [
          [
            -73.9862421,
            40.7517421
          ],
          [
            -73.9849793,
            40.7534776
          ],
          [
            -73.9849069,
            40.753577
          ],
          [
            -73.9839099,
            40.7549473
          ],
          [
            -73.9835188,
            40.7554847
          ],
          [
            -73.982137,
            40.7573835
          ],
          [
            -73.9817925,
            40.7578569
          ],
          [
            -73.9807249,
            40.7593241
          ],
          [
            -73.980056,
            40.7602439
          ]
        ]
      },
      "id": "way/819186627"
    },
    {
      "type": "Feature",
      "properties": {
        "@id": "way/819186628",
        "electrified": "rail",
        "frequency": "0",
        "gauge": "1435",
        "layer": "-2",
        "level": "-2",
        "name": "IND 63rd Street Line",
        "operator": "New York City Transit Authority",
        "railway": "subway",
        "railway:preferred_direction": "forward",
        "railway:track_ref": "6",
        "railway:track_ref:signals": "B6",
        "tunnel": "yes",
        "voltage": "625"
      },
      "geometry": {
        "type": "LineString",
        "coordinates": [
          [
            -73.980056,
            40.7602439
          ],
          [
            -73.9798131,
            40.7606488
          ]
        ]
      },
      "id": "way/819186628"
    },
    {
      "type": "Feature",
      "properties": {
        "@id": "way/819186629",
        "electrified": "rail",
        "frequency": "0",
        "gauge": "1435",
        "layer": "-2",
        "level": "-2",
        "name": "IND Sixth Avenue Line",
        "operator": "New York City Transit Authority",
        "railway": "subway",
        "railway:preferred_direction": "forward",
        "railway:track_ref": "4",
        "railway:track_ref:signals": "B4",
        "tunnel": "yes",
        "voltage": "625"
      },
      "geometry": {
        "type": "LineString",
        "coordinates": [
          [
            -73.9863213,
            40.7517751
          ],
          [
            -73.9850599,
            40.7535086
          ],
          [
            -73.9849861,
            40.75361
          ],
          [
            -73.9839905,
            40.7549781
          ],
          [
            -73.9835983,
            40.7555171
          ],
          [
            -73.9822162,
            40.7574165
          ],
          [
            -73.9818719,
            40.7578897
          ],
          [
            -73.9808049,
            40.759356
          ],
          [
            -73.9801351,
            40.760277
          ]
        ]
      },
      "id": "way/819186629"
    },
    {
      "type": "Feature",
      "properties": {
        "@id": "way/819186630",
        "electrified": "rail",
        "frequency": "0",
        "gauge": "1435",
        "layer": "-3",
        "level": "-3",
        "name": "IND Sixth Avenue Line",
        "operator": "New York City Transit Authority",
        "railway": "subway",
        "railway:preferred_direction": "forward",
        "railway:track_ref": "4",
        "railway:track_ref:signals": "B4",
        "tunnel": "yes",
        "voltage": "625"
      },
      "geometry": {
        "type": "LineString",
        "coordinates": [
          [
            -73.9953821,
            40.7392757
          ],
          [
            -73.9932901,
            40.7421267
          ],
          [
            -73.9931169,
            40.7423626
          ],
          [
            -73.993062,
            40.7424373
          ],
          [
            -73.9927339,
            40.7428843
          ],
          [
            -73.9924244,
            40.743313
          ],
          [
            -73.9923545,
            40.7434098
          ],
          [
            -73.9922231,
            40.7435918
          ],
          [
            -73.9913298,
            40.7448292
          ],
          [
            -73.9903668,
            40.7461808
          ],
          [
            -73.9900154,
            40.746664
          ],
          [
            -73.9887226,
            40.7484619
          ],
          [
            -73.9884848,
            40.7487909
          ],
          [
            -73.9882328,
            40.7491386
          ],
          [
            -73.9877477,
            40.7498076
          ],
          [
            -73.9872521,
            40.7504922
          ],
          [
            -73.9869505,
            40.7509109
          ],
          [
            -73.9863213,
            40.7517751
          ]
        ]
      },
      "id": "way/819186630"
    },
    {
      "type": "Feature",
      "properties": {
        "@id": "way/819265227",
        "electrified": "rail",
        "frequency": "0",
        "gauge": "1435",
        "layer": "-1",
        "level": "-1",
        "name": "IRT Lexington Avenue Line",
        "operator": "New York City Transit Authority",
        "railway": "subway",
        "railway:preferred_direction": "forward",
        "railway:track_ref": "1",
        "railway:track_ref:signals": "MM4",
        "tunnel": "yes",
        "voltage": "625"
      },
      "geometry": {
        "type": "LineString",
        "coordinates": [
          [
            -73.9792735,
            40.7502383
          ],
          [
            -73.979608,
            40.7496369
          ]
        ]
      },
      "id": "way/819265227"
    },
    {
      "type": "Feature",
      "properties": {
        "@id": "way/821206637",
        "electrified": "rail",
        "frequency": "0",
        "gauge": "1435",
        "layer": "-1",
        "level": "-1",
        "name": "BMT Broadway Line",
        "operator": "New York City Transit Authority",
        "railway": "subway",
        "railway:preferred_direction": "forward",
        "railway:track_ref": "1",
        "railway:track_ref:signals": "A1",
        "tunnel": "yes",
        "voltage": "625"
      },
      "geometry": {
        "type": "LineString",
        "coordinates": [
          [
            -73.9815486,
            40.7635623
          ],
          [
            -73.9821797,
            40.7626858
          ]
        ]
      },
      "id": "way/821206637"
    },
    {
      "type": "Feature",
      "properties": {
        "@id": "way/821206638",
        "electrified": "rail",
        "frequency": "0",
        "gauge": "1435",
        "layer": "-1",
        "level": "-1",
        "name": "BMT Broadway Line",
        "operator": "New York City Transit Authority",
        "railway": "subway",
        "railway:preferred_direction": "forward",
        "railway:track_ref": "1",
        "railway:track_ref:signals": "A1",
        "tunnel": "yes",
        "voltage": "625"
      },
      "geometry": {
        "type": "LineString",
        "coordinates": [
          [
            -73.9821797,
            40.7626858
          ],
          [
            -73.9826543,
            40.7620268
          ]
        ]
      },
      "id": "way/821206638"
    },
    {
      "type": "Feature",
      "properties": {
        "@id": "way/821206639",
        "electrified": "rail",
        "frequency": "0",
        "gauge": "1435",
        "layer": "-1",
        "level": "-1",
        "name": "BMT Broadway Line",
        "operator": "New York City Transit Authority",
        "railway": "subway",
        "railway:preferred_direction": "forward",
        "railway:track_ref": "3",
        "railway:track_ref:signals": "A3",
        "tunnel": "yes",
        "voltage": "625"
      },
      "geometry": {
        "type": "LineString",
        "coordinates": [
          [
            -73.981509,
            40.7635459
          ],
          [
            -73.9821403,
            40.7626691
          ]
        ]
      },
      "id": "way/821206639"
    },
    {
      "type": "Feature",
      "properties": {
        "@id": "way/821206640",
        "electrified": "rail",
        "frequency": "0",
        "gauge": "1435",
        "layer": "-1",
        "level": "-1",
        "name": "BMT Broadway Line",
        "operator": "New York City Transit Authority",
        "railway": "subway",
        "railway:preferred_direction": "forward",
        "railway:track_ref": "3",
        "railway:track_ref:signals": "A3",
        "tunnel": "yes",
        "voltage": "625"
      },
      "geometry": {
        "type": "LineString",
        "coordinates": [
          [
            -73.9821403,
            40.7626691
          ],
          [
            -73.9826147,
            40.7620103
          ]
        ]
      },
      "id": "way/821206640"
    },
    {
      "type": "Feature",
      "properties": {
        "@id": "way/821206641",
        "electrified": "rail",
        "frequency": "0",
        "gauge": "1435",
        "layer": "-1",
        "level": "-1",
        "name": "BMT Broadway Line",
        "operator": "New York City Transit Authority",
        "railway": "subway",
        "railway:preferred_direction": "forward",
        "railway:track_ref": "4",
        "railway:track_ref:signals": "A4",
        "tunnel": "yes",
        "voltage": "625"
      },
      "geometry": {
        "type": "LineString",
        "coordinates": [
          [
            -73.9821008,
            40.7626525
          ],
          [
            -73.9814694,
            40.7635294
          ]
        ]
      },
      "id": "way/821206641"
    },
    {
      "type": "Feature",
      "properties": {
        "@id": "way/821206642",
        "electrified": "rail",
        "frequency": "0",
        "gauge": "1435",
        "layer": "-1",
        "level": "-1",
        "name": "BMT Broadway Line",
        "operator": "New York City Transit Authority",
        "railway": "subway",
        "railway:preferred_direction": "forward",
        "railway:track_ref": "4",
        "railway:track_ref:signals": "A4",
        "tunnel": "yes",
        "voltage": "625"
      },
      "geometry": {
        "type": "LineString",
        "coordinates": [
          [
            -73.9825751,
            40.7619938
          ],
          [
            -73.9821008,
            40.7626525
          ]
        ]
      },
      "id": "way/821206642"
    },
    {
      "type": "Feature",
      "properties": {
        "@id": "way/821206643",
        "electrified": "rail",
        "frequency": "0",
        "gauge": "1435",
        "layer": "-1",
        "level": "-1",
        "name": "BMT Broadway Line",
        "operator": "New York City Transit Authority",
        "railway": "subway",
        "railway:preferred_direction": "forward",
        "railway:track_ref": "2",
        "railway:track_ref:signals": "A2",
        "tunnel": "yes",
        "voltage": "625"
      },
      "geometry": {
        "type": "LineString",
        "coordinates": [
          [
            -73.9820614,
            40.7626358
          ],
          [
            -73.9814298,
            40.7635129
          ]
        ]
      },
      "id": "way/821206643"
    },
    {
      "type": "Feature",
      "properties": {
        "@id": "way/821206644",
        "electrified": "rail",
        "frequency": "0",
        "gauge": "1435",
        "layer": "-1",
        "level": "-1",
        "name": "BMT Broadway Line",
        "operator": "New York City Transit Authority",
        "railway": "subway",
        "railway:preferred_direction": "forward",
        "railway:track_ref": "2",
        "railway:track_ref:signals": "A2",
        "tunnel": "yes",
        "voltage": "625"
      },
      "geometry": {
        "type": "LineString",
        "coordinates": [
          [
            -73.9825355,
            40.7619773
          ],
          [
            -73.9820614,
            40.7626358
          ]
        ]
      },
      "id": "way/821206644"
    },
    {
      "type": "Feature",
      "properties": {
        "@id": "way/821206645",
        "electrified": "rail",
        "frequency": "0",
        "gauge": "1435",
        "layer": "-1",
        "level": "-1",
        "operator": "New York City Transit Authority",
        "railway": "subway",
        "railway:preferred_direction": "forward",
        "service": "crossover",
        "tunnel": "yes",
        "voltage": "625"
      },
      "geometry": {
        "type": "LineString",
        "coordinates": [
          [
            -73.9825355,
            40.7619773
          ],
          [
            -73.9823182,
            40.7623148
          ],
          [
            -73.9821008,
            40.7626525
          ]
        ]
      },
      "id": "way/821206645"
    },
    {
      "type": "Feature",
      "properties": {
        "@id": "way/821206646",
        "electrified": "rail",
        "frequency": "0",
        "gauge": "1435",
        "layer": "-1",
        "level": "-1",
        "operator": "New York City Transit Authority",
        "railway": "subway",
        "railway:preferred_direction": "forward",
        "service": "crossover",
        "tunnel": "yes",
        "voltage": "625"
      },
      "geometry": {
        "type": "LineString",
        "coordinates": [
          [
            -73.9825751,
            40.7619938
          ],
          [
            -73.9823182,
            40.7623148
          ],
          [
            -73.9820614,
            40.7626358
          ]
        ]
      },
      "id": "way/821206646"
    },
    {
      "type": "Feature",
      "properties": {
        "@id": "way/821206647",
        "electrified": "rail",
        "frequency": "0",
        "gauge": "1435",
        "layer": "-1",
        "level": "-1",
        "operator": "New York City Transit Authority",
        "railway": "subway",
        "railway:preferred_direction": "forward",
        "service": "crossover",
        "tunnel": "yes",
        "voltage": "625"
      },
      "geometry": {
        "type": "LineString",
        "coordinates": [
          [
            -73.9821797,
            40.7626858
          ],
          [
            -73.9823973,
            40.762348
          ],
          [
            -73.9826147,
            40.7620103
          ]
        ]
      },
      "id": "way/821206647"
    },
    {
      "type": "Feature",
      "properties": {
        "@id": "way/821206648",
        "electrified": "rail",
        "frequency": "0",
        "gauge": "1435",
        "layer": "-1",
        "level": "-1",
        "operator": "New York City Transit Authority",
        "railway": "subway",
        "railway:preferred_direction": "forward",
        "service": "crossover",
        "tunnel": "yes",
        "voltage": "625"
      },
      "geometry": {
        "type": "LineString",
        "coordinates": [
          [
            -73.9821403,
            40.7626691
          ],
          [
            -73.9823973,
            40.762348
          ],
          [
            -73.9826543,
            40.7620268
          ]
        ]
      },
      "id": "way/821206648"
    },
    {
      "type": "Feature",
      "properties": {
        "@id": "way/821671622",
        "electrified": "rail",
        "frequency": "0",
        "gauge": "1435",
        "layer": "-1",
        "level": "-1",
        "name": "IRT 42nd Street Line",
        "operator": "New York City Transit Authority",
        "railway": "subway",
        "railway:bidirectional": "regular",
        "railway:preferred_direction": "both",
        "railway:track_ref": "4",
        "railway:track_ref:signals": "MM3S",
        "tunnel": "yes",
        "voltage": "625"
      },
      "geometry": {
        "type": "LineString",
        "coordinates": [
          [
            -73.9823537,
            40.7541657
          ],
          [
            -73.9808768,
            40.7535417
          ],
          [
            -73.980252,
            40.7533199
          ],
          [
            -73.9794919,
            40.7529987
          ],
          [
            -73.9782906,
            40.7524888
          ]
        ]
      },
      "id": "way/821671622"
    },
    {
      "type": "Feature",
      "properties": {
        "@id": "way/821671625",
        "electrified": "rail",
        "frequency": "0",
        "gauge": "1435",
        "layer": "-1",
        "level": "-1",
        "name": "IRT 42nd Street Line",
        "operator": "New York City Transit Authority",
        "railway": "subway",
        "railway:bidirectional": "regular",
        "railway:preferred_direction": "both",
        "railway:track_ref": "1",
        "railway:track_ref:signals": "MM4S",
        "tunnel": "yes",
        "voltage": "625"
      },
      "geometry": {
        "type": "LineString",
        "coordinates": [
          [
            -73.9824221,
            40.7540769
          ],
          [
            -73.9814395,
            40.7536617
          ],
          [
            -73.9809459,
            40.7534531
          ],
          [
            -73.9803683,
            40.7531687
          ],
          [
            -73.979607,
            40.752847
          ],
          [
            -73.978445,
            40.7523534
          ]
        ]
      },
      "id": "way/821671625"
    },
    {
      "type": "Feature",
      "properties": {
        "@id": "way/823180890",
        "electrified": "rail",
        "frequency": "0",
        "gauge": "1435",
        "layer": "-2",
        "level": "-2",
        "name": "IND Queens Boulevard Line",
        "operator": "New York City Transit Authority",
        "railway": "subway",
        "railway:cbtc": "yes",
        "railway:preferred_direction": "forward",
        "railway:track_ref": "3",
        "railway:track_ref:signals": "D3",
        "tunnel": "yes",
        "voltage": "625"
      },
      "geometry": {
        "type": "LineString",
        "coordinates": [
          [
            -73.9439946,
            40.7474762
          ],
          [
            -73.9446246,
            40.7475986
          ],
          [
            -73.9468637,
            40.7480335
          ],
          [
            -73.9500286,
            40.7486483
          ],
          [
            -73.9546043,
            40.749537
          ],
          [
            -73.9549015,
            40.7496161
          ],
          [
            -73.955179,
            40.7497291
          ],
          [
            -73.9554299,
            40.7498733
          ]
        ]
      },
      "id": "way/823180890"
    },
    {
      "type": "Feature",
      "properties": {
        "@id": "way/823180891",
        "electrified": "rail",
        "frequency": "0",
        "gauge": "1435",
        "layer": "-2",
        "level": "-2",
        "name": "IND Queens Boulevard Line",
        "operator": "New York City Transit Authority",
        "railway": "subway",
        "railway:cbtc": "yes",
        "railway:preferred_direction": "forward",
        "railway:track_ref": "4",
        "railway:track_ref:signals": "D4",
        "tunnel": "yes",
        "voltage": "625"
      },
      "geometry": {
        "type": "LineString",
        "coordinates": [
          [
            -73.9554792,
            40.7498333
          ],
          [
            -73.9552136,
            40.7496905
          ],
          [
            -73.9549245,
            40.749579
          ],
          [
            -73.9546152,
            40.7495049
          ],
          [
            -73.9500398,
            40.7486152
          ],
          [
            -73.944637,
            40.7475657
          ],
          [
            -73.9440073,
            40.7474434
          ]
        ]
      },
      "id": "way/823180891"
    },
    {
      "type": "Feature",
      "properties": {
        "@id": "way/823979087",
        "electrified": "rail",
        "frequency": "0",
        "gauge": "1435",
        "layer": "-2",
        "level": "-2",
        "name": "IRT Broadway–Seventh Avenue Line",
        "operator": "New York City Transit Authority",
        "railway": "subway",
        "railway:preferred_direction": "forward",
        "railway:track_ref": "2",
        "railway:track_ref:signals": "B2",
        "tunnel": "yes",
        "voltage": "625"
      },
      "geometry": {
        "type": "LineString",
        "coordinates": [
          [
            -73.9854037,
            40.7585386
          ],
          [
            -73.98563,
            40.7580289
          ],
          [
            -73.9858416,
            40.7576458
          ],
          [
            -73.9863305,
            40.7569363
          ]
        ]
      },
      "id": "way/823979087"
    },
    {
      "type": "Feature",
      "properties": {
        "@id": "way/823979088",
        "electrified": "rail",
        "frequency": "0",
        "gauge": "1435",
        "layer": "-2",
        "level": "-2",
        "name": "IRT Broadway–Seventh Avenue Line",
        "operator": "New York City Transit Authority",
        "railway": "subway",
        "railway:preferred_direction": "forward",
        "railway:track_ref": "3",
        "railway:track_ref:signals": "B1",
        "tunnel": "yes",
        "voltage": "625"
      },
      "geometry": {
        "type": "LineString",
        "coordinates": [
          [
            -73.9862895,
            40.7569212
          ],
          [
            -73.9858019,
            40.7576313
          ],
          [
            -73.9855889,
            40.7580168
          ],
          [
            -73.9853616,
            40.758529
          ]
        ]
      },
      "id": "way/823979088"
    },
    {
      "type": "Feature",
      "properties": {
        "@id": "way/823979089",
        "electrified": "rail",
        "frequency": "0",
        "gauge": "1435",
        "layer": "-2",
        "level": "-2",
        "name": "IRT Broadway–Seventh Avenue Line",
        "operator": "New York City Transit Authority",
        "railway": "subway",
        "railway:preferred_direction": "forward",
        "railway:track_ref": "1",
        "railway:track_ref:signals": "B4",
        "tunnel": "yes",
        "voltage": "625"
      },
      "geometry": {
        "type": "LineString",
        "coordinates": [
          [
            -73.9854458,
            40.7585482
          ],
          [
            -73.985671,
            40.758041
          ],
          [
            -73.9858812,
            40.7576602
          ],
          [
            -73.9863714,
            40.7569514
          ]
        ]
      },
      "id": "way/823979089"
    },
    {
      "type": "Feature",
      "properties": {
        "@id": "way/823979090",
        "electrified": "rail",
        "frequency": "0",
        "gauge": "1435",
        "layer": "-2",
        "level": "-2",
        "name": "IRT Broadway–Seventh Avenue Line",
        "operator": "New York City Transit Authority",
        "railway": "subway",
        "railway:preferred_direction": "forward",
        "railway:track_ref": "4",
        "railway:track_ref:signals": "V3",
        "tunnel": "yes",
        "voltage": "625"
      },
      "geometry": {
        "type": "LineString",
        "coordinates": [
          [
            -73.9863307,
            40.7567861
          ],
          [
            -73.9862486,
            40.7569061
          ]
        ]
      },
      "id": "way/823979090"
    },
    {
      "type": "Feature",
      "properties": {
        "@id": "way/903239816",
        "layer": "-4",
        "operator": "New York City Transit Authority",
        "railway": "subway",
        "service": "crossover",
        "tunnel": "yes"
      },
      "geometry": {
        "type": "LineString",
        "coordinates": [
          [
            -73.9861865,
            40.7548974
          ],
          [
            -73.9863352,
            40.7549395
          ],
          [
            -73.98654,
            40.7549975
          ]
        ]
      },
      "id": "way/903239816"
    },
    {
      "type": "Feature",
      "properties": {
        "@id": "way/903239817",
        "layer": "-4",
        "operator": "New York City Transit Authority",
        "railway": "subway",
        "service": "crossover",
        "tunnel": "yes"
      },
      "geometry": {
        "type": "LineString",
        "coordinates": [
          [
            -73.9864405,
            40.7550073
          ],
          [
            -73.9863352,
            40.7549395
          ],
          [
            -73.9862127,
            40.7548611
          ]
        ]
      },
      "id": "way/903239817"
    },
    {
      "type": "Feature",
      "properties": {
        "@id": "way/983084654",
        "electrified": "rail",
        "frequency": "0",
        "gauge": "1435",
        "layer": "-1",
        "level": "-1",
        "name": "IRT 42nd Street Line",
        "operator": "New York City Transit Authority",
        "railway": "subway",
        "railway:bidirectional": "regular",
        "railway:preferred_direction": "both",
        "railway:track_ref": "4",
        "railway:track_ref:signals": "MM3S",
        "tunnel": "yes",
        "voltage": "625"
      },
      "geometry": {
        "type": "LineString",
        "coordinates": [
          [
            -73.9859078,
            40.7556963
          ],
          [
            -73.9857857,
            40.7556228
          ],
          [
            -73.9856537,
            40.7555599
          ],
          [
            -73.984939,
            40.755258
          ],
          [
            -73.984066,
            40.7548891
          ],
          [
            -73.9823537,
            40.7541657
          ]
        ]
      },
      "id": "way/983084654"
    },
    {
      "type": "Feature",
      "properties": {
        "@id": "way/1132071591",
        "electrified": "rail",
        "frequency": "0",
        "gauge": "1435",
        "layer": "-4",
        "level": "-5",
        "maxspeed": "60 mph",
        "name": "Grand Central Branch",
        "operator": "Long Island Rail Road",
        "operator:wikidata": "Q125943",
        "railway": "rail",
        "railway:acses": "yes",
        "railway:atc": "yes",
        "railway:ctc": "yes",
        "railway:ptc": "yes",
        "railway:track_ref": "2",
        "tunnel": "yes",
        "usage": "main",
        "voltage": "750"
      },
      "geometry": {
        "type": "LineString",
        "coordinates": [
          [
            -73.9477887,
            40.7567007
          ],
          [
            -73.9473388,
            40.7564795
          ],
          [
            -73.9471639,
            40.7563913
          ],
          [
            -73.9420106,
            40.7537589
          ],
          [
            -73.9416288,
            40.7535617
          ],
          [
            -73.9412496,
            40.7533618
          ],
          [
            -73.937491,
            40.7513591
          ],
          [
            -73.9368867,
            40.751037
          ],
          [
            -73.9363084,
            40.7507289
          ]
        ]
      },
      "id": "way/1132071591"
    },
    {
      "type": "Feature",
      "properties": {
        "@id": "way/1132077479",
        "electrified": "rail",
        "frequency": "0",
        "gauge": "1435",
        "layer": "-4",
        "level": "-5",
        "name": "Grand Central Branch",
        "operator": "Long Island Rail Road",
        "operator:wikidata": "Q125943",
        "railway": "rail",
        "railway:acses": "yes",
        "railway:atc": "yes",
        "railway:ctc": "yes",
        "railway:ptc": "yes",
        "railway:track_ref": "621",
        "service": "crossover",
        "tunnel": "yes",
        "voltage": "750"
      },
      "geometry": {
        "type": "LineString",
        "coordinates": [
          [
            -73.9572522,
            40.760913
          ],
          [
            -73.9578972,
            40.7611623
          ],
          [
            -73.9590647,
            40.7616138
          ]
        ]
      },
      "id": "way/1132077479"
    },
    {
      "type": "Feature",
      "properties": {
        "@id": "way/1132077480",
        "electrified": "rail",
        "frequency": "0",
        "gauge": "1435",
        "layer": "-4",
        "level": "-5",
        "name": "Grand Central Branch",
        "operator": "Long Island Rail Road",
        "operator:wikidata": "Q125943",
        "railway": "rail",
        "railway:acses": "yes",
        "railway:atc": "yes",
        "railway:ctc": "yes",
        "railway:ptc": "yes",
        "railway:track_ref": "612",
        "service": "crossover",
        "tunnel": "yes",
        "voltage": "750"
      },
      "geometry": {
        "type": "LineString",
        "coordinates": [
          [
            -73.9572791,
            40.7608759
          ],
          [
            -73.9578972,
            40.7611623
          ],
          [
            -73.9590159,
            40.7616807
          ]
        ]
      },
      "id": "way/1132077480"
    },
    {
      "type": "Feature",
      "properties": {
        "@id": "way/1160622345",
        "electrified": "rail",
        "frequency": "0",
        "gauge": "1435",
        "layer": "-4",
        "level": "-5",
        "maxspeed": "60 mph",
        "name": "Grand Central Branch",
        "operator": "Long Island Rail Road",
        "operator:wikidata": "Q125943",
        "railway": "rail",
        "railway:acses": "yes",
        "railway:atc": "yes",
        "railway:ctc": "yes",
        "railway:ptc": "yes",
        "railway:track_ref": "2",
        "tunnel": "yes",
        "usage": "main",
        "voltage": "750"
      },
      "geometry": {
        "type": "LineString",
        "coordinates": [
          [
            -73.9590647,
            40.7616138
          ],
          [
            -73.9574655,
            40.7609573
          ],
          [
            -73.9572791,
            40.7608759
          ]
        ]
      },
      "id": "way/1160622345"
    },
    {
      "type": "Feature",
      "properties": {
        "@id": "way/1160622346",
        "electrified": "rail",
        "frequency": "0",
        "gauge": "1435",
        "layer": "-4",
        "level": "-5",
        "maxspeed": "60 mph",
        "name": "Grand Central Branch",
        "operator": "Long Island Rail Road",
        "operator:wikidata": "Q125943",
        "railway": "rail",
        "railway:acses": "yes",
        "railway:atc": "yes",
        "railway:ctc": "yes",
        "railway:ptc": "yes",
        "railway:track_ref": "1",
        "tunnel": "yes",
        "usage": "main",
        "voltage": "750"
      },
      "geometry": {
        "type": "LineString",
        "coordinates": [
          [
            -73.9572522,
            40.760913
          ],
          [
            -73.9579627,
            40.7612256
          ],
          [
            -73.9584355,
            40.7614312
          ],
          [
            -73.9590159,
            40.7616807
          ]
        ]
      },
      "id": "way/1160622346"
    },
    {
      "type": "Feature",
      "properties": {
        "@id": "way/1161406088",
        "electrified": "rail",
        "frequency": "0",
        "gauge": "1435",
        "layer": "-5",
        "level": "-4;-5",
        "maxspeed": "45 mph",
        "name": "Grand Central Branch",
        "operator": "Long Island Rail Road",
        "operator:wikidata": "Q125943",
        "railway": "rail",
        "railway:track_ref": "3",
        "tunnel": "yes",
        "usage": "main",
        "voltage": "750",
        "wikidata": "Q937694",
        "wikipedia": "en:East Side Access"
      },
      "geometry": {
        "type": "LineString",
        "coordinates": [
          [
            -73.9702227,
            40.7618836
          ],
          [
            -73.9701688,
            40.7619054
          ],
          [
            -73.9701145,
            40.7619265
          ],
          [
            -73.9700045,
            40.7619668
          ],
          [
            -73.9698372,
            40.7620234
          ],
          [
            -73.9696683,
            40.7620772
          ],
          [
            -73.9680768,
            40.7625755
          ],
          [
            -73.9679475,
            40.7626239
          ]
        ]
      },
      "id": "way/1161406088"
    },
    {
      "type": "Feature",
      "properties": {
        "@id": "way/1161406089",
        "electrified": "rail",
        "frequency": "0",
        "gauge": "1435",
        "layer": "-5",
        "level": "-5",
        "maxspeed": "45 mph",
        "name": "Grand Central Branch",
        "operator": "Long Island Rail Road",
        "operator:wikidata": "Q125943",
        "railway": "rail",
        "railway:track_ref": "1",
        "tunnel": "yes",
        "usage": "main",
        "voltage": "750",
        "wikidata": "Q937694",
        "wikipedia": "en:East Side Access"
      },
      "geometry": {
        "type": "LineString",
        "coordinates": [
          [
            -73.9701778,
            40.7617766
          ],
          [
            -73.9699949,
            40.7618548
          ],
          [
            -73.9698707,
            40.7619037
          ],
          [
            -73.9696828,
            40.7619747
          ],
          [
            -73.9679475,
            40.7626239
          ]
        ]
      },
      "id": "way/1161406089"
    },
    {
      "type": "Feature",
      "properties": {
        "@id": "way/1161406090",
        "electrified": "rail",
        "frequency": "0",
        "gauge": "1435",
        "layer": "-5",
        "level": "-5",
        "maxspeed": "45 mph",
        "name": "Grand Central Branch",
        "operator": "Long Island Rail Road",
        "operator:wikidata": "Q125943",
        "railway": "rail",
        "railway:track_ref": "2",
        "tunnel": "yes",
        "usage": "main",
        "voltage": "750",
        "wikidata": "Q937694",
        "wikipedia": "en:East Side Access"
      },
      "geometry": {
        "type": "LineString",
        "coordinates": [
          [
            -73.9700101,
            40.761617
          ],
          [
            -73.969902,
            40.7616601
          ],
          [
            -73.9678353,
            40.762468
          ]
        ]
      },
      "id": "way/1161406090"
    },
    {
      "type": "Feature",
      "properties": {
        "@id": "way/1161406091",
        "electrified": "rail",
        "frequency": "0",
        "gauge": "1435",
        "layer": "-5",
        "level": "-4;-5",
        "maxspeed": "45 mph",
        "name": "Grand Central Branch",
        "operator": "Long Island Rail Road",
        "operator:wikidata": "Q125943",
        "railway": "rail",
        "railway:track_ref": "4",
        "tunnel": "yes",
        "usage": "main",
        "voltage": "750",
        "wikidata": "Q937694",
        "wikipedia": "en:East Side Access"
      },
      "geometry": {
        "type": "LineString",
        "coordinates": [
          [
            -73.9699596,
            40.7615051
          ],
          [
            -73.9679636,
            40.7624178
          ],
          [
            -73.9678353,
            40.762468
          ]
        ]
      },
      "id": "way/1161406091"
    },
    {
      "type": "Feature",
      "properties": {
        "@id": "way/1161406092",
        "electrified": "rail",
        "frequency": "0",
        "gauge": "1435",
        "layer": "-5",
        "level": "-5",
        "maxspeed": "15 mph",
        "name": "Grand Central Branch",
        "operator": "Long Island Rail Road",
        "operator:wikidata": "Q125943",
        "railway": "rail",
        "railway:track_ref": "2",
        "tunnel": "yes",
        "usage": "main",
        "voltage": "750",
        "wikidata": "Q937694",
        "wikipedia": "en:East Side Access"
      },
      "geometry": {
        "type": "LineString",
        "coordinates": [
          [
            -73.9730285,
            40.7584476
          ],
          [
            -73.9727705,
            40.7587516
          ],
          [
            -73.9726547,
            40.7588947
          ],
          [
            -73.9725431,
            40.7590398
          ]
        ]
      },
      "id": "way/1161406092"
    },
    {
      "type": "Feature",
      "properties": {
        "@id": "way/1161406093",
        "electrified": "rail",
        "frequency": "0",
        "gauge": "1435",
        "layer": "-5",
        "level": "-5",
        "maxspeed": "15 mph",
        "name": "Grand Central Branch",
        "operator": "Long Island Rail Road",
        "operator:wikidata": "Q125943",
        "railway": "rail",
        "railway:track_ref": "1",
        "tunnel": "yes",
        "usage": "main",
        "voltage": "750",
        "wikidata": "Q937694",
        "wikipedia": "en:East Side Access"
      },
      "geometry": {
        "type": "LineString",
        "coordinates": [
          [
            -73.9730822,
            40.7584696
          ],
          [
            -73.9726776,
            40.759068
          ]
        ]
      },
      "id": "way/1161406093"
    },
    {
      "type": "Feature",
      "properties": {
        "@id": "way/1161799611",
        "electrified": "rail",
        "frequency": "0",
        "gauge": "1435",
        "layer": "-2",
        "level": "-2",
        "name": "BMT Broadway Line",
        "operator": "New York City Transit Authority",
        "railway": "subway",
        "railway:preferred_direction": "forward",
        "railway:track_ref": "1",
        "railway:track_ref:signals": "A1",
        "tunnel": "yes",
        "voltage": "625"
      },
      "geometry": {
        "type": "LineString",
        "coordinates": [
          [
            -73.9797674,
            40.766024
          ],
          [
            -73.9799952,
            40.7656177
          ]
        ]
      },
      "id": "way/1161799611"
    },
    {
      "type": "Feature",
      "properties": {
        "@id": "way/1161799612",
        "electrified": "rail",
        "frequency": "0",
        "gauge": "1435",
        "layer": "-2",
        "level": "-2",
        "name": "BMT Broadway Line",
        "operator": "New York City Transit Authority",
        "railway": "subway",
        "railway:preferred_direction": "forward",
        "railway:track_ref": "2",
        "railway:track_ref:signals": "A2",
        "tunnel": "yes",
        "voltage": "625"
      },
      "geometry": {
        "type": "LineString",
        "coordinates": [
          [
            -73.9799553,
            40.7656015
          ],
          [
            -73.9796253,
            40.7659702
          ]
        ]
      },
      "id": "way/1161799612"
    },
    {
      "type": "Feature",
      "properties": {
        "@id": "way/1341952365",
        "electrified": "rail",
        "frequency": "0",
        "gauge": "1435",
        "layer": "-4",
        "level": "-4",
        "operator": "New York City Transit Authority",
        "railway": "subway",
        "railway:preferred_direction": "forward",
        "railway:track_ref": "3",
        "railway:track_ref:signals": "G3",
        "tunnel": "yes",
        "voltage": "625"
      },
      "geometry": {
        "type": "LineString",
        "coordinates": [
          [
            -73.9687722,
            40.7657298
          ],
          [
            -73.9688607,
            40.7657902
          ],
          [
            -73.9689552,
            40.7658535
          ]
        ]
      },
      "id": "way/1341952365"
    },
    {
      "type": "Feature",
      "properties": {
        "@id": "way/1341952366",
        "electrified": "rail",
        "frequency": "0",
        "gauge": "1435",
        "layer": "-4",
        "level": "-4",
        "operator": "New York City Transit Authority",
        "railway": "subway",
        "railway:preferred_direction": "forward",
        "railway:track_ref": "3",
        "railway:track_ref:signals": "G3",
        "tunnel": "yes",
        "voltage": "625"
      },
      "geometry": {
        "type": "LineString",
        "coordinates": [
          [
            -73.9687403,
            40.7657638
          ],
          [
            -73.9688607,
            40.7657902
          ],
          [
            -73.968978,
            40.7658147
          ]
        ]
      },
      "id": "way/1341952366"
    },
    {
      "type": "Feature",
      "properties": {
        "@id": "way/1341952367",
        "electrified": "rail",
        "frequency": "0",
        "gauge": "1435",
        "layer": "-5",
        "level": "-5",
        "operator": "New York City Transit Authority",
        "railway": "subway",
        "railway:preferred_direction": "forward",
        "railway:track_ref": "4",
        "railway:track_ref:signals": "G4",
        "tunnel": "yes",
        "voltage": "625"
      },
      "geometry": {
        "type": "LineString",
        "coordinates": [
          [
            -73.9687732,
            40.7657289
          ],
          [
            -73.9688615,
            40.76579
          ],
          [
            -73.9689553,
            40.7658549
          ]
        ]
      },
      "id": "way/1341952367"
    },
    {
      "type": "Feature",
      "properties": {
        "@id": "way/1341952368",
        "electrified": "rail",
        "frequency": "0",
        "gauge": "1435",
        "layer": "-5",
        "level": "-5",
        "operator": "New York City Transit Authority",
        "railway": "subway",
        "railway:preferred_direction": "forward",
        "railway:track_ref": "4",
        "railway:track_ref:signals": "G4",
        "tunnel": "yes",
        "voltage": "625"
      },
      "geometry": {
        "type": "LineString",
        "coordinates": [
          [
            -73.968978,
            40.765814
          ],
          [
            -73.9688615,
            40.76579
          ],
          [
            -73.968738,
            40.7657639
          ]
        ]
      },
      "id": "way/1341952368"
    },
    {
      "type": "Feature",
      "properties": {
        "@id": "way/1454933039",
        "electrified": "rail",
        "frequency": "0",
        "gauge": "1435",
        "layer": "-2",
        "level": "-2",
        "name": "IND Queens Boulevard Line",
        "operator": "New York City Transit Authority",
        "railway": "subway",
        "railway:preferred_direction": "forward",
        "railway:track_ref": "4",
        "railway:track_ref:signals": "D4",
        "tunnel": "yes",
        "voltage": "625"
      },
      "geometry": {
        "type": "LineString",
        "coordinates": [
          [
            -73.9871587,
            40.7607365
          ],
          [
            -73.9868554,
            40.7611521
          ],
          [
            -73.9866196,
            40.7614791
          ],
          [
            -73.9865495,
            40.7615865
          ],
          [
            -73.9864677,
            40.7617079
          ],
          [
            -73.9863436,
            40.7618984
          ],
          [
            -73.9858414,
            40.7626836
          ]
        ]
      },
      "id": "way/1454933039"
    },
    {
      "type": "Feature",
      "properties": {
        "@id": "way/1455571162",
        "electrified": "rail",
        "frequency": "0",
        "gauge": "1435",
        "layer": "-1",
        "maxspeed": "10 mph",
        "maxspeed:freight": "10 mph",
        "name": "Grand Central Terminal",
        "old_railway_operator": "NYC",
        "operator": "Metro-North Railroad",
        "operator:wikidata": "Q125908",
        "owner": "Metropolitan Transportation Authority",
        "railway": "rail",
        "railway:atc": "no",
        "railway:ctc": "no",
        "railway:preferred_direction": "both",
        "railway:ptc": "no",
        "railway:track_class": "1",
        "railway:track_ref": "3",
        "ref": "GCT",
        "tunnel": "yes",
        "tunnel:name": "Park Avenue Tunnel",
        "tunnel:wikidata": "Q7137638",
        "tunnel:wikipedia": "en:Park Avenue Tunnel (railroad)",
        "usage": "main",
        "voltage": "700"
      },
      "geometry": {
        "type": "LineString",
        "coordinates": [
          [
            -73.9700138,
            40.7625241
          ],
          [
            -73.9687204,
            40.7642974
          ]
        ]
      },
      "id": "way/1455571162"
    },
    {
      "type": "Feature",
      "properties": {
        "@id": "node/276319527",
        "level": "2",
        "name": "Court Square",
        "network": "NYC Subway",
        "opening_hours": "24/7",
        "operator": "New York City Transit Authority",
        "public_transport": "station",
        "railway": "station",
        "railway:ref": "462",
        "short_name": "Court Sq",
        "station": "subway",
        "subway": "yes",
        "wheelchair": "yes",
        "wikidata": "Q2611918",
        "wikipedia": "en:Court Square–23rd Street station"
      },
      "geometry": {
        "type": "Point",
        "coordinates": [
          -73.9454525,
          40.7464555
        ]
      },
      "id": "node/276319527"
    },
    {
      "type": "Feature",
      "properties": {
        "@id": "node/591997635",
        "departures_board": "realtime",
        "departures_board:speech_output": "no",
        "gtfs_stop_code": "724",
        "level": "-4",
        "name": "5th Avenue",
        "name:ko": "5번 애비뉴",
        "network": "NYC Subway",
        "network:wikidata": "Q7733",
        "opening_hours": "24/7",
        "operator": "New York City Transit Authority",
        "operator:wikidata": "Q1146109",
        "owner": "City of New York",
        "owner:wikidata": "Q60",
        "public_transport": "station",
        "railway": "station",
        "railway:ref": "466",
        "short_name": "5 Av",
        "station": "subway",
        "subway": "yes",
        "wheelchair": "no",
        "wikidata": "Q2982388",
        "wikipedia": "en:42nd Street–Bryant Park/Fifth Avenue station"
      },
      "geometry": {
        "type": "Point",
        "coordinates": [
          -73.9819002,
          40.7537434
        ]
      },
      "id": "node/591997635"
    },
    {
      "type": "Feature",
      "properties": {
        "@id": "node/591997657",
        "departures_board": "realtime",
        "departures_board:speech_output": "no",
        "gtfs_stop_code": "631",
        "level": "-2",
        "name": "Grand Central–42nd Street",
        "name:ko": "그랜드 센트럴-42번가",
        "network": "NYC Subway",
        "network:wikidata": "Q7733",
        "opening_hours": "24/7",
        "operator": "New York City Transit Authority",
        "operator:wikidata": "Q1146109",
        "owner": "City of New York",
        "owner:wikidata": "Q60",
        "payment:omny": "yes",
        "public_transport": "station",
        "railway": "station",
        "railway:ref": "402",
        "short_name": "Grand Central–42 St",
        "station": "subway",
        "subway": "yes",
        "wheelchair": "yes",
        "wikidata": "Q2982151",
        "wikipedia": "en:Grand Central–42nd Street station"
      },
      "geometry": {
        "type": "Point",
        "coordinates": [
          -73.9768249,
          40.7517716
        ]
      },
      "id": "node/591997657"
    },
    {
      "type": "Feature",
      "properties": {
        "@id": "node/591998702",
        "level": "-2",
        "name": "5th Avenue–59th Street",
        "name:ko": "5번 애비뉴-59번가",
        "network": "NYC Subway",
        "network:wikidata": "Q7733",
        "opening_hours": "24/7",
        "operator": "New York City Transit Authority",
        "operator:wikidata": "Q1146109",
        "owner": "City of New York",
        "owner:wikidata": "Q60",
        "public_transport": "station",
        "railway": "station",
        "railway:ref": "8",
        "short_name": "5 Av–59 St",
        "station": "subway",
        "subway": "yes",
        "wheelchair": "no",
        "wikidata": "Q2159540",
        "wikipedia": "en:Fifth Avenue–59th Street station"
      },
      "geometry": {
        "type": "Point",
        "coordinates": [
          -73.9726747,
          40.7648269
        ]
      },
      "id": "node/591998702"
    },
    {
      "type": "Feature",
      "properties": {
        "@id": "node/597928315",
        "gtfs_stop_code": "B08",
        "level": "-5;-4",
        "name": "Lexington Avenue–63rd Street",
        "name:es": "Avenida Lexington–Calle 63",
        "name:ko": "렉싱턴 애비뉴-63번가",
        "network": "NYC Subway",
        "network:wikidata": "Q7733",
        "opening_hours": "24/7",
        "operator": "New York City Transit Authority",
        "operator:wikidata": "Q1146109",
        "owner": "City of New York",
        "owner:wikidata": "Q60",
        "public_transport": "station",
        "railway": "station",
        "railway:ref": "223",
        "short_name": "Lexington Av–63 St",
        "station": "subway",
        "subway": "yes",
        "wheelchair": "yes",
        "wikidata": "Q2585850",
        "wikipedia": "en:Lexington Avenue–63rd Street station"
      },
      "geometry": {
        "type": "Point",
        "coordinates": [
          -73.966113,
          40.764629
        ]
      },
      "id": "node/597928315"
    },
    {
      "type": "Feature",
      "properties": {
        "@id": "node/597928316",
        "gtfs_stop_code": "D16",
        "level": "-2",
        "name": "42nd Street–Bryant Park",
        "name:ko": "42번가-브라이언트 파크",
        "network": "NYC Subway",
        "network:wikidata": "Q7733",
        "opening_hours": "24/7",
        "operator": "New York City Transit Authority",
        "operator:wikidata": "Q1146109",
        "owner": "City of New York",
        "owner:wikidata": "Q60",
        "public_transport": "station",
        "railway": "station",
        "railway:ref": "226",
        "short_name": "42 St–Bryant Pk",
        "start_date": "1940",
        "station": "subway",
        "subway": "yes",
        "wheelchair": "no",
        "wikidata": "Q2982388",
        "wikipedia": "en:42nd Street–Bryant Park/Fifth Avenue station"
      },
      "geometry": {
        "type": "Point",
        "coordinates": [
          -73.9845689,
          40.754222
        ]
      },
      "id": "node/597928316"
    },
    {
      "type": "Feature",
      "properties": {
        "@id": "node/597928318",
        "level": "-2",
        "name": "Lexington Avenue–59th Street",
        "name:ko": "렉싱턴 애비뉴-59번가",
        "network": "NYC Subway",
        "network:wikidata": "Q7733",
        "opening_hours": "24/7",
        "operator": "New York City Transit Authority",
        "operator:wikidata": "Q1146109",
        "owner": "City of New York",
        "owner:wikidata": "Q60",
        "public_transport": "station",
        "railway": "station",
        "railway:ref": "7",
        "short_name": "Lexington Av–59 St",
        "station": "subway",
        "subway": "yes",
        "wheelchair": "no",
        "wikidata": "Q870982",
        "wikipedia": "en:Lexington Avenue/59th Street station"
      },
      "geometry": {
        "type": "Point",
        "coordinates": [
          -73.9674728,
          40.7627515
        ]
      },
      "id": "node/597928318"
    },
    {
      "type": "Feature",
      "properties": {
        "@id": "node/597928319",
        "level": "-1",
        "name": "51st Street",
        "name:ko": "51번가",
        "network": "NYC Subway",
        "network:wikidata": "Q7733",
        "opening_hours": "24/7",
        "operator": "New York City Transit Authority",
        "operator:wikidata": "Q1146109",
        "owner": "City of New York",
        "owner:wikidata": "Q60",
        "public_transport": "station",
        "railway": "station",
        "railway:ref": "401",
        "short_name": "51 St",
        "station": "subway",
        "subway": "yes",
        "wheelchair": "yes",
        "wikidata": "Q2981958",
        "wikipedia": "en:Lexington Avenue/51st Street station"
      },
      "geometry": {
        "type": "Point",
        "coordinates": [
          -73.9719555,
          40.7571102
        ]
      },
      "id": "node/597928319"
    },
    {
      "type": "Feature",
      "properties": {
        "@id": "node/597928321",
        "internet_access": "wlan",
        "internet_access:fee": "no",
        "level": "-3;-2",
        "name": "5th Avenue–53rd Street",
        "name:ko": "5번 애비뉴-53번가",
        "network": "NYC Subway",
        "opening_hours": "24/7",
        "operator": "New York City Transit Authority",
        "public_transport": "station",
        "railway": "station",
        "railway:ref": "276",
        "short_name": "5 Av–53 St",
        "station": "subway",
        "subway": "yes",
        "wheelchair": "no",
        "wikidata": "Q2613321",
        "wikipedia": "en:Fifth Avenue/53rd Street station"
      },
      "geometry": {
        "type": "Point",
        "coordinates": [
          -73.9759537,
          40.7605598
        ]
      },
      "id": "node/597928321"
    },
    {
      "type": "Feature",
      "properties": {
        "@id": "node/597928322",
        "gtfs_stop_code": "D14",
        "internet_access": "wlan",
        "internet_access:fee": "no",
        "level": "-3;-2",
        "name": "7th Avenue",
        "name:ko": "7번 애비뉴",
        "network": "NYC Subway",
        "network:wikidata": "Q7733",
        "opening_hours": "24/7",
        "operator": "New York City Transit Authority",
        "operator:wikidata": "Q1146109",
        "owner": "City of New York",
        "owner:wikidata": "Q60",
        "public_transport": "station",
        "railway": "station",
        "railway:ref": "277",
        "short_name": "7 Av",
        "station": "subway",
        "subway": "yes",
        "wheelchair": "limited",
        "wheelchair:description": "same-platform transfer only",
        "wikidata": "Q2612605",
        "wikipedia": "en:Seventh Avenue station (IND lines)"
      },
      "geometry": {
        "type": "Point",
        "coordinates": [
          -73.981637,
          40.762862
        ]
      },
      "id": "node/597928322"
    },
    {
      "type": "Feature",
      "properties": {
        "@id": "node/597928324",
        "level": "-2",
        "name": "57th Street–7th Avenue",
        "name:ko": "57번가-7번 애비뉴",
        "network": "NYC Subway",
        "network:wikidata": "Q7733",
        "opening_hours": "24/7",
        "operator": "New York City Transit Authority",
        "operator:wikidata": "Q1146109",
        "owner": "City of New York",
        "owner:wikidata": "Q60",
        "public_transport": "station",
        "railway": "station",
        "railway:ref": "9",
        "short_name": "57 St–7 Av",
        "station": "subway",
        "subway": "yes",
        "wheelchair": "no",
        "wikidata": "Q2614058",
        "wikipedia": "en:57th Street–Seventh Avenue station"
      },
      "geometry": {
        "type": "Point",
        "coordinates": [
          -73.9806228,
          40.7646501
        ]
      },
      "id": "node/597928324"
    },
    {
      "type": "Feature",
      "properties": {
        "@id": "node/597937484",
        "internet_access": "wlan",
        "level": "-1",
        "name": "50th Street",
        "name:en": "50th Street",
        "name:ko": "50번가",
        "name:ru": "50-я стрит",
        "network": "NYC Subway",
        "note": "no in-station transfer between platforms",
        "opening_hours": "24/7",
        "operator": "New York City Transit Authority",
        "public_transport": "station",
        "railway": "station",
        "railway:ref": "316",
        "short_name": "50 St",
        "start_date": "1904-10-27",
        "station": "subway",
        "subway": "yes",
        "toilets:wheelchair": "no",
        "wheelchair": "no",
        "wikidata": "Q2198512",
        "wikipedia": "en:50th Street station (IRT Broadway–Seventh Avenue Line)"
      },
      "geometry": {
        "type": "Point",
        "coordinates": [
          -73.9838968,
          40.7616618
        ]
      },
      "id": "node/597937484"
    },
    {
      "type": "Feature",
      "properties": {
        "@id": "node/870320430",
        "gtfs_stop_code": "B06",
        "level": "-3",
        "name": "Roosevelt Island",
        "network": "NYC Subway",
        "opening_hours": "24/7",
        "operator": "New York City Transit Authority",
        "public_transport": "station",
        "railway": "station",
        "railway:ref": "222",
        "station": "subway",
        "subway": "yes",
        "wheelchair": "yes",
        "wikidata": "Q1865158",
        "wikipedia": "en:Roosevelt Island station"
      },
      "geometry": {
        "type": "Point",
        "coordinates": [
          -73.95326,
          40.7591449
        ]
      },
      "id": "node/870320430"
    },
    {
      "type": "Feature",
      "properties": {
        "@id": "node/1011407282",
        "level": "-1",
        "name": "66th Street–Lincoln Center",
        "name:en": "66th Street–Lincoln Center",
        "name:ko": "66번가-링컨 센터",
        "name:ru": "66-я стрит — Линкольн-сентр",
        "network": "NYC Subway",
        "network:wikidata": "Q7733",
        "opening_hours": "24/7",
        "operator": "New York City Transit Authority",
        "operator:wikidata": "Q1146109",
        "owner": "City of New York",
        "owner:wikidata": "Q60",
        "public_transport": "station",
        "railway": "station",
        "railway:ref": "314",
        "short_name": "66 St–Lincoln Center",
        "start_date": "1904-10-27",
        "station": "subway",
        "subway": "yes",
        "wheelchair": "yes",
        "wikidata": "Q2042310",
        "wikipedia": "en:66th Street–Lincoln Center station"
      },
      "geometry": {
        "type": "Point",
        "coordinates": [
          -73.9822029,
          40.7732766
        ]
      },
      "id": "node/1011407282"
    },
    {
      "type": "Feature",
      "properties": {
        "@id": "node/1049104523",
        "level": "-2",
        "name": "Court Square",
        "network": "NYC Subway",
        "opening_hours": "24/7",
        "operator": "New York City Transit Authority",
        "public_transport": "station",
        "railway": "station",
        "railway:ref": "281",
        "short_name": "Court Sq",
        "source": "http://mta.info/nyct/service/gline.htm",
        "station": "subway",
        "subway": "yes",
        "wheelchair": "no",
        "wikidata": "Q2611918",
        "wikipedia": "en:Court Square–23rd Street station"
      },
      "geometry": {
        "type": "Point",
        "coordinates": [
          -73.943832,
          40.746554
        ]
      },
      "id": "node/1049104523"
    },
    {
      "type": "Feature",
      "properties": {
        "@id": "node/1261183473",
        "internet_access": "wlan",
        "internet_access:fee": "no",
        "level": "-1",
        "name": "77th Street",
        "name:ko": "77번가",
        "network": "NYC Subway",
        "note": "no in-station transfer between platforms",
        "opening_hours": "24/7",
        "operator": "New York City Transit Authority",
        "public_transport": "station",
        "railway": "station",
        "railway:ref": "398",
        "short_name": "77 St",
        "station": "subway",
        "subway": "yes",
        "wheelchair": "no",
        "wikidata": "Q2070847",
        "wikipedia": "en:77th Street station (IRT Lexington Avenue Line)"
      },
      "geometry": {
        "type": "Point",
        "coordinates": [
          -73.9598437,
          40.7736528
        ]
      },
      "id": "node/1261183473"
    },
    {
      "type": "Feature",
      "properties": {
        "@id": "node/2014016913",
        "addr:city": "Long Island City",
        "addr:postcode": "11101",
        "addr:state": "NY",
        "gtfs_stop_code": "B04",
        "internet_access": "yes",
        "level": "-2",
        "name": "21st Street–Queensbridge",
        "network": "NYC Subway",
        "opening_hours": "24/7",
        "operator": "New York City Transit Authority",
        "public_transport": "station",
        "railway": "station",
        "railway:ref": "221",
        "short_name": "21 St–Queensbridge",
        "start_date": "1989-10-29",
        "station": "subway",
        "subway": "yes",
        "wheelchair": "yes",
        "wikidata": "Q3499219",
        "wikimedia_commons": "Category:21st Street – Queensbridge (IND 63rd Street Line)",
        "wikipedia": "en:21st Street–Queensbridge station"
      },
      "geometry": {
        "type": "Point",
        "coordinates": [
          -73.942836,
          40.7542029
        ]
      },
      "id": "node/2014016913"
    },
    {
      "type": "Feature",
      "properties": {
        "@id": "node/2014086306",
        "gtfs_stop_code": "B10",
        "level": "-2",
        "name": "57th Street",
        "name:ko": "57번가",
        "network": "NYC Subway",
        "network:wikidata": "Q7733",
        "opening_hours": "24/7",
        "operator": "New York City Transit Authority",
        "operator:wikidata": "Q1146109",
        "owner": "City of New York",
        "owner:wikidata": "Q60",
        "public_transport": "station",
        "railway": "station",
        "railway:ref": "224",
        "short_name": "57 St",
        "station": "subway",
        "subway": "yes",
        "wheelchair": "no",
        "wikidata": "Q2612366",
        "wikipedia": "en:57th Street station (IND Sixth Avenue Line)"
      },
      "geometry": {
        "type": "Point",
        "coordinates": [
          -73.97745,
          40.763972
        ]
      },
      "id": "node/2014086306"
    },
    {
      "type": "Feature",
      "properties": {
        "@id": "node/4587293105",
        "internet_access": "wlan",
        "internet_access:fee": "no",
        "level": "-3",
        "name": "72nd Street",
        "name:ko": "72번가",
        "network": "NYC Subway",
        "opening_hours": "24/7",
        "operator": "New York City Transit Authority",
        "public_transport": "station",
        "railway": "station",
        "railway:ref": "477",
        "short_name": "72 St",
        "station": "subway",
        "subway": "yes",
        "wheelchair": "yes",
        "wikidata": "Q4643230",
        "wikipedia": "en:72nd Street station (Second Avenue Subway)"
      },
      "geometry": {
        "type": "Point",
        "coordinates": [
          -73.9584239,
          40.768799
        ]
      },
      "id": "node/4587293105"
    },
    {
      "type": "Feature",
      "properties": {
        "@id": "node/5384807762",
        "internet_access": "wlan",
        "internet_access:fee": "no",
        "level": "-1",
        "name": "68th Street–Hunter College",
        "name:ko": "68번가-헌터 칼리지",
        "network": "NYC Subway",
        "operator": "New York City Transit Authority",
        "public_transport": "station",
        "railway": "station",
        "railway:ref": "399",
        "short_name": "68 St–Hunter College",
        "station": "subway",
        "subway": "yes",
        "website": "https://www.mta.info/",
        "wheelchair": "no",
        "wikidata": "Q2982347",
        "wikipedia": "en:68th Street–Hunter College station"
      },
      "geometry": {
        "type": "Point",
        "coordinates": [
          -73.9641187,
          40.7678782
        ]
      },
      "id": "node/5384807762"
    },
    {
      "type": "Feature",
      "properties": {
        "@id": "node/5407856394",
        "level": "-2",
        "name": "Court Square–23rd Street",
        "network": "NYC Subway",
        "operator": "New York City Transit Authority",
        "public_transport": "station",
        "railway": "station",
        "railway:ref": "274",
        "short_name": "Court Sq–23 St",
        "station": "subway",
        "subway": "yes",
        "wheelchair": "no",
        "wikidata": "Q2611918",
        "wikipedia": "en:Court Square–23rd Street station"
      },
      "geometry": {
        "type": "Point",
        "coordinates": [
          -73.9457377,
          40.7478095
        ]
      },
      "id": "node/5407856394"
    },
    {
      "type": "Feature",
      "properties": {
        "@id": "node/5407857500",
        "level": "-3",
        "name": "Lexington Avenue–53rd Street",
        "name:ko": "렉싱턴 애비뉴-53번가",
        "network": "NYC Subway",
        "network:wikidata": "Q7733",
        "operator": "New York City Transit Authority",
        "operator:wikidata": "Q1146109",
        "owner": "City of New York",
        "owner:wikidata": "Q60",
        "public_transport": "station",
        "railway": "station",
        "railway:ref": "275",
        "short_name": "Lexington Av–53 St",
        "station": "subway",
        "subway": "yes",
        "wheelchair": "yes",
        "wikidata": "Q11680081",
        "wikipedia": "en:Lexington Avenue–53rd Street station"
      },
      "geometry": {
        "type": "Point",
        "coordinates": [
          -73.9706019,
          40.7582149
        ]
      },
      "id": "node/5407857500"
    },
    {
      "type": "Feature",
      "properties": {
        "@id": "node/5407863335",
        "gtfs_stop_code": "D15",
        "level": "-2",
        "name": "47th–50th Streets–Rockefeller Center",
        "name:ko": "47-50번가-록펠러 센터",
        "network": "NYC Subway",
        "network:wikidata": "Q7733",
        "operator": "New York City Transit Authority",
        "operator:wikidata": "Q1146109",
        "owner": "City of New York",
        "owner:wikidata": "Q60",
        "public_transport": "station",
        "railway": "station",
        "railway:ref": "225",
        "short_name": "47–50 Sts–Rockefeller Ctr",
        "start_date": "1940",
        "station": "subway",
        "subway": "yes",
        "wheelchair": "no",
        "wikidata": "Q2555226",
        "wikipedia": "en:47th–50th Streets–Rockefeller Center station"
      },
      "geometry": {
        "type": "Point",
        "coordinates": [
          -73.981329,
          40.758663
        ]
      },
      "id": "node/5407863335"
    },
    {
      "type": "Feature",
      "properties": {
        "@id": "node/6448763951",
        "addr:city": "New York",
        "addr:state": "NY",
        "gtfs_stop_code": "A24",
        "level": "-3",
        "name": "59th Street–Columbus Circle",
        "name:en": "59th Street–Columbus Circle",
        "name:es": "Calle 59–Columbus Circle",
        "name:ko": "59번가-콜럼버스 서클",
        "name:ru": "59-я стрит — Колумбус-сёркл",
        "network": "NYC Subway",
        "network:wikidata": "Q7733",
        "opening_hours": "24/7",
        "operator": "New York City Transit Authority",
        "operator:wikidata": "Q1146109",
        "owner": "City of New York",
        "owner:wikidata": "Q60",
        "payment:omny": "yes",
        "platforms": "3",
        "public_transport": "station",
        "railway": "station",
        "railway:ref": "161",
        "short_name": "59 St–Columbus Circle",
        "start_date": "1932",
        "station": "subway",
        "subway": "yes",
        "wheelchair": "yes",
        "wikidata": "Q2982354",
        "wikipedia": "en:59th Street–Columbus Circle station"
      },
      "geometry": {
        "type": "Point",
        "coordinates": [
          -73.9816906,
          40.7683319
        ]
      },
      "id": "node/6448763951"
    },
    {
      "type": "Feature",
      "properties": {
        "@id": "node/6615147359",
        "gtfs_stop_code": "901",
        "level": "-1",
        "name": "Grand Central",
        "name:ko": "그랜드 센트럴",
        "network": "NYC Subway",
        "network:wikidata": "Q7733",
        "opening_hours": "24/7",
        "operator": "New York City Transit Authority",
        "operator:wikidata": "Q1146109",
        "owner": "City of New York",
        "owner:wikidata": "Q60",
        "payment:omny": "yes",
        "public_transport": "station",
        "railway": "station",
        "railway:ref": "469",
        "station": "subway",
        "subway": "yes",
        "wheelchair": "yes",
        "wikidata": "Q2982151",
        "wikipedia": "en:Grand Central–42nd Street station"
      },
      "geometry": {
        "type": "Point",
        "coordinates": [
          -73.979189,
          40.752769
        ]
      },
      "id": "node/6615147359"
    },
    {
      "type": "Feature",
      "properties": {
        "@id": "node/6615147361",
        "departures_board": "realtime",
        "departures_board:speech_output": "no",
        "gtfs_stop_code": "723",
        "level": "-4",
        "name": "Grand Central–42nd Street",
        "name:ko": "그랜드 센트럴-42번가",
        "network": "NYC Subway",
        "network:wikidata": "Q7733",
        "opening_hours": "24/7",
        "operator": "New York City Transit Authority",
        "operator:wikidata": "Q1146109",
        "owner": "City of New York",
        "owner:wikidata": "Q60",
        "payment:omny": "yes",
        "public_transport": "station",
        "railway": "station",
        "railway:ref": "465",
        "short_name": "Grand Central–42 St",
        "start_date": "1915",
        "station": "subway",
        "subway": "yes",
        "wheelchair": "yes",
        "wikidata": "Q2982151",
        "wikipedia": "en:Grand Central–42nd Street station"
      },
      "geometry": {
        "type": "Point",
        "coordinates": [
          -73.9760757,
          40.7514597
        ]
      },
      "id": "node/6615147361"
    },
    {
      "type": "Feature",
      "properties": {
        "@id": "node/6751642194",
        "internet_access": "wlan",
        "internet_access:fee": "no",
        "level": "-2;-1",
        "name": "50th Street",
        "name:ko": "50번가",
        "network": "NYC Subway",
        "note": "no in-station transfer between platforms",
        "opening_hours": "24/7",
        "operator": "New York City Transit Authority",
        "operator:short": "NYCT",
        "operator:wikidata": "Q1325591",
        "public_transport": "station",
        "railway": "station",
        "railway:ref": "162",
        "short_name": "50 St",
        "station": "subway",
        "subway": "yes",
        "wheelchair": "limited",
        "wikidata": "Q2612907",
        "wikipedia": "en:50th Street station (IND lines)"
      },
      "geometry": {
        "type": "Point",
        "coordinates": [
          -73.9861028,
          40.7622948
        ]
      },
      "id": "node/6751642194"
    },
    {
      "type": "Feature",
      "properties": {
        "@id": "node/7099182377",
        "addr:city": "New York",
        "addr:housenumber": "89",
        "addr:state": "NY",
        "addr:street": "East 42nd Street",
        "name": "Grand Central Terminal",
        "name:ko": "그랜드 센트럴 터미널",
        "name:zh": "大中央车站",
        "name:zh-Hans": "大中央车站",
        "name:zh-Hant": "大中央車站",
        "network": "Metro-North Railroad",
        "network:wikidata": "Q125908",
        "opening_hours": "Mo-Su 05:30-02:00",
        "operator": "Metro-North Railroad",
        "operator:wikidata": "Q125908",
        "public_transport": "station",
        "railway": "station",
        "train": "yes",
        "wikidata": "Q11290",
        "wikipedia": "en:Grand Central Terminal"
      },
      "geometry": {
        "type": "Point",
        "coordinates": [
          -73.9771792,
          40.7528064
        ]
      },
      "id": "node/7099182377"
    },
    {
      "type": "Feature",
      "properties": {
        "@id": "node/7142969916",
        "level": "-4;-1",
        "name": "59th Street",
        "name:ko": "59번가",
        "network": "NYC Subway",
        "network:wikidata": "Q7733",
        "opening_hours": "24/7",
        "operator": "New York City Transit Authority",
        "operator:wikidata": "Q1146109",
        "owner": "City of New York",
        "owner:wikidata": "Q60",
        "public_transport": "station",
        "railway": "station",
        "railway:ref": "400",
        "short_name": "59 St",
        "station": "subway",
        "subway": "yes",
        "wheelchair": "no",
        "wikidata": "Q14706152",
        "wikipedia": "en:59th Street (IRT Lexington Avenue Line)"
      },
      "geometry": {
        "type": "Point",
        "coordinates": [
          -73.9678801,
          40.7627065
        ]
      },
      "id": "node/7142969916"
    },
    {
      "type": "Feature",
      "properties": {
        "@id": "node/7485622818",
        "gtfs_stop_code": "R15",
        "level": "-1",
        "name": "49th Street",
        "name:ko": "49번가",
        "network": "NYC Subway",
        "network:wikidata": "Q7733",
        "note": "no in-station transfer between platforms",
        "opening_hours": "24/7",
        "operator": "New York City Transit Authority",
        "operator:wikidata": "Q1146109",
        "owner": "City of New York",
        "owner:wikidata": "Q60",
        "public_transport": "station",
        "railway": "station",
        "railway:ref": "10",
        "short_name": "49 St",
        "station": "subway",
        "subway": "yes",
        "wheelchair": "limited",
        "wikidata": "Q605495",
        "wikipedia": "en:49th Street station (BMT Broadway Line)"
      },
      "geometry": {
        "type": "Point",
        "coordinates": [
          -73.984139,
          40.759901
        ]
      },
      "id": "node/7485622818"
    },
    {
      "type": "Feature",
      "properties": {
        "@id": "node/7613305937",
        "addr:city": "New York",
        "addr:state": "NY",
        "gtfs_stop_code": "A24",
        "level": "-1",
        "name": "59th Street–Columbus Circle",
        "name:en": "59th Street–Columbus Circle",
        "name:es": "Calle 59–Columbus Circle",
        "name:ko": "59번가-콜럼버스 서클",
        "name:ru": "59-я стрит — Колумбус-сёркл",
        "network": "NYC Subway",
        "network:wikidata": "Q7733",
        "opening_hours": "24/7",
        "operator": "New York City Transit Authority",
        "operator:wikidata": "Q1146109",
        "owner": "City of New York",
        "owner:wikidata": "Q60",
        "payment:omny": "yes",
        "public_transport": "station",
        "railway": "station",
        "railway:ref": "315",
        "short_name": "59 St–Columbus Circle",
        "start_date": "1904-10-27",
        "station": "subway",
        "subway": "yes",
        "wheelchair": "yes",
        "wikidata": "Q2982354",
        "wikipedia": "en:59th Street–Columbus Circle station"
      },
      "geometry": {
        "type": "Point",
        "coordinates": [
          -73.9819162,
          40.7683815
        ]
      },
      "id": "node/7613305937"
    },
    {
      "type": "Feature",
      "properties": {
        "@id": "node/7613305940",
        "level": "-1",
        "name": "Times Square",
        "name:ko": "타임스스퀘어",
        "network": "NYC Subway",
        "network:wikidata": "Q7733",
        "opening_hours": "24/7",
        "operator": "New York City Transit Authority",
        "operator:wikidata": "Q1146109",
        "owner": "City of New York",
        "owner:wikidata": "Q60",
        "public_transport": "station",
        "railway": "station",
        "railway:ref": "468",
        "short_name": "Times Sq",
        "station": "subway",
        "subway": "yes",
        "toilets:wheelchair": "no",
        "wheelchair": "yes",
        "wikidata": "Q11265",
        "wikipedia": "en:Times Square–42nd Street station"
      },
      "geometry": {
        "type": "Point",
        "coordinates": [
          -73.9858388,
          40.7555923
        ]
      },
      "id": "node/7613305940"
    }
  ]
}