{"type":"FeatureCollection","features":[{"type":"Feature","geometry":{"type":"Polygon","coordinates":[[[-1.182175,52.985107],[-1.182328,52.985039],[-1.182118,52.984867],[-1.182052,52.984813],[-1.181931,52.984714],[-1.181778,52.984781],[-1.182175,52.985107]]]},"properties":{"@id":"way/717764891","name":"David Lane","public_transport":"station","tram":"yes","wikidata":"Q5236335","wikipedia":"en:David Lane tram stop"},"id":"way/717764891"},{"type":"Feature","geometry":{"type":"LineString","coordinates":[[-1.487172,53.092089],[-1.487265,53.092245],[-1.487292,53.092282],[-1.487368,53.092442],[-1.487421,53.092513],[-1.48744,53.092539],[-1.487475,53.092587],[-1.487557,53.092678],[-1.487637,53.09275],[-1.487846,53.092913],[-1.487949,53.092996],[-1.488295,53.093254],[-1.488426,53.093353],[-1.488495,53.093398],[-1.488696,53.093518],[-1.488756,53.093553],[-1.488844,53.093619]]},"properties":{"@id":"way/23014384","electrified":"contact_line","frequency":"0","gauge":"1435","name":"Crich Tramway","railway":"tram","source":"Bing","tracks":"1","usage":"tourism","voltage":"600"},"id":"way/23014384"},{"type":"Feature","geometry":{"type":"LineString","coordinates":[[-1.342755,53.066171],[-1.342864,53.066046],[-1.343139,53.065828],[-1.343408,53.065662],[-1.343684,53.065523],[-1.344113,53.065349],[-1.344481,53.065234],[-1.34502,53.065115],[-1.345523,53.065032],[-1.346554,53.064865],[-1.34693,53.064816],[-1.348491,53.064545]]},"properties":{"@id":"way/24467507","electrified":"no","gauge":"1435","name":"Midland Railway Centre","operator":"Ecclesbourne Valley Railway","operator:wikidata":"Q6842428","railway":"rail","railway:preserved":"yes","ref":"CPC"},"id":"way/24467507"},{"type":"Feature","geometry":{"type":"LineString","coordinates":[[-1.14645,52.884583],[-1.14889,52.884779],[-1.14925,52.884807],[-1.149375,52.884814],[-1.149531,52.884821],[-1.149685,52.884825],[-1.149807,52.884825],[-1.150384,52.884813],[-1.150472,52.884811],[-1.150746,52.884803],[-1.150977,52.884796]]},"properties":{"@id":"way/29420832","electrified":"no","gauge":"1435","name":"Great Central Railway","operator":"Great Central Railway (Nottingham)","operator:wikidata":"Q5598945","railway":"rail","railway:preserved":"yes","service":"crossover","usage":"tourism"},"id":"way/29420832"},{"type":"Feature","geometry":{"type":"LineString","coordinates":[[-1.159493,52.892082],[-1.159647,52.891709],[-1.159906,52.891056],[-1.160355,52.890068],[-1.160813,52.889059],[-1.161739,52.887064],[-1.163383,52.883671],[-1.163645,52.883122],[-1.164155,52.882017],[-1.165124,52.879935],[-1.165376,52.879398],[-1.166864,52.876254],[-1.169901,52.869915]]},"properties":{"@id":"way/29421313","electrified":"no","gauge":"1435","maxspeed":"45 mph","name":"Great Central Railway","operator":"Great Central Railway (Nottingham)","operator:wikidata":"Q5598945","railway":"rail","railway:preserved":"yes","ref":"MCJ3","usage":"main"},"id":"way/29421313"},{"type":"Feature","geometry":{"type":"LineString","coordinates":[[-1.14658,52.884444],[-1.146588,52.884444],[-1.146901,52.884467],[-1.150153,52.884728],[-1.15026,52.884735],[-1.150453,52.884744],[-1.150692,52.884752],[-1.15085,52.88476],[-1.150951,52.884766],[-1.151571,52.884814],[-1.151814,52.884834],[-1.152667,52.884899],[-1.152879,52.884915],[-1.153829,52.884992],[-1.155085,52.885093],[-1.155479,52.885123],[-1.155819,52.885157],[-1.156144,52.885197],[-1.156363,52.885237],[-1.156542,52.885277],[-1.156639,52.885303],[-1.15675,52.885335],[-1.156843,52.885364],[-1.156937,52.885398],[-1.157046,52.88544],[-1.157325,52.885563],[-1.157678,52.885715],[-1.158253,52.88598],[-1.158503,52.886101],[-1.158686,52.886202],[-1.158893,52.886331],[-1.15909,52.886471],[-1.159241,52.886596],[-1.159409,52.886737],[-1.159593,52.886914],[-1.159727,52.887072],[-1.159831,52.887202],[-1.159912,52.887314],[-1.160004,52.887483],[-1.16007,52.887626],[-1.160109,52.887722],[-1.160151,52.887843],[-1.160183,52.888003],[-1.160219,52.88822],[-1.160235,52.888429],[-1.160251,52.888876],[-1.160291,52.889695],[-1.160279,52.889937],[-1.160204,52.890253]]},"properties":{"@id":"way/29421570","electrified":"no","gauge":"1435","maxspeed":"25 mph","name":"Great Central Railway","operator":"Great Central Railway (Nottingham)","operator:wikidata":"Q5598945","railway":"rail","railway:preserved":"yes","usage":"branch"},"id":"way/29421570"},{"type":"Feature","geometry":{"type":"LineString","coordinates":[[-1.380674,53.063415],[-1.380829,53.063456]]},"properties":{"@id":"way/35081828","bridge":"yes","electrified":"no","gauge":"1435","layer":"1","name":"Midland Railway Centre","operator":"Ecclesbourne Valley Railway","operator:wikidata":"Q6842428","railway":"rail","railway:preserved":"yes","ref":"APB","source":"NPE","usage":"branch"},"id":"way/35081828"},{"type":"Feature","geometry":{"type":"LineString","coordinates":[[-1.381045,53.063516],[-1.381654,53.063625],[-1.38216,53.0637],[-1.382506,53.063753],[-1.382755,53.063792],[-1.383027,53.063825],[-1.383293,53.063842],[-1.383596,53.063861],[-1.384023,53.063881],[-1.384515,53.063885],[-1.385031,53.063871],[-1.385299,53.063859],[-1.385581,53.063842],[-1.385956,53.063809],[-1.386335,53.063763],[-1.386721,53.06371],[-1.387222,53.06362],[-1.388356,53.063371],[-1.389045,53.063227],[-1.38937,53.06317],[-1.38974,53.063113],[-1.390567,53.063011],[-1.391064,53.062968],[-1.391593,53.062936],[-1.391956,53.062906],[-1.392373,53.062887],[-1.392907,53.062887],[-1.393457,53.062902],[-1.393988,53.062926],[-1.394834,53.063004],[-1.395824,53.063118],[-1.396845,53.063227],[-1.397298,53.063264],[-1.397959,53.063306],[-1.398731,53.063334],[-1.398939,53.063334],[-1.399795,53.063332],[-1.400226,53.063326],[-1.400758,53.063313],[-1.401637,53.063275],[-1.402225,53.063249],[-1.402501,53.063236]]},"properties":{"@id":"way/35081829","electrified":"no","gauge":"1435","name":"Midland Railway Centre","operator":"Ecclesbourne Valley Railway","operator:wikidata":"Q6842428","railway":"rail","railway:preserved":"yes","ref":"APB","source":"NPE","usage":"branch","wikidata":"Q6842428","wikipedia":"en:Midland Railway – Butterley"},"id":"way/35081829"},{"type":"Feature","geometry":{"type":"LineString","coordinates":[[-1.147911,52.88459],[-1.14873,52.884654],[-1.149401,52.884707],[-1.149583,52.884722],[-1.150078,52.884764],[-1.150304,52.884781],[-1.15047,52.884789],[-1.150679,52.884796],[-1.150764,52.884798],[-1.150977,52.884796],[-1.151059,52.884795],[-1.151184,52.884796],[-1.151353,52.884802],[-1.151571,52.884814]]},"properties":{"@id":"way/37081688","electrified":"no","gauge":"1435","maxspeed":"25 mph","name":"Great Central Railway","operator":"Great Central Railway (Nottingham)","operator:wikidata":"Q5598945","railway":"rail","railway:preserved":"yes","usage":"branch"},"id":"way/37081688"},{"type":"Feature","geometry":{"type":"LineString","coordinates":[[-1.349159,53.064432],[-1.351469,53.064042],[-1.352563,53.0638],[-1.353716,53.063459],[-1.354547,53.063162],[-1.355656,53.062641],[-1.356833,53.061985],[-1.359011,53.060786],[-1.360117,53.060192],[-1.360749,53.059916],[-1.36209,53.059426],[-1.363356,53.058987],[-1.363893,53.0588],[-1.364225,53.058716],[-1.365652,53.05842],[-1.366899,53.058308],[-1.368551,53.058271],[-1.369318,53.058303],[-1.370277,53.058415],[-1.371012,53.058574],[-1.372032,53.058819],[-1.372858,53.059103],[-1.373566,53.059387],[-1.374578,53.059871],[-1.375896,53.060826]]},"properties":{"@id":"way/37655368","electrified":"no","gauge":"1435","name":"Midland Railway Centre","operator":"Ecclesbourne Valley Railway","operator:wikidata":"Q6842428","railway":"rail","railway:preserved":"yes","ref":"APB","source":"NPE","usage":"branch"},"id":"way/37655368"},{"type":"Feature","geometry":{"type":"LineString","coordinates":[[-1.348895,53.064477],[-1.349159,53.064432]]},"properties":{"@id":"way/37655370","bridge":"yes","electrified":"no","gauge":"1435","layer":"1","name":"Midland Railway Centre","operator":"Ecclesbourne Valley Railway","operator:wikidata":"Q6842428","railway":"rail","railway:preserved":"yes","ref":"APB","source":"NPE","usage":"branch"},"id":"way/37655370"},{"type":"Feature","geometry":{"type":"LineString","coordinates":[[-1.196637,52.789626],[-1.195777,52.788735],[-1.194876,52.787444],[-1.19405,52.785932],[-1.193708,52.784993],[-1.193475,52.784251],[-1.193349,52.783551],[-1.193245,52.782662],[-1.193235,52.781975],[-1.193275,52.781242],[-1.193382,52.780612],[-1.193446,52.780237]]},"properties":{"@id":"way/39832695","electrified":"no","embankment":"yes","gauge":"1435","maxspeed":"45 mph","name":"Great Central Railway","operator":"Great Central Railway (Nottingham)","operator:wikidata":"Q5598945","railway":"rail","railway:preserved":"yes","ref":"MCJ3","usage":"main"},"id":"way/39832695"},{"type":"Feature","geometry":{"type":"LineString","coordinates":[[-1.344182,53.063376],[-1.344318,53.063525]]},"properties":{"@id":"way/46216487","bridge":"yes","electrified":"no","gauge":"1435","layer":"1","name":"Midland Railway Centre","operator":"Ecclesbourne Valley Railway","operator:wikidata":"Q6842428","railway":"rail","railway:preserved":"yes","ref":"APB","ref:lor":"LN3270","source":"NPE","usage":"branch"},"id":"way/46216487"},{"type":"Feature","geometry":{"type":"LineString","coordinates":[[-1.344318,53.063525],[-1.34457,53.063761],[-1.344892,53.063976],[-1.345243,53.064152],[-1.34565,53.064308],[-1.346085,53.064436],[-1.346572,53.064532],[-1.347015,53.064582],[-1.347601,53.064626],[-1.348055,53.064603],[-1.348491,53.064545]]},"properties":{"@id":"way/46216488","electrified":"no","gauge":"1435","name":"Midland Railway Centre","operator":"Ecclesbourne Valley Railway","operator:wikidata":"Q6842428","railway":"rail","railway:preserved":"yes","ref":"APB","ref:lor":"LN3270","source":"NPE","usage":"branch"},"id":"way/46216488"},{"type":"Feature","geometry":{"type":"LineString","coordinates":[[-1.195963,52.772807],[-1.196064,52.771808],[-1.196155,52.771066],[-1.196171,52.77093],[-1.19617,52.770778],[-1.19617,52.770302],[-1.19617,52.770079],[-1.196099,52.769465],[-1.195953,52.768415],[-1.195872,52.768116],[-1.195838,52.768007],[-1.195802,52.767902],[-1.19568,52.767544],[-1.195557,52.767073],[-1.195434,52.766484],[-1.195219,52.765563],[-1.194924,52.764199],[-1.194839,52.763849],[-1.194744,52.763424],[-1.194503,52.762647],[-1.193893,52.760645],[-1.193441,52.759134],[-1.192674,52.75662],[-1.192246,52.755185],[-1.191361,52.752282],[-1.190477,52.749362],[-1.190077,52.748039],[-1.189258,52.745316],[-1.188242,52.741905],[-1.188154,52.741554],[-1.187863,52.74047],[-1.187728,52.740062],[-1.187523,52.739438],[-1.187448,52.739233],[-1.187369,52.739004],[-1.187143,52.738336],[-1.186981,52.737713],[-1.186722,52.736925],[-1.186545,52.736314],[-1.186206,52.735245]]},"properties":{"@id":"way/62520084","electrified":"no","gauge":"1435","maxspeed":"45 mph","name":"Great Central Railway","operator":"Great Central Railway","operator:wikidata":"Q5598946","railway":"rail","railway:preserved":"yes","ref":"MCJ3","usage":"main"},"id":"way/62520084"},{"type":"Feature","geometry":{"type":"LineString","coordinates":[[-1.189764,52.831253],[-1.189866,52.831143]]},"properties":{"@id":"way/98439745","bridge":"yes","electrified":"no","gauge":"1435","layer":"1","maxspeed":"45 mph","name":"Great Central Railway","operator":"Great Central Railway (Nottingham)","operator:wikidata":"Q5598945","railway":"rail","railway:preserved":"yes","ref":"MCJ3","usage":"main"},"id":"way/98439745"},{"type":"Feature","geometry":{"type":"LineString","coordinates":[[-1.189866,52.831143],[-1.190011,52.831001],[-1.190907,52.830124],[-1.192302,52.828736],[-1.194319,52.826843],[-1.197001,52.824056],[-1.19876,52.821981],[-1.200713,52.819881],[-1.202946,52.817311]]},"properties":{"@id":"way/98439756","electrified":"no","gauge":"1435","maxspeed":"45 mph","name":"Great Central Railway","operator":"Great Central Railway (Nottingham)","operator:wikidata":"Q5598945","railway":"rail","railway:preserved":"yes","ref":"MCJ3","usage":"main"},"id":"way/98439756"},{"type":"Feature","geometry":{"type":"LineString","coordinates":[[-1.179478,52.849697],[-1.17954,52.84957]]},"properties":{"@id":"way/103488080","bridge":"yes","electrified":"no","gauge":"1435","layer":"1","maxspeed":"45 mph","name":"Great Central Railway","operator":"Great Central Railway (Nottingham)","operator:wikidata":"Q5598945","railway":"rail","railway:preserved":"yes","ref":"MCJ3","usage":"main"},"id":"way/103488080"},{"type":"Feature","geometry":{"type":"LineString","coordinates":[[-1.202946,52.817311],[-1.203481,52.816592]]},"properties":{"@id":"way/103488085","electrified":"no","gauge":"1435","layer":"-1","maxspeed":"45 mph","name":"Great Central Railway","operator":"Great Central Railway (Nottingham)","operator:wikidata":"Q5598945","railway":"rail","railway:preserved":"yes","ref":"MCJ3","tunnel":"yes","usage":"main"},"id":"way/103488085"},{"type":"Feature","geometry":{"type":"LineString","coordinates":[[-1.203481,52.816592],[-1.204661,52.814706],[-1.205287,52.813414],[-1.205584,52.812709],[-1.205881,52.811788],[-1.205993,52.811424],[-1.206399,52.809648],[-1.206485,52.808234],[-1.206464,52.80673],[-1.206117,52.804634],[-1.206015,52.804268]]},"properties":{"@id":"way/103488086","electrified":"no","gauge":"1435","maxspeed":"45 mph","name":"Great Central Railway","operator":"Great Central Railway (Nottingham)","operator:wikidata":"Q5598945","railway":"rail","railway:preserved":"yes","ref":"MCJ3","usage":"main"},"id":"way/103488086"},{"type":"Feature","geometry":{"type":"LineString","coordinates":[[-1.179547,52.849554],[-1.179667,52.849186],[-1.18052,52.847375],[-1.181687,52.84493],[-1.182792,52.842607],[-1.1843,52.839513],[-1.185843,52.836346],[-1.187495,52.833844],[-1.189083,52.831951],[-1.189764,52.831253]]},"properties":{"@id":"way/103488087","electrified":"no","gauge":"1435","maxspeed":"45 mph","name":"Great Central Railway","operator":"Great Central Railway (Nottingham)","operator:wikidata":"Q5598945","railway":"rail","railway:preserved":"yes","ref":"MCJ3","usage":"main"},"id":"way/103488087"},{"type":"Feature","geometry":{"type":"LineString","coordinates":[[-1.193446,52.780237],[-1.193476,52.780102]]},"properties":{"@id":"way/103645748","bridge":"yes","electrified":"no","gauge":"1435","layer":"1","maxspeed":"45 mph","name":"Great Central Railway","operator":"Great Central Railway (Nottingham)","operator:wikidata":"Q5598945","railway":"rail","railway:preserved":"yes","ref":"MCJ3","usage":"main"},"id":"way/103645748"},{"type":"Feature","geometry":{"type":"LineString","coordinates":[[-1.201375,52.794432],[-1.200229,52.793069],[-1.19877,52.791603],[-1.198079,52.790968]]},"properties":{"@id":"way/103645754","electrified":"no","embankment":"yes","gauge":"1435","maxspeed":"45 mph","name":"Great Central Railway","operator":"Great Central Railway (Nottingham)","operator:wikidata":"Q5598945","railway":"rail","railway:preserved":"yes","ref":"MCJ3","usage":"main"},"id":"way/103645754"},{"type":"Feature","geometry":{"type":"LineString","coordinates":[[-1.206015,52.804268],[-1.205966,52.804033],[-1.20513,52.801887],[-1.204991,52.801565],[-1.203362,52.797779],[-1.202544,52.796199],[-1.201421,52.794501],[-1.201375,52.794432]]},"properties":{"@id":"way/103645792","cutting":"yes","electrified":"no","gauge":"1435","maxspeed":"45 mph","name":"Great Central Railway","operator":"Great Central Railway (Nottingham)","operator:wikidata":"Q5598945","railway":"rail","railway:preserved":"yes","ref":"MCJ3","usage":"main"},"id":"way/103645792"},{"type":"Feature","geometry":{"type":"LineString","coordinates":[[-1.169901,52.869915],[-1.169988,52.869724]]},"properties":{"@id":"way/104284553","bridge":"yes","electrified":"no","gauge":"1435","layer":"1","maxspeed":"45 mph","name":"Great Central Railway","operator":"Great Central Railway (Nottingham)","operator:wikidata":"Q5598945","railway":"rail","railway:preserved":"yes","ref":"MCJ3","usage":"main"},"id":"way/104284553"},{"type":"Feature","geometry":{"type":"LineString","coordinates":[[-1.174712,52.859757],[-1.174752,52.859682]]},"properties":{"@id":"way/104284554","bridge":"yes","electrified":"no","gauge":"1435","layer":"1","maxspeed":"45 mph","name":"Great Central Railway","operator":"Great Central Railway (Nottingham)","operator:wikidata":"Q5598945","railway":"rail","railway:preserved":"yes","ref":"MCJ3","usage":"main"},"id":"way/104284554"},{"type":"Feature","geometry":{"type":"LineString","coordinates":[[-1.176972,52.854994],[-1.179478,52.849697]]},"properties":{"@id":"way/104284555","electrified":"no","embankment":"yes","gauge":"1435","maxspeed":"45 mph","name":"Great Central Railway","operator":"Great Central Railway (Nottingham)","operator:wikidata":"Q5598945","railway":"rail","railway:preserved":"yes","ref":"MCJ3","usage":"main"},"id":"way/104284555"},{"type":"Feature","geometry":{"type":"LineString","coordinates":[[-1.170153,52.869393],[-1.171526,52.866488],[-1.173205,52.862943]]},"properties":{"@id":"way/104284558","electrified":"no","gauge":"1435","maxspeed":"45 mph","name":"Great Central Railway","operator":"Great Central Railway (Nottingham)","operator:wikidata":"Q5598945","railway":"rail","railway:preserved":"yes","ref":"MCJ3","usage":"main"},"id":"way/104284558"},{"type":"Feature","geometry":{"type":"LineString","coordinates":[[-1.173205,52.862943],[-1.173259,52.862838]]},"properties":{"@id":"way/104284559","bridge":"yes","electrified":"no","gauge":"1435","layer":"1","maxspeed":"45 mph","name":"Great Central Railway","operator":"Great Central Railway (Nottingham)","operator:wikidata":"Q5598945","railway":"rail","railway:preserved":"yes","ref":"MCJ3","usage":"main"},"id":"way/104284559"},{"type":"Feature","geometry":{"type":"LineString","coordinates":[[-1.173259,52.862838],[-1.17328,52.862798],[-1.174712,52.859757]]},"properties":{"@id":"way/104284561","electrified":"no","embankment":"yes","gauge":"1435","maxspeed":"45 mph","name":"Great Central Railway","operator":"Great Central Railway (Nottingham)","operator:wikidata":"Q5598945","railway":"rail","railway:preserved":"yes","ref":"MCJ3","usage":"main"},"id":"way/104284561"},{"type":"Feature","geometry":{"type":"LineString","coordinates":[[-1.48582,53.089627],[-1.485854,53.089677],[-1.485916,53.089748],[-1.485949,53.089798]]},"properties":{"@id":"way/109947075","electrified":"contact_line","frequency":"0","railway":"tram","voltage":"600"},"id":"way/109947075"},{"type":"Feature","geometry":{"type":"LineString","coordinates":[[-1.48582,53.089627],[-1.485894,53.089807],[-1.485965,53.089949],[-1.486048,53.090082],[-1.486131,53.090211],[-1.486171,53.09028],[-1.486252,53.090479],[-1.486491,53.090992],[-1.486622,53.091214],[-1.486645,53.091254],[-1.486837,53.091593],[-1.486869,53.091642],[-1.486924,53.091722],[-1.486958,53.09178],[-1.487128,53.092073],[-1.487163,53.092131],[-1.487175,53.092156],[-1.487243,53.092296],[-1.487318,53.092453],[-1.487373,53.092526],[-1.487395,53.092553],[-1.487437,53.092603],[-1.487521,53.092697],[-1.487614,53.092778],[-1.487813,53.092933],[-1.487927,53.093023],[-1.488253,53.093273],[-1.488443,53.093397],[-1.488566,53.093475],[-1.488682,53.093541],[-1.488844,53.093619]]},"properties":{"@id":"way/109947077","electrified":"contact_line","frequency":"0","gauge":"1435","name":"Crich Tramway","railway":"tram","source":"Bing","tracks":"1","usage":"tourism","voltage":"600"},"id":"way/109947077"},{"type":"Feature","geometry":{"type":"LineString","coordinates":[[-1.386033,53.062788],[-1.385842,53.06289],[-1.385584,53.063013],[-1.385224,53.063196],[-1.385089,53.063263],[-1.384967,53.063306],[-1.384858,53.063337],[-1.384743,53.063363],[-1.384633,53.063384],[-1.384524,53.0634],[-1.384391,53.063408],[-1.384216,53.063416],[-1.383954,53.063412],[-1.38365,53.063399],[-1.383377,53.063384],[-1.383235,53.063376],[-1.382713,53.063346],[-1.38254,53.063329],[-1.382394,53.063297],[-1.38215,53.063229],[-1.382071,53.063198],[-1.38202,53.063179],[-1.381868,53.06312],[-1.381608,53.063026],[-1.381226,53.062889],[-1.380992,53.062805],[-1.380511,53.062644],[-1.380262,53.062553],[-1.380144,53.062499],[-1.37986,53.062334],[-1.379505,53.0621],[-1.379409,53.062006],[-1.378799,53.061473],[-1.378241,53.060926],[-1.377371,53.060332],[-1.376143,53.059505],[-1.37511,53.058673],[-1.374556,53.058372],[-1.373975,53.057965],[-1.373766,53.057869],[-1.373433,53.057779]]},"properties":{"@id":"way/110018093","gauge":"610","name":"Golden Valley Light Railway","operator":"Ecclesbourne Valley Railway","operator:wikidata":"Q6842428","railway":"narrow_gauge","source":"OS OpenData","usage":"tourism"},"id":"way/110018093"},{"type":"Feature","geometry":{"type":"LineString","coordinates":[[-1.48675,53.091336],[-1.486736,53.091303],[-1.486727,53.091278],[-1.486702,53.091168]]},"properties":{"@id":"way/136728858","electrified":"contact_line","frequency":"0","gauge":"1435","name":"10","railway":"tram","service":"crossover","source":"yahoo","voltage":"600"},"id":"way/136728858"},{"type":"Feature","geometry":{"type":"LineString","coordinates":[[-1.486762,53.091862],[-1.487158,53.091773]]},"properties":{"@id":"way/136728865","bridge":"yes","electrified":"no","highway":"footway","layer":"1","lit":"yes","name":"Bowes-Lyon Bridge","railway":"tram","surface":"sett","tracks":"1"},"id":"way/136728865"},{"type":"Feature","geometry":{"type":"LineString","coordinates":[[-1.487321,53.091746],[-1.487483,53.091716],[-1.487583,53.091705],[-1.487655,53.091706]]},"properties":{"@id":"way/136728880","electrified":"no","highway":"track","railway":"tram","source":"Bing","surface":"sett","tracks":"1","tracktype":"grade1"},"id":"way/136728880"},{"type":"Feature","geometry":{"type":"LineString","coordinates":[[-1.485949,53.089798],[-1.486019,53.089937],[-1.486101,53.09007],[-1.486184,53.090202],[-1.486219,53.090268],[-1.486307,53.090469],[-1.486545,53.090981],[-1.486698,53.091241],[-1.48675,53.091336],[-1.486797,53.091422],[-1.486837,53.091496],[-1.486868,53.091553]]},"properties":{"@id":"way/136728885","electrified":"contact_line","frequency":"0","gauge":"1435","railway":"tram","source":"yahoo","tracks":"1","usage":"tourism","voltage":"600"},"id":"way/136728885"},{"type":"Feature","geometry":{"type":"LineString","coordinates":[[-1.486868,53.091553],[-1.486888,53.091596],[-1.486937,53.091721],[-1.486964,53.091777],[-1.487008,53.091851],[-1.48704,53.091889],[-1.487106,53.091986],[-1.487172,53.092089]]},"properties":{"@id":"way/136850034","electrified":"contact_line","frequency":"0","gauge":"1435","railway":"tram","source":"memory","tracks":"1","usage":"tourism","voltage":"600"},"id":"way/136850034"},{"type":"Feature","geometry":{"type":"LineString","coordinates":[[-1.486797,53.091422],[-1.486767,53.09138],[-1.486652,53.091252],[-1.486622,53.091214]]},"properties":{"@id":"way/151290707","electrified":"contact_line","frequency":"0","gauge":"1435","railway":"tram","service":"crossover","source":"survey_photographic","tracks":"1","usage":"tourism","voltage":"600"},"id":"way/151290707"},{"type":"Feature","geometry":{"type":"LineString","coordinates":[[-1.489413,52.988784],[-1.489254,52.988774],[-1.488756,52.988727],[-1.488254,52.988632],[-1.487855,52.988533],[-1.48732,52.988363],[-1.486998,52.988236],[-1.486698,52.988102],[-1.486436,52.987963],[-1.486201,52.987823],[-1.485997,52.98769],[-1.485854,52.987575],[-1.485633,52.987386]]},"properties":{"@id":"way/203147781","electrified":"no","gauge":"1435","name":"Wirksworth Branch Line","operator":"Ecclesbourne Valley Railway","operator:wikidata":"Q5332216","railway":"rail","railway:preserved":"yes","ref":"DJW"},"id":"way/203147781"},{"type":"Feature","geometry":{"type":"LineString","coordinates":[[-1.169275,52.911103],[-1.169303,52.911111],[-1.16934,52.911118],[-1.169397,52.911128]]},"properties":{"@id":"way/206437910","electrified":"contact_line","frequency":"0","gauge":"1435","name":"NET Line 2","railway":"tram","source":"City of Nottingham Open Data","source:licence":"Open Government Licence","source:url":"http://www.opendatanottingham.org.uk/dataset.aspx?id=37","tracks":"1","voltage":"750"},"id":"way/206437910"},{"type":"Feature","geometry":{"type":"LineString","coordinates":[[-1.269599,52.902061],[-1.269821,52.902366],[-1.270343,52.903105],[-1.270707,52.903597],[-1.271236,52.904359],[-1.271954,52.905365],[-1.272365,52.905953],[-1.272813,52.906578],[-1.273688,52.907808],[-1.274277,52.90862],[-1.274809,52.909377],[-1.275692,52.910626],[-1.275864,52.910849],[-1.276131,52.91124],[-1.276761,52.912115],[-1.277242,52.912802]]},"properties":{"@id":"way/211818878","gauge":"1435","loading_gauge":"W6A, W7, W8, W9, W10, W12","maxspeed":"45 mph","name":"Toton to Clay Cross Line","railway":"rail","ref":"TCC","ref:lor":"LN3207","source":"Bing"},"id":"way/211818878"},{"type":"Feature","geometry":{"type":"LineString","coordinates":[[-1.487321,53.091746],[-1.487158,53.091773]]},"properties":{"@id":"way/224191869","electrified":"no","highway":"footway","railway":"tram","source":"Bing","surface":"sett","tracks":"1"},"id":"way/224191869"},{"type":"Feature","geometry":{"type":"LineString","coordinates":[[-1.156248,52.925299],[-1.15624,52.925331],[-1.156232,52.925357],[-1.15622,52.925386],[-1.156206,52.92541]]},"properties":{"@id":"way/227105376","electrified":"contact_line","frequency":"0","gauge":"1435","name":"NET Phase 2","railway":"tram","source":"City of Nottingham Open Data","source:licence":"Open Government Licence","source:url":"http://www.opendatanottingham.org.uk/dataset.aspx?id=37","tracks":"1","voltage":"750"},"id":"way/227105376"},{"type":"Feature","geometry":{"type":"LineString","coordinates":[[-1.156088,52.92559],[-1.156073,52.92561],[-1.156068,52.925619],[-1.156042,52.925669],[-1.156029,52.925694]]},"properties":{"@id":"way/260641635","electrified":"contact_line","frequency":"0","gauge":"1435","name":"NET Phase 2","railway":"tram","source":"City of Nottingham Open Data","source:licence":"Open Government Licence","source:url":"http://www.opendatanottingham.org.uk/dataset.aspx?id=37","tracks":"1","voltage":"750"},"id":"way/260641635"},{"type":"Feature","geometry":{"type":"LineString","coordinates":[[-1.156029,52.925694],[-1.156017,52.925723],[-1.156011,52.925738],[-1.155998,52.92579],[-1.155991,52.925826]]},"properties":{"@id":"way/260641636","electrified":"contact_line","frequency":"0","gauge":"1435","name":"NET Phase 2","railway":"tram","source":"City of Nottingham Open Data","source:licence":"Open Government Licence","source:url":"http://www.opendatanottingham.org.uk/dataset.aspx?id=37","tracks":"1","voltage":"750"},"id":"way/260641636"},{"type":"Feature","geometry":{"type":"LineString","coordinates":[[-1.156206,52.92541],[-1.156168,52.925467],[-1.156143,52.925504],[-1.156088,52.92559]]},"properties":{"@id":"way/265734881","electrified":"contact_line","frequency":"0","gauge":"1435","name":"NET Phase 2","railway":"tram","source":"City of Nottingham Open Data","source:licence":"Open Government Licence","source:url":"http://www.opendatanottingham.org.uk/dataset.aspx?id=37","tracks":"1","voltage":"750"},"id":"way/265734881"},{"type":"Feature","geometry":{"type":"LineString","coordinates":[[-1.187827,52.740933],[-1.188154,52.741554]]},"properties":{"@id":"way/314606763","electrified":"no","gauge":"1435","maxspeed":"15 mph","name":"Great Central Railway","operator":"Great Central Railway","operator:wikidata":"Q5598946","railway":"rail","railway:preserved":"yes","service":"crossover"},"id":"way/314606763"},{"type":"Feature","geometry":{"type":"LineString","coordinates":[[-1.195802,52.767902],[-1.195697,52.767677],[-1.195592,52.767423],[-1.195483,52.767067]]},"properties":{"@id":"way/314608216","electrified":"no","gauge":"1435","maxspeed":"25 mph","name":"Great Central Railway","operator":"Great Central Railway","operator:wikidata":"Q5598946","railway":"rail","railway:preserved":"yes","service":"crossover"},"id":"way/314608216"},{"type":"Feature","geometry":{"type":"LineString","coordinates":[[-1.195979,52.770348],[-1.196053,52.770585],[-1.196126,52.770847],[-1.196155,52.771066]]},"properties":{"@id":"way/314609707","electrified":"no","gauge":"1435","maxspeed":"15 mph","name":"Great Central Railway","operator":"Great Central Railway","operator:wikidata":"Q5598946","railway":"rail","railway:preserved":"yes","service":"crossover"},"id":"way/314609707"},{"type":"Feature","geometry":{"type":"LineString","coordinates":[[-1.186155,52.735258],[-1.186488,52.736321],[-1.186675,52.736951],[-1.186924,52.737718],[-1.187216,52.738818],[-1.187336,52.739268],[-1.187396,52.739492],[-1.18759,52.740235],[-1.187686,52.740544],[-1.187827,52.740933],[-1.188176,52.741903],[-1.18921,52.745322],[-1.190025,52.74805],[-1.190425,52.749379],[-1.191309,52.75229],[-1.192195,52.75519],[-1.192628,52.756627],[-1.193386,52.759131],[-1.193836,52.760638],[-1.194453,52.762661],[-1.194684,52.763424],[-1.194797,52.763842],[-1.194888,52.764199],[-1.195179,52.765547],[-1.195294,52.766067],[-1.195385,52.766483],[-1.195483,52.767067],[-1.195659,52.768337],[-1.195935,52.769905],[-1.195979,52.770348],[-1.196016,52.770751],[-1.196017,52.771032],[-1.19601,52.771612],[-1.195977,52.771949],[-1.19596,52.772147],[-1.195907,52.772804]]},"properties":{"@id":"way/314609709","electrified":"no","gauge":"1435","maxspeed":"45 mph","name":"Great Central Railway","operator":"Great Central Railway","operator:wikidata":"Q5598946","railway":"rail","railway:preserved":"yes","ref":"MCJ3","usage":"main"},"id":"way/314609709"},{"type":"Feature","geometry":{"type":"LineString","coordinates":[[-1.375896,53.060826],[-1.376021,53.060917]]},"properties":{"@id":"way/351275326","bridge":"yes","electrified":"no","gauge":"1435","name":"Midland Railway Centre","operator":"Ecclesbourne Valley Railway","operator:wikidata":"Q6842428","railway":"rail","railway:preserved":"yes","ref":"APB","source":"NPE","usage":"branch"},"id":"way/351275326"},{"type":"Feature","geometry":{"type":"LineString","coordinates":[[-1.376021,53.060917],[-1.376917,53.061566],[-1.378258,53.062428],[-1.378703,53.062671],[-1.379438,53.062997],[-1.380048,53.063223],[-1.380674,53.063415]]},"properties":{"@id":"way/351275327","electrified":"no","gauge":"1435","name":"Midland Railway Centre","operator":"Ecclesbourne Valley Railway","operator:wikidata":"Q6842428","railway":"rail","railway:preserved":"yes","ref":"APB","source":"NPE","usage":"branch"},"id":"way/351275327"},{"type":"Feature","geometry":{"type":"LineString","coordinates":[[-1.373433,53.057779],[-1.373316,53.057748]]},"properties":{"@id":"way/351276420","bridge":"yes","gauge":"610","name":"Golden Valley Light Railway","operator":"Ecclesbourne Valley Railway","operator:wikidata":"Q6842428","railway":"narrow_gauge","source":"survey","usage":"tourism"},"id":"way/351276420"},{"type":"Feature","geometry":{"type":"LineString","coordinates":[[-1.373316,53.057748],[-1.373052,53.057642],[-1.372234,53.057509],[-1.371735,53.057421],[-1.371475,53.05734],[-1.371416,53.057313],[-1.371292,53.057255],[-1.3712,53.057213],[-1.371168,53.057198]]},"properties":{"@id":"way/351276423","gauge":"610","name":"Golden Valley Light Railway","operator":"Ecclesbourne Valley Railway","operator:wikidata":"Q6842428","railway":"narrow_gauge","source":"OS OpenData","usage":"tourism"},"id":"way/351276423"},{"type":"Feature","geometry":{"type":"LineString","coordinates":[[-1.342808,52.869645],[-1.342782,52.869826]]},"properties":{"@id":"way/387938977","railway":"light_rail"},"id":"way/387938977"},{"type":"Feature","geometry":{"type":"LineString","coordinates":[[-1.160204,52.890253],[-1.159957,52.890826],[-1.159705,52.891414],[-1.159678,52.891501],[-1.159665,52.891582],[-1.159647,52.891709]]},"properties":{"@id":"way/404650138","electrified":"no","gauge":"1435","maxspeed":"45 mph","name":"Great Central Railway","operator":"Great Central Railway (Nottingham)","operator:wikidata":"Q5598945","railway":"rail","railway:preserved":"yes","usage":"main"},"id":"way/404650138"},{"type":"Feature","geometry":{"type":"LineString","coordinates":[[-1.404066,53.063162],[-1.404327,53.063154]]},"properties":{"@id":"way/408746179","bridge":"yes","electrified":"no","gauge":"1435","name":"Midland Railway Centre","operator":"Ecclesbourne Valley Railway","operator:wikidata":"Q6842428","railway":"rail","railway:preserved":"yes","ref":"APB","source":"NPE"},"id":"way/408746179"},{"type":"Feature","geometry":{"type":"LineString","coordinates":[[-1.404327,53.063154],[-1.405295,53.063113],[-1.406145,53.063081]]},"properties":{"@id":"way/408746180","electrified":"no","embankment":"yes","gauge":"1435","name":"Midland Railway Centre","operator":"Ecclesbourne Valley Railway","operator:wikidata":"Q6842428","railway":"rail","railway:preserved":"yes","ref":"APB","source":"NPE","wikidata":"Q116283882"},"id":"way/408746180"},{"type":"Feature","geometry":{"type":"LineString","coordinates":[[-1.404065,53.063197],[-1.403762,53.063209],[-1.402496,53.06327]]},"properties":{"@id":"way/408752916","electrified":"no","embankment":"yes","gauge":"1435","name":"Midland Railway Centre","operator":"Ecclesbourne Valley Railway","operator:wikidata":"Q6842428","railway":"rail","railway:preserved":"yes","ref":"APB","wikidata":"Q116283882"},"id":"way/408752916"},{"type":"Feature","geometry":{"type":"LineString","coordinates":[[-1.404329,53.063188],[-1.404065,53.063197]]},"properties":{"@id":"way/408752918","bridge":"yes","electrified":"no","gauge":"1435","name":"Midland Railway Centre","operator":"Ecclesbourne Valley Railway","operator:wikidata":"Q6842428","railway":"rail","railway:preserved":"yes","ref":"APB"},"id":"way/408752918"},{"type":"Feature","geometry":{"type":"LineString","coordinates":[[-1.406956,53.063046],[-1.406457,53.0631]]},"properties":{"@id":"way/408752919","electrified":"no","gauge":"1435","operator":"Ecclesbourne Valley Railway","operator:wikidata":"Q6842428","railway":"rail","railway:preserved":"yes","service":"crossover"},"id":"way/408752919"},{"type":"Feature","geometry":{"type":"LineString","coordinates":[[-1.399295,53.063364],[-1.398939,53.063334]]},"properties":{"@id":"way/408752921","operator":"Ecclesbourne Valley Railway","operator:wikidata":"Q6842428","railway":"rail","railway:preserved":"yes","service":"crossover"},"id":"way/408752921"},{"type":"Feature","geometry":{"type":"LineString","coordinates":[[-1.41058,53.062933],[-1.409783,53.062964],[-1.409498,53.062975],[-1.408973,53.062996],[-1.408259,53.063026],[-1.407638,53.063048],[-1.406457,53.0631],[-1.406342,53.063105],[-1.406207,53.063111],[-1.406146,53.063113]]},"properties":{"@id":"way/408752928","electrified":"no","gauge":"1435","name":"Midland Railway Centre","operator":"Ecclesbourne Valley Railway","operator:wikidata":"Q6842428","railway":"rail","railway:preserved":"yes","ref":"APB"},"id":"way/408752928"},{"type":"Feature","geometry":{"type":"LineString","coordinates":[[-1.17954,52.84957],[-1.179547,52.849554],[-1.180568,52.847381],[-1.181769,52.844864],[-1.182435,52.843432],[-1.182728,52.84283],[-1.182792,52.842607]]},"properties":{"@id":"way/415092538","electrified":"no","gauge":"1435","maxspeed":"45 mph","name":"Great Central Railway","operator":"Great Central Railway (Nottingham)","operator:wikidata":"Q5598945","railway":"rail","railway:preserved":"yes","ref":"MCJ3","usage":"main"},"id":"way/415092538"},{"type":"Feature","geometry":{"type":"LineString","coordinates":[[-1.248698,53.040662],[-1.248703,53.040671],[-1.249235,53.041691]]},"properties":{"@id":"way/458304772","chainage_end":"12880.0","chainage_start":"69377.890625","construction":"embankment","construction:electrified":"contact_line","construction:frequency":"50","construction:voltage":"25000","embankment":"yes","gauge":"1435","highspeed":"yes","name:proposed":"HS2 Phase 2b - West Midlands to Leeds","proposed":"rail","proposed:railway":"rail","proposed:railway:etcs":"yes","railway":"proposed","ref:section":"HSL13A","route_version":"Nov 2016 Phase 2b West Midlands to Leeds Preferred Route","shape_length":"119.999999645","source":"data.gov.uk under OGL","url":"https://data.gov.uk/dataset/hs2-phase-two-from-the-west-midlands-to-leeds-and-manchester","usage":"main"},"id":"way/458304772"},{"type":"Feature","geometry":{"type":"LineString","coordinates":[[-1.28591,53.075969],[-1.285919,53.075976],[-1.286982,53.076776],[-1.28803,53.077595]]},"properties":{"@id":"way/458304774","chainage_end":"17710.0","chainage_start":"74097.890625","construction":"at_grade","construction:electrified":"contact_line","construction:frequency":"50","construction:voltage":"25000","gauge":"1435","highspeed":"yes","name:proposed":"HS2 Phase 2b - West Midlands to Leeds","proposed":"rail","proposed:railway":"rail","proposed:railway:etcs":"yes","railway":"proposed","ref:section":"HSL13A","route_version":"Nov 2016 Phase 2b West Midlands to Leeds Preferred Route","shape_length":"229.999968696","source":"data.gov.uk under OGL","url":"https://data.gov.uk/dataset/hs2-phase-two-from-the-west-midlands-to-leeds-and-manchester","usage":"main"},"id":"way/458304774"},{"type":"Feature","geometry":{"type":"LineString","coordinates":[[-1.255016,52.969406],[-1.255006,52.969413],[-1.254734,52.969615]]},"properties":{"@id":"way/458304786","chainage_end":"4200.0","chainage_start":"60787.8867188","construction":"at_grade","construction:electrified":"contact_line","construction:frequency":"50","construction:voltage":"25000","gauge":"1435","highspeed":"yes","name:proposed":"HS2 Phase 2b - West Midlands to Leeds","proposed":"rail","proposed:railway":"rail","proposed:railway:etcs":"yes","railway":"proposed","ref:section":"HSL13A","route_version":"Nov 2016 Phase 2b West Midlands to Leeds Preferred Route","shape_length":"30.0000123273","source":"data.gov.uk under OGL","url":"https://data.gov.uk/dataset/hs2-phase-two-from-the-west-midlands-to-leeds-and-manchester","usage":"main"},"id":"way/458304786"},{"type":"Feature","geometry":{"type":"LineString","coordinates":[[-1.253757,53.049686],[-1.253763,53.049694],[-1.254982,53.051423]]},"properties":{"@id":"way/458304792","chainage_end":"14030.0","chainage_start":"70437.890625","construction":"cutting","construction:electrified":"contact_line","construction:frequency":"50","construction:voltage":"25000","cutting":"yes","gauge":"1435","highspeed":"yes","name:proposed":"HS2 Phase 2b - West Midlands to Leeds","proposed":"rail","proposed:railway":"rail","proposed:railway:etcs":"yes","railway":"proposed","ref:section":"HSL13A","route_version":"Nov 2016 Phase 2b West Midlands to Leeds Preferred Route","shape_length":"209.999987757","source":"data.gov.uk under OGL","url":"https://data.gov.uk/dataset/hs2-phase-two-from-the-west-midlands-to-leeds-and-manchester","usage":"main"},"id":"way/458304792"},{"type":"Feature","geometry":{"type":"LineString","coordinates":[[-1.265478,52.867244],[-1.264892,52.86807],[-1.264343,52.868905],[-1.263825,52.869757]]},"properties":{"@id":"way/458304793","bridge":"yes","chainage_end":"11840.0","chainage_start":"45625.0117188","construction":"viaduct","construction:electrified":"contact_line","construction:frequency":"50","construction:voltage":"25000","gauge":"1435","highspeed":"yes","layer":"1","name:proposed":"HS2 Phase 2b - West Midlands to Leeds","proposed":"rail","proposed:railway":"rail","proposed:railway:etcs":"yes","railway":"proposed","ref:section":"HSL09B","route_version":"Nov 2016 Phase 2b West Midlands to Leeds Preferred Route","shape_length":"3240.0000348","source":"data.gov.uk under OGL","url":"https://data.gov.uk/dataset/hs2-phase-two-from-the-west-midlands-to-leeds-and-manchester","usage":"main"},"id":"way/458304793"},{"type":"Feature","geometry":{"type":"LineString","coordinates":[[-1.300608,53.091021],[-1.300614,53.091029],[-1.300718,53.091188]]},"properties":{"@id":"way/458304812","chainage_end":"19450.0","chainage_start":"76047.890625","construction":"at_grade","construction:electrified":"contact_line","construction:frequency":"50","construction:voltage":"25000","gauge":"1435","highspeed":"yes","name:proposed":"HS2 Phase 2b - West Midlands to Leeds","proposed":"rail","proposed:railway":"rail","proposed:railway:etcs":"yes","railway":"proposed","ref:section":"HSL13A","route_version":"Nov 2016 Phase 2b West Midlands to Leeds Preferred Route","shape_length":"20.0000140248","source":"data.gov.uk under OGL","url":"https://data.gov.uk/dataset/hs2-phase-two-from-the-west-midlands-to-leeds-and-manchester","usage":"main"},"id":"way/458304812"},{"type":"Feature","geometry":{"type":"LineString","coordinates":[[-1.290563,53.079709],[-1.290572,53.079716],[-1.291679,53.080708],[-1.292745,53.081706],[-1.293776,53.082717],[-1.294773,53.083741]]},"properties":{"@id":"way/458304839","chainage_end":"18530.0","chainage_start":"74617.890625","construction":"cutting","construction:electrified":"contact_line","construction:frequency":"50","construction:voltage":"25000","cutting":"yes","gauge":"1435","highspeed":"yes","name:proposed":"HS2 Phase 2b - West Midlands to Leeds","proposed":"rail","proposed:railway":"rail","proposed:railway:etcs":"yes","railway":"proposed","ref:section":"HSL13A","route_version":"Nov 2016 Phase 2b West Midlands to Leeds Preferred Route","shape_length":"530.000020856","source":"data.gov.uk under OGL","url":"https://data.gov.uk/dataset/hs2-phase-two-from-the-west-midlands-to-leeds-and-manchester","usage":"main"},"id":"way/458304839"},{"type":"Feature","geometry":{"type":"LineString","coordinates":[[-1.241039,52.979922],[-1.24103,52.97993],[-1.239932,52.980881],[-1.238879,52.981862]]},"properties":{"@id":"way/458304878","chainage_end":"5930.0","chainage_start":"62287.8867188","construction":"cutting","construction:electrified":"contact_line","construction:frequency":"50","construction:voltage":"25000","cutting":"yes","gauge":"1435","highspeed":"yes","name:proposed":"HS2 Phase 2b - West Midlands to Leeds","proposed":"rail","proposed:railway":"rail","proposed:railway:etcs":"yes","railway":"proposed","ref:section":"HSL13A","route_version":"Nov 2016 Phase 2b West Midlands to Leeds Preferred Route","shape_length":"259.999960128","source":"data.gov.uk under OGL","url":"https://data.gov.uk/dataset/hs2-phase-two-from-the-west-midlands-to-leeds-and-manchester","usage":"main"},"id":"way/458304878"},{"type":"Feature","geometry":{"type":"LineString","coordinates":[[-1.266831,53.063349],[-1.26684,53.063356],[-1.268225,53.064404]]},"properties":{"@id":"way/458304895","chainage_end":"15730.0","chainage_start":"72197.890625","construction":"cut_and_cover_tunnel","construction:electrified":"contact_line","construction:frequency":"50","construction:voltage":"25000","gauge":"1435","highspeed":"yes","layer":"-1","name:proposed":"HS2 Phase 2b - West Midlands to Leeds","proposed":"rail","proposed:railway":"rail","proposed:railway:etcs":"yes","railway":"proposed","ref:section":"HSL13A","route_version":"Nov 2016 Phase 2b West Midlands to Leeds Preferred Route","shape_length":"149.999941695","source":"data.gov.uk under OGL","tunnel":"yes","url":"https://data.gov.uk/dataset/hs2-phase-two-from-the-west-midlands-to-leeds-and-manchester","usage":"main"},"id":"way/458304895"},{"type":"Feature","geometry":{"type":"LineString","coordinates":[[-1.263209,52.870865],[-1.263204,52.870874],[-1.26303,52.871208]]},"properties":{"@id":"way/458304899","chainage_end":"12010.0","chainage_start":"48995.0117188","construction":"cutting","construction:electrified":"contact_line","construction:frequency":"50","construction:voltage":"25000","cutting":"yes","gauge":"1435","highspeed":"yes","name:proposed":"HS2 Phase 2b - West Midlands to Leeds","proposed":"rail","proposed:railway":"rail","proposed:railway:etcs":"yes","railway":"proposed","ref:section":"HSL09B","route_version":"Nov 2016 Phase 2b West Midlands to Leeds Preferred Route","shape_length":"39.9998907788","source":"data.gov.uk under OGL","url":"https://data.gov.uk/dataset/hs2-phase-two-from-the-west-midlands-to-leeds-and-manchester","usage":"main"},"id":"way/458304899"},{"type":"Feature","geometry":{"type":"LineString","coordinates":[[-1.233236,52.989081],[-1.233231,52.989089],[-1.232737,52.990022]]},"properties":{"@id":"way/458304941","bridge":"yes","chainage_end":"6930.0","chainage_start":"63437.8867188","construction":"viaduct","construction:electrified":"contact_line","construction:frequency":"50","construction:voltage":"25000","gauge":"1435","highspeed":"yes","layer":"1","name:proposed":"HS2 Phase 2b - West Midlands to Leeds","proposed":"rail","proposed:railway":"rail","proposed:railway:etcs":"yes","railway":"proposed","ref:section":"HSL13A","route_version":"Nov 2016 Phase 2b West Midlands to Leeds Preferred Route","shape_length":"110.000078709","source":"data.gov.uk under OGL","url":"https://data.gov.uk/dataset/hs2-phase-two-from-the-west-midlands-to-leeds-and-manchester","usage":"main"},"id":"way/458304941"},{"type":"Feature","geometry":{"type":"LineString","coordinates":[[-1.270935,53.066319],[-1.270945,53.066326],[-1.271534,53.06672]]},"properties":{"@id":"way/458304944","chainage_end":"16070.0","chainage_start":"72627.890625","construction":"cutting","construction:electrified":"contact_line","construction:frequency":"50","construction:voltage":"25000","cutting":"yes","gauge":"1435","highspeed":"yes","name:proposed":"HS2 Phase 2b - West Midlands to Leeds","proposed":"rail","proposed:railway":"rail","proposed:railway:etcs":"yes","railway":"proposed","ref:section":"HSL13A","route_version":"Nov 2016 Phase 2b West Midlands to Leeds Preferred Route","shape_length":"60.0000052817","source":"data.gov.uk under OGL","url":"https://data.gov.uk/dataset/hs2-phase-two-from-the-west-midlands-to-leeds-and-manchester","usage":"main"},"id":"way/458304944"},{"type":"Feature","geometry":{"type":"LineString","coordinates":[[-1.268505,52.900957],[-1.278039,52.91433]]},"properties":{"@id":"way/458304945","bridge":"yes","chainage_end":"1620.0","chainage_start":"52456.5273438","construction":"viaduct","construction:electrified":"contact_line","construction:frequency":"50","construction:voltage":"25000","gauge":"1435","highspeed":"yes","layer":"1","name:proposed":"HS2 Phase 2b - West Midlands to Leeds","proposed":"rail","proposed:railway":"rail","proposed:railway:etcs":"yes","railway":"proposed","ref:section":"HSL12","route_version":"Nov 2016 Phase 2b West Midlands to Leeds Preferred Route","shape_length":"1620.00000322","source":"data.gov.uk under OGL","url":"https://data.gov.uk/dataset/hs2-phase-two-from-the-west-midlands-to-leeds-and-manchester","usage":"main"},"id":"way/458304945"},{"type":"Feature","geometry":{"type":"LineString","coordinates":[[-1.247268,53.037918],[-1.247273,53.037926],[-1.247313,53.038004]]},"properties":{"@id":"way/458304961","chainage_end":"12450.0","chainage_start":"69057.890625","construction":"at_grade","construction:electrified":"contact_line","construction:frequency":"50","construction:voltage":"25000","gauge":"1435","highspeed":"yes","name:proposed":"HS2 Phase 2b - West Midlands to Leeds","proposed":"rail","proposed:railway":"rail","proposed:railway:etcs":"yes","railway":"proposed","ref:section":"HSL13A","route_version":"Nov 2016 Phase 2b West Midlands to Leeds Preferred Route","shape_length":"10.0000871343","source":"data.gov.uk under OGL","url":"https://data.gov.uk/dataset/hs2-phase-two-from-the-west-midlands-to-leeds-and-manchester","usage":"main"},"id":"way/458304961"},{"type":"Feature","geometry":{"type":"LineString","coordinates":[[-1.28159,53.072991],[-1.2816,53.072998],[-1.283497,53.074255]]},"properties":{"@id":"way/458304965","chainage_end":"17230.0","chainage_start":"73657.890625","construction":"cutting","construction:electrified":"contact_line","construction:frequency":"50","construction:voltage":"25000","cutting":"yes","gauge":"1435","highspeed":"yes","name:proposed":"HS2 Phase 2b - West Midlands to Leeds","proposed":"rail","proposed:railway":"rail","proposed:railway:etcs":"yes","railway":"proposed","ref:section":"HSL13A","route_version":"Nov 2016 Phase 2b West Midlands to Leeds Preferred Route","shape_length":"190.00000158","source":"data.gov.uk under OGL","url":"https://data.gov.uk/dataset/hs2-phase-two-from-the-west-midlands-to-leeds-and-manchester","usage":"main"},"id":"way/458304965"},{"type":"Feature","geometry":{"type":"LineString","coordinates":[[-1.230287,52.999494],[-1.230287,52.999503],[-1.230282,52.999764]]},"properties":{"@id":"way/458304969","chainage_end":"8030.0","chainage_start":"64617.8867188","construction":"embankment","construction:electrified":"contact_line","construction:frequency":"50","construction:voltage":"25000","embankment":"yes","gauge":"1435","highspeed":"yes","name:proposed":"HS2 Phase 2b - West Midlands to Leeds","proposed":"rail","proposed:railway":"rail","proposed:railway:etcs":"yes","railway":"proposed","ref:section":"HSL13A","route_version":"Nov 2016 Phase 2b West Midlands to Leeds Preferred Route","shape_length":"29.9999784551","source":"data.gov.uk under OGL","url":"https://data.gov.uk/dataset/hs2-phase-two-from-the-west-midlands-to-leeds-and-manchester","usage":"main"},"id":"way/458304969"},{"type":"Feature","geometry":{"type":"LineString","coordinates":[[-1.275443,53.069194],[-1.275453,53.069201],[-1.275547,53.069258]]},"properties":{"@id":"way/458304973","chainage_end":"16460.0","chainage_start":"73067.890625","construction":"at_grade","construction:electrified":"contact_line","construction:frequency":"50","construction:voltage":"25000","gauge":"1435","highspeed":"yes","name:proposed":"HS2 Phase 2b - West Midlands to Leeds","proposed":"rail","proposed:railway":"rail","proposed:railway:etcs":"yes","railway":"proposed","ref:section":"HSL13A","route_version":"Nov 2016 Phase 2b West Midlands to Leeds Preferred Route","shape_length":"9.99991786967","source":"data.gov.uk under OGL","url":"https://data.gov.uk/dataset/hs2-phase-two-from-the-west-midlands-to-leeds-and-manchester","usage":"main"},"id":"way/458304973"},{"type":"Feature","geometry":{"type":"LineString","coordinates":[[-1.283234,52.924618],[-1.283237,52.924627],[-1.283638,52.926308]]},"properties":{"@id":"way/458304974","chainage_end":"3010.0","chainage_start":"55276.5273438","construction":"embankment","construction:electrified":"contact_line","construction:frequency":"50","construction:voltage":"25000","gauge":"1435","highspeed":"yes","name:proposed":"HS2 Phase 2b - West Midlands to Leeds","proposed":"rail","proposed:railway":"rail","proposed:railway:etcs":"yes","railway":"proposed","ref:section":"HSL12","route_version":"Nov 2016 Phase 2b West Midlands to Leeds Preferred Route","shape_length":"189.999973745","source":"data.gov.uk under OGL","url":"https://data.gov.uk/dataset/hs2-phase-two-from-the-west-midlands-to-leeds-and-manchester","usage":"main"},"id":"way/458304974"},{"type":"Feature","geometry":{"type":"LineString","coordinates":[[-1.271293,52.955563],[-1.271285,52.955571],[-1.271137,52.955717]]},"properties":{"@id":"way/458304988","chainage_end":"2300.0","chainage_start":"58897.8867188","construction":"at_grade","construction:electrified":"contact_line","construction:frequency":"50","construction:voltage":"25000","gauge":"1435","highspeed":"yes","name:proposed":"HS2 Phase 2b - West Midlands to Leeds","proposed":"rail","proposed:railway":"rail","proposed:railway:etcs":"yes","railway":"proposed","ref:section":"HSL13A","route_version":"Nov 2016 Phase 2b West Midlands to Leeds Preferred Route","shape_length":"19.9999026151","source":"data.gov.uk under OGL","url":"https://data.gov.uk/dataset/hs2-phase-two-from-the-west-midlands-to-leeds-and-manchester","usage":"main"},"id":"way/458304988"},{"type":"Feature","geometry":{"type":"LineString","coordinates":[[-1.249369,53.041948],[-1.249373,53.041957],[-1.251198,53.045427],[-1.252424,53.047588]]},"properties":{"@id":"way/458304992","chainage_end":"13570.0","chainage_start":"69527.890625","construction":"cutting","construction:electrified":"contact_line","construction:frequency":"50","construction:voltage":"25000","cutting":"yes","gauge":"1435","highspeed":"yes","name:proposed":"HS2 Phase 2b - West Midlands to Leeds","proposed":"rail","proposed:railway":"rail","proposed:railway:etcs":"yes","railway":"proposed","ref:section":"HSL13A","route_version":"Nov 2016 Phase 2b West Midlands to Leeds Preferred Route","shape_length":"659.99996331","source":"data.gov.uk under OGL","url":"https://data.gov.uk/dataset/hs2-phase-two-from-the-west-midlands-to-leeds-and-manchester","usage":"main"},"id":"way/458304992"},{"type":"Feature","geometry":{"type":"LineString","coordinates":[[-1.288833,53.078244],[-1.288842,53.078251],[-1.289097,53.078461]]},"properties":{"@id":"way/458304995","chainage_end":"17830.0","chainage_start":"74417.890625","construction":"at_grade","construction:electrified":"contact_line","construction:frequency":"50","construction:voltage":"25000","gauge":"1435","highspeed":"yes","name:proposed":"HS2 Phase 2b - West Midlands to Leeds","proposed":"rail","proposed:railway":"rail","proposed:railway:etcs":"yes","railway":"proposed","ref:section":"HSL13A","route_version":"Nov 2016 Phase 2b West Midlands to Leeds Preferred Route","shape_length":"30.0000379347","source":"data.gov.uk under OGL","url":"https://data.gov.uk/dataset/hs2-phase-two-from-the-west-midlands-to-leeds-and-manchester","usage":"main"},"id":"way/458304995"},{"type":"Feature","geometry":{"type":"LineString","coordinates":[[-1.250796,52.972548],[-1.250786,52.972555],[-1.250514,52.972757]]},"properties":{"@id":"way/458305008","chainage_end":"4650.0","chainage_start":"61237.8867188","construction":"at_grade","construction:electrified":"contact_line","construction:frequency":"50","construction:voltage":"25000","gauge":"1435","highspeed":"yes","name:proposed":"HS2 Phase 2b - West Midlands to Leeds","proposed":"rail","proposed:railway":"rail","proposed:railway:etcs":"yes","railway":"proposed","ref:section":"HSL13A","route_version":"Nov 2016 Phase 2b West Midlands to Leeds Preferred Route","shape_length":"30.0000397468","source":"data.gov.uk under OGL","url":"https://data.gov.uk/dataset/hs2-phase-two-from-the-west-midlands-to-leeds-and-manchester","usage":"main"},"id":"way/458305008"},{"type":"Feature","geometry":{"type":"LineString","coordinates":[[-1.262102,52.963852],[-1.262093,52.96386],[-1.260423,52.965227],[-1.258713,52.966587]]},"properties":{"@id":"way/458305019","chainage_end":"3770.0","chainage_start":"60007.8867188","construction":"cutting","construction:electrified":"contact_line","construction:frequency":"50","construction:voltage":"25000","cutting":"yes","gauge":"1435","highspeed":"yes","name:proposed":"HS2 Phase 2b - West Midlands to Leeds","proposed":"rail","proposed:railway":"rail","proposed:railway:etcs":"yes","railway":"proposed","ref:section":"HSL13A","route_version":"Nov 2016 Phase 2b West Midlands to Leeds Preferred Route","shape_length":"380.000031516","source":"data.gov.uk under OGL","url":"https://data.gov.uk/dataset/hs2-phase-two-from-the-west-midlands-to-leeds-and-manchester","usage":"main"},"id":"way/458305019"},{"type":"Feature","geometry":{"type":"LineString","coordinates":[[-1.294921,53.083897],[-1.294928,53.083905],[-1.29618,53.085275],[-1.297377,53.086673]]},"properties":{"@id":"way/458305030","chainage_end":"18900.0","chainage_start":"75167.890625","construction":"embankment","construction:electrified":"contact_line","construction:frequency":"50","construction:voltage":"25000","embankment":"yes","gauge":"1435","highspeed":"yes","name:proposed":"HS2 Phase 2b - West Midlands to Leeds","proposed":"rail","proposed:railway":"rail","proposed:railway:etcs":"yes","railway":"proposed","ref:section":"HSL13A","route_version":"Nov 2016 Phase 2b West Midlands to Leeds Preferred Route","shape_length":"350.000015713","source":"data.gov.uk under OGL","url":"https://data.gov.uk/dataset/hs2-phase-two-from-the-west-midlands-to-leeds-and-manchester","usage":"main"},"id":"way/458305030"},{"type":"Feature","geometry":{"type":"LineString","coordinates":[[-1.23849,52.982245],[-1.238482,52.982252],[-1.238336,52.982399]]},"properties":{"@id":"way/458305042","chainage_end":"6000.0","chainage_start":"62597.8867188","construction":"cutting","construction:electrified":"contact_line","construction:frequency":"50","construction:voltage":"25000","cutting":"yes","gauge":"1435","highspeed":"yes","name:proposed":"HS2 Phase 2b - West Midlands to Leeds","proposed":"rail","proposed:railway":"rail","proposed:railway:etcs":"yes","railway":"proposed","ref:section":"HSL13A","route_version":"Nov 2016 Phase 2b West Midlands to Leeds Preferred Route","shape_length":"20.0000021531","source":"data.gov.uk under OGL","url":"https://data.gov.uk/dataset/hs2-phase-two-from-the-west-midlands-to-leeds-and-manchester","usage":"main"},"id":"way/458305042"},{"type":"Feature","geometry":{"type":"LineString","coordinates":[[-1.269081,53.065027],[-1.26909,53.065034],[-1.269466,53.065302]]},"properties":{"@id":"way/458305049","chainage_end":"15860.0","chainage_start":"72437.890625","construction":"at_grade","construction:electrified":"contact_line","construction:frequency":"50","construction:voltage":"25000","gauge":"1435","highspeed":"yes","name:proposed":"HS2 Phase 2b - West Midlands to Leeds","proposed":"rail","proposed:railway":"rail","proposed:railway:etcs":"yes","railway":"proposed","ref:section":"HSL13A","route_version":"Nov 2016 Phase 2b West Midlands to Leeds Preferred Route","shape_length":"39.9999611699","source":"data.gov.uk under OGL","url":"https://data.gov.uk/dataset/hs2-phase-two-from-the-west-midlands-to-leeds-and-manchester","usage":"main"},"id":"way/458305049"},{"type":"Feature","geometry":{"type":"LineString","coordinates":[[-1.262219,52.872937],[-1.262215,52.872946],[-1.262145,52.873111]]},"properties":{"@id":"way/458305050","chainage_end":"12230.0","chainage_start":"49235.0117188","construction":"cutting","construction:electrified":"contact_line","construction:frequency":"50","construction:voltage":"25000","cutting":"yes","gauge":"1435","highspeed":"yes","name:proposed":"HS2 Phase 2b - West Midlands to Leeds","proposed":"rail","proposed:railway":"rail","proposed:railway:etcs":"yes","railway":"proposed","ref:section":"HSL09B","route_version":"Nov 2016 Phase 2b West Midlands to Leeds Preferred Route","shape_length":"20.0000058825","source":"data.gov.uk under OGL","url":"https://data.gov.uk/dataset/hs2-phase-two-from-the-west-midlands-to-leeds-and-manchester","usage":"main"},"id":"way/458305050"},{"type":"Feature","geometry":{"type":"LineString","coordinates":[[-1.255474,53.052079],[-1.25548,53.052087],[-1.25625,53.053071],[-1.257056,53.054054],[-1.25788,53.055011],[-1.258748,53.055975],[-1.259639,53.056921],[-1.26056,53.057857],[-1.26151,53.058782],[-1.262488,53.059696]]},"properties":{"@id":"way/458305060","chainage_end":"15080.0","chainage_start":"70727.890625","construction":"embankment","construction:electrified":"contact_line","construction:frequency":"50","construction:voltage":"25000","embankment":"yes","gauge":"1435","highspeed":"yes","name:proposed":"HS2 Phase 2b - West Midlands to Leeds","proposed":"rail","proposed:railway":"rail","proposed:railway:etcs":"yes","railway":"proposed","ref:section":"HSL13A","route_version":"Nov 2016 Phase 2b West Midlands to Leeds Preferred Route","shape_length":"969.999995606","source":"data.gov.uk under OGL","url":"https://data.gov.uk/dataset/hs2-phase-two-from-the-west-midlands-to-leeds-and-manchester","usage":"main"},"id":"way/458305060"},{"type":"Feature","geometry":{"type":"LineString","coordinates":[[-1.263678,52.870012],[-1.263673,52.870021],[-1.263486,52.870352]]},"properties":{"@id":"way/458305061","chainage_end":"11910.0","chainage_start":"48895.0117188","construction":"at_grade","construction:electrified":"contact_line","construction:frequency":"50","construction:voltage":"25000","gauge":"1435","highspeed":"yes","name:proposed":"HS2 Phase 2b - West Midlands to Leeds","proposed":"rail","proposed:railway":"rail","proposed:railway:etcs":"yes","railway":"proposed","ref:section":"HSL09B","route_version":"Nov 2016 Phase 2b West Midlands to Leeds Preferred Route","shape_length":"40.0000194268","source":"data.gov.uk under OGL","url":"https://data.gov.uk/dataset/hs2-phase-two-from-the-west-midlands-to-leeds-and-manchester","usage":"main"},"id":"way/458305061"},{"type":"Feature","geometry":{"type":"LineString","coordinates":[[-1.301569,53.092532],[-1.301574,53.09254],[-1.302576,53.094272],[-1.30349,53.09603]]},"properties":{"@id":"way/458305063","chainage_end":"20020.0","chainage_start":"76227.890625","construction":"embankment","construction:electrified":"contact_line","construction:frequency":"50","construction:voltage":"25000","embankment":"yes","gauge":"1435","highspeed":"yes","name:proposed":"HS2 Phase 2b - West Midlands to Leeds","proposed":"rail","proposed:railway":"rail","proposed:railway:etcs":"yes","railway":"proposed","ref:section":"HSL13A","route_version":"Nov 2016 Phase 2b West Midlands to Leeds Preferred Route","shape_length":"410.000062163","source":"data.gov.uk under OGL","url":"https://data.gov.uk/dataset/hs2-phase-two-from-the-west-midlands-to-leeds-and-manchester","usage":"main"},"id":"way/458305063"},{"type":"Feature","geometry":{"type":"LineString","coordinates":[[-1.231117,52.99413],[-1.231115,52.994139],[-1.230891,52.994982],[-1.230703,52.995819]]},"properties":{"@id":"way/458305075","bridge":"yes","chainage_end":"7590.0","chainage_start":"64017.8867188","construction":"viaduct","construction:electrified":"contact_line","construction:frequency":"50","construction:voltage":"25000","gauge":"1435","highspeed":"yes","layer":"1","name:proposed":"HS2 Phase 2b - West Midlands to Leeds","proposed":"rail","proposed:railway":"rail","proposed:railway:etcs":"yes","railway":"proposed","ref:section":"HSL13A","route_version":"Nov 2016 Phase 2b West Midlands to Leeds Preferred Route","shape_length":"190.000009163","source":"data.gov.uk under OGL","url":"https://data.gov.uk/dataset/hs2-phase-two-from-the-west-midlands-to-leeds-and-manchester","usage":"main"},"id":"way/458305075"},{"type":"Feature","geometry":{"type":"LineString","coordinates":[[-1.273571,53.068034],[-1.273581,53.06804],[-1.274712,53.068745]]},"properties":{"@id":"way/458305078","chainage_end":"16380.0","chainage_start":"72887.890625","construction":"embankment","construction:electrified":"contact_line","construction:frequency":"50","construction:voltage":"25000","embankment":"yes","gauge":"1435","highspeed":"yes","name:proposed":"HS2 Phase 2b - West Midlands to Leeds","proposed":"rail","proposed:railway":"rail","proposed:railway:etcs":"yes","railway":"proposed","ref:section":"HSL13A","route_version":"Nov 2016 Phase 2b West Midlands to Leeds Preferred Route","shape_length":"109.999975651","source":"data.gov.uk under OGL","url":"https://data.gov.uk/dataset/hs2-phase-two-from-the-west-midlands-to-leeds-and-manchester","usage":"main"},"id":"way/458305078"},{"type":"Feature","geometry":{"type":"LineString","coordinates":[[-1.278333,52.914743],[-1.278339,52.914751],[-1.279425,52.916328],[-1.280307,52.91775]]},"properties":{"@id":"way/458305079","chainage_end":"2030.0","chainage_start":"54126.5273438","construction":"at_grade","construction:electrified":"contact_line","construction:frequency":"50","construction:voltage":"25000","gauge":"1435","highspeed":"yes","name:proposed":"HS2 Phase 2b - West Midlands to Leeds","proposed":"rail","proposed:railway":"rail","proposed:railway:etcs":"yes","railway":"proposed","ref:section":"HSL12","route_version":"Nov 2016 Phase 2b West Midlands to Leeds Preferred Route","shape_length":"360.000037435","source":"data.gov.uk under OGL","url":"https://data.gov.uk/dataset/hs2-phase-two-from-the-west-midlands-to-leeds-and-manchester","usage":"main"},"id":"way/458305079"},{"type":"Feature","geometry":{"type":"LineString","coordinates":[[-1.230287,53.000483],[-1.230287,53.000492],[-1.230352,53.001705],[-1.230488,53.002906]]},"properties":{"@id":"way/458305104","chainage_end":"8380.0","chainage_start":"64727.8867188","construction":"cutting","construction:electrified":"contact_line","construction:frequency":"50","construction:voltage":"25000","cutting":"yes","gauge":"1435","highspeed":"yes","name:proposed":"HS2 Phase 2b - West Midlands to Leeds","proposed":"rail","proposed:railway":"rail","proposed:railway:etcs":"yes","railway":"proposed","ref:section":"HSL13A","route_version":"Nov 2016 Phase 2b West Midlands to Leeds Preferred Route","shape_length":"269.999988689","source":"data.gov.uk under OGL","url":"https://data.gov.uk/dataset/hs2-phase-two-from-the-west-midlands-to-leeds-and-manchester","usage":"main"},"id":"way/458305104"},{"type":"Feature","geometry":{"type":"LineString","coordinates":[[-1.276386,53.06977],[-1.276396,53.069777],[-1.277121,53.070218]]},"properties":{"@id":"way/458305108","chainage_end":"16610.0","chainage_start":"73157.890625","construction":"at_grade","construction:electrified":"contact_line","construction:frequency":"50","construction:voltage":"25000","gauge":"1435","highspeed":"yes","name:proposed":"HS2 Phase 2b - West Midlands to Leeds","proposed":"rail","proposed:railway":"rail","proposed:railway:etcs":"yes","railway":"proposed","ref:section":"HSL13A","route_version":"Nov 2016 Phase 2b West Midlands to Leeds Preferred Route","shape_length":"69.9999922504","source":"data.gov.uk under OGL","url":"https://data.gov.uk/dataset/hs2-phase-two-from-the-west-midlands-to-leeds-and-manchester","usage":"main"},"id":"way/458305108"},{"type":"Feature","geometry":{"type":"LineString","coordinates":[[-1.26786,52.958826],[-1.267852,52.958833],[-1.267533,52.959126]]},"properties":{"@id":"way/458305120","chainage_end":"2750.0","chainage_start":"59327.8867188","construction":"at_grade","construction:electrified":"contact_line","construction:frequency":"50","construction:voltage":"25000","gauge":"1435","highspeed":"yes","name:proposed":"HS2 Phase 2b - West Midlands to Leeds","proposed":"rail","proposed:railway":"rail","proposed:railway:etcs":"yes","railway":"proposed","ref:section":"HSL13A","route_version":"Nov 2016 Phase 2b West Midlands to Leeds Preferred Route","shape_length":"39.9999999516","source":"data.gov.uk under OGL","url":"https://data.gov.uk/dataset/hs2-phase-two-from-the-west-midlands-to-leeds-and-manchester","usage":"main"},"id":"way/458305120"},{"type":"Feature","geometry":{"type":"LineString","coordinates":[[-1.248609,53.040491],[-1.248614,53.040499],[-1.248698,53.040662]]},"properties":{"@id":"way/458305130","chainage_end":"12760.0","chainage_start":"69357.890625","construction":"at_grade","construction:electrified":"contact_line","construction:frequency":"50","construction:voltage":"25000","gauge":"1435","highspeed":"yes","name:proposed":"HS2 Phase 2b - West Midlands to Leeds","proposed":"rail","proposed:railway":"rail","proposed:railway:etcs":"yes","railway":"proposed","ref:section":"HSL13A","route_version":"Nov 2016 Phase 2b West Midlands to Leeds Preferred Route","shape_length":"19.9999840973","source":"data.gov.uk under OGL","url":"https://data.gov.uk/dataset/hs2-phase-two-from-the-west-midlands-to-leeds-and-manchester","usage":"main"},"id":"way/458305130"},{"type":"Feature","geometry":{"type":"LineString","coordinates":[[-1.284086,53.074661],[-1.284096,53.074668],[-1.28591,53.075969]]},"properties":{"@id":"way/458305132","chainage_end":"17480.0","chainage_start":"73907.890625","construction":"embankment","construction:electrified":"contact_line","construction:frequency":"50","construction:voltage":"25000","embankment":"yes","gauge":"1435","highspeed":"yes","name:proposed":"HS2 Phase 2b - West Midlands to Leeds","proposed":"rail","proposed:railway":"rail","proposed:railway:etcs":"yes","railway":"proposed","ref:section":"HSL13A","route_version":"Nov 2016 Phase 2b West Midlands to Leeds Preferred Route","shape_length":"190.000054854","source":"data.gov.uk under OGL","url":"https://data.gov.uk/dataset/hs2-phase-two-from-the-west-midlands-to-leeds-and-manchester","usage":"main"},"id":"way/458305132"},{"type":"Feature","geometry":{"type":"LineString","coordinates":[[-1.258166,52.967014],[-1.258157,52.967021],[-1.255016,52.969406]]},"properties":{"@id":"way/458305145","chainage_end":"4170.0","chainage_start":"60447.8867188","construction":"cutting","construction:electrified":"contact_line","construction:frequency":"50","construction:voltage":"25000","cutting":"yes","gauge":"1435","highspeed":"yes","name:proposed":"HS2 Phase 2b - West Midlands to Leeds","proposed":"rail","proposed:railway":"rail","proposed:railway:etcs":"yes","railway":"proposed","ref:section":"HSL13A","route_version":"Nov 2016 Phase 2b West Midlands to Leeds Preferred Route","shape_length":"340.000017055","source":"data.gov.uk under OGL","url":"https://data.gov.uk/dataset/hs2-phase-two-from-the-west-midlands-to-leeds-and-manchester","usage":"main"},"id":"way/458305145"},{"type":"Feature","geometry":{"type":"LineString","coordinates":[[-1.253425,53.049185],[-1.25343,53.049194],[-1.253757,53.049686]]},"properties":{"@id":"way/458305152","chainage_end":"13820.0","chainage_start":"70377.890625","construction":"at_grade","construction:electrified":"contact_line","construction:frequency":"50","construction:voltage":"25000","gauge":"1435","highspeed":"yes","name:proposed":"HS2 Phase 2b - West Midlands to Leeds","proposed":"rail","proposed:railway":"rail","proposed:railway:etcs":"yes","railway":"proposed","ref:section":"HSL13A","route_version":"Nov 2016 Phase 2b West Midlands to Leeds Preferred Route","shape_length":"59.9999614716","source":"data.gov.uk under OGL","url":"https://data.gov.uk/dataset/hs2-phase-two-from-the-west-midlands-to-leeds-and-manchester","usage":"main"},"id":"way/458305152"},{"type":"Feature","geometry":{"type":"LineString","coordinates":[[-1.300102,53.090271],[-1.300108,53.090279],[-1.300608,53.091021]]},"properties":{"@id":"way/458305159","chainage_end":"19430.0","chainage_start":"75957.890625","construction":"embankment","construction:electrified":"contact_line","construction:frequency":"50","construction:voltage":"25000","embankment":"yes","gauge":"1435","highspeed":"yes","name:proposed":"HS2 Phase 2b - West Midlands to Leeds","proposed":"rail","proposed:railway":"rail","proposed:railway:etcs":"yes","railway":"proposed","ref:section":"HSL13A","route_version":"Nov 2016 Phase 2b West Midlands to Leeds Preferred Route","shape_length":"89.9999312271","source":"data.gov.uk under OGL","url":"https://data.gov.uk/dataset/hs2-phase-two-from-the-west-midlands-to-leeds-and-manchester","usage":"main"},"id":"way/458305159"},{"type":"Feature","geometry":{"type":"LineString","coordinates":[[-1.290223,53.079413],[-1.290232,53.07942],[-1.290563,53.079709]]},"properties":{"@id":"way/458305166","chainage_end":"18000.0","chainage_start":"74577.890625","construction":"at_grade","construction:electrified":"contact_line","construction:frequency":"50","construction:voltage":"25000","gauge":"1435","highspeed":"yes","name:proposed":"HS2 Phase 2b - West Midlands to Leeds","proposed":"rail","proposed:railway":"rail","proposed:railway:etcs":"yes","railway":"proposed","ref:section":"HSL13A","route_version":"Nov 2016 Phase 2b West Midlands to Leeds Preferred Route","shape_length":"40.0000248057","source":"data.gov.uk under OGL","url":"https://data.gov.uk/dataset/hs2-phase-two-from-the-west-midlands-to-leeds-and-manchester","usage":"main"},"id":"way/458305166"},{"type":"Feature","geometry":{"type":"LineString","coordinates":[[-1.248544,52.974223],[-1.248535,52.97423],[-1.243279,52.97815],[-1.24207,52.979086],[-1.241039,52.979922]]},"properties":{"@id":"way/458305180","chainage_end":"5670.0","chainage_start":"61477.8867188","construction":"cut_and_cover_tunnel","construction:electrified":"contact_line","construction:frequency":"50","construction:voltage":"25000","gauge":"1435","highspeed":"yes","layer":"-1","name:proposed":"HS2 Phase 2b - West Midlands to Leeds","proposed":"rail","proposed:railway":"rail","proposed:railway:etcs":"yes","railway":"proposed","ref:section":"HSL13A","route_version":"Nov 2016 Phase 2b West Midlands to Leeds Preferred Route","shape_length":"810.000036376","source":"data.gov.uk under OGL","tunnel":"yes","url":"https://data.gov.uk/dataset/hs2-phase-two-from-the-west-midlands-to-leeds-and-manchester","usage":"main"},"id":"way/458305180"},{"type":"Feature","geometry":{"type":"LineString","coordinates":[[-1.263235,53.060368],[-1.263243,53.060376],[-1.264993,53.061876],[-1.266831,53.063349]]},"properties":{"@id":"way/458305185","chainage_end":"15580.0","chainage_start":"71787.890625","construction":"cutting","construction:electrified":"contact_line","construction:frequency":"50","construction:voltage":"25000","cutting":"yes","gauge":"1435","highspeed":"yes","name:proposed":"HS2 Phase 2b - West Midlands to Leeds","proposed":"rail","proposed:railway":"rail","proposed:railway:etcs":"yes","railway":"proposed","ref:section":"HSL13A","route_version":"Nov 2016 Phase 2b West Midlands to Leeds Preferred Route","shape_length":"410.000060523","source":"data.gov.uk under OGL","url":"https://data.gov.uk/dataset/hs2-phase-two-from-the-west-midlands-to-leeds-and-manchester","usage":"main"},"id":"way/458305185"},{"type":"Feature","geometry":{"type":"LineString","coordinates":[[-1.263254,52.870779],[-1.26325,52.870788],[-1.263209,52.870865]]},"properties":{"@id":"way/458305186","chainage_end":"11970.0","chainage_start":"48985.0117188","construction":"at_grade","construction:electrified":"contact_line","construction:frequency":"50","construction:voltage":"25000","gauge":"1435","highspeed":"yes","name:proposed":"HS2 Phase 2b - West Midlands to Leeds","proposed":"rail","proposed:railway":"rail","proposed:railway:etcs":"yes","railway":"proposed","ref:section":"HSL09B","route_version":"Nov 2016 Phase 2b West Midlands to Leeds Preferred Route","shape_length":"10.0000421204","source":"data.gov.uk under OGL","url":"https://data.gov.uk/dataset/hs2-phase-two-from-the-west-midlands-to-leeds-and-manchester","usage":"main"},"id":"way/458305186"},{"type":"Feature","geometry":{"type":"LineString","coordinates":[[-1.230289,52.999404],[-1.230289,52.999413],[-1.230287,52.999494]]},"properties":{"@id":"way/458305202","chainage_end":"8000.0","chainage_start":"64607.8867188","construction":"at_grade","construction:electrified":"contact_line","construction:frequency":"50","construction:voltage":"25000","gauge":"1435","highspeed":"yes","name:proposed":"HS2 Phase 2b - West Midlands to Leeds","proposed":"rail","proposed:railway":"rail","proposed:railway:etcs":"yes","railway":"proposed","ref:section":"HSL13A","route_version":"Nov 2016 Phase 2b West Midlands to Leeds Preferred Route","shape_length":"10.0000273457","source":"data.gov.uk under OGL","url":"https://data.gov.uk/dataset/hs2-phase-two-from-the-west-midlands-to-leeds-and-manchester","usage":"main"},"id":"way/458305202"},{"type":"Feature","geometry":{"type":"LineString","coordinates":[[-1.274816,53.068809],[-1.274826,53.068815],[-1.275443,53.069194]]},"properties":{"@id":"way/458305206","chainage_end":"16450.0","chainage_start":"73007.890625","construction":"embankment","construction:electrified":"contact_line","construction:frequency":"50","construction:voltage":"25000","embankment":"yes","gauge":"1435","highspeed":"yes","name:proposed":"HS2 Phase 2b - West Midlands to Leeds","proposed":"rail","proposed:railway":"rail","proposed:railway:etcs":"yes","railway":"proposed","ref:section":"HSL13A","route_version":"Nov 2016 Phase 2b West Midlands to Leeds Preferred Route","shape_length":"60.0000894346","source":"data.gov.uk under OGL","url":"https://data.gov.uk/dataset/hs2-phase-two-from-the-west-midlands-to-leeds-and-manchester","usage":"main"},"id":"way/458305206"},{"type":"Feature","geometry":{"type":"LineString","coordinates":[[-1.238184,52.982553],[-1.238176,52.982561],[-1.237435,52.983341],[-1.236729,52.984132],[-1.236057,52.984934],[-1.23542,52.985747],[-1.234818,52.986569],[-1.234253,52.9874],[-1.233729,52.988232],[-1.233236,52.989081]]},"properties":{"@id":"way/458305210","chainage_end":"6820.0","chainage_start":"62637.8867188","construction":"embankment","construction:electrified":"contact_line","construction:frequency":"50","construction:voltage":"25000","embankment":"yes","gauge":"1435","highspeed":"yes","name:proposed":"HS2 Phase 2b - West Midlands to Leeds","proposed":"rail","proposed:railway":"rail","proposed:railway:etcs":"yes","railway":"proposed","ref:section":"HSL13A","route_version":"Nov 2016 Phase 2b West Midlands to Leeds Preferred Route","shape_length":"799.999904768","source":"data.gov.uk under OGL","url":"https://data.gov.uk/dataset/hs2-phase-two-from-the-west-midlands-to-leeds-and-manchester","usage":"main"},"id":"way/458305210"},{"type":"Feature","geometry":{"type":"LineString","coordinates":[[-1.270244,53.065847],[-1.270254,53.065854],[-1.270935,53.066319]]},"properties":{"@id":"way/458305213","chainage_end":"16010.0","chainage_start":"72557.890625","construction":"at_grade","construction:electrified":"contact_line","construction:frequency":"50","construction:voltage":"25000","gauge":"1435","highspeed":"yes","name:proposed":"HS2 Phase 2b - West Midlands to Leeds","proposed":"rail","proposed:railway":"rail","proposed:railway:etcs":"yes","railway":"proposed","ref:section":"HSL13A","route_version":"Nov 2016 Phase 2b West Midlands to Leeds Preferred Route","shape_length":"70.0000269363","source":"data.gov.uk under OGL","url":"https://data.gov.uk/dataset/hs2-phase-two-from-the-west-midlands-to-leeds-and-manchester","usage":"main"},"id":"way/458305213"},{"type":"Feature","geometry":{"type":"LineString","coordinates":[[-1.262073,52.873286],[-1.262069,52.873294],[-1.261734,52.874152],[-1.261431,52.875013],[-1.261162,52.875879],[-1.260923,52.876757],[-1.260719,52.877629],[-1.260547,52.878513],[-1.260409,52.879399],[-1.260311,52.880251],[-1.260248,52.881095],[-1.26022,52.88194],[-1.260226,52.882785],[-1.260266,52.883629],[-1.260341,52.884473],[-1.26045,52.885316],[-1.260593,52.886156],[-1.260771,52.886994],[-1.260968,52.887776],[-1.261194,52.888555],[-1.261447,52.889322],[-1.261733,52.890094],[-1.262048,52.890862],[-1.262387,52.891616],[-1.262756,52.892366],[-1.263157,52.893119],[-1.263848,52.894296],[-1.264663,52.895542],[-1.268505,52.900957]]},"properties":{"@id":"way/458305214","bridge":"yes","chainage_end":"15431.515625","chainage_start":"49275.0117188","construction":"viaduct","construction:electrified":"contact_line","construction:frequency":"50","construction:voltage":"25000","gauge":"1435","highspeed":"yes","layer":"1","name:proposed":"HS2 Phase 2b - West Midlands to Leeds","proposed":"rail","proposed:railway":"rail","proposed:railway:etcs":"yes","railway":"proposed","ref:section":"HSL09B","route_version":"Nov 2016 Phase 2b West Midlands to Leeds Preferred Route","shape_length":"3181.51626154","source":"data.gov.uk under OGL","url":"https://data.gov.uk/dataset/hs2-phase-two-from-the-west-midlands-to-leeds-and-manchester","usage":"main"},"id":"way/458305214"},{"type":"Feature","geometry":{"type":"LineString","coordinates":[[-1.230542,53.003264],[-1.230543,53.003273],[-1.230693,53.004104],[-1.230874,53.004924],[-1.231088,53.005741],[-1.231337,53.006563],[-1.231614,53.007364],[-1.231925,53.008169],[-1.232268,53.00897],[-1.232672,53.009835],[-1.233628,53.011727],[-1.247268,53.037918]]},"properties":{"@id":"way/458305230","chainage_end":"12440.0","chainage_start":"65037.8867188","construction":"embankment","construction:electrified":"contact_line","construction:frequency":"50","construction:voltage":"25000","embankment":"yes","gauge":"1435","highspeed":"yes","name:proposed":"HS2 Phase 2b - West Midlands to Leeds","proposed":"rail","proposed:railway":"rail","proposed:railway:etcs":"yes","railway":"proposed","ref:section":"HSL13A","route_version":"Nov 2016 Phase 2b West Midlands to Leeds Preferred Route","shape_length":"4019.99997878","source":"data.gov.uk under OGL","url":"https://data.gov.uk/dataset/hs2-phase-two-from-the-west-midlands-to-leeds-and-manchester","usage":"main"},"id":"way/458305230"},{"type":"Feature","geometry":{"type":"LineString","coordinates":[[-1.281386,53.07286],[-1.281396,53.072866],[-1.28159,53.072991]]},"properties":{"@id":"way/458305241","chainage_end":"17040.0","chainage_start":"73637.890625","construction":"at_grade","construction:electrified":"contact_line","construction:frequency":"50","construction:voltage":"25000","gauge":"1435","highspeed":"yes","name:proposed":"HS2 Phase 2b - West Midlands to Leeds","proposed":"rail","proposed:railway":"rail","proposed:railway:etcs":"yes","railway":"proposed","ref:section":"HSL13A","route_version":"Nov 2016 Phase 2b West Midlands to Leeds Preferred Route","shape_length":"19.9999379708","source":"data.gov.uk under OGL","url":"https://data.gov.uk/dataset/hs2-phase-two-from-the-west-midlands-to-leeds-and-manchester","usage":"main"},"id":"way/458305241"},{"type":"Feature","geometry":{"type":"LineString","coordinates":[[-1.282862,52.92338],[-1.282865,52.923389],[-1.283234,52.924618]]},"properties":{"@id":"way/458305282","chainage_end":"2820.0","chainage_start":"55136.5273438","construction":"at_grade","construction:electrified":"contact_line","construction:frequency":"50","construction:voltage":"25000","gauge":"1435","highspeed":"yes","name:proposed":"HS2 Phase 2b - West Midlands to Leeds","proposed":"rail","proposed:railway":"rail","proposed:railway:etcs":"yes","railway":"proposed","ref:section":"HSL12","route_version":"Nov 2016 Phase 2b West Midlands to Leeds Preferred Route","shape_length":"139.999993141","source":"data.gov.uk under OGL","url":"https://data.gov.uk/dataset/hs2-phase-two-from-the-west-midlands-to-leeds-and-manchester","usage":"main"},"id":"way/458305282"},{"type":"Feature","geometry":{"type":"LineString","coordinates":[[-1.276905,52.949532],[-1.276898,52.94954],[-1.275669,52.950987],[-1.274386,52.952408],[-1.273046,52.953809],[-1.271293,52.955563]]},"properties":{"@id":"way/458305329","chainage_end":"2280.0","chainage_start":"58127.8867188","construction":"embankment","construction:electrified":"contact_line","construction:frequency":"50","construction:voltage":"25000","embankment":"yes","gauge":"1435","highspeed":"yes","name:proposed":"HS2 Phase 2b - West Midlands to Leeds","proposed":"rail","proposed:railway":"rail","proposed:railway:etcs":"yes","railway":"proposed","ref:section":"HSL13A","route_version":"Nov 2016 Phase 2b West Midlands to Leeds Preferred Route","shape_length":"770.000053857","source":"data.gov.uk under OGL","url":"https://data.gov.uk/dataset/hs2-phase-two-from-the-west-midlands-to-leeds-and-manchester","usage":"main"},"id":"way/458305329"},{"type":"Feature","geometry":{"type":"LineString","coordinates":[[-1.249235,53.041691],[-1.249239,53.0417],[-1.249369,53.041948]]},"properties":{"@id":"way/458305343","chainage_end":"12910.0","chainage_start":"69497.890625","construction":"at_grade","construction:electrified":"contact_line","construction:frequency":"50","construction:voltage":"25000","gauge":"1435","highspeed":"yes","name:proposed":"HS2 Phase 2b - West Midlands to Leeds","proposed":"rail","proposed:railway":"rail","proposed:railway:etcs":"yes","railway":"proposed","ref:section":"HSL13A","route_version":"Nov 2016 Phase 2b West Midlands to Leeds Preferred Route","shape_length":"30.0000712243","source":"data.gov.uk under OGL","url":"https://data.gov.uk/dataset/hs2-phase-two-from-the-west-midlands-to-leeds-and-manchester","usage":"main"},"id":"way/458305343"},{"type":"Feature","geometry":{"type":"LineString","coordinates":[[-1.28803,53.077595],[-1.288039,53.077602],[-1.288833,53.078244]]},"properties":{"@id":"way/458305353","chainage_end":"17800.0","chainage_start":"74327.890625","construction":"cutting","construction:electrified":"contact_line","construction:frequency":"50","construction:voltage":"25000","cutting":"yes","gauge":"1435","highspeed":"yes","name:proposed":"HS2 Phase 2b - West Midlands to Leeds","proposed":"rail","proposed:railway":"rail","proposed:railway:etcs":"yes","railway":"proposed","ref:section":"HSL13A","route_version":"Nov 2016 Phase 2b West Midlands to Leeds Preferred Route","shape_length":"90.0000122874","source":"data.gov.uk under OGL","url":"https://data.gov.uk/dataset/hs2-phase-two-from-the-west-midlands-to-leeds-and-manchester","usage":"main"},"id":"way/458305353"},{"type":"Feature","geometry":{"type":"LineString","coordinates":[[-1.254734,52.969615],[-1.254725,52.969622],[-1.250796,52.972548]]},"properties":{"@id":"way/458305366","chainage_end":"4620.0","chainage_start":"60817.8867188","construction":"embankment","construction:electrified":"contact_line","construction:frequency":"50","construction:voltage":"25000","embankment":"yes","gauge":"1435","highspeed":"yes","name:proposed":"HS2 Phase 2b - West Midlands to Leeds","proposed":"rail","proposed:railway":"rail","proposed:railway:etcs":"yes","railway":"proposed","ref:section":"HSL13A","route_version":"Nov 2016 Phase 2b West Midlands to Leeds Preferred Route","shape_length":"419.999978249","source":"data.gov.uk under OGL","url":"https://data.gov.uk/dataset/hs2-phase-two-from-the-west-midlands-to-leeds-and-manchester","usage":"main"},"id":"way/458305366"},{"type":"Feature","geometry":{"type":"LineString","coordinates":[[-1.254982,53.051423],[-1.254989,53.051432],[-1.255474,53.052079]]},"properties":{"@id":"way/458305372","chainage_end":"14110.0","chainage_start":"70647.890625","construction":"at_grade","construction:electrified":"contact_line","construction:frequency":"50","construction:voltage":"25000","gauge":"1435","highspeed":"yes","name:proposed":"HS2 Phase 2b - West Midlands to Leeds","proposed":"rail","proposed:railway":"rail","proposed:railway:etcs":"yes","railway":"proposed","ref:section":"HSL13A","route_version":"Nov 2016 Phase 2b West Midlands to Leeds Preferred Route","shape_length":"80.0000666398","source":"data.gov.uk under OGL","url":"https://data.gov.uk/dataset/hs2-phase-two-from-the-west-midlands-to-leeds-and-manchester","usage":"main"},"id":"way/458305372"},{"type":"Feature","geometry":{"type":"LineString","coordinates":[[-1.263825,52.869757],[-1.26382,52.869766],[-1.263678,52.870012]]},"properties":{"@id":"way/458305373","chainage_end":"11870.0","chainage_start":"48865.0117188","construction":"embankment","construction:electrified":"contact_line","construction:frequency":"50","construction:voltage":"25000","embankment":"yes","gauge":"1435","highspeed":"yes","name:proposed":"HS2 Phase 2b - West Midlands to Leeds","proposed":"rail","proposed:railway":"rail","proposed:railway:etcs":"yes","railway":"proposed","ref:section":"HSL09B","route_version":"Nov 2016 Phase 2b West Midlands to Leeds Preferred Route","shape_length":"29.9999339909","source":"data.gov.uk under OGL","url":"https://data.gov.uk/dataset/hs2-phase-two-from-the-west-midlands-to-leeds-and-manchester","usage":"main"},"id":"way/458305373"},{"type":"Feature","geometry":{"type":"LineString","coordinates":[[-1.263837,52.962391],[-1.263828,52.962399],[-1.262102,52.963852]]},"properties":{"@id":"way/458305378","chainage_end":"3390.0","chainage_start":"59807.8867188","construction":"at_grade","construction:electrified":"contact_line","construction:frequency":"50","construction:voltage":"25000","gauge":"1435","highspeed":"yes","name:proposed":"HS2 Phase 2b - West Midlands to Leeds","proposed":"rail","proposed:railway":"rail","proposed:railway:etcs":"yes","railway":"proposed","ref:section":"HSL13A","route_version":"Nov 2016 Phase 2b West Midlands to Leeds Preferred Route","shape_length":"199.999967767","source":"data.gov.uk under OGL","url":"https://data.gov.uk/dataset/hs2-phase-two-from-the-west-midlands-to-leeds-and-manchester","usage":"main"},"id":"way/458305378"},{"type":"Feature","geometry":{"type":"LineString","coordinates":[[-1.294773,53.083741],[-1.29478,53.083749],[-1.294921,53.083897]]},"properties":{"@id":"way/458305389","chainage_end":"18550.0","chainage_start":"75147.890625","construction":"at_grade","construction:electrified":"contact_line","construction:frequency":"50","construction:voltage":"25000","gauge":"1435","highspeed":"yes","name:proposed":"HS2 Phase 2b - West Midlands to Leeds","proposed":"rail","proposed:railway":"rail","proposed:railway:etcs":"yes","railway":"proposed","ref:section":"HSL13A","route_version":"Nov 2016 Phase 2b West Midlands to Leeds Preferred Route","shape_length":"20.0000168931","source":"data.gov.uk under OGL","url":"https://data.gov.uk/dataset/hs2-phase-two-from-the-west-midlands-to-leeds-and-manchester","usage":"main"},"id":"way/458305389"},{"type":"Feature","geometry":{"type":"LineString","coordinates":[[-1.238879,52.981862],[-1.238872,52.981869],[-1.23849,52.982245]]},"properties":{"@id":"way/458305412","chainage_end":"5980.0","chainage_start":"62547.8867188","construction":"at_grade","construction:electrified":"contact_line","construction:frequency":"50","construction:voltage":"25000","gauge":"1435","highspeed":"yes","name:proposed":"HS2 Phase 2b - West Midlands to Leeds","proposed":"rail","proposed:railway":"rail","proposed:railway:etcs":"yes","railway":"proposed","ref:section":"HSL13A","route_version":"Nov 2016 Phase 2b West Midlands to Leeds Preferred Route","shape_length":"50.0000511122","source":"data.gov.uk under OGL","url":"https://data.gov.uk/dataset/hs2-phase-two-from-the-west-midlands-to-leeds-and-manchester","usage":"main"},"id":"way/458305412"},{"type":"Feature","geometry":{"type":"LineString","coordinates":[[-1.268225,53.064404],[-1.268234,53.064411],[-1.269081,53.065027]]},"properties":{"@id":"way/458305417","chainage_end":"15820.0","chainage_start":"72347.890625","construction":"cutting","construction:electrified":"contact_line","construction:frequency":"50","construction:voltage":"25000","cutting":"yes","gauge":"1435","highspeed":"yes","name:proposed":"HS2 Phase 2b - West Midlands to Leeds","proposed":"rail","proposed:railway":"rail","proposed:railway:etcs":"yes","railway":"proposed","ref:section":"HSL13A","route_version":"Nov 2016 Phase 2b West Midlands to Leeds Preferred Route","shape_length":"90.0000899869","source":"data.gov.uk under OGL","url":"https://data.gov.uk/dataset/hs2-phase-two-from-the-west-midlands-to-leeds-and-manchester","usage":"main"},"id":"way/458305417"},{"type":"Feature","geometry":{"type":"LineString","coordinates":[[-1.26303,52.871208],[-1.263026,52.871217],[-1.262608,52.87207],[-1.262219,52.872937]]},"properties":{"@id":"way/458305418","chainage_end":"12210.0","chainage_start":"49035.0117188","construction":"cut_and_cover_tunnel","construction:electrified":"contact_line","construction:frequency":"50","construction:voltage":"25000","gauge":"1435","highspeed":"yes","name:proposed":"HS2 Phase 2b - West Midlands to Leeds","proposed":"rail","proposed:railway":"rail","proposed:railway:etcs":"yes","railway":"proposed","ref:section":"HSL09B","route_version":"Nov 2016 Phase 2b West Midlands to Leeds Preferred Route","shape_length":"200.000055615","source":"data.gov.uk under OGL","tunnel":"yes","url":"https://data.gov.uk/dataset/hs2-phase-two-from-the-west-midlands-to-leeds-and-manchester","usage":"main"},"id":"way/458305418"},{"type":"Feature","geometry":{"type":"LineString","coordinates":[[-1.301517,53.092447],[-1.301522,53.092456],[-1.301569,53.092532]]},"properties":{"@id":"way/458305429","chainage_end":"19610.0","chainage_start":"76217.890625","construction":"at_grade","construction:electrified":"contact_line","construction:frequency":"50","construction:voltage":"25000","gauge":"1435","highspeed":"yes","name:proposed":"HS2 Phase 2b - West Midlands to Leeds","proposed":"rail","proposed:railway":"rail","proposed:railway:etcs":"yes","railway":"proposed","ref:section":"HSL13A","route_version":"Nov 2016 Phase 2b West Midlands to Leeds Preferred Route","shape_length":"9.99992757991","source":"data.gov.uk under OGL","url":"https://data.gov.uk/dataset/hs2-phase-two-from-the-west-midlands-to-leeds-and-manchester","usage":"main"},"id":"way/458305429"},{"type":"Feature","geometry":{"type":"LineString","coordinates":[[-1.300718,53.091188],[-1.300724,53.091196],[-1.301517,53.092447]]},"properties":{"@id":"way/458305433","chainage_end":"19600.0","chainage_start":"76067.890625","construction":"cutting","construction:electrified":"contact_line","construction:frequency":"50","construction:voltage":"25000","cutting":"yes","gauge":"1435","highspeed":"yes","name:proposed":"HS2 Phase 2b - West Midlands to Leeds","proposed":"rail","proposed:railway":"rail","proposed:railway:etcs":"yes","railway":"proposed","ref:section":"HSL13A","route_version":"Nov 2016 Phase 2b West Midlands to Leeds Preferred Route","shape_length":"150.00006104","source":"data.gov.uk under OGL","url":"https://data.gov.uk/dataset/hs2-phase-two-from-the-west-midlands-to-leeds-and-manchester","usage":"main"},"id":"way/458305433"},{"type":"Feature","geometry":{"type":"LineString","coordinates":[[-1.232737,52.990022],[-1.232732,52.990031],[-1.232251,52.991042],[-1.231822,52.992061],[-1.231445,52.993088],[-1.231117,52.99413]]},"properties":{"@id":"way/458305441","chainage_end":"7400.0","chainage_start":"63547.8867188","construction":"embankment","construction:electrified":"contact_line","construction:frequency":"50","construction:voltage":"25000","embankment":"yes","gauge":"1435","highspeed":"yes","name:proposed":"HS2 Phase 2b - West Midlands to Leeds","proposed":"rail","proposed:railway":"rail","proposed:railway:etcs":"yes","railway":"proposed","ref:section":"HSL13A","route_version":"Nov 2016 Phase 2b West Midlands to Leeds Preferred Route","shape_length":"469.999956746","source":"data.gov.uk under OGL","url":"https://data.gov.uk/dataset/hs2-phase-two-from-the-west-midlands-to-leeds-and-manchester","usage":"main"},"id":"way/458305441"},{"type":"Feature","geometry":{"type":"LineString","coordinates":[[-1.271534,53.06672],[-1.271544,53.066727],[-1.273571,53.068034]]},"properties":{"@id":"way/458305444","chainage_end":"16270.0","chainage_start":"72687.890625","construction":"at_grade","construction:electrified":"contact_line","construction:frequency":"50","construction:voltage":"25000","gauge":"1435","highspeed":"yes","name:proposed":"HS2 Phase 2b - West Midlands to Leeds","proposed":"rail","proposed:railway":"rail","proposed:railway:etcs":"yes","railway":"proposed","ref:section":"HSL13A","route_version":"Nov 2016 Phase 2b West Midlands to Leeds Preferred Route","shape_length":"200.000016343","source":"data.gov.uk under OGL","url":"https://data.gov.uk/dataset/hs2-phase-two-from-the-west-midlands-to-leeds-and-manchester","usage":"main"},"id":"way/458305444"},{"type":"Feature","geometry":{"type":"LineString","coordinates":[[-1.278039,52.91433],[-1.278045,52.914338],[-1.278333,52.914743]]},"properties":{"@id":"way/458305445","chainage_end":"1670.0","chainage_start":"54076.5273438","construction":"embankment","construction:electrified":"contact_line","construction:frequency":"50","construction:voltage":"25000","embankment":"yes","gauge":"1435","highspeed":"yes","name:proposed":"HS2 Phase 2b - West Midlands to Leeds","proposed":"rail","proposed:railway":"rail","proposed:railway:etcs":"yes","railway":"proposed","ref:section":"HSL12","route_version":"Nov 2016 Phase 2b West Midlands to Leeds Preferred Route","shape_length":"49.9999203606","source":"data.gov.uk under OGL","url":"https://data.gov.uk/dataset/hs2-phase-two-from-the-west-midlands-to-leeds-and-manchester","usage":"main"},"id":"way/458305445"},{"type":"Feature","geometry":{"type":"LineString","coordinates":[[-1.247313,53.038004],[-1.247317,53.038012],[-1.248609,53.040491]]},"properties":{"@id":"way/458305460","chainage_end":"12740.0","chainage_start":"69067.890625","construction":"cutting","construction:electrified":"contact_line","construction:frequency":"50","construction:voltage":"25000","cutting":"yes","gauge":"1435","highspeed":"yes","name:proposed":"HS2 Phase 2b - West Midlands to Leeds","proposed":"rail","proposed:railway":"rail","proposed:railway:etcs":"yes","railway":"proposed","ref:section":"HSL13A","route_version":"Nov 2016 Phase 2b West Midlands to Leeds Preferred Route","shape_length":"289.999928625","source":"data.gov.uk under OGL","url":"https://data.gov.uk/dataset/hs2-phase-two-from-the-west-midlands-to-leeds-and-manchester","usage":"main"},"id":"way/458305460"},{"type":"Feature","geometry":{"type":"LineString","coordinates":[[-1.230282,52.999764],[-1.230282,52.999773],[-1.230287,53.000483]]},"properties":{"@id":"way/458305466","chainage_end":"8110.0","chainage_start":"64647.8867188","construction":"at_grade","construction:electrified":"contact_line","construction:frequency":"50","construction:voltage":"25000","gauge":"1435","highspeed":"yes","name:proposed":"HS2 Phase 2b - West Midlands to Leeds","proposed":"rail","proposed:railway":"rail","proposed:railway:etcs":"yes","railway":"proposed","ref:section":"HSL13A","route_version":"Nov 2016 Phase 2b West Midlands to Leeds Preferred Route","shape_length":"80.0000093392","source":"data.gov.uk under OGL","url":"https://data.gov.uk/dataset/hs2-phase-two-from-the-west-midlands-to-leeds-and-manchester","usage":"main"},"id":"way/458305466"},{"type":"Feature","geometry":{"type":"LineString","coordinates":[[-1.275547,53.069258],[-1.275558,53.069265],[-1.276386,53.06977]]},"properties":{"@id":"way/458305470","chainage_end":"16540.0","chainage_start":"73077.890625","construction":"cutting","construction:electrified":"contact_line","construction:frequency":"50","construction:voltage":"25000","cutting":"yes","gauge":"1435","highspeed":"yes","name:proposed":"HS2 Phase 2b - West Midlands to Leeds","proposed":"rail","proposed:railway":"rail","proposed:railway:etcs":"yes","railway":"proposed","ref:section":"HSL13A","route_version":"Nov 2016 Phase 2b West Midlands to Leeds Preferred Route","shape_length":"80.0000396443","source":"data.gov.uk under OGL","url":"https://data.gov.uk/dataset/hs2-phase-two-from-the-west-midlands-to-leeds-and-manchester","usage":"main"},"id":"way/458305470"},{"type":"Feature","geometry":{"type":"LineString","coordinates":[[-1.283638,52.926308],[-1.28364,52.926317],[-1.283866,52.927604],[-1.284024,52.928895],[-1.284114,52.930179],[-1.284136,52.931474],[-1.284089,52.932768],[-1.283974,52.93406],[-1.28379,52.93535],[-1.28354,52.936629]]},"properties":{"@id":"way/458305471","bridge":"yes","chainage_end":"4161.35986328","chainage_start":"55466.5273438","construction":"viaduct","construction:electrified":"contact_line","construction:frequency":"50","construction:voltage":"25000","gauge":"1435","highspeed":"yes","layer":"1","name:proposed":"HS2 Phase 2b - West Midlands to Leeds","proposed":"rail","proposed:railway":"rail","proposed:railway:etcs":"yes","railway":"proposed","ref:section":"HSL12","route_version":"Nov 2016 Phase 2b West Midlands to Leeds Preferred Route","shape_length":"1151.35993704","source":"data.gov.uk under OGL","url":"https://data.gov.uk/dataset/hs2-phase-two-from-the-west-midlands-to-leeds-and-manchester","usage":"main"},"id":"way/458305471"},{"type":"Feature","geometry":{"type":"LineString","coordinates":[[-1.271137,52.955717],[-1.271129,52.955724],[-1.269509,52.957286],[-1.26786,52.958826]]},"properties":{"@id":"way/458305485","chainage_end":"2710.0","chainage_start":"58917.8867188","construction":"cutting","construction:electrified":"contact_line","construction:frequency":"50","construction:voltage":"25000","cutting":"yes","gauge":"1435","highspeed":"yes","name:proposed":"HS2 Phase 2b - West Midlands to Leeds","proposed":"rail","proposed:railway":"rail","proposed:railway:etcs":"yes","railway":"proposed","ref:section":"HSL13A","route_version":"Nov 2016 Phase 2b West Midlands to Leeds Preferred Route","shape_length":"410.00006211","source":"data.gov.uk under OGL","url":"https://data.gov.uk/dataset/hs2-phase-two-from-the-west-midlands-to-leeds-and-manchester","usage":"main"},"id":"way/458305485"},{"type":"Feature","geometry":{"type":"LineString","coordinates":[[-1.252424,53.047588],[-1.252429,53.047596],[-1.252525,53.047757]]},"properties":{"@id":"way/458305489","chainage_end":"13590.0","chainage_start":"70187.890625","construction":"at_grade","construction:electrified":"contact_line","construction:frequency":"50","construction:voltage":"25000","gauge":"1435","highspeed":"yes","name:proposed":"HS2 Phase 2b - West Midlands to Leeds","proposed":"rail","proposed:railway":"rail","proposed:railway:etcs":"yes","railway":"proposed","ref:section":"HSL13A","route_version":"Nov 2016 Phase 2b West Midlands to Leeds Preferred Route","shape_length":"19.9999549794","source":"data.gov.uk under OGL","url":"https://data.gov.uk/dataset/hs2-phase-two-from-the-west-midlands-to-leeds-and-manchester","usage":"main"},"id":"way/458305489"},{"type":"Feature","geometry":{"type":"LineString","coordinates":[[-1.289097,53.078461],[-1.289106,53.078468],[-1.290223,53.079413]]},"properties":{"@id":"way/458305492","chainage_end":"17960.0","chainage_start":"74447.890625","construction":"embankment","construction:electrified":"contact_line","construction:frequency":"50","construction:voltage":"25000","embankment":"yes","gauge":"1435","highspeed":"yes","name:proposed":"HS2 Phase 2b - West Midlands to Leeds","proposed":"rail","proposed:railway":"rail","proposed:railway:etcs":"yes","railway":"proposed","ref:section":"HSL13A","route_version":"Nov 2016 Phase 2b West Midlands to Leeds Preferred Route","shape_length":"129.999918326","source":"data.gov.uk under OGL","url":"https://data.gov.uk/dataset/hs2-phase-two-from-the-west-midlands-to-leeds-and-manchester","usage":"main"},"id":"way/458305492"},{"type":"Feature","geometry":{"type":"LineString","coordinates":[[-1.283497,53.074255],[-1.283507,53.074262],[-1.284086,53.074661]]},"properties":{"@id":"way/458305501","chainage_end":"17290.0","chainage_start":"73847.890625","construction":"at_grade","construction:electrified":"contact_line","construction:frequency":"50","construction:voltage":"25000","gauge":"1435","highspeed":"yes","name:proposed":"HS2 Phase 2b - West Midlands to Leeds","proposed":"rail","proposed:railway":"rail","proposed:railway:etcs":"yes","railway":"proposed","ref:section":"HSL13A","route_version":"Nov 2016 Phase 2b West Midlands to Leeds Preferred Route","shape_length":"60.000009809","source":"data.gov.uk under OGL","url":"https://data.gov.uk/dataset/hs2-phase-two-from-the-west-midlands-to-leeds-and-manchester","usage":"main"},"id":"way/458305501"},{"type":"Feature","geometry":{"type":"LineString","coordinates":[[-1.258713,52.966587],[-1.258703,52.966594],[-1.258166,52.967014]]},"properties":{"@id":"way/458305514","chainage_end":"3830.0","chainage_start":"60387.8867188","construction":"at_grade","construction:electrified":"contact_line","construction:frequency":"50","construction:voltage":"25000","gauge":"1435","highspeed":"yes","name:proposed":"HS2 Phase 2b - West Midlands to Leeds","proposed":"rail","proposed:railway":"rail","proposed:railway:etcs":"yes","railway":"proposed","ref:section":"HSL13A","route_version":"Nov 2016 Phase 2b West Midlands to Leeds Preferred Route","shape_length":"59.9999945499","source":"data.gov.uk under OGL","url":"https://data.gov.uk/dataset/hs2-phase-two-from-the-west-midlands-to-leeds-and-manchester","usage":"main"},"id":"way/458305514"},{"type":"Feature","geometry":{"type":"LineString","coordinates":[[-1.252525,53.047757],[-1.25253,53.047765],[-1.253425,53.049185]]},"properties":{"@id":"way/458305520","chainage_end":"13760.0","chainage_start":"70207.890625","construction":"embankment","construction:electrified":"contact_line","construction:frequency":"50","construction:voltage":"25000","embankment":"yes","gauge":"1435","highspeed":"yes","name:proposed":"HS2 Phase 2b - West Midlands to Leeds","proposed":"rail","proposed:railway":"rail","proposed:railway:etcs":"yes","railway":"proposed","ref:section":"HSL13A","route_version":"Nov 2016 Phase 2b West Midlands to Leeds Preferred Route","shape_length":"170.000048436","source":"data.gov.uk under OGL","url":"https://data.gov.uk/dataset/hs2-phase-two-from-the-west-midlands-to-leeds-and-manchester","usage":"main"},"id":"way/458305520"},{"type":"Feature","geometry":{"type":"LineString","coordinates":[[-1.297377,53.086673],[-1.297384,53.086681],[-1.298797,53.088466],[-1.300102,53.090271]]},"properties":{"@id":"way/458305527","bridge":"yes","chainage_end":"19340.0","chainage_start":"75517.890625","construction":"viaduct","construction:electrified":"contact_line","construction:frequency":"50","construction:voltage":"25000","gauge":"1435","highspeed":"yes","layer":"1","name:proposed":"HS2 Phase 2b - West Midlands to Leeds","proposed":"rail","proposed:railway":"rail","proposed:railway:etcs":"yes","railway":"proposed","ref:section":"HSL13A","route_version":"Nov 2016 Phase 2b West Midlands to Leeds Preferred Route","shape_length":"439.999996108","source":"data.gov.uk under OGL","url":"https://data.gov.uk/dataset/hs2-phase-two-from-the-west-midlands-to-leeds-and-manchester","usage":"main"},"id":"way/458305527"},{"type":"Feature","geometry":{"type":"LineString","coordinates":[[-1.238336,52.982399],[-1.238328,52.982406],[-1.238184,52.982553]]},"properties":{"@id":"way/458305540","chainage_end":"6020.0","chainage_start":"62617.8867188","construction":"at_grade","construction:electrified":"contact_line","construction:frequency":"50","construction:voltage":"25000","gauge":"1435","highspeed":"yes","name:proposed":"HS2 Phase 2b - West Midlands to Leeds","proposed":"rail","proposed:railway":"rail","proposed:railway:etcs":"yes","railway":"proposed","ref:section":"HSL13A","route_version":"Nov 2016 Phase 2b West Midlands to Leeds Preferred Route","shape_length":"20.0000248536","source":"data.gov.uk under OGL","url":"https://data.gov.uk/dataset/hs2-phase-two-from-the-west-midlands-to-leeds-and-manchester","usage":"main"},"id":"way/458305540"},{"type":"Feature","geometry":{"type":"LineString","coordinates":[[-1.28354,52.936629],[-1.283538,52.936638],[-1.283104,52.938317],[-1.282557,52.939974],[-1.281896,52.941616],[-1.281122,52.94324],[-1.280236,52.944843],[-1.279246,52.946413],[-1.278161,52.947941],[-1.276905,52.949532]]},"properties":{"@id":"way/458305547","bridge":"yes","chainage_end":"1510.0","chainage_start":"56617.8867188","construction":"viaduct","construction:electrified":"contact_line","construction:frequency":"50","construction:voltage":"25000","gauge":"1435","highspeed":"yes","layer":"2","name:proposed":"HS2 Phase 2b - West Midlands to Leeds","proposed":"rail","proposed:railway":"rail","proposed:railway:etcs":"yes","railway":"proposed","ref:section":"HSL13A","route_version":"Nov 2016 Phase 2b West Midlands to Leeds Preferred Route","shape_length":"1510.00002778","source":"data.gov.uk under OGL","url":"https://data.gov.uk/dataset/hs2-phase-two-from-the-west-midlands-to-leeds-and-manchester","usage":"main"},"id":"way/458305547"},{"type":"Feature","geometry":{"type":"LineString","coordinates":[[-1.250514,52.972757],[-1.250505,52.972764],[-1.248544,52.974223]]},"properties":{"@id":"way/458305551","chainage_end":"4860.0","chainage_start":"61267.8867188","construction":"cutting","construction:electrified":"contact_line","construction:frequency":"50","construction:voltage":"25000","cutting":"yes","gauge":"1435","highspeed":"yes","name:proposed":"HS2 Phase 2b - West Midlands to Leeds","proposed":"rail","proposed:railway":"rail","proposed:railway:etcs":"yes","railway":"proposed","ref:section":"HSL13A","route_version":"Nov 2016 Phase 2b West Midlands to Leeds Preferred Route","shape_length":"209.999918869","source":"data.gov.uk under OGL","url":"https://data.gov.uk/dataset/hs2-phase-two-from-the-west-midlands-to-leeds-and-manchester","usage":"main"},"id":"way/458305551"},{"type":"Feature","geometry":{"type":"LineString","coordinates":[[-1.262488,53.059696],[-1.262496,53.059703],[-1.263235,53.060368]]},"properties":{"@id":"way/458305557","chainage_end":"15170.0","chainage_start":"71697.890625","construction":"at_grade","construction:electrified":"contact_line","construction:frequency":"50","construction:voltage":"25000","gauge":"1435","highspeed":"yes","name:proposed":"HS2 Phase 2b - West Midlands to Leeds","proposed":"rail","proposed:railway":"rail","proposed:railway:etcs":"yes","railway":"proposed","ref:section":"HSL13A","route_version":"Nov 2016 Phase 2b West Midlands to Leeds Preferred Route","shape_length":"89.9999440582","source":"data.gov.uk under OGL","url":"https://data.gov.uk/dataset/hs2-phase-two-from-the-west-midlands-to-leeds-and-manchester","usage":"main"},"id":"way/458305557"},{"type":"Feature","geometry":{"type":"LineString","coordinates":[[-1.263486,52.870352],[-1.263481,52.870361],[-1.263254,52.870779]]},"properties":{"@id":"way/458305558","chainage_end":"11960.0","chainage_start":"48935.0117188","construction":"cutting","construction:electrified":"contact_line","construction:frequency":"50","construction:voltage":"25000","cutting":"yes","gauge":"1435","highspeed":"yes","name:proposed":"HS2 Phase 2b - West Midlands to Leeds","proposed":"rail","proposed:railway":"rail","proposed:railway:etcs":"yes","railway":"proposed","ref:section":"HSL09B","route_version":"Nov 2016 Phase 2b West Midlands to Leeds Preferred Route","shape_length":"50.0000425882","source":"data.gov.uk under OGL","url":"https://data.gov.uk/dataset/hs2-phase-two-from-the-west-midlands-to-leeds-and-manchester","usage":"main"},"id":"way/458305558"},{"type":"Feature","geometry":{"type":"LineString","coordinates":[[-1.30349,53.09603],[-1.303495,53.096039],[-1.30374,53.096548]]},"properties":{"@id":"way/458305561","chainage_end":"20080.0","chainage_start":"76637.890625","construction":"at_grade","construction:electrified":"contact_line","construction:frequency":"50","construction:voltage":"25000","gauge":"1435","highspeed":"yes","name:proposed":"HS2 Phase 2b - West Midlands to Leeds","proposed":"rail","proposed:railway":"rail","proposed:railway:etcs":"yes","railway":"proposed","ref:section":"HSL13A","route_version":"Nov 2016 Phase 2b West Midlands to Leeds Preferred Route","shape_length":"60.0000068668","source":"data.gov.uk under OGL","url":"https://data.gov.uk/dataset/hs2-phase-two-from-the-west-midlands-to-leeds-and-manchester","usage":"main"},"id":"way/458305561"},{"type":"Feature","geometry":{"type":"LineString","coordinates":[[-1.230703,52.995819],[-1.230701,52.995828],[-1.230541,52.996713],[-1.230418,52.997608],[-1.230334,52.998506],[-1.230289,52.999404]]},"properties":{"@id":"way/458305572","chainage_end":"7990.0","chainage_start":"64207.8867188","construction":"embankment","construction:electrified":"contact_line","construction:frequency":"50","construction:voltage":"25000","embankment":"yes","gauge":"1435","highspeed":"yes","name:proposed":"HS2 Phase 2b - West Midlands to Leeds","proposed":"rail","proposed:railway":"rail","proposed:railway:etcs":"yes","railway":"proposed","ref:section":"HSL13A","route_version":"Nov 2016 Phase 2b West Midlands to Leeds Preferred Route","shape_length":"399.999994969","source":"data.gov.uk under OGL","url":"https://data.gov.uk/dataset/hs2-phase-two-from-the-west-midlands-to-leeds-and-manchester","usage":"main"},"id":"way/458305572"},{"type":"Feature","geometry":{"type":"LineString","coordinates":[[-1.274712,53.068745],[-1.274722,53.068751],[-1.274816,53.068809]]},"properties":{"@id":"way/458305576","chainage_end":"16390.0","chainage_start":"72997.890625","construction":"at_grade","construction:electrified":"contact_line","construction:frequency":"50","construction:voltage":"25000","gauge":"1435","highspeed":"yes","name:proposed":"HS2 Phase 2b - West Midlands to Leeds","proposed":"rail","proposed:railway":"rail","proposed:railway:etcs":"yes","railway":"proposed","ref:section":"HSL13A","route_version":"Nov 2016 Phase 2b West Midlands to Leeds Preferred Route","shape_length":"9.9999292697","source":"data.gov.uk under OGL","url":"https://data.gov.uk/dataset/hs2-phase-two-from-the-west-midlands-to-leeds-and-manchester","usage":"main"},"id":"way/458305576"},{"type":"Feature","geometry":{"type":"LineString","coordinates":[[-1.280307,52.91775],[-1.280312,52.917758],[-1.280826,52.91854],[-1.281158,52.919128],[-1.281474,52.919794],[-1.281964,52.920924],[-1.282351,52.921957],[-1.282862,52.92338]]},"properties":{"@id":"way/458305577","chainage_end":"2680.0","chainage_start":"54486.5273438","construction":"cutting","construction:electrified":"contact_line","construction:frequency":"50","construction:voltage":"25000","cutting":"yes","gauge":"1435","highspeed":"yes","name:proposed":"HS2 Phase 2b - West Midlands to Leeds","proposed":"rail","proposed:railway":"rail","proposed:railway:etcs":"yes","railway":"proposed","ref:section":"HSL12","route_version":"Nov 2016 Phase 2b West Midlands to Leeds Preferred Route","shape_length":"650.000012894","source":"data.gov.uk under OGL","url":"https://data.gov.uk/dataset/hs2-phase-two-from-the-west-midlands-to-leeds-and-manchester","usage":"main"},"id":"way/458305577"},{"type":"Feature","geometry":{"type":"LineString","coordinates":[[-1.269466,53.065302],[-1.269475,53.065309],[-1.270244,53.065847]]},"properties":{"@id":"way/458305585","chainage_end":"15940.0","chainage_start":"72477.890625","construction":"embankment","construction:electrified":"contact_line","construction:frequency":"50","construction:voltage":"25000","embankment":"yes","gauge":"1435","highspeed":"yes","name:proposed":"HS2 Phase 2b - West Midlands to Leeds","proposed":"rail","proposed:railway":"rail","proposed:railway:etcs":"yes","railway":"proposed","ref:section":"HSL13A","route_version":"Nov 2016 Phase 2b West Midlands to Leeds Preferred Route","shape_length":"79.9999892445","source":"data.gov.uk under OGL","url":"https://data.gov.uk/dataset/hs2-phase-two-from-the-west-midlands-to-leeds-and-manchester","usage":"main"},"id":"way/458305585"},{"type":"Feature","geometry":{"type":"LineString","coordinates":[[-1.262145,52.873111],[-1.262141,52.87312],[-1.262073,52.873286]]},"properties":{"@id":"way/458305586","chainage_end":"12250.0","chainage_start":"49255.0117188","construction":"embankment","construction:electrified":"contact_line","construction:frequency":"50","construction:voltage":"25000","embankment":"yes","gauge":"1435","highspeed":"yes","name:proposed":"HS2 Phase 2b - West Midlands to Leeds","proposed":"rail","proposed:railway":"rail","proposed:railway:etcs":"yes","railway":"proposed","ref:section":"HSL09B","route_version":"Nov 2016 Phase 2b West Midlands to Leeds Preferred Route","shape_length":"20.0000202017","source":"data.gov.uk under OGL","url":"https://data.gov.uk/dataset/hs2-phase-two-from-the-west-midlands-to-leeds-and-manchester","usage":"main"},"id":"way/458305586"},{"type":"Feature","geometry":{"type":"LineString","coordinates":[[-1.230488,53.002906],[-1.230489,53.002915],[-1.230542,53.003264]]},"properties":{"@id":"way/458305601","chainage_end":"8420.0","chainage_start":"64997.8867188","construction":"at_grade","construction:electrified":"contact_line","construction:frequency":"50","construction:voltage":"25000","gauge":"1435","highspeed":"yes","name:proposed":"HS2 Phase 2b - West Midlands to Leeds","proposed":"rail","proposed:railway":"rail","proposed:railway:etcs":"yes","railway":"proposed","ref:section":"HSL13A","route_version":"Nov 2016 Phase 2b West Midlands to Leeds Preferred Route","shape_length":"39.9999865312","source":"data.gov.uk under OGL","url":"https://data.gov.uk/dataset/hs2-phase-two-from-the-west-midlands-to-leeds-and-manchester","usage":"main"},"id":"way/458305601"},{"type":"Feature","geometry":{"type":"LineString","coordinates":[[-1.277121,53.070218],[-1.277131,53.070224],[-1.279591,53.07173],[-1.281386,53.07286]]},"properties":{"@id":"way/458305604","chainage_end":"17020.0","chainage_start":"73227.890625","construction":"embankment","construction:electrified":"contact_line","construction:frequency":"50","construction:voltage":"25000","embankment":"yes","gauge":"1435","highspeed":"yes","name:proposed":"HS2 Phase 2b - West Midlands to Leeds","proposed":"rail","proposed:railway":"rail","proposed:railway:etcs":"yes","railway":"proposed","ref:section":"HSL13A","route_version":"Nov 2016 Phase 2b West Midlands to Leeds Preferred Route","shape_length":"410.000028693","source":"data.gov.uk under OGL","url":"https://data.gov.uk/dataset/hs2-phase-two-from-the-west-midlands-to-leeds-and-manchester","usage":"main"},"id":"way/458305604"},{"type":"Feature","geometry":{"type":"LineString","coordinates":[[-1.267533,52.959126],[-1.267524,52.959134],[-1.265697,52.960775],[-1.263837,52.962391]]},"properties":{"@id":"way/458305616","chainage_end":"3190.0","chainage_start":"59367.8867188","construction":"embankment","construction:electrified":"contact_line","construction:frequency":"50","construction:voltage":"25000","embankment":"yes","gauge":"1435","highspeed":"yes","name:proposed":"HS2 Phase 2b - West Midlands to Leeds","proposed":"rail","proposed:railway":"rail","proposed:railway:etcs":"yes","railway":"proposed","ref:section":"HSL13A","route_version":"Nov 2016 Phase 2b West Midlands to Leeds Preferred Route","shape_length":"439.999991416","source":"data.gov.uk under OGL","url":"https://data.gov.uk/dataset/hs2-phase-two-from-the-west-midlands-to-leeds-and-manchester","usage":"main"},"id":"way/458305616"},{"type":"Feature","properties":{"@id":"way/46627020","electrified":"contact_line","frequency":"0","gauge":"1435","name":"Nottingham Express Transit Line 2","railway":"tram","source":"GPS end points","source:licence":"Open Government Licence","source:url":"http://www.opendatanottingham.org.uk/dataset.aspx?id=37","tracks":"1","voltage":"750","service":"crossover","bridge":"yes","layer":"1","source:bridge":"survey","source:photo":"http://www.thetram.net/New%20track%20to%20link%20Clifton%20Park%20and%20Ride%20%28September%202014%29.jpg","maxspeed":"40","oneway":"yes","ref":"LSB","old_name":"Lincoln Street Crossing to Babbington Colliery Branch","old_ref":"CHY"},"geometry":{"type":"MultiLineString","coordinates":[[[-1.191722,52.897091],[-1.19208,52.896913],[-1.192882,52.896516],[-1.193173,52.896371],[-1.193487,52.896224]],[[-1.193516,52.896248],[-1.193206,52.896396],[-1.192915,52.89654],[-1.192617,52.896687],[-1.192112,52.89694]],[[-1.192112,52.89694],[-1.191755,52.897117],[-1.191616,52.897193]],[[-1.191755,52.897117],[-1.191792,52.897097],[-1.191823,52.897079],[-1.191847,52.897063],[-1.191867,52.897049],[-1.191917,52.897014],[-1.191959,52.896985],[-1.191984,52.896968],[-1.192002,52.896956],[-1.192024,52.896943],[-1.19208,52.896913]],[[-1.192112,52.89694],[-1.192067,52.89696],[-1.19205,52.896968],[-1.192032,52.896974],[-1.192005,52.896984],[-1.191974,52.896995],[-1.191917,52.897014],[-1.191846,52.897039],[-1.191823,52.897047],[-1.191799,52.897056],[-1.19176,52.897073],[-1.191722,52.897091]],[[-1.191551,52.897182],[-1.191722,52.897091]],[[-1.191616,52.897193],[-1.191544,52.897231],[-1.191496,52.897255],[-1.191447,52.897277],[-1.191391,52.897296],[-1.191337,52.897311],[-1.191281,52.897322],[-1.191233,52.897328],[-1.191188,52.897332],[-1.191144,52.897334],[-1.191084,52.897332],[-1.191018,52.897328],[-1.190926,52.897322],[-1.190882,52.897317],[-1.190745,52.897302],[-1.190582,52.897283],[-1.190333,52.897256],[-1.189896,52.897209]],[[-1.190198,52.897215],[-1.190218,52.897217],[-1.190588,52.89726],[-1.19076,52.897272],[-1.19094,52.897288],[-1.190964,52.897291],[-1.191037,52.897295],[-1.191085,52.897297],[-1.19113,52.897295],[-1.191173,52.897293],[-1.191219,52.897288],[-1.191266,52.897281],[-1.19131,52.897273],[-1.191362,52.897261],[-1.191419,52.897243],[-1.191479,52.897218],[-1.191551,52.897182]],[[-1.18915,52.897093],[-1.189229,52.897103],[-1.18933,52.897114],[-1.189426,52.897125],[-1.189527,52.897137],[-1.189616,52.897147],[-1.190123,52.897206],[-1.190198,52.897215]],[[-1.189896,52.897209],[-1.189071,52.897122],[-1.188635,52.897084],[-1.188438,52.897067],[-1.188176,52.897045]],[[-1.186237,52.896835],[-1.186472,52.896847],[-1.186614,52.896852],[-1.187042,52.896875],[-1.187143,52.89688],[-1.187195,52.896882],[-1.187242,52.896884],[-1.18728,52.896888],[-1.187311,52.89689],[-1.187341,52.896892],[-1.18737,52.896894],[-1.187407,52.896898],[-1.187439,52.896901],[-1.187488,52.896906],[-1.187521,52.896909],[-1.187563,52.896914],[-1.187693,52.896929],[-1.188111,52.896974],[-1.188453,52.89701],[-1.188735,52.897045],[-1.189061,52.897083],[-1.18911,52.897089],[-1.18915,52.897093]],[[-1.188176,52.897045],[-1.187715,52.896997],[-1.187474,52.896971],[-1.187264,52.896948],[-1.187045,52.896924],[-1.186894,52.896909],[-1.18676,52.896896],[-1.186685,52.896892],[-1.186608,52.896888],[-1.186523,52.896881],[-1.186444,52.896877],[-1.186319,52.896872],[-1.186227,52.896869]],[[-1.18206,52.896802],[-1.182137,52.896802],[-1.182318,52.896803],[-1.182546,52.896805],[-1.182655,52.896805],[-1.185511,52.896824],[-1.185702,52.896825],[-1.185885,52.896826],[-1.186237,52.896835]],[[-1.186227,52.896869],[-1.185764,52.896859],[-1.182641,52.896838]],[[-1.182641,52.896838],[-1.182389,52.896836],[-1.182335,52.896836],[-1.182169,52.896835],[-1.182138,52.896834],[-1.182008,52.896834],[-1.181904,52.896833],[-1.181811,52.896841],[-1.181728,52.896858],[-1.181662,52.89688],[-1.181587,52.896913]],[[-1.181555,52.896882],[-1.181636,52.896852],[-1.181698,52.896832],[-1.181747,52.896819],[-1.181818,52.89681],[-1.181887,52.896804],[-1.181999,52.896801],[-1.18206,52.896802]],[[-1.181587,52.896913],[-1.181569,52.896921],[-1.181086,52.897135],[-1.180972,52.897185],[-1.180931,52.897203],[-1.180913,52.897211],[-1.180886,52.897223],[-1.180845,52.897242]],[[-1.181555,52.896882],[-1.181532,52.896892],[-1.181353,52.896972],[-1.180946,52.897154],[-1.180878,52.897185],[-1.180845,52.897199],[-1.180804,52.897222]],[[-1.180804,52.897222],[-1.180761,52.897245],[-1.180725,52.897269],[-1.180693,52.897297],[-1.18067,52.897321],[-1.180657,52.897341],[-1.180633,52.897385],[-1.180623,52.897414],[-1.180617,52.897442],[-1.180617,52.897479],[-1.180617,52.897517],[-1.180617,52.897556],[-1.180615,52.897585]],[[-1.180845,52.897242],[-1.180817,52.897257],[-1.180792,52.897275],[-1.180765,52.897297],[-1.18073,52.897332],[-1.180713,52.897352],[-1.180689,52.89739],[-1.180678,52.897418],[-1.180671,52.897449],[-1.180669,52.897477],[-1.180669,52.897507]],[[-1.180667,52.897763],[-1.180664,52.89786]],[[-1.180615,52.897585],[-1.180603,52.897957],[-1.180597,52.898042],[-1.180592,52.898089],[-1.180582,52.898177],[-1.180577,52.898238],[-1.180565,52.89831],[-1.180554,52.898357],[-1.180534,52.898445],[-1.180523,52.89849],[-1.180498,52.898577]],[[-1.180669,52.897507],[-1.180667,52.897763]],[[-1.180664,52.89786],[-1.180664,52.897895],[-1.180662,52.897954],[-1.180658,52.897996],[-1.180651,52.898082],[-1.180637,52.898194],[-1.18062,52.898293],[-1.1806,52.898393],[-1.180577,52.898489],[-1.180548,52.898587],[-1.180519,52.89868],[-1.180489,52.898764],[-1.180455,52.898851],[-1.180418,52.898938],[-1.180378,52.899024],[-1.180336,52.89911],[-1.180289,52.899196],[-1.180249,52.899266],[-1.180159,52.899409]],[[-1.180498,52.898577],[-1.18047,52.898666],[-1.180439,52.898754],[-1.180405,52.89884],[-1.180368,52.898929],[-1.180328,52.899015],[-1.180285,52.899101]],[[-1.180285,52.899101],[-1.180239,52.899187],[-1.180196,52.899264],[-1.180152,52.899334]],[[-1.180159,52.899409],[-1.180067,52.899579],[-1.179972,52.899705],[-1.179562,52.900256]],[[-1.180152,52.899334],[-1.180112,52.899398],[-1.180075,52.899486],[-1.180021,52.899575],[-1.179935,52.899689],[-1.179778,52.899899],[-1.179594,52.900143],[-1.179379,52.90043],[-1.179308,52.900524]],[[-1.179562,52.900256],[-1.178694,52.90142],[-1.178628,52.901509],[-1.178582,52.901571],[-1.178542,52.901624],[-1.178513,52.901663],[-1.178482,52.901705],[-1.178436,52.901766],[-1.178389,52.901829],[-1.178353,52.901887],[-1.178303,52.901972],[-1.178292,52.90199],[-1.178262,52.90204],[-1.178233,52.902085],[-1.178208,52.902125],[-1.178186,52.902158],[-1.178153,52.902207]],[[-1.179308,52.900524],[-1.179244,52.90061],[-1.179102,52.900799],[-1.17904,52.900881],[-1.178918,52.901044],[-1.178795,52.901208],[-1.178611,52.901453]],[[-1.178611,52.901453],[-1.17837,52.901774],[-1.178286,52.901867],[-1.178198,52.901969],[-1.178167,52.902011],[-1.178139,52.902049],[-1.178115,52.902082],[-1.178088,52.902119],[-1.178077,52.902134],[-1.178067,52.902148],[-1.178041,52.902183]],[[-1.176678,52.90402],[-1.176782,52.903882],[-1.176979,52.903606],[-1.177216,52.903284],[-1.177399,52.903038],[-1.177955,52.902301],[-1.177987,52.902258],[-1.178041,52.902183]],[[-1.17678,52.904056],[-1.176932,52.903847],[-1.177143,52.903564],[-1.177228,52.90346],[-1.17763,52.902902],[-1.177691,52.90282],[-1.177754,52.902737],[-1.17781,52.902661],[-1.177862,52.902593],[-1.177907,52.902532],[-1.17794,52.902489],[-1.178,52.902412],[-1.178045,52.902353],[-1.178064,52.902328],[-1.178094,52.902287],[-1.178112,52.902264],[-1.178132,52.902237],[-1.178153,52.902207]],[[-1.176566,52.904308],[-1.176657,52.904207],[-1.17678,52.904056]],[[-1.176678,52.90402],[-1.176498,52.904286]],[[-1.175627,52.905631],[-1.176125,52.904892],[-1.176143,52.904865],[-1.176198,52.904783],[-1.176241,52.90472],[-1.176259,52.904693],[-1.176277,52.904667],[-1.176298,52.904638],[-1.176318,52.904611],[-1.176338,52.904583],[-1.176359,52.904557],[-1.176375,52.904536],[-1.176438,52.904458],[-1.176444,52.904451],[-1.17651,52.904376],[-1.176539,52.90434],[-1.176566,52.904308]],[[-1.176498,52.904286],[-1.176385,52.904454],[-1.176314,52.904558],[-1.176223,52.904694],[-1.176096,52.904881],[-1.175891,52.905184],[-1.175595,52.905621]],[[-1.175543,52.905757],[-1.175627,52.905631]],[[-1.175595,52.905621],[-1.175328,52.906016],[-1.175253,52.906127],[-1.175216,52.906182],[-1.17519,52.906219],[-1.175123,52.90632],[-1.175079,52.906384],[-1.175047,52.906432],[-1.174962,52.906557],[-1.174925,52.906612],[-1.174824,52.906761],[-1.174504,52.907235],[-1.174372,52.907431]],[[-1.174416,52.907446],[-1.174424,52.907435],[-1.174482,52.907351],[-1.174515,52.907302],[-1.17453,52.90728],[-1.174555,52.907243],[-1.174685,52.907056],[-1.175091,52.906448],[-1.175249,52.906196],[-1.175359,52.906029],[-1.175543,52.905757]],[[-1.169397,52.911128],[-1.169453,52.911132],[-1.169504,52.911133],[-1.169557,52.911131],[-1.169603,52.911125],[-1.169642,52.911119],[-1.169692,52.911108],[-1.169734,52.911094],[-1.169768,52.911083],[-1.169832,52.911053],[-1.170034,52.910957],[-1.170098,52.910927],[-1.170245,52.910858],[-1.170405,52.910783],[-1.170807,52.910597],[-1.171212,52.910408],[-1.17133,52.910353],[-1.171449,52.910298],[-1.171592,52.910232],[-1.171673,52.91019],[-1.171805,52.910122],[-1.171951,52.910047],[-1.172084,52.90997],[-1.172222,52.909889],[-1.172354,52.909806],[-1.172483,52.909721],[-1.172606,52.909633],[-1.172738,52.909533],[-1.172858,52.909438],[-1.172972,52.909343],[-1.173084,52.909245],[-1.173167,52.909165],[-1.173234,52.909097],[-1.1733,52.909026],[-1.173375,52.908943],[-1.173457,52.908842],[-1.173513,52.908768],[-1.173579,52.908677],[-1.17365,52.908577],[-1.174222,52.907734],[-1.174251,52.90769],[-1.174277,52.907652],[-1.174304,52.907611],[-1.174416,52.907446]],[[-1.174372,52.907431],[-1.174172,52.907717],[-1.173748,52.908345],[-1.173636,52.90851],[-1.173554,52.908628],[-1.173491,52.908717],[-1.173428,52.9088],[-1.173362,52.908881],[-1.17326,52.908999],[-1.173148,52.909115],[-1.173032,52.909229]],[[-1.173032,52.909229],[-1.17294,52.909313],[-1.172855,52.909383],[-1.172768,52.909454],[-1.172678,52.909527],[-1.172577,52.909603],[-1.172479,52.909671],[-1.172381,52.909738],[-1.172232,52.909833],[-1.172079,52.909927],[-1.171927,52.910005],[-1.171758,52.910091],[-1.171625,52.910156],[-1.171543,52.910195],[-1.171072,52.910419],[-1.17079,52.910554],[-1.170513,52.91068],[-1.170088,52.910875],[-1.170036,52.910899],[-1.169999,52.910913],[-1.169932,52.910939],[-1.169897,52.910952],[-1.169863,52.910963],[-1.169818,52.910976],[-1.169747,52.910996],[-1.16971,52.911004],[-1.169665,52.911014],[-1.169626,52.911021],[-1.1696,52.911024],[-1.169562,52.911027],[-1.169527,52.911028],[-1.169477,52.911027],[-1.169419,52.911023],[-1.169362,52.911012],[-1.169313,52.910997],[-1.169286,52.910989],[-1.169246,52.910973],[-1.16922,52.910962],[-1.169189,52.910946],[-1.169158,52.910924],[-1.16913,52.910903],[-1.169075,52.910853]],[[-1.168127,52.91057],[-1.168152,52.910563],[-1.168184,52.910556],[-1.168225,52.910548],[-1.16826,52.910542],[-1.168303,52.910539],[-1.168346,52.910537],[-1.168383,52.910538],[-1.168422,52.910541],[-1.168458,52.910545],[-1.168503,52.910553],[-1.168533,52.910561],[-1.16856,52.910568],[-1.168576,52.910573],[-1.168591,52.910578],[-1.168612,52.910585],[-1.168634,52.910594],[-1.168656,52.910604],[-1.168683,52.910616],[-1.16872,52.910639],[-1.168769,52.91068],[-1.168801,52.91071],[-1.169022,52.910934],[-1.169076,52.910986],[-1.1691,52.91101],[-1.169125,52.911029],[-1.169162,52.911057],[-1.169209,52.91108],[-1.169244,52.911094],[-1.169275,52.911103]],[[-1.168591,52.910502],[-1.168634,52.910513],[-1.168669,52.910524],[-1.168702,52.910536],[-1.168733,52.910549],[-1.168765,52.910565],[-1.168796,52.910582],[-1.168831,52.910609],[-1.168859,52.910635],[-1.169003,52.910783],[-1.169045,52.910823],[-1.169075,52.910853]],[[-1.168116,52.910523],[-1.168172,52.910507],[-1.168219,52.910498],[-1.168261,52.910491],[-1.168304,52.910485],[-1.168345,52.910482],[-1.168384,52.91048],[-1.168421,52.910481],[-1.168456,52.910483],[-1.16849,52.910485],[-1.168526,52.910489],[-1.168567,52.910496],[-1.168591,52.910502]],[[-1.167645,52.910698],[-1.168099,52.910577],[-1.168127,52.91057]],[[-1.165207,52.910934],[-1.165334,52.910914],[-1.165462,52.910896],[-1.165678,52.910873],[-1.165791,52.910864],[-1.165897,52.910855],[-1.16602,52.910846],[-1.166143,52.910838],[-1.166241,52.910833],[-1.16633,52.910829],[-1.166469,52.910827],[-1.166598,52.910824],[-1.166769,52.910819],[-1.166826,52.910817],[-1.16689,52.910812],[-1.166958,52.910805],[-1.166988,52.910803],[-1.167046,52.910797],[-1.167145,52.910781],[-1.167231,52.910765],[-1.167301,52.910747],[-1.167357,52.910734],[-1.167415,52.910719]],[[-1.167415,52.910719],[-1.167614,52.910666],[-1.167933,52.910579],[-1.168116,52.910523]],[[-1.167645,52.910698],[-1.167469,52.910747],[-1.167393,52.910768],[-1.167324,52.910784],[-1.167245,52.910801],[-1.167175,52.910814],[-1.167107,52.910825],[-1.167046,52.910833],[-1.166997,52.910839],[-1.166928,52.910845],[-1.166865,52.910849],[-1.166778,52.910853],[-1.16644,52.910861],[-1.166249,52.910868],[-1.166111,52.910875],[-1.165977,52.910882],[-1.165887,52.910888],[-1.16579,52.910896],[-1.165692,52.910907],[-1.165501,52.910927],[-1.165355,52.910946],[-1.165239,52.910963]],[[-1.165207,52.910934],[-1.164102,52.911135]],[[-1.165239,52.910963],[-1.164136,52.911164]],[[-1.164102,52.911135],[-1.163788,52.911192],[-1.163097,52.911318],[-1.161578,52.911595],[-1.161473,52.911615],[-1.160735,52.911749],[-1.16039,52.911812],[-1.16022,52.911844]],[[-1.164136,52.911164],[-1.163668,52.911249],[-1.163046,52.911363],[-1.162754,52.911416],[-1.162541,52.911455],[-1.162137,52.911532],[-1.161597,52.911631],[-1.161501,52.911649],[-1.160746,52.911783],[-1.160093,52.911903]],[[-1.163097,52.911318],[-1.163062,52.911325],[-1.163027,52.911333],[-1.163006,52.911339],[-1.162984,52.911345],[-1.162948,52.911358],[-1.162905,52.911374],[-1.162871,52.911386],[-1.162834,52.911397],[-1.162808,52.911403],[-1.162782,52.91141],[-1.162754,52.911416]],[[-1.16022,52.911844],[-1.159773,52.911926],[-1.159706,52.911939],[-1.159628,52.911954],[-1.159571,52.911967]],[[-1.160093,52.911903],[-1.159815,52.911954],[-1.159767,52.911963],[-1.159695,52.911977],[-1.159628,52.911991],[-1.159569,52.912004]],[[-1.159571,52.911967],[-1.159504,52.911982],[-1.15945,52.911997],[-1.159395,52.912012],[-1.159334,52.912033],[-1.159276,52.912055],[-1.159209,52.912084],[-1.159165,52.912103],[-1.159116,52.912127],[-1.159031,52.912174],[-1.158951,52.912224],[-1.158905,52.912258],[-1.158866,52.91229],[-1.158818,52.912333],[-1.158774,52.912378],[-1.158735,52.912425],[-1.158713,52.912454],[-1.158685,52.912499],[-1.158661,52.912543],[-1.158627,52.912616],[-1.158604,52.912715],[-1.158584,52.912827],[-1.158545,52.913109],[-1.158529,52.913219],[-1.158391,52.91391],[-1.158373,52.91404],[-1.158362,52.914135]],[[-1.159569,52.912004],[-1.159524,52.912016],[-1.159482,52.912029],[-1.159443,52.91204],[-1.159411,52.91205],[-1.159371,52.912063],[-1.159322,52.912083],[-1.15927,52.912105],[-1.159194,52.912139],[-1.159145,52.912165],[-1.159086,52.912197],[-1.159036,52.912226],[-1.159006,52.912247],[-1.158975,52.912268],[-1.158939,52.912297],[-1.158893,52.912334],[-1.158856,52.912369],[-1.158816,52.912411],[-1.158785,52.912448],[-1.158757,52.912485],[-1.158734,52.912527],[-1.158708,52.912568],[-1.15869,52.912606],[-1.158673,52.912647],[-1.158662,52.912695],[-1.158648,52.912753],[-1.158644,52.912779],[-1.158643,52.912792],[-1.158637,52.912837],[-1.158633,52.912863],[-1.158631,52.912881],[-1.158624,52.912922],[-1.158617,52.912967],[-1.158609,52.913016],[-1.158603,52.913061],[-1.158597,52.913106],[-1.158592,52.913151],[-1.158584,52.913196],[-1.158577,52.913244],[-1.15857,52.913287],[-1.158562,52.913332],[-1.158554,52.913376],[-1.158547,52.913419],[-1.158546,52.913421],[-1.158538,52.913455]],[[-1.158538,52.913455],[-1.158537,52.913464],[-1.158529,52.913509],[-1.158512,52.913592],[-1.158492,52.913682],[-1.158471,52.913778],[-1.158446,52.913915],[-1.158428,52.914041],[-1.158415,52.914138]],[[-1.158415,52.914138],[-1.158411,52.914175],[-1.158407,52.914213],[-1.158393,52.914336],[-1.158387,52.914376]],[[-1.158362,52.914135],[-1.158359,52.914154],[-1.158352,52.91421],[-1.158341,52.9143],[-1.158331,52.914375]],[[-1.158387,52.914376],[-1.158378,52.914448],[-1.158375,52.914471],[-1.158342,52.91475],[-1.158318,52.914959],[-1.158308,52.915038],[-1.158289,52.915171],[-1.158266,52.915312],[-1.158226,52.915529],[-1.158171,52.915805],[-1.157665,52.918425],[-1.157581,52.918826],[-1.157494,52.919272],[-1.157477,52.919353],[-1.157081,52.921377],[-1.156749,52.923069],[-1.156599,52.92384],[-1.156551,52.924084],[-1.156332,52.925213]],[[-1.158331,52.914375],[-1.158323,52.914444],[-1.158296,52.914669],[-1.15826,52.914959],[-1.158251,52.915034],[-1.158229,52.915165],[-1.158163,52.915523],[-1.15812,52.915746],[-1.157607,52.918422],[-1.157525,52.918822],[-1.157514,52.918891],[-1.157428,52.91935],[-1.157019,52.921369],[-1.156686,52.923066],[-1.156535,52.923837],[-1.156265,52.925208]],[[-1.156248,52.925299],[-1.156204,52.925521],[-1.156185,52.925617],[-1.156183,52.92563]],[[-1.156265,52.925208],[-1.156248,52.925299]],[[-1.156332,52.925213],[-1.156269,52.925526],[-1.156253,52.925615],[-1.156251,52.925628]],[[-1.156237,52.92569],[-1.156234,52.925705],[-1.156158,52.92608],[-1.156136,52.926195],[-1.156127,52.926241],[-1.156111,52.926329],[-1.156095,52.926411]],[[-1.156251,52.925628],[-1.156244,52.925659],[-1.156237,52.92569]],[[-1.156183,52.92563],[-1.156176,52.925661],[-1.15617,52.925693]],[[-1.15617,52.925693],[-1.156167,52.925708],[-1.156153,52.925782],[-1.156074,52.926192],[-1.156047,52.926324],[-1.156027,52.926411],[-1.156017,52.926457],[-1.156005,52.926502],[-1.155989,52.926558],[-1.155943,52.926694],[-1.155928,52.926738],[-1.155894,52.926825],[-1.155856,52.926913],[-1.155816,52.926996]],[[-1.156095,52.926411],[-1.156081,52.926465],[-1.15607,52.92651],[-1.156057,52.926554],[-1.15604,52.926612],[-1.156015,52.926685],[-1.155982,52.926773],[-1.155946,52.92686],[-1.155908,52.926947],[-1.155866,52.92703],[-1.155824,52.927116],[-1.155757,52.927246],[-1.155712,52.927332],[-1.15569,52.927375],[-1.155672,52.927415],[-1.155651,52.927458],[-1.155631,52.927502],[-1.155617,52.927532],[-1.155611,52.927545],[-1.155591,52.927592],[-1.155576,52.927631],[-1.155559,52.927674],[-1.155542,52.927718],[-1.155526,52.927764],[-1.155512,52.927807],[-1.155499,52.927852],[-1.155488,52.927897],[-1.155475,52.92794],[-1.155465,52.927985],[-1.155455,52.928029],[-1.155446,52.928074],[-1.155437,52.928118],[-1.155427,52.928162],[-1.155419,52.928208],[-1.155409,52.928253],[-1.155384,52.928387],[-1.155321,52.928703]],[[-1.155816,52.926996],[-1.155802,52.927026],[-1.155737,52.927155],[-1.155624,52.927369],[-1.155585,52.927448],[-1.155544,52.927541],[-1.155508,52.92763],[-1.155461,52.927762],[-1.15541,52.927938],[-1.155353,52.928206],[-1.155319,52.928384],[-1.155265,52.928653],[-1.155195,52.929009],[-1.155116,52.929366],[-1.155056,52.929583],[-1.154958,52.929897],[-1.154841,52.93026],[-1.154839,52.930267],[-1.154754,52.930532],[-1.154702,52.930692]],[[-1.155321,52.928703],[-1.155252,52.929059],[-1.15518,52.929372],[-1.15512,52.929593],[-1.155021,52.929904],[-1.154923,52.93021],[-1.154909,52.930252],[-1.154904,52.930268],[-1.154894,52.930299],[-1.154866,52.930385],[-1.154837,52.930475],[-1.154808,52.930564],[-1.15478,52.930652],[-1.154767,52.930693],[-1.154752,52.93074],[-1.154686,52.930946],[-1.154674,52.930981]],[[-1.154688,52.930734],[-1.154679,52.93077],[-1.154677,52.930785],[-1.154676,52.930792],[-1.154676,52.930799],[-1.154676,52.930806],[-1.154676,52.930813],[-1.154678,52.93083],[-1.154679,52.930843],[-1.154682,52.930869],[-1.154686,52.930906],[-1.154685,52.930921],[-1.154685,52.930929],[-1.154684,52.930936],[-1.154683,52.930944],[-1.154682,52.930951],[-1.154681,52.930959],[-1.154674,52.930981]],[[-1.154623,52.930938],[-1.154605,52.930992],[-1.15456,52.931127]],[[-1.154702,52.930692],[-1.154688,52.930734],[-1.154641,52.930885],[-1.154623,52.930938]],[[-1.154674,52.930981],[-1.154667,52.931001],[-1.15455,52.931358],[-1.154488,52.931533],[-1.154424,52.931709],[-1.15439,52.931796],[-1.154355,52.931884],[-1.15432,52.931971],[-1.154283,52.932058],[-1.154246,52.932145],[-1.154209,52.932232],[-1.15413,52.932406],[-1.154106,52.932457],[-1.154067,52.932542],[-1.154017,52.93265],[-1.153969,52.932751],[-1.153929,52.932839],[-1.153888,52.932925],[-1.153848,52.933012],[-1.153807,52.933098],[-1.153767,52.933184],[-1.153726,52.933271],[-1.153685,52.933357],[-1.153645,52.933444],[-1.153625,52.933487]],[[-1.15456,52.931127],[-1.154508,52.931287]],[[-1.154508,52.931287],[-1.154472,52.931396],[-1.154376,52.93166],[-1.154292,52.931875],[-1.154238,52.93201],[-1.154087,52.932357],[-1.154044,52.932449],[-1.153956,52.93264],[-1.153723,52.933136],[-1.153562,52.93348]],[[-1.153562,52.93348],[-1.153496,52.933621]],[[-1.153625,52.933487],[-1.153605,52.93353],[-1.153566,52.933613]],[[-1.153566,52.933613],[-1.153547,52.933654],[-1.153531,52.933688],[-1.15352,52.933715],[-1.153511,52.933741],[-1.153503,52.933767],[-1.153497,52.933795],[-1.153494,52.933821],[-1.153493,52.933848],[-1.153495,52.933892],[-1.153502,52.93393]],[[-1.153496,52.933621],[-1.153473,52.933674],[-1.153459,52.933704],[-1.153448,52.933733],[-1.153439,52.933762],[-1.153431,52.933792],[-1.153427,52.933824],[-1.153426,52.933852],[-1.153426,52.933895],[-1.153428,52.933912],[-1.153436,52.933939],[-1.153442,52.933956],[-1.153452,52.933985],[-1.153468,52.934013],[-1.15349,52.934044],[-1.15351,52.934072],[-1.153544,52.934107],[-1.153579,52.934135],[-1.153617,52.93416],[-1.153654,52.934182],[-1.153701,52.934204],[-1.153805,52.934251]],[[-1.153502,52.93393],[-1.153509,52.93395],[-1.153519,52.93397],[-1.153531,52.933993],[-1.153546,52.934023],[-1.153568,52.934046],[-1.153599,52.934081],[-1.153625,52.934104],[-1.153652,52.934126],[-1.153692,52.934152],[-1.153753,52.934183],[-1.153823,52.934218]],[[-1.153823,52.934218],[-1.153877,52.934238],[-1.153896,52.934245],[-1.153959,52.934269],[-1.154819,52.934592],[-1.155464,52.934834]],[[-1.153805,52.934251],[-1.153878,52.934279],[-1.153903,52.934288],[-1.154773,52.934614],[-1.155421,52.934857]],[[-1.155464,52.934834],[-1.155601,52.934886],[-1.155651,52.934905],[-1.155689,52.934919],[-1.155741,52.934938],[-1.155791,52.934957],[-1.155866,52.934985],[-1.155901,52.934998]],[[-1.155421,52.934857],[-1.155683,52.934957],[-1.15576,52.934986],[-1.155819,52.935013],[-1.15587,52.935038],[-1.155905,52.935062],[-1.155935,52.935088],[-1.155968,52.935123],[-1.155988,52.935153],[-1.156006,52.935187],[-1.156013,52.935227],[-1.156017,52.935266],[-1.15601,52.935314],[-1.15599,52.935355],[-1.155962,52.935401],[-1.15585,52.935509],[-1.155737,52.93562],[-1.155417,52.935932],[-1.155407,52.935942],[-1.155308,52.93603],[-1.155272,52.936066],[-1.15523,52.936108],[-1.155185,52.936153],[-1.155152,52.936196],[-1.155121,52.936239],[-1.155102,52.936276],[-1.155079,52.936321]],[[-1.155901,52.934998],[-1.155933,52.935014],[-1.15596,52.935026],[-1.155976,52.935035],[-1.155997,52.935046],[-1.15602,52.935062],[-1.156044,52.935081],[-1.156061,52.935095],[-1.15608,52.935115],[-1.156101,52.935142],[-1.156115,52.935167],[-1.156125,52.935191],[-1.156133,52.935216]],[[-1.156133,52.935216],[-1.156142,52.935242],[-1.156142,52.935266],[-1.156139,52.935296],[-1.156131,52.935323],[-1.156121,52.935352],[-1.156103,52.935389],[-1.156076,52.935421]],[[-1.156076,52.935421],[-1.156057,52.93544],[-1.156046,52.935452],[-1.156029,52.935467],[-1.155946,52.935547],[-1.155749,52.935733],[-1.155591,52.935883],[-1.155497,52.935972],[-1.15541,52.936061],[-1.155377,52.936095],[-1.155345,52.936128],[-1.155314,52.936159],[-1.155289,52.936184],[-1.155249,52.936226],[-1.155219,52.936267],[-1.155193,52.936297],[-1.15517,52.936323],[-1.155151,52.936353],[-1.155125,52.936388],[-1.155101,52.936426],[-1.155089,52.936447],[-1.155067,52.936488],[-1.155049,52.936519],[-1.155026,52.936575]],[[-1.155079,52.936321],[-1.155042,52.936402],[-1.15503,52.936431],[-1.154982,52.936544]],[[-1.154982,52.936544],[-1.154966,52.936581],[-1.154916,52.936699],[-1.154905,52.936726]],[[-1.155026,52.936575],[-1.155017,52.936597],[-1.154972,52.936701],[-1.154957,52.936735]],[[-1.154957,52.936735],[-1.154306,52.938275]],[[-1.154905,52.936726],[-1.154259,52.938268]],[[-1.154248,52.938408],[-1.154236,52.938436],[-1.15422,52.938472],[-1.154218,52.938476],[-1.154213,52.938487],[-1.154187,52.938534],[-1.15418,52.938545],[-1.15415,52.938597],[-1.154142,52.938608],[-1.154115,52.938643],[-1.154093,52.93867],[-1.15408,52.938686],[-1.154066,52.938702],[-1.154052,52.938718],[-1.154038,52.938733],[-1.154023,52.938749]],[[-1.154197,52.938403],[-1.15417,52.938462],[-1.154162,52.938478],[-1.154136,52.938525],[-1.154129,52.938535],[-1.154102,52.938586],[-1.154091,52.938598],[-1.154066,52.938631],[-1.154039,52.938664],[-1.15399,52.93872]],[[-1.154259,52.938268],[-1.154197,52.938403]],[[-1.154306,52.938275],[-1.154288,52.938312],[-1.15426,52.938381],[-1.154248,52.938408]],[[-1.15399,52.93872],[-1.153863,52.938856],[-1.153777,52.938952],[-1.153573,52.939147],[-1.153429,52.939291],[-1.153338,52.939377],[-1.153274,52.939444],[-1.153207,52.939515],[-1.153185,52.93954]],[[-1.154023,52.938749],[-1.153913,52.938873],[-1.153578,52.939208],[-1.153475,52.939305],[-1.1534,52.93938],[-1.153321,52.939457],[-1.153254,52.939529],[-1.153182,52.939608]],[[-1.153185,52.93954],[-1.153138,52.939593],[-1.152685,52.940109],[-1.152242,52.940613],[-1.151602,52.941343],[-1.151473,52.941489]],[[-1.153182,52.939608],[-1.15273,52.940123],[-1.152287,52.940628],[-1.151651,52.941354],[-1.151494,52.941532]],[[-1.151494,52.941532],[-1.151378,52.941665],[-1.151308,52.941745],[-1.151291,52.941764]],[[-1.151473,52.941489],[-1.151332,52.94165],[-1.151252,52.941741]],[[-1.151291,52.941764],[-1.151102,52.94198],[-1.151077,52.942008],[-1.150477,52.942694],[-1.150304,52.942892],[-1.15016,52.943056],[-1.150001,52.943237],[-1.149993,52.943245]],[[-1.151233,52.941762],[-1.151033,52.941992],[-1.1505,52.9426],[-1.150351,52.942771],[-1.150114,52.943041],[-1.149954,52.943223],[-1.149946,52.943232],[-1.149712,52.943499],[-1.149126,52.94417],[-1.149119,52.944181],[-1.149102,52.944202],[-1.149074,52.944241],[-1.149047,52.94428],[-1.149028,52.944308],[-1.149016,52.944328],[-1.149011,52.944336],[-1.148991,52.944372],[-1.148971,52.944407],[-1.14895,52.944443],[-1.148928,52.944477],[-1.14891,52.944498],[-1.148888,52.94452],[-1.14886,52.944544]],[[-1.151252,52.941741],[-1.151233,52.941762]],[[-1.149993,52.943245],[-1.149787,52.94348]],[[-1.149946,52.943232],[-1.149931,52.943249],[-1.149917,52.943267],[-1.149907,52.943281],[-1.149898,52.943296],[-1.14989,52.943311],[-1.149853,52.943383],[-1.149843,52.943401],[-1.149837,52.943413],[-1.149826,52.943431],[-1.149816,52.943444],[-1.149799,52.943466],[-1.149787,52.94348]],[[-1.149787,52.94348],[-1.149759,52.943512],[-1.149196,52.944159],[-1.14918,52.944175],[-1.149149,52.944216],[-1.149125,52.94425],[-1.149109,52.944275],[-1.149088,52.944311],[-1.149071,52.944343],[-1.149045,52.944394],[-1.149013,52.94446],[-1.148993,52.944498],[-1.148977,52.944523],[-1.148965,52.94454],[-1.148954,52.944555],[-1.148944,52.944565],[-1.148929,52.944579],[-1.148921,52.944587]],[[-1.14886,52.944544],[-1.148835,52.944561],[-1.148802,52.94458],[-1.148768,52.944597],[-1.148732,52.944611],[-1.148696,52.944623],[-1.148662,52.944633],[-1.148629,52.94464],[-1.148593,52.944645]],[[-1.148921,52.944587],[-1.148903,52.944602],[-1.148882,52.944617],[-1.148854,52.944634],[-1.148831,52.944647],[-1.148808,52.944657],[-1.148789,52.944666],[-1.148782,52.944669],[-1.148749,52.94468],[-1.148706,52.944693],[-1.148677,52.944699],[-1.148635,52.944707],[-1.14859,52.944713],[-1.148554,52.944716]],[[-1.148554,52.944716],[-1.148526,52.944717],[-1.148365,52.944716]],[[-1.148593,52.944645],[-1.148547,52.94465],[-1.148517,52.944651],[-1.148488,52.944652],[-1.148358,52.944652]],[[-1.148358,52.944652],[-1.148314,52.944651],[-1.148276,52.944649],[-1.148229,52.944645]],[[-1.148365,52.944716],[-1.148325,52.944715],[-1.14828,52.944712],[-1.148245,52.944709]],[[-1.188705,52.989112],[-1.188816,52.989175],[-1.188872,52.989206],[-1.188932,52.989235],[-1.189001,52.989266],[-1.189088,52.989302],[-1.189176,52.989334],[-1.18926,52.989362],[-1.189335,52.989384],[-1.189417,52.989405],[-1.189487,52.989421],[-1.189572,52.989438],[-1.18965,52.989451],[-1.189729,52.989462],[-1.189781,52.989468],[-1.189811,52.989472]],[[-1.192177,52.989445],[-1.191141,52.989504],[-1.190399,52.989546],[-1.190286,52.989551],[-1.190213,52.989554],[-1.190154,52.989555],[-1.1901,52.989555],[-1.190026,52.989553],[-1.189949,52.98955],[-1.189876,52.989545],[-1.189791,52.989538]],[[-1.189791,52.989538],[-1.1897,52.989528],[-1.189616,52.989515],[-1.18953,52.9895],[-1.18945,52.989485],[-1.189358,52.989465],[-1.189219,52.989426],[-1.189145,52.989402],[-1.189079,52.98938],[-1.189015,52.989356],[-1.188955,52.989331],[-1.188891,52.989302],[-1.188801,52.989257],[-1.188719,52.989214],[-1.188627,52.989161]],[[-1.189811,52.989472],[-1.189907,52.98948],[-1.189982,52.989484],[-1.190041,52.989486],[-1.1901,52.989487],[-1.190151,52.989487],[-1.190205,52.989486],[-1.19028,52.989484],[-1.190986,52.989444],[-1.191151,52.989436],[-1.191257,52.989431],[-1.19133,52.98943],[-1.191379,52.989431],[-1.19145,52.989433],[-1.191529,52.989437],[-1.191761,52.989448],[-1.191852,52.989451],[-1.191894,52.98945],[-1.192177,52.989445]],[[-1.192235,52.989442],[-1.192453,52.989429]],[[-1.192235,52.989442],[-1.192177,52.989445]],[[-1.192453,52.989429],[-1.192971,52.989401],[-1.19376,52.989355],[-1.19532,52.989268],[-1.197693,52.989132],[-1.199378,52.989036],[-1.19962,52.989023]],[[-1.19962,52.989023],[-1.200228,52.988988],[-1.20051,52.988973],[-1.20071,52.988961],[-1.200769,52.988958],[-1.201016,52.988936],[-1.201094,52.988924],[-1.20123,52.988896],[-1.201635,52.988787],[-1.201841,52.988744]],[[-1.202617,52.988777],[-1.202849,52.98882],[-1.203423,52.988924],[-1.203551,52.988947],[-1.203628,52.988958],[-1.203685,52.988965],[-1.203747,52.98897],[-1.203806,52.988975],[-1.203862,52.988977],[-1.203921,52.988978],[-1.203998,52.988978],[-1.20408,52.988976],[-1.204258,52.988966],[-1.204849,52.988919],[-1.205136,52.988896],[-1.205896,52.988836],[-1.20606,52.988825],[-1.20621,52.988821],[-1.206367,52.988821],[-1.206646,52.988823],[-1.207126,52.988825]],[[-1.201841,52.988744],[-1.201917,52.988733],[-1.201967,52.988728],[-1.20205,52.988722],[-1.202114,52.988721],[-1.202175,52.988722],[-1.202241,52.988725],[-1.202306,52.98873],[-1.202392,52.98874],[-1.202465,52.988751],[-1.202617,52.988777]],[[-1.207126,52.988893],[-1.206643,52.988891],[-1.206078,52.988887],[-1.205539,52.988884],[-1.205421,52.988884],[-1.205306,52.988887],[-1.205224,52.988891],[-1.205136,52.988896]]]}},{"type":"Feature","geometry":{"type":"LineString","coordinates":[[-0.890722,52.76299],[-0.889906,52.762632],[-0.889856,52.762622],[-0.889804,52.762619],[-0.889751,52.762623],[-0.889702,52.762633],[-0.889642,52.76267],[-0.889587,52.762725],[-0.889576,52.762749],[-0.889574,52.762782],[-0.889577,52.76282],[-0.889618,52.762868],[-0.890411,52.763248],[-0.890457,52.763261],[-0.890509,52.763267],[-0.890561,52.763268],[-0.890609,52.763261],[-0.89066,52.763244],[-0.89073,52.763199],[-0.890767,52.763147],[-0.890772,52.76311],[-0.890768,52.763078],[-0.890769,52.763046],[-0.890751,52.763016],[-0.890722,52.76299]]},"properties":{"@id":"way/683476879","name":"Melton Mowbray Miniature Railway","railway":"narrow_gauge"},"id":"way/683476879"},{"type":"Feature","geometry":{"type":"LineString","coordinates":[[-1.346554,53.064865],[-1.346101,53.06491],[-1.345019,53.065085],[-1.344474,53.065204],[-1.344077,53.065323],[-1.343654,53.065494],[-1.343388,53.065639],[-1.343139,53.065828]]},"properties":{"@id":"way/687971585","name":"Midland Railway Centre","operator":"Ecclesbourne Valley Railway","operator:wikidata":"Q6842428","railway":"rail","railway:preserved":"yes","ref":"CPC"},"id":"way/687971585"},{"type":"Feature","geometry":{"type":"LineString","coordinates":[[-1.402496,53.06327],[-1.402144,53.063287],[-1.401422,53.063314],[-1.400719,53.063345],[-1.400334,53.063354],[-1.399645,53.063366],[-1.399295,53.063364],[-1.398899,53.063367],[-1.398731,53.063364],[-1.398232,53.063352],[-1.397716,53.063322],[-1.397237,53.06329],[-1.396728,53.063249],[-1.395926,53.063163],[-1.395247,53.063091],[-1.394696,53.063034],[-1.394205,53.062983],[-1.393913,53.062966],[-1.393489,53.062939],[-1.393208,53.062928],[-1.39279,53.06292],[-1.392404,53.062922],[-1.392109,53.062928],[-1.391688,53.062954],[-1.391502,53.062969]]},"properties":{"@id":"way/715193771","electrified":"no","gauge":"1435","name":"Midland Railway Centre","operator":"Ecclesbourne Valley Railway","operator:wikidata":"Q6842428","railway":"rail","railway:preserved":"yes","ref":"APB"},"id":"way/715193771"},{"type":"Feature","geometry":{"type":"LineString","coordinates":[[-1.402501,53.063236],[-1.402778,53.063223],[-1.403456,53.063185],[-1.404066,53.063162]]},"properties":{"@id":"way/715193772","electrified":"no","embankment":"yes","gauge":"1435","name":"Midland Railway Centre","operator":"Ecclesbourne Valley Railway","operator:wikidata":"Q6842428","railway":"rail","railway:preserved":"yes","ref":"APB","source":"NPE","wikidata":"Q6842428"},"id":"way/715193772"},{"type":"Feature","geometry":{"type":"LineString","coordinates":[[-1.406145,53.063081],[-1.406205,53.063079],[-1.40632,53.063074],[-1.406956,53.063046],[-1.407325,53.06303],[-1.407938,53.063007],[-1.408243,53.062995],[-1.408323,53.062991],[-1.409464,53.062943],[-1.409711,53.062935],[-1.409929,53.062929],[-1.410578,53.06291]]},"properties":{"@id":"way/715193773","electrified":"no","gauge":"1435","name":"Midland Railway Centre","operator":"Ecclesbourne Valley Railway","operator:wikidata":"Q6842428","railway":"rail","railway:preserved":"yes","ref":"APB","source":"NPE"},"id":"way/715193773"},{"type":"Feature","geometry":{"type":"LineString","coordinates":[[-1.406146,53.063113],[-1.405798,53.063124],[-1.404329,53.063188]]},"properties":{"@id":"way/715193774","electrified":"no","embankment":"yes","gauge":"1435","name":"Midland Railway Centre","operator":"Ecclesbourne Valley Railway","operator:wikidata":"Q6842428","railway":"rail","railway:preserved":"yes","ref":"APB","wikidata":"Q116283882"},"id":"way/715193774"},{"type":"Feature","geometry":{"type":"LineString","coordinates":[[-1.3712,53.057213],[-1.371218,53.057236],[-1.371373,53.057309],[-1.371416,53.057313]]},"properties":{"@id":"way/785114125","gauge":"610","operator":"Ecclesbourne Valley Railway","operator:wikidata":"Q6842428","railway":"narrow_gauge"},"id":"way/785114125"},{"type":"Feature","geometry":{"type":"LineString","coordinates":[[-1.485997,52.98769],[-1.486421,52.987913],[-1.486794,52.988103],[-1.487261,52.988302],[-1.487786,52.988479],[-1.488269,52.9886],[-1.48876,52.988693],[-1.489254,52.988774]]},"properties":{"@id":"way/814333345","electrified":"no","gauge":"1435","name":"Wirksworth Branch Line","operator":"Ecclesbourne Valley Railway","operator:wikidata":"Q5332216","railway":"rail","railway:preserved":"yes","ref":"DJW"},"id":"way/814333345"},{"type":"Feature","geometry":{"type":"LineString","coordinates":[[-1.409929,53.062929],[-1.409498,53.062975]]},"properties":{"@id":"way/827812767","electrified":"no","gauge":"1435","operator":"Ecclesbourne Valley Railway","operator:wikidata":"Q6842428","railway":"rail","railway:preserved":"yes","service":"crossover"},"id":"way/827812767"},{"type":"Feature","geometry":{"type":"LineString","coordinates":[[-1.383495,53.063766],[-1.383718,53.063785],[-1.38428,53.063813],[-1.384453,53.063824],[-1.384613,53.063827],[-1.384801,53.063815]]},"properties":{"@id":"way/827812779","electrified":"no","gauge":"1435","operator":"Ecclesbourne Valley Railway","operator:wikidata":"Q6842428","railway":"rail","railway:preserved":"yes"},"id":"way/827812779"},{"type":"Feature","geometry":{"type":"LineString","coordinates":[[-1.19588,52.773489],[-1.195963,52.772807]]},"properties":{"@id":"way/889964140","electrified":"no","gauge":"1435","layer":"-1","maxspeed":"45 mph","name":"Great Central Railway","operator":"Great Central Railway","operator:wikidata":"Q5598946","railway":"rail","railway:preserved":"yes","ref":"MCJ3","tunnel":"covered","usage":"main"},"id":"way/889964140"},{"type":"Feature","geometry":{"type":"LineString","coordinates":[[-1.195907,52.772804],[-1.195819,52.773486]]},"properties":{"@id":"way/889964141","electrified":"no","gauge":"1435","layer":"-1","maxspeed":"45 mph","name":"Great Central Railway","operator":"Great Central Railway","operator:wikidata":"Q5598946","railway":"rail","railway:preserved":"yes","ref":"MCJ3","tunnel":"covered","usage":"main"},"id":"way/889964141"},{"type":"Feature","geometry":{"type":"LineString","coordinates":[[-1.195771,52.77401],[-1.195836,52.773725],[-1.19588,52.773489]]},"properties":{"@id":"way/889964142","electrified":"no","gauge":"1435","maxspeed":"45 mph","name":"Great Central Railway","operator":"Great Central Railway","operator:wikidata":"Q5598946","railway":"rail","railway:preserved":"yes","ref":"MCJ3","usage":"main"},"id":"way/889964142"},{"type":"Feature","geometry":{"type":"LineString","coordinates":[[-1.195819,52.773486],[-1.195768,52.773746],[-1.195682,52.774108]]},"properties":{"@id":"way/889964143","electrified":"no","gauge":"1435","maxspeed":"45 mph","name":"Great Central Railway","operator":"Great Central Railway","operator:wikidata":"Q5598946","railway":"rail","railway:preserved":"yes","ref":"MCJ3","usage":"main"},"id":"way/889964143"},{"type":"Feature","geometry":{"type":"LineString","coordinates":[[-1.198079,52.790968],[-1.196637,52.789626]]},"properties":{"@id":"way/889968309","bridge":"viaduct","electrified":"no","gauge":"1435","layer":"1","maxspeed":"45 mph","name":"Great Central Railway","operator":"Great Central Railway (Nottingham)","operator:wikidata":"Q5598945","railway":"rail","railway:preserved":"yes","ref":"MCJ3","usage":"main","wikidata":"Q7598816"},"id":"way/889968309"},{"type":"Feature","geometry":{"type":"LineString","coordinates":[[-1.348491,53.064545],[-1.348895,53.064477]]},"properties":{"@id":"way/903164496","electrified":"no","gauge":"1435","name":"Midland Railway Centre","operator":"Ecclesbourne Valley Railway","operator:wikidata":"Q6842428","railway":"rail","railway:preserved":"yes","ref":"APB","source":"NPE","usage":"branch"},"id":"way/903164496"},{"type":"Feature","geometry":{"type":"LineString","coordinates":[[-1.266816,52.898228],[-1.267102,52.898535],[-1.267838,52.899559],[-1.268478,52.900475],[-1.269115,52.901377],[-1.26932,52.901662]]},"properties":{"@id":"way/907995235","gauge":"1435","loading_gauge":"W6A, W7, W8, W9, W10, W12","maxspeed":"15 mph","railway":"rail","ref":"TCC","ref:lor":"LN3207","source":"Bing"},"id":"way/907995235"},{"type":"Feature","geometry":{"type":"LineString","coordinates":[[-1.277242,52.912802],[-1.277391,52.913015],[-1.277754,52.913519],[-1.278021,52.913892],[-1.278603,52.91475]]},"properties":{"@id":"way/907995236","gauge":"1435","loading_gauge":"W6A, W7, W8, W9, W10, W12","maxspeed":"15 mph","railway":"rail","ref":"TCC","ref:lor":"LN3207","source":"Bing"},"id":"way/907995236"},{"type":"Feature","geometry":{"type":"LineString","coordinates":[[-1.146121,52.885123],[-1.146078,52.885156]]},"properties":{"@id":"way/950187424","electrified":"no","railway":"narrow_gauge","source":"Bing"},"id":"way/950187424"},{"type":"Feature","geometry":{"type":"LineString","coordinates":[[-1.15047,52.884789],[-1.150746,52.884803],[-1.150978,52.884815]]},"properties":{"@id":"way/1013101496","electrified":"no","gauge":"1435","name":"Great Central Railway","operator":"Great Central Railway (Nottingham)","operator:wikidata":"Q5598945","railway":"rail","railway:preserved":"yes","service":"crossover","usage":"tourism"},"id":"way/1013101496"},{"type":"Feature","geometry":{"type":"LineString","coordinates":[[-1.146901,52.884467],[-1.147045,52.884482],[-1.14713,52.884491],[-1.147259,52.884507],[-1.147437,52.884533],[-1.147529,52.884547],[-1.147604,52.884557],[-1.147687,52.884567],[-1.147795,52.884579],[-1.147911,52.88459]]},"properties":{"@id":"way/1013101497","electrified":"no","gauge":"1435","name":"Great Central Railway","operator":"Great Central Railway (Nottingham)","operator:wikidata":"Q5598945","railway":"rail","railway:preserved":"yes","service":"crossover","usage":"tourism"},"id":"way/1013101497"},{"type":"Feature","geometry":{"type":"LineString","coordinates":[[-1.160813,52.889059],[-1.160485,52.889618],[-1.160372,52.889831],[-1.160204,52.890253]]},"properties":{"@id":"way/1013101498","electrified":"no","gauge":"1435","maxspeed":"45 mph","name":"Great Central Railway","operator":"Great Central Railway (Nottingham)","operator:wikidata":"Q5598945","railway":"rail","railway:preserved":"yes","usage":"main"},"id":"way/1013101498"},{"type":"Feature","geometry":{"type":"LineString","coordinates":[[-1.398075,53.040759],[-1.398212,53.040752],[-1.398262,53.040751],[-1.398332,53.040745],[-1.398396,53.040738],[-1.398474,53.040729],[-1.398598,53.040714],[-1.39876,53.040691],[-1.399128,53.040637]]},"properties":{"@id":"way/1018281644","railway":"rail"},"id":"way/1018281644"},{"type":"Feature","geometry":{"type":"LineString","coordinates":[[-1.485712,53.089363],[-1.485783,53.089539],[-1.48582,53.089627]]},"properties":{"@id":"way/1046568142","electrified":"contact_line","frequency":"0","gauge":"1435","name":"Crich Tramway","railway":"tram","source":"Bing","tracks":"1","usage":"tourism","voltage":"600"},"id":"way/1046568142"},{"type":"Feature","geometry":{"type":"LineString","coordinates":[[-1.169988,52.869724],[-1.17011,52.869484]]},"properties":{"@id":"way/1102886271","electrified":"no","gauge":"1435","maxspeed":"45 mph","name":"Great Central Railway","operator":"Great Central Railway (Nottingham)","operator:wikidata":"Q5598945","railway":"rail","railway:preserved":"yes","ref":"MCJ3","usage":"main"},"id":"way/1102886271"},{"type":"Feature","geometry":{"type":"LineString","coordinates":[[-1.17011,52.869484],[-1.170153,52.869393]]},"properties":{"@id":"way/1102886272","bridge":"yes","electrified":"no","gauge":"1435","layer":"1","maxspeed":"45 mph","name":"Great Central Railway","operator":"Great Central Railway (Nottingham)","operator:wikidata":"Q5598945","railway":"rail","railway:preserved":"yes","ref":"MCJ3","usage":"main"},"id":"way/1102886272"},{"type":"Feature","geometry":{"type":"LineString","coordinates":[[-1.174752,52.859682],[-1.175692,52.857727],[-1.176943,52.855056]]},"properties":{"@id":"way/1102886276","electrified":"no","embankment":"yes","gauge":"1435","maxspeed":"45 mph","name":"Great Central Railway","operator":"Great Central Railway (Nottingham)","operator:wikidata":"Q5598945","railway":"rail","railway:preserved":"yes","ref":"MCJ3","usage":"main"},"id":"way/1102886276"},{"type":"Feature","geometry":{"type":"LineString","coordinates":[[-1.176943,52.855056],[-1.176972,52.854994]]},"properties":{"@id":"way/1102886277","bridge":"yes","electrified":"no","gauge":"1435","layer":"1","maxspeed":"45 mph","name":"Great Central Railway","operator":"Great Central Railway (Nottingham)","operator:wikidata":"Q5598945","railway":"rail","railway:preserved":"yes","ref":"MCJ3","usage":"main"},"id":"way/1102886277"},{"type":"Feature","geometry":{"type":"LineString","coordinates":[[-1.380829,53.063456],[-1.381045,53.063516]]},"properties":{"@id":"way/1114750580","electrified":"no","gauge":"1435","name":"Midland Railway Centre","operator":"Ecclesbourne Valley Railway","operator:wikidata":"Q6842428","railway":"rail","railway:preserved":"yes","ref":"APB","source":"NPE","usage":"branch","wikidata":"Q6842428","wikipedia":"en:Midland Railway – Butterley"},"id":"way/1114750580"},{"type":"Feature","geometry":{"type":"LineString","coordinates":[[-1.195572,52.999481],[-1.195535,52.999539],[-1.195502,52.999582],[-1.195424,52.999684],[-1.195355,52.999778],[-1.195317,52.99984],[-1.195282,52.999905]]},"properties":{"@id":"way/1137953979","electrified":"contact_line","frequency":"0","gauge":"1435","maxspeed":"20","name":"Nottingham Express Transit Line 1","oneway":"yes","railway":"tram","ref":"RAC","source":"survey","tracks":"1","voltage":"750"},"id":"way/1137953979"},{"type":"Feature","properties":{"@id":"way/233199153","electrified":"contact_line","frequency":"0","gauge":"1435","maxspeed":"15","name":"Nottingham Express Transit Line 1","railway":"tram","tracks":"1","voltage":"750","oneway":"no","source":"City of Nottingham Open Data","ref":"RAC","bridge":"yes","layer":"1","note":"Outer point reinstalled 2015-04-28","source:2":"http://www.opendatanottingham.org.uk/dataset.aspx?id=37","cycleway:left":"no","highway":"tertiary","lanes":"1","surface":"asphalt","access":"no","lit":"yes","foot":"yes","motor_vehicle":"no","sidewalk":"both","cycleway":"shared_lane","motorbike":"no","motorcar":"no","asphalt":"no","overtaking":"no","tertiary":"yes","ref:below":"6","service":"crossover","source:licence":"Open Government Licence","source:url":"http://www.opendatanottingham.org.uk/dataset.aspx?id=37","wikidata":"Q121496141","source:railway":"verbal 2013-09-29","source:bridge":"survey","level":"1","source:name":"NottsTV News","colour":"#00ff00","note:lighting":"Green neon lights designed by somebody called \"Jason\"","source:source:name":"survey"},"geometry":{"type":"MultiLineString","coordinates":[[[-1.19479,53.036791],[-1.195401,53.037607],[-1.19592,53.038297],[-1.196018,53.038429]],[[-1.195967,53.038446],[-1.195676,53.038046],[-1.195615,53.037968],[-1.195537,53.037864],[-1.195401,53.037607]],[[-1.188868,53.029394],[-1.188976,53.029544],[-1.189237,53.029935],[-1.19028,53.03122],[-1.192521,53.033987],[-1.193388,53.035056],[-1.194051,53.035878],[-1.19479,53.036791]],[[-1.188232,53.028326],[-1.188363,53.028497],[-1.188473,53.028618],[-1.188591,53.028769],[-1.188669,53.028897],[-1.188729,53.029032],[-1.188739,53.029065],[-1.188781,53.029201],[-1.18881,53.02927],[-1.188868,53.029394]],[[-1.188232,53.028326],[-1.188521,53.028841],[-1.188692,53.029125],[-1.188868,53.029394]],[[-1.186936,53.015149],[-1.186927,53.015361],[-1.186926,53.015492],[-1.186937,53.015783],[-1.186964,53.01613],[-1.186976,53.016306],[-1.186986,53.016561],[-1.187002,53.017283],[-1.187003,53.017511],[-1.187017,53.018047],[-1.187024,53.018467],[-1.18703,53.018953],[-1.187039,53.019357],[-1.187052,53.02003],[-1.187081,53.021373],[-1.187086,53.02189],[-1.187098,53.023283],[-1.187148,53.024213],[-1.187191,53.024645],[-1.187372,53.025889],[-1.187524,53.026507],[-1.187701,53.027073],[-1.187952,53.027726],[-1.18816,53.028182],[-1.188232,53.028326]],[[-1.187149,53.013738],[-1.187121,53.013898],[-1.187119,53.013976],[-1.187123,53.014063],[-1.187141,53.01425],[-1.187144,53.01431],[-1.18714,53.014401],[-1.18713,53.01449],[-1.187111,53.014579],[-1.187077,53.014684],[-1.187015,53.014842],[-1.186981,53.014929],[-1.186966,53.014983],[-1.186948,53.015063],[-1.186936,53.015149]],[[-1.186936,53.015149],[-1.186939,53.015018],[-1.186989,53.014544],[-1.187029,53.014298],[-1.187058,53.014135],[-1.187149,53.013738]],[[-1.187149,53.013738],[-1.187205,53.013542],[-1.187283,53.013294],[-1.187348,53.013101],[-1.187437,53.012837],[-1.187592,53.012305],[-1.188016,53.010828],[-1.188081,53.010607],[-1.188208,53.010234],[-1.188386,53.009743],[-1.188512,53.009393],[-1.188733,53.008777],[-1.188924,53.00825],[-1.189024,53.007988],[-1.189155,53.007683],[-1.189301,53.007381],[-1.189449,53.007103],[-1.189597,53.006848],[-1.189687,53.0067],[-1.1898,53.006526]],[[-1.190707,53.005296],[-1.190771,53.005221],[-1.190941,53.005022],[-1.191224,53.004705],[-1.191582,53.004311],[-1.191904,53.003956],[-1.193499,53.002202],[-1.19391,53.001749],[-1.194284,53.001335],[-1.194488,53.001094],[-1.194786,53.000707],[-1.194957,53.000458],[-1.195115,53.000206],[-1.195235,52.999993],[-1.195282,52.999905]],[[-1.190707,53.005296],[-1.190555,53.005497],[-1.190511,53.005576],[-1.190466,53.005675],[-1.190449,53.005745],[-1.190433,53.005776],[-1.190386,53.005856],[-1.190325,53.005947],[-1.190276,53.006008],[-1.190237,53.006054],[-1.190169,53.006127],[-1.190079,53.006215],[-1.189983,53.006305],[-1.189941,53.006348],[-1.18989,53.006408],[-1.189843,53.006465],[-1.1898,53.006526]],[[-1.1898,53.006526],[-1.189954,53.006296],[-1.19002,53.0062],[-1.190319,53.005788],[-1.190707,53.005296]],[[-1.190019,52.989913],[-1.190094,52.98996],[-1.190256,52.990061],[-1.190847,52.990458],[-1.191051,52.990588],[-1.191486,52.990853],[-1.191992,52.991165],[-1.192206,52.991305],[-1.192406,52.99144],[-1.192606,52.991583],[-1.192845,52.991761],[-1.19307,52.991939],[-1.193158,52.992013],[-1.193501,52.992304],[-1.193822,52.992608],[-1.194229,52.993037],[-1.194367,52.993196],[-1.194564,52.993438],[-1.194808,52.993767],[-1.195014,52.994078],[-1.195189,52.994375],[-1.195273,52.994532],[-1.195357,52.994697],[-1.195476,52.994957],[-1.195585,52.995229],[-1.195661,52.995439],[-1.195715,52.995614],[-1.195767,52.995805],[-1.195824,52.996068],[-1.195854,52.996253],[-1.195878,52.996473],[-1.195893,52.996659],[-1.195904,52.996888],[-1.195911,52.997181],[-1.195909,52.99738],[-1.195903,52.997597],[-1.195889,52.99781],[-1.195876,52.997969],[-1.195856,52.998147],[-1.195799,52.998626],[-1.195755,52.998968],[-1.195746,52.999033],[-1.195733,52.999097],[-1.19571,52.999185],[-1.19567,52.999294],[-1.195644,52.999352],[-1.195617,52.999403],[-1.195572,52.999481]],[[-1.195282,52.999905],[-1.195344,52.999776],[-1.19539,52.999677],[-1.195438,52.999566],[-1.195475,52.999472],[-1.195555,52.999253],[-1.195581,52.999178],[-1.195611,52.999084],[-1.195625,52.999034],[-1.19565,52.998946],[-1.195683,52.998812],[-1.195724,52.998621],[-1.195754,52.998455],[-1.195797,52.998142],[-1.195816,52.997962],[-1.19583,52.997808],[-1.195844,52.997595],[-1.195851,52.997378],[-1.195853,52.997181],[-1.195846,52.996887],[-1.195834,52.99666],[-1.195819,52.996476],[-1.195795,52.996255],[-1.195767,52.996077],[-1.19571,52.995809],[-1.195658,52.995621],[-1.195603,52.995445],[-1.195528,52.995236],[-1.195423,52.994973],[-1.195303,52.994713],[-1.195217,52.994542],[-1.195135,52.99439],[-1.194961,52.994095],[-1.194755,52.993783],[-1.194511,52.993454],[-1.194315,52.993212],[-1.194177,52.993053],[-1.19377,52.992624],[-1.193447,52.992321],[-1.193028,52.991962],[-1.192795,52.991779],[-1.192556,52.991601],[-1.192364,52.991465],[-1.192165,52.99133],[-1.19195,52.99119],[-1.191442,52.990877],[-1.191006,52.990611],[-1.190799,52.990485],[-1.190008,52.990002],[-1.189492,52.989688]],[[-1.195797,52.998142],[-1.195797,52.998364],[-1.1958,52.998428],[-1.195799,52.998626]],[[-1.188705,52.989112],[-1.189219,52.989426],[-1.18936,52.989511],[-1.189969,52.989882],[-1.190019,52.989913]],[[-1.189492,52.989688],[-1.189269,52.989553],[-1.188627,52.989161]],[[-1.182528,52.985286],[-1.182589,52.985333],[-1.182971,52.985586],[-1.183433,52.98591],[-1.183842,52.986181],[-1.184305,52.986475],[-1.184842,52.986804],[-1.185392,52.98714],[-1.185968,52.987493],[-1.186386,52.987747],[-1.186658,52.987915],[-1.187032,52.988137],[-1.187357,52.988321],[-1.187619,52.988465],[-1.187833,52.988585],[-1.188049,52.988713],[-1.188488,52.98898],[-1.18856,52.989024],[-1.188705,52.989112]],[[-1.188627,52.989161],[-1.188482,52.989072],[-1.187539,52.988499],[-1.187303,52.988355],[-1.186987,52.988162],[-1.18662,52.987939],[-1.186345,52.98777],[-1.18593,52.987517],[-1.185624,52.987332]],[[-1.188488,52.98898],[-1.188241,52.98885],[-1.188124,52.988794],[-1.187995,52.988732],[-1.187811,52.988645],[-1.187674,52.988577],[-1.187539,52.988499]],[[-1.185624,52.987332],[-1.185354,52.987165],[-1.184804,52.986829],[-1.184267,52.986499],[-1.183805,52.986205],[-1.183395,52.985934],[-1.182929,52.985609],[-1.182544,52.985351],[-1.182473,52.985296]],[[-1.182462,52.985228],[-1.182528,52.985286]],[[-1.182408,52.985241],[-1.182215,52.985076],[-1.18187,52.984782],[-1.18179,52.984713],[-1.181742,52.984672],[-1.181671,52.984611],[-1.181503,52.984472],[-1.181414,52.984398],[-1.181158,52.984182],[-1.180972,52.984015],[-1.180772,52.983849],[-1.180448,52.983581],[-1.179562,52.9828],[-1.17941,52.982668],[-1.178942,52.982233],[-1.178537,52.981844]],[[-1.182408,52.985241],[-1.182473,52.985296]],[[-1.181534,52.984448],[-1.181708,52.984594],[-1.181781,52.984655],[-1.181828,52.984695],[-1.182229,52.985032],[-1.182259,52.985057],[-1.182278,52.985073],[-1.182462,52.985228]],[[-1.178584,52.981826],[-1.178981,52.982216],[-1.179615,52.982781],[-1.180491,52.983561],[-1.180818,52.983834],[-1.181014,52.983997],[-1.181197,52.984164],[-1.181449,52.984381],[-1.181534,52.984448]],[[-1.177358,52.980401],[-1.17745,52.980556],[-1.177549,52.980702],[-1.177653,52.980846],[-1.177783,52.981007],[-1.177907,52.981148],[-1.178035,52.981283],[-1.178158,52.981407],[-1.178359,52.981609],[-1.178409,52.981657],[-1.178575,52.981817],[-1.178584,52.981826]],[[-1.178537,52.981844],[-1.178528,52.981835],[-1.17836,52.981673],[-1.178309,52.981624],[-1.178108,52.981422],[-1.177989,52.9813],[-1.177733,52.98102],[-1.177604,52.980858],[-1.177499,52.980714],[-1.177404,52.980568],[-1.177311,52.980412],[-1.177225,52.980249],[-1.177151,52.980088],[-1.177064,52.979879],[-1.176977,52.97963],[-1.176929,52.979475],[-1.176883,52.979304],[-1.176829,52.979051],[-1.17679,52.978803],[-1.176766,52.978573],[-1.176755,52.978322],[-1.176754,52.978117],[-1.176764,52.977903],[-1.176785,52.977677],[-1.176822,52.977411],[-1.176877,52.977121],[-1.176915,52.97698],[-1.176976,52.976733],[-1.177143,52.976286],[-1.177167,52.976217]],[[-1.177213,52.97626],[-1.1772,52.976294],[-1.177132,52.976458],[-1.177035,52.976742],[-1.176971,52.976989],[-1.176936,52.977132],[-1.176881,52.977414],[-1.176839,52.977679],[-1.176817,52.977903],[-1.176804,52.978119],[-1.176804,52.97832],[-1.176815,52.978571],[-1.17684,52.978801],[-1.176879,52.979048],[-1.176928,52.979292],[-1.176978,52.97947],[-1.177026,52.979626],[-1.177111,52.97987],[-1.177199,52.98008],[-1.177271,52.980237],[-1.177358,52.980401]],[[-1.177167,52.976217],[-1.177178,52.976159]],[[-1.177223,52.976204],[-1.177213,52.97626]],[[-1.179498,52.97346],[-1.179342,52.97357],[-1.179087,52.973754],[-1.178884,52.973921],[-1.178749,52.974039],[-1.178665,52.97412],[-1.178496,52.974293],[-1.178367,52.974431],[-1.178239,52.974586],[-1.178071,52.974793],[-1.177937,52.974967],[-1.177749,52.975239],[-1.177564,52.975532],[-1.177455,52.975733],[-1.17736,52.975911],[-1.177314,52.976001],[-1.177223,52.976204]],[[-1.177178,52.976159],[-1.177258,52.975992],[-1.177303,52.9759],[-1.177372,52.975767],[-1.17752,52.975501],[-1.177657,52.975278],[-1.177838,52.975016],[-1.177997,52.974801],[-1.17818,52.974573],[-1.178299,52.97443],[-1.178449,52.974271],[-1.178594,52.974118],[-1.178819,52.973913],[-1.179035,52.973738],[-1.179235,52.973589],[-1.179468,52.973429]],[[-1.180132,52.973064],[-1.180076,52.973098],[-1.179498,52.97346]],[[-1.179468,52.973429],[-1.180049,52.973059]],[[-1.179818,52.972364],[-1.180005,52.972412],[-1.180077,52.972435],[-1.180174,52.972476],[-1.180236,52.97251],[-1.180289,52.972551],[-1.18033,52.972598],[-1.180362,52.972651],[-1.180376,52.972702],[-1.180384,52.972751],[-1.180378,52.972785],[-1.180365,52.972827],[-1.180339,52.972874],[-1.180302,52.972925],[-1.180249,52.972976],[-1.180132,52.973064]],[[-1.180049,52.973059],[-1.180147,52.972994],[-1.180216,52.972932],[-1.180259,52.972889],[-1.18028,52.972855],[-1.180303,52.9728],[-1.180304,52.97276],[-1.180305,52.972707],[-1.180292,52.972664],[-1.180263,52.97262],[-1.180231,52.972582],[-1.180187,52.972546],[-1.180132,52.972511],[-1.180067,52.97248],[-1.179991,52.97245],[-1.179917,52.972428],[-1.179799,52.972393]],[[-1.17937,52.972253],[-1.179818,52.972364]],[[-1.179799,52.972393],[-1.179349,52.972285]],[[-1.175803,52.971565],[-1.175876,52.97157],[-1.175975,52.971571],[-1.176023,52.971574],[-1.176097,52.971581],[-1.176161,52.971588],[-1.176225,52.971603],[-1.176357,52.971623],[-1.176459,52.971637],[-1.176591,52.971656],[-1.176831,52.971682],[-1.176972,52.971704],[-1.177086,52.971727],[-1.177262,52.971766],[-1.17778,52.971888],[-1.177906,52.971915],[-1.178239,52.971993],[-1.178616,52.97208],[-1.17904,52.972181],[-1.17937,52.972253]],[[-1.179349,52.972285],[-1.178649,52.972129],[-1.178594,52.972114],[-1.178218,52.972026],[-1.177887,52.971948],[-1.177785,52.971926],[-1.177515,52.971866],[-1.177233,52.971804],[-1.177066,52.971769],[-1.176983,52.971753],[-1.176916,52.971741],[-1.176843,52.971729],[-1.176787,52.971723],[-1.176721,52.971714],[-1.176658,52.971702],[-1.176617,52.971692],[-1.176579,52.971681],[-1.176522,52.971664],[-1.176459,52.971637],[-1.176377,52.971604],[-1.176183,52.971531],[-1.176157,52.971525],[-1.176128,52.971517]],[[-1.178649,52.972129],[-1.178745,52.972147],[-1.178794,52.972152],[-1.178914,52.972161],[-1.178965,52.972168],[-1.17904,52.972181]],[[-1.176128,52.971517],[-1.176047,52.971495],[-1.175932,52.971477],[-1.175826,52.971465],[-1.175678,52.971456],[-1.175531,52.971454],[-1.17497,52.97145],[-1.174892,52.971445],[-1.174815,52.971435],[-1.174758,52.971419],[-1.174721,52.971406],[-1.174698,52.971396]],[[-1.174716,52.971556],[-1.17479,52.971556],[-1.174825,52.971557],[-1.174959,52.97156],[-1.175641,52.971563],[-1.175803,52.971565]],[[-1.172211,52.971241],[-1.172273,52.97125],[-1.172316,52.971259],[-1.17237,52.971272],[-1.172436,52.971292],[-1.172496,52.971313],[-1.172562,52.971341],[-1.172714,52.971415],[-1.172799,52.971453],[-1.172886,52.971487],[-1.172965,52.971509],[-1.17303,52.971523],[-1.173093,52.971533],[-1.173151,52.971539],[-1.173239,52.971543],[-1.17333,52.971544],[-1.173752,52.971548],[-1.173882,52.971548],[-1.174615,52.971555],[-1.174716,52.971556]],[[-1.174698,52.971396],[-1.174648,52.971365],[-1.174616,52.971339],[-1.174599,52.971318]],[[-1.174564,52.971255],[-1.174555,52.971226],[-1.174502,52.970982]],[[-1.174599,52.971318],[-1.174585,52.971299],[-1.174572,52.971276],[-1.174564,52.971255]],[[-1.171143,52.971279],[-1.171176,52.971293],[-1.171204,52.971303],[-1.171231,52.971309],[-1.171259,52.971315],[-1.171309,52.97132],[-1.171361,52.97132],[-1.171421,52.971315],[-1.171547,52.971292],[-1.171675,52.971263],[-1.171731,52.971252],[-1.17176,52.971247],[-1.171848,52.971235],[-1.171905,52.971229],[-1.171978,52.971226],[-1.172061,52.971226],[-1.172096,52.971228],[-1.172162,52.971234],[-1.172211,52.971241]],[[-1.17052,52.970348],[-1.171015,52.971147]],[[-1.171015,52.971147],[-1.171047,52.971197],[-1.171067,52.971222],[-1.171093,52.971246],[-1.171109,52.971259],[-1.171143,52.971279]],[[-1.174493,52.970911],[-1.174394,52.970515],[-1.17437,52.970409],[-1.174351,52.970343],[-1.174311,52.970245],[-1.174277,52.970183],[-1.174225,52.970107],[-1.174167,52.97003],[-1.173928,52.969746],[-1.173794,52.969585],[-1.17376,52.969545],[-1.173627,52.969385],[-1.173513,52.969248],[-1.173297,52.968996],[-1.173125,52.968783],[-1.172928,52.968564]],[[-1.174502,52.970982],[-1.174493,52.970911]],[[-1.169893,52.969324],[-1.16993,52.969381],[-1.170295,52.969986]],[[-1.170456,52.970246],[-1.170508,52.970329],[-1.17052,52.970348]],[[-1.170295,52.969986],[-1.170404,52.970162],[-1.170456,52.970246]],[[-1.172928,52.968564],[-1.172663,52.968269],[-1.172313,52.967885],[-1.172106,52.967656],[-1.172052,52.9676],[-1.172014,52.967561],[-1.171842,52.967389],[-1.17173,52.967269],[-1.171528,52.967024],[-1.171372,52.966835],[-1.171216,52.966646]],[[-1.16826,52.966688],[-1.168507,52.967062],[-1.168661,52.967304],[-1.168761,52.967464],[-1.168882,52.967657],[-1.169035,52.967912],[-1.169164,52.96812],[-1.169495,52.968641],[-1.169641,52.968876],[-1.169851,52.96924],[-1.169893,52.969324]],[[-1.171216,52.966646],[-1.171128,52.966536],[-1.171022,52.966405],[-1.170958,52.966324],[-1.170855,52.966204],[-1.170805,52.966157],[-1.17074,52.966115],[-1.170682,52.966089],[-1.170615,52.966068],[-1.170564,52.966059]],[[-1.170564,52.966059],[-1.170545,52.966055],[-1.170469,52.966048],[-1.170362,52.966055],[-1.170287,52.966067],[-1.170219,52.966085],[-1.170065,52.966142],[-1.170033,52.966157],[-1.169986,52.966182],[-1.169925,52.966221],[-1.169809,52.96632],[-1.169751,52.966366],[-1.169696,52.966398],[-1.16964,52.966425],[-1.169575,52.966449],[-1.169437,52.96648],[-1.169143,52.966544],[-1.168668,52.966647]],[[-1.168668,52.966647],[-1.168595,52.966662],[-1.168529,52.966673],[-1.168477,52.966676],[-1.16841,52.966675],[-1.168341,52.966666],[-1.168311,52.96666],[-1.16826,52.966644],[-1.168244,52.966638],[-1.168225,52.966628],[-1.168184,52.966607],[-1.168152,52.966582],[-1.168125,52.966558],[-1.168109,52.966539],[-1.168082,52.966496]],[[-1.168175,52.966549],[-1.168225,52.966628],[-1.16826,52.966688]],[[-1.167726,52.965857],[-1.167768,52.965906],[-1.167811,52.965967],[-1.167954,52.966199],[-1.168068,52.966376],[-1.168175,52.966549]],[[-1.168082,52.966496],[-1.167942,52.96627],[-1.167842,52.966111],[-1.16776,52.965981]],[[-1.167255,52.965464],[-1.167234,52.965427],[-1.167084,52.96515],[-1.167045,52.965079]],[[-1.166905,52.9645],[-1.166959,52.964594],[-1.167028,52.964723],[-1.167057,52.964782],[-1.167157,52.965061],[-1.16718,52.965116],[-1.167341,52.965415],[-1.167394,52.965512],[-1.167418,52.965553],[-1.167435,52.965579],[-1.167456,52.965601],[-1.16751,52.965654],[-1.167594,52.965733],[-1.167619,52.965758],[-1.167627,52.965765],[-1.167694,52.965828],[-1.167726,52.965857]],[[-1.16776,52.965981],[-1.167713,52.965919],[-1.167666,52.965869],[-1.167663,52.965867],[-1.167623,52.965832],[-1.167598,52.965814],[-1.16756,52.965787],[-1.16747,52.965729],[-1.167287,52.965608],[-1.167262,52.965587],[-1.167239,52.965563],[-1.167197,52.965506],[-1.167009,52.965162],[-1.166993,52.965129],[-1.166977,52.965085],[-1.166968,52.965032],[-1.166947,52.964853],[-1.166932,52.964727]],[[-1.167255,52.965464],[-1.167279,52.965496],[-1.167311,52.965528],[-1.167359,52.965573],[-1.16741,52.965617],[-1.167594,52.965733]],[[-1.167842,52.966111],[-1.167817,52.966068],[-1.167808,52.966052],[-1.167801,52.966038],[-1.167793,52.966026],[-1.16776,52.965975],[-1.167716,52.965918],[-1.16767,52.965868],[-1.167668,52.965866],[-1.167626,52.965831],[-1.167601,52.965812],[-1.167563,52.965785],[-1.167398,52.965677],[-1.167367,52.965648],[-1.167336,52.965611],[-1.167302,52.965552],[-1.167255,52.965464]],[[-1.166959,52.964594],[-1.166975,52.964632],[-1.166982,52.964656],[-1.166987,52.964685],[-1.166992,52.964729],[-1.167016,52.964938],[-1.167045,52.965079]],[[-1.167045,52.965079],[-1.166974,52.964948],[-1.166964,52.964928],[-1.166957,52.964911],[-1.166951,52.964883],[-1.166947,52.964853]],[[-1.166932,52.964727],[-1.166924,52.964682],[-1.166913,52.964643],[-1.166885,52.964578],[-1.166854,52.964518],[-1.166699,52.964237],[-1.166664,52.964187],[-1.166651,52.964168],[-1.166626,52.964137],[-1.166583,52.964089],[-1.16654,52.96405],[-1.166508,52.964024],[-1.166471,52.963996],[-1.166419,52.963963],[-1.166386,52.963945],[-1.166341,52.963921],[-1.166296,52.963899],[-1.166262,52.963884],[-1.166143,52.96384],[-1.166009,52.963801],[-1.165597,52.963701],[-1.165315,52.963634],[-1.164899,52.963536],[-1.164733,52.963497],[-1.164593,52.963464],[-1.164346,52.963406],[-1.164142,52.963358],[-1.163831,52.963284],[-1.16381,52.96328],[-1.163444,52.963197],[-1.163207,52.963147],[-1.163114,52.963127],[-1.16303,52.963112],[-1.16285,52.963077],[-1.162666,52.963041],[-1.16254,52.96302],[-1.162443,52.963002],[-1.162369,52.962987],[-1.162308,52.962973],[-1.162256,52.962956],[-1.16221,52.962937],[-1.162188,52.962926]],[[-1.166057,52.963759],[-1.166165,52.963807],[-1.166294,52.963852],[-1.166343,52.963874],[-1.166386,52.963894],[-1.166423,52.963913],[-1.166468,52.963938],[-1.166516,52.96397],[-1.166554,52.963998],[-1.16659,52.964026],[-1.166682,52.96412],[-1.16671,52.964156],[-1.166757,52.96423],[-1.166905,52.9645]],[[-1.16225,52.962906],[-1.162314,52.962923],[-1.162398,52.962944],[-1.162522,52.96297],[-1.162628,52.96299],[-1.162691,52.963001],[-1.163029,52.963071],[-1.163292,52.963125],[-1.163846,52.963255],[-1.164505,52.963407],[-1.164919,52.963507],[-1.165047,52.963536],[-1.165336,52.963604],[-1.165623,52.963666],[-1.166057,52.963759]],[[-1.161185,52.962038],[-1.161231,52.962077],[-1.161312,52.962145],[-1.161458,52.96227],[-1.161516,52.962319],[-1.161565,52.96236],[-1.161683,52.962459],[-1.161773,52.962536],[-1.1619,52.962642],[-1.162015,52.962739],[-1.162087,52.962799],[-1.162122,52.962827],[-1.162147,52.962844],[-1.162179,52.962864],[-1.16225,52.962906]],[[-1.162188,52.962926],[-1.162113,52.962878],[-1.162071,52.962844],[-1.162001,52.962785],[-1.161846,52.962655],[-1.161795,52.962615],[-1.16172,52.962558],[-1.161663,52.962517],[-1.161601,52.962472],[-1.161529,52.962419],[-1.161488,52.96239],[-1.161384,52.962314],[-1.161281,52.962239],[-1.161215,52.962187],[-1.161175,52.96215],[-1.161135,52.962107],[-1.161118,52.962085],[-1.161103,52.962066],[-1.161034,52.961972]],[[-1.156544,52.958813],[-1.156721,52.958931],[-1.156996,52.959114],[-1.157293,52.959307],[-1.157484,52.959432],[-1.157707,52.959572],[-1.157887,52.959688],[-1.158066,52.959792],[-1.158276,52.959922],[-1.158483,52.960045],[-1.158665,52.960149],[-1.158774,52.960208],[-1.158914,52.960292],[-1.159102,52.960402],[-1.159206,52.96046],[-1.159368,52.960546],[-1.159465,52.9606],[-1.159575,52.960657],[-1.159646,52.960698],[-1.159732,52.960754],[-1.159835,52.960824],[-1.159892,52.960867],[-1.159967,52.960924],[-1.160041,52.960986],[-1.160112,52.961046],[-1.160187,52.96111],[-1.160283,52.961203],[-1.160377,52.961289],[-1.160467,52.961372],[-1.160598,52.961493],[-1.160678,52.961569],[-1.160744,52.961628],[-1.160808,52.961689],[-1.16093,52.961801],[-1.161035,52.961899],[-1.161185,52.962038]],[[-1.161034,52.961972],[-1.161001,52.961932],[-1.160979,52.961908],[-1.160932,52.961862],[-1.160883,52.961817],[-1.160855,52.96179],[-1.160837,52.961774],[-1.160786,52.961727],[-1.160696,52.961644],[-1.160582,52.961538],[-1.160488,52.961452],[-1.160383,52.961354],[-1.160209,52.961191],[-1.160115,52.961105],[-1.159984,52.960995],[-1.159898,52.960928],[-1.159776,52.960838],[-1.159692,52.960781],[-1.159601,52.960726],[-1.159535,52.960691],[-1.159414,52.960627],[-1.159306,52.960565],[-1.159201,52.960507],[-1.159035,52.960412],[-1.158897,52.960333],[-1.158681,52.96021],[-1.158472,52.96009],[-1.158278,52.959976],[-1.158034,52.959829],[-1.157837,52.959709],[-1.15767,52.959606],[-1.157507,52.9595],[-1.157498,52.959495],[-1.157393,52.959427],[-1.157248,52.959331],[-1.157166,52.959277],[-1.157065,52.95921],[-1.156897,52.959098],[-1.156681,52.958956],[-1.156584,52.958892],[-1.156508,52.958843]],[[-1.156544,52.958813],[-1.156721,52.958931],[-1.156996,52.959114],[-1.157293,52.959307],[-1.157484,52.959432],[-1.157707,52.959572],[-1.157887,52.959688],[-1.158066,52.959792],[-1.158276,52.959922],[-1.158483,52.960045],[-1.158665,52.960149],[-1.158774,52.960208],[-1.158914,52.960292],[-1.159102,52.960402],[-1.159206,52.96046],[-1.159368,52.960546],[-1.159465,52.9606],[-1.159575,52.960657],[-1.159646,52.960698],[-1.159732,52.960754],[-1.159835,52.960824],[-1.159892,52.960867],[-1.159967,52.960924],[-1.160041,52.960986],[-1.160112,52.961046],[-1.160187,52.96111],[-1.160283,52.961203],[-1.160377,52.961289],[-1.160467,52.961372],[-1.160598,52.961493],[-1.160678,52.961569],[-1.160744,52.961628],[-1.160808,52.961689],[-1.16093,52.961801],[-1.161035,52.961899],[-1.161185,52.962038]],[[-1.161034,52.961972],[-1.161001,52.961932],[-1.160979,52.961908],[-1.160932,52.961862],[-1.160883,52.961817],[-1.160855,52.96179],[-1.160837,52.961774],[-1.160786,52.961727],[-1.160696,52.961644],[-1.160582,52.961538],[-1.160488,52.961452],[-1.160383,52.961354],[-1.160209,52.961191],[-1.160115,52.961105],[-1.159984,52.960995],[-1.159898,52.960928],[-1.159776,52.960838],[-1.159692,52.960781],[-1.159601,52.960726],[-1.159535,52.960691],[-1.159414,52.960627],[-1.159306,52.960565],[-1.159201,52.960507],[-1.159035,52.960412],[-1.158897,52.960333],[-1.158681,52.96021],[-1.158472,52.96009],[-1.158278,52.959976],[-1.158034,52.959829],[-1.157837,52.959709],[-1.15767,52.959606],[-1.157507,52.9595],[-1.157498,52.959495],[-1.157393,52.959427],[-1.157248,52.959331],[-1.157166,52.959277],[-1.157065,52.95921],[-1.156897,52.959098],[-1.156681,52.958956],[-1.156584,52.958892],[-1.156508,52.958843]],[[-1.152604,52.955916],[-1.152654,52.95599],[-1.152772,52.956149],[-1.152877,52.956287],[-1.153021,52.956479],[-1.153116,52.956606],[-1.15317,52.956678],[-1.153192,52.956708],[-1.153211,52.956731],[-1.153227,52.95675],[-1.153241,52.956765],[-1.153276,52.956804],[-1.153315,52.956843],[-1.153355,52.956878],[-1.153428,52.95694],[-1.153489,52.956988],[-1.153535,52.957022],[-1.153616,52.957077],[-1.153735,52.957154],[-1.153843,52.957234],[-1.154008,52.957342],[-1.154065,52.957379],[-1.154141,52.957427],[-1.154255,52.957498],[-1.154348,52.957555],[-1.154462,52.957617],[-1.154538,52.957658],[-1.154597,52.957689],[-1.154617,52.957699],[-1.155082,52.957916],[-1.15515,52.957947],[-1.155252,52.957997],[-1.155366,52.958055],[-1.155498,52.958126],[-1.155639,52.958208],[-1.155754,52.958286],[-1.155993,52.958446],[-1.156194,52.958583],[-1.156326,52.958669],[-1.156544,52.958813]],[[-1.156508,52.958843],[-1.156323,52.958721],[-1.156167,52.958618],[-1.156125,52.958591],[-1.156025,52.958522],[-1.155897,52.958432],[-1.155764,52.958341],[-1.155726,52.958314],[-1.155573,52.958219],[-1.155463,52.958151],[-1.15538,52.958104],[-1.155269,52.958045],[-1.155166,52.957994],[-1.155115,52.957969],[-1.155006,52.957918],[-1.154852,52.95785],[-1.154708,52.957786],[-1.154564,52.957717],[-1.154435,52.95765],[-1.154356,52.957604],[-1.154203,52.957515],[-1.154105,52.957452],[-1.154006,52.957385],[-1.153904,52.957318],[-1.1538,52.95725],[-1.153693,52.957178],[-1.153555,52.957079],[-1.153468,52.957018],[-1.153399,52.956969],[-1.153386,52.956958],[-1.153331,52.956914],[-1.153261,52.956851],[-1.153188,52.956779],[-1.153126,52.956699],[-1.153071,52.956623],[-1.153019,52.956554],[-1.152938,52.956445],[-1.152831,52.956304],[-1.152776,52.956232],[-1.152655,52.956069],[-1.152567,52.955952],[-1.152546,52.955925]],[[-1.151599,52.954921],[-1.151619,52.954936],[-1.151654,52.954961],[-1.151685,52.954984],[-1.15189,52.955112],[-1.151977,52.955172],[-1.152082,52.955241],[-1.152151,52.955295],[-1.152188,52.955334],[-1.15223,52.955386],[-1.152289,52.955462],[-1.152407,52.955639],[-1.152413,52.955647],[-1.152506,52.955787],[-1.152559,52.955855],[-1.152604,52.955916]],[[-1.152546,52.955925],[-1.152456,52.955799],[-1.152259,52.955503],[-1.15224,52.955475],[-1.152183,52.9554],[-1.152116,52.955329],[-1.15204,52.955261],[-1.151674,52.955017],[-1.151639,52.954997],[-1.1516,52.95497],[-1.151545,52.954933]],[[-1.152259,52.955503],[-1.152295,52.955548],[-1.152319,52.955568],[-1.152339,52.955584],[-1.152368,52.955605],[-1.152385,52.955618],[-1.152407,52.955639]],[[-1.151501,52.954857],[-1.151599,52.954921]],[[-1.151545,52.954933],[-1.151488,52.954896],[-1.151445,52.954865]],[[-1.151445,52.954865],[-1.151413,52.95484],[-1.151382,52.954815],[-1.151357,52.954785],[-1.151337,52.95476],[-1.151331,52.954752],[-1.15131,52.954724],[-1.151293,52.95469],[-1.151276,52.954657],[-1.151263,52.954626],[-1.151256,52.954596],[-1.151256,52.954516],[-1.151263,52.954232],[-1.15126,52.953911],[-1.151252,52.953768],[-1.151251,52.953721],[-1.151247,52.953687],[-1.151242,52.953661],[-1.151236,52.95364],[-1.151235,52.953636]],[[-1.15129,52.953637],[-1.151299,52.953663],[-1.151303,52.953687],[-1.151306,52.953704],[-1.151313,52.953742],[-1.15131,52.953887],[-1.151313,52.954163],[-1.151311,52.954376],[-1.151314,52.954494],[-1.151313,52.954527],[-1.151313,52.954543],[-1.151313,52.954563],[-1.151317,52.954589],[-1.151322,52.954618],[-1.151336,52.954649],[-1.151386,52.954744],[-1.151408,52.954772],[-1.151441,52.954806],[-1.151501,52.954857]],[[-1.150511,52.952988],[-1.150534,52.952986],[-1.150584,52.952988],[-1.15064,52.952998],[-1.150741,52.953027],[-1.150815,52.953064],[-1.15087,52.953108],[-1.150973,52.953211],[-1.151057,52.9533],[-1.151185,52.953434],[-1.151223,52.953486],[-1.151254,52.953534],[-1.151274,52.953575],[-1.15129,52.953637]],[[-1.151235,52.953636],[-1.151223,52.953595],[-1.151208,52.953561],[-1.151187,52.953526],[-1.151165,52.953495],[-1.151138,52.953462],[-1.151105,52.953425],[-1.151058,52.953373],[-1.150995,52.953309],[-1.150882,52.953193],[-1.150843,52.953153],[-1.150814,52.953124],[-1.150787,52.953103],[-1.150755,52.953082],[-1.150725,52.953068],[-1.150693,52.953056],[-1.150662,52.953045],[-1.150629,52.953037],[-1.150597,52.953032],[-1.150558,52.953028],[-1.150509,52.953026],[-1.150466,52.953028],[-1.15043,52.953032],[-1.150389,52.953039],[-1.149967,52.953098],[-1.149761,52.953127],[-1.149553,52.953156],[-1.149486,52.953164],[-1.149414,52.953171],[-1.149353,52.953175],[-1.149274,52.95318],[-1.149229,52.953181],[-1.149191,52.953182],[-1.148873,52.95319],[-1.148582,52.953196],[-1.148549,52.953197],[-1.148472,52.953198],[-1.148376,52.953198],[-1.148175,52.953196],[-1.14793,52.953196],[-1.147866,52.953196],[-1.14778,52.953195],[-1.147676,52.953193],[-1.147482,52.953187],[-1.147437,52.953185],[-1.147369,52.953183],[-1.147267,52.953183],[-1.147174,52.953183],[-1.147083,52.953186],[-1.146992,52.95319],[-1.146914,52.953193],[-1.146804,52.9532],[-1.146715,52.953206],[-1.146615,52.953216],[-1.146473,52.953232],[-1.14636,52.953246],[-1.146145,52.953279],[-1.145692,52.953347],[-1.145638,52.953354],[-1.145592,52.953356],[-1.145538,52.953356],[-1.145472,52.953348],[-1.145439,52.953344],[-1.145405,52.95333],[-1.145372,52.953313],[-1.145338,52.953291],[-1.14531,52.953268],[-1.14529,52.953246],[-1.145279,52.953225],[-1.145271,52.953204],[-1.145266,52.953181],[-1.145267,52.953159],[-1.14527,52.953139],[-1.145272,52.95312],[-1.145273,52.953113],[-1.145309,52.953067],[-1.145381,52.952978],[-1.145495,52.952846],[-1.145549,52.952782],[-1.145572,52.952756],[-1.14562,52.952697],[-1.145644,52.952664],[-1.145671,52.952625],[-1.145702,52.952582],[-1.145727,52.952539],[-1.14575,52.9525],[-1.145769,52.952463],[-1.145783,52.952434],[-1.145797,52.952408],[-1.145856,52.952203],[-1.145875,52.952139],[-1.145879,52.952118],[-1.1459,52.952055],[-1.145919,52.952011],[-1.145946,52.951949],[-1.145966,52.951906],[-1.145991,52.951854],[-1.146015,52.951807],[-1.146038,52.951764],[-1.146062,52.951721],[-1.146084,52.951677],[-1.146109,52.951632],[-1.146127,52.951599],[-1.146149,52.951551],[-1.146161,52.951529],[-1.146178,52.951483],[-1.146196,52.951398],[-1.146214,52.951294],[-1.146218,52.951263],[-1.146222,52.951229],[-1.146227,52.951175],[-1.146201,52.950978],[-1.146204,52.950843],[-1.1462,52.9508],[-1.14619,52.95072]],[[-1.150882,52.953193],[-1.150966,52.953243],[-1.151015,52.953275],[-1.151057,52.9533]],[[-1.146232,52.950648],[-1.146246,52.950676],[-1.146261,52.950726],[-1.146271,52.950763],[-1.146281,52.950848],[-1.146286,52.951001],[-1.146296,52.951174],[-1.146296,52.951225],[-1.146297,52.951276],[-1.146297,52.951321],[-1.146293,52.951359],[-1.146288,52.951402],[-1.14628,52.951439],[-1.146263,52.951498],[-1.146242,52.95153],[-1.146234,52.951542],[-1.146191,52.9516],[-1.146144,52.951676],[-1.146097,52.951763],[-1.146054,52.951834],[-1.146044,52.951857],[-1.146014,52.951917],[-1.145987,52.951977],[-1.145965,52.952029],[-1.145958,52.952045],[-1.14594,52.952103],[-1.145929,52.952151],[-1.1459,52.95227],[-1.145893,52.952301],[-1.145879,52.952345],[-1.145856,52.952409],[-1.145825,52.952469],[-1.145775,52.952564],[-1.145742,52.952619],[-1.145708,52.952669],[-1.145663,52.952726],[-1.145612,52.952783],[-1.145547,52.952863],[-1.145476,52.952947],[-1.145443,52.952986],[-1.145419,52.953017],[-1.145351,52.953103],[-1.145343,52.953139],[-1.145342,52.953168],[-1.145346,52.953196],[-1.145361,52.953221],[-1.145384,52.953243],[-1.145412,52.953263],[-1.145447,52.953284],[-1.145483,52.953296],[-1.145514,52.953307],[-1.145551,52.953313],[-1.145585,52.953317],[-1.14561,52.953317],[-1.145643,52.953318],[-1.145678,52.953313],[-1.145991,52.953263],[-1.146196,52.953229],[-1.14636,52.953204],[-1.146499,52.953186],[-1.146651,52.95317],[-1.146821,52.953161],[-1.146984,52.953158],[-1.1471,52.953155],[-1.147232,52.953153],[-1.147336,52.953155],[-1.147352,52.953155],[-1.147496,52.953157],[-1.147629,52.953159],[-1.147775,52.953163],[-1.147917,52.953165],[-1.148046,52.953165],[-1.148228,52.953166],[-1.148446,52.953165],[-1.148582,52.953164],[-1.148714,52.953162],[-1.148843,52.953159],[-1.149124,52.953153],[-1.149222,52.95315],[-1.149324,52.953143],[-1.149407,52.953136],[-1.149477,52.953128],[-1.149571,52.953115],[-1.149734,52.953092],[-1.149965,52.953061],[-1.150212,52.953027],[-1.150511,52.952988]],[[-1.146095,52.950467],[-1.146119,52.950492],[-1.146168,52.950546],[-1.146199,52.950592],[-1.146232,52.950648]],[[-1.146168,52.950646],[-1.146145,52.950606],[-1.146129,52.950581],[-1.146107,52.950548],[-1.146082,52.95052],[-1.146054,52.950489]],[[-1.146054,52.950489],[-1.145972,52.950407],[-1.14592,52.950341],[-1.145856,52.950258],[-1.14583,52.950207],[-1.145822,52.950191]],[[-1.145876,52.950181],[-1.145916,52.95026],[-1.145994,52.950364],[-1.146095,52.950467]],[[-1.14619,52.95072],[-1.146185,52.950699],[-1.14618,52.950677],[-1.146168,52.950646]],[[-1.1457,52.949324],[-1.145851,52.950079],[-1.145876,52.950181]],[[-1.145822,52.950191],[-1.145806,52.95014],[-1.145794,52.950088],[-1.145778,52.950007],[-1.145689,52.949561],[-1.145609,52.949154]],[[-1.145579,52.9487],[-1.145596,52.948793],[-1.145649,52.949061],[-1.145666,52.949148],[-1.1457,52.949324]],[[-1.145517,52.948703],[-1.145594,52.948934],[-1.145666,52.949148]],[[-1.145609,52.949154],[-1.145594,52.948934],[-1.145579,52.9487]],[[-1.145609,52.949154],[-1.145553,52.948885],[-1.145517,52.948703]],[[-1.145563,52.947742],[-1.145555,52.947793],[-1.145543,52.947897],[-1.145539,52.947955],[-1.145535,52.948008],[-1.145532,52.948057],[-1.145531,52.948126],[-1.14553,52.948203],[-1.145532,52.948258],[-1.145537,52.948355],[-1.145548,52.948475],[-1.145579,52.9487]],[[-1.145517,52.948703],[-1.145495,52.948478],[-1.145483,52.948358],[-1.145478,52.948259],[-1.145475,52.948203],[-1.145476,52.948126],[-1.145477,52.948056],[-1.14548,52.948007],[-1.145489,52.947893],[-1.1455,52.947796],[-1.145509,52.947739]],[[-1.145814,52.945373],[-1.145815,52.945522],[-1.145815,52.945727],[-1.145811,52.945831],[-1.145801,52.945951],[-1.145776,52.946134],[-1.145717,52.946586],[-1.145691,52.946775],[-1.14566,52.947005],[-1.145644,52.94713],[-1.145577,52.947611],[-1.145563,52.947742]],[[-1.145509,52.947739],[-1.145523,52.947615],[-1.145535,52.947534],[-1.145592,52.947128],[-1.145636,52.946773],[-1.145662,52.946584],[-1.145723,52.946125],[-1.145745,52.945947],[-1.145756,52.945833],[-1.14576,52.945725],[-1.145755,52.945371]],[[-1.145822,52.945198],[-1.145827,52.945161],[-1.145831,52.94514],[-1.145839,52.945117],[-1.145844,52.945101],[-1.145851,52.945087],[-1.145862,52.945066],[-1.145877,52.945042],[-1.145899,52.945011],[-1.14593,52.944976],[-1.145953,52.944953],[-1.145989,52.944924],[-1.146029,52.944896],[-1.146086,52.944864],[-1.146124,52.944846],[-1.146182,52.944825]],[[-1.145755,52.945371],[-1.145754,52.945348],[-1.145764,52.945195]],[[-1.145814,52.945373],[-1.145815,52.945347],[-1.145822,52.945198]],[[-1.146143,52.944776],[-1.146092,52.944795],[-1.146056,52.94481],[-1.146015,52.94483],[-1.145977,52.944852],[-1.145944,52.944875],[-1.145916,52.944897],[-1.145889,52.944919],[-1.145863,52.944946],[-1.145837,52.944977],[-1.145807,52.945024],[-1.145793,52.945053],[-1.145784,52.945075],[-1.145779,52.945093],[-1.145775,52.945109],[-1.145769,52.945143],[-1.145767,52.94516],[-1.145764,52.945195]],[[-1.146143,52.944776],[-1.146197,52.944759],[-1.146226,52.944751],[-1.14627,52.944741],[-1.146341,52.944729],[-1.146414,52.94472],[-1.146506,52.94471],[-1.146838,52.944688],[-1.146891,52.944685],[-1.147135,52.944668],[-1.147431,52.944649],[-1.147577,52.944638],[-1.147758,52.944626],[-1.14782,52.944623],[-1.147873,52.944622]],[[-1.146182,52.944825],[-1.146259,52.9448],[-1.146327,52.944784],[-1.146373,52.944775],[-1.146412,52.944769],[-1.146459,52.944763],[-1.146521,52.944756],[-1.146918,52.944723],[-1.147136,52.944706],[-1.147392,52.944686],[-1.147536,52.944675],[-1.147582,52.944673],[-1.147636,52.944672],[-1.147691,52.944671]],[[-1.147873,52.944622],[-1.14795,52.944623],[-1.147989,52.944624],[-1.148036,52.944627],[-1.148096,52.944631],[-1.148155,52.944637],[-1.148229,52.944645]],[[-1.147691,52.944671],[-1.147768,52.944671],[-1.147841,52.944674],[-1.147904,52.944677],[-1.147978,52.944683],[-1.148068,52.944691],[-1.148078,52.944691],[-1.148151,52.944699],[-1.148245,52.944709]],[[-1.148915,52.944716],[-1.149072,52.944743],[-1.149127,52.944754],[-1.149187,52.944768],[-1.149263,52.944786]],[[-1.149918,52.944979],[-1.149774,52.944957],[-1.149678,52.944941],[-1.149583,52.944923],[-1.149483,52.944904],[-1.149348,52.944875],[-1.149209,52.944844],[-1.149091,52.944822],[-1.149033,52.94481],[-1.148883,52.944785],[-1.148851,52.944777],[-1.148843,52.944776],[-1.148807,52.94477],[-1.148759,52.944764],[-1.14866,52.944753],[-1.148585,52.944744]],[[-1.148575,52.94468],[-1.148609,52.944684],[-1.148706,52.944693],[-1.148751,52.944698],[-1.148793,52.944702],[-1.148841,52.944707],[-1.148891,52.944713],[-1.148915,52.944716]],[[-1.148528,52.944738],[-1.148364,52.944721]],[[-1.148357,52.944658],[-1.148492,52.944672],[-1.148575,52.94468]],[[-1.148229,52.944645],[-1.148357,52.944658]],[[-1.148364,52.944721],[-1.148245,52.944709]],[[-1.148585,52.944744],[-1.148528,52.944738]],[[-1.149263,52.944786],[-1.14973,52.944898],[-1.149819,52.944918],[-1.149866,52.944928],[-1.149916,52.944938],[-1.149964,52.944946],[-1.150012,52.944954],[-1.150084,52.944965],[-1.150156,52.944975],[-1.150255,52.944986],[-1.150351,52.944995],[-1.15045,52.945003],[-1.150597,52.945015],[-1.15087,52.945036]],[[-1.150864,52.945068],[-1.150357,52.945027],[-1.150273,52.94502],[-1.150211,52.945014],[-1.150087,52.945001],[-1.150015,52.944992],[-1.149918,52.944979]],[[-1.151472,52.945082],[-1.151096,52.945054],[-1.15087,52.945036]],[[-1.150864,52.945068],[-1.151092,52.945086],[-1.151686,52.94513]],[[-1.153198,52.944499],[-1.153181,52.944533],[-1.153169,52.944555],[-1.15314,52.944606],[-1.153116,52.944644],[-1.153087,52.944683],[-1.153054,52.944721],[-1.153018,52.944757],[-1.15298,52.944792],[-1.152938,52.944825],[-1.152894,52.944857],[-1.152847,52.944887],[-1.152796,52.944917],[-1.152743,52.944944],[-1.152687,52.944969],[-1.152629,52.944992],[-1.152573,52.945012],[-1.152514,52.945031],[-1.152455,52.945048],[-1.152394,52.945062],[-1.15233,52.945075],[-1.152266,52.945086],[-1.152202,52.945094],[-1.152138,52.945101],[-1.152073,52.945105],[-1.152007,52.945107],[-1.151941,52.945108],[-1.151875,52.945108],[-1.15181,52.945106],[-1.151703,52.9451],[-1.151472,52.945082]],[[-1.151686,52.94513],[-1.151759,52.945135],[-1.151823,52.945138],[-1.151879,52.945139],[-1.151946,52.94514],[-1.152013,52.94514],[-1.152082,52.945137],[-1.152149,52.945133],[-1.152212,52.945127],[-1.152277,52.945119],[-1.152341,52.945108],[-1.152405,52.945095],[-1.152468,52.94508],[-1.152529,52.945064],[-1.152588,52.945046],[-1.152648,52.945025],[-1.152706,52.945002]],[[-1.152706,52.945002],[-1.152745,52.944985],[-1.15278,52.944968],[-1.152822,52.944947],[-1.152876,52.944917],[-1.152927,52.944885],[-1.152974,52.944851],[-1.153017,52.944816],[-1.153048,52.944789],[-1.153074,52.944765]],[[-1.15314,52.944689],[-1.153159,52.944663],[-1.153181,52.944627],[-1.153206,52.944586],[-1.153342,52.944329],[-1.153368,52.94428],[-1.153391,52.944242],[-1.153416,52.944205],[-1.153441,52.94417],[-1.153472,52.944135],[-1.153507,52.9441],[-1.153545,52.944068],[-1.153585,52.944036],[-1.153629,52.944007],[-1.153676,52.943979],[-1.153724,52.943952],[-1.153775,52.943927],[-1.153828,52.943905],[-1.153884,52.943884],[-1.153942,52.943865],[-1.154001,52.943848],[-1.154067,52.943832],[-1.154132,52.943818]],[[-1.153074,52.944765],[-1.153097,52.944741],[-1.15312,52.944715],[-1.15314,52.944689]],[[-1.154149,52.943781],[-1.154107,52.943789],[-1.154045,52.943802],[-1.153984,52.943816],[-1.153919,52.943835],[-1.153862,52.943854],[-1.153805,52.943874],[-1.153749,52.943898],[-1.153697,52.943923],[-1.153647,52.943949],[-1.1536,52.943977],[-1.15356,52.944003],[-1.153519,52.944033],[-1.153483,52.944063],[-1.153447,52.944096],[-1.153416,52.944129],[-1.153387,52.944165],[-1.153355,52.944208],[-1.153331,52.944245],[-1.153309,52.944282],[-1.153294,52.944311],[-1.153225,52.944447]],[[-1.153225,52.944447],[-1.153198,52.944499]],[[-1.155796,52.943506],[-1.155697,52.943524],[-1.155345,52.943587],[-1.155138,52.943621],[-1.154279,52.943759],[-1.154149,52.943781]],[[-1.154132,52.943818],[-1.154196,52.943807],[-1.154287,52.943794],[-1.154887,52.943696],[-1.155362,52.943619],[-1.155709,52.943563],[-1.1558,52.943548],[-1.156051,52.943509],[-1.156055,52.943508],[-1.156343,52.943464],[-1.156479,52.943443],[-1.157066,52.943345],[-1.157325,52.943303],[-1.157438,52.943284],[-1.157548,52.943265],[-1.157606,52.943256],[-1.157834,52.943218],[-1.158216,52.943148],[-1.15829,52.943133],[-1.15837,52.943116],[-1.158512,52.943083],[-1.158669,52.94304],[-1.158789,52.943004],[-1.158904,52.942965],[-1.158989,52.942935],[-1.159079,52.9429],[-1.159152,52.942869],[-1.159235,52.942831],[-1.159305,52.942795],[-1.159341,52.942773],[-1.159385,52.94275],[-1.15945,52.942709],[-1.159483,52.942688],[-1.159519,52.942661],[-1.159551,52.942637],[-1.15959,52.942608]],[[-1.157455,52.943238],[-1.157349,52.943254],[-1.157051,52.943307],[-1.156858,52.943336],[-1.156326,52.943421],[-1.156022,52.943469],[-1.155931,52.943484]],[[-1.155931,52.943484],[-1.155796,52.943506]],[[-1.159519,52.942559],[-1.15948,52.942592],[-1.159445,52.942618],[-1.159413,52.942641],[-1.159348,52.942688],[-1.159282,52.942731],[-1.159248,52.942751],[-1.159188,52.942785],[-1.159153,52.942802],[-1.159136,52.942812],[-1.159065,52.942847],[-1.159021,52.942868],[-1.158962,52.942891],[-1.158897,52.942919],[-1.158759,52.942964],[-1.15871,52.942982],[-1.158629,52.943009],[-1.158481,52.943044],[-1.158352,52.943073],[-1.158295,52.943084],[-1.158192,52.943104],[-1.157814,52.943174],[-1.157619,52.94321]],[[-1.157619,52.94321],[-1.157544,52.943222],[-1.157525,52.943226],[-1.157455,52.943238]],[[-1.159627,52.942454],[-1.159602,52.942481],[-1.15959,52.942493],[-1.159578,52.942506],[-1.159549,52.942531],[-1.159519,52.942559]],[[-1.15959,52.942608],[-1.159669,52.942539],[-1.159744,52.942462],[-1.15979,52.942409],[-1.15983,52.942354],[-1.159871,52.942296],[-1.159903,52.94224],[-1.15993,52.942189],[-1.159956,52.942125],[-1.15999,52.942028],[-1.159996,52.942009],[-1.16003,52.941906],[-1.160043,52.941879],[-1.160081,52.941828],[-1.1601,52.94181],[-1.160112,52.9418],[-1.160142,52.941777],[-1.160186,52.941753],[-1.160248,52.94173],[-1.160317,52.941712],[-1.16035,52.941708]],[[-1.159795,52.942238],[-1.15976,52.942294],[-1.15974,52.942323],[-1.159699,52.942375],[-1.159679,52.9424],[-1.159653,52.942428],[-1.159627,52.942454]],[[-1.159795,52.942238],[-1.159826,52.94218],[-1.159851,52.942124],[-1.159891,52.942009],[-1.159939,52.941877],[-1.159947,52.941859],[-1.159954,52.941846],[-1.159959,52.941838],[-1.159967,52.941827],[-1.159983,52.941804]],[[-1.159983,52.941804],[-1.159995,52.941791],[-1.160032,52.941756],[-1.160058,52.94174],[-1.160069,52.941733],[-1.160102,52.941716],[-1.16014,52.941701],[-1.160175,52.94169],[-1.160215,52.941679],[-1.160252,52.941671],[-1.160287,52.941669],[-1.160344,52.941664]],[[-1.160344,52.941664],[-1.160415,52.941663],[-1.160489,52.941666],[-1.160611,52.941672],[-1.160816,52.941682],[-1.160975,52.941689]],[[-1.16035,52.941708],[-1.160391,52.941703],[-1.160475,52.9417],[-1.160519,52.941701],[-1.160609,52.941704],[-1.160813,52.941713],[-1.160972,52.941721]],[[-1.163204,52.941826],[-1.162822,52.941807],[-1.162708,52.941802],[-1.162205,52.941778],[-1.162074,52.941772],[-1.161597,52.941749],[-1.160972,52.941721]],[[-1.160975,52.941689],[-1.162059,52.941739],[-1.162076,52.94174],[-1.162209,52.941746],[-1.162765,52.941772],[-1.162831,52.941775],[-1.163207,52.941793]],[[-1.162059,52.941739],[-1.162026,52.941737],[-1.161994,52.941736],[-1.161968,52.941737],[-1.161943,52.941737],[-1.161915,52.941739],[-1.161771,52.941748],[-1.16174,52.94175],[-1.161719,52.941751],[-1.161688,52.941751],[-1.161663,52.941751],[-1.161624,52.94175],[-1.161597,52.941749]],[[-1.163207,52.941793],[-1.163414,52.941802],[-1.163511,52.941807],[-1.163728,52.941814],[-1.163773,52.941815],[-1.164027,52.941818],[-1.164339,52.941819],[-1.16519,52.941825],[-1.165746,52.941828]],[[-1.163204,52.941826],[-1.163421,52.941835],[-1.163509,52.94184],[-1.163746,52.941851],[-1.163778,52.941851],[-1.164027,52.941856],[-1.16432,52.941859]],[[-1.16432,52.941859],[-1.164531,52.94186],[-1.165191,52.941864],[-1.165346,52.941864],[-1.165982,52.941868],[-1.16601,52.941867],[-1.16604,52.941866],[-1.166062,52.941866],[-1.166107,52.941863],[-1.166145,52.941861],[-1.166182,52.941858],[-1.166221,52.941855],[-1.166259,52.941851],[-1.166298,52.941847],[-1.166336,52.941842],[-1.166368,52.941838],[-1.166412,52.941831],[-1.166445,52.941826],[-1.166488,52.941818],[-1.166527,52.94181],[-1.166564,52.941803],[-1.166601,52.941795],[-1.166637,52.941787],[-1.166673,52.941778],[-1.166709,52.941769],[-1.166744,52.941759],[-1.166786,52.941747],[-1.166839,52.941731],[-1.166892,52.941713],[-1.166944,52.941696],[-1.166995,52.941679],[-1.167317,52.941571],[-1.167639,52.941465],[-1.168142,52.941299],[-1.168168,52.941291],[-1.168194,52.941282],[-1.16822,52.941273],[-1.168246,52.941264],[-1.168272,52.941255],[-1.168298,52.941246],[-1.168305,52.941244],[-1.168324,52.941238]],[[-1.166083,52.941827],[-1.166116,52.941825],[-1.166148,52.941823],[-1.166193,52.94182],[-1.166234,52.941817],[-1.166279,52.941812],[-1.166317,52.941808],[-1.166358,52.941802],[-1.166396,52.941797],[-1.16644,52.94179],[-1.166484,52.941782],[-1.166527,52.941774],[-1.16657,52.941765],[-1.166613,52.941756],[-1.166655,52.941746],[-1.166697,52.941735],[-1.166742,52.941723],[-1.166795,52.941708],[-1.166848,52.941691],[-1.166901,52.941674],[-1.166953,52.941657],[-1.167004,52.94164],[-1.167291,52.941544],[-1.168117,52.941272],[-1.168142,52.941263],[-1.168168,52.941254],[-1.168194,52.941245],[-1.16822,52.941237],[-1.168232,52.941233],[-1.168238,52.941231],[-1.168246,52.941228],[-1.168255,52.941225],[-1.168272,52.941219],[-1.168298,52.94121],[-1.168324,52.941201],[-1.16835,52.941193],[-1.168379,52.941185],[-1.168406,52.941176],[-1.168432,52.941168],[-1.168458,52.941159],[-1.168484,52.941151]],[[-1.165746,52.941828],[-1.165918,52.941829],[-1.165973,52.94183],[-1.166004,52.941829],[-1.166034,52.941828],[-1.166083,52.941827]],[[-1.168324,52.941238],[-1.168556,52.941165],[-1.168619,52.941147],[-1.168668,52.941135],[-1.168716,52.941125],[-1.168795,52.941108],[-1.168856,52.941096],[-1.168895,52.941089]],[[-1.168484,52.941151],[-1.168612,52.941114],[-1.168711,52.941089],[-1.168786,52.941073],[-1.168837,52.941063]],[[-1.168895,52.941089],[-1.168907,52.941087],[-1.168959,52.941079],[-1.169026,52.941068],[-1.169075,52.941062],[-1.169147,52.941054],[-1.169225,52.941046],[-1.169332,52.941038],[-1.169427,52.941034]],[[-1.168837,52.941063],[-1.16889,52.941053],[-1.168946,52.941043],[-1.169014,52.941032],[-1.169062,52.941026],[-1.169135,52.941018],[-1.169217,52.94101],[-1.169323,52.941001],[-1.169424,52.940998]],[[-1.169424,52.940998],[-1.169522,52.940996],[-1.169589,52.940996],[-1.169669,52.940998],[-1.169789,52.941001],[-1.170365,52.941025],[-1.170558,52.941035],[-1.170666,52.941042],[-1.17073,52.941047],[-1.170823,52.941057],[-1.170971,52.941075],[-1.171114,52.941099],[-1.171228,52.941121]],[[-1.169427,52.941034],[-1.169523,52.941031],[-1.169591,52.941029],[-1.169667,52.94103],[-1.169788,52.941033],[-1.170359,52.941057],[-1.170552,52.941066],[-1.170657,52.941072],[-1.17073,52.941078],[-1.170806,52.941086],[-1.170953,52.941105],[-1.171103,52.941129],[-1.171173,52.941142]],[[-1.171807,52.941286],[-1.171623,52.941224],[-1.171531,52.941196],[-1.171441,52.941172],[-1.171351,52.941149],[-1.171228,52.941121]],[[-1.171755,52.941306],[-1.171586,52.941249],[-1.171503,52.941224],[-1.171413,52.941199],[-1.171328,52.941177],[-1.171173,52.941142]],[[-1.171807,52.941286],[-1.172041,52.94137],[-1.172186,52.94142],[-1.172412,52.941501],[-1.172564,52.941557],[-1.172726,52.94162],[-1.172851,52.941672],[-1.172904,52.941693]],[[-1.171755,52.941306],[-1.171924,52.941366],[-1.172022,52.941401],[-1.172154,52.941447],[-1.17238,52.94153],[-1.172615,52.941621],[-1.17286,52.941726]],[[-1.172904,52.941693],[-1.172938,52.941707],[-1.172962,52.941718],[-1.172983,52.941726],[-1.173007,52.941737],[-1.173031,52.941748],[-1.173056,52.941758],[-1.17308,52.941769],[-1.173104,52.941779],[-1.173125,52.941789],[-1.17315,52.941799],[-1.173174,52.94181],[-1.173198,52.94182],[-1.173222,52.941831],[-1.173246,52.941841],[-1.173276,52.941855],[-1.1733,52.941866],[-1.173324,52.941876]],[[-1.17286,52.941726],[-1.172999,52.941791],[-1.173118,52.941846],[-1.173133,52.941854],[-1.173156,52.941866],[-1.173179,52.941877],[-1.173201,52.941889],[-1.173224,52.9419]],[[-1.173324,52.941876],[-1.173369,52.941896],[-1.173393,52.941907],[-1.173416,52.941918],[-1.17346,52.941939],[-1.173482,52.941951],[-1.173505,52.941962],[-1.173528,52.941973],[-1.173555,52.941987],[-1.173577,52.941999],[-1.173598,52.942012],[-1.17362,52.942024],[-1.173642,52.942036],[-1.173645,52.942038],[-1.173661,52.942047],[-1.173683,52.942059],[-1.173705,52.942072]],[[-1.173292,52.941935],[-1.173314,52.941947],[-1.173337,52.941959],[-1.173359,52.941971],[-1.173362,52.941972],[-1.173381,52.941982],[-1.173404,52.941994],[-1.173426,52.942006],[-1.173448,52.942018],[-1.17347,52.94203],[-1.173492,52.942042],[-1.173514,52.942054],[-1.173536,52.942066]],[[-1.173705,52.942072],[-1.173728,52.942083],[-1.17375,52.942096],[-1.173771,52.942109],[-1.173794,52.942121],[-1.173813,52.942133],[-1.173835,52.942145],[-1.173857,52.942157],[-1.173878,52.94217],[-1.1739,52.942182],[-1.173922,52.942194],[-1.173944,52.942206],[-1.173965,52.942218],[-1.173987,52.942231],[-1.174008,52.942243],[-1.174029,52.942256],[-1.17405,52.942269],[-1.174071,52.942281],[-1.174092,52.942294],[-1.174112,52.942307],[-1.174133,52.94232],[-1.174153,52.942333],[-1.174177,52.942349],[-1.174198,52.942363],[-1.174217,52.942376],[-1.174237,52.942389],[-1.174256,52.942403],[-1.174275,52.942417],[-1.174297,52.942432],[-1.174315,52.942446],[-1.174334,52.94246],[-1.174353,52.942473],[-1.174371,52.942488],[-1.174389,52.942502],[-1.174407,52.942516],[-1.174425,52.94253],[-1.174443,52.942545],[-1.17446,52.942559],[-1.174477,52.942574],[-1.174495,52.942588],[-1.174511,52.942603],[-1.174528,52.942618],[-1.174545,52.942632],[-1.174562,52.942647],[-1.174578,52.942662],[-1.174594,52.942677],[-1.17461,52.942692],[-1.174626,52.942707],[-1.174648,52.94273],[-1.174664,52.942746],[-1.174679,52.942762],[-1.174694,52.942777],[-1.174698,52.942781],[-1.17471,52.942792],[-1.174725,52.942808],[-1.17474,52.942823],[-1.174754,52.942839],[-1.174769,52.942854],[-1.174784,52.94287],[-1.174798,52.942886],[-1.17482,52.942911],[-1.174834,52.942925],[-1.174846,52.942939],[-1.174848,52.942942],[-1.174863,52.942958],[-1.174878,52.942974],[-1.174892,52.942989],[-1.174906,52.943004],[-1.174921,52.94302],[-1.174935,52.943036],[-1.17495,52.943051],[-1.174964,52.943067]],[[-1.173224,52.9419],[-1.173247,52.941912],[-1.173269,52.941924],[-1.173292,52.941935]],[[-1.174911,52.943076],[-1.174894,52.943058],[-1.17488,52.943043],[-1.174865,52.943027],[-1.17485,52.943011],[-1.174837,52.942998],[-1.174822,52.942982],[-1.174808,52.942966],[-1.174804,52.942962],[-1.174801,52.942959],[-1.174793,52.942951],[-1.174779,52.942935],[-1.174764,52.942919],[-1.174735,52.942886],[-1.174719,52.94287],[-1.174704,52.942855],[-1.174688,52.94284],[-1.174672,52.942825],[-1.174656,52.942809],[-1.17464,52.942795],[-1.174624,52.94278],[-1.174607,52.942765],[-1.174591,52.94275],[-1.174574,52.942735],[-1.174557,52.94272],[-1.174539,52.942706],[-1.174516,52.942685],[-1.174498,52.94267],[-1.174481,52.942655],[-1.174463,52.942641],[-1.174445,52.942627],[-1.174428,52.942612],[-1.174409,52.942598],[-1.174391,52.942584],[-1.174372,52.94257],[-1.174354,52.942556],[-1.174335,52.942543],[-1.174316,52.942529],[-1.174301,52.942519],[-1.174281,52.942506],[-1.174261,52.942492],[-1.174241,52.942479],[-1.174221,52.942466],[-1.174201,52.942453],[-1.17418,52.94244],[-1.174159,52.942427],[-1.174138,52.942414],[-1.174117,52.942402],[-1.174096,52.942389],[-1.174075,52.942376],[-1.174064,52.94237],[-1.174054,52.942364],[-1.174033,52.942351],[-1.174012,52.942338],[-1.17399,52.942326],[-1.173969,52.942313],[-1.173947,52.942301],[-1.173926,52.942289],[-1.173904,52.942276],[-1.173882,52.942264],[-1.17386,52.942252],[-1.173839,52.942239],[-1.173817,52.942227],[-1.173796,52.942214],[-1.173775,52.942202],[-1.173753,52.942189],[-1.173732,52.942177],[-1.17371,52.942164],[-1.173689,52.942152],[-1.173667,52.94214],[-1.173646,52.942127],[-1.173624,52.942115]],[[-1.173536,52.942066],[-1.173558,52.942079],[-1.17358,52.942091],[-1.173602,52.942103],[-1.173624,52.942115]],[[-1.174964,52.943067],[-1.174984,52.943087],[-1.174998,52.943102],[-1.175013,52.943118],[-1.175027,52.943134],[-1.175042,52.943149],[-1.175056,52.943165],[-1.175071,52.943181],[-1.175076,52.943186],[-1.175085,52.943196],[-1.1751,52.943212],[-1.175115,52.943227],[-1.175127,52.94324],[-1.175144,52.943257],[-1.175199,52.943312],[-1.175244,52.943353],[-1.175287,52.943388],[-1.17531,52.943406],[-1.17533,52.943421],[-1.175357,52.943441],[-1.17538,52.943456],[-1.175404,52.943473],[-1.175427,52.943488],[-1.175443,52.943497]],[[-1.175413,52.943528],[-1.175391,52.943514],[-1.175368,52.943498],[-1.175347,52.943484],[-1.175315,52.943463],[-1.175284,52.94344],[-1.175253,52.943416],[-1.175223,52.943391],[-1.175194,52.943367],[-1.175169,52.943344],[-1.175133,52.943309],[-1.175089,52.943267],[-1.175077,52.943254],[-1.175063,52.943239],[-1.175048,52.943223],[-1.175034,52.943207],[-1.175019,52.943192],[-1.175015,52.943188],[-1.175004,52.943176],[-1.17499,52.94316],[-1.174975,52.943145],[-1.174961,52.943129],[-1.174946,52.943113],[-1.174931,52.943098],[-1.174911,52.943076]],[[-1.175443,52.943497],[-1.175458,52.943507],[-1.175487,52.943524],[-1.175539,52.943553],[-1.175595,52.943583]],[[-1.175562,52.943611],[-1.175523,52.943591],[-1.175493,52.943574],[-1.175463,52.943557],[-1.175436,52.943541],[-1.175413,52.943528]],[[-1.176281,52.94385],[-1.176229,52.94384],[-1.176178,52.943829],[-1.176147,52.943822],[-1.17609,52.943808],[-1.176044,52.943796],[-1.17602,52.943789],[-1.175954,52.943768],[-1.175913,52.943756],[-1.175874,52.943743],[-1.175837,52.94373],[-1.175802,52.943717],[-1.175761,52.943701],[-1.175736,52.943691],[-1.175717,52.943683],[-1.1757,52.943676],[-1.175678,52.943666],[-1.175638,52.943648],[-1.175599,52.943629],[-1.175562,52.943611]],[[-1.175801,52.943673],[-1.175832,52.943685],[-1.175867,52.943698],[-1.1759,52.943709],[-1.175939,52.943723],[-1.175977,52.943734]],[[-1.175595,52.943583],[-1.175647,52.943608],[-1.175678,52.943623],[-1.175711,52.943637],[-1.175742,52.94365],[-1.175772,52.943662],[-1.175801,52.943673]],[[-1.175977,52.943734],[-1.176023,52.943747],[-1.176068,52.943759],[-1.176103,52.943767],[-1.176147,52.943778],[-1.17619,52.943786],[-1.176234,52.943794],[-1.176278,52.943801],[-1.176323,52.943807],[-1.176368,52.943812],[-1.176413,52.943817],[-1.176482,52.943821],[-1.176589,52.943837],[-1.176758,52.943851],[-1.177188,52.943862]],[[-1.176543,52.943881],[-1.176436,52.943871],[-1.176384,52.943865],[-1.176332,52.943857],[-1.176281,52.94385]],[[-1.176894,52.943927],[-1.176749,52.94392],[-1.176683,52.943903],[-1.17661,52.943885],[-1.176576,52.943884],[-1.176543,52.943881]],[[-1.178245,52.943972],[-1.178179,52.943961],[-1.178128,52.943954],[-1.178094,52.943951],[-1.178068,52.943949],[-1.178044,52.943947],[-1.178018,52.943945],[-1.17799,52.943944],[-1.17796,52.943942],[-1.177931,52.943941],[-1.177902,52.94394],[-1.177871,52.943938],[-1.177797,52.94394],[-1.177668,52.943944],[-1.177345,52.943944],[-1.177145,52.943937],[-1.176984,52.943931],[-1.176894,52.943927]],[[-1.177188,52.943862],[-1.17735,52.943868],[-1.177613,52.943868],[-1.177646,52.943869]],[[-1.177646,52.943869],[-1.177963,52.943882],[-1.178012,52.943884],[-1.178062,52.943887],[-1.178075,52.943888],[-1.178108,52.94389],[-1.178142,52.943892],[-1.178179,52.943895],[-1.178212,52.943898],[-1.178244,52.943902],[-1.178276,52.943906],[-1.178303,52.94391],[-1.178329,52.943914],[-1.178356,52.943919],[-1.178381,52.943924],[-1.178406,52.94393],[-1.17843,52.943935],[-1.178461,52.943943],[-1.178493,52.943952],[-1.178526,52.943962],[-1.178559,52.943972],[-1.178591,52.943982],[-1.178624,52.943993],[-1.178681,52.944012],[-1.178705,52.944021],[-1.17894,52.944108],[-1.179057,52.944144],[-1.179081,52.944153],[-1.179119,52.944165],[-1.179138,52.944171],[-1.179178,52.944181],[-1.179219,52.944189]],[[-1.178245,52.943972],[-1.178287,52.943981],[-1.178345,52.943995],[-1.178379,52.944004],[-1.178405,52.944012],[-1.178431,52.944021],[-1.17844,52.944023],[-1.178464,52.944031],[-1.178487,52.94404],[-1.178511,52.944049],[-1.178534,52.944059],[-1.17856,52.944071]],[[-1.17856,52.944071],[-1.178584,52.944081],[-1.178609,52.944093],[-1.178648,52.944114],[-1.178674,52.944128],[-1.178738,52.94416],[-1.178765,52.944174],[-1.178817,52.944197],[-1.178862,52.944215],[-1.178901,52.944227],[-1.178947,52.94424]],[[-1.179009,52.944253],[-1.179034,52.944258],[-1.179084,52.944265],[-1.179121,52.944267],[-1.179164,52.944269],[-1.179231,52.94427],[-1.179253,52.944268],[-1.179276,52.944268],[-1.179332,52.944263],[-1.179376,52.944257],[-1.179419,52.944248],[-1.179451,52.944241],[-1.17948,52.944234],[-1.179525,52.94422],[-1.179569,52.944206],[-1.179608,52.944189],[-1.179635,52.944174],[-1.179692,52.94414],[-1.179719,52.944122],[-1.179775,52.944076],[-1.179802,52.94405],[-1.179847,52.944007],[-1.179891,52.943964],[-1.179929,52.943925],[-1.179966,52.943889],[-1.179994,52.943855],[-1.18002,52.943821]],[[-1.179219,52.944189],[-1.179257,52.944196],[-1.179283,52.944199],[-1.179296,52.9442],[-1.179336,52.944202],[-1.179375,52.944201],[-1.179434,52.944196],[-1.179456,52.944192],[-1.179488,52.944186],[-1.179522,52.944177],[-1.17956,52.944164],[-1.179597,52.944148],[-1.179627,52.944132],[-1.17967,52.944104],[-1.179712,52.94407],[-1.179757,52.944028],[-1.179797,52.943988],[-1.179822,52.943965],[-1.179863,52.943925],[-1.179897,52.943889],[-1.179937,52.943844],[-1.179971,52.943798]],[[-1.178947,52.94424],[-1.178986,52.944249],[-1.179009,52.944253]],[[-1.179971,52.943798],[-1.179999,52.943749],[-1.180009,52.943728],[-1.180024,52.943685],[-1.180037,52.943643],[-1.18005,52.943601],[-1.180066,52.943558],[-1.18008,52.943527],[-1.180103,52.943496],[-1.180127,52.943471],[-1.180156,52.943447],[-1.180187,52.943426],[-1.180238,52.943398],[-1.180277,52.943383]],[[-1.18002,52.943821],[-1.180042,52.943783],[-1.18006,52.943755],[-1.18007,52.943723],[-1.180079,52.943691],[-1.180089,52.943656],[-1.180101,52.943621],[-1.180114,52.943588],[-1.180126,52.943563],[-1.180146,52.943533],[-1.180169,52.943507],[-1.180192,52.943488],[-1.180219,52.943468],[-1.180248,52.94345],[-1.180279,52.943434],[-1.180314,52.94342]],[[-1.181604,52.943365],[-1.181516,52.943366],[-1.181368,52.943369],[-1.181219,52.943372],[-1.181097,52.943374],[-1.18107,52.943374],[-1.180922,52.943377],[-1.180773,52.94338],[-1.180679,52.943382],[-1.180624,52.943383],[-1.180545,52.943384],[-1.180479,52.943387],[-1.180434,52.943392],[-1.180391,52.943399],[-1.180349,52.943409],[-1.180314,52.94342]],[[-1.180277,52.943383],[-1.180318,52.94337],[-1.180363,52.94336],[-1.180411,52.943352],[-1.180467,52.943348],[-1.180535,52.943346],[-1.180692,52.943343],[-1.180841,52.94334],[-1.18099,52.943337],[-1.181138,52.943335],[-1.181287,52.943332],[-1.181436,52.943329],[-1.181585,52.943327]],[[-1.181585,52.943327],[-1.181675,52.943325],[-1.181733,52.943324],[-1.181808,52.943322],[-1.181883,52.94332],[-1.181957,52.943316],[-1.181994,52.943314],[-1.182032,52.943311],[-1.182048,52.94331],[-1.182081,52.943307],[-1.182114,52.943303],[-1.182146,52.943299],[-1.182179,52.943294],[-1.182215,52.94329],[-1.18225,52.943284],[-1.182283,52.943278],[-1.182321,52.94327],[-1.182355,52.943262],[-1.18239,52.943254],[-1.182426,52.943246],[-1.18246,52.943238],[-1.182495,52.943228],[-1.182528,52.943219],[-1.182562,52.943209],[-1.182595,52.943198],[-1.182627,52.943187],[-1.182659,52.943175],[-1.182691,52.943162],[-1.182719,52.943151],[-1.182751,52.943138],[-1.18278,52.943125],[-1.182808,52.943112],[-1.182838,52.943098],[-1.182866,52.943084],[-1.182893,52.94307],[-1.182948,52.943037],[-1.183,52.943005],[-1.183051,52.942973],[-1.183054,52.942971],[-1.183312,52.942791],[-1.183361,52.942756],[-1.183431,52.942706],[-1.183444,52.942697],[-1.183542,52.942629],[-1.183639,52.942561],[-1.183737,52.942493],[-1.183841,52.942421],[-1.18388,52.942394],[-1.183939,52.942353],[-1.184037,52.942285],[-1.184134,52.942217],[-1.184587,52.941884],[-1.184969,52.941601]],[[-1.185015,52.941629],[-1.184637,52.941909],[-1.184197,52.942225],[-1.1841,52.942293],[-1.184002,52.942361],[-1.183924,52.942416],[-1.183905,52.942429],[-1.183805,52.942503],[-1.183708,52.942571],[-1.18361,52.942639],[-1.183513,52.942707],[-1.183481,52.94273],[-1.183417,52.942776],[-1.183358,52.942817],[-1.183118,52.942985],[-1.183112,52.942989],[-1.183069,52.943018],[-1.183019,52.943049],[-1.182963,52.943082],[-1.182904,52.943114],[-1.182872,52.94313],[-1.182839,52.943146],[-1.18279,52.943169],[-1.182757,52.943183],[-1.182732,52.943192],[-1.1827,52.943205],[-1.182669,52.943217],[-1.182636,52.943228],[-1.182603,52.943239],[-1.18257,52.943249],[-1.182536,52.94326],[-1.182479,52.943275],[-1.182468,52.943278],[-1.182433,52.943286],[-1.182398,52.943294],[-1.182367,52.943301],[-1.18233,52.943308],[-1.182295,52.943315],[-1.182258,52.943321],[-1.182222,52.943327],[-1.182185,52.943332],[-1.182148,52.943337],[-1.182112,52.943342],[-1.182077,52.943345],[-1.182039,52.943349],[-1.182005,52.943352],[-1.181963,52.943354],[-1.181889,52.943358],[-1.181814,52.943361],[-1.181751,52.943362],[-1.181688,52.943363],[-1.181665,52.943364],[-1.181604,52.943365]],[[-1.184969,52.941601],[-1.185536,52.941182]],[[-1.185586,52.941207],[-1.185015,52.941629]],[[-1.187236,52.940241],[-1.186578,52.940567],[-1.186536,52.940588],[-1.186502,52.940605],[-1.18646,52.940626],[-1.186405,52.940655],[-1.186353,52.940683],[-1.186298,52.940713],[-1.186258,52.940736],[-1.186204,52.940768],[-1.186173,52.940788],[-1.186121,52.940821],[-1.186084,52.940844],[-1.185989,52.94091],[-1.185879,52.940989],[-1.18577,52.941072],[-1.185586,52.941207]],[[-1.185536,52.941182],[-1.185722,52.941044],[-1.185831,52.940965],[-1.185921,52.9409],[-1.186022,52.940828],[-1.186081,52.94079],[-1.186129,52.940759],[-1.186176,52.940731],[-1.186229,52.940699],[-1.186253,52.940685],[-1.186306,52.940656],[-1.186338,52.940639],[-1.186392,52.940612],[-1.186441,52.940587],[-1.186497,52.940559],[-1.187199,52.940211]],[[-1.187199,52.940211],[-1.187774,52.939926],[-1.187876,52.939877],[-1.18789,52.939869],[-1.187918,52.939854],[-1.187945,52.939839],[-1.187972,52.939823],[-1.187997,52.939806],[-1.18802,52.939792],[-1.188041,52.939776],[-1.188063,52.939759],[-1.188082,52.939741],[-1.1881,52.939722],[-1.188116,52.939703],[-1.18813,52.939683],[-1.188141,52.939662],[-1.188151,52.939642],[-1.188158,52.93962],[-1.188164,52.939599],[-1.188167,52.939577],[-1.188168,52.939556],[-1.188166,52.939534],[-1.188163,52.939513],[-1.188157,52.939491],[-1.188149,52.93947],[-1.188139,52.93945],[-1.188127,52.939429],[-1.188112,52.939409],[-1.188095,52.939389],[-1.188076,52.93937],[-1.188061,52.939351],[-1.188043,52.939334],[-1.188008,52.9393],[-1.187999,52.939292],[-1.187945,52.939241]],[[-1.187236,52.940241],[-1.187921,52.939903],[-1.187962,52.939881],[-1.18799,52.939866],[-1.188017,52.93985],[-1.188043,52.939834],[-1.188068,52.939817],[-1.188084,52.939806],[-1.188099,52.939795],[-1.188116,52.93978],[-1.188128,52.93977],[-1.188141,52.939756],[-1.188157,52.93974],[-1.188175,52.939716],[-1.188189,52.939695],[-1.188201,52.939675]],[[-1.188201,52.939675],[-1.188209,52.939656],[-1.188216,52.939637],[-1.188221,52.939617],[-1.188225,52.939598],[-1.188227,52.939578],[-1.188228,52.939559],[-1.188226,52.939539],[-1.188224,52.93952],[-1.18822,52.9395],[-1.188214,52.939481],[-1.188206,52.939462],[-1.188197,52.939443],[-1.188187,52.939425],[-1.188169,52.939398],[-1.188149,52.939373],[-1.188131,52.939353],[-1.188113,52.939334],[-1.188093,52.939314],[-1.188073,52.939295],[-1.188058,52.939281],[-1.187974,52.939203]],[[-1.187974,52.939203],[-1.187216,52.938487],[-1.187189,52.93846],[-1.187161,52.938434]],[[-1.187112,52.938454],[-1.187142,52.938485],[-1.187168,52.938508],[-1.187945,52.939241]],[[-1.186985,52.938234],[-1.186989,52.938252],[-1.186995,52.93827],[-1.186999,52.938289],[-1.187006,52.938305],[-1.187013,52.938323],[-1.187023,52.938341],[-1.187032,52.938357],[-1.187043,52.938374],[-1.187054,52.938389],[-1.187068,52.938407],[-1.187084,52.938425],[-1.187112,52.938454]],[[-1.187161,52.938434],[-1.187137,52.93841],[-1.187116,52.938384],[-1.187106,52.938371],[-1.187094,52.938354],[-1.187085,52.93834],[-1.187077,52.938327],[-1.18707,52.938312],[-1.187063,52.938297],[-1.187058,52.938284],[-1.187054,52.93827],[-1.18705,52.938255],[-1.187046,52.938238]],[[-1.187046,52.938238],[-1.187044,52.938225],[-1.18704,52.938208],[-1.18704,52.938194],[-1.187041,52.938172],[-1.187044,52.938149],[-1.187048,52.938123],[-1.187055,52.9381],[-1.187064,52.938076],[-1.187077,52.938048],[-1.187096,52.938018],[-1.187116,52.937991],[-1.18714,52.937964]],[[-1.18708,52.937959],[-1.187062,52.93798],[-1.187043,52.938006],[-1.187022,52.93804],[-1.187006,52.938073],[-1.187,52.938092],[-1.186992,52.938116],[-1.186985,52.938145],[-1.186983,52.938161],[-1.186982,52.93818],[-1.186982,52.938195],[-1.186983,52.938217],[-1.186985,52.938234]],[[-1.187276,52.937856],[-1.187514,52.937697],[-1.187563,52.937664],[-1.18759,52.937646],[-1.18767,52.937594],[-1.1877,52.937576],[-1.187752,52.937544],[-1.187808,52.937512],[-1.187866,52.937482],[-1.187932,52.937451]],[[-1.187238,52.93783],[-1.187203,52.937855],[-1.187166,52.937882],[-1.187134,52.937907],[-1.187117,52.937921],[-1.18711,52.937929],[-1.187093,52.937944],[-1.18708,52.937959]],[[-1.187996,52.937377],[-1.187899,52.937424],[-1.187834,52.937455],[-1.187767,52.937489],[-1.187709,52.937521],[-1.187658,52.937552],[-1.187624,52.937574],[-1.187554,52.937621],[-1.18752,52.937644],[-1.18747,52.937677],[-1.187325,52.937773],[-1.187238,52.93783]],[[-1.18714,52.937964],[-1.187166,52.937939],[-1.187194,52.937914],[-1.187234,52.937885],[-1.187276,52.937856]],[[-1.187932,52.937451],[-1.188034,52.937402],[-1.18836,52.937249],[-1.188596,52.937139],[-1.188652,52.937114],[-1.188696,52.937094],[-1.188717,52.937084],[-1.188735,52.937075],[-1.188756,52.937063],[-1.188776,52.937053],[-1.188795,52.937042],[-1.188813,52.93703],[-1.188825,52.937022],[-1.188845,52.937009],[-1.188865,52.936995],[-1.188883,52.936981],[-1.188899,52.936967],[-1.188915,52.936952],[-1.188928,52.936938],[-1.18894,52.936925]],[[-1.188881,52.936922],[-1.188868,52.936935],[-1.188855,52.936947],[-1.188839,52.936962],[-1.18882,52.936977],[-1.188793,52.936994],[-1.188773,52.937008],[-1.18875,52.937021],[-1.18872,52.937037],[-1.188695,52.93705],[-1.188664,52.937067],[-1.188624,52.937086],[-1.188565,52.937113],[-1.188331,52.937221],[-1.187996,52.937377]],[[-1.189278,52.936427],[-1.189232,52.936452],[-1.189211,52.936465],[-1.189192,52.936477],[-1.189177,52.936488],[-1.18916,52.936499],[-1.189143,52.936513],[-1.189123,52.93653],[-1.18911,52.936543],[-1.189095,52.936558],[-1.18908,52.936574],[-1.189068,52.936587],[-1.189058,52.936601],[-1.189049,52.936613],[-1.189041,52.936627],[-1.189034,52.936638],[-1.189027,52.936652],[-1.189019,52.936668],[-1.189006,52.936695],[-1.188984,52.936742],[-1.188983,52.936753],[-1.188972,52.936778],[-1.188958,52.936808],[-1.188949,52.936827],[-1.188941,52.936852],[-1.188926,52.936865],[-1.188915,52.936881],[-1.188905,52.936894],[-1.188894,52.936908],[-1.188881,52.936922]],[[-1.18894,52.936925],[-1.188952,52.936911],[-1.188966,52.936894],[-1.188982,52.936873],[-1.188992,52.936856],[-1.189002,52.936837],[-1.189012,52.936829],[-1.189028,52.936785],[-1.189053,52.936727],[-1.189073,52.936684],[-1.189059,52.936719],[-1.189081,52.936669],[-1.189089,52.936654],[-1.189097,52.936641],[-1.189108,52.936626],[-1.189116,52.936615],[-1.189127,52.936601],[-1.18913,52.936597],[-1.189139,52.936588],[-1.189152,52.936575],[-1.189165,52.936563],[-1.18918,52.93655],[-1.189193,52.936537],[-1.189209,52.936525],[-1.189224,52.936514],[-1.189242,52.936502],[-1.189258,52.936491],[-1.189276,52.936481],[-1.189293,52.93647],[-1.189313,52.93646]],[[-1.189718,52.936211],[-1.189635,52.936252],[-1.189331,52.936401],[-1.189278,52.936427]],[[-1.189313,52.93646],[-1.18936,52.936436],[-1.189678,52.93628],[-1.189753,52.936243]],[[-1.18986,52.936141],[-1.189789,52.936175],[-1.189718,52.936211]],[[-1.189903,52.93617],[-1.190176,52.936038]],[[-1.189753,52.936243],[-1.189833,52.936204],[-1.189903,52.93617]],[[-1.190141,52.936006],[-1.18986,52.936141]],[[-1.190176,52.936038],[-1.190282,52.935987],[-1.190394,52.935935],[-1.191354,52.935499],[-1.191375,52.935489]],[[-1.191337,52.935459],[-1.191317,52.935468],[-1.190359,52.935903],[-1.190244,52.935957],[-1.190141,52.936006]],[[-1.191528,52.935422],[-1.191592,52.935395],[-1.192971,52.934803],[-1.193007,52.934787],[-1.193063,52.934764],[-1.193075,52.934759],[-1.193115,52.934743]],[[-1.193081,52.934711],[-1.193057,52.934721],[-1.193037,52.934729],[-1.193003,52.934743],[-1.192967,52.934758],[-1.191491,52.935391]],[[-1.191375,52.935489],[-1.19148,52.935443],[-1.191528,52.935422]],[[-1.191491,52.935391],[-1.191443,52.935412],[-1.191337,52.935459]],[[-1.193115,52.934743],[-1.193169,52.934722],[-1.193173,52.934721],[-1.193226,52.934701]],[[-1.193221,52.934658],[-1.193166,52.934678],[-1.193135,52.93469],[-1.193111,52.934699],[-1.193081,52.934711]],[[-1.193226,52.934701],[-1.19328,52.934682],[-1.193337,52.934663],[-1.193393,52.934644],[-1.193451,52.934626],[-1.193509,52.934609]],[[-1.193506,52.934566],[-1.193448,52.934583],[-1.19339,52.934601],[-1.193333,52.934619]],[[-1.193509,52.934609],[-1.195246,52.934102]],[[-1.195219,52.934067],[-1.193506,52.934566]],[[-1.193333,52.934619],[-1.193297,52.934631],[-1.193277,52.934638],[-1.193221,52.934658]],[[-1.195246,52.934102],[-1.195294,52.934088],[-1.195341,52.934075],[-1.195388,52.93406],[-1.195434,52.934046],[-1.19548,52.934031],[-1.195525,52.934015],[-1.195569,52.933999],[-1.195614,52.933983],[-1.195657,52.933965],[-1.195679,52.933957],[-1.196364,52.933666],[-1.196398,52.933651],[-1.196449,52.93363],[-1.196501,52.933608],[-1.196555,52.933586],[-1.196609,52.933565],[-1.196664,52.933544],[-1.196719,52.933524],[-1.196775,52.933504],[-1.19741,52.933304],[-1.197507,52.933274],[-1.197787,52.933186],[-1.199525,52.932643],[-1.199721,52.932582],[-1.199884,52.932531]],[[-1.199955,52.932472],[-1.199696,52.932552],[-1.197484,52.933244],[-1.196739,52.933476],[-1.196622,52.933517],[-1.196564,52.933538],[-1.196507,52.933561],[-1.196451,52.933583],[-1.196395,52.933606],[-1.19634,52.93363],[-1.196289,52.933652],[-1.195651,52.933922],[-1.195629,52.93393],[-1.195585,52.933947],[-1.195541,52.933964],[-1.195497,52.93398],[-1.195451,52.933996],[-1.195406,52.934011],[-1.19536,52.934026],[-1.195313,52.93404],[-1.195266,52.934054],[-1.195219,52.934067]],[[-1.200105,52.932425],[-1.200076,52.932434],[-1.200047,52.932444],[-1.200026,52.932452],[-1.200005,52.932461],[-1.199983,52.932471],[-1.199963,52.932482],[-1.199866,52.932526],[-1.19984,52.932537],[-1.199824,52.932545],[-1.199798,52.932556],[-1.199777,52.932564],[-1.199743,52.932575],[-1.199721,52.932582]],[[-1.199884,52.932531],[-1.20013,52.932454],[-1.200329,52.932392],[-1.200382,52.932377],[-1.200423,52.932365],[-1.200467,52.932352],[-1.20051,52.932341],[-1.200556,52.93233],[-1.200601,52.932319]],[[-1.200583,52.932286],[-1.200537,52.932297],[-1.200491,52.932309],[-1.200445,52.932321],[-1.2004,52.932334],[-1.200355,52.932347],[-1.200301,52.932363],[-1.200105,52.932425],[-1.199955,52.932472]],[[-1.200601,52.932319],[-1.200647,52.932309],[-1.200693,52.932299],[-1.20074,52.932289],[-1.200787,52.932281],[-1.200834,52.932272],[-1.200881,52.932265],[-1.200928,52.932257],[-1.200976,52.932251],[-1.201024,52.932244],[-1.201072,52.932238],[-1.20112,52.932233],[-1.201168,52.932228],[-1.201217,52.932224],[-1.201265,52.93222],[-1.201314,52.932217],[-1.201363,52.932214],[-1.201412,52.932212],[-1.201461,52.932211],[-1.20151,52.932209],[-1.201558,52.932209]],[[-1.201557,52.932169],[-1.201507,52.93217],[-1.201458,52.932171],[-1.201408,52.932173],[-1.201358,52.932176],[-1.201308,52.932179],[-1.201259,52.932182],[-1.201209,52.932186],[-1.20116,52.932191],[-1.201111,52.932196],[-1.201062,52.932202],[-1.201013,52.932208],[-1.200964,52.932214],[-1.200916,52.932222],[-1.200868,52.932229],[-1.20082,52.932237],[-1.200772,52.932246],[-1.200724,52.932255],[-1.200677,52.932265],[-1.20063,52.932275],[-1.200583,52.932286]],[[-1.202655,52.932182],[-1.202553,52.932181],[-1.202413,52.932182],[-1.20181,52.932171],[-1.201657,52.932168],[-1.201607,52.932168],[-1.201557,52.932169]],[[-1.201558,52.932209],[-1.201607,52.932209],[-1.201656,52.932209],[-1.201705,52.93221],[-1.201806,52.932212],[-1.20204,52.932217],[-1.202552,52.932228],[-1.202652,52.93223]],[[-1.203271,52.932119],[-1.203256,52.932126],[-1.203232,52.932135],[-1.203207,52.932144],[-1.20318,52.932153],[-1.203154,52.93216],[-1.203127,52.932166],[-1.2031,52.932171],[-1.203079,52.932175],[-1.203044,52.93218],[-1.203015,52.932182],[-1.202986,52.932184],[-1.202957,52.932185],[-1.202919,52.932185],[-1.20288,52.932186],[-1.202826,52.932185],[-1.202777,52.932184],[-1.202655,52.932182]],[[-1.203323,52.932155],[-1.2033,52.932166],[-1.203285,52.932172],[-1.203259,52.932182],[-1.203232,52.932191],[-1.203205,52.9322],[-1.203183,52.932206],[-1.203149,52.932214],[-1.203119,52.93222],[-1.20309,52.932225],[-1.203073,52.932227],[-1.20306,52.932229],[-1.20302,52.932233],[-1.202979,52.932235],[-1.202948,52.932236],[-1.202928,52.932236],[-1.202901,52.932235],[-1.202884,52.932235],[-1.202818,52.932234],[-1.202652,52.93223]],[[-1.203416,52.932032],[-1.20335,52.932074],[-1.203334,52.932085],[-1.203314,52.932097],[-1.203293,52.932108],[-1.203271,52.932119]],[[-1.204292,52.931375],[-1.204045,52.931576],[-1.203431,52.932087],[-1.203413,52.932101],[-1.203392,52.932116],[-1.20337,52.93213],[-1.203344,52.932144],[-1.203323,52.932155]],[[-1.20564,52.929988],[-1.205577,52.930038],[-1.205507,52.930096],[-1.205476,52.930123],[-1.205446,52.930149],[-1.205423,52.930172],[-1.205397,52.930196],[-1.205367,52.930225],[-1.205312,52.93028],[-1.205171,52.930438],[-1.205116,52.930502],[-1.204823,52.930844],[-1.204788,52.930882],[-1.204756,52.930916],[-1.204714,52.930959],[-1.204687,52.930985],[-1.204659,52.931012],[-1.204635,52.931035],[-1.204603,52.931065],[-1.204551,52.931111],[-1.204493,52.93116],[-1.203717,52.931801],[-1.203708,52.931809],[-1.203659,52.931848],[-1.203599,52.931896],[-1.20358,52.931911],[-1.203559,52.931926],[-1.203499,52.931972],[-1.203416,52.932032]],[[-1.205215,52.930457],[-1.205182,52.930494],[-1.204864,52.930862],[-1.204797,52.930934],[-1.204757,52.930975],[-1.204728,52.931006],[-1.204704,52.931029],[-1.204675,52.931055],[-1.204639,52.931087],[-1.20459,52.931132],[-1.204577,52.931143],[-1.204533,52.93118],[-1.20449,52.931215],[-1.204292,52.931375]],[[-1.207559,52.928585],[-1.207502,52.928626],[-1.207351,52.928738],[-1.207303,52.928774],[-1.207028,52.928982],[-1.206903,52.929075],[-1.205772,52.929939],[-1.205711,52.929985],[-1.205666,52.93002],[-1.205622,52.930055],[-1.205549,52.930116],[-1.20552,52.930142],[-1.205491,52.930167],[-1.205466,52.930191],[-1.205439,52.930217],[-1.205413,52.930242],[-1.205357,52.930299],[-1.205215,52.930457]],[[-1.207521,52.92856],[-1.206989,52.928964],[-1.206865,52.929058],[-1.205727,52.929921],[-1.205675,52.929961],[-1.20564,52.929988]],[[-1.207778,52.928442],[-1.207824,52.928409],[-1.207874,52.928378],[-1.207927,52.928348],[-1.207981,52.928314],[-1.208106,52.928246]],[[-1.208023,52.92823],[-1.20798,52.928253],[-1.207938,52.928276],[-1.207896,52.928301],[-1.207855,52.928323],[-1.207814,52.928348],[-1.207792,52.928363],[-1.207772,52.928372],[-1.207734,52.928398],[-1.207698,52.928424],[-1.207669,52.928449],[-1.20763,52.928475],[-1.207616,52.928486],[-1.207573,52.928522],[-1.207521,52.92856]],[[-1.207778,52.928442],[-1.207725,52.928476],[-1.207677,52.928506],[-1.207628,52.928542],[-1.207608,52.928553],[-1.207559,52.928585]],[[-1.209516,52.927707],[-1.209422,52.927733],[-1.209043,52.92783],[-1.208917,52.927864],[-1.208793,52.9279],[-1.208762,52.927909],[-1.208735,52.927917],[-1.20871,52.927924],[-1.208634,52.927949],[-1.208585,52.927965],[-1.208532,52.927982],[-1.208502,52.92799],[-1.208478,52.927997],[-1.208429,52.928018],[-1.20838,52.928041],[-1.20837,52.928046],[-1.208336,52.928062],[-1.208321,52.928069],[-1.208268,52.928093],[-1.208114,52.928179],[-1.208023,52.92823]],[[-1.208106,52.928246],[-1.208206,52.928193],[-1.208293,52.92815],[-1.208319,52.928137],[-1.208344,52.928126],[-1.20837,52.928115],[-1.208409,52.928099],[-1.208444,52.928083],[-1.208469,52.928073],[-1.208492,52.928063],[-1.208528,52.928052],[-1.208562,52.928041],[-1.208591,52.928031],[-1.208614,52.928024],[-1.208656,52.928012],[-1.208724,52.927993],[-1.208861,52.92796],[-1.208992,52.927927],[-1.209075,52.927906],[-1.209154,52.927886],[-1.209548,52.927787],[-1.209731,52.927739]],[[-1.209794,52.927633],[-1.209715,52.927653],[-1.209516,52.927707]],[[-1.209731,52.927739],[-1.209797,52.927721],[-1.20986,52.927701],[-1.209905,52.927683],[-1.20998,52.927652],[-1.210022,52.927632],[-1.210069,52.927604]],[[-1.210069,52.927604],[-1.210118,52.927577],[-1.210169,52.927545],[-1.210176,52.927541],[-1.210357,52.927435],[-1.210396,52.927412],[-1.210472,52.927368],[-1.210511,52.927343]],[[-1.211091,52.926858],[-1.211059,52.926884],[-1.211001,52.926929],[-1.210943,52.926973],[-1.210883,52.927016],[-1.210822,52.927059],[-1.210759,52.927101],[-1.210696,52.927143],[-1.210631,52.927184],[-1.210565,52.927224],[-1.210498,52.927264],[-1.210326,52.927366],[-1.210189,52.927457],[-1.210144,52.927483],[-1.210121,52.927496],[-1.210071,52.927519],[-1.210018,52.927543],[-1.209981,52.927559],[-1.209952,52.927572],[-1.209898,52.927597],[-1.209864,52.927611],[-1.209794,52.927633]],[[-1.210511,52.927343],[-1.210573,52.927303],[-1.210747,52.927196],[-1.210826,52.927144],[-1.210887,52.927105],[-1.210988,52.927038],[-1.211184,52.926904],[-1.211234,52.92687]],[[-1.211548,52.92648],[-1.211144,52.926815],[-1.211115,52.926839],[-1.211091,52.926858]],[[-1.211234,52.92687],[-1.211328,52.926805],[-1.211385,52.926765],[-1.211452,52.926714],[-1.211542,52.926642],[-1.211596,52.926595],[-1.211621,52.926572],[-1.211663,52.926535],[-1.211709,52.926491],[-1.211763,52.926439],[-1.211844,52.926357],[-1.211898,52.926308],[-1.211948,52.926265],[-1.211988,52.92623],[-1.212033,52.926193],[-1.212064,52.926168],[-1.21211,52.926132],[-1.212188,52.926075],[-1.212282,52.926006],[-1.212379,52.925936],[-1.212566,52.9258],[-1.212738,52.925673]],[[-1.212707,52.925548],[-1.212638,52.925598],[-1.212518,52.925686],[-1.212443,52.92574],[-1.212423,52.925755],[-1.212284,52.925861],[-1.21215,52.925969],[-1.212033,52.926069],[-1.211937,52.926154],[-1.211875,52.926207],[-1.211548,52.92648]],[[-1.213003,52.925479],[-1.213044,52.925448],[-1.21305,52.925443],[-1.21309,52.925411],[-1.213104,52.925401],[-1.213164,52.92536],[-1.21348,52.925128],[-1.213517,52.925101],[-1.213538,52.925087],[-1.213561,52.925072],[-1.213578,52.925062],[-1.213591,52.925056],[-1.213603,52.925049],[-1.213619,52.925041],[-1.213636,52.925033],[-1.213653,52.925027]],[[-1.213243,52.925114],[-1.213174,52.925163],[-1.213128,52.9252],[-1.213082,52.925239],[-1.213059,52.925258],[-1.213023,52.925288],[-1.212982,52.925323],[-1.21293,52.925368]],[[-1.213994,52.924938],[-1.214027,52.924953],[-1.214058,52.92497],[-1.214087,52.924988],[-1.214114,52.925005],[-1.214207,52.925063],[-1.214246,52.925088],[-1.214287,52.925114],[-1.214328,52.92514],[-1.214346,52.925153],[-1.214365,52.925168],[-1.214382,52.925182],[-1.214401,52.925197],[-1.21442,52.925215],[-1.214441,52.925234],[-1.214459,52.925252],[-1.214503,52.925301],[-1.214513,52.925311],[-1.214523,52.92532],[-1.214534,52.925329],[-1.214546,52.925337],[-1.214562,52.925349]],[[-1.213653,52.925027],[-1.213675,52.925021],[-1.213694,52.925016],[-1.213712,52.925011],[-1.213734,52.925007],[-1.213752,52.925003],[-1.213773,52.925001],[-1.213789,52.924999],[-1.213808,52.924998],[-1.213827,52.924997],[-1.213845,52.924997],[-1.21386,52.924997],[-1.213882,52.924998],[-1.2139,52.925],[-1.213919,52.925002]],[[-1.213497,52.924951],[-1.21351,52.924944],[-1.213524,52.924938],[-1.21354,52.924931],[-1.213555,52.924926],[-1.213571,52.924921],[-1.21359,52.924915],[-1.21361,52.92491],[-1.213639,52.924904],[-1.213669,52.924899],[-1.21371,52.924895],[-1.213754,52.924893],[-1.213795,52.924894],[-1.213838,52.924898],[-1.213876,52.924904],[-1.213904,52.92491],[-1.213931,52.924916],[-1.213966,52.924927],[-1.213994,52.924938]],[[-1.214697,52.925139],[-1.21457,52.925046],[-1.214413,52.924937],[-1.214317,52.924869],[-1.21427,52.924839],[-1.21424,52.924822],[-1.214211,52.924809],[-1.214186,52.924798],[-1.214148,52.924785],[-1.214108,52.924775],[-1.214068,52.924768],[-1.214027,52.924763],[-1.213983,52.924761],[-1.213941,52.924762],[-1.213899,52.924765],[-1.21386,52.92477],[-1.213818,52.924779],[-1.213783,52.924789],[-1.213742,52.924804],[-1.21371,52.924819]],[[-1.21371,52.924819],[-1.213678,52.924835],[-1.213635,52.924861],[-1.213597,52.924884],[-1.213443,52.924984],[-1.213243,52.925114]],[[-1.21293,52.925368],[-1.212927,52.925371],[-1.212888,52.925404],[-1.212858,52.925429],[-1.212822,52.925459],[-1.212787,52.925487],[-1.212751,52.925516],[-1.212707,52.925548]],[[-1.212738,52.925673],[-1.212849,52.925589],[-1.212946,52.92552],[-1.213003,52.925479]],[[-1.213443,52.924984],[-1.213497,52.924951]],[[-1.214007,52.92502],[-1.21404,52.925031],[-1.214075,52.925045],[-1.214122,52.92507],[-1.214153,52.925089],[-1.214191,52.925113],[-1.214378,52.925232]],[[-1.213919,52.925002],[-1.213936,52.925004],[-1.213973,52.925011],[-1.214007,52.92502]],[[-1.215196,52.925502],[-1.215162,52.925474],[-1.215131,52.92545],[-1.215075,52.925407],[-1.215008,52.925359],[-1.214697,52.925139]],[[-1.214378,52.925232],[-1.214562,52.925349],[-1.214623,52.925387],[-1.214871,52.925544],[-1.214975,52.92561],[-1.215178,52.925739],[-1.215215,52.925761],[-1.215251,52.925781],[-1.215269,52.925792],[-1.215287,52.9258],[-1.215316,52.925813],[-1.215353,52.925828],[-1.215393,52.925842],[-1.215431,52.925853],[-1.215466,52.925861],[-1.21551,52.925869]],[[-1.217335,52.925483],[-1.217315,52.925517],[-1.21729,52.925559],[-1.217275,52.925582],[-1.217262,52.925601],[-1.217247,52.925621],[-1.217228,52.925641],[-1.217212,52.925659],[-1.217193,52.92568],[-1.217173,52.925699],[-1.217153,52.925718],[-1.217129,52.925739],[-1.217108,52.925756],[-1.217087,52.925772],[-1.217063,52.92579],[-1.217022,52.925818],[-1.21699,52.925838],[-1.216961,52.925855],[-1.216931,52.925869],[-1.216891,52.925885],[-1.216867,52.925894],[-1.216824,52.925906],[-1.216777,52.925918],[-1.216743,52.925924],[-1.216705,52.925929],[-1.216656,52.925933],[-1.216607,52.925935],[-1.216557,52.925934],[-1.216507,52.925931],[-1.216469,52.925929],[-1.216428,52.925925],[-1.216084,52.925892],[-1.216026,52.925888],[-1.215957,52.92588],[-1.215895,52.925872],[-1.215844,52.925864],[-1.215792,52.925855],[-1.215749,52.925844],[-1.215696,52.92583],[-1.215668,52.925821],[-1.215643,52.925812],[-1.215618,52.925802],[-1.215594,52.925793],[-1.215569,52.925781],[-1.215546,52.925771],[-1.215518,52.925756],[-1.215481,52.925733],[-1.215458,52.92572],[-1.215441,52.925707],[-1.215422,52.925693],[-1.215404,52.925678],[-1.215334,52.925621],[-1.21527,52.925565],[-1.215248,52.925546],[-1.215196,52.925502]],[[-1.21551,52.925869],[-1.215555,52.925876],[-1.215587,52.925879],[-1.21565,52.925886],[-1.215701,52.925891],[-1.21644,52.925959],[-1.216486,52.925963],[-1.216534,52.925966],[-1.216584,52.925968],[-1.216627,52.925968],[-1.21667,52.925967],[-1.216713,52.925963],[-1.216757,52.925958],[-1.216806,52.92595],[-1.216852,52.925938],[-1.216888,52.925927],[-1.216919,52.925917],[-1.216941,52.925908],[-1.21696,52.925899],[-1.216979,52.925891],[-1.216996,52.925882],[-1.217013,52.925872],[-1.217031,52.925861],[-1.217049,52.92585],[-1.217066,52.925839],[-1.217084,52.925828],[-1.217098,52.925817],[-1.217115,52.925805],[-1.217141,52.925784],[-1.217169,52.925761],[-1.217187,52.925744],[-1.217207,52.925726],[-1.217227,52.925706],[-1.217234,52.925699],[-1.217256,52.925676],[-1.21728,52.925648],[-1.217313,52.925607],[-1.217336,52.925575],[-1.217355,52.925546],[-1.217379,52.925503]],[[-1.217458,52.925128],[-1.217448,52.925159],[-1.217382,52.925362],[-1.21736,52.925424],[-1.21735,52.92545],[-1.217335,52.925483]],[[-1.217379,52.925503],[-1.217512,52.925246],[-1.217541,52.925187]],[[-1.218463,52.924076],[-1.218435,52.924105],[-1.218366,52.924175],[-1.218234,52.924309],[-1.218233,52.924311],[-1.218211,52.924333],[-1.218034,52.924514],[-1.217991,52.924554],[-1.217948,52.924597],[-1.217909,52.924634],[-1.217867,52.924674],[-1.21784,52.924697],[-1.217783,52.924748],[-1.217695,52.924821],[-1.217645,52.924863],[-1.217609,52.924895],[-1.217576,52.924926],[-1.21756,52.924943],[-1.217535,52.924972],[-1.217517,52.924999],[-1.2175,52.925027],[-1.217485,52.925056],[-1.21747,52.925091],[-1.217458,52.925128]],[[-1.217541,52.925187],[-1.217573,52.925122],[-1.217599,52.925073],[-1.217613,52.925046],[-1.217629,52.92502],[-1.217649,52.924987],[-1.217677,52.924947],[-1.2177,52.924916],[-1.21772,52.924893],[-1.217779,52.924827],[-1.217818,52.92479],[-1.217839,52.924767],[-1.217862,52.924744],[-1.218258,52.924347]],[[-1.218258,52.924347],[-1.218456,52.924144],[-1.21847,52.924129],[-1.218564,52.924036],[-1.218647,52.923954],[-1.218727,52.923878],[-1.21881,52.923804]],[[-1.219521,52.923177],[-1.219479,52.923213],[-1.219435,52.923249],[-1.219388,52.923286],[-1.219345,52.92332],[-1.219301,52.923354],[-1.219255,52.92339],[-1.219157,52.923462],[-1.218978,52.923605],[-1.218937,52.923639],[-1.218853,52.923709],[-1.218687,52.923858],[-1.218602,52.923939],[-1.218555,52.923985],[-1.21847,52.924069],[-1.218463,52.924076]],[[-1.21881,52.923804],[-1.218892,52.923729],[-1.219023,52.92362],[-1.219126,52.923538],[-1.219206,52.923477],[-1.219265,52.923432],[-1.219299,52.923407],[-1.219344,52.923371],[-1.219418,52.923314],[-1.219442,52.923295],[-1.219571,52.923192],[-1.219611,52.923161],[-1.219657,52.923123],[-1.21966,52.923121]],[[-1.22042,52.922526],[-1.220299,52.922599],[-1.220215,52.92265],[-1.220154,52.922688],[-1.220111,52.922715],[-1.220058,52.92275],[-1.220026,52.92277],[-1.21996,52.922814],[-1.219929,52.922836],[-1.219896,52.92286],[-1.219867,52.92288],[-1.219848,52.922894],[-1.219801,52.92293],[-1.219747,52.922977],[-1.219718,52.923002],[-1.219689,52.923028],[-1.219652,52.92306]],[[-1.21966,52.923121],[-1.219767,52.923036],[-1.219879,52.922954],[-1.219972,52.922891],[-1.220066,52.922831],[-1.220093,52.922814],[-1.220198,52.922749],[-1.220302,52.922685]],[[-1.219652,52.92306],[-1.219605,52.923103],[-1.219581,52.923125],[-1.219567,52.923137],[-1.219521,52.923177]],[[-1.220302,52.922685],[-1.220378,52.922641],[-1.220464,52.922593],[-1.220504,52.922571],[-1.220545,52.922548],[-1.220628,52.922503],[-1.220685,52.922473],[-1.220695,52.922468],[-1.220796,52.922416],[-1.220869,52.92238],[-1.220913,52.922358],[-1.221044,52.922295],[-1.221217,52.922211],[-1.221377,52.922131],[-1.221488,52.922072],[-1.2216,52.922012],[-1.221936,52.921835],[-1.221973,52.921815],[-1.222024,52.92179],[-1.222073,52.921766],[-1.222123,52.921744],[-1.22217,52.921725],[-1.222221,52.921706],[-1.222273,52.92169],[-1.222305,52.921681],[-1.222343,52.921671],[-1.222382,52.921661],[-1.222438,52.921647],[-1.222505,52.921629],[-1.222574,52.92161],[-1.222626,52.921594],[-1.222678,52.921577],[-1.222695,52.92157]],[[-1.222657,52.921537],[-1.222641,52.921541],[-1.222632,52.921544],[-1.222598,52.921554],[-1.22253,52.921572],[-1.222467,52.921589],[-1.222396,52.921606],[-1.222328,52.921625],[-1.222293,52.921636],[-1.222264,52.921645],[-1.222196,52.921668],[-1.222165,52.921681],[-1.222134,52.921694],[-1.222074,52.921722],[-1.222019,52.92175],[-1.221959,52.92178],[-1.221877,52.921824],[-1.221792,52.921869],[-1.221765,52.921883],[-1.221653,52.921942],[-1.221544,52.922002],[-1.22143,52.922061],[-1.221318,52.922119],[-1.221238,52.92216],[-1.221164,52.922195],[-1.221038,52.922251],[-1.220881,52.922317],[-1.220716,52.922382],[-1.220574,52.922446],[-1.22053,52.922467],[-1.22042,52.922526]],[[-1.222776,52.921494],[-1.222755,52.921502],[-1.222731,52.921511],[-1.22271,52.921519],[-1.222678,52.92153],[-1.222657,52.921537]],[[-1.222695,52.92157],[-1.222707,52.921563],[-1.222728,52.921557],[-1.222777,52.921537],[-1.222798,52.921527]],[[-1.222798,52.921527],[-1.222824,52.921515],[-1.222872,52.921493],[-1.222921,52.92147],[-1.22294,52.92146],[-1.223333,52.921273],[-1.223528,52.921181],[-1.223625,52.921134],[-1.223703,52.921099],[-1.223712,52.921095],[-1.223736,52.921086],[-1.223765,52.921077],[-1.2238,52.921068],[-1.223837,52.921061],[-1.223874,52.921056],[-1.223911,52.921054],[-1.223949,52.921054],[-1.223987,52.921056],[-1.224024,52.921061],[-1.224054,52.921067],[-1.224074,52.921072]],[[-1.224102,52.921035],[-1.224074,52.921028],[-1.224047,52.921023],[-1.224018,52.921019],[-1.22399,52.921016],[-1.223961,52.921015],[-1.223932,52.921014],[-1.223903,52.921015],[-1.223874,52.921017],[-1.223846,52.92102],[-1.223818,52.921025],[-1.223791,52.92103],[-1.223764,52.921037],[-1.22374,52.921044],[-1.223721,52.921051],[-1.223702,52.921058],[-1.223684,52.921065],[-1.223583,52.921112],[-1.223468,52.921168],[-1.223301,52.921247],[-1.222952,52.921414],[-1.22289,52.921442],[-1.222881,52.921446],[-1.222855,52.921459],[-1.222828,52.921472],[-1.2228,52.921484],[-1.222786,52.92149],[-1.222776,52.921494]],[[-1.225265,52.921964],[-1.225094,52.921873],[-1.225031,52.921838],[-1.224928,52.921783],[-1.224875,52.921752],[-1.224835,52.921728],[-1.224777,52.921689],[-1.224725,52.92165],[-1.224681,52.921615],[-1.22464,52.921578],[-1.2246,52.921539],[-1.224575,52.921511],[-1.224541,52.92147],[-1.224517,52.921438],[-1.224443,52.921335],[-1.22437,52.921225],[-1.224358,52.921207],[-1.224338,52.92118],[-1.224316,52.921153],[-1.224291,52.921128],[-1.224268,52.92111],[-1.224244,52.921094],[-1.224217,52.921077],[-1.224192,52.921066],[-1.22415,52.92105],[-1.224102,52.921035]],[[-1.224074,52.921072],[-1.224137,52.921091],[-1.224175,52.921108],[-1.224205,52.921126],[-1.224229,52.921144],[-1.22426,52.921173],[-1.224282,52.921199],[-1.224298,52.921222],[-1.22431,52.921239],[-1.22434,52.921284],[-1.224384,52.92135],[-1.224456,52.921452],[-1.224477,52.921482],[-1.224513,52.921527],[-1.224545,52.921563],[-1.224582,52.9216],[-1.224625,52.921638],[-1.224669,52.921674],[-1.22474,52.921725],[-1.224791,52.921758],[-1.224833,52.921782],[-1.224888,52.921813],[-1.224943,52.921843],[-1.224987,52.921867],[-1.225014,52.921882],[-1.22511,52.921932],[-1.225221,52.921993]],[[-1.225265,52.921964],[-1.225305,52.921985],[-1.225402,52.922037],[-1.225481,52.92208],[-1.225851,52.922279],[-1.226035,52.922374]],[[-1.225221,52.921993],[-1.225357,52.922064],[-1.225439,52.922109],[-1.225812,52.92231],[-1.225999,52.922406],[-1.226113,52.922462],[-1.226236,52.922516],[-1.226355,52.922565],[-1.226483,52.922612],[-1.226578,52.922643],[-1.226629,52.922659]],[[-1.226657,52.922624],[-1.226607,52.922608],[-1.226563,52.922594],[-1.226478,52.922565],[-1.226392,52.922533],[-1.226273,52.922485],[-1.226152,52.92243],[-1.226035,52.922374]],[[-1.228417,52.922838],[-1.228355,52.922837],[-1.22826,52.922838],[-1.228059,52.922834],[-1.227912,52.922828],[-1.22784,52.922824],[-1.227784,52.922821],[-1.227728,52.922818],[-1.227673,52.922814],[-1.227617,52.922809],[-1.227561,52.922803],[-1.227506,52.922797],[-1.227451,52.922791],[-1.227396,52.922784],[-1.227341,52.922776],[-1.227287,52.922768],[-1.227232,52.922759],[-1.227178,52.92275],[-1.227125,52.92274],[-1.227071,52.922729],[-1.227016,52.922717],[-1.226967,52.922706],[-1.226916,52.922694],[-1.22686,52.92268],[-1.226809,52.922667],[-1.226758,52.922653],[-1.226704,52.922638],[-1.226657,52.922624]],[[-1.226629,52.922659],[-1.22668,52.922674],[-1.226732,52.922689],[-1.226784,52.922703],[-1.226837,52.922716],[-1.22689,52.922729],[-1.226943,52.922742],[-1.226997,52.922754],[-1.227051,52.922765],[-1.227106,52.922776],[-1.227161,52.922786],[-1.227216,52.922795],[-1.227271,52.922804],[-1.227327,52.922813],[-1.227382,52.922821],[-1.227438,52.922828],[-1.227495,52.922835],[-1.227551,52.922841],[-1.227608,52.922846],[-1.227664,52.922851],[-1.227721,52.922855],[-1.227778,52.922859],[-1.227835,52.922862],[-1.22792,52.922867],[-1.22807,52.922873],[-1.228219,52.922877],[-1.228265,52.922877],[-1.228323,52.922877],[-1.228377,52.922877],[-1.22843,52.922877]],[[-1.229258,52.922787],[-1.229025,52.922807],[-1.2289,52.922816],[-1.228821,52.92282],[-1.228727,52.922826],[-1.228655,52.92283],[-1.228524,52.922835],[-1.22847,52.922837],[-1.228417,52.922838]],[[-1.22843,52.922877],[-1.228483,52.922875],[-1.228586,52.922872],[-1.228661,52.922869],[-1.228742,52.922866],[-1.228834,52.92286],[-1.228913,52.922854],[-1.229034,52.922845],[-1.229273,52.922829]],[[-1.229273,52.922829],[-1.229394,52.922818],[-1.229825,52.922779]],[[-1.229813,52.922742],[-1.229258,52.922787]],[[-1.230792,52.922658],[-1.230741,52.922663],[-1.230497,52.922685],[-1.230202,52.92271],[-1.229813,52.922742]],[[-1.229825,52.922779],[-1.230211,52.922748],[-1.230507,52.922723],[-1.230763,52.922699],[-1.2308,52.922696]],[[-1.2308,52.922696],[-1.230844,52.922691],[-1.231238,52.922647],[-1.231679,52.922596],[-1.231825,52.922579],[-1.23189,52.922572],[-1.231951,52.922565],[-1.232015,52.922557],[-1.232083,52.922548],[-1.232148,52.922539],[-1.232212,52.922528],[-1.232276,52.922518],[-1.232339,52.922506],[-1.232402,52.922494],[-1.232465,52.922481],[-1.232528,52.922468],[-1.232541,52.922465],[-1.233905,52.922146],[-1.234368,52.922038],[-1.234751,52.921951],[-1.235186,52.921853],[-1.235337,52.921818],[-1.235475,52.921784],[-1.235596,52.921753],[-1.235703,52.921724],[-1.235813,52.921694]],[[-1.232424,52.922449],[-1.232357,52.922462],[-1.23229,52.922474],[-1.232223,52.922486],[-1.232155,52.922497],[-1.232087,52.922508],[-1.232014,52.922518],[-1.231947,52.922526],[-1.231882,52.922534],[-1.231812,52.922542],[-1.231759,52.922548],[-1.231666,52.922559],[-1.231229,52.92261],[-1.230819,52.922655],[-1.230792,52.922658]],[[-1.234348,52.922],[-1.233884,52.922109],[-1.232536,52.922425],[-1.23249,52.922435],[-1.232424,52.922449]],[[-1.23473,52.921915],[-1.2347,52.921922],[-1.23467,52.92193],[-1.234647,52.921937],[-1.234625,52.921944],[-1.234602,52.921953],[-1.234579,52.921963],[-1.234508,52.921993],[-1.234491,52.922],[-1.234473,52.922007],[-1.234446,52.922016],[-1.234424,52.922023],[-1.234388,52.922033],[-1.234368,52.922038]],[[-1.235789,52.921658],[-1.235677,52.921689],[-1.23557,52.921718],[-1.235447,52.921749],[-1.235308,52.921783],[-1.235167,52.921816],[-1.23473,52.921915],[-1.234348,52.922]],[[-1.235813,52.921694],[-1.235826,52.921689],[-1.236343,52.921547],[-1.236558,52.921486],[-1.236665,52.921456]],[[-1.23666,52.921416],[-1.236531,52.921452],[-1.236314,52.921512],[-1.235796,52.921655],[-1.235789,52.921658]],[[-1.236786,52.921423],[-1.237229,52.921291],[-1.237655,52.921161],[-1.237699,52.921148],[-1.237744,52.921135],[-1.237804,52.921119],[-1.23785,52.921107],[-1.237901,52.921094],[-1.237926,52.921088],[-1.237972,52.921078],[-1.238019,52.921068],[-1.238066,52.921058],[-1.238113,52.921049],[-1.238161,52.92104],[-1.238208,52.921032],[-1.238269,52.921022]],[[-1.236771,52.921384],[-1.237203,52.921259],[-1.2376,52.921138],[-1.237644,52.921124],[-1.237689,52.921111],[-1.237737,52.921098],[-1.237824,52.921075],[-1.237872,52.921063],[-1.237918,52.921052],[-1.237964,52.921041],[-1.237991,52.921035],[-1.23805,52.921023],[-1.238102,52.921013],[-1.238145,52.921005],[-1.238195,52.920996],[-1.238239,52.920988]],[[-1.236665,52.921456],[-1.236687,52.92145],[-1.236726,52.921438],[-1.236786,52.921423]],[[-1.236771,52.921384],[-1.236754,52.92139],[-1.23672,52.921398],[-1.23666,52.921416]],[[-1.238239,52.920988],[-1.238299,52.920979],[-1.23835,52.920972],[-1.238389,52.920967],[-1.238443,52.920961],[-1.23851,52.920953],[-1.238561,52.920949],[-1.238619,52.920943],[-1.238735,52.920933],[-1.23881,52.920928],[-1.238881,52.920922],[-1.239032,52.920912],[-1.239178,52.920902],[-1.239327,52.920891],[-1.239474,52.920882],[-1.23962,52.92087],[-1.239767,52.920858],[-1.239913,52.920842],[-1.240035,52.920829],[-1.240085,52.920822],[-1.240135,52.920816],[-1.240185,52.920809],[-1.240256,52.920799],[-1.240489,52.920762],[-1.240913,52.920689],[-1.241854,52.920525],[-1.242684,52.920378],[-1.243087,52.92031],[-1.243441,52.920249],[-1.243782,52.92019],[-1.24386,52.920177],[-1.243935,52.920166],[-1.244015,52.920153],[-1.24409,52.920142],[-1.244165,52.920131],[-1.244288,52.920115]],[[-1.238269,52.921022],[-1.238319,52.921015],[-1.23837,52.921008],[-1.23842,52.921002],[-1.238466,52.920995],[-1.238513,52.92099],[-1.238567,52.920985],[-1.238626,52.920979],[-1.238744,52.92097],[-1.238817,52.920965],[-1.238891,52.92096],[-1.239038,52.92095],[-1.239186,52.92094],[-1.239334,52.92093],[-1.239482,52.920921],[-1.239629,52.920909],[-1.239777,52.920896],[-1.239923,52.920881],[-1.240046,52.920867],[-1.240098,52.920861],[-1.240148,52.920855],[-1.240202,52.920847],[-1.240271,52.920838],[-1.240506,52.9208],[-1.240931,52.920727],[-1.241876,52.920562],[-1.242704,52.920417],[-1.243104,52.920348],[-1.243459,52.920286],[-1.243791,52.920229],[-1.243869,52.920216],[-1.243955,52.920203],[-1.24403,52.920191],[-1.244108,52.92018],[-1.244182,52.920169],[-1.244306,52.920152]],[[-1.244306,52.920152],[-1.244441,52.920135],[-1.244694,52.920104],[-1.245017,52.920066],[-1.24545,52.920018],[-1.245759,52.919984],[-1.246857,52.919876],[-1.247098,52.919856],[-1.247203,52.919846],[-1.247348,52.919833],[-1.247594,52.919813],[-1.247889,52.91979],[-1.248626,52.919736],[-1.249068,52.919706],[-1.249605,52.919675],[-1.25105,52.919597],[-1.251074,52.919595]],[[-1.246849,52.919838],[-1.245748,52.919946],[-1.24544,52.919979],[-1.245008,52.920027],[-1.244684,52.920066],[-1.244432,52.920097],[-1.244288,52.920115]],[[-1.249601,52.919636],[-1.249067,52.919668],[-1.248618,52.919697],[-1.247881,52.919751],[-1.247585,52.919775],[-1.247342,52.919794],[-1.247189,52.919808],[-1.247088,52.919817],[-1.246849,52.919838]],[[-1.251068,52.919558],[-1.251043,52.919559],[-1.249601,52.919636]],[[-1.252619,52.919474],[-1.252476,52.919482],[-1.251781,52.919519],[-1.251728,52.919522],[-1.251068,52.919558]],[[-1.251074,52.919595],[-1.251736,52.91956],[-1.251785,52.919557],[-1.252459,52.919521],[-1.252623,52.919512]],[[-1.260418,52.918559],[-1.260161,52.91858],[-1.259886,52.918604],[-1.259641,52.918632],[-1.259521,52.918648],[-1.259447,52.918658],[-1.259373,52.918669],[-1.259298,52.91868],[-1.259222,52.918691],[-1.259147,52.918704],[-1.258861,52.918753],[-1.258702,52.918781],[-1.258631,52.918793],[-1.25844,52.918827],[-1.256652,52.919138],[-1.256525,52.91916],[-1.256426,52.919175],[-1.256327,52.91919],[-1.256177,52.919212],[-1.256024,52.919233],[-1.255829,52.919258],[-1.255704,52.919273],[-1.255574,52.919287],[-1.255461,52.9193],[-1.255334,52.919312],[-1.255192,52.919325],[-1.25506,52.919336],[-1.254928,52.919346],[-1.254838,52.919352],[-1.25469,52.919361],[-1.252619,52.919474]],[[-1.252623,52.919512],[-1.254699,52.9194],[-1.254846,52.919391],[-1.254932,52.919386],[-1.255067,52.919375],[-1.2552,52.919365],[-1.255336,52.919352],[-1.255464,52.91934],[-1.25559,52.919327],[-1.255709,52.919314],[-1.255841,52.919298],[-1.256036,52.919273],[-1.256192,52.919251],[-1.256341,52.919229],[-1.256446,52.919213],[-1.256541,52.919197],[-1.256672,52.919175],[-1.258456,52.918864],[-1.258638,52.918832],[-1.258719,52.918818],[-1.258882,52.918789],[-1.259164,52.918741],[-1.259239,52.918729],[-1.259312,52.918717],[-1.259385,52.918707],[-1.259457,52.918697],[-1.259531,52.918687],[-1.259652,52.918671],[-1.259896,52.918643],[-1.260168,52.918619],[-1.260426,52.918598]],[[-1.261073,52.918508],[-1.260644,52.918542],[-1.260418,52.918559]],[[-1.260426,52.918598],[-1.260519,52.91859],[-1.260654,52.91858],[-1.261081,52.918547]],[[-1.261081,52.918547],[-1.261919,52.918482],[-1.262304,52.918453],[-1.262723,52.91842]],[[-1.262716,52.918382],[-1.262295,52.918414],[-1.261912,52.918444],[-1.261073,52.918508]],[[-1.261073,52.918508],[-1.261038,52.918511],[-1.261006,52.918515],[-1.26098,52.918519],[-1.260955,52.918523],[-1.260928,52.918528],[-1.260899,52.918535],[-1.260825,52.918554],[-1.260805,52.918559],[-1.260785,52.918563],[-1.260755,52.918568],[-1.260731,52.918572],[-1.260692,52.918576],[-1.260654,52.91858]],[[-1.260644,52.918542],[-1.260679,52.91854],[-1.260712,52.918538],[-1.260738,52.918538],[-1.260764,52.918538],[-1.260793,52.918538],[-1.260822,52.91854],[-1.260904,52.918548],[-1.260925,52.91855],[-1.260946,52.91855],[-1.260977,52.918551],[-1.261002,52.918551],[-1.261041,52.91855],[-1.261081,52.918547]]]}},{"type":"Feature","geometry":{"type":"LineString","coordinates":[[-1.193541,52.779884],[-1.193476,52.780102]]},"properties":{"@id":"way/1199933567","electrified":"no","embankment":"yes","gauge":"1435","maxspeed":"45 mph","name":"Great Central Railway","operator":"Great Central Railway (Nottingham)","operator:wikidata":"Q5598945","railway":"rail","railway:preserved":"yes","ref":"MCJ3","usage":"main"},"id":"way/1199933567"},{"type":"Feature","geometry":{"type":"LineString","coordinates":[[-1.26932,52.901662],[-1.269599,52.902061]]},"properties":{"@id":"way/1201511954","gauge":"1435","loading_gauge":"W6A, W7, W8, W9, W10, W12","maxspeed":"15 mph","name":"Toton to Clay Cross Line","railway":"rail","ref":"TCC","ref:lor":"LN3207","source":"Bing"},"id":"way/1201511954"},{"type":"Feature","geometry":{"type":"LineString","coordinates":[[-0.984784,52.987629],[-0.984724,52.987653],[-0.984408,52.987857],[-0.984293,52.987935],[-0.984261,52.987971],[-0.98427,52.98801],[-0.984301,52.988039],[-0.984353,52.988065],[-0.984419,52.988068],[-0.98447,52.988061],[-0.984519,52.988036],[-0.984539,52.988007],[-0.984543,52.987885],[-0.984554,52.987828],[-0.984582,52.987789],[-0.984643,52.987756],[-0.984682,52.987749],[-0.98472,52.987747],[-0.984823,52.98779],[-0.984851,52.987814],[-0.984905,52.987855],[-0.984947,52.987872],[-0.98499,52.987879],[-0.985041,52.987876],[-0.985104,52.987861],[-0.985141,52.987838],[-0.985164,52.98781],[-0.985142,52.987756],[-0.985093,52.987699],[-0.985026,52.987662],[-0.984998,52.98765],[-0.984954,52.987633],[-0.984887,52.98762],[-0.984837,52.98762],[-0.984784,52.987629]]},"properties":{"@id":"way/1416984250","electrified":"no","name":"Anchor Express","railway":"rail","usage":"tourism"},"id":"way/1416984250"},{"type":"Feature","geometry":{"type":"Point","coordinates":[-1.195918,52.769065]},"properties":{"@id":"node/20920616","addr:city":"Loughborough","addr:housename":"Loughborough Central Station","addr:postcode":"LE11 1RW","name":"Loughborough Central","naptan:AtcoCode":"940GZZGCLBC","operator":"Great Central Railway","operator:wikidata":"Q5598946","public_transport":"station","railway":"station","tourism":"attraction","train":"yes","usage":"tourism","wheelchair":"limited","wikidata":"Q6686151","wikipedia":"en:Loughborough Central railway station"},"id":"node/20920616"},{"type":"Feature","geometry":{"type":"Point","coordinates":[-0.855405,52.952153]},"properties":{"@id":"node/27410438","name":"Elton and Orston","naptan:AtcoCode":"9100ELTON","network":"National Rail","network:website":"https://www.nationalrail.co.uk/stations/elo/","network:wikidata":"Q26334","operator":"East Midlands Railway","public_transport":"station","railway":"station","ref:crs":"ELO","source":"NPE","train":"yes","wikidata":"Q2585835","wikipedia":"en:Elton and Orston railway station"},"id":"node/27410438"},{"type":"Feature","geometry":{"type":"Point","coordinates":[-1.182237,52.843817]},"properties":{"@id":"node/32671928","name":"Rushcliffe Halt","operator":"Great Central Railway (Nottingham)","operator:wikidata":"Q5598945","public_transport":"station","railway":"station","train":"yes","usage":"tourism","wikidata":"Q7380777","wikipedia":"en:Rushcliffe Halt railway station"},"id":"node/32671928"},{"type":"Feature","geometry":{"type":"Point","coordinates":[-1.221822,53.069977]},"properties":{"@id":"node/49183356","name":"Newstead","naptan:AtcoCode":"9100NWSTEAD","network":"National Rail","network:website":"https://www.nationalrail.co.uk/stations/nsd/","network:wikidata":"Q26334","operator":"East Midlands Railway","public_transport":"station","railway":"station","ref:crs":"NSD","source":"NPE","train":"yes","wikidata":"Q2700960","wikipedia":"en:Newstead railway station"},"id":"node/49183356"},{"type":"Feature","geometry":{"type":"Point","coordinates":[-1.19595,53.038498]},"properties":{"@id":"node/135459446","name":"Hucknall","naptan:AtcoCode":"9100HUCKNAL","network":"National Rail","network:website":"https://www.nationalrail.co.uk/stations/hkn/","network:wikidata":"Q26334","operator":"East Midlands Railway","public_transport":"station","railway":"station","ref:crs":"HKN","source":"knowledge","train":"yes","wheelchair":"yes","wikidata":"Q2393008","wikipedia":"en:Hucknall station"},"id":"node/135459446"},{"type":"Feature","geometry":{"type":"Point","coordinates":[-0.794966,52.944687]},"properties":{"@id":"node/152441568","name":"Bottesford","naptan:AtcoCode":"9100BOTESFD","network":"National Rail","network:website":"https://www.nationalrail.co.uk/stations/btf/","network:wikidata":"Q26334","operator":"East Midlands Railway","public_transport":"station","railway":"station","ref:crs":"BTF","source":"NPE","train":"yes","wikidata":"Q3985747","wikipedia":"en:Bottesford railway station"},"id":"node/152441568"},{"type":"Feature","geometry":{"type":"Point","coordinates":[-1.167009,52.965162]},"properties":{"@id":"node/170401667","local_ref":"NET13","name":"The Forest","naptan:AtcoCode":"3390NET13","naptan:Bearing":"S","naptan:CommonName":"The Forest Tram Stop","naptan:Indicator":"Stop NET13","naptan:Landmark":"Forest Park& Ride Site","naptan:NaptanCode":"ntmamtja","naptan:PlusbusZoneRef":"NTNG","naptan:Street":"Noel Street","naptan:verified":"no","network":"Nottingham Express Transit","operator":"Tramlink Nottingham Ltd.","public_transport":"stop_position","railway":"tram_stop","source":"naptan_import","tram":"yes","wheelchair":"yes","wikidata":"Q21061482"},"id":"node/170401667"},{"type":"Feature","geometry":{"type":"Point","coordinates":[-1.188521,53.028841]},"properties":{"@id":"node/170409675","local_ref":"NET39","name":"Butler's Hill","naptan:AtcoCode":"3300NET39","naptan:Bearing":"SE","naptan:CommonName":"Tram Station","naptan:Indicator":"Stop NET39","naptan:Landmark":"Tram Station","naptan:NaptanCode":"ntsamjpd","naptan:Notes":"None","naptan:Street":"Story Gardens","naptan:verified":"no","network":"Nottingham Express Transit","operator":"Tramlink Nottingham Ltd.","public_transport":"stop_position","railway":"tram_stop","source":"naptan_import","tram":"yes"},"id":"node/170409675"},{"type":"Feature","geometry":{"type":"Point","coordinates":[-1.19592,53.038297]},"properties":{"@id":"node/170409677","local_ref":"NET40","name":"Hucknall","naptan:AtcoCode":"3300NET40","naptan:Bearing":"SE","naptan:CommonName":"Tram Station","naptan:Indicator":"Stop NET40","naptan:Landmark":"Tram Station","naptan:NaptanCode":"ntsamjpg","naptan:Notes":"None","naptan:Street":"Car Park","naptan:verified":"no","network":"Nottingham Express Transit","operator":"Tramlink Nottingham Ltd.","public_transport":"stop_position","railway":"tram_stop","source":"naptan_import","tram":"yes","wheelchair":"yes"},"id":"node/170409677"},{"type":"Feature","geometry":{"type":"Point","coordinates":[-1.173752,52.971548]},"properties":{"@id":"node/175225799","local_ref":"NET16","name":"Shipstone Street","naptan:AtcoCode":"3390NET16","naptan:Bearing":"NW","naptan:CommonName":"Shipstone Street Tram Stop","naptan:Indicator":"Stop NET16","naptan:Landmark":"Shipstone Street","naptan:NaptanCode":"ntmamtjm","naptan:PlusbusZoneRef":"NTNG","naptan:Street":"Shipstone Street","naptan:verified":"no","network":"Nottingham Express Transit","operator":"Tramlink Nottingham Ltd.","public_transport":"stop_position","railway":"tram_stop","source":"naptan_import","tram":"yes","wikidata":"Q24886461"},"id":"node/175225799"},{"type":"Feature","geometry":{"type":"Point","coordinates":[-1.167084,52.96515]},"properties":{"@id":"node/175226410","alternate":"yes","name":"The Forest","public_transport":"stop_position","railway":"tram_stop","tram":"yes"},"id":"node/175226410"},{"type":"Feature","geometry":{"type":"Point","coordinates":[-1.151674,52.955017]},"properties":{"@id":"node/175234575","local_ref":"NET07","name":"Royal Centre","naptan:AtcoCode":"3390NET07","naptan:Bearing":"E","naptan:CommonName":"Royal Centre Tram Stop","naptan:Indicator":"Stop NET07","naptan:Landmark":"Royal Centre","naptan:NaptanCode":"ntmamtgd","naptan:PlusbusZoneRef":"NTNG","naptan:Street":"Wollaton Street","naptan:verified":"no","network":"Nottingham Express Transit","operator":"Tramlink Nottingham Ltd.","public_transport":"stop_position","railway":"tram_stop","source":"naptan_import","tram":"yes","wheelchair":"yes"},"id":"node/175234575"},{"type":"Feature","geometry":{"type":"Point","coordinates":[-1.206646,52.988823]},"properties":{"@id":"node/175461249","alt_name":"Phoenix Park Tram Stop","local_ref":"NET31","name":"Phoenix Park","naptan:AtcoCode":"3390NET31","naptan:Bearing":"E","naptan:CommonName":"Phoenix Park Tram Stop","naptan:Indicator":"Stop NET31","naptan:Landmark":"Phoenix Park","naptan:NaptanCode":"ntmamtma","naptan:PlusbusZoneRef":"NTNG","naptan:Street":"Millennium Way East","naptan:verified":"no","network":"Nottingham Express Transit","operator":"Tramlink Nottingham Ltd.","public_transport":"stop_position","railway":"tram_stop","tram":"yes","wikidata":"Q7186947","wikipedia":"en:Phoenix Park tram stop"},"id":"node/175461249"},{"type":"Feature","geometry":{"type":"Point","coordinates":[-1.190399,52.989546]},"properties":{"@id":"node/175464622","alt_name":"Highbury Vale Branch Tram Stop","local_ref":"NET28","name":"Highbury Vale B","naptan:AtcoCode":"3390NET28","naptan:Bearing":"SW","naptan:CommonName":"Highbury Vale Branch Tram Stop","naptan:Indicator":"Stop NET28","naptan:Landmark":"Highbury Vale Branch Off","naptan:NaptanCode":"ntmadmdm","naptan:PlusbusZoneRef":"NTNG","naptan:Street":"Highbury Vale","naptan:verified":"yes","network":"Nottingham Express Transit","operator":"Tramlink Nottingham Ltd.","public_transport":"stop_position","railway":"tram_stop","source":"naptan_import;GPS","tram":"yes"},"id":"node/175464622"},{"type":"Feature","geometry":{"type":"Point","coordinates":[-1.189492,52.989688]},"properties":{"@id":"node/175464832","alt_name":"Highbury Vale Mainline Tram Stop","local_ref":"NET26","name":"Highbury Vale A","naptan:AtcoCode":"3390NET26","naptan:Bearing":"SE","naptan:CommonName":"Highbury Vale Mainline Tram Stop","naptan:Indicator":"Stop NET26","naptan:Landmark":"Highbury Vale","naptan:NaptanCode":"ntmadmdg","naptan:PlusbusZoneRef":"NTNG","naptan:Street":"Highbury Vale","naptan:verified":"yes","network":"Nottingham Express Transit","operator":"Tramlink Nottingham Ltd.","public_transport":"stop_position","railway":"tram_stop","source":"naptan_import;GPS","tram":"yes"},"id":"node/175464832"},{"type":"Feature","geometry":{"type":"Point","coordinates":[-1.161488,52.96239]},"properties":{"@id":"node/181310675","name":"High School","network":"Nottingham Express Transit","operator":"Tramlink Nottingham Ltd.","public_transport":"stop_position","railway":"tram_stop","tram":"yes","wikidata":"Q19462304"},"id":"node/181310675"},{"type":"Feature","geometry":{"type":"Point","coordinates":[-1.173928,52.969746]},"properties":{"@id":"node/190408328","local_ref":"NET18","name":"Radford Road","naptan:AtcoCode":"3390NET18","naptan:Bearing":"W","naptan:CommonName":"Radford Road Tram Stop","naptan:Indicator":"Stop NET18","naptan:Landmark":"Belton Street","naptan:NaptanCode":"ntmamtjt","naptan:PlusbusZoneRef":"NTNG","naptan:Street":"Radford Road","naptan:verified":"no","network":"Nottingham Express Transit","operator":"Tramlink Nottingham Ltd.","public_transport":"stop_position","railway":"tram_stop","source":"naptan_import","tram":"yes","wheelchair":"yes","wikidata":"Q24884818"},"id":"node/190408328"},{"type":"Feature","geometry":{"type":"Point","coordinates":[-1.485839,53.089531]},"properties":{"@id":"node/248126658","name":"Crich Town End","public_transport":"stop_position","railway":"tram_stop","tram":"yes","usage":"tourism"},"id":"node/248126658"},{"type":"Feature","geometry":{"type":"Point","coordinates":[-1.487368,53.092442]},"properties":{"@id":"node/248126660","name":"Victoria Park","old_name":"Bandstand - Car Park","public_transport":"stop_position","railway":"tram_stop","tram":"yes","usage":"tourism"},"id":"node/248126660"},{"type":"Feature","geometry":{"type":"Point","coordinates":[-1.195625,52.999034]},"properties":{"@id":"node/252774559","local_ref":"NET33","name":"Bulwell","naptan:AtcoCode":"3390NET33","naptan:Bearing":"SW","naptan:CommonName":"Bulwell Tram Stop","naptan:Indicator":"Stop NET33","naptan:Landmark":"Bulwell Station","naptan:NaptanCode":"ntmamtmg","naptan:PlusbusZoneRef":"NTNG","naptan:Street":"Station Road","naptan:verified":"no","network":"Nottingham Express Transit","operator":"Tramlink Nottingham Ltd.","public_transport":"stop_position","railway":"tram_stop","source":"naptan_import;memory","tram":"yes"},"id":"node/252774559"},{"type":"Feature","geometry":{"type":"Point","coordinates":[-1.472291,52.897602]},"properties":{"@id":"node/252838671","name":"Peartree","naptan:AtcoCode":"9100PEARTRE","network":"National Rail","network:website":"https://www.nationalrail.co.uk/stations/pea/","network:wikidata":"Q26334","note":"Only a few services call here, I would not consider it a railway=halt since it has proper platforms and it isn't a request stop","operator":"East Midlands Railway","public_transport":"station","railway":"station","ref:crs":"PEA","source":"NPE","start_date":"1839","train":"yes","wikidata":"Q7158389","wikipedia":"en:Peartree railway station"},"id":"node/252838671"},{"type":"Feature","geometry":{"type":"Point","coordinates":[-1.171022,52.966405]},"properties":{"@id":"node/280981512","local_ref":"NET17","name":"Hyson Green Market","naptan:AtcoCode":"3390NET17","naptan:Bearing":"W","naptan:CommonName":"Hyson Green Market Tram Stop","naptan:Indicator":"Stop NET17","naptan:Landmark":"St Paul's Avenue","naptan:NaptanCode":"ntmamtjp","naptan:PlusbusZoneRef":"NTNG","naptan:Street":"Radford Road","naptan:verified":"no","network":"Nottingham Express Transit","operator":"Tramlink Nottingham Ltd.","public_transport":"stop_position","railway":"tram_stop","source":"naptan_import","tram":"yes","wheelchair":"yes","wikidata":"Q24993380"},"id":"node/280981512"},{"type":"Feature","geometry":{"type":"Point","coordinates":[-1.168661,52.967304]},"properties":{"@id":"node/280981745","local_ref":"NET14","name":"Noel Street","naptan:AtcoCode":"3390NET14","naptan:Bearing":"S","naptan:CommonName":"Noel Street Tram Stop","naptan:Indicator":"Stop NET14","naptan:Landmark":"Noel Street","naptan:NaptanCode":"ntmamtjd","naptan:PlusbusZoneRef":"NTNG","naptan:Street":"Noel Street","naptan:verified":"no","network":"Nottingham Express Transit","operator":"Tramlink Nottingham Ltd.","public_transport":"stop_position","railway":"tram_stop","source":"naptan_import","tram":"yes","wikidata":"Q24884890"},"id":"node/280981745"},{"type":"Feature","geometry":{"type":"Point","coordinates":[-1.147944,52.884573]},"properties":{"@id":"node/324257221","name":"Ruddington Fields","operator":"Great Central Railway (Nottingham)","operator:wikidata":"Q5598945","public_transport":"station","railway":"station","train":"yes","usage":"tourism"},"id":"node/324257221"},{"type":"Feature","geometry":{"type":"Point","coordinates":[-1.144955,52.947304]},"properties":{"@id":"node/324650068","addr:city":"Nottingham","addr:postcode":"NG2 3AQ","addr:street":"Carrington Street","alt_name":"Nottingham Midland","fhrs:id":"218710","name":"Nottingham","naptan:AtcoCode":"9100NTNG","network":"National Rail","network:website":"https://www.nationalrail.co.uk/stations/not/","network:wikidata":"Q26334","operator":"East Midlands Railway","public_transport":"station","railway":"station","ref:crs":"NOT","source":"Local Knowledge","source:addr":"NCC Open Data planning","train":"yes","wheelchair":"yes","wikidata":"Q1988621","wikipedia":"en:Nottingham station"},"id":"node/324650068"},{"type":"Feature","geometry":{"type":"Point","coordinates":[-1.155082,52.957916]},"properties":{"@id":"node/371578126","local_ref":"NET08","name":"Nottingham Trent University","naptan:AtcoCode":"3390NET08","naptan:Bearing":"SE","naptan:CommonName":"Nottm Trent University Tram Stop","naptan:Indicator":"Stop NET08","naptan:Landmark":"Nottingham Trent University","naptan:NaptanCode":"ntmamtgj","naptan:PlusbusZoneRef":"NTNG","naptan:Street":"Goldsmith Street","network":"Nottingham Express Transit","operator":"Tramlink Nottingham Ltd.","public_transport":"stop_position","railway":"tram_stop","source":"naptan_import","tram":"yes"},"id":"node/371578126"},{"type":"Feature","geometry":{"type":"Point","coordinates":[-1.190319,53.005788]},"properties":{"@id":"node/454568433","local_ref":"NET35","name":"Bulwell Forest","naptan:AtcoCode":"3390NET35","naptan:Bearing":"NW","naptan:CommonName":"Bulwell Forest Tram Stop","naptan:Indicator":"Stop NET35","naptan:Landmark":"Bestwood Road","naptan:NaptanCode":"ntmamtmp","naptan:PlusbusZoneRef":"NTNG","naptan:Street":"Bestwood Road","naptan:verified":"yes","network":"Nottingham Express Transit","operator":"Tramlink Nottingham Ltd.","public_transport":"stop_position","railway":"tram_stop","tram":"yes","wikidata":"Q20827646","wikipedia":"en:Bulwell Forest tram stop"},"id":"node/454568433"},{"type":"Feature","geometry":{"type":"Point","coordinates":[-1.186989,53.014544]},"properties":{"@id":"node/454568434","name":"Moor Bridge","network":"Nottingham Express Transit","operator":"Tramlink Nottingham Ltd.","public_transport":"stop_position","railway":"tram_stop","source":"survey","tram":"yes","wikidata":"Q20827641","wikipedia":"en:Moor Bridge tram stop"},"id":"node/454568434"},{"type":"Feature","geometry":{"type":"Point","coordinates":[-1.151977,52.955172]},"properties":{"@id":"node/502377119","local_ref":"NET06","name":"Royal Centre","naptan:AtcoCode":"3390NET06","naptan:Bearing":"N","naptan:CommonName":"Royal Centre Tram Stop","naptan:Indicator":"Stop NET06","naptan:Landmark":"Royal Centre","naptan:NaptanCode":"ntmajwma","naptan:PlusbusZoneRef":"NTNG","naptan:Street":"Wollaton Street","naptan:verified":"no","network":"Nottingham Express Transit","operator":"Tramlink Nottingham Ltd.","public_transport":"stop_position","railway":"tram_stop","source":"naptan_import","tram":"yes","wheelchair":"yes"},"id":"node/502377119"},{"type":"Feature","geometry":{"type":"Point","coordinates":[-1.154708,52.957786]},"properties":{"@id":"node/502377133","local_ref":"NET09","name":"Nottingham Trent University","naptan:AtcoCode":"3390NET09","naptan:Bearing":"NW","naptan:CommonName":"Nottm Trent University Tram Stop","naptan:Indicator":"Stop NET09","naptan:Landmark":"Nottingham Trent University","naptan:NaptanCode":"ntmamtgm","naptan:PlusbusZoneRef":"NTNG","naptan:Street":"Goldsmith Street","network":"Nottingham Express Transit","operator":"Tramlink Nottingham Ltd.","public_transport":"stop_position","railway":"tram_stop","source":"naptan_import","tram":"yes"},"id":"node/502377133"},{"type":"Feature","geometry":{"type":"Point","coordinates":[-1.161548,52.962294]},"properties":{"@id":"node/502377141","bin":"yes","local_ref":"NET10","name":"High School","naptan:AtcoCode":"3390NET10","naptan:Bearing":"SE","naptan:CommonName":"High School Tram Stop","naptan:Indicator":"Stop NET10","naptan:Landmark":"High School","naptan:NaptanCode":"ntmamtgp","naptan:PlusbusZoneRef":"NTNG","naptan:Street":"Waverley Street","naptan:verified":"no","passenger_information_display":"yes","public_transport":"platform","railway":"tram_stop","shelter":"yes","source":"naptan_import"},"id":"node/502377141"},{"type":"Feature","geometry":{"type":"Point","coordinates":[-1.16151,52.962453]},"properties":{"@id":"node/502377151","bin":"yes","local_ref":"NET11","name":"High School","naptan:AtcoCode":"3390NET11","naptan:Bearing":"NW","naptan:CommonName":"High School Tram Stop","naptan:Indicator":"Stop NET11","naptan:Landmark":"High School","naptan:NaptanCode":"ntmamtgt","naptan:PlusbusZoneRef":"NTNG","naptan:Street":"Waverley Street","naptan:verified":"no","passenger_information_display":"yes","public_transport":"platform","railway":"tram_stop","shelter":"yes","source":"naptan_import"},"id":"node/502377151"},{"type":"Feature","geometry":{"type":"Point","coordinates":[-1.167341,52.965415]},"properties":{"@id":"node/502377161","local_ref":"NET12","name":"The Forest","naptan:AtcoCode":"3390NET12","naptan:Bearing":"N","naptan:CommonName":"The Forest Tram Stop","naptan:Indicator":"Stop NET12","naptan:Landmark":"Forest Park& Ride Site","naptan:NaptanCode":"ntmamtgw","naptan:PlusbusZoneRef":"NTNG","naptan:Street":"Noel Street","naptan:verified":"no","public_transport":"stop_position","railway":"tram_stop","source":"naptan_import","tram":"yes","wheelchair":"yes"},"id":"node/502377161"},{"type":"Feature","geometry":{"type":"Point","coordinates":[-1.170404,52.970162]},"properties":{"@id":"node/502377179","local_ref":"NET15","name":"Beaconsfield Street","naptan:AtcoCode":"3390NET15","naptan:Bearing":"N","naptan:CommonName":"Beaconsfield Street Tram Stop","naptan:Indicator":"Stop NET15","naptan:Landmark":"Beaconsfield Street","naptan:NaptanCode":"ntmamtjg","naptan:PlusbusZoneRef":"NTNG","naptan:Street":"Noel Street","naptan:verified":"no","network":"Nottingham Express Transit","operator":"Tramlink Nottingham Ltd.","public_transport":"stop_position","railway":"tram_stop","source":"naptan_import","tram":"yes","wikidata":"Q24886431"},"id":"node/502377179"},{"type":"Feature","geometry":{"type":"Point","coordinates":[-1.178218,52.972026]},"properties":{"@id":"node/502377212","local_ref":"NET20","name":"Wilkinson Street","naptan:AtcoCode":"3390NET20","naptan:Bearing":"E","naptan:CommonName":"Wilkinson Street Tram Stop","naptan:Indicator":"Stop NET20","naptan:Landmark":"Wilkinson Street","naptan:NaptanCode":"ntmadmaj","naptan:PlusbusZoneRef":"NTNG","naptan:Street":"Wilkinson Street","naptan:verified":"no","public_transport":"stop_position","railway":"tram_stop","source":"naptan_import","tram":"yes"},"id":"node/502377212"},{"type":"Feature","geometry":{"type":"Point","coordinates":[-1.178409,52.981657]},"properties":{"@id":"node/502377217","local_ref":"NET21","name":"Basford","naptan:AtcoCode":"3390NET21","naptan:Bearing":"NW","naptan:CommonName":"Basford Tram Stop","naptan:Indicator":"Stop NET21","naptan:Landmark":"Vernon Road","naptan:NaptanCode":"ntmadmam","naptan:PlusbusZoneRef":"NTNG","naptan:Street":"Vernon Road","naptan:verified":"yes","network":"Nottingham Express Transit","operator":"Tramlink Nottingham Ltd.","public_transport":"stop_position","railway":"tram_stop","source":"naptan_import","tram":"yes"},"id":"node/502377217"},{"type":"Feature","geometry":{"type":"Point","coordinates":[-1.17836,52.981673]},"properties":{"@id":"node/502377225","local_ref":"NET22","name":"Basford","naptan:AtcoCode":"3390NET22","naptan:Bearing":"SE","naptan:CommonName":"Basford Tram Stop","naptan:Indicator":"Stop NET22","naptan:Landmark":"Vernon Road","naptan:NaptanCode":"ntmadmap","naptan:PlusbusZoneRef":"NTNG","naptan:Street":"Vernon Road","naptan:verified":"yes","network":"Nottingham Express Transit","operator":"Tramlink Nottingham Ltd.","public_transport":"stop_position","railway":"tram_stop","source":"naptan_import","tram":"yes"},"id":"node/502377225"},{"type":"Feature","geometry":{"type":"Point","coordinates":[-1.182229,52.985032]},"properties":{"@id":"node/502377232","local_ref":"NET23","name":"David Lane","naptan:AtcoCode":"3390NET23","naptan:Bearing":"NW","naptan:CommonName":"David Lane Tram Stop","naptan:Indicator":"Stop NET23","naptan:Landmark":"David Lane","naptan:NaptanCode":"ntmadmat","naptan:PlusbusZoneRef":"NTNG","naptan:Street":"Vernon Road","naptan:verified":"yes","network":"Nottingham Express Transit","operator":"Tramlink Nottingham Ltd.","public_transport":"stop_position","railway":"tram_stop","tram":"yes"},"id":"node/502377232"},{"type":"Feature","geometry":{"type":"Point","coordinates":[-1.190986,52.989444]},"properties":{"@id":"node/502377310","local_ref":"NET27","name":"Highbury Vale B","naptan:AtcoCode":"3390NET27","naptan:Bearing":"NW","naptan:CommonName":"Highbury Vale Branch Tram Stop","naptan:Indicator":"Stop NET27","naptan:Landmark":"Highbury Vale Branch Off","naptan:NaptanCode":"ntmadmdj","naptan:PlusbusZoneRef":"NTNG","naptan:Street":"Highbury Vale","naptan:verified":"yes","network":"Nottingham Express Transit","operator":"Tramlink Nottingham Ltd.","public_transport":"stop_position","railway":"tram_stop","source":"naptan_import","tram":"yes"},"id":"node/502377310"},{"type":"Feature","geometry":{"type":"Point","coordinates":[-1.200228,52.988988]},"properties":{"@id":"node/502377324","local_ref":"NET29","name":"Cinderhill","naptan:AtcoCode":"3390NET29","naptan:Bearing":"E","naptan:CommonName":"Cinderhill Tram Stop","naptan:Indicator":"Stop NET29","naptan:Landmark":"Cinderhill","naptan:NaptanCode":"ntmadmdp","naptan:PlusbusZoneRef":"NTNG","naptan:Street":"Cinderhill Road","naptan:verified":"no","network":"Nottingham Express Transit","operator":"Tramlink Nottingham Ltd.","public_transport":"stop_position","railway":"tram_stop","source":"naptan_import","tram":"yes"},"id":"node/502377324"},{"type":"Feature","geometry":{"type":"Point","coordinates":[-1.20071,52.988961]},"properties":{"@id":"node/502377330","local_ref":"NET30","name":"Cinderhill","naptan:AtcoCode":"3390NET30","naptan:Bearing":"NW","naptan:CommonName":"Cinderhill Tram Stop","naptan:Indicator":"Stop NET30","naptan:Landmark":"Cinderhill","naptan:NaptanCode":"ntmamtjw","naptan:PlusbusZoneRef":"NTNG","naptan:Street":"Cinderhill Road","naptan:verified":"no","network":"Nottingham Express Transit","operator":"Tramlink Nottingham Ltd.","public_transport":"stop_position","railway":"tram_stop","source":"naptan_import","tram":"yes"},"id":"node/502377330"},{"type":"Feature","geometry":{"type":"Point","coordinates":[-1.190237,53.006054]},"properties":{"@id":"node/502377358","local_ref":"NET34","name":"Bulwell Forest","naptan:AtcoCode":"3390NET34","naptan:Bearing":"S","naptan:CommonName":"Bulwell Forest Tram Stop","naptan:Indicator":"Stop NET34","naptan:Landmark":"Bestwood Road","naptan:NaptanCode":"ntmamtmj","naptan:PlusbusZoneRef":"NTNG","naptan:Street":"Bestwood Road","naptan:verified":"yes","network":"Nottingham Express Transit","operator":"Tramlink Nottingham Ltd.","public_transport":"stop_position","railway":"tram_stop","tram":"yes","wikidata":"Q20827646","wikipedia":"en:Bulwell Forest tram stop"},"id":"node/502377358"},{"type":"Feature","geometry":{"type":"Point","coordinates":[-1.18187,52.984782]},"properties":{"@id":"node/506692564","local_ref":"NET24","name":"David Lane","naptan:AtcoCode":"3390NET24","naptan:Bearing":"SE","naptan:CommonName":"David Lane Tram Stop","naptan:Indicator":"Stop NET24","naptan:Landmark":"David Lane","naptan:NaptanCode":"ntmadmaw","naptan:PlusbusZoneRef":"NTNG","naptan:Street":"Vernon Road","naptan:verified":"yes","network":"Nottingham Express Transit","operator":"Tramlink Nottingham Ltd.","public_transport":"stop_position","railway":"tram_stop","tram":"yes"},"id":"node/506692564"},{"type":"Feature","geometry":{"type":"Point","coordinates":[-1.20051,52.988973]},"properties":{"@id":"node/506692695","name":"Cinderhill","network":"Nottingham Express Transit","operator":"Tramlink Nottingham Ltd.","public_transport":"stop_position","railway":"tram_stop","tram":"yes"},"id":"node/506692695"},{"type":"Feature","geometry":{"type":"Point","coordinates":[-1.19017,52.989681]},"properties":{"@id":"node/595803868","name":"Highbury Vale","public_transport":"station","tram":"yes","wikidata":"Q16994029","wikipedia":"en:Highbury Vale tram stop"},"id":"node/595803868"},{"type":"Feature","geometry":{"type":"Point","coordinates":[-1.195617,52.999403]},"properties":{"@id":"node/595804069","local_ref":"NET32","name":"Bulwell","naptan:AtcoCode":"3390NET32","naptan:Bearing":"S","naptan:CommonName":"Bulwell Tram Stop","naptan:Indicator":"Stop NET32","naptan:Landmark":"Bulwell Station","naptan:NaptanCode":"ntmamtmd","naptan:PlusbusZoneRef":"NTNG","naptan:Street":"Station Road","naptan:verified":"no","network":"Nottingham Express Transit","operator":"Tramlink Nottingham Ltd.","public_transport":"stop_position","railway":"tram_stop","source":"naptan_import","tram":"yes"},"id":"node/595804069"},{"type":"Feature","geometry":{"type":"Point","coordinates":[-0.799844,52.756564]},"properties":{"@id":"node/889286774","name":"Central Station","railway":"station","source":"Bing","usage":"tourism"},"id":"node/889286774"},{"type":"Feature","geometry":{"type":"Point","coordinates":[-1.485783,53.089539]},"properties":{"@id":"node/1257414226","name":"Crich Town End","public_transport":"stop_position","railway":"tram_stop","tram":"yes","usage":"tourism"},"id":"node/1257414226"},{"type":"Feature","geometry":{"type":"Point","coordinates":[-1.487318,53.092453]},"properties":{"@id":"node/1257414289","name":"Victoria Park","old_name":"Bandstand - Car Park","public_transport":"stop_position","railway":"tram_stop","tram":"yes","usage":"tourism"},"id":"node/1257414289"},{"type":"Feature","geometry":{"type":"Point","coordinates":[-1.189969,52.989882]},"properties":{"@id":"node/1486127912","local_ref":"NET25","name":"Highbury Vale A","naptan:AtcoCode":"3390NET25","naptan:Bearing":"N","naptan:CommonName":"Highbury Vale Mainline Tram Stop","naptan:Indicator":"Stop NET25","naptan:Landmark":"Highbury Vale","naptan:NaptanCode":"ntmadmda","naptan:PlusbusZoneRef":"NTNG","naptan:Street":"Highbury Vale","naptan:verified":"yes","network":"Nottingham Express Transit","operator":"Tramlink Nottingham Ltd.","public_transport":"stop_position","railway":"tram_stop","source":"naptan_import","tram":"yes"},"id":"node/1486127912"},{"type":"Feature","geometry":{"type":"Point","coordinates":[-1.150212,52.953027]},"properties":{"@id":"node/1490375667","local_ref":"NET04","name":"Old Market Square","naptan:AtcoCode":"3390NET04","naptan:Bearing":"SW","naptan:CommonName":"Old Market Square Tram Stop","naptan:Indicator":"Stop NET04","naptan:Landmark":"Old Market Square","naptan:NaptanCode":"ntmajwjt","naptan:PlusbusZoneRef":"NTNG","naptan:Street":"South Parade","naptan:verified":"yes","network":"Nottingham Express Transit","operator":"Tramlink Nottingham Ltd.","public_transport":"stop_position","railway":"tram_stop","source:naptan":"naptan_import","tram":"yes","wheelchair":"yes"},"id":"node/1490375667"},{"type":"Feature","geometry":{"type":"Point","coordinates":[-1.287282,52.88497]},"properties":{"@id":"node/1587569090","name":"Long Eaton","naptan:AtcoCode":"9100LNGEATN","network":"National Rail","network:website":"https://www.nationalrail.co.uk/stations/lge/","network:wikidata":"Q26334","operator":"East Midlands Railway","public_transport":"station","railway":"station","ref:crs":"LGE","train":"yes","wheelchair":"limited","wheelchair:description":"Both platforms have a lift available. Sloped access is steep.","wikidata":"Q2357399","wikipedia":"en:Long Eaton railway station"},"id":"node/1587569090"},{"type":"Feature","geometry":{"type":"Point","coordinates":[-1.206643,52.988891]},"properties":{"@id":"node/1602700480","local_ref":"NET31","name":"Phoenix Park","naptan:AtcoCode":"3390NET31","naptan:Bearing":"E","naptan:CommonName":"Phoenix Park Tram Stop","naptan:Indicator":"Stop NET31","naptan:Landmark":"Phoenix Park","naptan:NaptanCode":"ntmamtma","naptan:PlusbusZoneRef":"NTNG","naptan:Street":"Millennium Way East","naptan:verified":"no","network":"Nottingham Express Transit","operator":"Tramlink Nottingham Ltd.","public_transport":"stop_position","railway":"tram_stop","tram":"yes","wikidata":"Q7186947","wikipedia":"en:Phoenix Park tram stop"},"id":"node/1602700480"},{"type":"Feature","geometry":{"type":"Point","coordinates":[-1.145572,52.952756]},"properties":{"@id":"node/1602748966","name":"Lace Market","network":"Nottingham Express Transit","operator":"Tramlink Nottingham Ltd.","public_transport":"stop_position","railway":"tram_stop","tram":"yes","wheelchair":"yes"},"id":"node/1602748966"},{"type":"Feature","geometry":{"type":"Point","coordinates":[-1.145443,52.952986]},"properties":{"@id":"node/1602748967","name":"Lace Market","network":"Nottingham Express Transit","operator":"Tramlink Nottingham Ltd.","public_transport":"stop_position","railway":"tram_stop","tram":"yes","wheelchair":"yes"},"id":"node/1602748967"},{"type":"Feature","geometry":{"type":"Point","coordinates":[-1.167234,52.965427]},"properties":{"@id":"node/1602943261","alternate":"yes","name":"The Forest","public_transport":"stop_position","railway":"tram_stop","tram":"yes"},"id":"node/1602943261"},{"type":"Feature","geometry":{"type":"Point","coordinates":[-1.480865,53.060419]},"properties":{"@id":"node/2126330319","addr:city":"Belper","addr:postcode":"DE56 2EN","addr:street":"Midland Terrace","name":"Ambergate","naptan:AtcoCode":"9100AMBERGT","network":"National Rail","network:website":"https://www.nationalrail.co.uk/stations/amb/","network:wikidata":"Q26334","operator":"East Midlands Railway","public_transport":"station","railway":"station","ref:crs":"AMB","wikidata":"Q2100978","wikipedia":"en:Ambergate railway station"},"id":"node/2126330319"},{"type":"Feature","geometry":{"type":"Point","coordinates":[-1.410817,52.912095]},"properties":{"@id":"node/2132540013","name":"Spondon","naptan:AtcoCode":"9100SPDN","network":"National Rail","network:website":"https://www.nationalrail.co.uk/stations/spo/","network:wikidata":"Q26334","operator":"East Midlands Railway","public_transport":"station","railway":"station","ref:crs":"SPO","source":"NPE","train":"yes","wikidata":"Q7578950","wikipedia":"en:Spondon railway station"},"id":"node/2132540013"},{"type":"Feature","geometry":{"type":"Point","coordinates":[-1.262883,52.862275]},"properties":{"@id":"node/2136826434","addr:city":"Nottingham","addr:country":"GB","addr:postcode":"NG11 0EE","addr:suburb":"Ratcliffe on Soar","name":"East Midlands Parkway","naptan:AtcoCode":"9100EMPKWAY","network":"National Rail","network:website":"https://www.nationalrail.co.uk/stations/emd/","network:wikidata":"Q26334","operator":"East Midlands Railway","public_transport":"station","railway":"station","ref:crs":"EMD","train":"yes","wikidata":"Q5328988","wikipedia":"en:East Midlands Parkway railway station"},"id":"node/2136826434"},{"type":"Feature","geometry":{"type":"Point","coordinates":[-1.193173,52.896371]},"properties":{"@id":"node/2164406945","name":"Clifton South","network":"Nottingham Express Transit","operator":"Tramlink Nottingham Ltd.","public_transport":"stop_position","railway":"tram_stop","source":"Nottingham City Council Open Data","tram":"yes"},"id":"node/2164406945"},{"type":"Feature","geometry":{"type":"Point","coordinates":[-1.158342,52.91475]},"properties":{"@id":"node/2164439520","name":"Ruddington Lane","network":"Nottingham Express Transit","operator":"Tramlink Nottingham Ltd.","public_transport":"stop_position","railway":"tram_stop","source":"Nottingham City Council Open Data","tram":"yes"},"id":"node/2164439520"},{"type":"Feature","geometry":{"type":"Point","coordinates":[-1.156158,52.92608]},"properties":{"@id":"node/2164439911","name":"Wilford Lane","network":"Nottingham Express Transit","operator":"Tramlink Nottingham Ltd.","public_transport":"stop_position","railway":"tram_stop","source":"Nottingham City Council Open Data","tram":"yes"},"id":"node/2164439911"},{"type":"Feature","geometry":{"type":"Point","coordinates":[-1.156153,52.925782]},"properties":{"@id":"node/2164443818","name":"Wilford Lane","network":"Nottingham Express Transit","operator":"Tramlink Nottingham Ltd.","public_transport":"stop_position","railway":"tram_stop","source":"Nottingham City Council Open Data","tram":"yes"},"id":"node/2164443818"},{"type":"Feature","geometry":{"type":"Point","coordinates":[-1.155591,52.935883]},"properties":{"@id":"node/2164449286","name":"Wilford Village","network":"Nottingham Express Transit","operator":"Tramlink Nottingham Ltd.","public_transport":"stop_position","railway":"tram_stop","source":"Nottingham City Council Open Data","tram":"yes"},"id":"node/2164449286"},{"type":"Feature","geometry":{"type":"Point","coordinates":[-1.181353,52.896972]},"properties":{"@id":"node/2164516206","name":"Holy Trinity","network":"Nottingham Express Transit","operator":"Tramlink Nottingham Ltd.","public_transport":"stop_position","railway":"tram_stop","source":"Nottingham City Council Open Data","tram":"yes"},"id":"node/2164516206"},{"type":"Feature","geometry":{"type":"Point","coordinates":[-1.181086,52.897135]},"properties":{"@id":"node/2164516207","name":"Holy Trinity","network":"Nottingham Express Transit","operator":"Tramlink Nottingham Ltd.","public_transport":"stop_position","railway":"tram_stop","source":"Nottingham City Council Open Data","tram":"yes"},"id":"node/2164516207"},{"type":"Feature","geometry":{"type":"Point","coordinates":[-1.176932,52.903847]},"properties":{"@id":"node/2164516208","name":"Clifton Centre","network":"Nottingham Express Transit","operator":"Tramlink Nottingham Ltd.","public_transport":"stop_position","railway":"tram_stop","source":"Nottingham City Council Open Data","tram":"yes"},"id":"node/2164516208"},{"type":"Feature","geometry":{"type":"Point","coordinates":[-1.176979,52.903606]},"properties":{"@id":"node/2164516209","name":"Clifton Centre","network":"Nottingham Express Transit","operator":"Tramlink Nottingham Ltd.","public_transport":"stop_position","railway":"tram_stop","source":"Nottingham City Council Open Data","tram":"yes"},"id":"node/2164516209"},{"type":"Feature","geometry":{"type":"Point","coordinates":[-1.174685,52.907056]},"properties":{"@id":"node/2164516211","name":"Rivergreen","network":"Nottingham Express Transit","operator":"Tramlink Nottingham Ltd.","public_transport":"stop_position","railway":"tram_stop","source":"Nottingham City Council Open Data","tram":"yes"},"id":"node/2164516211"},{"type":"Feature","geometry":{"type":"Point","coordinates":[-1.170513,52.91068]},"properties":{"@id":"node/2164516212","name":"Southchurch Drive North","network":"Nottingham Express Transit","operator":"Tramlink Nottingham Ltd.","public_transport":"stop_position","railway":"tram_stop","source":"Nottingham City Council Open Data","tram":"yes"},"id":"node/2164516212"},{"type":"Feature","geometry":{"type":"Point","coordinates":[-1.170405,52.910783]},"properties":{"@id":"node/2164516312","name":"Southchurch Drive North","network":"Nottingham Express Transit","operator":"Tramlink Nottingham Ltd.","public_transport":"stop_position","railway":"tram_stop","source":"Nottingham City Council Open Data","tram":"yes"},"id":"node/2164516312"},{"type":"Feature","geometry":{"type":"Point","coordinates":[-1.145636,52.946773]},"properties":{"@id":"node/2171051954","layer":"3","name":"Nottingham Station","network":"Nottingham Express Transit","operator":"Tramlink Nottingham Ltd.","public_transport":"stop_position","railway":"tram_stop","source":"Nottingham City Council Open Data","start_date":"2015-07-27","tram":"yes"},"id":"node/2171051954"},{"type":"Feature","geometry":{"type":"Point","coordinates":[-1.14566,52.947005]},"properties":{"@id":"node/2171051957","layer":"3","name":"Nottingham Station","network":"Nottingham Express Transit","operator":"Tramlink Nottingham Ltd.","public_transport":"stop_position","railway":"tram_stop","source":"Nottingham City Council Open Data","start_date":"2015-07-27","tram":"yes"},"id":"node/2171051957"},{"type":"Feature","geometry":{"type":"Point","coordinates":[-1.176894,52.943927]},"properties":{"@id":"node/2171228402","name":"Gregory Street","network":"Nottingham Express Transit","operator":"Tramlink Nottingham Ltd.","public_transport":"stop_position","railway":"tram_stop","source":"Nottingham City Council Open Data","tram":"yes"},"id":"node/2171228402"},{"type":"Feature","geometry":{"type":"Point","coordinates":[-1.183513,52.942707]},"properties":{"@id":"node/2171228667","name":"Queens Medical Centre","network":"Nottingham Express Transit","operator":"Tramlink Nottingham Ltd.","public_transport":"stop_position","railway":"tram_stop","source":"Nottingham City Council Open Data","tram":"yes"},"id":"node/2171228667"},{"type":"Feature","geometry":{"type":"Point","coordinates":[-1.183841,52.942421]},"properties":{"@id":"node/2171229016","name":"Queens Medical Centre","network":"Nottingham Express Transit","operator":"Tramlink Nottingham Ltd.","public_transport":"stop_position","railway":"tram_stop","source":"Nottingham City Council Open Data","tram":"yes"},"id":"node/2171229016"},{"type":"Feature","geometry":{"type":"Point","coordinates":[-1.220378,52.922641]},"properties":{"@id":"node/2172093925","name":"Chilwell Road","naptan:NaptanCode":"ntsjmatj","network":"Nottingham Express Transit","operator":"Tramlink Nottingham Ltd.","public_transport":"stop_position","railway":"tram_stop","source":"Nottingham City Council Open Data","tram":"yes"},"id":"node/2172093925"},{"type":"Feature","geometry":{"type":"Point","coordinates":[-1.262295,52.918414]},"properties":{"@id":"node/2172125160","name":"Toton Lane","network":"Nottingham Express Transit","operator":"Tramlink Nottingham Ltd.","public_transport":"stop_position","railway":"tram_stop","source":"Nottingham City Council Open Data","tram":"yes","wheelchair":"yes"},"id":"node/2172125160"},{"type":"Feature","geometry":{"type":"Point","coordinates":[-1.262304,52.918453]},"properties":{"@id":"node/2172125162","name":"Toton Lane","network":"Nottingham Express Transit","operator":"Tramlink Nottingham Ltd.","public_transport":"stop_position","railway":"tram_stop","source":"Nottingham City Council Open Data","tram":"yes","wheelchair":"yes"},"id":"node/2172125162"},{"type":"Feature","geometry":{"type":"Point","coordinates":[-1.251728,52.919522]},"properties":{"@id":"node/2172125163","name":"Inham Road","network":"Nottingham Express Transit","operator":"Tramlink Nottingham Ltd.","public_transport":"stop_position","railway":"tram_stop","source":"Nottingham City Council Open Data","tram":"yes"},"id":"node/2172125163"},{"type":"Feature","geometry":{"type":"Point","coordinates":[-1.251736,52.91956]},"properties":{"@id":"node/2172125164","name":"Inham Road","network":"Nottingham Express Transit","operator":"Tramlink Nottingham Ltd.","public_transport":"stop_position","railway":"tram_stop","source":"Nottingham City Council Open Data","tram":"yes"},"id":"node/2172125164"},{"type":"Feature","geometry":{"type":"Point","coordinates":[-1.243087,52.92031]},"properties":{"@id":"node/2172125165","name":"Eskdale Drive","network":"Nottingham Express Transit","operator":"Tramlink Nottingham Ltd.","public_transport":"stop_position","railway":"tram_stop","source":"Nottingham City Council Open Data","tram":"yes","wheelchair":"yes"},"id":"node/2172125165"},{"type":"Feature","geometry":{"type":"Point","coordinates":[-1.243104,52.920348]},"properties":{"@id":"node/2172125166","name":"Eskdale Drive","network":"Nottingham Express Transit","operator":"Tramlink Nottingham Ltd.","public_transport":"stop_position","railway":"tram_stop","source":"Nottingham City Council Open Data","tram":"yes","wheelchair":"yes"},"id":"node/2172125166"},{"type":"Feature","geometry":{"type":"Point","coordinates":[-1.236343,52.921547]},"properties":{"@id":"node/2172125167","name":"Bramcote Lane","network":"Nottingham Express Transit","operator":"Tramlink Nottingham Ltd.","public_transport":"stop_position","railway":"tram_stop","source":"Nottingham City Council Open Data","tram":"yes"},"id":"node/2172125167"},{"type":"Feature","geometry":{"type":"Point","coordinates":[-1.236314,52.921512]},"properties":{"@id":"node/2172125168","name":"Bramcote Lane","network":"Nottingham Express Transit","operator":"Tramlink Nottingham Ltd.","public_transport":"stop_position","railway":"tram_stop","source":"Nottingham City Council Open Data","tram":"yes"},"id":"node/2172125168"},{"type":"Feature","geometry":{"type":"Point","coordinates":[-1.231229,52.92261]},"properties":{"@id":"node/2172125169","name":"Cator Lane","network":"Nottingham Express Transit","operator":"Tramlink Nottingham Ltd.","public_transport":"stop_position","railway":"tram_stop","source":"Nottingham City Council Open Data","tram":"yes"},"id":"node/2172125169"},{"type":"Feature","geometry":{"type":"Point","coordinates":[-1.231238,52.922647]},"properties":{"@id":"node/2172125170","name":"Cator Lane","network":"Nottingham Express Transit","operator":"Tramlink Nottingham Ltd.","public_transport":"stop_position","railway":"tram_stop","source":"Nottingham City Council Open Data","tram":"yes"},"id":"node/2172125170"},{"type":"Feature","geometry":{"type":"Point","coordinates":[-1.223301,52.921247]},"properties":{"@id":"node/2172125171","name":"High Road - Central College","network":"Nottingham Express Transit","operator":"Tramlink Nottingham Ltd.","public_transport":"stop_position","railway":"tram_stop","source":"Nottingham City Council Open Data","tram":"yes"},"id":"node/2172125171"},{"type":"Feature","geometry":{"type":"Point","coordinates":[-1.223333,52.921273]},"properties":{"@id":"node/2172125172","name":"High Road - Central College","network":"Nottingham Express Transit","operator":"Tramlink Nottingham Ltd.","public_transport":"stop_position","railway":"tram_stop","source":"Nottingham City Council Open Data","tram":"yes"},"id":"node/2172125172"},{"type":"Feature","geometry":{"type":"Point","coordinates":[-1.220299,52.922599]},"properties":{"@id":"node/2172125173","name":"Chilwell Road","naptan:NaptanCode":"ntsjmatm","network":"Nottingham Express Transit","operator":"Tramlink Nottingham Ltd.","public_transport":"stop_position","railway":"tram_stop","source":"Nottingham City Council Open Data","tram":"yes"},"id":"node/2172125173"},{"type":"Feature","geometry":{"type":"Point","coordinates":[-1.214697,52.925139]},"properties":{"@id":"node/2172125174","name":"Beeston Centre","naptan:NaptanCode":"ntsjmapt","network":"Nottingham Express Transit","operator":"Tramlink Nottingham Ltd.","public_transport":"stop_position","railway":"tram_stop","source":"Nottingham City Council Open Data","tram":"yes"},"id":"node/2172125174"},{"type":"Feature","geometry":{"type":"Point","coordinates":[-1.214975,52.92561]},"properties":{"@id":"node/2172125175","name":"Beeston Centre","naptan:NaptanCode":"ntsjmapm","network":"Nottingham Express Transit","operator":"Tramlink Nottingham Ltd.","public_transport":"stop_position","railway":"tram_stop","source":"Nottingham City Council Open Data","tram":"yes"},"id":"node/2172125175"},{"type":"Feature","geometry":{"type":"Point","coordinates":[-1.209043,52.92783]},"properties":{"@id":"node/2172125176","name":"Middle Street","naptan:NaptanCode":"ntsjmawp","network":"Nottingham Express Transit","operator":"Tramlink Nottingham Ltd.","public_transport":"stop_position","railway":"tram_stop","source":"Nottingham City Council Open Data","tram":"yes"},"id":"node/2172125176"},{"type":"Feature","geometry":{"type":"Point","coordinates":[-1.209075,52.927906]},"properties":{"@id":"node/2172125177","name":"Middle Street","naptan:NaptanCode":"ntsjmawm","network":"Nottingham Express Transit","operator":"Tramlink Nottingham Ltd.","public_transport":"stop_position","railway":"tram_stop","source":"Nottingham City Council Open Data","tram":"yes"},"id":"node/2172125177"},{"type":"Feature","geometry":{"type":"Point","coordinates":[-1.202413,52.932182]},"properties":{"@id":"node/2172125178","name":"University Boulevard","network":"Nottingham Express Transit","operator":"Tramlink Nottingham Ltd.","public_transport":"stop_position","railway":"tram_stop","source":"Nottingham City Council Open Data","tram":"yes"},"id":"node/2172125178"},{"type":"Feature","geometry":{"type":"Point","coordinates":[-1.20204,52.932217]},"properties":{"@id":"node/2172125179","name":"University Boulevard","network":"Nottingham Express Transit","operator":"Tramlink Nottingham Ltd.","public_transport":"stop_position","railway":"tram_stop","source":"Nottingham City Council Open Data","tram":"yes"},"id":"node/2172125179"},{"type":"Feature","geometry":{"type":"Point","coordinates":[-1.188331,52.937221]},"properties":{"@id":"node/2172125181","name":"University of Nottingham","network":"Nottingham Express Transit","operator":"Tramlink Nottingham Ltd.","public_transport":"stop_position","railway":"tram_stop","source":"Nottingham City Council Open Data","tram":"yes"},"id":"node/2172125181"},{"type":"Feature","geometry":{"type":"Point","coordinates":[-1.18836,52.937249]},"properties":{"@id":"node/2172125182","name":"University of Nottingham","network":"Nottingham Express Transit","operator":"Tramlink Nottingham Ltd.","public_transport":"stop_position","railway":"tram_stop","source":"Nottingham City Council Open Data","tram":"yes"},"id":"node/2172125182"},{"type":"Feature","geometry":{"type":"Point","coordinates":[-1.16519,52.941825]},"properties":{"@id":"node/2172125185","name":"NG2","network":"Nottingham Express Transit","operator":"Tramlink Nottingham Ltd.","public_transport":"stop_position","railway":"tram_stop","source":"Nottingham City Council Open Data","tram":"yes"},"id":"node/2172125185"},{"type":"Feature","geometry":{"type":"Point","coordinates":[-1.165191,52.941864]},"properties":{"@id":"node/2172125186","name":"NG2","network":"Nottingham Express Transit","operator":"Tramlink Nottingham Ltd.","public_transport":"stop_position","railway":"tram_stop","source":"Nottingham City Council Open Data","tram":"yes"},"id":"node/2172125186"},{"type":"Feature","geometry":{"type":"Point","coordinates":[-1.156858,52.943336]},"properties":{"@id":"node/2172125187","name":"Meadows Way West","network":"Nottingham Express Transit","operator":"Tramlink Nottingham Ltd.","public_transport":"stop_position","railway":"tram_stop","source":"Nottingham City Council Open Data","tram":"yes"},"id":"node/2172125187"},{"type":"Feature","geometry":{"type":"Point","coordinates":[-1.156479,52.943443]},"properties":{"@id":"node/2172125188","name":"Meadows Way West","network":"Nottingham Express Transit","operator":"Tramlink Nottingham Ltd.","public_transport":"stop_position","railway":"tram_stop","source":"Nottingham City Council Open Data","tram":"yes"},"id":"node/2172125188"},{"type":"Feature","geometry":{"type":"Point","coordinates":[-1.188111,52.896974]},"properties":{"@id":"node/2237934535","name":"Summerwood Lane","network":"Nottingham Express Transit","operator":"Tramlink Nottingham Ltd.","public_transport":"stop_position","railway":"tram_stop","source":"Nottingham City Council Open Data","tram":"yes"},"id":"node/2237934535"},{"type":"Feature","geometry":{"type":"Point","coordinates":[-1.158296,52.914669]},"properties":{"@id":"node/2416641041","name":"Ruddington Lane","network":"Nottingham Express Transit","operator":"Tramlink Nottingham Ltd.","public_transport":"stop_position","railway":"tram_stop","source":"Nottingham City Council Open Data","tram":"yes"},"id":"node/2416641041"},{"type":"Feature","geometry":{"type":"Point","coordinates":[-1.193206,52.896396]},"properties":{"@id":"node/2416645527","name":"Clifton South","network":"Nottingham Express Transit","operator":"Tramlink Nottingham Ltd.","public_transport":"stop_position","railway":"tram_stop","source":"Nottingham City Council Open Data","tram":"yes"},"id":"node/2416645527"},{"type":"Feature","geometry":{"type":"Point","coordinates":[-1.174824,52.906761]},"properties":{"@id":"node/2880817759","name":"Rivergreen","network":"Nottingham Express Transit","operator":"Tramlink Nottingham Ltd.","public_transport":"stop_position","railway":"tram_stop","source":"Nottingham City Council Open Data","tram":"yes"},"id":"node/2880817759"},{"type":"Feature","geometry":{"type":"Point","coordinates":[-1.155737,52.93562]},"properties":{"@id":"node/2885169060","name":"Wilford Village","network":"Nottingham Express Transit","operator":"Tramlink Nottingham Ltd.","public_transport":"stop_position","railway":"tram_stop","source":"Nottingham City Council Open Data","tram":"yes"},"id":"node/2885169060"},{"type":"Feature","geometry":{"type":"Point","coordinates":[-1.153777,52.938952]},"properties":{"@id":"node/2885180842","name":"Meadows Embankment","network":"Nottingham Express Transit","operator":"Tramlink Nottingham Ltd.","public_transport":"stop_position","railway":"tram_stop","source":"Nottingham City Council Open Data","tram":"yes"},"id":"node/2885180842"},{"type":"Feature","geometry":{"type":"Point","coordinates":[-1.1505,52.9426]},"properties":{"@id":"node/2885180843","name":"Queens Walk","network":"Nottingham Express Transit","note:name":"no apostrophy","operator":"Tramlink Nottingham Ltd.","public_transport":"stop_position","railway":"tram_stop","tram":"yes"},"id":"node/2885180843"},{"type":"Feature","geometry":{"type":"Point","coordinates":[-1.150304,52.942892]},"properties":{"@id":"node/2885180844","name":"Queens Walk","network":"Nottingham Express Transit","operator":"Tramlink Nottingham Ltd.","public_transport":"stop_position","railway":"tram_stop","tram":"yes"},"id":"node/2885180844"},{"type":"Feature","geometry":{"type":"Point","coordinates":[-1.153578,52.939208]},"properties":{"@id":"node/2885180845","name":"Meadows Embankment","network":"Nottingham Express Transit","operator":"Tramlink Nottingham Ltd.","public_transport":"stop_position","railway":"tram_stop","source":"Nottingham City Council Open Data","tram":"yes"},"id":"node/2885180845"},{"type":"Feature","geometry":{"type":"Point","coordinates":[-1.157514,52.918891]},"properties":{"@id":"node/3020896680","name":"Compton Acres","network":"Nottingham Express Transit","operator":"Tramlink Nottingham Ltd.","public_transport":"stop_position","railway":"tram_stop","source":"Nottingham City Council Open Data","tram":"yes"},"id":"node/3020896680"},{"type":"Feature","geometry":{"type":"Point","coordinates":[-1.157494,52.919272]},"properties":{"@id":"node/3020896681","name":"Compton Acres","network":"Nottingham Express Transit","operator":"Tramlink Nottingham Ltd.","public_transport":"stop_position","railway":"tram_stop","source":"Nottingham City Council Open Data","tram":"yes"},"id":"node/3020896681"},{"type":"Feature","geometry":{"type":"Point","coordinates":[-0.898419,52.951553]},"properties":{"@id":"node/3170037835","name":"Aslockton","naptan:AtcoCode":"9100ASLCKTN","network":"National Rail","network:website":"https://www.nationalrail.co.uk/stations/alk/","network:wikidata":"Q26334","operator":"East Midlands Railway","public_transport":"station","railway":"station","ref:crs":"ALK","source":"NPE","train":"yes","wikidata":"Q2261645","wikipedia":"en:Aslockton railway station"},"id":"node/3170037835"},{"type":"Feature","geometry":{"type":"Point","coordinates":[-0.951285,52.954219]},"properties":{"@id":"node/3170037836","name":"Bingham","naptan:AtcoCode":"9100BINGHAM","network":"National Rail","network:website":"https://www.nationalrail.co.uk/stations/bin/","network:wikidata":"Q26334","operator":"East Midlands Railway","public_transport":"station","railway":"station","ref:crs":"BIN","train":"yes","wikidata":"Q4914224","wikipedia":"en:Bingham railway station"},"id":"node/3170037836"},{"type":"Feature","geometry":{"type":"Point","coordinates":[-1.187728,52.740062]},"properties":{"@id":"node/3220611272","addr:housename":"Quorn & Woodhouse Station","addr:postcode":"LE12 8AW","name":"Quorn & Woodhouse","naptan:AtcoCode":"940GZZGCQWH","operator":"Great Central Railway","operator:wikidata":"Q5598946","public_transport":"station","railway":"station","train":"yes","usage":"tourism","wikidata":"Q7272864","wikipedia":"en:Quorn and Woodhouse railway station"},"id":"node/3220611272"},{"type":"Feature","geometry":{"type":"Point","coordinates":[-1.196513,52.779576]},"properties":{"@id":"node/3222306000","addr:city":"Loughborough","name":"Loughborough","naptan:AtcoCode":"9100LOGHBRO","network":"National Rail","network:website":"https://www.nationalrail.co.uk/stations/lbo/","network:wikidata":"Q26334","operator":"East Midlands Railway","public_transport":"station","railway":"station","ref:crs":"LBO","wheelchair":"yes","wheelchair:description":"Need help getting across the tracks","wikidata":"Q1912686","wikipedia":"en:Loughborough railway station"},"id":"node/3222306000"},{"type":"Feature","geometry":{"type":"Point","coordinates":[-1.177188,52.943862]},"properties":{"@id":"node/3342188572","name":"Gregory Street","network":"Nottingham Express Transit","operator":"Tramlink Nottingham Ltd.","public_transport":"stop_position","railway":"tram_stop","source":"Nottingham City Council Open Data","tram":"yes"},"id":"node/3342188572"},{"type":"Feature","geometry":{"type":"Point","coordinates":[-1.187715,52.896997]},"properties":{"@id":"node/3712874623","name":"Summerwood Lane","network":"Nottingham Express Transit","operator":"Tramlink Nottingham Ltd.","public_transport":"stop_position","railway":"tram_stop","source":"Nottingham City Council Open Data","tram":"yes"},"id":"node/3712874623"},{"type":"Feature","geometry":{"type":"Point","coordinates":[-1.131743,53.063]},"properties":{"@id":"node/3722827237","public_transport":"station","railway":"station","usage":"tourism"},"id":"node/3722827237"},{"type":"Feature","geometry":{"type":"Point","coordinates":[-1.331197,53.018474]},"properties":{"@id":"node/3727407363","name":"Langley Mill","naptan:AtcoCode":"9100LGML","network":"National Rail","network:website":"https://www.nationalrail.co.uk/stations/lgm/","network:wikidata":"Q26334","operator":"East Midlands Railway","public_transport":"station","railway":"station","ref:crs":"LGM","source":"NPE","wheelchair":"no","wikidata":"Q2145892","wikipedia":"en:Langley Mill railway station"},"id":"node/3727407363"},{"type":"Feature","geometry":{"type":"Point","coordinates":[-0.799494,53.081375]},"properties":{"@id":"node/3752912434","name":"Newark Northgate","naptan:AtcoCode":"9100NEWANG","network":"National Rail","network:website":"https://www.nationalrail.co.uk/stations/nng/","network:wikidata":"Q26334","operator":"London North Eastern Railway","public_transport":"station","railway":"station","ref:crs":"NNG","source":"NPE","train":"yes","wheelchair":"yes","wikidata":"Q3246476","wikipedia":"en:Newark Northgate railway station"},"id":"node/3752912434"},{"type":"Feature","geometry":{"type":"Point","coordinates":[-1.409003,53.062984]},"properties":{"@id":"node/4106699329","name":"Hammersmith","public_transport":"station","railway":"station","train":"yes","usage":"tourism","wikidata":"Q5645767","wikipedia":"en:Hammersmith railway station"},"id":"node/4106699329"},{"type":"Feature","geometry":{"type":"Point","coordinates":[-1.207506,52.920794]},"properties":{"@id":"node/4292892169","is_in:county":"Nottinghamshire","layer":"2","name":"Beeston","naptan:AtcoCode":"9100BESTON","network":"National Rail","network:website":"https://www.nationalrail.co.uk/stations/bee/","network:wikidata":"Q26334","operator":"East Midlands Railway","public_transport":"station","railway":"station","ref:crs":"BEE","wheelchair":"yes","wikidata":"Q3299120","wikipedia":"en:Beeston railway station"},"id":"node/4292892169"},{"type":"Feature","geometry":{"type":"Point","coordinates":[-0.885787,52.761023]},"properties":{"@id":"node/5591126797","name":"Melton Mowbray","naptan:AtcoCode":"9100MLTNSDG","network":"National Rail","network:website":"https://www.nationalrail.co.uk/stations/mmo/","network:wikidata":"Q26334","operator":"East Midlands Railway","public_transport":"station","railway":"station","ref:crs":"MMO","wheelchair":"yes","wikidata":"Q3296233","wikimedia_commons":"Category:Melton Mowbray railway station","wikipedia":"en:Melton Mowbray railway station"},"id":"node/5591126797"},{"type":"Feature","geometry":{"type":"Point","coordinates":[-1.462612,52.916524]},"properties":{"@id":"node/5871807868","name":"Derby","naptan:AtcoCode":"9100DRBY","network":"National Rail","network:website":"https://www.nationalrail.co.uk/stations/dby/","network:wikidata":"Q26334","operator":"East Midlands Railway","public_transport":"station","railway":"station","ref:crs":"DBY","train":"yes","wheelchair":"yes","wikidata":"Q3398679","wikipedia":"en:Derby railway station"},"id":"node/5871807868"},{"type":"Feature","geometry":{"type":"Point","coordinates":[-1.192617,52.896687]},"properties":{"@id":"node/6125399365","name":"Clifton South","network":"Nottingham Express Transit","operator":"Tramlink Nottingham Ltd.","public_transport":"stop_position","railway":"tram_stop","source":"Nottingham City Council Open Data","tram":"yes"},"id":"node/6125399365"},{"type":"Feature","geometry":{"type":"Point","coordinates":[-1.07936,52.961406]},"properties":{"@id":"node/6414872012","name":"Netherfield","naptan:AtcoCode":"9100NTHRFLD","network":"National Rail","network:website":"https://www.nationalrail.co.uk/stations/net/","network:wikidata":"Q26334","operator":"East Midlands Railway","postal_code":"NG4 2JB","public_transport":"station","railway":"station","ref:crs":"NET","train":"yes","wikidata":"Q3308001","wikipedia":"en:Netherfield railway station"},"id":"node/6414872012"},{"type":"Feature","geometry":{"type":"Point","coordinates":[-1.145491,52.749431]},"properties":{"@id":"node/6415345153","name":"Barrow-upon-Soar","naptan:AtcoCode":"9100BAROWOS","network":"National Rail","network:website":"https://www.nationalrail.co.uk/stations/bws/","network:wikidata":"Q26334","operator":"East Midlands Railway","public_transport":"station","railway":"station","ref:crs":"BWS","train":"yes","wheelchair":"no","wikidata":"Q2146431","wikipedia":"en:Barrow-upon-Soar railway station"},"id":"node/6415345153"},{"type":"Feature","geometry":{"type":"Point","coordinates":[-0.900123,53.065144]},"properties":{"@id":"node/6415345159","name":"Rolleston","naptan:AtcoCode":"9100ROLSTN","network":"National Rail","network:website":"https://www.nationalrail.co.uk/stations/rol/","network:wikidata":"Q26334","old_name":"Rolleston Junction","operator":"East Midlands Railway","public_transport":"station","railway":"station","ref:crs":"ROL","source":"NPE","wikidata":"Q2704279","wikipedia":"en:Rolleston railway station"},"id":"node/6415345159"},{"type":"Feature","geometry":{"type":"Point","coordinates":[-0.813175,53.080255]},"properties":{"@id":"node/6415345164","name":"Newark Castle","naptan:AtcoCode":"9100NWRKCAS","network":"National Rail","network:website":"https://www.nationalrail.co.uk/stations/nct/","network:wikidata":"Q26334","operator":"East Midlands Railway","public_transport":"station","railway":"station","ref:crs":"NCT","source":"NPE","train":"yes","wikidata":"Q4800289","wikipedia":"en:Newark Castle railway station"},"id":"node/6415345164"},{"type":"Feature","geometry":{"type":"Point","coordinates":[-0.911837,53.0606]},"properties":{"@id":"node/6415345168","name":"Fiskerton","naptan:AtcoCode":"9100FISKRTN","network":"National Rail","network:website":"https://www.nationalrail.co.uk/stations/fsk/","network:wikidata":"Q26334","operator":"East Midlands Railway","public_transport":"station","railway":"station","ref:crs":"FSK","source":"NPE","wikidata":"Q606903","wikipedia":"en:Fiskerton railway station"},"id":"node/6415345168"},{"type":"Feature","geometry":{"type":"Point","coordinates":[-0.943561,53.04148]},"properties":{"@id":"node/6415345172","name":"Bleasby","naptan:AtcoCode":"9100BLEASBY","network":"National Rail","network:website":"https://www.nationalrail.co.uk/stations/bsb/","network:wikidata":"Q26334","operator":"East Midlands Railway","public_transport":"station","railway":"station","ref:crs":"BSB","source":"NPE","wikidata":"Q2460860","wikipedia":"en:Bleasby railway station"},"id":"node/6415345172"},{"type":"Feature","geometry":{"type":"Point","coordinates":[-0.962259,53.028972]},"properties":{"@id":"node/6415345175","name":"Thurgarton","naptan:AtcoCode":"9100THRGRTN","network":"National Rail","network:website":"https://www.nationalrail.co.uk/stations/thu/","network:wikidata":"Q26334","operator":"East Midlands Railway","public_transport":"station","railway":"station","ref:crs":"THU","source":"NPE","wikidata":"Q2333610","wikipedia":"en:Thurgarton railway station"},"id":"node/6415345175"},{"type":"Feature","geometry":{"type":"Point","coordinates":[-0.998225,53.006433]},"properties":{"@id":"node/6415345177","name":"Lowdham","naptan:AtcoCode":"9100LOWDHAM","network":"National Rail","network:website":"https://www.nationalrail.co.uk/stations/low/","network:wikidata":"Q26334","operator":"East Midlands Railway","public_transport":"station","railway":"station","ref:crs":"LOW","source":"NPE","wikidata":"Q6693095","wikipedia":"en:Lowdham railway station"},"id":"node/6415345177"},{"type":"Feature","geometry":{"type":"Point","coordinates":[-1.078767,52.965052]},"properties":{"@id":"node/6415345178","name":"Carlton","naptan:AtcoCode":"9100CRTN","network":"National Rail","network:website":"https://www.nationalrail.co.uk/stations/cto/","network:wikidata":"Q26334","operator":"East Midlands Railway","postal_code":"NG4 2FD","public_transport":"station","railway":"station","ref:crs":"CTO","train":"yes","wikidata":"Q2051170","wikipedia":"en:Carlton railway station"},"id":"node/6415345178"},{"type":"Feature","geometry":{"type":"Point","coordinates":[-1.041213,52.983294]},"properties":{"@id":"node/6415345179","name":"Burton Joyce","naptan:AtcoCode":"9100BRTJYC","network":"National Rail","network:website":"https://www.nationalrail.co.uk/stations/buj/","network:wikidata":"Q26334","operator":"East Midlands Railway","public_transport":"station","railway":"station","ref:crs":"BUJ","train":"yes","wikidata":"Q2608297","wikipedia":"en:Burton Joyce railway station"},"id":"node/6415345179"},{"type":"Feature","geometry":{"type":"Point","coordinates":[-1.231152,52.906413]},"properties":{"@id":"node/6415345182","name":"Attenborough","naptan:AtcoCode":"9100ATNBRO","network":"National Rail","network:website":"https://www.nationalrail.co.uk/stations/atb/","network:wikidata":"Q26334","operator":"East Midlands Railway","public_transport":"station","railway":"station","ref:crs":"ATB","wikidata":"Q2098552","wikipedia":"en:Attenborough railway station"},"id":"node/6415345182"},{"type":"Feature","geometry":{"type":"Point","coordinates":[-1.485858,52.988228]},"properties":{"@id":"node/6415346589","name":"Duffield","naptan:AtcoCode":"9100DUFIELD","network":"National Rail","network:website":"https://www.nationalrail.co.uk/stations/dfi/","network:wikidata":"Q26334","operator":"East Midlands Railway","public_transport":"station","railway":"station","ref:crs":"DFI","source":"NPE","wheelchair":"no","wikidata":"Q4027193","wikipedia":"en:Duffield railway station"},"id":"node/6415346589"},{"type":"Feature","geometry":{"type":"Point","coordinates":[-1.482563,53.024273]},"properties":{"@id":"node/6415346590","name":"Belper","naptan:AtcoCode":"9100BELPER","network":"National Rail","network:website":"https://www.nationalrail.co.uk/stations/blp/","network:wikidata":"Q26334","operator":"East Midlands Railway","public_transport":"station","railway":"station","ref:crs":"BLP","source":"NPE","train":"yes","wikidata":"Q3148981","wikipedia":"en:Belper railway station"},"id":"node/6415346590"},{"type":"Feature","geometry":{"type":"Point","coordinates":[-1.036972,52.94879]},"properties":{"@id":"node/7026744678","alt_name":"Radcliffe-on-Trent","name":"Radcliffe","naptan:AtcoCode":"9100RADNOT","network":"National Rail","network:website":"https://www.nationalrail.co.uk/stations/rdf/","network:wikidata":"Q26334","operator":"East Midlands Railway","public_transport":"station","railway":"station","ref:crs":"RDF","source":"NPE","wikidata":"Q1882427","wikipedia":"en:Radcliffe railway station"},"id":"node/7026744678"},{"type":"Feature","geometry":{"type":"Point","coordinates":[-1.29504,52.979098]},"properties":{"@id":"node/7170589239","name":"Ilkeston","naptan:AtcoCode":"9100ILKES","network":"National Rail","network:website":"https://www.nationalrail.co.uk/stations/iln/","network:wikidata":"Q26334","operator":"East Midlands Railway","public_transport":"station","railway":"station","ref:crs":"ILN","wikidata":"Q15228309","wikipedia":"en:Ilkeston railway station"},"id":"node/7170589239"},{"type":"Feature","geometry":{"type":"Point","coordinates":[-1.195396,52.999344]},"properties":{"@id":"node/7172258460","name":"Bulwell","naptan:AtcoCode":"9100BULWELL","network":"National Rail","network:website":"https://www.nationalrail.co.uk/stations/blw/","network:wikidata":"Q26334","operator":"East Midlands Railway","public_transport":"station","railway":"station","ref:crs":"BLW","train":"yes","wikidata":"Q1828548","wikipedia":"en:Bulwell station"},"id":"node/7172258460"},{"type":"Feature","geometry":{"type":"Point","coordinates":[-1.401268,53.063309]},"properties":{"@id":"node/7352840325","addr:city":"Ripley","addr:postcode":"DE5 3QZ","addr:street":"Butterley Hill","name":"Butterley","public_transport":"station","railway":"station","train":"yes","usage":"tourism","website":"https://www.midlandrailway-butterley.co.uk/","wikidata":"Q5002997","wikipedia":"en:Butterley railway station"},"id":"node/7352840325"},{"type":"Feature","geometry":{"type":"Point","coordinates":[-1.149967,52.953098]},"properties":{"@id":"node/7669389794","local_ref":"NET05","name":"Old Market Square","naptan:AtcoCode":"3390NET05","naptan:Bearing":"E","naptan:CommonName":"Old Market Square Tram Stop","naptan:Indicator":"Stop NET05","naptan:Landmark":"Old Market Square","naptan:NaptanCode":"ntmajwjw","naptan:PlusbusZoneRef":"NTNG","naptan:Street":"South Parade","naptan:verified":"yes","network":"Nottingham Express Transit","operator":"Tramlink Nottingham Ltd.","public_transport":"stop_position","railway":"tram_stop","source:naptan":"naptan_import","tram":"yes","wheelchair":"yes"},"id":"node/7669389794"},{"type":"Feature","geometry":{"type":"Point","coordinates":[-1.178239,52.971993]},"properties":{"@id":"node/9243041865","local_ref":"NET19","name":"Wilkinson Street","naptan:AtcoCode":"3390NET19","naptan:Bearing":"W","naptan:CommonName":"Wilkinson Street Tram Stop","naptan:Indicator":"Stop NET19","naptan:Landmark":"Wilkinson Street","naptan:NaptanCode":"ntmadmag","naptan:PlusbusZoneRef":"NTNG","naptan:Street":"Wilkinson Street","naptan:verified":"no","network":"Nottingham Express Transit","operator":"Tramlink Nottingham Ltd.","public_transport":"stop_position","railway":"tram_stop","source":"naptan_import","tram":"yes","wheelchair":"yes","wikidata":"Q20811302"},"id":"node/9243041865"},{"type":"Feature","geometry":{"type":"Point","coordinates":[-1.383859,53.063952]},"properties":{"@id":"node/10195847411","name":"Swanwick Junction","public_transport":"station","railway":"station","tourism":"preserved_railway","usage":"tourism","wikidata":"Q7653771","wikipedia":"en:Swanwick Junction railway station"},"id":"node/10195847411"},{"type":"Feature","geometry":{"type":"Point","coordinates":[-1.148744,52.885603]},"properties":{"@id":"node/11019787189","name":"Little Ruddington","railway":"station","usage":"tourism"},"id":"node/11019787189"},{"type":"Feature","geometry":{"type":"Point","coordinates":[-1.145723,52.884597]},"properties":{"@id":"node/12797189685","name":"Park Gate","railway":"station","usage":"tourism"},"id":"node/12797189685"},{"type":"Feature","geometry":{"type":"Point","coordinates":[-0.984823,52.98779]},"properties":{"@id":"node/13025159842","public_transport":"station","railway":"station","usage":"tourism"},"id":"node/13025159842"}]}