{"type":"FeatureCollection","features":[{"type":"Feature","geometry":{"type":"Polygon","coordinates":[[[-3.030686,53.905418],[-3.030391,53.905719],[-3.030024,53.906097],[-3.030166,53.906109],[-3.030431,53.905834],[-3.030514,53.90575],[-3.030582,53.90568],[-3.030657,53.905603],[-3.030728,53.905531],[-3.030803,53.905455],[-3.03088,53.905376],[-3.031012,53.905241],[-3.031144,53.90511],[-3.03126,53.904988],[-3.031397,53.904847],[-3.031279,53.904807],[-3.030898,53.905202],[-3.030686,53.905418]]]},"properties":{"@id":"way/1269081851","landuse":"railway","railway":"tram"},"id":"way/1269081851"},{"type":"Feature","geometry":{"type":"Polygon","coordinates":[[[-3.030056,53.90622],[-3.029911,53.906209],[-3.029713,53.906409],[-3.029358,53.90677],[-3.029181,53.906961],[-3.028969,53.907214],[-3.028767,53.907487],[-3.028592,53.90776],[-3.028458,53.907999],[-3.028365,53.908193],[-3.028234,53.908491],[-3.028074,53.908844],[-3.02798,53.90903],[-3.027841,53.909265],[-3.027758,53.909399],[-3.02765,53.909557],[-3.027553,53.909689],[-3.027425,53.90985],[-3.027251,53.910052],[-3.027045,53.91027],[-3.026823,53.91049],[-3.026526,53.910774],[-3.026378,53.910913],[-3.025959,53.91131],[-3.025634,53.91162],[-3.025126,53.912111],[-3.024468,53.91273],[-3.024096,53.913086],[-3.023776,53.913395],[-3.023735,53.913417],[-3.023732,53.913423],[-3.023467,53.913673],[-3.023369,53.913767],[-3.023328,53.913809],[-3.02219,53.914913],[-3.022173,53.91493],[-3.021055,53.916014],[-3.021003,53.915997],[-3.020966,53.916036],[-3.020988,53.916043],[-3.020981,53.916094],[-3.02073,53.916342],[-3.020685,53.916384],[-3.020672,53.91638],[-3.020325,53.91672],[-3.020316,53.916718],[-3.020293,53.916741],[-3.020258,53.916779],[-3.020201,53.916834],[-3.020338,53.916878],[-3.020454,53.916764],[-3.02067,53.916556],[-3.020845,53.916386],[-3.02118,53.91606],[-3.022298,53.914981],[-3.023311,53.914001],[-3.023486,53.913832],[-3.023702,53.913629],[-3.023872,53.913465],[-3.023872,53.913457],[-3.023888,53.913441],[-3.023896,53.913434],[-3.023904,53.913434],[-3.024128,53.913218],[-3.024585,53.912784],[-3.025099,53.912291],[-3.025571,53.911839],[-3.026084,53.911352],[-3.026501,53.910951],[-3.026854,53.910612],[-3.02716,53.910317],[-3.027335,53.910134],[-3.027467,53.909984],[-3.027571,53.909863],[-3.027662,53.909741],[-3.027736,53.909646],[-3.027812,53.909542],[-3.027975,53.909291],[-3.028107,53.909067],[-3.02821,53.908868],[-3.028334,53.908584],[-3.028409,53.908415],[-3.028546,53.908116],[-3.028608,53.907995],[-3.028751,53.907747],[-3.028835,53.907612],[-3.028935,53.907462],[-3.029113,53.907229],[-3.029301,53.907002],[-3.029435,53.906858],[-3.029624,53.906662],[-3.029831,53.906449],[-3.030056,53.90622]]]},"properties":{"@id":"way/1269081852","landuse":"railway","railway":"tram"},"id":"way/1269081852"},{"type":"Feature","geometry":{"type":"Polygon","coordinates":[[[-3.020038,53.917173],[-3.019926,53.917126],[-3.019866,53.917104],[-3.019744,53.917218],[-3.019621,53.917334],[-3.019594,53.917358],[-3.0195,53.917448],[-3.019487,53.91746],[-3.019432,53.917514],[-3.019273,53.917668],[-3.01912,53.917816],[-3.019105,53.91783],[-3.018933,53.917997],[-3.018866,53.918061],[-3.018853,53.918073],[-3.018624,53.918299],[-3.018352,53.918564],[-3.018306,53.918608],[-3.018298,53.918617],[-3.018296,53.918628],[-3.018299,53.918638],[-3.018309,53.918647],[-3.018339,53.918664],[-3.018305,53.918699],[-3.018275,53.918695],[-3.018235,53.918697],[-3.018209,53.918706],[-3.017555,53.919349],[-3.01763,53.919362],[-3.01775,53.919393],[-3.018039,53.919114],[-3.018382,53.918779],[-3.018427,53.918736],[-3.018678,53.918491],[-3.018962,53.918215],[-3.019286,53.917901],[-3.019366,53.917821],[-3.019518,53.917674],[-3.019769,53.917429],[-3.020038,53.917173]]]},"properties":{"@id":"way/1269081854","landuse":"railway","railway":"tram"},"id":"way/1269081854"},{"type":"Feature","geometry":{"type":"Polygon","coordinates":[[[-3.031798,53.904437],[-3.032309,53.903913],[-3.032331,53.903891],[-3.032345,53.903895],[-3.032366,53.903873],[-3.032644,53.903594],[-3.032625,53.903587],[-3.032809,53.903399],[-3.033245,53.90297],[-3.033455,53.902787],[-3.033638,53.902631],[-3.033906,53.902404],[-3.034316,53.902095],[-3.03459,53.901897],[-3.035124,53.901625],[-3.035158,53.90158],[-3.035776,53.901208],[-3.035949,53.90108],[-3.035997,53.901046],[-3.036565,53.900745],[-3.036656,53.900696],[-3.037012,53.900505],[-3.037025,53.900498],[-3.036939,53.900453],[-3.036913,53.900444],[-3.036573,53.900625],[-3.036387,53.900722],[-3.036012,53.90091],[-3.03583,53.901002],[-3.035329,53.901249],[-3.035004,53.901445],[-3.03478,53.901601],[-3.034643,53.901689],[-3.034334,53.901939],[-3.033721,53.902409],[-3.033337,53.902734],[-3.032947,53.903091],[-3.03267,53.903351],[-3.032592,53.903426],[-3.032531,53.903406],[-3.032413,53.903531],[-3.032465,53.903547],[-3.032373,53.903639],[-3.032152,53.903863],[-3.032079,53.903936],[-3.032014,53.904005],[-3.031949,53.904077],[-3.031858,53.904176],[-3.031765,53.904269],[-3.031791,53.904279],[-3.031731,53.904342],[-3.031798,53.904437]]]},"properties":{"@id":"way/1270174509","landuse":"railway","railway":"tram"},"id":"way/1270174509"},{"type":"Feature","geometry":{"type":"Polygon","coordinates":[[[-3.037637,53.900135],[-3.037809,53.90001],[-3.037972,53.899886],[-3.038124,53.899763],[-3.038282,53.899632],[-3.038414,53.89951],[-3.038609,53.899299],[-3.038655,53.899244],[-3.038937,53.89928],[-3.039153,53.898681],[-3.039287,53.898323],[-3.039399,53.89801],[-3.039443,53.897867],[-3.039482,53.897705],[-3.03951,53.897543],[-3.039539,53.897323],[-3.0394,53.897317],[-3.039287,53.897324],[-3.039014,53.897345],[-3.039063,53.897583],[-3.039095,53.897754],[-3.039118,53.897909],[-3.03912,53.897945],[-3.039122,53.898004],[-3.039119,53.898083],[-3.039114,53.898145],[-3.03909,53.898271],[-3.039072,53.898349],[-3.039048,53.898428],[-3.039026,53.898487],[-3.038994,53.898565],[-3.038958,53.89864],[-3.038918,53.898705],[-3.038868,53.898782],[-3.038799,53.898881],[-3.038723,53.898984],[-3.038632,53.899096],[-3.038535,53.899208],[-3.038497,53.89925],[-3.038369,53.899388],[-3.038201,53.899547],[-3.038096,53.899644],[-3.037998,53.89973],[-3.037914,53.899798],[-3.037648,53.899993],[-3.037405,53.900155],[-3.037144,53.900317],[-3.037063,53.900364],[-3.037171,53.900417],[-3.037637,53.900135]]]},"properties":{"@id":"way/1270174518","landuse":"railway","railway":"tram"},"id":"way/1270174518"},{"type":"Feature","geometry":{"type":"Polygon","coordinates":[[[-3.039374,53.897193],[-3.039324,53.897194],[-3.039326,53.897239],[-3.039542,53.897206],[-3.039545,53.896974],[-3.039582,53.896973],[-3.039587,53.89662],[-3.039546,53.89662],[-3.039546,53.896577],[-3.03955,53.894747],[-3.039586,53.894545],[-3.039627,53.894399],[-3.039714,53.894192],[-3.039865,53.893829],[-3.039911,53.893702],[-3.039959,53.893544],[-3.039975,53.893474],[-3.040003,53.893308],[-3.040022,53.89319],[-3.040033,53.893094],[-3.040041,53.892985],[-3.040041,53.892806],[-3.04002,53.891992],[-3.040006,53.891414],[-3.040005,53.891379],[-3.039996,53.89106],[-3.039992,53.89049],[-3.040216,53.889025],[-3.040072,53.889017],[-3.040041,53.889205],[-3.039875,53.890278],[-3.039853,53.890472],[-3.039851,53.891061],[-3.03986,53.891381],[-3.039878,53.892001],[-3.039895,53.892887],[-3.039897,53.892976],[-3.039893,53.893043],[-3.039884,53.893129],[-3.039873,53.893228],[-3.039851,53.893359],[-3.039834,53.893439],[-3.039817,53.893519],[-3.03978,53.893653],[-3.039759,53.89372],[-3.039722,53.893814],[-3.039564,53.894175],[-3.039528,53.894265],[-3.039435,53.894561],[-3.039416,53.89463],[-3.039403,53.895319],[-3.0394,53.896013],[-3.0394,53.896561],[-3.039372,53.896561],[-3.039372,53.89662],[-3.039372,53.896797],[-3.039372,53.896867],[-3.039373,53.897035],[-3.039374,53.897193]]]},"properties":{"@id":"way/1270220953","landuse":"railway","railway":"tram"},"id":"way/1270220953"},{"type":"Feature","geometry":{"type":"LineString","coordinates":[[-2.901107,53.787449],[-2.900031,53.787858],[-2.899392,53.788031],[-2.898817,53.788161],[-2.898245,53.788252],[-2.897607,53.788332],[-2.896942,53.788373],[-2.896325,53.788372],[-2.895689,53.788351],[-2.895197,53.78832],[-2.89499,53.788296],[-2.894684,53.788254],[-2.894144,53.788176]]},"properties":{"@id":"way/4630185","electrified":"no","gauge":"1435","loading_gauge":"W6A","maxspeed":"40 mph","name":"Kirkham and Blackpool South Branch","operator":"Network Rail","operator:wikidata":"Q1501071","passenger_lines":"1","railway":"rail","ref":"KBS1","ref:lor":"NW4007","source":"landsat","usage":"branch"},"id":"way/4630185"},{"type":"Feature","geometry":{"type":"LineString","coordinates":[[-3.040146,53.829271],[-3.039811,53.82947]]},"properties":{"@id":"way/8074093","bridge":"yes","electrified":"contact_line","frequency":"50","gauge":"1435","layer":"1","loading_gauge":"W6A","maxspeed":"70 mph","name":"Preston and Blackpool North Branch","operator":"Network Rail","operator:wikidata":"Q1501071","passenger_lines":"2","railway":"rail","ref":"PBN","ref:lor":"NW4005","usage":"main","voltage":"25000"},"id":"way/8074093"},{"type":"Feature","geometry":{"type":"LineString","coordinates":[[-2.963842,53.828048],[-2.960761,53.824351],[-2.959464,53.822772],[-2.958199,53.82115],[-2.957549,53.820258],[-2.956753,53.819136],[-2.955958,53.817793]]},"properties":{"@id":"way/8074144","electrified":"contact_line","frequency":"50","gauge":"1435","loading_gauge":"W6A","maxspeed":"70 mph","name":"Preston and Blackpool North Branch","operator":"Network Rail","operator:wikidata":"Q1501071","passenger_lines":"2","railway":"rail","ref":"PBN","ref:lor":"NW4005","source":"landsat","usage":"main","voltage":"25000"},"id":"way/8074144"},{"type":"Feature","geometry":{"type":"LineString","coordinates":[[-2.846822,53.785817],[-2.848463,53.785943]]},"properties":{"@id":"way/8099924","bridge":"yes","electrified":"contact_line","frequency":"50","gauge":"1435","layer":"1","loading_gauge":"W6A","maxspeed":"70 mph","name":"Preston and Blackpool North Branch","operator":"Network Rail","operator:wikidata":"Q1501071","passenger_lines":"2","railway":"rail","ref":"PBN","ref:lor":"NW4005","source":"landsat","usage":"main","voltage":"25000"},"id":"way/8099924"},{"type":"Feature","geometry":{"type":"LineString","coordinates":[[-2.963921,53.82814],[-2.963842,53.828048]]},"properties":{"@id":"way/8100464","bridge":"yes","electrified":"contact_line","frequency":"50","gauge":"1435","layer":"1","loading_gauge":"W6A","maxspeed":"70 mph","name":"Preston and Blackpool North Branch","operator":"Network Rail","operator:wikidata":"Q1501071","passenger_lines":"2","railway":"rail","ref":"PBN","ref:lor":"NW4005","source":"landsat","usage":"main","voltage":"25000"},"id":"way/8100464"},{"type":"Feature","geometry":{"type":"LineString","coordinates":[[-3.039811,53.82947],[-3.038198,53.830428],[-3.037194,53.831032],[-3.035318,53.83215],[-3.033773,53.83307],[-3.03238,53.833885],[-3.031145,53.834635],[-3.029934,53.835359],[-3.029659,53.835523],[-3.028323,53.836322],[-3.024228,53.838772],[-3.022882,53.839576],[-3.021445,53.840415],[-3.019942,53.841149],[-3.019775,53.841217],[-3.019069,53.841504],[-3.018151,53.841843],[-3.016444,53.842459],[-3.01453,53.84314],[-3.012818,53.843764],[-3.011102,53.844384],[-3.008365,53.845362],[-3.004009,53.846922]]},"properties":{"@id":"way/8100465","electrified":"contact_line","frequency":"50","gauge":"1435","loading_gauge":"W6A","maxspeed":"70 mph","name":"Preston and Blackpool North Branch","note":"approx","operator":"Network Rail","operator:wikidata":"Q1501071","passenger_lines":"2","railway":"rail","ref":"PBN","ref:lor":"NW4005","source":"landsat","usage":"main","voltage":"25000"},"id":"way/8100465"},{"type":"Feature","geometry":{"type":"LineString","coordinates":[[-2.955958,53.817793],[-2.955909,53.817697]]},"properties":{"@id":"way/27665612","bridge":"yes","electrified":"contact_line","frequency":"50","gauge":"1435","layer":"1","loading_gauge":"W6A","maxspeed":"70 mph","name":"Preston and Blackpool North Branch","operator":"Network Rail","operator:wikidata":"Q1501071","passenger_lines":"2","railway":"rail","ref":"PBN","ref:lor":"NW4005","source":"landsat","usage":"main","voltage":"25000"},"id":"way/27665612"},{"type":"Feature","geometry":{"type":"LineString","coordinates":[[-2.766125,53.775403],[-2.769976,53.775425],[-2.774643,53.775481],[-2.777202,53.775548],[-2.779606,53.775744],[-2.781853,53.776014],[-2.786387,53.776552],[-2.790367,53.777097],[-2.792006,53.77737],[-2.802302,53.779098],[-2.808241,53.780094],[-2.814104,53.781079],[-2.814525,53.781145]]},"properties":{"@id":"way/36731964","electrified":"contact_line","frequency":"50","gauge":"1435","loading_gauge":"W6A","maxspeed":"70 mph","name":"Preston and Blackpool North Branch","operator":"Network Rail","operator:wikidata":"Q1501071","passenger_lines":"2","railway":"rail","ref":"PBN","ref:lor":"NW4005","source":"landsat","usage":"main","voltage":"25000"},"id":"way/36731964"},{"type":"Feature","geometry":{"type":"LineString","coordinates":[[-2.955909,53.817697],[-2.953225,53.81284],[-2.951782,53.810174],[-2.950344,53.807528],[-2.949576,53.806154],[-2.949003,53.805302],[-2.948177,53.804326],[-2.947411,53.803559],[-2.945727,53.802205],[-2.944664,53.801436],[-2.943692,53.800819],[-2.942547,53.800121],[-2.941579,53.799624]]},"properties":{"@id":"way/39211941","electrified":"contact_line","frequency":"50","gauge":"1435","loading_gauge":"W6A","maxspeed":"70 mph","name":"Preston and Blackpool North Branch","operator":"Network Rail","operator:wikidata":"Q1501071","passenger_lines":"2","railway":"rail","ref":"PBN","ref:lor":"NW4005","source":"landsat","usage":"main","voltage":"25000"},"id":"way/39211941"},{"type":"Feature","geometry":{"type":"LineString","coordinates":[[-2.940015,53.758331],[-2.939896,53.758146]]},"properties":{"@id":"way/52520541","bridge":"yes","electrified":"no","gauge":"1435","layer":"1","loading_gauge":"W6A","maxspeed":"70 mph","name":"Preston and Wyre Joint Railway","operator":"Network Rail","operator:wikidata":"Q1501071","passenger_lines":"1","railway":"rail","ref":"KBS1","ref:lor":"NW4007","source":"Bing","start_date":"1846","usage":"branch"},"id":"way/52520541"},{"type":"Feature","geometry":{"type":"LineString","coordinates":[[-2.814525,53.781145],[-2.815818,53.781347],[-2.816643,53.781466],[-2.817347,53.781553],[-2.819127,53.781821],[-2.820658,53.782152],[-2.82256,53.782506]]},"properties":{"@id":"way/56026868","electrified":"contact_line","frequency":"50","gauge":"1435","loading_gauge":"W6A","maxspeed":"70 mph","name":"Preston and Blackpool North Branch","operator":"Network Rail","operator:wikidata":"Q1501071","passenger_lines":"2","railway":"rail","ref":"PBN","ref:lor":"NW4005","usage":"main","voltage":"25000"},"id":"way/56026868"},{"type":"Feature","geometry":{"type":"LineString","coordinates":[[-2.82256,53.782506],[-2.83522,53.784565],[-2.83833,53.784971],[-2.841136,53.785245],[-2.846822,53.785817]]},"properties":{"@id":"way/56026869","electrified":"contact_line","frequency":"50","gauge":"1435","loading_gauge":"W6A","maxspeed":"70 mph","name":"Preston and Blackpool North Branch","operator":"Network Rail","operator:wikidata":"Q1501071","passenger_lines":"2","railway":"rail","ref":"PBN","ref:lor":"NW4005","source":"landsat","usage":"main","voltage":"25000"},"id":"way/56026869"},{"type":"Feature","geometry":{"type":"LineString","coordinates":[[-2.837264,53.70145],[-2.837347,53.701386],[-2.837441,53.701349],[-2.837553,53.701339],[-2.837708,53.701335],[-2.838204,53.701304],[-2.838524,53.701283],[-2.838599,53.701261],[-2.838699,53.701219],[-2.838809,53.701152],[-2.83887,53.701078],[-2.838893,53.700994],[-2.838887,53.700931],[-2.838852,53.700865],[-2.838675,53.700655],[-2.83851,53.700389],[-2.838332,53.700038],[-2.838195,53.699705],[-2.838117,53.699596],[-2.837928,53.69942],[-2.837909,53.699381],[-2.837903,53.6993]]},"properties":{"@id":"way/77014854","date:start":"1967","electrified":"no","gauge":"610","name":"West Lancashire Light Railway","railway":"narrow_gauge","usage":"tourism"},"id":"way/77014854"},{"type":"Feature","geometry":{"type":"LineString","coordinates":[[-2.837929,53.699707],[-2.837856,53.699681],[-2.837711,53.699646],[-2.837647,53.699625],[-2.837596,53.699587],[-2.837561,53.699533],[-2.837513,53.69945],[-2.837474,53.69938]]},"properties":{"@id":"way/77014855","date:start":"1967","electrified":"no","gauge":"610","name":"West Lancashire Light Railway","railway":"narrow_gauge","usage":"tourism"},"id":"way/77014855"},{"type":"Feature","geometry":{"type":"LineString","coordinates":[[-2.837909,53.699381],[-2.837891,53.699422],[-2.837863,53.699464],[-2.837839,53.699531],[-2.837848,53.69957],[-2.837885,53.699625]]},"properties":{"@id":"way/77014858","date:start":"1967","electrified":"no","gauge":"610","name":"West Lancashire Light Railway","railway":"narrow_gauge","usage":"tourism"},"id":"way/77014858"},{"type":"Feature","geometry":{"type":"LineString","coordinates":[[-2.837708,53.701335],[-2.837831,53.701311],[-2.83852,53.701266],[-2.838699,53.701219]]},"properties":{"@id":"way/77014859","date:start":"1967","electrified":"no","gauge":"610","name":"West Lancashire Light Railway","railway":"narrow_gauge","usage":"tourism"},"id":"way/77014859"},{"type":"Feature","properties":{"@id":"way/449870991","electrified":"contact_line","frequency":"0","gauge":"1435","network":"Blackpool Tramway","oneway":"yes","operator":"Blackpool Transport","railway":"tram","tracks":"1","voltage":"600","note":"approximate","service":"crossover","name":"T1"},"geometry":{"type":"MultiLineString","coordinates":[[[-3.055353,53.822248],[-3.055109,53.821331],[-3.05509,53.821234],[-3.055104,53.821111],[-3.055162,53.820904],[-3.055193,53.820792],[-3.055202,53.820758],[-3.055304,53.820434],[-3.055445,53.820034],[-3.055468,53.819968],[-3.055849,53.819316]],[[-3.055849,53.819316],[-3.055886,53.819246],[-3.055965,53.819113],[-3.056013,53.819035],[-3.056056,53.818924],[-3.056065,53.8189],[-3.056074,53.818873],[-3.056109,53.818765]],[[-3.056157,53.81879],[-3.056142,53.818833],[-3.056103,53.81894],[-3.056066,53.819041],[-3.055895,53.819327]],[[-3.055895,53.819327],[-3.055701,53.819658],[-3.055514,53.819979],[-3.055493,53.820043],[-3.055355,53.820467],[-3.055275,53.820742],[-3.055217,53.820912],[-3.055158,53.821116],[-3.055144,53.82123],[-3.05516,53.82132],[-3.055224,53.821553],[-3.055386,53.82214]],[[-3.055386,53.82214],[-3.055421,53.82225],[-3.055479,53.822489],[-3.055516,53.822666],[-3.05555,53.822835],[-3.055585,53.823039],[-3.055678,53.823701],[-3.055678,53.823883],[-3.055613,53.824814],[-3.055599,53.825275],[-3.055594,53.825419],[-3.055611,53.826124],[-3.055666,53.82789],[-3.055674,53.828144],[-3.055727,53.829219],[-3.055776,53.830333],[-3.055792,53.830795],[-3.055827,53.831325],[-3.055859,53.832022],[-3.055841,53.832149],[-3.055771,53.832269],[-3.055685,53.832371],[-3.05556,53.832493],[-3.055468,53.832591],[-3.055412,53.832642],[-3.055356,53.83271],[-3.055316,53.832756],[-3.055257,53.832835],[-3.055175,53.832994],[-3.055133,53.833124],[-3.05511,53.833285]],[[-3.007001,53.926633],[-3.007466,53.926583],[-3.007603,53.926568],[-3.00817,53.926502],[-3.008296,53.926462],[-3.008337,53.926427],[-3.00837,53.926399],[-3.008413,53.926331],[-3.008457,53.92595],[-3.0085,53.925622],[-3.008514,53.925526],[-3.008609,53.924712],[-3.00862,53.924614],[-3.00864,53.924431],[-3.008646,53.924368],[-3.008617,53.924061],[-3.008619,53.924012],[-3.008621,53.923963],[-3.008651,53.923881],[-3.008658,53.92387],[-3.008726,53.923794],[-3.00874,53.923782],[-3.008829,53.923719],[-3.009255,53.923529],[-3.009603,53.92337],[-3.009977,53.923215],[-3.010359,53.923054],[-3.011131,53.922726],[-3.011657,53.922501],[-3.011917,53.922389],[-3.012691,53.922058],[-3.013538,53.921692],[-3.013957,53.921516],[-3.014294,53.921368],[-3.014768,53.921169],[-3.01495,53.921092],[-3.015197,53.920991],[-3.015626,53.920802],[-3.015661,53.920787],[-3.015841,53.920715],[-3.016004,53.920645],[-3.016116,53.920599],[-3.016219,53.920553],[-3.016272,53.920527],[-3.016446,53.92043],[-3.016571,53.920355],[-3.016698,53.920265],[-3.016715,53.92025],[-3.016951,53.920045],[-3.01742,53.919599],[-3.017445,53.919574],[-3.017608,53.919423],[-3.018343,53.918705],[-3.01929,53.917786],[-3.019684,53.917403],[-3.019915,53.917164],[-3.020111,53.916974],[-3.020319,53.916781],[-3.020564,53.916547],[-3.020749,53.916371],[-3.021102,53.916023],[-3.021818,53.915329],[-3.022211,53.914947],[-3.022812,53.914362],[-3.023101,53.914084],[-3.023354,53.913833],[-3.023424,53.913768],[-3.023603,53.913597],[-3.023735,53.913475],[-3.023792,53.913425],[-3.024195,53.91304],[-3.025031,53.91224],[-3.02599,53.911322],[-3.026185,53.911143],[-3.026713,53.910637],[-3.026993,53.910366],[-3.027176,53.910177],[-3.027314,53.910022],[-3.027445,53.909876],[-3.027587,53.909693],[-3.027774,53.909444],[-3.027901,53.909244],[-3.027987,53.909095],[-3.028052,53.908978],[-3.028124,53.908833],[-3.028181,53.908712],[-3.028275,53.908496],[-3.028346,53.908331],[-3.028462,53.908079],[-3.028535,53.907935],[-3.028635,53.907765],[-3.02878,53.907533],[-3.028912,53.907349],[-3.029056,53.907165],[-3.029178,53.907018],[-3.029337,53.906845],[-3.029749,53.906418],[-3.030002,53.906158],[-3.030498,53.905652],[-3.031022,53.905123],[-3.031288,53.904849],[-3.031578,53.904564],[-3.031833,53.904287],[-3.032102,53.904005],[-3.032223,53.903886],[-3.032322,53.903782],[-3.032793,53.903296],[-3.032932,53.903154],[-3.033072,53.903017],[-3.033373,53.902748],[-3.033602,53.902548],[-3.033917,53.902297],[-3.03425,53.902044],[-3.034509,53.901855],[-3.034723,53.901712],[-3.03496,53.901559],[-3.035234,53.901384],[-3.035491,53.901238],[-3.035932,53.901005],[-3.036832,53.900522],[-3.037028,53.900417],[-3.037466,53.900151],[-3.037658,53.900025],[-3.037837,53.899896],[-3.038005,53.899763],[-3.038119,53.899667],[-3.038206,53.899591],[-3.038297,53.899503],[-3.038446,53.899355],[-3.038571,53.899219],[-3.038685,53.899087],[-3.038819,53.89892],[-3.038914,53.898782],[-3.038987,53.898669],[-3.039057,53.898547],[-3.039122,53.898421],[-3.039174,53.898313],[-3.039245,53.898146],[-3.039307,53.897974],[-3.039354,53.897826],[-3.039385,53.897689],[-3.039418,53.89753],[-3.039434,53.897399],[-3.039439,53.897252],[-3.039439,53.897037],[-3.039443,53.896711],[-3.03944,53.896451],[-3.039441,53.895204],[-3.03945,53.894791],[-3.039464,53.89466],[-3.039476,53.894592],[-3.039492,53.894511],[-3.039526,53.894392],[-3.039599,53.894203],[-3.039657,53.894059],[-3.039762,53.893818],[-3.039815,53.893668],[-3.039866,53.893495],[-3.039904,53.893317],[-3.039926,53.893148],[-3.039938,53.892964],[-3.039933,53.892806],[-3.039921,53.892443],[-3.039898,53.89138],[-3.039884,53.890873],[-3.039885,53.890646],[-3.039894,53.890471],[-3.039914,53.890304],[-3.039949,53.890081],[-3.040121,53.888967],[-3.040287,53.887799],[-3.040341,53.887435],[-3.040358,53.887343],[-3.04039,53.887017],[-3.04038,53.88683],[-3.040339,53.886661],[-3.040252,53.886404],[-3.040046,53.885771],[-3.03993,53.885447],[-3.039796,53.885058],[-3.039704,53.88479],[-3.039668,53.884668],[-3.039653,53.88456],[-3.039652,53.884479],[-3.039652,53.884406],[-3.039659,53.884258],[-3.039662,53.884128],[-3.039673,53.884021],[-3.039648,53.883736],[-3.039622,53.883642],[-3.039583,53.883544],[-3.039497,53.883367],[-3.039211,53.882794],[-3.038938,53.88226],[-3.038813,53.881971],[-3.038781,53.881872],[-3.038757,53.881744],[-3.038752,53.881607],[-3.038782,53.881396],[-3.03886,53.880992],[-3.038912,53.880752],[-3.038995,53.88037],[-3.039023,53.880221],[-3.039073,53.879951],[-3.039132,53.879688],[-3.039199,53.879437],[-3.039274,53.879201],[-3.039405,53.878826],[-3.039542,53.878341],[-3.03965,53.878018],[-3.039684,53.877904],[-3.039742,53.877613],[-3.039753,53.877558],[-3.039797,53.877353],[-3.039828,53.877269],[-3.039873,53.877201],[-3.039967,53.877098],[-3.040175,53.876964],[-3.040254,53.876915],[-3.040434,53.876804],[-3.040597,53.876687],[-3.040868,53.876463],[-3.041002,53.876361],[-3.041136,53.876273],[-3.041255,53.876209],[-3.041507,53.876092],[-3.041821,53.875951],[-3.04249,53.875649],[-3.042609,53.875584],[-3.042725,53.875507],[-3.042894,53.875371],[-3.043041,53.875206],[-3.043126,53.874981],[-3.043167,53.874741],[-3.043104,53.874218],[-3.043025,53.873846],[-3.042998,53.873603],[-3.042847,53.872358],[-3.042828,53.872139],[-3.042754,53.871664],[-3.04272,53.871414],[-3.042688,53.871195],[-3.042664,53.870982],[-3.042665,53.870817],[-3.042687,53.870705],[-3.04271,53.870601],[-3.042804,53.870364],[-3.04289,53.870232],[-3.042996,53.870079],[-3.043142,53.86993],[-3.043267,53.869808],[-3.043483,53.869653],[-3.044311,53.869207],[-3.045684,53.868496],[-3.046449,53.868079],[-3.046661,53.867884],[-3.046795,53.867747],[-3.046917,53.867605],[-3.047072,53.867346],[-3.047142,53.867209],[-3.047316,53.866644],[-3.047458,53.866204],[-3.04756,53.865885],[-3.047572,53.865839],[-3.047615,53.865673],[-3.047646,53.865567],[-3.047805,53.865093],[-3.047856,53.864932],[-3.04826,53.863645],[-3.048821,53.861811],[-3.048828,53.861787],[-3.04888,53.86162],[-3.048964,53.861348],[-3.049211,53.860581],[-3.049514,53.859621],[-3.050008,53.858032],[-3.05002,53.857992],[-3.050081,53.857798],[-3.050141,53.857593],[-3.050146,53.857575],[-3.050197,53.857405],[-3.050201,53.857391],[-3.050212,53.857355],[-3.050456,53.856603],[-3.050784,53.855818],[-3.051162,53.854931],[-3.051611,53.853848],[-3.051722,53.853595],[-3.051809,53.853377],[-3.052136,53.8526],[-3.052495,53.851733],[-3.052881,53.850815],[-3.052911,53.850759],[-3.053251,53.849932],[-3.05336,53.849646],[-3.053465,53.849261],[-3.053503,53.849041],[-3.053518,53.848955],[-3.053541,53.84864],[-3.053535,53.848324],[-3.053513,53.847867],[-3.053495,53.847422],[-3.053493,53.847021],[-3.053511,53.846834],[-3.053537,53.846688],[-3.053576,53.846469],[-3.053595,53.846359],[-3.053841,53.844965],[-3.054149,53.842971],[-3.054256,53.842232],[-3.054313,53.841886],[-3.054334,53.841765],[-3.054349,53.841667],[-3.054404,53.841339],[-3.05444,53.841093],[-3.0545,53.840739],[-3.054552,53.840435],[-3.054595,53.840254],[-3.054648,53.83994],[-3.054668,53.839564],[-3.054693,53.839008],[-3.054726,53.838479],[-3.054753,53.838006],[-3.054758,53.837912],[-3.054859,53.836151],[-3.054876,53.835832],[-3.054879,53.835767],[-3.054892,53.83553],[-3.05499,53.833854],[-3.055003,53.83363],[-3.05501,53.833501],[-3.055025,53.833285],[-3.055041,53.833145],[-3.055069,53.833054],[-3.055111,53.832961],[-3.055148,53.832883],[-3.055235,53.832755],[-3.055338,53.832632],[-3.055354,53.832618],[-3.055559,53.832413],[-3.055664,53.832294],[-3.055749,53.832174],[-3.055782,53.832098],[-3.055789,53.831975],[-3.05577,53.83174],[-3.055719,53.830879],[-3.055693,53.83011],[-3.05566,53.829345],[-3.055636,53.828856],[-3.055619,53.828023],[-3.055599,53.827729],[-3.055538,53.826122],[-3.055511,53.825418],[-3.055518,53.825268],[-3.055538,53.824813],[-3.05556,53.824492],[-3.055585,53.824177],[-3.055611,53.82388],[-3.055611,53.823706],[-3.055571,53.823443],[-3.055517,53.823024],[-3.055468,53.822755],[-3.055353,53.822248]],[[-3.05511,53.833285],[-3.055089,53.833637],[-3.055084,53.833687],[-3.055078,53.83386],[-3.054961,53.835521],[-3.054951,53.835759],[-3.054936,53.836056],[-3.054932,53.836136],[-3.054833,53.837913],[-3.054818,53.838195],[-3.054801,53.838466],[-3.054796,53.838614],[-3.05474,53.839613],[-3.054728,53.839738],[-3.054717,53.839952],[-3.054669,53.840232],[-3.054629,53.840438],[-3.054618,53.840516],[-3.05453,53.841029],[-3.054424,53.841676],[-3.054409,53.841768],[-3.054381,53.84194],[-3.054351,53.842117],[-3.054328,53.842251],[-3.054228,53.842891],[-3.054125,53.84361],[-3.054012,53.844315],[-3.053905,53.844966],[-3.053761,53.845845],[-3.053686,53.846254],[-3.053668,53.846361],[-3.053613,53.846689],[-3.053588,53.846838],[-3.053585,53.846873],[-3.053569,53.84706],[-3.053574,53.847442],[-3.053595,53.84773],[-3.053616,53.848321],[-3.053616,53.848701],[-3.053611,53.848814],[-3.053549,53.849257],[-3.053546,53.849276],[-3.053452,53.849622],[-3.053438,53.849675],[-3.053353,53.849982],[-3.053225,53.850299],[-3.053028,53.850767],[-3.052922,53.850888],[-3.052751,53.851355],[-3.052375,53.852218],[-3.052208,53.85261],[-3.051996,53.85312],[-3.051885,53.853385],[-3.05179,53.853603],[-3.051697,53.853817],[-3.051687,53.853854],[-3.051232,53.854938],[-3.051183,53.855055],[-3.050775,53.856028],[-3.050445,53.856833],[-3.05038,53.85704],[-3.050263,53.857409],[-3.050258,53.857423],[-3.050207,53.857581],[-3.050194,53.857626],[-3.050134,53.857812],[-3.050068,53.858018],[-3.050062,53.858038],[-3.049821,53.858846],[-3.049247,53.860707],[-3.049034,53.861355],[-3.048923,53.861693],[-3.048891,53.861793],[-3.048883,53.861817],[-3.048834,53.861955],[-3.04831,53.863651],[-3.048236,53.863882],[-3.04792,53.86494],[-3.047711,53.865575],[-3.047674,53.865696],[-3.047597,53.865944],[-3.047518,53.866211],[-3.047354,53.866719],[-3.047181,53.867264],[-3.047109,53.867452],[-3.046895,53.867731],[-3.046722,53.867905],[-3.04671,53.867918],[-3.046475,53.868108],[-3.04625,53.86823],[-3.045966,53.86838],[-3.045706,53.868525],[-3.045279,53.868741],[-3.044505,53.86914],[-3.043707,53.869556],[-3.043509,53.869675],[-3.043297,53.869825],[-3.043071,53.870047],[-3.042859,53.870373],[-3.042747,53.870666],[-3.042716,53.870827],[-3.042705,53.871],[-3.042768,53.871416],[-3.04288,53.872135],[-3.043021,53.873186],[-3.043115,53.873841],[-3.043161,53.874203],[-3.043239,53.87474],[-3.043197,53.874978],[-3.043156,53.875096],[-3.043108,53.875187],[-3.043013,53.875316],[-3.042943,53.875386],[-3.042769,53.875531],[-3.042633,53.875619],[-3.042523,53.875678],[-3.041871,53.875975],[-3.04153,53.876127],[-3.041295,53.876234],[-3.041176,53.876299],[-3.041037,53.876385],[-3.0409,53.876491],[-3.040636,53.876705],[-3.040503,53.876804],[-3.040307,53.876927],[-3.040244,53.876967],[-3.040031,53.877108],[-3.039944,53.877204],[-3.039881,53.8773],[-3.039838,53.877465],[-3.039821,53.877533],[-3.039804,53.877615],[-3.039737,53.877907],[-3.039733,53.877917],[-3.039595,53.878352],[-3.03953,53.878573],[-3.039451,53.878832],[-3.039335,53.879203],[-3.039256,53.879439],[-3.039181,53.879694],[-3.03913,53.879942],[-3.039073,53.88022],[-3.039037,53.880387],[-3.038965,53.880755],[-3.038909,53.881012],[-3.038835,53.8814],[-3.038815,53.881535],[-3.038812,53.88168],[-3.038836,53.881859],[-3.038871,53.881965],[-3.038989,53.882248],[-3.03926,53.882785],[-3.039579,53.883405],[-3.039669,53.883606],[-3.039709,53.883736],[-3.039734,53.883947],[-3.039741,53.884065],[-3.039759,53.884214],[-3.039791,53.884412],[-3.039838,53.884721],[-3.039872,53.884999],[-3.039886,53.885107],[-3.039921,53.885264],[-3.039987,53.885448],[-3.040097,53.885765],[-3.040417,53.886648],[-3.040459,53.886824],[-3.040472,53.887017],[-3.040438,53.887352],[-3.040381,53.887696],[-3.040363,53.887802],[-3.040182,53.888976],[-3.04001,53.890085],[-3.039975,53.890299],[-3.039956,53.890464],[-3.039944,53.890639],[-3.039945,53.890871],[-3.039958,53.89138],[-3.039983,53.892446],[-3.039988,53.892802],[-3.039989,53.892958],[-3.03998,53.89311],[-3.03997,53.89325],[-3.039952,53.893384],[-3.039929,53.893498],[-3.039878,53.893675],[-3.039826,53.893825],[-3.039661,53.89421],[-3.039599,53.894377],[-3.039555,53.89451],[-3.039534,53.894594],[-3.039518,53.894695],[-3.039509,53.894793],[-3.039501,53.895203],[-3.039498,53.896452],[-3.039498,53.89687],[-3.039497,53.897244],[-3.039491,53.897391],[-3.039478,53.897529],[-3.039448,53.897687],[-3.03942,53.897816],[-3.039377,53.89797],[-3.039314,53.898143],[-3.039254,53.898284],[-3.039187,53.898426],[-3.039112,53.89856],[-3.039032,53.898695],[-3.038952,53.898816],[-3.038867,53.898934],[-3.038735,53.899098],[-3.038624,53.899235],[-3.038497,53.899373],[-3.038356,53.899514],[-3.038255,53.89961],[-3.03817,53.899686],[-3.038056,53.899784],[-3.037919,53.899892],[-3.037712,53.900041],[-3.037526,53.900167],[-3.037365,53.900266],[-3.037069,53.900438],[-3.03672,53.900622],[-3.035973,53.901022],[-3.03556,53.901251],[-3.035283,53.901413],[-3.035014,53.901579],[-3.034767,53.901735],[-3.034535,53.901891],[-3.034285,53.902074],[-3.033952,53.902326],[-3.033651,53.902568],[-3.03342,53.902772],[-3.033136,53.903026],[-3.03299,53.903168],[-3.032848,53.903312],[-3.032372,53.903797],[-3.032274,53.903902],[-3.031888,53.904304],[-3.031638,53.904563],[-3.031618,53.904585],[-3.031557,53.904655],[-3.031344,53.904866],[-3.031078,53.905137],[-3.030565,53.905658],[-3.030069,53.906162],[-3.029802,53.906436],[-3.02937,53.906881],[-3.02922,53.907045],[-3.029057,53.907238],[-3.028914,53.907424],[-3.028834,53.907545],[-3.028701,53.907756],[-3.028594,53.907938],[-3.028539,53.908048],[-3.02845,53.908235],[-3.028337,53.908507],[-3.028258,53.90868],[-3.028174,53.908855],[-3.028075,53.909056],[-3.027964,53.909247],[-3.027837,53.909445],[-3.027749,53.909572],[-3.027667,53.909678],[-3.027603,53.909764],[-3.02751,53.909885],[-3.027364,53.910053],[-3.026968,53.910461],[-3.026714,53.910704],[-3.026042,53.911344],[-3.025085,53.912254],[-3.024268,53.913042],[-3.023878,53.913411],[-3.023843,53.913444],[-3.02369,53.91359],[-3.023539,53.913737],[-3.023411,53.913855],[-3.023149,53.914106],[-3.022863,53.914382],[-3.022261,53.914966],[-3.02116,53.916035],[-3.020799,53.916388],[-3.020503,53.916677],[-3.020376,53.9168],[-3.020202,53.916963],[-3.020111,53.91706],[-3.019979,53.917187],[-3.019737,53.91742],[-3.019371,53.917775],[-3.018808,53.918326],[-3.018396,53.918724],[-3.017667,53.919436],[-3.017281,53.919822],[-3.017007,53.920079],[-3.016888,53.920184],[-3.01679,53.920267],[-3.016766,53.920287],[-3.016448,53.920479],[-3.016336,53.920537],[-3.015701,53.920817],[-3.014966,53.921144],[-3.014366,53.921404],[-3.013607,53.921727],[-3.012754,53.922091],[-3.011962,53.922419],[-3.011536,53.922604],[-3.01118,53.922755],[-3.010408,53.923083],[-3.010069,53.923226],[-3.009674,53.923412],[-3.009275,53.923574],[-3.008883,53.923755],[-3.0088,53.923819],[-3.008771,53.923852],[-3.008741,53.923896],[-3.008709,53.92396],[-3.008699,53.92402],[-3.008709,53.924162],[-3.008739,53.924347],[-3.008736,53.924382],[-3.008713,53.924624],[-3.008675,53.924927],[-3.008607,53.925529],[-3.008549,53.925845],[-3.008516,53.926405],[-3.008569,53.926596],[-3.008949,53.927132],[-3.00896,53.927176],[-3.008966,53.927201],[-3.008958,53.927241],[-3.00893,53.927302],[-3.008884,53.927361],[-3.008851,53.927374],[-3.008704,53.92743],[-3.008286,53.927524],[-3.007929,53.927602]],[[-3.03953,53.878573],[-3.039542,53.878341]],[[-3.007001,53.927372],[-3.006913,53.927254],[-3.006695,53.926982],[-3.006641,53.926915],[-3.006623,53.926855],[-3.006649,53.926791],[-3.006688,53.926753],[-3.006747,53.926709],[-3.006834,53.926671],[-3.007001,53.926633]],[[-3.007929,53.927602],[-3.007656,53.927664],[-3.007535,53.927681],[-3.007434,53.927677],[-3.007328,53.927646],[-3.007247,53.927613],[-3.007176,53.92757],[-3.007108,53.927507],[-3.007001,53.927372]],[[-3.008549,53.925845],[-3.008534,53.925747],[-3.0085,53.925622]]]}},{"type":"Feature","geometry":{"type":"LineString","coordinates":[[-2.949446,53.740835],[-2.949572,53.740785]]},"properties":{"@id":"way/145464691","bridge":"yes","electrified":"no","gauge":"1435","loading_gauge":"W6A","maxspeed":"70 mph","name":"Preston and Wyre Joint Railway","operator":"Network Rail","operator:wikidata":"Q1501071","passenger_lines":"1","railway":"rail","ref":"KBS1","ref:lor":"NW4007","source":"landsat","start_date":"1846","usage":"branch"},"id":"way/145464691"},{"type":"Feature","geometry":{"type":"LineString","coordinates":[[-2.903226,53.786424],[-2.90565,53.785252],[-2.912053,53.782154],[-2.91717,53.779679],[-2.917826,53.779345]]},"properties":{"@id":"way/182502296","electrified":"no","gauge":"1435","loading_gauge":"W6A","maxspeed":"70","name":"Preston and Wyre Joint Railway","operator":"Network Rail","operator:wikidata":"Q1501071","passenger_lines":"1","railway":"rail","ref":"KBS1","ref:lor":"NW4007","source":"Bing","start_date":"1846","usage":"branch"},"id":"way/182502296"},{"type":"Feature","geometry":{"type":"LineString","coordinates":[[-2.901107,53.787449],[-2.901372,53.787321]]},"properties":{"@id":"way/182502300","bridge":"yes","electrified":"no","gauge":"1435","loading_gauge":"W6A","maxspeed":"40 mph","name":"Kirkham and Blackpool South Branch","operator":"Network Rail","operator:wikidata":"Q1501071","passenger_lines":"1","railway":"rail","ref":"KBS1","ref:lor":"NW4007","source":"landsat","usage":"branch"},"id":"way/182502300"},{"type":"Feature","geometry":{"type":"LineString","coordinates":[[-2.873795,53.787052],[-2.875541,53.786931],[-2.876124,53.786901],[-2.876904,53.786874],[-2.877683,53.78686],[-2.87882,53.786867],[-2.879727,53.786887],[-2.880505,53.786907],[-2.881195,53.786932],[-2.883036,53.786983],[-2.884571,53.787016],[-2.885365,53.787041],[-2.886583,53.787116]]},"properties":{"@id":"way/210971771","electrified":"contact_line","frequency":"50","gauge":"1435","loading_gauge":"W6A","maxspeed":"70 mph","name":"Preston and Blackpool North Branch","operator":"Network Rail","operator:wikidata":"Q1501071","passenger_lines":"4","railway":"rail","ref":"PBN","ref:lor":"NW4005","usage":"main","voltage":"25000"},"id":"way/210971771"},{"type":"Feature","geometry":{"type":"LineString","coordinates":[[-2.848463,53.785943],[-2.858473,53.786828],[-2.863154,53.787217],[-2.864685,53.787331],[-2.866217,53.787376],[-2.867719,53.787388],[-2.869248,53.787339]]},"properties":{"@id":"way/210971773","electrified":"contact_line","frequency":"50","gauge":"1435","loading_gauge":"W6A","maxspeed":"70 mph","name":"Preston and Blackpool North Branch","operator":"Network Rail","operator:wikidata":"Q1501071","passenger_lines":"2","railway":"rail","ref":"PBN","ref:lor":"NW4005","usage":"main","voltage":"25000"},"id":"way/210971773"},{"type":"Feature","geometry":{"type":"LineString","coordinates":[[-2.873795,53.787052],[-2.875289,53.786904],[-2.876079,53.786832],[-2.877181,53.786791],[-2.878517,53.786769],[-2.878983,53.786764],[-2.880526,53.786768],[-2.881841,53.786798],[-2.883293,53.786831],[-2.88345,53.786835],[-2.884281,53.786877],[-2.885222,53.786941],[-2.886221,53.78703],[-2.887981,53.787192],[-2.889239,53.787326],[-2.890012,53.787427],[-2.890486,53.787494],[-2.891119,53.787589],[-2.891644,53.787673],[-2.892126,53.787752],[-2.892495,53.787818],[-2.893136,53.787929]]},"properties":{"@id":"way/210971774","electrified":"no","gauge":"1435","loading_gauge":"W6A","maxspeed":"40 mph","name":"Preston and Blackpool North Branch","operator":"Network Rail","operator:wikidata":"Q1501071","passenger_lines":"4","proposed:electrified":"contact_line","proposed:frequency":"50","proposed:voltage":"25000","railway":"rail","ref":"PBN","ref:lor":"NW4005","usage":"main"},"id":"way/210971774"},{"type":"Feature","geometry":{"type":"LineString","coordinates":[[-2.900764,53.789496],[-2.899854,53.789324],[-2.89854,53.789085],[-2.897151,53.788843],[-2.895882,53.788588],[-2.894625,53.788321],[-2.894257,53.788245],[-2.893642,53.788111],[-2.892879,53.787961],[-2.892321,53.78786],[-2.891596,53.787736],[-2.89074,53.787601],[-2.889468,53.787431],[-2.889069,53.787388],[-2.887952,53.787265],[-2.886568,53.787154],[-2.885376,53.787089],[-2.884718,53.78706],[-2.884119,53.787042],[-2.883009,53.787011],[-2.881093,53.786958],[-2.880515,53.786942],[-2.87973,53.786919],[-2.878817,53.786899]]},"properties":{"@id":"way/210971776","electrified":"contact_line","frequency":"50","gauge":"1435","loading_gauge":"W6A","maxspeed":"70 mph","name":"Preston and Blackpool North Branch","operator":"Network Rail","operator:wikidata":"Q1501071","passenger_lines":"4","railway":"rail","ref":"PBN","ref:lor":"NW4005","source":"Bing","usage":"main","voltage":"25000"},"id":"way/210971776"},{"type":"Feature","geometry":{"type":"LineString","coordinates":[[-3.039761,53.829444],[-3.040118,53.829238]]},"properties":{"@id":"way/210984885","bridge":"yes","electrified":"contact_line","frequency":"50","gauge":"1435","layer":"1","loading_gauge":"W6A","name":"Preston and Blackpool North Branch","operator":"Network Rail","operator:wikidata":"Q1501071","passenger_lines":"2","railway":"rail","ref":"PBN","ref:lor":"NW4005","usage":"main","voltage":"25000"},"id":"way/210984885"},{"type":"Feature","geometry":{"type":"LineString","coordinates":[[-2.955961,53.817684],[-2.956018,53.817781]]},"properties":{"@id":"way/210984886","bridge":"yes","electrified":"contact_line","frequency":"50","gauge":"1435","layer":"1","loading_gauge":"W6A","maxspeed":"70 mph","name":"Preston and Blackpool North Branch","operator":"Network Rail","operator:wikidata":"Q1501071","passenger_lines":"2","railway":"rail","ref":"PBN","ref:lor":"NW4005","usage":"main","voltage":"25000"},"id":"way/210984886"},{"type":"Feature","geometry":{"type":"LineString","coordinates":[[-3.044814,53.826446],[-3.045262,53.826171],[-3.045583,53.825969],[-3.046007,53.825631],[-3.046191,53.825455],[-3.046383,53.825273],[-3.046573,53.825088]]},"properties":{"@id":"way/210984888","electrified":"contact_line","frequency":"50","gauge":"1435","loading_gauge":"W6A","maxspeed":"30 mph","name":"Preston and Blackpool North Branch","operator":"Network Rail","operator:wikidata":"Q1501071","passenger_lines":"2","railway":"rail","ref":"PBN","ref:lor":"NW4005","usage":"main","voltage":"25000"},"id":"way/210984888"},{"type":"Feature","geometry":{"type":"LineString","coordinates":[[-2.956018,53.817781],[-2.95683,53.819136],[-2.957618,53.820251],[-2.958267,53.821151],[-2.959523,53.822753],[-2.960816,53.824333],[-2.961416,53.825074],[-2.9639,53.828034]]},"properties":{"@id":"way/210984892","electrified":"contact_line","frequency":"50","gauge":"1435","loading_gauge":"W6A","maxspeed":"70 mph","name":"Preston and Blackpool North Branch","operator":"Network Rail","operator:wikidata":"Q1501071","passenger_lines":"2","railway":"rail","ref":"PBN","ref:lor":"NW4005","usage":"main","voltage":"25000"},"id":"way/210984892"},{"type":"Feature","geometry":{"type":"LineString","coordinates":[[-2.9639,53.828034],[-2.963975,53.828123]]},"properties":{"@id":"way/210984894","bridge":"yes","electrified":"contact_line","frequency":"50","gauge":"1435","layer":"1","loading_gauge":"W6A","maxspeed":"70 mph","name":"Preston and Blackpool North Branch","operator":"Network Rail","operator:wikidata":"Q1501071","passenger_lines":"2","railway":"rail","ref":"PBN","ref:lor":"NW4005","usage":"main","voltage":"25000"},"id":"way/210984894"},{"type":"Feature","geometry":{"type":"LineString","coordinates":[[-2.846816,53.78588],[-2.841194,53.785317],[-2.83833,53.785047],[-2.835197,53.784642],[-2.822451,53.782562],[-2.820735,53.782246],[-2.818053,53.781782],[-2.815781,53.781388]]},"properties":{"@id":"way/210986608","electrified":"contact_line","frequency":"50","gauge":"1435","loading_gauge":"W6A","name":"Preston and Blackpool North Branch","operator":"Network Rail","operator:wikidata":"Q1501071","passenger_lines":"2","railway":"rail","ref":"PBN","ref:lor":"NW4005","usage":"main","voltage":"25000"},"id":"way/210986608"},{"type":"Feature","geometry":{"type":"LineString","coordinates":[[-2.848447,53.786005],[-2.846816,53.78588]]},"properties":{"@id":"way/210986610","bridge":"yes","electrified":"contact_line","frequency":"50","gauge":"1435","layer":"1","loading_gauge":"W6A","name":"Preston and Blackpool North Branch","operator":"Network Rail","operator:wikidata":"Q1501071","passenger_lines":"2","railway":"rail","ref":"PBN","ref:lor":"NW4005","usage":"main","voltage":"25000"},"id":"way/210986610"},{"type":"Feature","geometry":{"type":"LineString","coordinates":[[-2.815781,53.781388],[-2.814595,53.781191],[-2.813487,53.781002],[-2.808091,53.780116],[-2.793401,53.777641],[-2.790345,53.777136],[-2.786365,53.776594],[-2.781837,53.776055],[-2.7796,53.775779],[-2.777197,53.775586],[-2.774676,53.775516],[-2.774433,53.775513],[-2.773692,53.775503],[-2.769998,53.775456],[-2.766222,53.775437]]},"properties":{"@id":"way/210986614","electrified":"contact_line","frequency":"50","gauge":"1435","loading_gauge":"W6A","name":"Preston and Blackpool North Branch","operator":"Network Rail","operator:wikidata":"Q1501071","passenger_lines":"2","railway":"rail","ref":"PBN","ref:lor":"NW4005","usage":"main","voltage":"25000"},"id":"way/210986614"},{"type":"Feature","geometry":{"type":"LineString","coordinates":[[-3.044787,53.826424],[-3.045226,53.826147],[-3.045752,53.825783],[-3.045973,53.825602]]},"properties":{"@id":"way/238405288","electrified":"contact_line","frequency":"50","gauge":"1435","loading_gauge":"W6A","maxspeed":"30 mph","name":"Preston and Blackpool North Branch","operator":"Network Rail","operator:wikidata":"Q1501071","railway":"rail","ref":"PBN","ref:lor":"NW4005","voltage":"25000"},"id":"way/238405288"},{"type":"Feature","geometry":{"type":"LineString","coordinates":[[-3.04648,53.825245],[-3.046322,53.825386],[-3.046228,53.825471],[-3.046049,53.825645],[-3.045865,53.825807],[-3.045642,53.82598],[-3.045301,53.826192],[-3.044852,53.826468]]},"properties":{"@id":"way/238405296","electrified":"contact_line","frequency":"50","gauge":"1435","loading_gauge":"W6A","maxspeed":"30 mph","name":"Preston and Blackpool North Branch","operator":"Network Rail","operator:wikidata":"Q1501071","passenger_lines":"2","railway":"rail","ref":"PBN","ref:lor":"NW4005","usage":"main","voltage":"25000"},"id":"way/238405296"},{"type":"Feature","geometry":{"type":"LineString","coordinates":[[-2.893136,53.787929],[-2.89372,53.788037],[-2.894258,53.788131]]},"properties":{"@id":"way/238427005","electrified":"no","gauge":"1435","loading_gauge":"W6A","maxspeed":"40 mph","name":"Kirkham and Blackpool South Branch","operator":"Network Rail","operator:wikidata":"Q1501071","passenger_lines":"4","proposed:electrified":"contact_line","proposed:frequency":"50","proposed:voltage":"25000","railway":"rail","ref":"KBS1","ref:lor":"NW4005","usage":"main"},"id":"way/238427005"},{"type":"Feature","properties":{"@id":"way/238547776","electrified":"contact_line","frequency":"0","gauge":"1435","network":"Blackpool Tramway","oneway":"yes","operator":"Blackpool Transport","railway":"tram","voltage":"600","note":"approximate","service":"crossover","name":"T2"},"geometry":{"type":"MultiLineString","coordinates":[[[-3.056157,53.81879],[-3.056121,53.818831],[-3.056074,53.818873],[-3.056019,53.818911],[-3.056012,53.818916],[-3.05595,53.81894],[-3.055833,53.818976],[-3.055719,53.818992],[-3.055623,53.818997],[-3.055367,53.818978]],[[-3.055406,53.81894],[-3.055621,53.818949],[-3.055744,53.818946],[-3.055862,53.818922],[-3.055923,53.818901],[-3.056017,53.818851],[-3.056109,53.818765]],[[-3.056109,53.818765],[-3.056116,53.818746],[-3.056135,53.818662],[-3.056141,53.818636],[-3.056161,53.818506],[-3.056152,53.8183],[-3.056143,53.818059],[-3.05614,53.817986],[-3.056133,53.8178],[-3.056127,53.817734],[-3.056098,53.817416],[-3.056098,53.817406],[-3.056083,53.817171],[-3.056079,53.817014],[-3.056062,53.816665],[-3.056047,53.816285],[-3.056032,53.815875],[-3.056031,53.815855],[-3.056018,53.815619],[-3.05599,53.815211],[-3.055941,53.814965],[-3.055857,53.814657],[-3.05582,53.814504],[-3.055806,53.814447],[-3.055764,53.814223],[-3.055763,53.814211],[-3.055544,53.812379],[-3.055549,53.811957],[-3.055559,53.811794],[-3.055576,53.811531],[-3.055585,53.81147],[-3.055618,53.811177],[-3.055636,53.811072],[-3.055701,53.810693],[-3.055753,53.81042],[-3.055788,53.810125],[-3.055782,53.809911],[-3.055756,53.8097],[-3.055736,53.809516],[-3.0557,53.809303],[-3.055681,53.80915],[-3.055668,53.809058],[-3.055654,53.808944],[-3.055603,53.808621],[-3.055566,53.80829],[-3.055522,53.807934],[-3.055518,53.807904],[-3.055476,53.807582],[-3.055462,53.807483],[-3.055457,53.807432],[-3.055449,53.807338],[-3.05545,53.806491],[-3.055461,53.805415],[-3.055465,53.805044],[-3.055472,53.804669],[-3.055466,53.803768],[-3.055496,53.803194],[-3.055544,53.802726],[-3.055558,53.802456],[-3.055572,53.802196],[-3.055722,53.800135],[-3.055784,53.799598],[-3.055818,53.799251],[-3.055882,53.798855],[-3.055889,53.798813],[-3.055919,53.798675],[-3.056203,53.797209],[-3.056268,53.796666],[-3.056278,53.796401],[-3.056313,53.796112],[-3.056347,53.795895],[-3.056377,53.795705],[-3.056499,53.794747],[-3.056658,53.793811],[-3.056702,53.793484],[-3.056727,53.793294],[-3.056764,53.793129],[-3.056786,53.793042],[-3.056833,53.792822],[-3.056902,53.792623],[-3.056997,53.79241],[-3.057083,53.792224],[-3.057162,53.792089],[-3.057264,53.791937],[-3.057332,53.791842],[-3.057574,53.791519],[-3.057675,53.79139],[-3.057774,53.791248],[-3.057846,53.791136],[-3.057898,53.791039],[-3.057969,53.790883],[-3.058015,53.790767],[-3.058075,53.790639],[-3.058104,53.790496],[-3.058148,53.789773],[-3.058187,53.789085],[-3.058242,53.78793],[-3.058277,53.787371],[-3.058299,53.78713],[-3.058317,53.786891],[-3.05833,53.786001],[-3.058321,53.785452],[-3.058268,53.78482],[-3.058183,53.784038],[-3.058079,53.782943],[-3.058054,53.782679],[-3.058032,53.782509],[-3.057936,53.781592],[-3.057834,53.78065],[-3.057668,53.779491],[-3.057635,53.779268],[-3.057587,53.778977],[-3.057542,53.778732],[-3.057527,53.778682],[-3.0575,53.778629],[-3.057474,53.778583],[-3.057423,53.778529],[-3.057373,53.778492],[-3.057314,53.778461],[-3.057253,53.778431],[-3.057174,53.778394],[-3.056987,53.778314],[-3.056054,53.777948]],[[-3.057667,53.791466],[-3.057529,53.791659],[-3.057388,53.791854],[-3.057317,53.791951],[-3.057212,53.792099],[-3.057129,53.79223],[-3.05704,53.792416],[-3.056944,53.792627],[-3.05688,53.792826],[-3.05686,53.792914],[-3.056825,53.793073],[-3.056816,53.793132],[-3.056767,53.793459],[-3.056712,53.793817],[-3.056552,53.794755],[-3.056432,53.795712],[-3.056411,53.795901],[-3.056327,53.796668],[-3.056264,53.797271],[-3.055998,53.798554],[-3.055973,53.798678],[-3.055895,53.799055],[-3.05586,53.799299],[-3.055789,53.800139],[-3.05564,53.80223],[-3.055626,53.802464],[-3.055609,53.802726],[-3.055567,53.803254],[-3.055541,53.803836],[-3.055531,53.804663],[-3.055501,53.806479],[-3.055511,53.806811],[-3.055527,53.807395],[-3.055538,53.807608],[-3.055538,53.807665],[-3.055581,53.808038],[-3.055586,53.808069],[-3.055721,53.809073],[-3.055804,53.809616],[-3.055837,53.809902],[-3.055852,53.810129],[-3.055831,53.810395],[-3.055696,53.811078],[-3.055677,53.811174],[-3.055638,53.811473],[-3.055635,53.811526],[-3.055611,53.811801],[-3.055596,53.811975],[-3.055603,53.812378],[-3.05582,53.814208],[-3.055829,53.814283],[-3.055882,53.814513],[-3.055914,53.814649],[-3.055997,53.814949],[-3.056047,53.815213],[-3.056081,53.81563],[-3.056093,53.815854],[-3.056094,53.815867],[-3.056114,53.816339],[-3.056137,53.816923],[-3.056157,53.817386],[-3.056157,53.817395],[-3.056161,53.81747],[-3.056192,53.817805],[-3.056199,53.817986],[-3.056202,53.818084],[-3.056209,53.818284],[-3.056217,53.818502],[-3.056174,53.818743],[-3.056157,53.81879]],[[-3.056075,53.777926],[-3.057029,53.778302],[-3.057298,53.778413],[-3.05739,53.77846],[-3.057453,53.778498],[-3.057502,53.77854],[-3.057529,53.778573],[-3.057571,53.778635]],[[-3.055203,53.777625],[-3.055455,53.777694],[-3.055595,53.777742],[-3.056075,53.777926]],[[-3.056054,53.777948],[-3.055388,53.777697],[-3.055203,53.777625]],[[-3.057571,53.778635],[-3.057585,53.778688],[-3.057598,53.778766],[-3.057662,53.779153],[-3.057682,53.779278],[-3.05788,53.780649],[-3.057979,53.781589],[-3.058075,53.78251],[-3.058092,53.782675],[-3.05812,53.782942],[-3.058231,53.784031],[-3.058318,53.784817],[-3.058364,53.785452],[-3.058377,53.785996],[-3.058355,53.786889],[-3.058317,53.787368],[-3.058312,53.787499],[-3.058289,53.78793],[-3.058239,53.789092],[-3.058196,53.789776],[-3.058153,53.790506],[-3.058121,53.790643],[-3.058061,53.790772],[-3.058007,53.790902],[-3.057956,53.791021],[-3.057883,53.791148],[-3.057797,53.791283],[-3.057667,53.791466]],[[-3.056143,53.818059],[-3.056209,53.818284]]]}},{"type":"Feature","geometry":{"type":"LineString","coordinates":[[-2.872816,53.787153],[-2.87206,53.787208],[-2.870336,53.787334],[-2.869196,53.787386],[-2.867708,53.787426],[-2.866203,53.787415],[-2.864674,53.787374],[-2.863086,53.787259],[-2.858468,53.786863],[-2.848447,53.786005]]},"properties":{"@id":"way/381886186","electrified":"contact_line","frequency":"50","gauge":"1435","loading_gauge":"W6A","name":"Preston and Blackpool North Branch","operator":"Network Rail","operator:wikidata":"Q1501071","passenger_lines":"2","railway":"rail","ref":"PBN","ref:lor":"NW4005","usage":"main","voltage":"25000"},"id":"way/381886186"},{"type":"Feature","geometry":{"type":"LineString","coordinates":[[-2.899068,53.789131],[-2.902225,53.789741],[-2.910465,53.791361],[-2.914403,53.792112],[-2.917385,53.792704],[-2.920384,53.793284],[-2.923844,53.793965],[-2.926317,53.79445],[-2.92887,53.795059],[-2.93144,53.795743],[-2.933747,53.796434],[-2.935066,53.796868],[-2.937239,53.797666],[-2.939245,53.798481],[-2.941643,53.799615],[-2.942652,53.800106],[-2.943773,53.800803],[-2.944738,53.801418],[-2.945779,53.802184],[-2.947474,53.803543],[-2.948263,53.804323],[-2.949073,53.805286],[-2.949636,53.806144],[-2.950414,53.807528],[-2.951852,53.810173],[-2.953284,53.812844],[-2.955961,53.817684]]},"properties":{"@id":"way/383167850","electrified":"contact_line","frequency":"50","gauge":"1435","loading_gauge":"W6A","maxspeed":"70 mph","name":"Preston and Blackpool North Branch","operator":"Network Rail","operator:wikidata":"Q1501071","passenger_lines":"2","railway":"rail","ref":"PBN","ref:lor":"NW4005","source":"Bing","usage":"main","voltage":"25000"},"id":"way/383167850"},{"type":"Feature","geometry":{"type":"LineString","coordinates":[[-2.941579,53.799624],[-2.939181,53.798505],[-2.937169,53.797692],[-2.935018,53.796897],[-2.933692,53.796463],[-2.931387,53.795772],[-2.928838,53.795096],[-2.926279,53.794488],[-2.92379,53.794001],[-2.916323,53.792531],[-2.913149,53.791918],[-2.903835,53.790113],[-2.900764,53.789496]]},"properties":{"@id":"way/383167851","electrified":"contact_line","frequency":"50","gauge":"1435","loading_gauge":"W6A","maxspeed":"70 mph","name":"Preston and Blackpool North Branch","operator":"Network Rail","operator:wikidata":"Q1501071","passenger_lines":"2","railway":"rail","ref":"PBN","ref:lor":"NW4005","source":"Bing","usage":"main","voltage":"25000"},"id":"way/383167851"},{"type":"Feature","geometry":{"type":"LineString","coordinates":[[-2.872821,53.787118],[-2.872962,53.787108]]},"properties":{"@id":"way/404724535","bridge":"yes","electrified":"contact_line","frequency":"50","gauge":"1435","layer":"1","loading_gauge":"W6A","maxspeed":"70 mph","name":"Preston and Blackpool North Branch","operator":"Network Rail","operator:wikidata":"Q1501071","passenger_lines":"4","railway":"rail","ref":"PBN","ref:lor":"NW4005","usage":"main","voltage":"25000"},"id":"way/404724535"},{"type":"Feature","geometry":{"type":"LineString","coordinates":[[-2.979546,53.844103],[-2.980025,53.844458],[-2.980628,53.844864],[-2.981267,53.845258],[-2.981713,53.845508],[-2.982191,53.845758],[-2.982538,53.845923],[-2.982867,53.846054],[-2.983206,53.846181],[-2.986801,53.847453]]},"properties":{"@id":"way/551720112","electrified":"contact_line","frequency":"50","gauge":"1435","loading_gauge":"W6A","maxspeed":"50 mph","name":"Preston and Blackpool North Branch","operator":"Network Rail","operator:wikidata":"Q1501071","passenger_lines":"2","railway":"rail","ref":"PBN","ref:lor":"NW4005","usage":"main","voltage":"25000"},"id":"way/551720112"},{"type":"Feature","geometry":{"type":"LineString","coordinates":[[-2.990833,53.84852],[-2.990365,53.848466],[-2.989939,53.848405],[-2.989594,53.848345],[-2.989229,53.848272],[-2.988243,53.848035],[-2.987783,53.847897],[-2.987188,53.847697],[-2.983099,53.846241],[-2.98263,53.84605],[-2.982344,53.845927],[-2.982006,53.845759],[-2.981696,53.845584],[-2.981182,53.845267],[-2.980783,53.845016],[-2.980491,53.844825],[-2.979958,53.844464],[-2.979507,53.844129]]},"properties":{"@id":"way/551720113","electrified":"contact_line","frequency":"50","gauge":"1435","loading_gauge":"W6A","maxspeed":"50 mph","name":"Preston and Blackpool North Branch","operator":"Network Rail","operator:wikidata":"Q1501071","passenger_lines":"2","railway":"rail","ref":"PBN","ref:lor":"NW4005","source":"landsat","usage":"main","voltage":"25000"},"id":"way/551720113"},{"type":"Feature","geometry":{"type":"LineString","coordinates":[[-2.886583,53.787116],[-2.887967,53.787234],[-2.889172,53.787367],[-2.890451,53.787532],[-2.89162,53.787705],[-2.892045,53.787781],[-2.892762,53.787908],[-2.893672,53.788083],[-2.894144,53.788176],[-2.897158,53.788758],[-2.899068,53.789131]]},"properties":{"@id":"way/563458102","electrified":"contact_line","frequency":"50","gauge":"1435","maxspeed":"70 mph","name":"Preston and Blackpool North Branch","operator":"Network Rail","operator:wikidata":"Q1501071","railway":"rail","ref":"PBN","voltage":"25000"},"id":"way/563458102"},{"type":"Feature","geometry":{"type":"LineString","coordinates":[[-2.894258,53.788131],[-2.894761,53.788211],[-2.895657,53.78829],[-2.896435,53.788325],[-2.897202,53.788309],[-2.898017,53.788233],[-2.898821,53.788118],[-2.899569,53.787934],[-2.900117,53.787772],[-2.900686,53.78757],[-2.901065,53.787412]]},"properties":{"@id":"way/563458103","gauge":"1435","maxspeed":"40 mph","name":"Kirkham and Blackpool South Branch","operator":"Network Rail","operator:wikidata":"Q1501071","railway":"rail","ref":"KBS1"},"id":"way/563458103"},{"type":"Feature","geometry":{"type":"LineString","coordinates":[[-2.869248,53.787339],[-2.870344,53.787293],[-2.872058,53.787163],[-2.872821,53.787118]]},"properties":{"@id":"way/563458105","electrified":"contact_line","frequency":"50","gauge":"1435","maxspeed":"70 mph","name":"Preston and Blackpool North Branch","operator":"Network Rail","operator:wikidata":"Q1501071","railway":"rail","ref":"PBN","voltage":"25000"},"id":"way/563458105"},{"type":"Feature","geometry":{"type":"LineString","coordinates":[[-2.890451,53.787532],[-2.889468,53.787431]]},"properties":{"@id":"way/563932099","electrified":"contact_line","frequency":"50","gauge":"1435","railway":"rail","service":"crossover","voltage":"25000"},"id":"way/563932099"},{"type":"Feature","geometry":{"type":"LineString","coordinates":[[-2.979507,53.844129],[-2.977772,53.842735],[-2.976688,53.841864],[-2.973846,53.839507],[-2.97243,53.838237],[-2.970954,53.836595],[-2.967478,53.832409],[-2.963921,53.82814]]},"properties":{"@id":"way/589291169","electrified":"contact_line","frequency":"50","gauge":"1435","loading_gauge":"W6A","maxspeed":"70 mph","name":"Preston and Blackpool North Branch","operator":"Network Rail","operator:wikidata":"Q1501071","passenger_lines":"2","railway":"rail","ref":"PBN","ref:lor":"NW4005","source":"landsat","usage":"main","voltage":"25000"},"id":"way/589291169"},{"type":"Feature","geometry":{"type":"LineString","coordinates":[[-3.004009,53.846922],[-3.002712,53.847382],[-3.002306,53.847507],[-3.001815,53.847651],[-3.000997,53.847872],[-2.999397,53.848198],[-2.997888,53.848398],[-2.997153,53.848467],[-2.996472,53.848516],[-2.995837,53.848538],[-2.995271,53.848548],[-2.991377,53.848555],[-2.991182,53.848546],[-2.991018,53.848535],[-2.990833,53.84852]]},"properties":{"@id":"way/589291172","electrified":"contact_line","frequency":"50","gauge":"1435","loading_gauge":"W6A","maxspeed":"35 mph","name":"Preston and Blackpool North Branch","operator":"Network Rail","operator:wikidata":"Q1501071","passenger_lines":"2","railway":"rail","ref":"PBN","ref:lor":"NW4005","source":"landsat","usage":"main","voltage":"25000"},"id":"way/589291172"},{"type":"Feature","geometry":{"type":"LineString","coordinates":[[-3.040622,53.828983],[-3.040146,53.829271]]},"properties":{"@id":"way/589291174","electrified":"contact_line","frequency":"50","gauge":"1435","loading_gauge":"W6A","maxspeed":"70 mph","name":"Preston and Blackpool North Branch","operator":"Network Rail","operator:wikidata":"Q1501071","passenger_lines":"2","railway":"rail","ref":"PBN","ref:lor":"NW4005","usage":"main","voltage":"25000"},"id":"way/589291174"},{"type":"Feature","geometry":{"type":"LineString","coordinates":[[-3.041578,53.828376],[-3.041105,53.828699]]},"properties":{"@id":"way/589291175","electrified":"contact_line","frequency":"50","gauge":"1435","loading_gauge":"W6A","maxspeed":"50 mph","name":"Preston and Blackpool North Branch","operator":"Network Rail","operator:wikidata":"Q1501071","railway":"rail","ref":"PBN","ref:lor":"NW4005","service":"crossover","voltage":"25000"},"id":"way/589291175"},{"type":"Feature","geometry":{"type":"LineString","coordinates":[[-3.047343,53.82443],[-3.047122,53.824632]]},"properties":{"@id":"way/589291176","electrified":"contact_line","frequency":"50","gauge":"1435","loading_gauge":"W6A","maxspeed":"20 mph","name":"Preston and Blackpool North Branch","operator":"Network Rail","operator:wikidata":"Q1501071","railway":"rail","ref":"PBN","ref:lor":"NW4005","usage":"main","voltage":"25000"},"id":"way/589291176"},{"type":"Feature","geometry":{"type":"LineString","coordinates":[[-3.043359,53.827306],[-3.043814,53.827008],[-3.043981,53.82691],[-3.04405,53.826861],[-3.044787,53.826424]]},"properties":{"@id":"way/589291177","electrified":"contact_line","frequency":"50","gauge":"1435","loading_gauge":"W6A","maxspeed":"40 mph","name":"Preston and Blackpool North Branch","operator":"Network Rail","operator:wikidata":"Q1501071","railway":"rail","ref":"PBN","ref:lor":"NW4005","voltage":"25000"},"id":"way/589291177"},{"type":"Feature","geometry":{"type":"LineString","coordinates":[[-3.044768,53.826517],[-3.044381,53.826704]]},"properties":{"@id":"way/589291181","electrified":"contact_line","frequency":"50","gauge":"1435","loading_gauge":"W6A","maxspeed":"30 mph","name":"Preston and Blackpool North Branch","operator":"Network Rail","operator:wikidata":"Q1501071","railway":"rail","ref":"PBN","ref:lor":"NW4005","service":"crossover","voltage":"25000"},"id":"way/589291181"},{"type":"Feature","geometry":{"type":"LineString","coordinates":[[-3.045973,53.825602],[-3.046146,53.825444],[-3.046351,53.825248],[-3.046463,53.82514]]},"properties":{"@id":"way/589291183","electrified":"contact_line","frequency":"50","gauge":"1435","loading_gauge":"W6A","maxspeed":"30 mph","name":"Preston and Blackpool North Branch","operator":"Network Rail","operator:wikidata":"Q1501071","railway":"rail","ref":"PBN","ref:lor":"NW4005","voltage":"25000"},"id":"way/589291183"},{"type":"Feature","geometry":{"type":"LineString","coordinates":[[-3.046573,53.825088],[-3.046676,53.825001]]},"properties":{"@id":"way/589291184","electrified":"contact_line","frequency":"50","gauge":"1435","loading_gauge":"W6A","name":"Preston and Blackpool North Branch","operator":"Network Rail","operator:wikidata":"Q1501071","passenger_lines":"2","railway":"rail","ref":"PBN","ref:lor":"NW4005","usage":"main","voltage":"25000"},"id":"way/589291184"},{"type":"Feature","geometry":{"type":"LineString","coordinates":[[-2.986801,53.847453],[-2.987561,53.847719],[-2.988082,53.84787],[-2.988442,53.847961],[-2.989257,53.848143],[-2.989795,53.848242],[-2.990489,53.848353],[-2.990688,53.848382],[-2.991081,53.848441],[-2.991393,53.848487],[-2.991634,53.848506],[-2.991861,53.84852],[-2.992083,53.848526]]},"properties":{"@id":"way/589328175","electrified":"contact_line","frequency":"50","gauge":"1435","loading_gauge":"W6A","maxspeed":"35 mph","name":"Preston and Blackpool North Branch","operator":"Network Rail","operator:wikidata":"Q1501071","passenger_lines":"2","railway":"rail","ref":"PBN","ref:lor":"NW4005","usage":"main","voltage":"25000"},"id":"way/589328175"},{"type":"Feature","geometry":{"type":"LineString","coordinates":[[-2.963975,53.828123],[-2.964941,53.829282],[-2.967537,53.832394],[-2.971008,53.836566],[-2.972494,53.838228],[-2.974656,53.840108],[-2.976753,53.841846],[-2.979546,53.844103]]},"properties":{"@id":"way/589328177","electrified":"contact_line","frequency":"50","gauge":"1435","loading_gauge":"W6A","maxspeed":"70 mph","name":"Preston and Blackpool North Branch","operator":"Network Rail","operator:wikidata":"Q1501071","passenger_lines":"2","railway":"rail","ref":"PBN","ref:lor":"NW4005","usage":"main","voltage":"25000"},"id":"way/589328177"},{"type":"Feature","geometry":{"type":"LineString","coordinates":[[-2.837885,53.699625],[-2.837968,53.699704],[-2.838023,53.699743],[-2.838194,53.699845],[-2.838222,53.699908],[-2.83829,53.700049],[-2.838443,53.700358]]},"properties":{"@id":"way/673837592","railway":"narrow_gauge"},"id":"way/673837592"},{"type":"Feature","geometry":{"type":"LineString","coordinates":[[-2.837929,53.699707],[-2.838023,53.699743]]},"properties":{"@id":"way/673837593","railway":"narrow_gauge"},"id":"way/673837593"},{"type":"Feature","geometry":{"type":"LineString","coordinates":[[-2.837812,53.699589],[-2.837852,53.699649],[-2.837876,53.699672],[-2.837929,53.699707]]},"properties":{"@id":"way/673837594","railway":"narrow_gauge"},"id":"way/673837594"},{"type":"Feature","geometry":{"type":"LineString","coordinates":[[-2.837784,53.699596],[-2.837822,53.699655],[-2.837856,53.699681]]},"properties":{"@id":"way/673837595","railway":"narrow_gauge"},"id":"way/673837595"},{"type":"Feature","geometry":{"type":"LineString","coordinates":[[-2.837596,53.699587],[-2.837623,53.699634],[-2.837698,53.699743],[-2.837724,53.699762],[-2.837748,53.699773]]},"properties":{"@id":"way/673837596","railway":"narrow_gauge"},"id":"way/673837596"},{"type":"Feature","geometry":{"type":"LineString","coordinates":[[-2.837623,53.699634],[-2.837692,53.699674],[-2.837807,53.699717]]},"properties":{"@id":"way/673837597","railway":"narrow_gauge"},"id":"way/673837597"},{"type":"Feature","geometry":{"type":"LineString","coordinates":[[-2.837561,53.699533],[-2.837574,53.699591],[-2.837578,53.699621],[-2.837664,53.699767],[-2.837687,53.699795],[-2.837721,53.699821],[-2.837779,53.69985],[-2.837953,53.699929]]},"properties":{"@id":"way/673837598","railway":"narrow_gauge"},"id":"way/673837598"},{"type":"Feature","geometry":{"type":"LineString","coordinates":[[-2.838061,53.699857],[-2.838116,53.699882],[-2.838148,53.699902],[-2.838164,53.699935],[-2.838234,53.699997],[-2.83829,53.700049]]},"properties":{"@id":"way/673837599","railway":"narrow_gauge"},"id":"way/673837599"},{"type":"Feature","geometry":{"type":"LineString","coordinates":[[-2.838148,53.699902],[-2.838127,53.699844]]},"properties":{"@id":"way/673837600","railway":"narrow_gauge"},"id":"way/673837600"},{"type":"Feature","geometry":{"type":"LineString","coordinates":[[-2.838127,53.699844],[-2.838114,53.699832],[-2.838095,53.699824]]},"properties":{"@id":"way/673837601","railway":"narrow_gauge"},"id":"way/673837601"},{"type":"Feature","geometry":{"type":"LineString","coordinates":[[-2.838116,53.699719],[-2.83816,53.699764],[-2.838194,53.699845]]},"properties":{"@id":"way/673837602","railway":"narrow_gauge"},"id":"way/673837602"},{"type":"Feature","geometry":{"type":"LineString","coordinates":[[-2.838087,53.699728],[-2.838104,53.699741],[-2.83816,53.699764]]},"properties":{"@id":"way/673837603","railway":"narrow_gauge"},"id":"way/673837603"},{"type":"Feature","geometry":{"type":"LineString","coordinates":[[-2.838222,53.699908],[-2.838332,53.700038]]},"properties":{"@id":"way/673837604","railway":"narrow_gauge"},"id":"way/673837604"},{"type":"Feature","geometry":{"type":"LineString","coordinates":[[-2.901327,53.787283],[-2.902545,53.78672],[-2.903226,53.786424]]},"properties":{"@id":"way/806147989","gauge":"1435","maxspeed":"40 mph","name":"Kirkham and Blackpool South Branch","operator":"Network Rail","operator:wikidata":"Q1501071","railway":"rail","ref":"KBS1"},"id":"way/806147989"},{"type":"Feature","geometry":{"type":"LineString","coordinates":[[-2.901065,53.787412],[-2.901327,53.787283]]},"properties":{"@id":"way/806147990","bridge":"yes","gauge":"1435","layer":"1","maxspeed":"40 mph","name":"Kirkham and Blackpool South Branch","operator":"Network Rail","operator:wikidata":"Q1501071","railway":"rail","ref":"KBS1"},"id":"way/806147990"},{"type":"Feature","geometry":{"type":"LineString","coordinates":[[-3.054726,53.838479],[-3.054796,53.838614]]},"properties":{"@id":"way/911453592","electrified":"contact_line","frequency":"0","gauge":"1435","network":"Blackpool Tramway","oneway":"yes","operator":"Blackpool Transport","railway":"tram","service":"crossover","voltage":"600"},"id":"way/911453592"},{"type":"Feature","geometry":{"type":"LineString","coordinates":[[-2.878817,53.786899],[-2.877696,53.786893],[-2.876913,53.786905],[-2.876129,53.78694],[-2.875544,53.786967],[-2.873814,53.787083],[-2.872958,53.787142]]},"properties":{"@id":"way/932344908","electrified":"contact_line","frequency":"50","gauge":"1435","loading_gauge":"W6A","name":"Preston and Blackpool North Branch","operator":"Network Rail","operator:wikidata":"Q1501071","passenger_lines":"2","railway":"rail","ref":"PBN","ref:lor":"NW4005","usage":"main","voltage":"25000"},"id":"way/932344908"},{"type":"Feature","geometry":{"type":"LineString","coordinates":[[-2.872958,53.787142],[-2.872816,53.787153]]},"properties":{"@id":"way/932344909","bridge":"yes","electrified":"contact_line","frequency":"50","gauge":"1435","layer":"1","loading_gauge":"W6A","name":"Preston and Blackpool North Branch","operator":"Network Rail","operator:wikidata":"Q1501071","passenger_lines":"2","railway":"rail","ref":"PBN","ref:lor":"NW4005","usage":"main","voltage":"25000"},"id":"way/932344909"},{"type":"Feature","geometry":{"type":"LineString","coordinates":[[-2.872962,53.787108],[-2.873795,53.787052]]},"properties":{"@id":"way/1062180465","electrified":"contact_line","frequency":"50","gauge":"1435","loading_gauge":"W6A","maxspeed":"70 mph","name":"Preston and Blackpool North Branch","operator":"Network Rail","operator:wikidata":"Q1501071","passenger_lines":"4","railway":"rail","ref":"PBN","ref:lor":"NW4005","usage":"main","voltage":"25000"},"id":"way/1062180465"},{"type":"Feature","geometry":{"type":"LineString","coordinates":[[-2.838234,53.699997],[-2.838245,53.70003],[-2.838257,53.700065],[-2.838282,53.700113]]},"properties":{"@id":"way/1242228493","railway":"narrow_gauge"},"id":"way/1242228493"},{"type":"Feature","geometry":{"type":"LineString","coordinates":[[-2.838057,53.699946],[-2.837687,53.699795]]},"properties":{"@id":"way/1242228494","railway":"narrow_gauge"},"id":"way/1242228494"},{"type":"Feature","geometry":{"type":"LineString","coordinates":[[-2.942337,53.769816],[-2.94253,53.769116],[-2.942871,53.76519],[-2.94289,53.764962],[-2.94291,53.76475],[-2.94292,53.764464],[-2.942915,53.764165],[-2.942911,53.764069],[-2.942865,53.763643],[-2.942744,53.763024],[-2.942227,53.761684],[-2.94136,53.760355],[-2.940015,53.758331]]},"properties":{"@id":"way/1353755361","electrified":"no","gauge":"1435","loading_gauge":"W6A","maxspeed":"70 mph","name":"Preston and Wyre Joint Railway","operator":"Network Rail","operator:wikidata":"Q1501071","passenger_lines":"1","railway":"rail","ref":"KBS1","ref:lor":"NW4007","source":"Bing","start_date":"1846","usage":"branch"},"id":"way/1353755361"},{"type":"Feature","geometry":{"type":"LineString","coordinates":[[-2.941386,53.771453],[-2.941599,53.77117],[-2.942025,53.770497],[-2.942321,53.769874],[-2.942337,53.769816]]},"properties":{"@id":"way/1353755362","electrified":"no","gauge":"1435","loading_gauge":"W6A","maxspeed":"20 mph","name":"Preston and Wyre Joint Railway","operator":"Network Rail","operator:wikidata":"Q1501071","passenger_lines":"1","railway":"rail","ref":"KBS1","ref:lor":"NW4007","source":"Bing","start_date":"1846","usage":"branch"},"id":"way/1353755362"},{"type":"Feature","geometry":{"type":"LineString","coordinates":[[-2.924456,53.777561],[-2.925635,53.777407],[-2.92696,53.77715],[-2.93273,53.775976],[-2.933836,53.775691],[-2.934914,53.775357],[-2.936039,53.774947],[-2.936931,53.774603],[-2.937746,53.774212],[-2.938643,53.773713],[-2.939343,53.773284],[-2.940054,53.772773],[-2.940595,53.772319],[-2.941156,53.771758],[-2.941386,53.771453]]},"properties":{"@id":"way/1353755363","electrified":"no","gauge":"1435","loading_gauge":"W6A","maxspeed":"70 mph","name":"Preston and Wyre Joint Railway","operator":"Network Rail","operator:wikidata":"Q1501071","passenger_lines":"1","railway":"rail","ref":"KBS1","ref:lor":"NW4007","source":"Bing","start_date":"1846","usage":"branch"},"id":"way/1353755363"},{"type":"Feature","geometry":{"type":"LineString","coordinates":[[-2.901372,53.787321],[-2.903226,53.786424]]},"properties":{"@id":"way/1353755364","electrified":"no","gauge":"1435","loading_gauge":"W6A","maxspeed":"40 mph","name":"Preston and Wyre Joint Railway","operator":"Network Rail","operator:wikidata":"Q1501071","passenger_lines":"1","railway":"rail","ref":"KBS1","ref:lor":"NW4007","source":"Bing","start_date":"1846","usage":"branch"},"id":"way/1353755364"},{"type":"Feature","geometry":{"type":"LineString","coordinates":[[-2.917826,53.779345],[-2.917865,53.779325],[-2.918451,53.779055],[-2.919272,53.778713],[-2.920088,53.778405],[-2.92096,53.778131],[-2.921824,53.777922],[-2.92274,53.777752],[-2.924456,53.777561]]},"properties":{"@id":"way/1353755365","electrified":"no","gauge":"1435","loading_gauge":"W6A","maxspeed":"55","name":"Preston and Wyre Joint Railway","operator":"Network Rail","operator:wikidata":"Q1501071","passenger_lines":"1","railway":"rail","ref":"KBS1","ref:lor":"NW4007","source":"Bing","start_date":"1846","usage":"branch"},"id":"way/1353755365"},{"type":"Feature","properties":{"@id":"way/1365286969","electrified":"contact_line","frequency":"0","gauge":"1435","network":"Blackpool Tramway","oneway":"yes","operator":"Blackpool Transport","railway":"tram","voltage":"600","service":"crossover","name":"T3"},"geometry":{"type":"MultiLineString","coordinates":[[[-3.055406,53.81894],[-3.055534,53.818968],[-3.055623,53.818997],[-3.055707,53.819025],[-3.055784,53.819063],[-3.055811,53.819087],[-3.055835,53.819118],[-3.055856,53.819154],[-3.055877,53.819195],[-3.055886,53.819246],[-3.055895,53.819327]],[[-3.055849,53.819316],[-3.055839,53.819244],[-3.05582,53.819191],[-3.05578,53.819131],[-3.05576,53.819116],[-3.055668,53.819064],[-3.055527,53.819017],[-3.055367,53.818978]],[[-3.055367,53.818978],[-3.055287,53.818971],[-3.055192,53.818968],[-3.055094,53.81897],[-3.055023,53.818979],[-3.054945,53.818991],[-3.054778,53.819038],[-3.054655,53.819075],[-3.054487,53.819122],[-3.054437,53.819136],[-3.054173,53.819214],[-3.054047,53.819255],[-3.053738,53.819357],[-3.05331,53.81949],[-3.052866,53.819632],[-3.052752,53.819668],[-3.052527,53.819743],[-3.052484,53.819758],[-3.051931,53.819936],[-3.05186,53.819959],[-3.051325,53.820137],[-3.051142,53.820198],[-3.051006,53.820265],[-3.050923,53.820322],[-3.050873,53.820377],[-3.050813,53.820445],[-3.050714,53.820606]],[[-3.050657,53.820577],[-3.050746,53.820431],[-3.050846,53.820318],[-3.050909,53.820267],[-3.050975,53.820226],[-3.051066,53.82018],[-3.051203,53.820134],[-3.051482,53.820047],[-3.052006,53.819879],[-3.052268,53.819796],[-3.052678,53.819657],[-3.052728,53.819642],[-3.052816,53.819612],[-3.05345,53.81941],[-3.054021,53.819231],[-3.054271,53.819155],[-3.054539,53.819071],[-3.054768,53.819],[-3.05491,53.818961],[-3.055032,53.81894],[-3.055131,53.818932],[-3.055245,53.818932],[-3.055406,53.81894]],[[-3.049763,53.821139],[-3.050065,53.821041],[-3.050325,53.820957],[-3.05048,53.820893],[-3.050553,53.820839],[-3.050617,53.820758]],[[-3.050714,53.820606],[-3.050617,53.820758]],[[-3.050617,53.820758],[-3.050633,53.82067],[-3.050657,53.820577]],[[-3.050714,53.820606],[-3.050633,53.82067],[-3.050525,53.820752]],[[-3.050525,53.820752],[-3.050474,53.820796],[-3.050409,53.820829],[-3.049988,53.820966],[-3.049969,53.820972],[-3.049688,53.821063]],[[-3.050525,53.820752],[-3.05061,53.820655],[-3.050657,53.820577]]]}},{"type":"Feature","geometry":{"type":"Point","coordinates":[-2.818238,53.781754]},"properties":{"@id":"node/29408099","name":"Salwick","naptan:AtcoCode":"9100SALWICK","network":"National Rail","network:website":"https://www.nationalrail.co.uk/stations/slw/","network:wikidata":"Q26334","operator":"Northern Trains","operator:website":"https://www.northernrailway.co.uk/stations/salwick","operator:wikidata":"Q85789775","public_transport":"station","railway":"station","ref:crs":"SLW","source":"NPE","train":"yes","wikidata":"Q2915837","wikipedia":"en:Salwick railway station"},"id":"node/29408099"},{"type":"Feature","geometry":{"type":"Point","coordinates":[-2.88338,53.786905]},"properties":{"@id":"node/29408109","name":"Kirkham and Wesham","naptan:AtcoCode":"9100KIRKHAM","network":"National Rail","network:website":"https://www.nationalrail.co.uk/stations/kkm/","network:wikidata":"Q26334","operator":"Northern Trains","operator:website":"https://www.northernrailway.co.uk/stations/kirkham-wesham","operator:wikidata":"Q85789775","public_transport":"station","railway":"station","ref:crs":"KKM","source":"NPE","train":"yes","wikidata":"Q2226133","wikipedia":"en:Kirkham and Wesham railway station"},"id":"node/29408109"},{"type":"Feature","geometry":{"type":"Point","coordinates":[-2.942962,53.764753]},"properties":{"@id":"node/29408128","name":"Moss Side","naptan:AtcoCode":"9100MSSD","network":"National Rail","network:website":"https://www.nationalrail.co.uk/stations/mos/","network:wikidata":"Q26334","operator":"Northern Trains","operator:website":"https://www.northernrailway.co.uk/stations/moss-side","operator:wikidata":"Q85789775","public_transport":"station","railway":"station","ref:crs":"MOS","start_date":"1846","train":"yes","wikidata":"Q1845935","wikipedia":"en:Moss Side railway station"},"id":"node/29408128"},{"type":"Feature","geometry":{"type":"Point","coordinates":[-3.050171,53.77699]},"properties":{"@id":"node/50166239","name":"Squires Gate","naptan:AtcoCode":"9100SQUIRES","network":"National Rail","network:website":"https://www.nationalrail.co.uk/stations/squ/","network:wikidata":"Q26334","operator":"Northern Trains","operator:website":"https://www.northernrailway.co.uk/stations/squires-gate","operator:wikidata":"Q85789775","public_transport":"station","railway":"station","ref:crs":"SQU","source":"npe","wheelchair":"no","wikidata":"Q2238694","wikipedia":"en:Squires Gate railway station"},"id":"node/50166239"},{"type":"Feature","geometry":{"type":"Point","coordinates":[-3.007929,53.927602]},"properties":{"@id":"node/265654776","name":"Fleetwood Ferry","network":"Blackpool Tramway","operator":"Blackpool Transport","public_transport":"stop_position","railway":"tram_stop","tram":"yes","wheelchair":"yes"},"id":"node/265654776"},{"type":"Feature","geometry":{"type":"Point","coordinates":[-2.838204,53.701304]},"properties":{"@id":"node/906911861","name":"Delph","public_transport":"station","railway":"station","usage":"tourism"},"id":"node/906911861"},{"type":"Feature","geometry":{"type":"Point","coordinates":[-2.838675,53.700655]},"properties":{"@id":"node/906911872","name":"Willow Tree Halt","public_transport":"station","railway":"station","usage":"tourism"},"id":"node/906911872"},{"type":"Feature","geometry":{"type":"Point","coordinates":[-2.838117,53.699596]},"properties":{"@id":"node/906911876","name":"Becconsall Station","public_transport":"station","railway":"station","usage":"tourism"},"id":"node/906911876"},{"type":"Feature","geometry":{"type":"Point","coordinates":[-3.055078,53.83386]},"properties":{"@id":"node/1127776921","name":"Gynn Square","network":"Blackpool Tramway","operator":"Blackpool Transport","public_transport":"stop_position","railway":"tram_stop","tram":"yes"},"id":"node/1127776921"},{"type":"Feature","geometry":{"type":"Point","coordinates":[-3.01742,53.919599]},"properties":{"@id":"node/1530852705","name":"Fishermans Walk","network":"Blackpool Tramway","operator":"Blackpool Transport","public_transport":"stop_position","railway":"tram_stop","tram":"yes"},"id":"node/1530852705"},{"type":"Feature","geometry":{"type":"Point","coordinates":[-3.017281,53.919822]},"properties":{"@id":"node/1530852730","name":"Fishermans Walk","network":"Blackpool Tramway","operator":"Blackpool Transport","public_transport":"stop_position","railway":"tram_stop","tram":"yes"},"id":"node/1530852730"},{"type":"Feature","geometry":{"type":"Point","coordinates":[-3.011536,53.922604]},"properties":{"@id":"node/1530852740","name":"London Street","network":"Blackpool Tramway","operator":"Blackpool Transport","public_transport":"stop_position","railway":"tram_stop","tram":"yes","wheelchair":"yes"},"id":"node/1530852740"},{"type":"Feature","geometry":{"type":"Point","coordinates":[-3.008675,53.924927]},"properties":{"@id":"node/1530852752","name":"Victoria Street","network":"Blackpool Tramway","operator":"Blackpool Transport","public_transport":"stop_position","railway":"tram_stop","tram":"yes","wheelchair":"yes"},"id":"node/1530852752"},{"type":"Feature","geometry":{"type":"Point","coordinates":[-3.020573,53.916571]},"properties":{"@id":"node/1530852773","name":"Stanley Road","network":"Blackpool Tramway","operator":"Blackpool Transport","public_transport":"station","tram":"yes"},"id":"node/1530852773"},{"type":"Feature","geometry":{"type":"Point","coordinates":[-3.020503,53.916677]},"properties":{"@id":"node/1530852779","name":"Stanley Road","network":"Blackpool Tramway","operator":"Blackpool Transport","public_transport":"stop_position","railway":"tram_stop","tram":"yes"},"id":"node/1530852779"},{"type":"Feature","geometry":{"type":"Point","coordinates":[-3.053503,53.849041]},"properties":{"@id":"node/1530904339","name":"Bispham","network":"Blackpool Tramway","operator":"Blackpool Transport","public_transport":"stop_position","railway":"tram_stop","tram":"yes"},"id":"node/1530904339"},{"type":"Feature","geometry":{"type":"Point","coordinates":[-3.053452,53.849622]},"properties":{"@id":"node/1530904351","name":"Bispham","network":"Blackpool Tramway","operator":"Blackpool Transport","public_transport":"stop_position","railway":"tram_stop","tram":"yes"},"id":"node/1530904351"},{"type":"Feature","geometry":{"type":"Point","coordinates":[-3.054753,53.838006]},"properties":{"@id":"node/1530904353","name":"Cabin","network":"Blackpool Tramway","operator":"Blackpool Transport","public_transport":"stop_position","railway":"tram_stop","tram":"yes"},"id":"node/1530904353"},{"type":"Feature","geometry":{"type":"Point","coordinates":[-3.054818,53.838195]},"properties":{"@id":"node/1530904356","name":"Cabin","network":"Blackpool Tramway","operator":"Blackpool Transport","public_transport":"stop_position","railway":"tram_stop","tram":"yes"},"id":"node/1530904356"},{"type":"Feature","geometry":{"type":"Point","coordinates":[-3.04756,53.865885]},"properties":{"@id":"node/1530904360","name":"Little Bispham","network":"Blackpool Tramway","operator":"Blackpool Transport","public_transport":"stop_position","railway":"tram_stop","tram":"yes","wheelchair":"yes"},"id":"node/1530904360"},{"type":"Feature","geometry":{"type":"Point","coordinates":[-3.047597,53.865944]},"properties":{"@id":"node/1530904365","name":"Little Bispham","network":"Blackpool Tramway","operator":"Blackpool Transport","public_transport":"stop_position","railway":"tram_stop","tram":"yes","wheelchair":"yes"},"id":"node/1530904365"},{"type":"Feature","geometry":{"type":"Point","coordinates":[-3.050081,53.857798]},"properties":{"@id":"node/1530904381","name":"Norbreck","network":"Blackpool Tramway","operator":"Blackpool Transport","public_transport":"stop_position","railway":"tram_stop","tram":"yes"},"id":"node/1530904381"},{"type":"Feature","geometry":{"type":"Point","coordinates":[-3.050134,53.857812]},"properties":{"@id":"node/1530904383","name":"Norbreck","network":"Blackpool Tramway","operator":"Blackpool Transport","public_transport":"stop_position","railway":"tram_stop","tram":"yes"},"id":"node/1530904383"},{"type":"Feature","geometry":{"type":"Point","coordinates":[-3.039753,53.877558]},"properties":{"@id":"node/1534019799","name":"Cleveleys","network":"Blackpool Tramway","operator":"Blackpool Transport","public_transport":"stop_position","railway":"tram_stop","tram":"yes"},"id":"node/1534019799"},{"type":"Feature","geometry":{"type":"Point","coordinates":[-3.039821,53.877533]},"properties":{"@id":"node/1534019803","name":"Cleveleys","network":"Blackpool Tramway","operator":"Blackpool Transport","public_transport":"stop_position","railway":"tram_stop","tram":"yes"},"id":"node/1534019803"},{"type":"Feature","geometry":{"type":"Point","coordinates":[-3.054936,53.836056]},"properties":{"@id":"node/1556130282","name":"Cliffs Hotel","network":"Blackpool Tramway","operator":"Blackpool Transport","public_transport":"stop_position","railway":"tram_stop","tram":"yes"},"id":"node/1556130282"},{"type":"Feature","geometry":{"type":"Point","coordinates":[-3.054876,53.835832]},"properties":{"@id":"node/1556130284","name":"Cliffs Hotel","network":"Blackpool Tramway","operator":"Blackpool Transport","public_transport":"stop_position","railway":"tram_stop","tram":"yes"},"id":"node/1556130284"},{"type":"Feature","geometry":{"type":"Point","coordinates":[-3.055003,53.83363]},"properties":{"@id":"node/1556130294","name":"Gynn Square","network":"Blackpool Tramway","operator":"Blackpool Transport","public_transport":"stop_position","railway":"tram_stop","tram":"yes"},"id":"node/1556130294"},{"type":"Feature","geometry":{"type":"Point","coordinates":[-3.055518,53.825268]},"properties":{"@id":"node/1556130298","name":"Pleasant Street","network":"Blackpool Tramway","operator":"Blackpool Transport","public_transport":"stop_position","railway":"tram_stop","tram":"yes"},"id":"node/1556130298"},{"type":"Feature","geometry":{"type":"Point","coordinates":[-3.055599,53.825275]},"properties":{"@id":"node/1556130299","name":"Pleasant Street","network":"Blackpool Tramway","operator":"Blackpool Transport","public_transport":"stop_position","railway":"tram_stop","tram":"yes"},"id":"node/1556130299"},{"type":"Feature","geometry":{"type":"Point","coordinates":[-3.055666,53.82789]},"properties":{"@id":"node/1556130309","name":"Wilton Parade","network":"Blackpool Tramway","operator":"Blackpool Transport","public_transport":"stop_position","railway":"tram_stop","tram":"yes"},"id":"node/1556130309"},{"type":"Feature","geometry":{"type":"Point","coordinates":[-3.055599,53.827729]},"properties":{"@id":"node/1556130314","name":"Wilton Parade","network":"Blackpool Tramway","operator":"Blackpool Transport","public_transport":"stop_position","railway":"tram_stop","tram":"yes"},"id":"node/1556130314"},{"type":"Feature","geometry":{"type":"Point","coordinates":[-3.056127,53.817734]},"properties":{"@id":"node/1558235841","name":"North Pier","network":"Blackpool Tramway","operator":"Blackpool Transport","public_transport":"stop_position","railway":"tram_stop","tram":"yes","wheelchair":"yes"},"id":"node/1558235841"},{"type":"Feature","geometry":{"type":"Point","coordinates":[-3.055701,53.819658]},"properties":{"@id":"node/1558235842","name":"North Pier","network":"Blackpool Tramway","operator":"Blackpool Transport","public_transport":"stop_position","railway":"tram_stop","tram":"yes","wheelchair":"yes"},"id":"node/1558235842"},{"type":"Feature","geometry":{"type":"Point","coordinates":[-3.042768,53.871416]},"properties":{"@id":"node/1586646368","name":"Anchorsholme Lane","network":"Blackpool Tramway","operator":"Blackpool Transport","public_transport":"stop_position","railway":"tram_stop","tram":"yes","wheelchair":"yes"},"id":"node/1586646368"},{"type":"Feature","geometry":{"type":"Point","coordinates":[-3.04272,53.871414]},"properties":{"@id":"node/1586646372","name":"Anchorsholme Lane","network":"Blackpool Tramway","operator":"Blackpool Transport","public_transport":"stop_position","railway":"tram_stop","tram":"yes","wheelchair":"yes"},"id":"node/1586646372"},{"type":"Feature","geometry":{"type":"Point","coordinates":[-3.058299,53.78713]},"properties":{"@id":"node/1590490348","name":"Burlington Road West","network":"Blackpool Tramway","operator":"Blackpool Transport","public_transport":"stop_position","railway":"tram_stop","tram":"yes"},"id":"node/1590490348"},{"type":"Feature","geometry":{"type":"Point","coordinates":[-3.058312,53.787499]},"properties":{"@id":"node/1590490354","name":"Burlington Road West","network":"Blackpool Tramway","operator":"Blackpool Transport","public_transport":"stop_position","railway":"tram_stop","tram":"yes"},"id":"node/1590490354"},{"type":"Feature","geometry":{"type":"Point","coordinates":[-3.058075,53.78251]},"properties":{"@id":"node/1590490378","name":"Harrow Place","network":"Blackpool Tramway","operator":"Blackpool Transport","public_transport":"stop_position","railway":"tram_stop","tram":"yes"},"id":"node/1590490378"},{"type":"Feature","geometry":{"type":"Point","coordinates":[-3.058032,53.782509]},"properties":{"@id":"node/1590490382","name":"Harrow Place","network":"Blackpool Tramway","operator":"Blackpool Transport","public_transport":"stop_position","railway":"tram_stop","tram":"yes"},"id":"node/1590490382"},{"type":"Feature","geometry":{"type":"Point","coordinates":[-3.056767,53.793459]},"properties":{"@id":"node/1590490385","name":"Pleasure Beach","network":"Blackpool Tramway","operator":"Blackpool Transport","public_transport":"stop_position","railway":"tram_stop","tram":"yes"},"id":"node/1590490385"},{"type":"Feature","geometry":{"type":"Point","coordinates":[-3.056702,53.793484]},"properties":{"@id":"node/1590490392","name":"Pleasure Beach","network":"Blackpool Tramway","operator":"Blackpool Transport","public_transport":"stop_position","railway":"tram_stop","tram":"yes"},"id":"node/1590490392"},{"type":"Feature","geometry":{"type":"Point","coordinates":[-3.056347,53.795895]},"properties":{"@id":"node/1590490417","name":"South Pier","network":"Blackpool Tramway","operator":"Blackpool Transport","public_transport":"stop_position","railway":"tram_stop","tram":"yes","wheelchair":"yes"},"id":"node/1590490417"},{"type":"Feature","geometry":{"type":"Point","coordinates":[-3.056411,53.795901]},"properties":{"@id":"node/1590490421","name":"South Pier","network":"Blackpool Tramway","operator":"Blackpool Transport","public_transport":"stop_position","railway":"tram_stop","tram":"yes"},"id":"node/1590490421"},{"type":"Feature","geometry":{"type":"Point","coordinates":[-3.055559,53.811794]},"properties":{"@id":"node/1592496277","name":"Central Pier","network":"Blackpool Tramway","operator":"Blackpool Transport","public_transport":"stop_position","railway":"tram_stop","tram":"yes"},"id":"node/1592496277"},{"type":"Feature","geometry":{"type":"Point","coordinates":[-3.055611,53.811801]},"properties":{"@id":"node/1592496291","name":"Central Pier","network":"Blackpool Tramway","operator":"Blackpool Transport","public_transport":"stop_position","railway":"tram_stop","tram":"yes"},"id":"node/1592496291"},{"type":"Feature","geometry":{"type":"Point","coordinates":[-3.05556,53.808036]},"properties":{"@id":"node/1592496296","name":"Manchester Square","network":"Blackpool Tramway","operator":"Blackpool Transport","public_transport":"station","tram":"yes"},"id":"node/1592496296"},{"type":"Feature","geometry":{"type":"Point","coordinates":[-3.055522,53.807934]},"properties":{"@id":"node/1592496299","name":"Manchester Square","network":"Blackpool Tramway","operator":"Blackpool Transport","public_transport":"stop_position","railway":"tram_stop","tram":"yes"},"id":"node/1592496299"},{"type":"Feature","geometry":{"type":"Point","coordinates":[-3.055626,53.802464]},"properties":{"@id":"node/1592496302","name":"St Chad's Road","network":"Blackpool Tramway","operator":"Blackpool Transport","public_transport":"stop_position","railway":"tram_stop","tram":"yes","wheelchair":"yes"},"id":"node/1592496302"},{"type":"Feature","geometry":{"type":"Point","coordinates":[-3.055558,53.802456]},"properties":{"@id":"node/1592496311","name":"St Chad's Road","network":"Blackpool Tramway","operator":"Blackpool Transport","public_transport":"stop_position","railway":"tram_stop","tram":"yes"},"id":"node/1592496311"},{"type":"Feature","geometry":{"type":"Point","coordinates":[-3.055882,53.814513]},"properties":{"@id":"node/1592496314","name":"Tower","network":"Blackpool Tramway","operator":"Blackpool Transport","public_transport":"stop_position","railway":"tram_stop","tram":"yes"},"id":"node/1592496314"},{"type":"Feature","geometry":{"type":"Point","coordinates":[-3.05582,53.814504]},"properties":{"@id":"node/1592496319","name":"Tower","network":"Blackpool Tramway","operator":"Blackpool Transport","public_transport":"stop_position","railway":"tram_stop","tram":"yes"},"id":"node/1592496319"},{"type":"Feature","geometry":{"type":"Point","coordinates":[-3.055895,53.799055]},"properties":{"@id":"node/1592496321","name":"Waterloo Road","network":"Blackpool Tramway","operator":"Blackpool Transport","public_transport":"stop_position","railway":"tram_stop","tram":"yes"},"id":"node/1592496321"},{"type":"Feature","geometry":{"type":"Point","coordinates":[-3.055882,53.798855]},"properties":{"@id":"node/1592496333","name":"Waterloo Road","network":"Blackpool Tramway","operator":"Blackpool Transport","public_transport":"stop_position","railway":"tram_stop","tram":"yes"},"id":"node/1592496333"},{"type":"Feature","geometry":{"type":"Point","coordinates":[-3.040381,53.887696]},"properties":{"@id":"node/1609940080","name":"Rossall Beach","network":"Blackpool Tramway","operator":"Blackpool Transport","public_transport":"stop_position","railway":"tram_stop","tram":"yes"},"id":"node/1609940080"},{"type":"Feature","geometry":{"type":"Point","coordinates":[-3.04037,53.887599]},"properties":{"@id":"node/1609940082","name":"Rossall Beach","network":"Blackpool Tramway","operator":"Blackpool Transport","public_transport":"station","tram":"yes"},"id":"node/1609940082"},{"type":"Feature","geometry":{"type":"Point","coordinates":[-3.039579,53.883405]},"properties":{"@id":"node/1609941665","name":"Thornton Gate","network":"Blackpool Tramway","operator":"Blackpool Transport","public_transport":"stop_position","railway":"tram_stop","tram":"yes"},"id":"node/1609941665"},{"type":"Feature","geometry":{"type":"Point","coordinates":[-3.032102,53.904005]},"properties":{"@id":"node/1609950858","name":"Broadwater","network":"Blackpool Tramway","operator":"Blackpool Transport","public_transport":"stop_position","railway":"tram_stop","tram":"yes"},"id":"node/1609950858"},{"type":"Feature","geometry":{"type":"Point","coordinates":[-3.032372,53.903797]},"properties":{"@id":"node/1609950861","name":"Broadwater","network":"Blackpool Tramway","operator":"Blackpool Transport","public_transport":"stop_position","railway":"tram_stop","tram":"yes"},"id":"node/1609950861"},{"type":"Feature","geometry":{"type":"Point","coordinates":[-3.039498,53.89687]},"properties":{"@id":"node/1609950864","name":"Rossall School","network":"Blackpool Tramway","operator":"Blackpool Transport","public_transport":"stop_position","railway":"tram_stop","tram":"yes"},"id":"node/1609950864"},{"type":"Feature","geometry":{"type":"Point","coordinates":[-3.039471,53.896795]},"properties":{"@id":"node/1609950869","name":"Rossall School","network":"Blackpool Tramway","operator":"Blackpool Transport","public_transport":"station","tram":"yes"},"id":"node/1609950869"},{"type":"Feature","geometry":{"type":"Point","coordinates":[-3.053576,53.846469]},"properties":{"@id":"node/1611565202","name":"Cavendish Road","network":"Blackpool Tramway","operator":"Blackpool Transport","public_transport":"stop_position","railway":"tram_stop","tram":"yes"},"id":"node/1611565202"},{"type":"Feature","geometry":{"type":"Point","coordinates":[-3.053613,53.846689]},"properties":{"@id":"node/1611565222","name":"Cavendish Road","network":"Blackpool Tramway","operator":"Blackpool Transport","public_transport":"stop_position","railway":"tram_stop","tram":"yes"},"id":"node/1611565222"},{"type":"Feature","geometry":{"type":"Point","coordinates":[-3.054313,53.841886]},"properties":{"@id":"node/1611565223","name":"Lowther Avenue","network":"Blackpool Tramway","operator":"Blackpool Transport","public_transport":"stop_position","railway":"tram_stop","tram":"yes"},"id":"node/1611565223"},{"type":"Feature","geometry":{"type":"Point","coordinates":[-3.054351,53.842117]},"properties":{"@id":"node/1611565225","name":"Lowther Avenue","network":"Blackpool Tramway","operator":"Blackpool Transport","public_transport":"stop_position","railway":"tram_stop","tram":"yes"},"id":"node/1611565225"},{"type":"Feature","geometry":{"type":"Point","coordinates":[-3.051722,53.853595]},"properties":{"@id":"node/1611565272","name":"Sandhurst Avenue","network":"Blackpool Tramway","operator":"Blackpool Transport","public_transport":"stop_position","railway":"tram_stop","tram":"yes"},"id":"node/1611565272"},{"type":"Feature","geometry":{"type":"Point","coordinates":[-3.05179,53.853603]},"properties":{"@id":"node/1611565276","name":"Sandhurst Avenue","network":"Blackpool Tramway","operator":"Blackpool Transport","public_transport":"stop_position","railway":"tram_stop","tram":"yes"},"id":"node/1611565276"},{"type":"Feature","geometry":{"type":"Point","coordinates":[-3.027445,53.909876]},"properties":{"@id":"node/1691663767","name":"Heathfield Road","network":"Blackpool Tramway","operator":"Blackpool Transport","public_transport":"stop_position","railway":"tram_stop","tram":"yes"},"id":"node/1691663767"},{"type":"Feature","geometry":{"type":"Point","coordinates":[-3.027524,53.909814]},"properties":{"@id":"node/1691663775","name":"Heathfield Road","network":"Blackpool Tramway","operator":"Blackpool Transport","public_transport":"station","tram":"yes"},"id":"node/1691663775"},{"type":"Feature","geometry":{"type":"Point","coordinates":[-3.023614,53.913636]},"properties":{"@id":"node/1691663779","name":"Lindel Road","network":"Blackpool Tramway","operator":"Blackpool Transport","public_transport":"station","tram":"yes"},"id":"node/1691663779"},{"type":"Feature","geometry":{"type":"Point","coordinates":[-3.023539,53.913737]},"properties":{"@id":"node/1691663783","name":"Lindel Road","network":"Blackpool Tramway","operator":"Blackpool Transport","public_transport":"stop_position","railway":"tram_stop","tram":"yes"},"id":"node/1691663783"},{"type":"Feature","geometry":{"type":"Point","coordinates":[-3.036788,53.900566]},"properties":{"@id":"node/1691663785","name":"Rossall Square","network":"Blackpool Tramway","operator":"Blackpool Transport","public_transport":"station","tram":"yes"},"id":"node/1691663785"},{"type":"Feature","geometry":{"type":"Point","coordinates":[-3.03672,53.900622]},"properties":{"@id":"node/1691663786","name":"Rossall Square","network":"Blackpool Tramway","operator":"Blackpool Transport","public_transport":"stop_position","railway":"tram_stop","tram":"yes"},"id":"node/1691663786"},{"type":"Feature","geometry":{"type":"Point","coordinates":[-3.056054,53.777948]},"properties":{"@id":"node/1734961440","name":"Starr Gate","network":"Blackpool Tramway","operator":"Blackpool Transport","public_transport":"stop_position","railway":"tram_stop","tram":"yes"},"id":"node/1734961440"},{"type":"Feature","geometry":{"type":"Point","coordinates":[-3.056241,53.817869]},"properties":{"@id":"node/2463711712","name":"North Pier (Heritage Stop)","network":"Blackpool Tramway","operator":"Blackpool Transport","public_transport":"stop_position","railway":"tram_stop","tram":"yes","wheelchair":"yes"},"id":"node/2463711712"},{"type":"Feature","geometry":{"type":"Point","coordinates":[-3.011657,53.922501]},"properties":{"@id":"node/3244354366","name":"London Street","network":"Blackpool Tramway","operator":"Blackpool Transport","public_transport":"stop_position","railway":"tram_stop","tram":"yes","wheelchair":"yes"},"id":"node/3244354366"},{"type":"Feature","geometry":{"type":"Point","coordinates":[-3.04888,53.86162]},"properties":{"@id":"node/4116262209","name":"Norbreck North","network":"Blackpool Tramway","operator":"Blackpool Transport","public_transport":"stop_position","railway":"tram_stop","tram":"yes","wheelchair":"yes"},"id":"node/4116262209"},{"type":"Feature","geometry":{"type":"Point","coordinates":[-3.048923,53.861693]},"properties":{"@id":"node/4116262210","name":"Norbreck North","network":"Blackpool Tramway","operator":"Blackpool Transport","public_transport":"stop_position","railway":"tram_stop","tram":"yes","wheelchair":"yes"},"id":"node/4116262210"},{"type":"Feature","geometry":{"type":"Point","coordinates":[-3.02751,53.909885]},"properties":{"@id":"node/4467901035","name":"Heathfield Road","network":"Blackpool Tramway","operator":"Blackpool Transport","public_transport":"stop_position","railway":"tram_stop","tram":"yes"},"id":"node/4467901035"},{"type":"Feature","geometry":{"type":"Point","coordinates":[-3.023735,53.913475]},"properties":{"@id":"node/4467901036","name":"Lindel Road","public_transport":"stop_position","railway":"tram_stop","tram":"yes"},"id":"node/4467901036"},{"type":"Feature","geometry":{"type":"Point","coordinates":[-3.040341,53.887435]},"properties":{"@id":"node/4467901037","name":"Rossall Beach","network":"Blackpool Tramway","operator":"Blackpool Transport","public_transport":"stop_position","railway":"tram_stop","tram":"yes"},"id":"node/4467901037"},{"type":"Feature","geometry":{"type":"Point","coordinates":[-3.039443,53.896711]},"properties":{"@id":"node/4467901038","name":"Rossall School","network":"Blackpool Tramway","operator":"Blackpool Transport","public_transport":"stop_position","railway":"tram_stop","tram":"yes"},"id":"node/4467901038"},{"type":"Feature","geometry":{"type":"Point","coordinates":[-3.036832,53.900522]},"properties":{"@id":"node/4467901039","name":"Rossall Square","network":"Blackpool Tramway","operator":"Blackpool Transport","public_transport":"stop_position","railway":"tram_stop","tram":"yes"},"id":"node/4467901039"},{"type":"Feature","geometry":{"type":"Point","coordinates":[-3.020564,53.916547]},"properties":{"@id":"node/4467901040","name":"Stanley Road","network":"Blackpool Tramway","operator":"Blackpool Transport","public_transport":"stop_position","railway":"tram_stop","tram":"yes"},"id":"node/4467901040"},{"type":"Feature","geometry":{"type":"Point","coordinates":[-3.039497,53.883367]},"properties":{"@id":"node/4467901041","name":"Thornton Gate","network":"Blackpool Tramway","operator":"Blackpool Transport","public_transport":"stop_position","railway":"tram_stop","tram":"yes"},"id":"node/4467901041"},{"type":"Feature","geometry":{"type":"Point","coordinates":[-3.008609,53.924712]},"properties":{"@id":"node/4467901042","name":"Victoria Street","network":"Blackpool Tramway","operator":"Blackpool Transport","public_transport":"stop_position","railway":"tram_stop","tram":"yes","wheelchair":"yes"},"id":"node/4467901042"},{"type":"Feature","geometry":{"type":"Point","coordinates":[-3.039023,53.880221]},"properties":{"@id":"node/4467901043","name":"West Drive","network":"Blackpool Tramway","operator":"Blackpool Transport","public_transport":"stop_position","railway":"tram_stop","tram":"yes"},"id":"node/4467901043"},{"type":"Feature","geometry":{"type":"Point","coordinates":[-2.989679,53.848292]},"properties":{"@id":"node/7209211337","addr:city":"Poulton-le-Fylde","addr:postcode":"FY6 7AA","name":"Poulton-le-Fylde","naptan:AtcoCode":"9100PLTNLFY","network":"National Rail","network:website":"https://www.nationalrail.co.uk/stations/pfy/","network:wikidata":"Q26334","operator":"Northern Trains","operator:website":"https://www.northernrailway.co.uk/stations/poulton-le-fylde","operator:wikidata":"Q85789775","public_transport":"station","railway":"station","ref:crs":"PFY","source":"npe","train":"yes","wikidata":"Q7235582","wikipedia":"en:Poulton-le-Fylde railway station"},"id":"node/7209211337"},{"type":"Feature","geometry":{"type":"Point","coordinates":[-3.056075,53.777926]},"properties":{"@id":"node/7298128785","name":"Starr Gate","network":"Blackpool Tramway","operator":"Blackpool Transport","public_transport":"stop_position","railway":"tram_stop","tram":"yes"},"id":"node/7298128785"},{"type":"Feature","geometry":{"type":"Point","coordinates":[-3.007466,53.926583]},"properties":{"@id":"node/9048308517","name":"Heritage Stop","network":"Blackpool Tramway","operator":"Blackpool Transport","public_transport":"stop_position","railway":"tram_stop","tram":"yes"},"id":"node/9048308517"},{"type":"Feature","geometry":{"type":"Point","coordinates":[-3.039073,53.88022]},"properties":{"@id":"node/9164530209","name":"West Drive","network":"Blackpool Tramway","operator":"Blackpool Transport","public_transport":"stop_position","railway":"tram_stop","tram":"yes"},"id":"node/9164530209"},{"type":"Feature","geometry":{"type":"Point","coordinates":[-3.055622,53.827797]},"properties":{"@id":"node/9493806286","name":"Wilton Parade","network":"Blackpool Tramway","operator":"Blackpool Transport","public_transport":"station","tram":"yes"},"id":"node/9493806286"},{"type":"Feature","geometry":{"type":"Point","coordinates":[-3.055906,53.798892]},"properties":{"@id":"node/9493881043","name":"Waterloo Road","public_transport":"station","tram":"yes"},"id":"node/9493881043"},{"type":"Feature","geometry":{"type":"Point","coordinates":[-3.055586,53.808069]},"properties":{"@id":"node/9496506313","name":"Manchester Square","network":"Blackpool Tramway","operator":"Blackpool Transport","public_transport":"stop_position","railway":"tram_stop","tram":"yes"},"id":"node/9496506313"},{"type":"Feature","geometry":{"type":"Point","coordinates":[-3.054344,53.841978]},"properties":{"@id":"node/9498041246","name":"Lowther Avenue","network":"Blackpool Tramway","operator":"Blackpool Transport","public_transport":"station","tram":"yes"},"id":"node/9498041246"},{"type":"Feature","geometry":{"type":"Point","coordinates":[-3.011516,53.922577]},"properties":{"@id":"node/9498790679","name":"London Street","network":"Blackpool Tramway","operator":"Blackpool Transport","public_transport":"station","tram":"yes","wheelchair":"yes"},"id":"node/9498790679"},{"type":"Feature","geometry":{"type":"Point","coordinates":[-3.055048,53.83374]},"properties":{"@id":"node/9498892612","name":"Gynn Square","network":"Blackpool Tramway","operator":"Blackpool Transport","public_transport":"station","tram":"yes"},"id":"node/9498892612"},{"type":"Feature","geometry":{"type":"Point","coordinates":[-3.01739,53.919673]},"properties":{"@id":"node/9499087801","name":"Fishermans Walk","network":"Blackpool Tramway","operator":"Blackpool Transport","public_transport":"station","tram":"yes"},"id":"node/9499087801"},{"type":"Feature","geometry":{"type":"Point","coordinates":[-3.05491,53.835951]},"properties":{"@id":"node/9499157097","name":"Cliffs Hotel","network":"Blackpool Tramway","operator":"Blackpool Transport","public_transport":"station","tram":"yes"},"id":"node/9499157097"},{"type":"Feature","geometry":{"type":"Point","coordinates":[-3.053599,53.846593]},"properties":{"@id":"node/9499190480","name":"Cavendish Road","network":"Blackpool Tramway","operator":"Blackpool Transport","public_transport":"station","tram":"yes"},"id":"node/9499190480"},{"type":"Feature","geometry":{"type":"Point","coordinates":[-3.05479,53.838102]},"properties":{"@id":"node/9499210915","name":"Cabin","network":"Blackpool Tramway","operator":"Blackpool Transport","public_transport":"station","tram":"yes"},"id":"node/9499210915"},{"type":"Feature","geometry":{"type":"Point","coordinates":[-3.032197,53.903942]},"properties":{"@id":"node/9769418910","name":"Broadwater","network":"Blackpool Tramway","operator":"Blackpool Transport","public_transport":"station","tram":"yes"},"id":"node/9769418910"},{"type":"Feature","geometry":{"type":"Point","coordinates":[-3.050065,53.821041]},"properties":{"@id":"node/11990501088","name":"North Station","network":"Blackpool Tramway","operator":"Blackpool Transport","public_transport":"stop_position","railway":"tram_stop","tram":"yes","wheelchair":"yes"},"id":"node/11990501088"},{"type":"Feature","geometry":{"type":"Point","coordinates":[-3.049988,53.820966]},"properties":{"@id":"node/11990501089","name":"North Station","network":"Blackpool Tramway","operator":"Blackpool Transport","public_transport":"stop_position","railway":"tram_stop","tram":"yes","wheelchair":"yes"},"id":"node/11990501089"},{"type":"Feature","geometry":{"type":"Point","coordinates":[-3.054487,53.819122]},"properties":{"@id":"node/11990510373","name":"Talbot Square","network":"Blackpool Tramway","operator":"Blackpool Transport","public_transport":"stop_position","railway":"tram_stop","tram":"yes","wheelchair":"yes"},"id":"node/11990510373"}]}