{"type":"FeatureCollection","features":[{"type":"Feature","geometry":{"type":"Polygon","coordinates":[[[106.651924,-6.127625],[106.651846,-6.127666],[106.651834,-6.127677],[106.651829,-6.127695],[106.651832,-6.127711],[106.651841,-6.127722],[106.651855,-6.127731],[106.651876,-6.127736],[106.651898,-6.127735],[106.652017,-6.127707],[106.652158,-6.127681],[106.652296,-6.127622],[106.652433,-6.127589],[106.652541,-6.127513],[106.652617,-6.127485],[106.65264,-6.127469],[106.652652,-6.127447],[106.652655,-6.127421],[106.652651,-6.127393],[106.652632,-6.127374],[106.652615,-6.127366],[106.652594,-6.127362],[106.652606,-6.127323],[106.652611,-6.127285],[106.652603,-6.127245],[106.652582,-6.127219],[106.652551,-6.127191],[106.652515,-6.127165],[106.652528,-6.127147],[106.652532,-6.127125],[106.652533,-6.127105],[106.652518,-6.127078],[106.652498,-6.127061],[106.652472,-6.127056],[106.652442,-6.127063],[106.652372,-6.127096],[106.652237,-6.12712],[106.652116,-6.127193],[106.651977,-6.127231],[106.651869,-6.127305],[106.651755,-6.127361],[106.65174,-6.127376],[106.651728,-6.127392],[106.651721,-6.127412],[106.651723,-6.127426],[106.651731,-6.127438],[106.651743,-6.127445],[106.651757,-6.127447],[106.651854,-6.127417],[106.651847,-6.12755],[106.651924,-6.127625]]]},"properties":{"@id":"way/475871027","alt_name":"Stasiun Bandara Soekarno-Hatta","building":"train_station","elevation":"12","layer":"1","name":"Bandara Soekarno-Hatta","name:en":"Soekarno-Hatta Airport","public_transport":"station","wikidata":"Q44368381","wikipedia":"id:Stasiun Bandara Soekarno–Hatta"},"id":"way/475871027"},{"type":"Feature","geometry":{"type":"Polygon","coordinates":[[[106.870456,-6.215232],[106.870598,-6.215231],[106.870597,-6.215173],[106.870063,-6.215178],[106.870064,-6.215253],[106.870226,-6.215252],[106.870226,-6.215273],[106.870354,-6.215272],[106.870354,-6.215256],[106.870456,-6.215255],[106.870456,-6.215232]]]},"properties":{"@id":"way/481951533","building":"train_station","building:levels":"1","public_transport":"station"},"id":"way/481951533"},{"type":"Feature","geometry":{"type":"Polygon","coordinates":[[[106.869976,-6.214623],[106.869981,-6.215149],[106.869981,-6.215179],[106.870063,-6.215178],[106.870597,-6.215173],[106.870591,-6.214617],[106.869976,-6.214623]]]},"properties":{"@id":"way/481951535","building":"train_station","building:levels":"3","layer":"1","name":"Stasiun Jatinegara","public_transport":"station"},"id":"way/481951535"},{"type":"Feature","geometry":{"type":"Polygon","coordinates":[[[106.855011,-6.255451],[106.855113,-6.255222],[106.855085,-6.25521],[106.855056,-6.255197],[106.85513,-6.255031],[106.855079,-6.255009],[106.854903,-6.255404],[106.854944,-6.255422],[106.855011,-6.255451]]]},"properties":{"@id":"way/484638665","addr:street":"Jalan Rawajati Barat","building":"train_station","public_transport":"station"},"id":"way/484638665"},{"type":"Feature","geometry":{"type":"Polygon","coordinates":[[[106.855255,-6.25528],[106.855219,-6.255264],[106.85519,-6.255251],[106.855014,-6.255644],[106.855078,-6.255673],[106.855087,-6.255653],[106.855146,-6.255522],[106.855171,-6.255533],[106.855251,-6.255353],[106.855227,-6.255342],[106.855255,-6.25528]]]},"properties":{"@id":"way/605519480","addr:street":"Jalan Rawajati Timur","building":"train_station","public_transport":"station"},"id":"way/605519480"},{"type":"Feature","geometry":{"type":"Polygon","coordinates":[[[106.923166,-6.215451],[106.92314,-6.215722],[106.923495,-6.215773],[106.923491,-6.215733],[106.923357,-6.215716],[106.923376,-6.215619],[106.923377,-6.215552],[106.923381,-6.215503],[106.923574,-6.215516],[106.92358,-6.215449],[106.923263,-6.21542],[106.923256,-6.215454],[106.923166,-6.215451]]]},"properties":{"@id":"way/907998909","building":"train_station","layer":"2","name":"Stasiun Buaran","operator":"PT. Kereta Api Indonesia (Persero)","public_transport":"station"},"id":"way/907998909"},{"type":"Feature","geometry":{"type":"Polygon","coordinates":[[[106.899258,-6.213393],[106.899099,-6.21339],[106.899098,-6.213439],[106.89953,-6.213448],[106.899531,-6.213404],[106.899485,-6.213403],[106.899491,-6.213127],[106.89954,-6.213128],[106.899541,-6.213066],[106.899104,-6.213058],[106.899103,-6.213115],[106.899264,-6.213118],[106.899258,-6.213393]]]},"properties":{"@id":"way/907998922","building":"train_station","layer":"2","name":"Stasiun Klender","operator":"PT. Kereta Api Indonesia (Persero)","public_transport":"station"},"id":"way/907998922"},{"type":"Feature","geometry":{"type":"Polygon","coordinates":[[[106.663791,-6.172198],[106.663843,-6.172509],[106.666329,-6.172109],[106.666306,-6.172058],[106.666273,-6.172028],[106.666067,-6.171916],[106.665876,-6.171746],[106.665681,-6.171468],[106.665669,-6.171463],[106.665657,-6.171461],[106.664774,-6.171618],[106.664739,-6.171617],[106.664714,-6.171608],[106.664689,-6.171585],[106.664245,-6.171684],[106.664321,-6.172107],[106.663791,-6.172198]]]},"properties":{"@id":"way/1130847331","landuse":"railway","name":"Stasiun Batu Ceper","public_transport":"station","railway:ref":"BPR"},"id":"way/1130847331"},{"type":"Feature","geometry":{"type":"Polygon","coordinates":[[[106.734988,-6.160436],[106.735004,-6.160506],[106.735011,-6.160529],[106.735033,-6.160624],[106.73504,-6.160653],[106.735428,-6.16055],[106.735435,-6.160548],[106.736079,-6.160334],[106.736702,-6.160064],[106.736917,-6.159969],[106.736932,-6.159992],[106.737304,-6.159825],[106.737347,-6.159806],[106.737336,-6.159786],[106.737327,-6.159767],[106.737224,-6.159735],[106.737212,-6.15971],[106.736903,-6.159834],[106.736051,-6.160187],[106.735628,-6.160333],[106.735339,-6.160418],[106.73532,-6.160339],[106.735243,-6.160364],[106.735107,-6.160404],[106.734988,-6.160436]]]},"properties":{"@id":"way/1144304535","internet_access":"no","landuse":"railway","name":"Stasiun Bojong Indah","network":"Duri, Tangerang","operator":"PT. KAIC","public_transport":"station","railway:ref":"BOI","short_name":"BOI","wheelchair":"yes","wikidata":"Q19740874","wikipedia":"id:Stasiun Bojong Indah"},"id":"way/1144304535"},{"type":"Feature","geometry":{"type":"Polygon","coordinates":[[[106.854517,-6.174417],[106.854522,-6.174456],[106.854888,-6.174412],[106.854886,-6.174395],[106.854884,-6.174373],[106.854517,-6.174417]]]},"properties":{"@id":"way/1213995940","building":"transportation","name":"Halte Galur","public_transport":"station"},"id":"way/1213995940"},{"type":"Feature","geometry":{"type":"Polygon","coordinates":[[[106.841038,-6.207069],[106.841026,-6.207102],[106.841207,-6.207164],[106.841211,-6.207152],[106.841218,-6.207131],[106.841038,-6.207069]]]},"properties":{"@id":"way/1214106140","building":"transportation","name":"Halte Pasar Rumput","public_transport":"station"},"id":"way/1214106140"},{"type":"Feature","geometry":{"type":"Polygon","coordinates":[[[106.860824,-6.194492],[106.860834,-6.194508],[106.860841,-6.194518],[106.861021,-6.194396],[106.861003,-6.19437],[106.860824,-6.194492]]]},"properties":{"@id":"way/1214154502","building":"transportation","name":"Halte Pasar Genjing","public_transport":"station"},"id":"way/1214154502"},{"type":"Feature","geometry":{"type":"Polygon","coordinates":[[[106.864411,-6.192741],[106.864418,-6.192769],[106.864433,-6.192816],[106.864697,-6.192752],[106.864679,-6.192681],[106.864411,-6.192741]]]},"properties":{"@id":"way/1214154503","building":"transportation","name":"Halte Utan Kayu","public_transport":"station"},"id":"way/1214154503"},{"type":"Feature","geometry":{"type":"Polygon","coordinates":[[[106.868468,-6.19222],[106.86847,-6.192234],[106.868473,-6.192262],[106.868672,-6.192242],[106.868668,-6.1922],[106.868468,-6.19222]]]},"properties":{"@id":"way/1214154506","building":"transportation","name":"Halte Pramuka Sari","old_name":"Halte Pramuka LIA","public_transport":"station"},"id":"way/1214154506"},{"type":"Feature","geometry":{"type":"Polygon","coordinates":[[[106.880522,-6.192899],[106.880126,-6.192858],[106.880124,-6.192892],[106.880119,-6.192931],[106.880519,-6.192968],[106.880522,-6.192899]]]},"properties":{"@id":"way/1214154512","building":"transportation","name":"Halte Rawamangun","old_name":"Halte UNJ","public_transport":"station"},"id":"way/1214154512"},{"type":"Feature","geometry":{"type":"Polygon","coordinates":[[[106.883569,-6.19321],[106.883568,-6.19328],[106.88381,-6.193305],[106.883812,-6.193271],[106.883816,-6.193236],[106.883569,-6.19321]]]},"properties":{"@id":"way/1214154514","building":"transportation","name":"Halte Kayu Jati","old_name":"Halte Sunan Giri","public_transport":"station"},"id":"way/1214154514"},{"type":"Feature","geometry":{"type":"Polygon","coordinates":[[[106.888022,-6.193425],[106.888021,-6.193467],[106.88802,-6.193496],[106.888513,-6.193502],[106.888517,-6.193429],[106.888022,-6.193425]]]},"properties":{"@id":"way/1214260530","building":"transportation","name":"Halte Velodrome","public_transport":"station"},"id":"way/1214260530"},{"type":"Feature","geometry":{"type":"Polygon","coordinates":[[[106.909202,-6.183081],[106.908878,-6.183312],[106.908866,-6.183301],[106.90885,-6.183294],[106.908833,-6.183292],[106.908816,-6.18329],[106.908775,-6.183025],[106.908696,-6.183038],[106.908749,-6.183369],[106.908757,-6.183387],[106.90877,-6.183405],[106.908791,-6.18342],[106.908812,-6.183431],[106.90884,-6.183436],[106.908881,-6.183427],[106.90893,-6.183401],[106.909258,-6.183146],[106.909202,-6.183081]]]},"properties":{"@id":"way/1214332426","building":"transportation","name":"Halte Pulo Gadung","network":"Transjakarta","operator":"Transjakarta","public_transport":"station","ref":"2-1;4-1","service":"Transjakarta","shelter":"yes","shelter_tj":"yes","wikidata":"Q19731203","wikipedia":"id:Halte Transjakarta Pulo Gadung"},"id":"way/1214332426"},{"type":"Feature","geometry":{"type":"Polygon","coordinates":[[[106.801859,-6.243291],[106.801859,-6.243332],[106.802141,-6.243336],[106.80214,-6.243292],[106.801859,-6.243291]]]},"properties":{"@id":"way/1225902137","building":"transportation","name":"Halte Blok M","public_transport":"station"},"id":"way/1225902137"},{"type":"Feature","geometry":{"type":"Polygon","coordinates":[[[106.881643,-6.162118],[106.881679,-6.16214],[106.881798,-6.161948],[106.881776,-6.161934],[106.881762,-6.161926],[106.881643,-6.162118]]]},"properties":{"@id":"way/1234334862","building":"transportation","name":"Halte Kodamar","network":"Transjakarta","old_name":"Halte Yos Sudarso Kodamar","operator":"Transjakarta","public_transport":"station","service":"Transjakarta"},"id":"way/1234334862"},{"type":"Feature","geometry":{"type":"Polygon","coordinates":[[[106.705493,-6.15434],[106.705529,-6.154691],[106.705533,-6.154705],[106.705544,-6.154715],[106.705562,-6.154718],[106.705579,-6.154712],[106.705586,-6.1547],[106.705589,-6.154685],[106.705553,-6.154334],[106.705546,-6.154319],[106.705534,-6.15431],[106.705519,-6.154308],[106.705504,-6.154314],[106.705495,-6.154326],[106.705493,-6.15434]]]},"properties":{"@id":"way/1239351613","building":"transportation","name":"Halte Kalideres (Penurunan)","public_transport":"station"},"id":"way/1239351613"},{"type":"Feature","geometry":{"type":"LineString","coordinates":[[106.814785,-6.13763],[106.816062,-6.137257],[106.816335,-6.137154],[106.816637,-6.137015]]},"properties":{"@id":"way/12719163","electrified":"contact_line","frequency":"0","gauge":"1067","name":"Jalur Kereta Api Jakarta Kota–Tanjung Priuk","railway":"rail","railway:track_ref":"7","source":"yahoo photography","usage":"main","voltage":"1500","wikidata":"Q19726698","wikipedia":"id:Jalur kereta api lintas Jakarta"},"id":"way/12719163"},{"type":"Feature","geometry":{"type":"LineString","coordinates":[[106.840432,-6.197419],[106.839594,-6.19628],[106.837517,-6.193531],[106.835946,-6.191427],[106.834399,-6.18937],[106.833586,-6.188245],[106.833254,-6.18767],[106.833125,-6.187399],[106.833025,-6.187182],[106.832925,-6.18692]]},"properties":{"@id":"way/28756705","bridge":"yes","electrified":"contact_line","frequency":"0","gauge":"1067","layer":"1","maxspeed":"90","name":"Jalur Kereta Api Jakarta Kota–Bogor","railway":"rail","usage":"main","voltage":"1500","wikidata":"Q12487135","wikipedia":"id:Jalur kereta api Jakarta Kota–Bogor–Padalarang"},"id":"way/28756705"},{"type":"Feature","geometry":{"type":"LineString","coordinates":[[106.843991,-6.128839],[106.843731,-6.129092],[106.843431,-6.129443],[106.843247,-6.129729],[106.843188,-6.129822],[106.843105,-6.129973],[106.842835,-6.13062],[106.842033,-6.132638],[106.841548,-6.13387],[106.840782,-6.135792],[106.840262,-6.137088],[106.838442,-6.141664],[106.838423,-6.141711]]},"properties":{"@id":"way/28995051","electrified":"contact_line","frequency":"0","gauge":"1067","maxspeed":"40","name":"Jalur Kereta Api Tanjung Priuk–Kemayoran","railway":"rail","usage":"main","voltage":"1500","wikidata":"Q19726698","wikipedia":"id:Jalur kereta api lintas Jakarta"},"id":"way/28995051"},{"type":"Feature","geometry":{"type":"LineString","coordinates":[[106.83072,-6.132061],[106.83133,-6.131823]]},"properties":{"@id":"way/34328183","bridge":"yes","electrified":"contact_line","frequency":"0","gauge":"1067","layer":"1","maxspeed":"40","name":"Jalur Kereta Api Jakarta Kota–Tanjung Priuk","railway":"rail","usage":"main","voltage":"1500","wikidata":"Q19726698","wikipedia":"id:Jalur kereta api lintas Jakarta"},"id":"way/34328183"},{"type":"Feature","geometry":{"type":"LineString","coordinates":[[106.829138,-6.132675],[106.83072,-6.132061]]},"properties":{"@id":"way/34328185","electrified":"contact_line","frequency":"0","gauge":"1067","maxspeed":"40","name":"Jalur Kereta Api Jakarta Kota–Tanjung Priuk","railway":"rail","usage":"main","voltage":"1500","wikidata":"Q19726698","wikipedia":"id:Jalur kereta api lintas Jakarta"},"id":"way/34328185"},{"type":"Feature","geometry":{"type":"LineString","coordinates":[[106.814854,-6.137855],[106.815921,-6.137539],[106.816119,-6.137467],[106.816137,-6.137461],[106.816302,-6.137387],[106.816423,-6.137323],[106.816646,-6.137223]]},"properties":{"@id":"way/48060957","electrified":"contact_line","frequency":"0","gauge":"1067","name":"Jalur Kereta Api Jakarta Kota–Bogor","railway":"rail","railway:track_ref":"11","usage":"main","voltage":"1500","wikidata":"Q12487135","wikipedia":"id: Jalur kereta api Jakarta Kota–Bogor–Padalarang"},"id":"way/48060957"},{"type":"Feature","geometry":{"type":"LineString","coordinates":[[106.814832,-6.137784],[106.81488,-6.13777],[106.816106,-6.137398],[106.816309,-6.137332],[106.816634,-6.137191]]},"properties":{"@id":"way/48060959","electrified":"contact_line","gauge":"1067","name":"Jalur Kereta Api Jakarta Kota–Bogor","railway":"rail","railway:track_ref":"10","usage":"main","voltage":"1500","wikidata":"Q12487135","wikipedia":"id: Jalur kereta api Jakarta Kota–Bogor–Padalarang"},"id":"way/48060959"},{"type":"Feature","geometry":{"type":"LineString","coordinates":[[106.750256,-6.271973],[106.750473,-6.271744]]},"properties":{"@id":"way/103233790","bridge":"yes","electrified":"contact_line","frequency":"0","gauge":"1067","layer":"1","maxspeed":"70","name":"Jalur Kereta Api Tanah Abang–Merak","railway":"rail","usage":"main","voltage":"1500","wikidata":"Q18916627","wikipedia":"id:Jalur kereta api Merak–Tanah Abang"},"id":"way/103233790"},{"type":"Feature","geometry":{"type":"LineString","coordinates":[[106.731279,-6.287114],[106.732078,-6.286559],[106.734016,-6.285175],[106.734563,-6.284802],[106.7348,-6.284633],[106.735496,-6.28412],[106.737374,-6.282612],[106.738409,-6.28178],[106.738758,-6.2815],[106.741814,-6.279043],[106.742212,-6.27873]]},"properties":{"@id":"way/103233793","electrified":"contact_line","frequency":"0","gauge":"1067","maxspeed":"70","name":"Jalur Kereta Api Tanah Abang–Merak","railway":"rail","usage":"main","voltage":"1500","wikidata":"Q18916627","wikipedia":"id:Jalur kereta api Merak–Tanah Abang"},"id":"way/103233793"},{"type":"Feature","geometry":{"type":"LineString","coordinates":[[106.78395,-6.234031],[106.784174,-6.233652],[106.784764,-6.232656],[106.785759,-6.231004],[106.786339,-6.23003],[106.7873,-6.228376],[106.787822,-6.227512],[106.788772,-6.225931],[106.789286,-6.225055],[106.789704,-6.224323],[106.789855,-6.224019],[106.789978,-6.223755],[106.790178,-6.223308],[106.790308,-6.222998],[106.790691,-6.222083],[106.791507,-6.220155],[106.79196,-6.219033],[106.792376,-6.218039],[106.792486,-6.217805],[106.792997,-6.21695],[106.793125,-6.216753],[106.793272,-6.216562],[106.793475,-6.216297],[106.79388,-6.215811],[106.794172,-6.215501],[106.794415,-6.215282],[106.79523,-6.214551],[106.795496,-6.214288],[106.795583,-6.214192]]},"properties":{"@id":"way/103233801","electrified":"contact_line","frequency":"0","gauge":"1067","maxspeed":"70","name":"Jalur Kereta Api Tanah Abang–Merak","railway":"rail","usage":"main","voltage":"1500","wikidata":"Q18916627","wikipedia":"id:Jalur kereta api Merak–Tanah Abang"},"id":"way/103233801"},{"type":"Feature","geometry":{"type":"LineString","coordinates":[[106.838356,-6.141873],[106.837302,-6.144515],[106.837179,-6.144921],[106.837177,-6.14494],[106.837139,-6.145227],[106.837124,-6.1456],[106.837163,-6.14596],[106.837237,-6.146254],[106.83779,-6.148146],[106.837835,-6.148292],[106.837848,-6.148338],[106.838986,-6.152134],[106.840394,-6.157984],[106.840513,-6.158416],[106.840674,-6.158955],[106.841063,-6.160089],[106.841344,-6.160943],[106.841879,-6.16265],[106.841895,-6.16272],[106.842023,-6.163282]]},"properties":{"@id":"way/107492928","electrified":"contact_line","frequency":"0","gauge":"1067","maxspeed":"40","name":"Jalur Kereta Api Tanjung Priuk–Kemayoran","railway":"rail","usage":"main","voltage":"1500","wikidata":"Q19726698","wikipedia":"id:Jalur kereta api lintas Jakarta"},"id":"way/107492928"},{"type":"Feature","geometry":{"type":"LineString","coordinates":[[106.819627,-6.136091],[106.819873,-6.135997],[106.820121,-6.135879],[106.820368,-6.135734],[106.820617,-6.135569],[106.820787,-6.135417],[106.821219,-6.134907],[106.821554,-6.134473],[106.821954,-6.133988],[106.822177,-6.133773],[106.82245,-6.133516],[106.822708,-6.133325],[106.822893,-6.133204],[106.823033,-6.133119],[106.82329,-6.132978],[106.823554,-6.132859],[106.823972,-6.132706],[106.824721,-6.132494],[106.825214,-6.132357],[106.825364,-6.132313],[106.825604,-6.132245],[106.825926,-6.132161]]},"properties":{"@id":"way/107492929","electrified":"contact_line","frequency":"0","gauge":"1067","maxspeed":"40","name":"Jalur Kereta Api Jakarta Kota–Cikampek","railway":"rail","usage":"main","voltage":"1500","wikidata":"Q19726782","wikipedia":"id:Jalur kereta api Jakarta Kota–Cikampek"},"id":"way/107492929"},{"type":"Feature","geometry":{"type":"LineString","coordinates":[[106.832812,-6.141511],[106.833257,-6.141674],[106.83327,-6.141679]]},"properties":{"@id":"way/107492931","bridge":"yes","electrified":"contact_line","frequency":"0","gauge":"1067","layer":"1","maxspeed":"70","name":"Jalur Kereta Api Jakarta Kota–Cikampek","railway":"rail","usage":"main","voltage":"1500","wikidata":"Q19726782","wikipedia":"id:Jalur kereta api Jakarta Kota–Cikampek"},"id":"way/107492931"},{"type":"Feature","geometry":{"type":"LineString","coordinates":[[106.83133,-6.131823],[106.832782,-6.131151],[106.834247,-6.130366],[106.83509,-6.130007],[106.835526,-6.129876],[106.835797,-6.129796],[106.835808,-6.129792],[106.836051,-6.129719],[106.836821,-6.129586],[106.837728,-6.129429],[106.838817,-6.129241],[106.838934,-6.12922],[106.840278,-6.128977],[106.840768,-6.128888],[106.841635,-6.128731],[106.842807,-6.128519],[106.84377,-6.128344],[106.843903,-6.12832],[106.844383,-6.128209],[106.84462,-6.128157]]},"properties":{"@id":"way/107492937","electrified":"contact_line","frequency":"0","gauge":"1067","maxspeed":"40","name":"Jalur Kereta Api Jakarta Kota–Tanjung Priuk","railway":"rail","usage":"main","voltage":"1500","wikidata":"Q19726698","wikipedia":"id:Jalur kereta api lintas Jakarta"},"id":"way/107492937"},{"type":"Feature","geometry":{"type":"LineString","coordinates":[[106.805656,-6.132113],[106.806504,-6.131898]]},"properties":{"@id":"way/107492941","bridge":"yes","electrified":"contact_line","frequency":"0","gauge":"1067","layer":"1","maxspeed":"50","name":"Jalur Kereta Api Kampung Bandan–Angke–Duri","operator":"Kereta Api Indonesia","owner":"Direktorat Jenderal, Kementerian Perhubungan","owner:en":"Directorate General of Railways, Ministry of Transportation","railway":"rail","usage":"main","voltage":"1500","wikidata":"Q19726698","wikipedia":"id:Jalur kereta api lintas Jakarta"},"id":"way/107492941"},{"type":"Feature","geometry":{"type":"LineString","coordinates":[[106.814845,-6.130203],[106.815268,-6.130292]]},"properties":{"@id":"way/107492944","bridge":"yes","electrified":"contact_line","frequency":"0","gauge":"1067","layer":"1","maxspeed":"50","name":"Jalur Kereta Api Kampung Bandan–Angke–Duri","operator":"Kereta Api Indonesia","owner":"Direktorat Jenderal, Kementerian Perhubungan","owner:en":"Directorate General of Railways, Ministry of Transportation","railway":"rail","usage":"main","voltage":"1500","wikidata":"Q19726698","wikipedia":"id:Jalur kereta api lintas Jakarta"},"id":"way/107492944"},{"type":"Feature","geometry":{"type":"LineString","coordinates":[[106.815268,-6.130292],[106.815568,-6.130371],[106.815858,-6.130478],[106.816821,-6.130972],[106.818592,-6.132005],[106.818914,-6.132186],[106.819346,-6.13239],[106.819632,-6.132508],[106.820559,-6.132831],[106.820923,-6.132909],[106.821159,-6.132938],[106.821428,-6.132947],[106.82159,-6.132948],[106.821788,-6.132932],[106.822099,-6.132883],[106.822609,-6.132751],[106.822945,-6.132671],[106.82315,-6.132636]]},"properties":{"@id":"way/107492946","electrified":"contact_line","frequency":"0","gauge":"1067","maxspeed":"50","name":"Jalur Kereta Api Kampung Bandan–Angke–Duri","operator":"Kereta Api Indonesia","owner":"Direktorat Jenderal, Kementerian Perhubungan","owner:en":"Directorate General of Railways, Ministry of Transportation","railway":"rail","usage":"main","voltage":"1500","wikidata":"Q19726698","wikipedia":"id:Jalur kereta api lintas Jakarta"},"id":"way/107492946"},{"type":"Feature","geometry":{"type":"LineString","coordinates":[[106.8456,-6.177109],[106.846266,-6.179622],[106.8464,-6.180015],[106.846514,-6.180261],[106.846616,-6.180467],[106.846745,-6.180683],[106.846909,-6.180918],[106.850117,-6.185177],[106.850179,-6.185259]]},"properties":{"@id":"way/107492947","electrified":"contact_line","frequency":"0","gauge":"1067","maxspeed":"70","name":"Jalur Kereta Api Jakarta Kota–Cikampek","railway":"rail","usage":"main","voltage":"1500","wikidata":"Q19726782","wikipedia":"id:Jalur kereta api Jakarta Kota–Cikampek"},"id":"way/107492947"},{"type":"Feature","geometry":{"type":"LineString","coordinates":[[106.800282,-6.136545],[106.800261,-6.13593],[106.800264,-6.135708],[106.800316,-6.135395],[106.800394,-6.135049],[106.800481,-6.134791],[106.800575,-6.134569],[106.800757,-6.134234],[106.800939,-6.133983],[106.801158,-6.133737],[106.801378,-6.133532],[106.801601,-6.133357],[106.801872,-6.133187],[106.802143,-6.133053],[106.802592,-6.132896],[106.805656,-6.132113]]},"properties":{"@id":"way/107492951","electrified":"contact_line","frequency":"0","gauge":"1067","maxspeed":"50","name":"Jalur Kereta Api Kampung Bandan–Angke–Duri","operator":"Kereta Api Indonesia","owner":"Direktorat Jenderal, Kementerian Perhubungan","owner:en":"Directorate General of Railways, Ministry of Transportation","railway":"rail","usage":"main","voltage":"1500","wikidata":"Q19726698","wikipedia":"id:Jalur kereta api lintas Jakarta"},"id":"way/107492951"},{"type":"Feature","geometry":{"type":"LineString","coordinates":[[106.812045,-6.130448],[106.812329,-6.130373],[106.813383,-6.130093],[106.81373,-6.13003],[106.8141,-6.130043],[106.814845,-6.130203]]},"properties":{"@id":"way/107492953","electrified":"contact_line","frequency":"0","gauge":"1067","maxspeed":"50","name":"Jalur Kereta Api Kampung Bandan–Angke–Duri","operator":"Kereta Api Indonesia","owner":"Direktorat Jenderal, Kementerian Perhubungan","owner:en":"Directorate General of Railways, Ministry of Transportation","railway":"rail","usage":"main","voltage":"1500","wikidata":"Q19726698","wikipedia":"id:Jalur kereta api lintas Jakarta"},"id":"way/107492953"},{"type":"Feature","geometry":{"type":"LineString","coordinates":[[106.773795,-6.161515],[106.77603,-6.161608],[106.776617,-6.161627],[106.781571,-6.161807],[106.784633,-6.161932],[106.786335,-6.161991],[106.787196,-6.162038]]},"properties":{"@id":"way/107492957","electrified":"contact_line","frequency":"0","gauge":"1067","maxspeed":"90","name":"Jalur Kereta Api Duri–Tangerang","railway":"rail","usage":"main","voltage":"1500","wikidata":"Q12487146","wikipedia":"en:Duri–Tangerang railway"},"id":"way/107492957"},{"type":"Feature","geometry":{"type":"LineString","coordinates":[[106.810352,-6.130902],[106.810646,-6.130826]]},"properties":{"@id":"way/107492959","bridge":"yes","electrified":"contact_line","frequency":"0","gauge":"1067","layer":"1","maxspeed":"50","name":"Jalur Kereta Api Kampung Bandan–Angke–Duri","operator":"Kereta Api Indonesia","owner":"Direktorat Jenderal, Kementerian Perhubungan","owner:en":"Directorate General of Railways, Ministry of Transportation","railway":"rail","usage":"main","voltage":"1500","wikidata":"Q19726698","wikipedia":"id:Jalur kereta api lintas Jakarta"},"id":"way/107492959"},{"type":"Feature","geometry":{"type":"LineString","coordinates":[[106.828839,-6.132794],[106.829138,-6.132675]]},"properties":{"@id":"way/107492960","bridge":"yes","electrified":"contact_line","frequency":"0","gauge":"1067","layer":"1","maxspeed":"40","name":"Jalur Kereta Api Jakarta Kota–Tanjung Priuk","railway":"rail","usage":"main","voltage":"1500","wikidata":"Q19726698","wikipedia":"id:Jalur kereta api lintas Jakarta"},"id":"way/107492960"},{"type":"Feature","geometry":{"type":"LineString","coordinates":[[106.83327,-6.141679],[106.833364,-6.14171],[106.833433,-6.141731],[106.833499,-6.141754],[106.833573,-6.141776],[106.834003,-6.141937],[106.834508,-6.14219],[106.835143,-6.142629],[106.835278,-6.142735],[106.835471,-6.142903],[106.835675,-6.143118],[106.835956,-6.143436],[106.836157,-6.143704],[106.836321,-6.143948],[106.836461,-6.144191],[106.836589,-6.144437]]},"properties":{"@id":"way/107492965","electrified":"contact_line","frequency":"0","gauge":"1067","maxspeed":"70","name":"Jalur Kereta Api Jakarta Kota–Cikampek","railway":"rail","usage":"main","voltage":"1500","wikidata":"Q19726782","wikipedia":"id:Jalur kereta api Jakarta Kota–Cikampek"},"id":"way/107492965"},{"type":"Feature","geometry":{"type":"LineString","coordinates":[[106.810237,-6.130931],[106.810352,-6.130902]]},"properties":{"@id":"way/107492972","electrified":"contact_line","frequency":"0","gauge":"1067","maxspeed":"50","name":"Jalur Kereta Api Kampung Bandan–Angke–Duri","operator":"Kereta Api Indonesia","owner":"Direktorat Jenderal, Kementerian Perhubungan","owner:en":"Directorate General of Railways, Ministry of Transportation","railway":"rail","usage":"main","voltage":"1500","wikidata":"Q19726698","wikipedia":"id:Jalur kereta api lintas Jakarta"},"id":"way/107492972"},{"type":"Feature","geometry":{"type":"LineString","coordinates":[[106.827772,-6.133172],[106.826957,-6.133418],[106.825625,-6.133789],[106.82308,-6.134515],[106.822746,-6.134635],[106.822429,-6.134778],[106.822142,-6.134932],[106.821476,-6.135359],[106.820921,-6.135724],[106.820535,-6.13593],[106.820221,-6.136056],[106.819787,-6.136185],[106.819179,-6.136335],[106.819136,-6.136346],[106.818434,-6.136524]]},"properties":{"@id":"way/107492973","electrified":"contact_line","frequency":"0","gauge":"1067","maxspeed":"40","name":"Jalur Kereta Api Jakarta Kota–Tanjung Priuk","railway":"rail","usage":"main","voltage":"1500","wikidata":"Q19726698","wikipedia":"id:Jalur kereta api lintas Jakarta"},"id":"way/107492973"},{"type":"Feature","geometry":{"type":"LineString","coordinates":[[106.80098,-6.148479],[106.800974,-6.148362]]},"properties":{"@id":"way/107492981","bridge":"yes","electrified":"contact_line","frequency":"0","gauge":"1067","layer":"1","maxspeed":"50","name":"Jalur Kereta Api Kampung Bandan–Angke–Duri","operator":"Kereta Api Indonesia","owner":"Direktorat Jenderal, Kementerian Perhubungan","owner:en":"Directorate General of Railways, Ministry of Transportation","railway":"rail","usage":"main","voltage":"1500","wikidata":"Q19726698","wikipedia":"id:Jalur kereta api lintas Jakarta"},"id":"way/107492981"},{"type":"Feature","geometry":{"type":"LineString","coordinates":[[106.838423,-6.141711],[106.838356,-6.141873]]},"properties":{"@id":"way/107492983","bridge":"yes","electrified":"contact_line","gauge":"1067","layer":"1","maxspeed":"40","name":"Jalur Kereta Api Tanjung Priuk–Kemayoran","railway":"rail","usage":"main","wikidata":"Q19726698","wikipedia":"id:Jalur kereta api lintas Jakarta"},"id":"way/107492983"},{"type":"Feature","geometry":{"type":"LineString","coordinates":[[106.863657,-6.122209],[106.863953,-6.122157]]},"properties":{"@id":"way/107494245","bridge":"yes","electrified":"contact_line","frequency":"0","gauge":"1067","layer":"1","maxspeed":"40","name":"Jalur Kereta Api Jakarta Kota–Tanjung Priuk","railway":"rail","usage":"main","voltage":"1500","wikidata":"Q19726698","wikipedia":"id:Jalur kereta api lintas Jakarta"},"id":"way/107494245"},{"type":"Feature","geometry":{"type":"LineString","coordinates":[[106.877866,-6.113355],[106.877533,-6.113612],[106.875194,-6.115427],[106.874331,-6.11609],[106.873589,-6.116659],[106.871993,-6.117896],[106.870322,-6.119186],[106.868932,-6.120268],[106.868264,-6.12075],[106.868147,-6.120834],[106.86779,-6.121056],[106.867478,-6.121221],[106.866767,-6.121517],[106.866349,-6.121652],[106.86613,-6.121707],[106.863975,-6.122101]]},"properties":{"@id":"way/107494247","electrified":"contact_line","frequency":"0","gauge":"1067","maxspeed":"40","name":"Jalur Kereta Api Jakarta Kota–Tanjung Priuk","railway":"rail","usage":"main","voltage":"1500","wikidata":"Q19726698","wikipedia":"id:Jalur kereta api lintas Jakarta"},"id":"way/107494247"},{"type":"Feature","geometry":{"type":"LineString","coordinates":[[106.816637,-6.137015],[106.816883,-6.136923]]},"properties":{"@id":"way/107636757","bridge":"yes","electrified":"contact_line","frequency":"0","gauge":"1067","layer":"1","name":"Jalur Kereta Api Jakarta Kota–Tanjung Priuk","railway":"rail","railway:track_ref":"7","source":"yahoo photography","usage":"main","voltage":"1500","wikidata":"Q19726698","wikipedia":"id:Jalur kereta api lintas Jakarta"},"id":"way/107636757"},{"type":"Feature","geometry":{"type":"LineString","coordinates":[[106.816634,-6.137191],[106.816876,-6.137082]]},"properties":{"@id":"way/107636763","bridge":"yes","electrified":"contact_line","frequency":"0","gauge":"1067","layer":"1","name":"Jalur Kereta Api Jakarta Kota–Bogor","railway":"rail","railway:track_ref":"10","usage":"main","voltage":"1500","wikidata":"Q12487135","wikipedia":"id: Jalur kereta api Jakarta Kota–Bogor–Padalarang"},"id":"way/107636763"},{"type":"Feature","geometry":{"type":"LineString","coordinates":[[106.865246,-6.213234],[106.865871,-6.213813],[106.866191,-6.214111],[106.86652,-6.214409],[106.866725,-6.214566],[106.866962,-6.214711],[106.867153,-6.214798],[106.86735,-6.214869],[106.867563,-6.214933],[106.867792,-6.214983],[106.868099,-6.215019],[106.868424,-6.21503],[106.86892,-6.215033]]},"properties":{"@id":"way/121684845","electrified":"contact_line","frequency":"0","gauge":"1067","maxspeed":"60","name":"Jalur Kereta Api Manggarai–Jatinegara","railway":"rail","usage":"main","voltage":"1500","wikidata":"Q17052030","wikipedia":"en:Jatinegara-Manggarai railway"},"id":"way/121684845"},{"type":"Feature","geometry":{"type":"LineString","coordinates":[[106.854032,-6.125955],[106.854643,-6.125677],[106.85553,-6.12526],[106.857764,-6.124211],[106.857877,-6.124164],[106.858264,-6.124005],[106.86195,-6.122579],[106.863133,-6.122308],[106.863657,-6.122209]]},"properties":{"@id":"way/164113396","electrified":"contact_line","frequency":"0","gauge":"1067","maxspeed":"40","name":"Jalur Kereta Api Jakarta Kota–Tanjung Priuk","railway":"rail","usage":"main","voltage":"1500","wikidata":"Q19726698","wikipedia":"id:Jalur kereta api lintas Jakarta"},"id":"way/164113396"},{"type":"Feature","geometry":{"type":"LineString","coordinates":[[106.948689,-6.218713],[106.949117,-6.218781],[106.949254,-6.218803]]},"properties":{"@id":"way/187658381","bridge":"yes","electrified":"contact_line","frequency":"0","gauge":"1067","layer":"1","maxspeed":"115","name":"Jalur Kereta Api Jakarta Kota–Cikampek","railway":"rail","usage":"main","voltage":"1500","wikidata":"Q19726782","wikipedia":"id:Jalur kereta api Jakarta Kota–Cikampek"},"id":"way/187658381"},{"type":"Feature","geometry":{"type":"LineString","coordinates":[[106.954916,-6.219452],[106.955828,-6.219551],[106.956975,-6.219652],[106.958218,-6.21978],[106.959065,-6.219868],[106.962685,-6.220326],[106.965419,-6.22065],[106.966657,-6.220785],[106.970441,-6.221244]]},"properties":{"@id":"way/187658388","electrified":"contact_line","frequency":"0","gauge":"1067","maxspeed":"115","name":"Jalur Kereta Api Jakarta Kota–Cikampek","railway":"rail","usage":"main","voltage":"1500","wikidata":"Q19726782","wikipedia":"id:Jalur kereta api Jakarta Kota–Cikampek"},"id":"way/187658388"},{"type":"Feature","geometry":{"type":"LineString","coordinates":[[106.851099,-6.264298],[106.850499,-6.265668],[106.84916,-6.268656],[106.848798,-6.269457],[106.8486,-6.269904],[106.84784,-6.271562],[106.84733,-6.272757],[106.847312,-6.272806],[106.847231,-6.272976],[106.847049,-6.273354],[106.846939,-6.273631],[106.84663,-6.274521],[106.846475,-6.274969],[106.846238,-6.275786],[106.84616,-6.276103],[106.846056,-6.276558],[106.845863,-6.277633],[106.845541,-6.279406],[106.84544,-6.279954],[106.845364,-6.280361],[106.845301,-6.280702],[106.845151,-6.281502],[106.844757,-6.283767],[106.844618,-6.284593]]},"properties":{"@id":"way/226348797","electrified":"contact_line","frequency":"0","gauge":"1067","maxspeed":"80","name":"Jalur Kereta Api Jakarta Kota–Bogor","operator":"Kereta Api Indonesia","railway":"rail","railway:track_ref":"2","usage":"main","voltage":"1500","wikidata":"Q12487135","wikipedia":"id: Jalur kereta api Jakarta Kota–Bogor–Padalarang"},"id":"way/226348797"},{"type":"Feature","geometry":{"type":"LineString","coordinates":[[106.848361,-6.20823],[106.848283,-6.208139],[106.848254,-6.2081]]},"properties":{"@id":"way/226349986","electrified":"contact_line","frequency":"0","gauge":"1067","layer":"1","name":"Jalur Kereta Api Tanah Abang–Manggarai","railway":"rail","usage":"main","voltage":"1500","wikidata":"Q19726698","wikipedia":"id:Jalur kereta api lintas Jakarta"},"id":"way/226349986"},{"type":"Feature","geometry":{"type":"LineString","coordinates":[[106.848322,-6.20806],[106.848198,-6.2079]]},"properties":{"@id":"way/228186283","bridge":"yes","electrified":"contact_line","frequency":"0","gauge":"1067","layer":"1","maxspeed":"90","name":"Jalur Kereta Api Jakarta Kota–Bogor","railway":"rail","usage":"main","voltage":"1500","wikidata":"Q12487135","wikipedia":"id:Jalur kereta api Jakarta Kota–Bogor–Padalarang"},"id":"way/228186283"},{"type":"Feature","geometry":{"type":"LineString","coordinates":[[106.849924,-6.210103],[106.850406,-6.210741],[106.850689,-6.211108],[106.850829,-6.211286],[106.851045,-6.21158],[106.85134,-6.212009]]},"properties":{"@id":"way/228324281","electrified":"contact_line","frequency":"0","gauge":"1067","maxspeed":"60","name":"Jalur Kereta Api Manggarai–Jatinegara","railway":"rail","railway:track_ref":"2","usage":"main","voltage":"1500","wikidata":"Q17052030","wikipedia":"en:Jatinegara-Manggarai railway"},"id":"way/228324281"},{"type":"Feature","geometry":{"type":"LineString","coordinates":[[106.845692,-6.205711],[106.84593,-6.20578],[106.846071,-6.205829],[106.846179,-6.205874],[106.846319,-6.205938],[106.846475,-6.206019],[106.846615,-6.206108],[106.846924,-6.206351],[106.847119,-6.206552],[106.847482,-6.206994],[106.847515,-6.207041],[106.847815,-6.207438]]},"properties":{"@id":"way/228324585","electrified":"contact_line","frequency":"0","gauge":"1067","maxspeed":"60","name":"Jalur Kereta Api Tanah Abang–Manggarai","railway":"rail","usage":"main","voltage":"1500","wikidata":"Q19726698","wikipedia":"id:Jalur kereta api lintas Jakarta"},"id":"way/228324585"},{"type":"Feature","geometry":{"type":"LineString","coordinates":[[106.85225,-6.213329],[106.85211,-6.213186],[106.851775,-6.212934],[106.851663,-6.212843],[106.851565,-6.212738],[106.851448,-6.212611]]},"properties":{"@id":"way/228325192","electrified":"contact_line","frequency":"0","gauge":"1067","railway":"rail","usage":"main","voltage":"1500"},"id":"way/228325192"},{"type":"Feature","geometry":{"type":"LineString","coordinates":[[106.848254,-6.2081],[106.84814,-6.207947]]},"properties":{"@id":"way/228325194","bridge":"yes","electrified":"contact_line","frequency":"0","gauge":"1067","layer":"1","name":"Jalur Kereta Api Tanah Abang–Manggarai","railway":"rail","usage":"main","voltage":"1500","wikidata":"Q19726698","wikipedia":"id:Jalur kereta api lintas Jakarta"},"id":"way/228325194"},{"type":"Feature","geometry":{"type":"LineString","coordinates":[[106.843655,-6.201771],[106.844121,-6.202474],[106.846195,-6.205274],[106.846376,-6.205534],[106.846488,-6.205712],[106.846603,-6.205915],[106.846757,-6.206207],[106.846884,-6.206434],[106.847033,-6.20668],[106.847167,-6.206876],[106.847361,-6.207138],[106.847555,-6.207367],[106.847752,-6.2076],[106.847934,-6.207834],[106.847976,-6.207893]]},"properties":{"@id":"way/228329634","bridge":"yes","electrified":"contact_line","frequency":"0","gauge":"1067","layer":"2","level":"3","maxspeed":"60","name":"Jalur Kereta Api Jakarta Kota–Bogor","railway":"rail","usage":"main","voltage":"1500","wikidata":"Q12487135","wikipedia":"id:Jalur kereta api Jakarta Kota–Bogor–Padalarang"},"id":"way/228329634"},{"type":"Feature","geometry":{"type":"LineString","coordinates":[[106.848467,-6.208694],[106.8482,-6.208266],[106.847908,-6.207855],[106.847726,-6.207623],[106.84728,-6.207084],[106.847143,-6.206896],[106.847002,-6.206688],[106.846848,-6.206445],[106.846571,-6.205934],[106.846455,-6.205729],[106.846344,-6.205557],[106.846156,-6.205293],[106.844053,-6.202464],[106.843183,-6.201145]]},"properties":{"@id":"way/228329646","bridge":"yes","electrified":"contact_line","frequency":"0","gauge":"1067","layer":"2","level":"3","maxspeed":"60","name":"Jalur Kereta Api Jakarta Kota–Bogor","railway":"rail","usage":"main","voltage":"1500","wikidata":"Q12487135","wikipedia":"id:Jalur kereta api Jakarta Kota–Bogor–Padalarang"},"id":"way/228329646"},{"type":"Feature","geometry":{"type":"LineString","coordinates":[[106.853158,-6.214477],[106.853424,-6.214769],[106.85369,-6.215102],[106.854045,-6.215639]]},"properties":{"@id":"way/228329678","electrified":"contact_line","frequency":"0","gauge":"1067","name":"Manggarai-Depo Bukitduri","passenger_lines":"2","railway":"rail","usage":"main","voltage":"1500"},"id":"way/228329678"},{"type":"Feature","geometry":{"type":"LineString","coordinates":[[106.814716,-6.137399],[106.815916,-6.137054],[106.816273,-6.136929],[106.816618,-6.136833]]},"properties":{"@id":"way/256809638","electrified":"contact_line","frequency":"0","gauge":"1067","name":"Jalur Kereta Api Jakarta Kota–Cikampek","railway":"rail","railway:track_ref":"3","usage":"main","voltage":"1500","wikidata":"Q19726782","wikipedia":"id:Jalur kereta api Jakarta Kota–Cikampek"},"id":"way/256809638"},{"type":"Feature","geometry":{"type":"LineString","coordinates":[[106.814797,-6.137669],[106.816071,-6.137294],[106.816194,-6.137254],[106.816586,-6.137075]]},"properties":{"@id":"way/256809640","electrified":"contact_line","frequency":"0","gauge":"1067","name":"Jalur Kereta Api Jakarta Kota–Tanjung Priuk","railway":"rail","railway:track_ref":"8","usage":"main","voltage":"1500","wikidata":"Q19726698","wikipedia":"id:Jalur kereta api lintas Jakarta"},"id":"way/256809640"},{"type":"Feature","geometry":{"type":"LineString","coordinates":[[106.814727,-6.137434],[106.815891,-6.137101],[106.816627,-6.136867]]},"properties":{"@id":"way/256809642","electrified":"contact_line","frequency":"0","gauge":"1067","name":"Jalur Kereta Api Jakarta Kota–Cikampek","railway":"rail","railway:track_ref":"4","usage":"main","voltage":"1500","wikidata":"Q19726782","wikipedia":"id:Jalur kereta api Jakarta Kota–Cikampek"},"id":"way/256809642"},{"type":"Feature","geometry":{"type":"LineString","coordinates":[[106.830468,-6.167562],[106.830461,-6.168271],[106.830456,-6.168374],[106.830453,-6.168404],[106.830407,-6.168824],[106.8303,-6.169345],[106.829866,-6.17097],[106.829835,-6.171101],[106.829829,-6.171129],[106.829786,-6.171338],[106.829776,-6.171382],[106.829743,-6.171637],[106.829734,-6.171738],[106.829718,-6.171939],[106.829714,-6.172194],[106.829711,-6.172366],[106.829739,-6.172679],[106.829756,-6.172868],[106.829824,-6.17338],[106.82993,-6.173898],[106.830054,-6.174435],[106.830077,-6.174537]]},"properties":{"@id":"way/256809696","bridge":"yes","electrified":"contact_line","frequency":"0","gauge":"1067","layer":"1","level":"1","maxspeed":"90","name":"Jalur Kereta Api Jakarta Kota–Bogor","railway":"rail","usage":"main","voltage":"1500","wikidata":"Q12487135","wikipedia":"en:Manggarai–Padalarang railway"},"id":"way/256809696"},{"type":"Feature","geometry":{"type":"LineString","coordinates":[[106.633646,-6.176941],[106.630717,-6.176814],[106.63045,-6.176803]]},"properties":{"@id":"way/277208627","electrified":"contact_line","frequency":"0","gauge":"1067","maxspeed":"75","name":"Jalur Kereta Api Duri–Tangerang","railway":"rail","railway:track_ref":"1","usage":"main","voltage":"1500","wikidata":"Q12487146","wikipedia":"en:Duri–Tangerang railway"},"id":"way/277208627"},{"type":"Feature","geometry":{"type":"LineString","coordinates":[[106.865846,-6.213714],[106.866587,-6.214395],[106.86677,-6.214527],[106.867093,-6.214716],[106.867176,-6.214752],[106.867372,-6.214823],[106.867576,-6.214885],[106.867794,-6.214937],[106.868106,-6.214969],[106.868288,-6.214973],[106.868442,-6.214972],[106.868828,-6.214973],[106.869243,-6.214977],[106.869268,-6.214977],[106.870338,-6.214988],[106.871932,-6.214974]]},"properties":{"@id":"way/339334987","electrified":"contact_line","frequency":"0","gauge":"1067","maxspeed":"50","name":"Jalur Kereta Api Manggarai–Jatinegara","railway":"rail","railway:track_ref":"3","usage":"main","voltage":"1500","wikidata":"Q17052030","wikipedia":"en:Jatinegara-Manggarai railway"},"id":"way/339334987"},{"type":"Feature","geometry":{"type":"LineString","coordinates":[[106.970449,-6.221211],[106.969772,-6.221132],[106.968768,-6.221003],[106.966658,-6.220751],[106.96535,-6.220607],[106.964506,-6.220509],[106.96336,-6.220369],[106.962683,-6.220293],[106.962079,-6.220214],[106.960614,-6.220039],[106.959066,-6.219837],[106.957743,-6.219694],[106.956984,-6.219612],[106.955808,-6.219512],[106.955488,-6.219481]]},"properties":{"@id":"way/339850168","electrified":"contact_line","frequency":"0","gauge":"1067","maxspeed":"115","name":"Jalur Kereta Api Jakarta Kota–Cikampek","railway":"rail","usage":"main","voltage":"1500","wikidata":"Q19726782","wikipedia":"id:Jalur kereta api Jakarta Kota–Cikampek"},"id":"way/339850168"},{"type":"Feature","geometry":{"type":"LineString","coordinates":[[106.848081,-6.207823],[106.84816,-6.207924]]},"properties":{"@id":"way/368526675","bridge":"yes","electrified":"contact_line","frequency":"0","gauge":"1067","layer":"1","name":"Jalur Kereta Api Tanah Abang–Manggarai","railway":"rail","usage":"main","voltage":"1500","wikidata":"Q19726698","wikipedia":"id:Jalur kereta api lintas Jakarta"},"id":"way/368526675"},{"type":"Feature","geometry":{"type":"LineString","coordinates":[[106.816586,-6.137075],[106.816886,-6.136957]]},"properties":{"@id":"way/368546035","bridge":"yes","electrified":"contact_line","frequency":"0","gauge":"1067","layer":"1","name":"Jalur Kereta Api Jakarta Kota–Tanjung Priuk","railway":"rail","railway:track_ref":"8","usage":"main","voltage":"1500","wikidata":"Q19726698","wikipedia":"id:Jalur kereta api lintas Jakarta"},"id":"way/368546035"},{"type":"Feature","geometry":{"type":"LineString","coordinates":[[106.817024,-6.136913],[106.818018,-6.136668],[106.818063,-6.136655]]},"properties":{"@id":"way/368546036","electrified":"contact_line","frequency":"0","gauge":"1067","maxspeed":"20","name":"Jalur Kereta Api Jakarta Kota–Tanjung Priuk","railway":"rail","usage":"main","voltage":"1500","wikidata":"Q19726698","wikipedia":"id:Jalur kereta api lintas Jakarta"},"id":"way/368546036"},{"type":"Feature","geometry":{"type":"LineString","coordinates":[[106.816627,-6.136867],[106.816869,-6.136808]]},"properties":{"@id":"way/368546039","bridge":"yes","electrified":"contact_line","frequency":"0","gauge":"1067","layer":"1","name":"Jalur Kereta Api Jakarta Kota–Cikampek","railway":"rail","railway:track_ref":"4","usage":"main","voltage":"1500","wikidata":"Q19726782","wikipedia":"id:Jalur kereta api Jakarta Kota–Cikampek"},"id":"way/368546039"},{"type":"Feature","geometry":{"type":"LineString","coordinates":[[106.818928,-6.136231],[106.818017,-6.136467],[106.817802,-6.136537],[106.816868,-6.136776]]},"properties":{"@id":"way/368546041","electrified":"contact_line","frequency":"0","gauge":"1067","name":"Jalur Kereta Api Jakarta Kota–Cikampek","railway":"rail","railway:track_ref":"3","usage":"main","voltage":"1500","wikidata":"Q19726782","wikipedia":"id:Jalur kereta api Jakarta Kota–Cikampek"},"id":"way/368546041"},{"type":"Feature","geometry":{"type":"LineString","coordinates":[[106.816618,-6.136833],[106.816868,-6.136776]]},"properties":{"@id":"way/368546042","bridge":"yes","electrified":"contact_line","frequency":"0","gauge":"1067","layer":"1","name":"Jalur Kereta Api Jakarta Kota–Cikampek","railway":"rail","railway:track_ref":"3","usage":"main","voltage":"1500","wikidata":"Q19726782","wikipedia":"id:Jalur kereta api Jakarta Kota–Cikampek"},"id":"way/368546042"},{"type":"Feature","geometry":{"type":"LineString","coordinates":[[106.797516,-6.277616],[106.797301,-6.278363],[106.797167,-6.278839],[106.797072,-6.279181]]},"properties":{"@id":"way/382750282","bridge":"yes","covered":"yes","electrified":"contact_line","frequency":"0","gauge":"1067","layer":"3","maxspeed":"90","name":"MRT Jakarta Jalur Utara-Selatan","name:en":"Jakarta MRT North-South Line","network":"MRT Jakarta","operator":"PT MRT Jakarta (Perseroda)","railway":"subway","start_date":"2019-03-24","tracks":"1","voltage":"1500","wikidata":"Q3333785","wikipedia":"id:MRT Jakarta"},"id":"way/382750282"},{"type":"Feature","geometry":{"type":"LineString","coordinates":[[106.845692,-6.205711],[106.845393,-6.205667],[106.845183,-6.20565],[106.844974,-6.20565],[106.844748,-6.205668],[106.844442,-6.205724],[106.844163,-6.205809],[106.843898,-6.20593],[106.843532,-6.206123],[106.843234,-6.206285],[106.843024,-6.206382],[106.842666,-6.206482],[106.842466,-6.206524],[106.842034,-6.20656],[106.841861,-6.206551],[106.84169,-6.206531],[106.841462,-6.206493],[106.841149,-6.206397],[106.838743,-6.205573],[106.83733,-6.205105],[106.83706,-6.205041],[106.834037,-6.204597],[106.830957,-6.204156],[106.830563,-6.20407],[106.82574,-6.202937]]},"properties":{"@id":"way/383102094","electrified":"contact_line","frequency":"0","gauge":"1067","maxspeed":"60","name":"Jalur Kereta Api Tanah Abang–Manggarai","railway":"rail","usage":"main","voltage":"1500","wikidata":"Q19726698","wikipedia":"id:Jalur kereta api lintas Jakarta"},"id":"way/383102094"},{"type":"Feature","geometry":{"type":"LineString","coordinates":[[106.86515,-6.213202],[106.866171,-6.214134],[106.866501,-6.214436],[106.86668,-6.214572],[106.866911,-6.21473],[106.867131,-6.214837],[106.867336,-6.214913],[106.867548,-6.21498],[106.867791,-6.215031],[106.868096,-6.215058],[106.868422,-6.215065],[106.868926,-6.215078]]},"properties":{"@id":"way/383105465","electrified":"contact_line","frequency":"0","gauge":"1067","maxspeed":"60","name":"Jalur Kereta Api Manggarai–Jatinegara","railway":"rail","usage":"main","voltage":"1500","wikidata":"Q17052030","wikipedia":"en:Jatinegara-Manggarai railway"},"id":"way/383105465"},{"type":"Feature","geometry":{"type":"LineString","coordinates":[[106.875556,-6.214838],[106.87618,-6.214797],[106.877353,-6.214707],[106.880119,-6.214547],[106.884892,-6.214269],[106.886928,-6.214139],[106.887294,-6.214097],[106.887468,-6.21407],[106.887636,-6.214042],[106.888171,-6.213925],[106.888362,-6.213881],[106.888551,-6.21383],[106.889806,-6.213422],[106.890284,-6.213305],[106.890772,-6.213223],[106.891227,-6.213169],[106.891686,-6.213137],[106.892294,-6.213123]]},"properties":{"@id":"way/383105468","electrified":"contact_line","frequency":"0","gauge":"1067","maxspeed":"115","name":"Jalur Kereta Api Jakarta Kota–Cikampek","railway":"rail","usage":"main","voltage":"1500","wikidata":"Q19726782","wikipedia":"id:Jalur kereta api Jakarta Kota–Cikampek"},"id":"way/383105468"},{"type":"Feature","geometry":{"type":"LineString","coordinates":[[106.810782,-6.185518],[106.810828,-6.185924]]},"properties":{"@id":"way/383138085","electrified":"contact_line","frequency":"0","gauge":"1067","maxspeed":"30","name":"Jalur Kereta Api Tanah Abang–Merak","railway":"rail","railway:track_ref":"5","tunnel":"building_passage","usage":"main","voltage":"1500","wikidata":"Q18916627","wikipedia":"id:Jalur kereta api Merak–Tanah Abang"},"id":"way/383138085"},{"type":"Feature","geometry":{"type":"LineString","coordinates":[[106.810794,-6.186527],[106.810736,-6.185936]]},"properties":{"@id":"way/383138086","electrified":"contact_line","frequency":"0","gauge":"1067","maxspeed":"30","name":"Jalur Kereta Api Tanah Abang–Merak","railway":"rail","railway:track_ref":"6","usage":"main","voltage":"1500","wikidata":"Q18916627","wikipedia":"id:Jalur kereta api Merak–Tanah Abang"},"id":"way/383138086"},{"type":"Feature","geometry":{"type":"LineString","coordinates":[[106.948706,-6.218679],[106.949269,-6.218767]]},"properties":{"@id":"way/383272559","bridge":"yes","electrified":"contact_line","frequency":"0","gauge":"1067","layer":"1","maxspeed":"115","name":"Jalur Kereta Api Jakarta Kota–Cikampek","railway":"rail","usage":"main","voltage":"1500","wikidata":"Q19726782","wikipedia":"id:Jalur kereta api Jakarta Kota–Cikampek"},"id":"way/383272559"},{"type":"Feature","geometry":{"type":"LineString","coordinates":[[106.750448,-6.271718],[106.750228,-6.271949]]},"properties":{"@id":"way/383351502","bridge":"yes","electrified":"contact_line","frequency":"0","gauge":"1067","layer":"1","maxspeed":"70","name":"Jalur Kereta Api Tanah Abang–Merak","railway":"rail","usage":"main","voltage":"1500","wikidata":"Q18916627","wikipedia":"id:Jalur kereta api Merak–Tanah Abang"},"id":"way/383351502"},{"type":"Feature","geometry":{"type":"LineString","coordinates":[[106.742188,-6.278689],[106.741797,-6.278995],[106.740882,-6.279753],[106.74065,-6.27994],[106.740022,-6.280432],[106.73898,-6.281259],[106.738384,-6.281742],[106.73742,-6.282519],[106.736349,-6.283393],[106.735409,-6.284138],[106.734753,-6.284626],[106.73429,-6.284948],[106.733999,-6.285147],[106.733064,-6.285801],[106.732429,-6.28626],[106.731972,-6.286583],[106.73167,-6.2868],[106.731198,-6.287113]]},"properties":{"@id":"way/383351503","electrified":"contact_line","frequency":"0","gauge":"1067","maxspeed":"70","name":"Jalur Kereta Api Tanah Abang–Merak","railway":"rail","usage":"main","voltage":"1500","wikidata":"Q18916627","wikipedia":"id:Jalur kereta api Merak–Tanah Abang"},"id":"way/383351503"},{"type":"Feature","geometry":{"type":"LineString","coordinates":[[106.767472,-6.254375],[106.76783,-6.254237]]},"properties":{"@id":"way/383539685","bridge":"yes","electrified":"contact_line","frequency":"0","gauge":"1067","layer":"1","maxspeed":"70","name":"Jalur Kereta Api Tanah Abang–Merak","railway":"rail","usage":"main","voltage":"1500","wikidata":"Q18916627","wikipedia":"id:Jalur kereta api Merak–Tanah Abang"},"id":"way/383539685"},{"type":"Feature","geometry":{"type":"LineString","coordinates":[[106.754305,-6.267821],[106.754372,-6.267756],[106.755746,-6.266332],[106.756599,-6.265469],[106.756835,-6.265243],[106.756904,-6.265188],[106.757151,-6.265013],[106.759218,-6.263583],[106.759618,-6.263306],[106.759824,-6.263145],[106.759983,-6.263],[106.760131,-6.262852],[106.760372,-6.262597],[106.760462,-6.262474],[106.760716,-6.262105],[106.760938,-6.261734],[106.761057,-6.261491],[106.761105,-6.261374],[106.761226,-6.261006],[106.761357,-6.260507],[106.761548,-6.259697],[106.761895,-6.258333],[106.761979,-6.258066],[106.762107,-6.257735],[106.762209,-6.257539],[106.762396,-6.257242],[106.762536,-6.257054],[106.762772,-6.256801],[106.763013,-6.25661],[106.763266,-6.256433],[106.764644,-6.255645],[106.765336,-6.255293],[106.766335,-6.254816],[106.766717,-6.254644],[106.767472,-6.254375]]},"properties":{"@id":"way/383539687","electrified":"contact_line","frequency":"0","gauge":"1067","maxspeed":"70","name":"Jalur Kereta Api Tanah Abang–Merak","railway":"rail","usage":"main","voltage":"1500","wikidata":"Q18916627","wikipedia":"id:Jalur kereta api Merak–Tanah Abang"},"id":"way/383539687"},{"type":"Feature","geometry":{"type":"LineString","coordinates":[[106.767459,-6.254305],[106.766685,-6.254602],[106.766285,-6.254789],[106.76601,-6.254915],[106.765708,-6.255061],[106.765216,-6.255305],[106.764546,-6.255653],[106.763921,-6.256],[106.763261,-6.256396],[106.762995,-6.256578],[106.762752,-6.256769],[106.762537,-6.256999],[106.762368,-6.257212],[106.762175,-6.257528],[106.762073,-6.257723],[106.76194,-6.25806],[106.761859,-6.258326],[106.76153,-6.259628],[106.761443,-6.259991],[106.761324,-6.260495],[106.761233,-6.260862],[106.761177,-6.261065],[106.761078,-6.261348],[106.761023,-6.261484],[106.760909,-6.261715],[106.760692,-6.262085],[106.760434,-6.262457],[106.760297,-6.262633],[106.76012,-6.262825],[106.76,-6.262947],[106.759808,-6.26312],[106.759567,-6.263307],[106.759316,-6.263485],[106.758901,-6.263762],[106.758387,-6.264116],[106.757768,-6.264551],[106.757536,-6.264715],[106.757218,-6.264926],[106.756908,-6.265147],[106.756831,-6.265212],[106.756583,-6.265443],[106.756021,-6.266011],[106.755718,-6.266314],[106.755149,-6.266894],[106.754773,-6.267274],[106.75444,-6.267624],[106.754338,-6.267726],[106.754278,-6.267787]]},"properties":{"@id":"way/383539690","electrified":"contact_line","frequency":"0","gauge":"1067","maxspeed":"70","name":"Jalur Kereta Api Tanah Abang–Merak","railway":"rail","usage":"main","voltage":"1500","wikidata":"Q18916627","wikipedia":"id:Jalur kereta api Merak–Tanah Abang"},"id":"way/383539690"},{"type":"Feature","geometry":{"type":"LineString","coordinates":[[106.767783,-6.254182],[106.767459,-6.254305]]},"properties":{"@id":"way/383539694","bridge":"yes","electrified":"contact_line","frequency":"0","gauge":"1067","layer":"1","maxspeed":"70","name":"Jalur Kereta Api Tanah Abang–Merak","railway":"rail","usage":"main","voltage":"1500","wikidata":"Q18916627","wikipedia":"id:Jalur kereta api Merak–Tanah Abang"},"id":"way/383539694"},{"type":"Feature","geometry":{"type":"LineString","coordinates":[[106.848123,-6.207802],[106.847899,-6.207486],[106.847169,-6.206514],[106.845927,-6.204779]]},"properties":{"@id":"way/385543392","electrified":"contact_line","frequency":"0","gauge":"1067","layer":"1","maxspeed":"90","name":"Jalur Kereta Api Jakarta Kota–Bogor","railway":"rail","usage":"main","voltage":"1500","wikidata":"Q12487135","wikipedia":"id:Jalur kereta api Jakarta Kota–Bogor–Padalarang"},"id":"way/385543392"},{"type":"Feature","geometry":{"type":"LineString","coordinates":[[106.848151,-6.207766],[106.848353,-6.208037]]},"properties":{"@id":"way/385543393","bridge":"yes","electrified":"contact_line","frequency":"0","gauge":"1067","layer":"1","maxspeed":"90","name":"Jalur Kereta Api Jakarta Kota–Bogor","railway":"rail","usage":"main","voltage":"1500","wikidata":"Q12487135","wikipedia":"id:Jalur kereta api Jakarta Kota–Bogor–Padalarang"},"id":"way/385543393"},{"type":"Feature","geometry":{"type":"LineString","coordinates":[[106.845956,-6.204752],[106.847475,-6.206867],[106.848151,-6.207766]]},"properties":{"@id":"way/385543395","electrified":"contact_line","frequency":"0","gauge":"1067","maxspeed":"90","name":"Jalur Kereta Api Jakarta Kota–Bogor","railway":"rail","usage":"main","voltage":"1500","wikidata":"Q12487135","wikipedia":"id:Jalur kereta api Jakarta Kota–Bogor–Padalarang"},"id":"way/385543395"},{"type":"Feature","geometry":{"type":"LineString","coordinates":[[106.924867,-6.215785],[106.926881,-6.216026],[106.927036,-6.216044],[106.931219,-6.216551],[106.932921,-6.216751],[106.933681,-6.216848],[106.934673,-6.21696],[106.936067,-6.217117],[106.936969,-6.217242],[106.937856,-6.217348],[106.938467,-6.21741],[106.938478,-6.217411]]},"properties":{"@id":"way/458086483","electrified":"contact_line","frequency":"0","gauge":"1067","maxspeed":"115","name":"Jalur Kereta Api Jakarta Kota–Cikampek","railway":"rail","usage":"main","voltage":"1500","wikidata":"Q19726782","wikipedia":"id:Jalur kereta api Jakarta Kota–Cikampek"},"id":"way/458086483"},{"type":"Feature","geometry":{"type":"LineString","coordinates":[[106.900642,-6.213407],[106.901669,-6.213408],[106.901988,-6.213408],[106.90224,-6.213403],[106.902517,-6.213397],[106.902933,-6.213388],[106.903191,-6.213393],[106.903739,-6.213403],[106.9041,-6.21341],[106.904174,-6.213411],[106.904686,-6.213421],[106.905061,-6.213438],[106.905337,-6.213451],[106.905545,-6.213467],[106.905808,-6.213487],[106.906235,-6.21353],[106.906283,-6.213535],[106.907091,-6.213626],[106.907184,-6.213637],[106.908603,-6.213814],[106.909989,-6.213986],[106.910037,-6.213992]]},"properties":{"@id":"way/458086489","electrified":"contact_line","frequency":"0","gauge":"1067","maxspeed":"115","name":"Jalur Kereta Api Jakarta Kota–Cikampek","railway":"rail","usage":"main","voltage":"1500","wikidata":"Q19726782","wikipedia":"id:Jalur kereta api Jakarta Kota–Cikampek"},"id":"way/458086489"},{"type":"Feature","geometry":{"type":"LineString","coordinates":[[106.895668,-6.213195],[106.895851,-6.213199]]},"properties":{"@id":"way/458086496","bridge":"yes","electrified":"contact_line","frequency":"0","gauge":"1067","layer":"1","maxspeed":"115","name":"Jalur Kereta Api Jakarta Kota–Cikampek","railway":"rail","usage":"main","voltage":"1500","wikidata":"Q19726782","wikipedia":"id:Jalur kereta api Jakarta Kota–Cikampek"},"id":"way/458086496"},{"type":"Feature","geometry":{"type":"LineString","coordinates":[[106.895666,-6.213236],[106.895849,-6.213239]]},"properties":{"@id":"way/458086498","bridge":"yes","electrified":"contact_line","frequency":"0","gauge":"1067","layer":"1","maxspeed":"115","name":"Jalur Kereta Api Jakarta Kota–Cikampek","railway":"rail","usage":"main","voltage":"1500","wikidata":"Q19726782","wikipedia":"id:Jalur kereta api Jakarta Kota–Cikampek"},"id":"way/458086498"},{"type":"Feature","geometry":{"type":"LineString","coordinates":[[106.766799,-6.160559],[106.766848,-6.160566]]},"properties":{"@id":"way/458241223","electrified":"contact_line","frequency":"0","gauge":"1067","maxspeed":"90","name":"Jalur Kereta Api Duri–Tangerang","railway":"rail","usage":"main","voltage":"1500","wikidata":"Q12487146","wikipedia":"en:Duri–Tangerang railway"},"id":"way/458241223"},{"type":"Feature","geometry":{"type":"LineString","coordinates":[[106.73757,-6.159641],[106.737448,-6.159689]]},"properties":{"@id":"way/458241225","bridge":"yes","electrified":"contact_line","frequency":"0","gauge":"1067","layer":"1","maxspeed":"90","name":"Jalur Kereta Api Duri–Tangerang","railway":"rail","usage":"main","voltage":"1500","wikidata":"Q12487146","wikipedia":"en:Duri–Tangerang railway"},"id":"way/458241225"},{"type":"Feature","geometry":{"type":"LineString","coordinates":[[106.668785,-6.171667],[106.671214,-6.171282],[106.676872,-6.170371],[106.679661,-6.169919],[106.67972,-6.169912],[106.682396,-6.16948],[106.685666,-6.168948],[106.692877,-6.167766],[106.695883,-6.167278],[106.699177,-6.166737],[106.704335,-6.165878],[106.704701,-6.165817],[106.710954,-6.164776],[106.714315,-6.164222],[106.720006,-6.163245],[106.720673,-6.16314]]},"properties":{"@id":"way/458241232","electrified":"contact_line","frequency":"0","gauge":"1067","maxspeed":"90","name":"Jalur Kereta Api Duri–Tangerang","railway":"rail","usage":"main","voltage":"1500","wikidata":"Q12487146","wikipedia":"en:Duri–Tangerang railway"},"id":"way/458241232"},{"type":"Feature","geometry":{"type":"LineString","coordinates":[[106.747956,-6.158283],[106.747513,-6.158335]]},"properties":{"@id":"way/458241234","bridge":"yes","electrified":"contact_line","frequency":"0","gauge":"1067","layer":"1","maxspeed":"90","name":"Jalur Kereta Api Duri–Tangerang","railway":"rail","usage":"main","voltage":"1500","wikidata":"Q12487146","wikipedia":"en:Duri–Tangerang railway"},"id":"way/458241234"},{"type":"Feature","geometry":{"type":"LineString","coordinates":[[106.747513,-6.158335],[106.747451,-6.158341],[106.745683,-6.158493],[106.743184,-6.158689],[106.740791,-6.15886],[106.739981,-6.158936],[106.739149,-6.159089],[106.73852,-6.159277],[106.73757,-6.159641]]},"properties":{"@id":"way/458241235","electrified":"contact_line","frequency":"0","gauge":"1067","maxspeed":"90","name":"Jalur Kereta Api Duri–Tangerang","railway":"rail","usage":"main","voltage":"1500","wikidata":"Q12487146","wikipedia":"en:Duri–Tangerang railway"},"id":"way/458241235"},{"type":"Feature","geometry":{"type":"LineString","coordinates":[[106.747956,-6.158283],[106.748002,-6.158277],[106.750667,-6.158046],[106.752114,-6.157944],[106.752554,-6.157938],[106.752841,-6.157969],[106.75354,-6.157999],[106.753705,-6.158024],[106.754252,-6.15814],[106.754553,-6.158208],[106.755837,-6.158478],[106.756278,-6.158565],[106.75672,-6.158661]]},"properties":{"@id":"way/458241239","addr:city":"DKI Jakarta","electrified":"contact_line","frequency":"0","gauge":"1067","maxspeed":"90","name":"Jalur Kereta Api Duri–Tangerang","railway":"rail","source":"HOT_InAWARESurvey_2017","usage":"main","voltage":"1500","wikidata":"Q12487146","wikipedia":"en:Duri–Tangerang railway"},"id":"way/458241239"},{"type":"Feature","geometry":{"type":"LineString","coordinates":[[106.635057,-6.148119],[106.635302,-6.14826],[106.635462,-6.148338],[106.635584,-6.148387],[106.635734,-6.14844],[106.63591,-6.148493],[106.636287,-6.148583],[106.636678,-6.14863],[106.637056,-6.148629],[106.637486,-6.148606],[106.637882,-6.148534],[106.638198,-6.148448],[106.63858,-6.148297],[106.638841,-6.148174],[106.639134,-6.148008],[106.640942,-6.146698],[106.641265,-6.146482],[106.641677,-6.146242],[106.642104,-6.146058],[106.649494,-6.143061],[106.650042,-6.142865],[106.650445,-6.142759],[106.650817,-6.142701],[106.65117,-6.142662],[106.65151,-6.142659],[106.651958,-6.142661],[106.652359,-6.142718],[106.65269,-6.142781]]},"properties":{"@id":"way/464131144","electrified":"contact_line","frequency":"0","gauge":"1067","maxspeed":"90","name":"Jalur Kereta Api Bandara Soekarno-Hatta","oneway":"yes","railway":"rail","source":"digitalglobe","usage":"branch","voltage":"1500","wikidata":"Q56392844","wikipedia":"id:Jalur kereta api Batu Ceper–Bandara Soekarno-Hatta"},"id":"way/464131144"},{"type":"Feature","geometry":{"type":"LineString","coordinates":[[106.652699,-6.142735],[106.652367,-6.14267],[106.651946,-6.14262],[106.651175,-6.142621],[106.650818,-6.142659],[106.650448,-6.142721],[106.65004,-6.14282],[106.649482,-6.143016],[106.642087,-6.146014],[106.641655,-6.146206],[106.641239,-6.146446],[106.640912,-6.146658],[106.639122,-6.147953],[106.638824,-6.14813],[106.638562,-6.148255],[106.638185,-6.148409],[106.637868,-6.148498],[106.637476,-6.14856],[106.637044,-6.148588],[106.636699,-6.148589],[106.636286,-6.148529],[106.635919,-6.148442],[106.635762,-6.148391],[106.635606,-6.148338],[106.635455,-6.148274],[106.635305,-6.148196],[106.635097,-6.148075]]},"properties":{"@id":"way/464131145","electrified":"contact_line","frequency":"0","gauge":"1067","maxspeed":"90","name":"Jalur Kereta Api Bandara Soekarno-Hatta","oneway":"yes","railway":"rail","source":"digitalglobe","usage":"branch","voltage":"1500","wikidata":"Q56392844","wikipedia":"id:Jalur kereta api Batu Ceper–Bandara Soekarno-Hatta"},"id":"way/464131145"},{"type":"Feature","geometry":{"type":"LineString","coordinates":[[106.646696,-6.129614],[106.647087,-6.129456]]},"properties":{"@id":"way/475871015","electrified":"contact_line","frequency":"0","gauge":"1067","maxspeed":"50","name":"Jalur Kereta Api Bandara Soekarno-Hatta","oneway":"alternating","railway":"rail","usage":"branch","voltage":"1500","wikidata":"Q56392844","wikipedia":"id:Jalur kereta api Batu Ceper–Bandara Soekarno-Hatta"},"id":"way/475871015"},{"type":"Feature","geometry":{"type":"LineString","coordinates":[[106.647069,-6.129407],[106.64668,-6.129566]]},"properties":{"@id":"way/475871017","electrified":"contact_line","frequency":"0","gauge":"1067","name":"Jalur Kereta Api Bandara Soekarno-Hatta","oneway":"yes","railway":"rail","usage":"branch","voltage":"1500","wikidata":"Q56392844","wikipedia":"id:Jalur kereta api Batu Ceper–Bandara Soekarno-Hatta"},"id":"way/475871017"},{"type":"Feature","geometry":{"type":"LineString","coordinates":[[106.647087,-6.129456],[106.647567,-6.129262]]},"properties":{"@id":"way/475871019","electrified":"contact_line","frequency":"0","gauge":"1067","layer":"-1","maxspeed":"50","name":"Jalur Kereta Api Bandara Soekarno-Hatta","oneway":"alternating","railway":"rail","tunnel":"yes","usage":"branch","voltage":"1500","wikidata":"Q56392844","wikipedia":"id:Jalur kereta api Batu Ceper–Bandara Soekarno-Hatta"},"id":"way/475871019"},{"type":"Feature","geometry":{"type":"LineString","coordinates":[[106.647547,-6.129214],[106.647069,-6.129407]]},"properties":{"@id":"way/475871020","electrified":"contact_line","frequency":"0","gauge":"1067","layer":"-1","name":"Jalur Kereta Api Bandara Soekarno-Hatta","oneway":"yes","railway":"rail","tunnel":"yes","usage":"branch","voltage":"1500","wikidata":"Q56392844","wikipedia":"id:Jalur kereta api Batu Ceper–Bandara Soekarno-Hatta"},"id":"way/475871020"},{"type":"Feature","geometry":{"type":"LineString","coordinates":[[106.646249,-6.129794],[106.646696,-6.129614]]},"properties":{"@id":"way/475871021","electrified":"contact_line","frequency":"0","gauge":"1067","layer":"-1","maxspeed":"50","name":"Jalur Kereta Api Bandara Soekarno-Hatta","oneway":"alternating","railway":"rail","tunnel":"yes","usage":"branch","voltage":"1500","wikidata":"Q56392844","wikipedia":"id:Jalur kereta api Batu Ceper–Bandara Soekarno-Hatta"},"id":"way/475871021"},{"type":"Feature","geometry":{"type":"LineString","coordinates":[[106.651824,-6.127572],[106.651044,-6.127881],[106.649551,-6.128471]]},"properties":{"@id":"way/475871022","electrified":"contact_line","frequency":"0","gauge":"1067","maxspeed":"50","name":"Jalur Kereta Api Bandara Soekarno-Hatta","oneway":"alternating","railway":"rail","railway:track_ref":"2","usage":"branch","voltage":"1500","wikidata":"Q56392844","wikipedia":"id:Jalur kereta api Batu Ceper–Bandara Soekarno-Hatta"},"id":"way/475871022"},{"type":"Feature","geometry":{"type":"LineString","coordinates":[[106.64668,-6.129566],[106.646229,-6.12975]]},"properties":{"@id":"way/475871023","electrified":"contact_line","frequency":"0","gauge":"1067","layer":"-1","name":"Jalur Kereta Api Bandara Soekarno-Hatta","oneway":"yes","railway":"rail","tunnel":"yes","usage":"branch","voltage":"1500","wikidata":"Q56392844","wikipedia":"id:Jalur kereta api Batu Ceper–Bandara Soekarno-Hatta"},"id":"way/475871023"},{"type":"Feature","geometry":{"type":"LineString","coordinates":[[106.648468,-6.128856],[106.649538,-6.128442]]},"properties":{"@id":"way/475871024","electrified":"contact_line","frequency":"0","gauge":"1067","maxspeed":"90","name":"Jalur Kereta Api Bandara Soekarno-Hatta","oneway":"alternating","railway":"rail","usage":"branch","voltage":"1500","wikidata":"Q56392844","wikipedia":"id:Jalur kereta api Batu Ceper–Bandara Soekarno-Hatta"},"id":"way/475871024"},{"type":"Feature","geometry":{"type":"LineString","coordinates":[[106.830118,-6.174528],[106.830094,-6.174423],[106.829972,-6.17388],[106.829863,-6.173372],[106.829796,-6.172864],[106.829753,-6.172368],[106.829758,-6.171946],[106.829784,-6.171639],[106.829818,-6.171376],[106.829886,-6.171063],[106.829905,-6.170978],[106.830339,-6.169355],[106.830447,-6.168835],[106.830493,-6.16843],[106.830499,-6.168376],[106.830506,-6.168264],[106.830505,-6.167831],[106.830505,-6.167564]]},"properties":{"@id":"way/481734020","bridge":"yes","electrified":"contact_line","frequency":"0","gauge":"1067","layer":"1","maxspeed":"90","name":"Jalur Kereta Api Jakarta Kota–Bogor","railway":"rail","usage":"main","voltage":"1500","wikidata":"Q12487135","wikipedia":"en:Manggarai–Padalarang railway"},"id":"way/481734020"},{"type":"Feature","geometry":{"type":"LineString","coordinates":[[106.853121,-6.214431],[106.853158,-6.214477]]},"properties":{"@id":"way/484909204","bridge":"yes","electrified":"contact_line","frequency":"0","gauge":"1067","layer":"1","name":"Manggarai-Depo Bukitduri","passenger_lines":"2","railway":"rail","usage":"main","voltage":"1500"},"id":"way/484909204"},{"type":"Feature","geometry":{"type":"LineString","coordinates":[[106.810315,-6.191645],[106.810868,-6.189618],[106.810965,-6.18915],[106.811016,-6.188827],[106.811047,-6.1885],[106.81105,-6.188234],[106.811033,-6.187961],[106.811027,-6.187895]]},"properties":{"@id":"way/485282308","electrified":"contact_line","frequency":"0","gauge":"1067","maxspeed":"70","name":"Jalur Kereta Api Tanah Abang–Merak","railway":"rail","usage":"main","voltage":"1500","wikidata":"Q18916627","wikipedia":"id:Jalur kereta api Merak–Tanah Abang"},"id":"way/485282308"},{"type":"Feature","geometry":{"type":"LineString","coordinates":[[106.822949,-6.191027],[106.822959,-6.191852],[106.822966,-6.193359],[106.822984,-6.194174],[106.823025,-6.195433],[106.82303,-6.195592],[106.823034,-6.195992],[106.823072,-6.197246],[106.823101,-6.198477],[106.823069,-6.198913],[106.82296,-6.199654],[106.82286,-6.200174],[106.822746,-6.200786],[106.822678,-6.201119],[106.822501,-6.202089],[106.822399,-6.202925],[106.822327,-6.203619],[106.822285,-6.20468],[106.822239,-6.205216],[106.82218,-6.205828],[106.822092,-6.206586],[106.822027,-6.20726],[106.821969,-6.2077],[106.821839,-6.208358],[106.821727,-6.20879],[106.821641,-6.209049],[106.821435,-6.209537],[106.82113,-6.210184],[106.820423,-6.211576],[106.819889,-6.212576],[106.819514,-6.213183],[106.819047,-6.21382],[106.818761,-6.214154],[106.818415,-6.214513],[106.817906,-6.214985],[106.816817,-6.215845],[106.815958,-6.216526],[106.815145,-6.217164],[106.814502,-6.217693],[106.813455,-6.218537],[106.811643,-6.219974],[106.810374,-6.220933],[106.809613,-6.221542],[106.808578,-6.222334],[106.80681,-6.223484],[106.805997,-6.224003],[106.804542,-6.225079],[106.802947,-6.226315],[106.802456,-6.226683],[106.801205,-6.227667],[106.800661,-6.228086]]},"properties":{"@id":"way/485764779","electrified":"contact_line","frequency":"0","gauge":"1067","layer":"-3","maxspeed":"80","name":"MRT Jakarta Jalur Utara-Selatan","name:en":"Jakarta MRT North-South Line","name:id":"MRT Jakarta Jalur Utara-Selatan","network":"MRT Jakarta","operator":"PT MRT Jakarta (Perseroda)","railway":"subway","start_date":"2019-03-24","tracks":"1","tunnel":"yes","usage":"main","voltage":"1500","wikidata":"Q3333785","wikipedia":"id:MRT Jakarta"},"id":"way/485764779"},{"type":"Feature","geometry":{"type":"LineString","coordinates":[[106.847084,-6.206571],[106.846947,-6.206433],[106.846776,-6.206289],[106.846593,-6.206156],[106.846446,-6.20606],[106.846281,-6.205976],[106.846151,-6.205922],[106.845959,-6.205841],[106.845704,-6.205771],[106.845491,-6.205731],[106.845245,-6.205703],[106.84504,-6.205702],[106.844757,-6.205717],[106.844457,-6.205772],[106.844184,-6.205849],[106.843912,-6.205965],[106.843244,-6.206325],[106.843032,-6.206416],[106.842684,-6.20652],[106.842514,-6.206558],[106.842209,-6.206583],[106.841912,-6.20659],[106.841483,-6.206534],[106.841146,-6.206429],[106.838734,-6.205627],[106.837324,-6.205153],[106.837036,-6.205081],[106.835855,-6.204907],[106.834031,-6.204642],[106.830996,-6.2042],[106.830555,-6.204108],[106.825732,-6.20297]]},"properties":{"@id":"way/488210707","electrified":"contact_line","frequency":"0","gauge":"1067","maxspeed":"60","name":"Jalur Kereta Api Tanah Abang–Manggarai","railway":"rail","usage":"main","voltage":"1500","wikidata":"Q19726698","wikipedia":"id:Jalur kereta api lintas Jakarta"},"id":"way/488210707"},{"type":"Feature","geometry":{"type":"LineString","coordinates":[[106.823235,-6.202374],[106.823374,-6.202405],[106.823681,-6.20248]]},"properties":{"@id":"way/488210708","covered":"yes","electrified":"contact_line","frequency":"0","gauge":"1067","layer":"-1","maxspeed":"60","name":"Jalur Kereta Api Tanah Abang–Manggarai","railway":"rail","railway:track_ref":"2","usage":"main","voltage":"1500","wikidata":"Q19726698","wikipedia":"id:Jalur kereta api lintas Jakarta"},"id":"way/488210708"},{"type":"Feature","geometry":{"type":"LineString","coordinates":[[106.823242,-6.202345],[106.823688,-6.20245]]},"properties":{"@id":"way/488210709","covered":"yes","electrified":"contact_line","frequency":"0","gauge":"1067","layer":"-1","maxspeed":"60","name":"Jalur Kereta Api Tanah Abang–Manggarai","railway":"rail","railway:track_ref":"1","usage":"main","voltage":"1500","wikidata":"Q19726698","wikipedia":"id:Jalur kereta api lintas Jakarta"},"id":"way/488210709"},{"type":"Feature","geometry":{"type":"LineString","coordinates":[[106.810993,-6.185549],[106.811036,-6.185901]]},"properties":{"@id":"way/488210710","electrified":"contact_line","frequency":"0","gauge":"1067","maxspeed":"70","name":"Jalur Kereta Api Duri–Tanah Abang","operator":"Kereta Api Indonesia","owner":"Direktorat Jenderal, Kementerian Perhubungan","owner:en":"Directorate General of Railways, Ministry of Transportation","railway":"rail","tunnel":"building_passage","usage":"main","voltage":"1500","wikidata":"Q19726698","wikipedia":"id:Jalur kereta api lintas Jakarta"},"id":"way/488210710"},{"type":"Feature","geometry":{"type":"LineString","coordinates":[[106.924856,-6.215821],[106.926876,-6.216064],[106.927508,-6.21614],[106.929002,-6.216319],[106.930367,-6.216482],[106.9311,-6.21657],[106.931214,-6.216584],[106.931986,-6.216674],[106.932924,-6.216785],[106.933575,-6.216867],[106.933663,-6.216878],[106.933761,-6.216889],[106.934656,-6.216988],[106.935417,-6.217075],[106.936064,-6.217149],[106.936131,-6.217159],[106.936972,-6.217278],[106.937851,-6.217402],[106.938393,-6.217462]]},"properties":{"@id":"way/491037910","electrified":"contact_line","frequency":"0","gauge":"1067","maxspeed":"115","name":"Jalur Kereta Api Jakarta Kota–Cikampek","railway":"rail","usage":"main","voltage":"1500","wikidata":"Q19726782","wikipedia":"id:Jalur kereta api Jakarta Kota–Cikampek"},"id":"way/491037910"},{"type":"Feature","geometry":{"type":"LineString","coordinates":[[106.910037,-6.213992],[106.910199,-6.214014]]},"properties":{"@id":"way/491037911","bridge":"yes","electrified":"contact_line","frequency":"0","gauge":"1067","layer":"1","maxspeed":"115","name":"Jalur Kereta Api Jakarta Kota–Cikampek","railway":"rail","usage":"main","voltage":"1500","wikidata":"Q19726782","wikipedia":"id:Jalur kereta api Jakarta Kota–Cikampek"},"id":"way/491037911"},{"type":"Feature","geometry":{"type":"LineString","coordinates":[[106.910043,-6.213958],[106.910207,-6.213981]]},"properties":{"@id":"way/491037912","bridge":"yes","electrified":"contact_line","frequency":"0","gauge":"1067","layer":"1","maxspeed":"115","name":"Jalur Kereta Api Jakarta Kota–Cikampek","railway":"rail","usage":"main","voltage":"1500","wikidata":"Q19726782","wikipedia":"id:Jalur kereta api Jakarta Kota–Cikampek"},"id":"way/491037912"},{"type":"Feature","geometry":{"type":"LineString","coordinates":[[106.901022,-6.213296],[106.904691,-6.213381],[106.905342,-6.213416],[106.905808,-6.21345],[106.906285,-6.213496],[106.907102,-6.213591],[106.910043,-6.213958]]},"properties":{"@id":"way/491037913","electrified":"contact_line","frequency":"0","gauge":"1067","maxspeed":"115","name":"Jalur Kereta Api Jakarta Kota–Cikampek","railway":"rail","usage":"main","voltage":"1500","wikidata":"Q19726782","wikipedia":"id:Jalur kereta api Jakarta Kota–Cikampek"},"id":"way/491037913"},{"type":"Feature","geometry":{"type":"LineString","coordinates":[[106.924621,-6.215789],[106.924856,-6.215821]]},"properties":{"@id":"way/491088235","bridge":"yes","electrified":"contact_line","frequency":"0","gauge":"1067","layer":"1","maxspeed":"115","name":"Jalur Kereta Api Jakarta Kota–Cikampek","railway":"rail","usage":"main","voltage":"1500","wikidata":"Q19726782","wikipedia":"id:Jalur kereta api Jakarta Kota–Cikampek"},"id":"way/491088235"},{"type":"Feature","geometry":{"type":"LineString","coordinates":[[106.910199,-6.214014],[106.910232,-6.214018],[106.911178,-6.214131],[106.912396,-6.214276],[106.912467,-6.214284],[106.914915,-6.214593],[106.915233,-6.214633],[106.917529,-6.214923],[106.917721,-6.214948],[106.918805,-6.215084],[106.91951,-6.215173],[106.919771,-6.215213],[106.919878,-6.215229],[106.920316,-6.215287],[106.921391,-6.215428]]},"properties":{"@id":"way/491088236","electrified":"contact_line","frequency":"0","gauge":"1067","maxspeed":"115","name":"Jalur Kereta Api Jakarta Kota–Cikampek","railway":"rail","usage":"main","voltage":"1500","wikidata":"Q19726782","wikipedia":"id:Jalur kereta api Jakarta Kota–Cikampek"},"id":"way/491088236"},{"type":"Feature","geometry":{"type":"LineString","coordinates":[[106.92463,-6.215754],[106.924867,-6.215785]]},"properties":{"@id":"way/491088237","bridge":"yes","electrified":"contact_line","frequency":"0","gauge":"1067","layer":"1","maxspeed":"115","name":"Jalur Kereta Api Jakarta Kota–Cikampek","railway":"rail","usage":"main","voltage":"1500","wikidata":"Q19726782","wikipedia":"id:Jalur kereta api Jakarta Kota–Cikampek"},"id":"way/491088237"},{"type":"Feature","geometry":{"type":"LineString","coordinates":[[106.910207,-6.213981],[106.912471,-6.21425],[106.919427,-6.21512],[106.920111,-6.215198],[106.921403,-6.215326]]},"properties":{"@id":"way/491088238","electrified":"contact_line","frequency":"0","gauge":"1067","maxspeed":"115","name":"Jalur Kereta Api Jakarta Kota–Cikampek","railway":"rail","usage":"main","voltage":"1500","wikidata":"Q19726782","wikipedia":"id:Jalur kereta api Jakarta Kota–Cikampek"},"id":"way/491088238"},{"type":"Feature","geometry":{"type":"LineString","coordinates":[[106.856794,-6.194051],[106.856886,-6.194173],[106.857969,-6.195619],[106.858268,-6.196075],[106.858412,-6.196291],[106.858496,-6.196441],[106.858688,-6.19683],[106.859038,-6.19764],[106.860032,-6.200735],[106.860298,-6.201671],[106.86217,-6.208536],[106.862178,-6.208566]]},"properties":{"@id":"way/491503232","electrified":"contact_line","frequency":"0","gauge":"1067","maxspeed":"70","name":"Jalur Kereta Api Jakarta Kota–Cikampek","railway":"rail","usage":"main","voltage":"1500","wikidata":"Q19726782","wikipedia":"id:Jalur kereta api Jakarta Kota–Cikampek"},"id":"way/491503232"},{"type":"Feature","geometry":{"type":"LineString","coordinates":[[106.851618,-6.187188],[106.851697,-6.187295]]},"properties":{"@id":"way/491503235","bridge":"yes","electrified":"contact_line","frequency":"0","gauge":"1067","layer":"1","maxspeed":"70","name":"Jalur Kereta Api Jakarta Kota–Cikampek","railway":"rail","usage":"main","voltage":"1500","wikidata":"Q19726782","wikipedia":"id:Jalur kereta api Jakarta Kota–Cikampek"},"id":"way/491503235"},{"type":"Feature","geometry":{"type":"LineString","coordinates":[[106.840833,-6.159527],[106.840641,-6.158957],[106.840478,-6.158425],[106.840367,-6.157991],[106.838953,-6.152147],[106.837819,-6.148349],[106.83779,-6.148262],[106.837748,-6.148119],[106.837213,-6.146303]]},"properties":{"@id":"way/492955909","electrified":"contact_line","frequency":"0","gauge":"1067","maxspeed":"70","name":"Jalur Kereta Api Jakarta Kota–Cikampek","railway":"rail","usage":"main","voltage":"1500","wikidata":"Q19726782","wikipedia":"id:Jalur kereta api Jakarta Kota–Cikampek"},"id":"way/492955909"},{"type":"Feature","geometry":{"type":"LineString","coordinates":[[106.843546,-6.171804],[106.843632,-6.172177]]},"properties":{"@id":"way/492955927","electrified":"contact_line","gauge":"1067","maxspeed":"30","railway":"rail","service":"crossover","voltage":"1500"},"id":"way/492955927"},{"type":"Feature","geometry":{"type":"LineString","coordinates":[[106.843182,-6.170354],[106.843339,-6.171002],[106.843433,-6.171295],[106.843567,-6.171617],[106.843688,-6.171916]]},"properties":{"@id":"way/492955932","electrified":"contact_line","frequency":"0","gauge":"1067","maxspeed":"70","name":"Jalur Kereta Api Jakarta Kota–Cikampek","railway":"rail","usage":"main","voltage":"1500","wikidata":"Q19726782","wikipedia":"id:Jalur kereta api Jakarta Kota–Cikampek"},"id":"way/492955932"},{"type":"Feature","geometry":{"type":"LineString","coordinates":[[106.81039,-6.180828],[106.810351,-6.180443],[106.810301,-6.180117],[106.810253,-6.179909],[106.810201,-6.179734],[106.810138,-6.179587],[106.810053,-6.179416],[106.809827,-6.179095],[106.809523,-6.178656],[106.806539,-6.174325]]},"properties":{"@id":"way/494047091","electrified":"contact_line","frequency":"0","gauge":"1067","maxspeed":"80","name":"Jalur Kereta Api Duri–Tanah Abang","operator":"Kereta Api Indonesia","owner":"Direktorat Jenderal, Kementerian Perhubungan","owner:en":"Directorate General of Railways, Ministry of Transportation","railway":"rail","usage":"main","voltage":"1500","wikidata":"Q19726698","wikipedia":"id:Jalur kereta api lintas Jakarta"},"id":"way/494047091"},{"type":"Feature","geometry":{"type":"LineString","coordinates":[[106.81079,-6.195656],[106.811135,-6.196461],[106.812104,-6.198776],[106.812241,-6.199042],[106.81243,-6.199325],[106.81268,-6.199588],[106.812864,-6.199762],[106.813141,-6.199965],[106.813393,-6.200106],[106.813671,-6.200231],[106.813952,-6.200315],[106.81521,-6.200594],[106.815534,-6.200669]]},"properties":{"@id":"way/494047092","electrified":"contact_line","frequency":"0","gauge":"1067","maxspeed":"70","name":"Jalur Kereta Api Tanah Abang–Manggarai","railway":"rail","usage":"main","voltage":"1500","wikidata":"Q19726698","wikipedia":"id:Jalur kereta api lintas Jakarta"},"id":"way/494047092"},{"type":"Feature","geometry":{"type":"LineString","coordinates":[[106.806539,-6.174325],[106.805253,-6.172463],[106.803286,-6.169631],[106.802818,-6.168919],[106.802566,-6.168534],[106.802471,-6.168369],[106.802408,-6.168226],[106.802264,-6.167897],[106.802169,-6.167656],[106.802092,-6.167374],[106.802064,-6.167184],[106.802039,-6.166973],[106.802011,-6.166715],[106.801706,-6.161584],[106.801628,-6.160086]]},"properties":{"@id":"way/494047093","electrified":"contact_line","frequency":"0","gauge":"1067","maxspeed":"80","name":"Jalur Kereta Api Duri–Tanah Abang","operator":"Kereta Api Indonesia","owner":"Direktorat Jenderal, Kementerian Perhubungan","owner:en":"Directorate General of Railways, Ministry of Transportation","railway":"rail","usage":"main","voltage":"1500","wikidata":"Q19726698","wikipedia":"id:Jalur kereta api lintas Jakarta"},"id":"way/494047093"},{"type":"Feature","geometry":{"type":"LineString","coordinates":[[106.810756,-6.19567],[106.811102,-6.196471],[106.812058,-6.198788],[106.8122,-6.19907],[106.812391,-6.199346],[106.81265,-6.199627],[106.812838,-6.199792],[106.813129,-6.200004],[106.81341,-6.200157],[106.813646,-6.200263],[106.813944,-6.200351],[106.815225,-6.200637],[106.815548,-6.200709]]},"properties":{"@id":"way/494047094","electrified":"contact_line","frequency":"0","gauge":"1067","maxspeed":"70","name":"Jalur Kereta Api Tanah Abang–Manggarai","railway":"rail","usage":"main","voltage":"1500","wikidata":"Q19726698","wikipedia":"id:Jalur kereta api lintas Jakarta"},"id":"way/494047094"},{"type":"Feature","geometry":{"type":"LineString","coordinates":[[106.892527,-6.213129],[106.894156,-6.213163],[106.895668,-6.213195]]},"properties":{"@id":"way/494393347","electrified":"contact_line","frequency":"0","gauge":"1067","maxspeed":"115","name":"Jalur Kereta Api Jakarta Kota–Cikampek","railway":"rail","usage":"main","voltage":"1500","wikidata":"Q19726782","wikipedia":"id:Jalur kereta api Jakarta Kota–Cikampek"},"id":"way/494393347"},{"type":"Feature","geometry":{"type":"LineString","coordinates":[[106.892294,-6.213123],[106.892527,-6.213129]]},"properties":{"@id":"way/494393348","bridge":"yes","electrified":"contact_line","frequency":"0","gauge":"1067","layer":"1","maxspeed":"115","name":"Jalur Kereta Api Jakarta Kota–Cikampek","railway":"rail","usage":"main","voltage":"1500","wikidata":"Q19726782","wikipedia":"id:Jalur kereta api Jakarta Kota–Cikampek"},"id":"way/494393348"},{"type":"Feature","geometry":{"type":"LineString","coordinates":[[106.892521,-6.213166],[106.894154,-6.2132],[106.895666,-6.213236]]},"properties":{"@id":"way/494393349","electrified":"contact_line","frequency":"0","gauge":"1067","maxspeed":"115","name":"Jalur Kereta Api Jakarta Kota–Cikampek","railway":"rail","usage":"main","voltage":"1500","wikidata":"Q19726782","wikipedia":"id:Jalur kereta api Jakarta Kota–Cikampek"},"id":"way/494393349"},{"type":"Feature","geometry":{"type":"LineString","coordinates":[[106.892297,-6.21316],[106.892521,-6.213166]]},"properties":{"@id":"way/494393351","bridge":"yes","electrified":"contact_line","frequency":"0","gauge":"1067","layer":"1","maxspeed":"115","name":"Jalur Kereta Api Jakarta Kota–Cikampek","railway":"rail","usage":"main","voltage":"1500","wikidata":"Q19726782","wikipedia":"id:Jalur kereta api Jakarta Kota–Cikampek"},"id":"way/494393351"},{"type":"Feature","geometry":{"type":"LineString","coordinates":[[106.810694,-6.185531],[106.810548,-6.183937],[106.810549,-6.183682],[106.810524,-6.183141]]},"properties":{"@id":"way/496016697","electrified":"contact_line","frequency":"0","gauge":"1067","name":"Jalur Kereta Api Tanah Abang–Merak","railway":"rail","railway:track_ref":"6","usage":"main","voltage":"1500","wikidata":"Q18916627","wikipedia":"id:Jalur kereta api Merak–Tanah Abang"},"id":"way/496016697"},{"type":"Feature","geometry":{"type":"LineString","coordinates":[[106.810898,-6.187126],[106.810862,-6.186959],[106.81082,-6.186743],[106.810794,-6.186527]]},"properties":{"@id":"way/496016699","electrified":"contact_line","frequency":"0","gauge":"1067","maxspeed":"30","name":"Jalur Kereta Api Tanah Abang–Merak","railway":"rail","railway:track_ref":"6","usage":"main","voltage":"1500","wikidata":"Q18916627","wikipedia":"id:Jalur kereta api Merak–Tanah Abang"},"id":"way/496016699"},{"type":"Feature","geometry":{"type":"LineString","coordinates":[[106.79557,-6.214131],[106.795471,-6.214257],[106.795209,-6.214514],[106.794615,-6.215041],[106.794391,-6.215246],[106.794155,-6.215467],[106.793847,-6.215788],[106.793626,-6.216041],[106.793471,-6.216234],[106.793369,-6.216364],[106.793254,-6.216494],[106.793051,-6.216776],[106.792909,-6.216991],[106.792761,-6.217229],[106.792612,-6.217479],[106.792484,-6.217697],[106.792334,-6.217978],[106.792164,-6.218393],[106.791975,-6.218841],[106.791444,-6.220139],[106.790719,-6.22186],[106.790506,-6.222364],[106.790301,-6.222859],[106.790096,-6.223334],[106.789947,-6.223674],[106.789806,-6.223987],[106.789629,-6.224341],[106.789215,-6.225049],[106.788749,-6.225853],[106.788485,-6.226313],[106.787695,-6.22763],[106.787528,-6.227914],[106.787256,-6.228357],[106.786301,-6.230024],[106.785991,-6.230552],[106.785728,-6.230984],[106.785611,-6.231175],[106.784732,-6.232643],[106.784449,-6.233118]]},"properties":{"@id":"way/496016703","electrified":"contact_line","frequency":"0","gauge":"1067","maxspeed":"70","name":"Jalur Kereta Api Tanah Abang–Merak","railway":"rail","usage":"main","voltage":"1500","wikidata":"Q18916627","wikipedia":"id:Jalur kereta api Merak–Tanah Abang"},"id":"way/496016703"},{"type":"Feature","geometry":{"type":"LineString","coordinates":[[106.798472,-6.161332],[106.797941,-6.161547]]},"properties":{"@id":"way/496040941","bridge":"yes","electrified":"contact_line","frequency":"0","gauge":"1067","layer":"1","maxspeed":"90","name":"Jalur Kereta Api Duri–Tangerang","railway":"rail","usage":"main","voltage":"1500","wikidata":"Q12487146","wikipedia":"en:Duri–Tangerang railway"},"id":"way/496040941"},{"type":"Feature","geometry":{"type":"LineString","coordinates":[[106.798477,-6.161329],[106.798792,-6.161201],[106.799905,-6.160704],[106.800107,-6.160608],[106.800351,-6.160461],[106.800621,-6.160247],[106.801038,-6.159763],[106.801185,-6.159468],[106.801335,-6.159018],[106.801387,-6.158737],[106.801405,-6.158439],[106.801372,-6.157709]]},"properties":{"@id":"way/496040942","electrified":"contact_line","frequency":"0","gauge":"1067","maxspeed":"90","name":"Jalur Kereta Api Duri–Tangerang","railway":"rail","usage":"main","voltage":"1500","wikidata":"Q12487146","wikipedia":"en:Duri–Tangerang railway"},"id":"way/496040942"},{"type":"Feature","geometry":{"type":"LineString","coordinates":[[106.809997,-6.197952],[106.809771,-6.198241]]},"properties":{"@id":"way/497048611","bridge":"yes","electrified":"contact_line","frequency":"0","gauge":"1067","layer":"1","maxspeed":"70","name":"Jalur Kereta Api Tanah Abang–Merak","railway":"rail","usage":"main","voltage":"1500","wikidata":"Q18916627","wikipedia":"id:Jalur kereta api Merak–Tanah Abang"},"id":"way/497048611"},{"type":"Feature","geometry":{"type":"LineString","coordinates":[[106.810966,-6.187655],[106.810993,-6.187968],[106.811009,-6.188236],[106.811003,-6.188497],[106.810974,-6.188822],[106.810918,-6.189149],[106.810835,-6.189602],[106.810277,-6.191636],[106.810097,-6.19231],[106.810041,-6.192558],[106.81,-6.192846],[106.809975,-6.193094],[106.809962,-6.193337],[106.809984,-6.193791],[106.810043,-6.194219],[106.810338,-6.195531],[106.810412,-6.195952],[106.810448,-6.19621],[106.810454,-6.196555],[106.810421,-6.196866],[106.810382,-6.197067],[106.810307,-6.197328],[106.810187,-6.197621],[106.810086,-6.197808],[106.81002,-6.197919],[106.809997,-6.197952]]},"properties":{"@id":"way/497048612","electrified":"contact_line","frequency":"0","gauge":"1067","maxspeed":"70","name":"Jalur Kereta Api Tanah Abang–Merak","railway":"rail","usage":"main","voltage":"1500","wikidata":"Q18916627","wikipedia":"id:Jalur kereta api Merak–Tanah Abang"},"id":"way/497048612"},{"type":"Feature","geometry":{"type":"LineString","coordinates":[[106.81004,-6.197984],[106.809805,-6.198277]]},"properties":{"@id":"way/497048613","bridge":"yes","electrified":"contact_line","frequency":"0","gauge":"1067","layer":"1","maxspeed":"70","name":"Jalur Kereta Api Tanah Abang–Merak","railway":"rail","usage":"main","voltage":"1500","wikidata":"Q18916627","wikipedia":"id:Jalur kereta api Merak–Tanah Abang"},"id":"way/497048613"},{"type":"Feature","geometry":{"type":"LineString","coordinates":[[106.81004,-6.197984],[106.810058,-6.197956],[106.810126,-6.197848],[106.810234,-6.197643],[106.810372,-6.197311],[106.810431,-6.19708],[106.810471,-6.196864],[106.810504,-6.196564],[106.810499,-6.196212],[106.810459,-6.195935],[106.810385,-6.195529],[106.810079,-6.1942],[106.810023,-6.193795],[106.810005,-6.193351],[106.810011,-6.193102],[106.810038,-6.192848],[106.810078,-6.19256],[106.810136,-6.192309],[106.810315,-6.191645]]},"properties":{"@id":"way/497048614","electrified":"contact_line","frequency":"0","gauge":"1067","maxspeed":"70","name":"Jalur Kereta Api Tanah Abang–Merak","railway":"rail","usage":"main","voltage":"1500","wikidata":"Q18916627","wikipedia":"id:Jalur kereta api Merak–Tanah Abang"},"id":"way/497048614"},{"type":"Feature","geometry":{"type":"LineString","coordinates":[[106.809641,-6.131084],[106.810182,-6.130944]]},"properties":{"@id":"way/497219628","electrified":"contact_line","frequency":"0","gauge":"1067","maxspeed":"50","name":"Jalur Kereta Api Kampung Bandan–Angke–Duri","operator":"Kereta Api Indonesia","owner":"Direktorat Jenderal, Kementerian Perhubungan","owner:en":"Directorate General of Railways, Ministry of Transportation","railway":"rail","usage":"main","voltage":"1500","wikidata":"Q19726698","wikipedia":"id:Jalur kereta api lintas Jakarta"},"id":"way/497219628"},{"type":"Feature","geometry":{"type":"LineString","coordinates":[[106.810182,-6.130944],[106.810237,-6.130931]]},"properties":{"@id":"way/497219629","bridge":"yes","electrified":"contact_line","frequency":"0","gauge":"1067","layer":"1","maxspeed":"50","name":"Jalur Kereta Api Kampung Bandan–Angke–Duri","operator":"Kereta Api Indonesia","owner":"Direktorat Jenderal, Kementerian Perhubungan","owner:en":"Directorate General of Railways, Ministry of Transportation","railway":"rail","usage":"main","voltage":"1500","wikidata":"Q19726698","wikipedia":"id:Jalur kereta api lintas Jakarta"},"id":"way/497219629"},{"type":"Feature","geometry":{"type":"LineString","coordinates":[[106.807127,-6.131737],[106.809561,-6.131105]]},"properties":{"@id":"way/497219630","electrified":"contact_line","frequency":"0","gauge":"1067","maxspeed":"50","name":"Jalur Kereta Api Kampung Bandan–Angke–Duri","operator":"Kereta Api Indonesia","owner":"Direktorat Jenderal, Kementerian Perhubungan","owner:en":"Directorate General of Railways, Ministry of Transportation","railway":"rail","usage":"main","voltage":"1500","wikidata":"Q19726698","wikipedia":"id:Jalur kereta api lintas Jakarta"},"id":"way/497219630"},{"type":"Feature","geometry":{"type":"LineString","coordinates":[[106.809561,-6.131105],[106.809641,-6.131084]]},"properties":{"@id":"way/497219631","bridge":"yes","electrified":"contact_line","frequency":"0","gauge":"1067","layer":"1","maxspeed":"50","name":"Jalur Kereta Api Kampung Bandan–Angke–Duri","operator":"Kereta Api Indonesia","owner":"Direktorat Jenderal, Kementerian Perhubungan","owner:en":"Directorate General of Railways, Ministry of Transportation","railway":"rail","usage":"main","voltage":"1500","wikidata":"Q19726698","wikipedia":"id:Jalur kereta api lintas Jakarta"},"id":"way/497219631"},{"type":"Feature","geometry":{"type":"LineString","coordinates":[[106.806511,-6.174346],[106.809508,-6.178693],[106.809807,-6.179109],[106.810017,-6.179435],[106.8101,-6.179604],[106.81016,-6.17974],[106.810216,-6.179928],[106.810263,-6.180131],[106.810312,-6.180443],[106.81036,-6.180918],[106.810399,-6.181316],[106.810502,-6.182258]]},"properties":{"@id":"way/497608687","electrified":"contact_line","frequency":"0","gauge":"1067","maxspeed":"80","name":"Jalur Kereta Api Duri–Tanah Abang","operator":"Kereta Api Indonesia","owner":"Direktorat Jenderal, Kementerian Perhubungan","owner:en":"Directorate General of Railways, Ministry of Transportation","railway":"rail","usage":"main","voltage":"1500","wikidata":"Q19726698","wikipedia":"id:Jalur kereta api lintas Jakarta"},"id":"way/497608687"},{"type":"Feature","geometry":{"type":"LineString","coordinates":[[106.801582,-6.159607],[106.801677,-6.161593],[106.801979,-6.166719],[106.802003,-6.166976],[106.802031,-6.167204],[106.802065,-6.167387],[106.802143,-6.167669],[106.802234,-6.167913],[106.802369,-6.168222],[106.802439,-6.168384],[106.802535,-6.168565],[106.803284,-6.169692],[106.805231,-6.172494],[106.806511,-6.174346]]},"properties":{"@id":"way/497608688","electrified":"contact_line","frequency":"0","gauge":"1067","maxspeed":"80","name":"Jalur Kereta Api Duri–Tanah Abang","operator":"Kereta Api Indonesia","owner":"Direktorat Jenderal, Kementerian Perhubungan","owner:en":"Directorate General of Railways, Ministry of Transportation","railway":"rail","usage":"main","voltage":"1500","wikidata":"Q19726698","wikipedia":"id:Jalur kereta api lintas Jakarta"},"id":"way/497608688"},{"type":"Feature","geometry":{"type":"LineString","coordinates":[[106.869784,-6.245431],[106.869225,-6.245178],[106.86803,-6.244675],[106.867392,-6.244388],[106.867074,-6.244257],[106.866725,-6.244126],[106.865817,-6.243813],[106.865556,-6.24373],[106.865309,-6.243666],[106.865052,-6.24361],[106.864785,-6.243559],[106.864536,-6.243511],[106.8644,-6.243486],[106.864243,-6.243461],[106.864132,-6.243446],[106.864053,-6.243437],[106.863972,-6.24343],[106.863885,-6.243422],[106.863811,-6.243417],[106.86373,-6.243412],[106.863649,-6.243408],[106.863398,-6.2434],[106.86304,-6.243386],[106.862776,-6.243383],[106.862275,-6.243398],[106.861654,-6.243422],[106.861231,-6.243445],[106.860647,-6.243472],[106.860067,-6.243489],[106.859275,-6.243498],[106.858925,-6.243498],[106.858223,-6.243492],[106.857931,-6.243489],[106.857072,-6.243466],[106.856332,-6.24344],[106.855597,-6.243424],[106.85228,-6.243404],[106.851913,-6.243433],[106.850044,-6.243555],[106.849657,-6.243575],[106.84889,-6.243593],[106.848515,-6.243607],[106.848011,-6.243642],[106.846841,-6.243755],[106.846313,-6.243774],[106.846017,-6.243763],[106.843485,-6.243631],[106.843329,-6.243614],[106.843045,-6.243561],[106.842835,-6.243506],[106.842638,-6.243439],[106.842443,-6.243364],[106.84165,-6.243005],[106.841454,-6.242932],[106.841248,-6.242868],[106.840509,-6.242686],[106.840209,-6.242604],[106.839176,-6.242292],[106.838522,-6.242113],[106.837818,-6.24193],[106.836962,-6.241707],[106.836539,-6.241603],[106.835039,-6.241218],[106.83356,-6.240827],[106.833349,-6.240766],[106.833161,-6.240704],[106.832946,-6.240622],[106.832704,-6.240515],[106.832467,-6.24039],[106.832001,-6.240129],[106.831805,-6.240014],[106.831554,-6.239849],[106.830955,-6.239434],[106.830728,-6.239288],[106.830344,-6.23905],[106.829746,-6.238688],[106.829552,-6.238587],[106.828817,-6.238232],[106.828579,-6.238104],[106.828364,-6.23798]]},"properties":{"@id":"way/497958415","bridge":"yes","electrified":"yes","frequency":"0","gauge":"1435","layer":"3","maxspeed":"80","name":"LRT Jabodebek","name:en":"Jabodebek LRT","network:wikidata":"Q20427104","opening_date":"2023-07-12","operator":"PT Kereta Api Indonesia (Persero), Divisi LRT Jabodebek","railway":"light_rail","usage":"main","voltage":"750","website":"https://adhi.co.id/projects/lrt-jabodebek/","wikidata":"Q20427104","wikipedia":"id:LRT Jabodebek"},"id":"way/497958415"},{"type":"Feature","geometry":{"type":"LineString","coordinates":[[106.895686,-6.37389],[106.895575,-6.373282],[106.895417,-6.372453],[106.895256,-6.371536],[106.895181,-6.371043],[106.895004,-6.369787],[106.894701,-6.367959],[106.89461,-6.367423],[106.894561,-6.367199],[106.894484,-6.366938],[106.894223,-6.36625],[106.894148,-6.366037],[106.894087,-6.365802],[106.894041,-6.365528],[106.893735,-6.363256],[106.893515,-6.361582],[106.893218,-6.359855],[106.892716,-6.356947],[106.892636,-6.356533],[106.892416,-6.3556],[106.89226,-6.355041],[106.891732,-6.353223],[106.891217,-6.351453],[106.890876,-6.350202],[106.890699,-6.349541],[106.89002,-6.347086],[106.889865,-6.346524],[106.889806,-6.346249],[106.889264,-6.343373],[106.889044,-6.342176],[106.888661,-6.34016],[106.888441,-6.339003],[106.888341,-6.338606],[106.888223,-6.338201],[106.888097,-6.337764],[106.888022,-6.337481],[106.887966,-6.337151],[106.887061,-6.331618],[106.886977,-6.330973],[106.886887,-6.329927],[106.886823,-6.329128],[106.886801,-6.328279],[106.886731,-6.326931],[106.886719,-6.326452],[106.886671,-6.324364],[106.886663,-6.323769],[106.886657,-6.323132],[106.886643,-6.321209],[106.886603,-6.31928],[106.886545,-6.31865],[106.886428,-6.31777],[106.886329,-6.317098],[106.886251,-6.316621],[106.885985,-6.315127],[106.885821,-6.314364],[106.88553,-6.312986],[106.885418,-6.312554],[106.885191,-6.311734],[106.885149,-6.311627],[106.885107,-6.31153],[106.885071,-6.31148],[106.884977,-6.311276],[106.884732,-6.310835],[106.884681,-6.310731],[106.884645,-6.31065],[106.884613,-6.310571],[106.884587,-6.310494],[106.884566,-6.310417],[106.884524,-6.310215],[106.884404,-6.309546],[106.884292,-6.308889],[106.884132,-6.307942],[106.883938,-6.306905],[106.883928,-6.306785],[106.883923,-6.306614],[106.883926,-6.306472],[106.88397,-6.306293],[106.884153,-6.305882],[106.884566,-6.30502],[106.884662,-6.304789],[106.884707,-6.304627],[106.88472,-6.304385],[106.884697,-6.304232],[106.884644,-6.304073],[106.884587,-6.303947],[106.884469,-6.303772],[106.884195,-6.303449],[106.88407,-6.30327],[106.883982,-6.303102],[106.883939,-6.302973],[106.883899,-6.302783],[106.883861,-6.302566],[106.883792,-6.302152],[106.883468,-6.300397],[106.883394,-6.300068],[106.883303,-6.299703],[106.883157,-6.299229],[106.882821,-6.298509],[106.882044,-6.296604],[106.881945,-6.296346],[106.881627,-6.295552],[106.880792,-6.293478],[106.880578,-6.292904],[106.880393,-6.292396],[106.880013,-6.291393],[106.879888,-6.291006],[106.879576,-6.290093],[106.879345,-6.289414],[106.879132,-6.288789],[106.878847,-6.288052],[106.878671,-6.287597],[106.87846,-6.287023],[106.878362,-6.286791],[106.878289,-6.286626],[106.878065,-6.286239],[106.877806,-6.285796],[106.87768,-6.285582],[106.877529,-6.285256],[106.877061,-6.284331],[106.876812,-6.283725],[106.875142,-6.279799],[106.874586,-6.278427],[106.874153,-6.27735]]},"properties":{"@id":"way/497958416","bridge":"yes","electrified":"rail","frequency":"0","gauge":"1435","layer":"3","maxspeed":"80","name":"LRT Jabodebek","name:en":"Jabodebek LRT","network:wikidata":"Q20427104","opening_date":"2023-07-12","operator":"PT Kereta Api Indonesia (Persero), Divisi LRT Jabodebek","railway":"light_rail","usage":"main","voltage":"750","website":"https://adhi.co.id/projects/lrt-jabodebek/","wikidata":"Q20427104","wikipedia":"id:LRT Jabodebek"},"id":"way/497958416"},{"type":"Feature","geometry":{"type":"LineString","coordinates":[[106.79566,-6.214083],[106.795583,-6.214192]]},"properties":{"@id":"way/498447355","bridge":"yes","electrified":"contact_line","frequency":"0","gauge":"1067","layer":"1","maxspeed":"70","name":"Jalur Kereta Api Tanah Abang–Merak","railway":"rail","usage":"main","voltage":"1500","wikidata":"Q18916627","wikipedia":"id:Jalur kereta api Merak–Tanah Abang"},"id":"way/498447355"},{"type":"Feature","geometry":{"type":"LineString","coordinates":[[106.799905,-6.2045],[106.801369,-6.203817],[106.802546,-6.203261],[106.804443,-6.202386],[106.805315,-6.201985],[106.805665,-6.201824],[106.806021,-6.20166],[106.806755,-6.201324],[106.807096,-6.201135],[106.807245,-6.201036],[106.807399,-6.200921],[106.807542,-6.200813],[106.807658,-6.200716],[106.807828,-6.20056],[106.807989,-6.200401],[106.808354,-6.199977],[106.808776,-6.199499],[106.809629,-6.198499],[106.809754,-6.198338]]},"properties":{"@id":"way/498447356","electrified":"contact_line","frequency":"0","gauge":"1067","maxspeed":"70","name":"Jalur Kereta Api Tanah Abang–Merak","railway":"rail","usage":"main","voltage":"1500","wikidata":"Q18916627","wikipedia":"id:Jalur kereta api Merak–Tanah Abang"},"id":"way/498447356"},{"type":"Feature","geometry":{"type":"LineString","coordinates":[[106.795636,-6.214046],[106.79557,-6.214131]]},"properties":{"@id":"way/498447357","bridge":"yes","electrified":"contact_line","frequency":"0","gauge":"1067","layer":"1","maxspeed":"70","name":"Jalur Kereta Api Tanah Abang–Merak","railway":"rail","usage":"main","voltage":"1500","wikidata":"Q18916627","wikipedia":"id:Jalur kereta api Merak–Tanah Abang"},"id":"way/498447357"},{"type":"Feature","geometry":{"type":"LineString","coordinates":[[106.800491,-6.204185],[106.799392,-6.204696],[106.79922,-6.204784],[106.798955,-6.204949],[106.798775,-6.205097],[106.798626,-6.205243],[106.798448,-6.205456],[106.798324,-6.205629],[106.798202,-6.205827],[106.798115,-6.205993],[106.797232,-6.20792],[106.797106,-6.208202],[106.796555,-6.20942]]},"properties":{"@id":"way/498447358","electrified":"contact_line","frequency":"0","gauge":"1067","maxspeed":"70","name":"Jalur Kereta Api Tanah Abang–Merak","railway":"rail","railway:track_ref":"2","usage":"main","voltage":"1500","wikidata":"Q18916627","wikipedia":"id:Jalur kereta api Merak–Tanah Abang"},"id":"way/498447358"},{"type":"Feature","geometry":{"type":"LineString","coordinates":[[106.810722,-6.195588],[106.810756,-6.19567]]},"properties":{"@id":"way/498751640","bridge":"yes","electrified":"contact_line","frequency":"0","gauge":"1067","layer":"1","maxspeed":"70","name":"Jalur Kereta Api Tanah Abang–Manggarai","railway":"rail","usage":"main","voltage":"1500","wikidata":"Q19726698","wikipedia":"id:Jalur kereta api lintas Jakarta"},"id":"way/498751640"},{"type":"Feature","geometry":{"type":"LineString","coordinates":[[106.810931,-6.189542],[106.810894,-6.18972],[106.810543,-6.19096],[106.810401,-6.191475],[106.810293,-6.191949],[106.810226,-6.192297],[106.81021,-6.192452],[106.8102,-6.192639],[106.810209,-6.193068],[106.810425,-6.194625],[106.810452,-6.194772],[106.8105,-6.194962],[106.810578,-6.195211],[106.810722,-6.195588]]},"properties":{"@id":"way/498751643","electrified":"contact_line","frequency":"0","gauge":"1067","maxspeed":"70","name":"Jalur Kereta Api Tanah Abang–Manggarai","railway":"rail","usage":"main","voltage":"1500","wikidata":"Q19726698","wikipedia":"id:Jalur kereta api lintas Jakarta"},"id":"way/498751643"},{"type":"Feature","geometry":{"type":"LineString","coordinates":[[106.810755,-6.195574],[106.81079,-6.195656]]},"properties":{"@id":"way/498751646","bridge":"yes","electrified":"contact_line","frequency":"0","gauge":"1067","layer":"1","maxspeed":"70","name":"Jalur Kereta Api Tanah Abang–Manggarai","railway":"rail","usage":"main","voltage":"1500","wikidata":"Q19726698","wikipedia":"id:Jalur kereta api lintas Jakarta"},"id":"way/498751646"},{"type":"Feature","geometry":{"type":"LineString","coordinates":[[106.810755,-6.195574],[106.810607,-6.195202],[106.810528,-6.194952],[106.810482,-6.194769],[106.810452,-6.194618],[106.810248,-6.193072],[106.81024,-6.192635],[106.810244,-6.192456],[106.810261,-6.192296],[106.810324,-6.191958],[106.810439,-6.191483],[106.810582,-6.190966],[106.810935,-6.189726],[106.810973,-6.189549]]},"properties":{"@id":"way/498751648","electrified":"contact_line","frequency":"0","gauge":"1067","maxspeed":"70","name":"Jalur Kereta Api Tanah Abang–Manggarai","railway":"rail","usage":"main","voltage":"1500","wikidata":"Q19726698","wikipedia":"id:Jalur kereta api lintas Jakarta"},"id":"way/498751648"},{"type":"Feature","geometry":{"type":"LineString","coordinates":[[106.800661,-6.228086],[106.799938,-6.228718],[106.799712,-6.228927],[106.799537,-6.229124],[106.799357,-6.229368],[106.79914,-6.229717],[106.798978,-6.230017],[106.798806,-6.230411]]},"properties":{"@id":"way/499578964","electrified":"contact_line","frequency":"0","gauge":"1067","layer":"-1","line":"North-South","maxspeed":"90","name":"MRT Jakarta Jalur Utara-Selatan","name:en":"Jakarta MRT North-South Line","network":"MRT Jakarta","operator":"PT MRT Jakarta (Perseroda)","railway":"subway","start_date":"2019-03-24","tracks":"1","tunnel":"yes","usage":"main","voltage":"1500","wikidata":"Q3333785","wikipedia":"id:MRT Jakarta"},"id":"way/499578964"},{"type":"Feature","geometry":{"type":"LineString","coordinates":[[106.875379,-6.24793],[106.875652,-6.248157],[106.876069,-6.248512],[106.876216,-6.248634],[106.876403,-6.248721],[106.876598,-6.248796],[106.876774,-6.248809],[106.876919,-6.2488],[106.877085,-6.248764],[106.87723,-6.248716],[106.877552,-6.248553],[106.87851,-6.247868],[106.879016,-6.247518],[106.879175,-6.247425],[106.879326,-6.247348],[106.879352,-6.247334],[106.879462,-6.24729],[106.87958,-6.247243],[106.879783,-6.247189],[106.88008,-6.247135],[106.880312,-6.247126],[106.881375,-6.247173],[106.883396,-6.247281],[106.883759,-6.247286],[106.884047,-6.24727],[106.884557,-6.247192],[106.885036,-6.247078],[106.885446,-6.24695],[106.885865,-6.246776],[106.886509,-6.2464],[106.887093,-6.246023],[106.887297,-6.245877],[106.887557,-6.245693],[106.888085,-6.245308],[106.888779,-6.244834],[106.889219,-6.244538],[106.889465,-6.244377],[106.889728,-6.244229],[106.890039,-6.244085],[106.890272,-6.243999],[106.890501,-6.243931],[106.890741,-6.243865],[106.891025,-6.243795],[106.891457,-6.243725],[106.892334,-6.243632],[106.892922,-6.243624],[106.89342,-6.243674],[106.893914,-6.243759],[106.894523,-6.243937],[106.8952,-6.244182],[106.895855,-6.244483],[106.896707,-6.244999],[106.897422,-6.245524],[106.897797,-6.245884],[106.898418,-6.246553],[106.899493,-6.248043],[106.899896,-6.248739],[106.900798,-6.25032],[106.901237,-6.251066],[106.901543,-6.251513],[106.901831,-6.251882],[106.902054,-6.252152],[106.902354,-6.252492],[106.902674,-6.252812],[106.903052,-6.253156],[106.903341,-6.253399],[106.903857,-6.253782],[106.904145,-6.253977],[106.904481,-6.254177],[106.904942,-6.25444],[106.905438,-6.254679],[106.906331,-6.255006],[106.90724,-6.255245],[106.907654,-6.255396],[106.912595,-6.257448],[106.91316,-6.257635],[106.913837,-6.257812],[106.914682,-6.258002],[106.915036,-6.258066],[106.915273,-6.258104],[106.915878,-6.258154],[106.916365,-6.258163],[106.918143,-6.258226],[106.919712,-6.258184],[106.921446,-6.258119],[106.922412,-6.258066],[106.924849,-6.257907],[106.926871,-6.2578],[106.927915,-6.257743],[106.936902,-6.257291],[106.938443,-6.257219],[106.940355,-6.257126],[106.940688,-6.257086],[106.943021,-6.256709],[106.943324,-6.256685],[106.943623,-6.256685],[106.943784,-6.256685],[106.945749,-6.256852],[106.94599,-6.256868],[106.946306,-6.256868],[106.948161,-6.256793],[106.94972,-6.25672],[106.951854,-6.256617],[106.95268,-6.256567],[106.954165,-6.256339],[106.954505,-6.256309],[106.955394,-6.256262],[106.955666,-6.256242],[106.956048,-6.256187],[106.95794,-6.255803],[106.959197,-6.255509],[106.959475,-6.255468],[106.95981,-6.255443],[106.960791,-6.255394],[106.961107,-6.255362],[106.961352,-6.255323],[106.961633,-6.255256],[106.961898,-6.255174],[106.962514,-6.254945],[106.96318,-6.25468],[106.965022,-6.253957],[106.965575,-6.253693],[106.967931,-6.252327],[106.970014,-6.250942],[106.970696,-6.250524],[106.971349,-6.250159],[106.971875,-6.249899],[106.972461,-6.249634],[106.97324,-6.249323],[106.974121,-6.249038],[106.974868,-6.248844],[106.975517,-6.248709],[106.976247,-6.248603],[106.9771,-6.248518],[106.977577,-6.248501],[106.978854,-6.248509],[106.979536,-6.248533],[106.979808,-6.248558],[106.980119,-6.248591],[106.980726,-6.248687],[106.981295,-6.248826],[106.982227,-6.249119],[106.98308,-6.249427],[106.985424,-6.250479],[106.986878,-6.251261],[106.990413,-6.252981],[106.9944,-6.254472],[107.007205,-6.259047],[107.008372,-6.259489],[107.010093,-6.260068],[107.018308,-6.262965],[107.019768,-6.26346],[107.020549,-6.263734],[107.021665,-6.264126]]},"properties":{"@id":"way/499760768","bridge":"yes","electrified":"rail","frequency":"0","gauge":"1435","layer":"3","maxspeed":"80","name":"LRT Jabodebek","name:en":"Jabodebek LRT","network:wikidata":"Q20427104","opening_date":"2023-07-12","operator":"PT Kereta Api Indonesia (Persero), Divisi LRT Jabodebek","railway":"light_rail","usage":"main","voltage":"750","website":"https://adhi.co.id/projects/lrt-jabodebek/","wikidata":"Q20427104","wikipedia":"id:LRT Jabodebek"},"id":"way/499760768"},{"type":"Feature","geometry":{"type":"LineString","coordinates":[[106.806504,-6.131898],[106.807048,-6.131757]]},"properties":{"@id":"way/499809695","electrified":"contact_line","frequency":"0","gauge":"1067","maxspeed":"50","name":"Jalur Kereta Api Kampung Bandan–Angke–Duri","operator":"Kereta Api Indonesia","owner":"Direktorat Jenderal, Kementerian Perhubungan","owner:en":"Directorate General of Railways, Ministry of Transportation","railway":"rail","usage":"main","voltage":"1500","wikidata":"Q19726698","wikipedia":"id:Jalur kereta api lintas Jakarta"},"id":"way/499809695"},{"type":"Feature","geometry":{"type":"LineString","coordinates":[[106.807048,-6.131757],[106.807127,-6.131737]]},"properties":{"@id":"way/499809696","bridge":"yes","electrified":"contact_line","frequency":"0","gauge":"1067","layer":"1","maxspeed":"50","name":"Jalur Kereta Api Kampung Bandan–Angke–Duri","operator":"Kereta Api Indonesia","owner":"Direktorat Jenderal, Kementerian Perhubungan","owner:en":"Directorate General of Railways, Ministry of Transportation","railway":"rail","usage":"main","voltage":"1500","wikidata":"Q19726698","wikipedia":"id:Jalur kereta api lintas Jakarta"},"id":"way/499809696"},{"type":"Feature","geometry":{"type":"LineString","coordinates":[[106.848064,-6.207846],[106.847916,-6.207649],[106.847779,-6.207472],[106.847492,-6.207068]]},"properties":{"@id":"way/500040390","electrified":"contact_line","frequency":"0","gauge":"1067","layer":"1","name":"Jalur Kereta Api Tanah Abang–Manggarai","railway":"rail","usage":"main","voltage":"1500","wikidata":"Q19726698","wikipedia":"id:Jalur kereta api lintas Jakarta"},"id":"way/500040390"},{"type":"Feature","geometry":{"type":"LineString","coordinates":[[106.828931,-6.132701],[106.829437,-6.132984],[106.829644,-6.133124],[106.830056,-6.13351],[106.830259,-6.133758],[106.830509,-6.134188],[106.83067,-6.134709],[106.830686,-6.13492],[106.83069,-6.134996],[106.8307,-6.135249],[106.830703,-6.135302],[106.830692,-6.138531],[106.830715,-6.139114],[106.830778,-6.139482],[106.830843,-6.139698],[106.830946,-6.139937],[106.831054,-6.140135],[106.831243,-6.140417],[106.831425,-6.140627],[106.831694,-6.140885],[106.831972,-6.141084],[106.832258,-6.141259],[106.832812,-6.141511]]},"properties":{"@id":"way/501026229","electrified":"contact_line","frequency":"0","gauge":"1067","maxspeed":"70","name":"Jalur Kereta Api Jakarta Kota–Cikampek","railway":"rail","usage":"main","voltage":"1500","wikidata":"Q19726782","wikipedia":"id:Jalur kereta api Jakarta Kota–Cikampek"},"id":"way/501026229"},{"type":"Feature","geometry":{"type":"LineString","coordinates":[[106.824464,-6.132418],[106.82514,-6.132301],[106.8255,-6.132239],[106.825926,-6.132161]]},"properties":{"@id":"way/501026231","electrified":"contact_line","frequency":"0","gauge":"1067","maxspeed":"50","name":"Jalur Kereta Api Kampung Bandan–Angke–Duri","railway":"rail","usage":"main","voltage":"1500","wikidata":"Q19726698","wikipedia":"id:Jalur kereta api lintas Jakarta"},"id":"way/501026231"},{"type":"Feature","geometry":{"type":"LineString","coordinates":[[106.817838,-6.136807],[106.818235,-6.136748]]},"properties":{"@id":"way/501035686","electrified":"contact_line","frequency":"0","gauge":"1067","railway":"rail","service":"crossover","source":"yahoo photography","voltage":"1500"},"id":"way/501035686"},{"type":"Feature","geometry":{"type":"LineString","coordinates":[[106.801372,-6.157709],[106.801532,-6.15893]]},"properties":{"@id":"way/501036333","electrified":"contact_line","frequency":"0","gauge":"1067","maxspeed":"70","railway":"rail","service":"crossover","voltage":"1500"},"id":"way/501036333"},{"type":"Feature","geometry":{"type":"LineString","coordinates":[[106.843991,-6.128839],[106.84407,-6.128768],[106.844314,-6.128579],[106.844637,-6.128404],[106.844884,-6.128275],[106.845153,-6.128167],[106.845332,-6.128115],[106.845558,-6.128062],[106.846119,-6.127962],[106.847687,-6.127682]]},"properties":{"@id":"way/501038008","electrified":"contact_line","frequency":"0","gauge":"1067","maxspeed":"40","name":"Jalur Kereta Api Tanjung Priuk–Kemayoran","railway":"rail","usage":"main","voltage":"1500","wikidata":"Q19726698","wikipedia":"id:Jalur kereta api lintas Jakarta"},"id":"way/501038008"},{"type":"Feature","geometry":{"type":"LineString","coordinates":[[106.881506,-6.110557],[106.88145,-6.110601],[106.879362,-6.1122],[106.878476,-6.112884]]},"properties":{"@id":"way/501038010","electrified":"contact_line","frequency":"0","gauge":"1067","maxspeed":"40","name":"Jalur Kereta Api Jakarta Kota–Tanjung Priuk","railway":"rail","usage":"main","voltage":"1500","wikidata":"Q19726698","wikipedia":"id:Jalur kereta api lintas Jakarta"},"id":"way/501038010"},{"type":"Feature","geometry":{"type":"LineString","coordinates":[[106.814854,-6.130173],[106.814115,-6.130003],[106.813736,-6.129989],[106.813421,-6.130045],[106.81243,-6.130311],[106.812034,-6.130417]]},"properties":{"@id":"way/501084656","electrified":"contact_line","frequency":"0","gauge":"1067","maxspeed":"50","name":"Jalur Kereta Api Kampung Bandan–Angke–Duri","operator":"Kereta Api Indonesia","owner":"Direktorat Jenderal, Kementerian Perhubungan","owner:en":"Directorate General of Railways, Ministry of Transportation","railway":"rail","usage":"main","voltage":"1500","wikidata":"Q19726698","wikipedia":"id:Jalur kereta api lintas Jakarta"},"id":"way/501084656"},{"type":"Feature","geometry":{"type":"LineString","coordinates":[[106.815272,-6.13026],[106.814854,-6.130173]]},"properties":{"@id":"way/501084658","bridge":"yes","electrified":"contact_line","frequency":"0","gauge":"1067","layer":"1","maxspeed":"50","name":"Jalur Kereta Api Kampung Bandan–Angke–Duri","operator":"Kereta Api Indonesia","owner":"Direktorat Jenderal, Kementerian Perhubungan","owner:en":"Directorate General of Railways, Ministry of Transportation","railway":"rail","usage":"main","voltage":"1500","wikidata":"Q19726698","wikipedia":"id:Jalur kereta api lintas Jakarta"},"id":"way/501084658"},{"type":"Feature","geometry":{"type":"LineString","coordinates":[[106.805644,-6.132065],[106.802577,-6.132852],[106.802138,-6.133009],[106.801856,-6.133151],[106.801571,-6.133325],[106.801355,-6.133496],[106.801114,-6.13371],[106.800878,-6.133985],[106.800722,-6.134209],[106.800546,-6.134537],[106.800396,-6.134897],[106.800338,-6.135094],[106.80028,-6.135389],[106.800229,-6.135717],[106.800229,-6.135927],[106.800249,-6.136551]]},"properties":{"@id":"way/501084660","electrified":"contact_line","frequency":"0","gauge":"1067","maxspeed":"50","name":"Jalur Kereta Api Kampung Bandan–Angke–Duri","operator":"Kereta Api Indonesia","owner":"Direktorat Jenderal, Kementerian Perhubungan","owner:en":"Directorate General of Railways, Ministry of Transportation","railway":"rail","usage":"main","voltage":"1500","wikidata":"Q19726698","wikipedia":"id:Jalur kereta api lintas Jakarta"},"id":"way/501084660"},{"type":"Feature","geometry":{"type":"LineString","coordinates":[[106.806491,-6.131849],[106.805644,-6.132065]]},"properties":{"@id":"way/501084663","bridge":"yes","electrified":"contact_line","frequency":"0","gauge":"1067","layer":"1","maxspeed":"50","name":"Jalur Kereta Api Kampung Bandan–Angke–Duri","operator":"Kereta Api Indonesia","owner":"Direktorat Jenderal, Kementerian Perhubungan","owner:en":"Directorate General of Railways, Ministry of Transportation","railway":"rail","usage":"main","voltage":"1500","wikidata":"Q19726698","wikipedia":"id:Jalur kereta api lintas Jakarta"},"id":"way/501084663"},{"type":"Feature","geometry":{"type":"LineString","coordinates":[[106.807033,-6.131707],[106.806491,-6.131849]]},"properties":{"@id":"way/501084665","electrified":"contact_line","frequency":"0","gauge":"1067","maxspeed":"50","name":"Jalur Kereta Api Kampung Bandan–Angke–Duri","operator":"Kereta Api Indonesia","owner":"Direktorat Jenderal, Kementerian Perhubungan","owner:en":"Directorate General of Railways, Ministry of Transportation","railway":"rail","usage":"main","voltage":"1500","wikidata":"Q19726698","wikipedia":"id:Jalur kereta api lintas Jakarta"},"id":"way/501084665"},{"type":"Feature","geometry":{"type":"LineString","coordinates":[[106.807116,-6.131683],[106.807033,-6.131707]]},"properties":{"@id":"way/501084666","bridge":"yes","electrified":"contact_line","frequency":"0","gauge":"1067","layer":"1","maxspeed":"50","name":"Jalur Kereta Api Kampung Bandan–Angke–Duri","operator":"Kereta Api Indonesia","owner":"Direktorat Jenderal, Kementerian Perhubungan","owner:en":"Directorate General of Railways, Ministry of Transportation","railway":"rail","usage":"main","voltage":"1500","wikidata":"Q19726698","wikipedia":"id:Jalur kereta api lintas Jakarta"},"id":"way/501084666"},{"type":"Feature","geometry":{"type":"LineString","coordinates":[[106.80963,-6.131034],[106.809551,-6.131057]]},"properties":{"@id":"way/501084669","bridge":"yes","electrified":"contact_line","frequency":"0","gauge":"1067","layer":"1","maxspeed":"50","name":"Jalur Kereta Api Kampung Bandan–Angke–Duri","operator":"Kereta Api Indonesia","owner":"Direktorat Jenderal, Kementerian Perhubungan","owner:en":"Directorate General of Railways, Ministry of Transportation","railway":"rail","usage":"main","voltage":"1500","wikidata":"Q19726698","wikipedia":"id:Jalur kereta api lintas Jakarta"},"id":"way/501084669"},{"type":"Feature","geometry":{"type":"LineString","coordinates":[[106.809551,-6.131057],[106.807116,-6.131683]]},"properties":{"@id":"way/501084671","electrified":"contact_line","frequency":"0","gauge":"1067","maxspeed":"50","name":"Jalur Kereta Api Kampung Bandan–Angke–Duri","operator":"Kereta Api Indonesia","owner":"Direktorat Jenderal, Kementerian Perhubungan","owner:en":"Directorate General of Railways, Ministry of Transportation","railway":"rail","usage":"main","voltage":"1500","wikidata":"Q19726698","wikipedia":"id:Jalur kereta api lintas Jakarta"},"id":"way/501084671"},{"type":"Feature","geometry":{"type":"LineString","coordinates":[[106.810168,-6.130895],[106.80963,-6.131034]]},"properties":{"@id":"way/501084673","electrified":"contact_line","frequency":"0","gauge":"1067","maxspeed":"50","name":"Jalur Kereta Api Kampung Bandan–Angke–Duri","operator":"Kereta Api Indonesia","owner":"Direktorat Jenderal, Kementerian Perhubungan","owner:en":"Directorate General of Railways, Ministry of Transportation","railway":"rail","usage":"main","voltage":"1500","wikidata":"Q19726698","wikipedia":"id:Jalur kereta api lintas Jakarta"},"id":"way/501084673"},{"type":"Feature","geometry":{"type":"LineString","coordinates":[[106.810223,-6.130881],[106.810168,-6.130895]]},"properties":{"@id":"way/501084674","bridge":"yes","electrified":"contact_line","frequency":"0","gauge":"1067","layer":"1","maxspeed":"50","name":"Jalur Kereta Api Kampung Bandan–Angke–Duri","operator":"Kereta Api Indonesia","owner":"Direktorat Jenderal, Kementerian Perhubungan","owner:en":"Directorate General of Railways, Ministry of Transportation","railway":"rail","usage":"main","voltage":"1500","wikidata":"Q19726698","wikipedia":"id:Jalur kereta api lintas Jakarta"},"id":"way/501084674"},{"type":"Feature","geometry":{"type":"LineString","coordinates":[[106.810337,-6.13085],[106.810223,-6.130881]]},"properties":{"@id":"way/501084677","electrified":"contact_line","frequency":"0","gauge":"1067","maxspeed":"50","name":"Jalur Kereta Api Kampung Bandan–Angke–Duri","operator":"Kereta Api Indonesia","owner":"Direktorat Jenderal, Kementerian Perhubungan","owner:en":"Directorate General of Railways, Ministry of Transportation","railway":"rail","usage":"main","voltage":"1500","wikidata":"Q19726698","wikipedia":"id:Jalur kereta api lintas Jakarta"},"id":"way/501084677"},{"type":"Feature","geometry":{"type":"LineString","coordinates":[[106.810632,-6.130777],[106.810337,-6.13085]]},"properties":{"@id":"way/501084679","bridge":"yes","electrified":"contact_line","frequency":"0","gauge":"1067","layer":"1","maxspeed":"50","name":"Jalur Kereta Api Kampung Bandan–Angke–Duri","operator":"Kereta Api Indonesia","owner":"Direktorat Jenderal, Kementerian Perhubungan","owner:en":"Directorate General of Railways, Ministry of Transportation","railway":"rail","usage":"main","voltage":"1500","wikidata":"Q19726698","wikipedia":"id:Jalur kereta api lintas Jakarta"},"id":"way/501084679"},{"type":"Feature","geometry":{"type":"LineString","coordinates":[[106.80094,-6.148361],[106.800945,-6.148479]]},"properties":{"@id":"way/501084680","bridge":"yes","electrified":"contact_line","frequency":"0","gauge":"1067","layer":"1","maxspeed":"50","name":"Jalur Kereta Api Kampung Bandan–Angke–Duri","operator":"Kereta Api Indonesia","owner":"Direktorat Jenderal, Kementerian Perhubungan","owner:en":"Directorate General of Railways, Ministry of Transportation","railway":"rail","usage":"main","voltage":"1500","wikidata":"Q19726698","wikipedia":"id:Jalur kereta api lintas Jakarta"},"id":"way/501084680"},{"type":"Feature","geometry":{"type":"LineString","coordinates":[[106.800945,-6.148479],[106.801124,-6.151789],[106.801155,-6.152176],[106.80119,-6.152718],[106.801201,-6.15293],[106.801216,-6.153298]]},"properties":{"@id":"way/501084681","electrified":"contact_line","frequency":"0","gauge":"1067","maxspeed":"50","name":"Jalur Kereta Api Kampung Bandan–Angke–Duri","operator":"Kereta Api Indonesia","owner":"Direktorat Jenderal, Kementerian Perhubungan","owner:en":"Directorate General of Railways, Ministry of Transportation","railway":"rail","usage":"main","voltage":"1500","wikidata":"Q19726698","wikipedia":"id:Jalur kereta api lintas Jakarta"},"id":"way/501084681"},{"type":"Feature","geometry":{"type":"LineString","coordinates":[[106.801448,-6.158078],[106.801532,-6.15893]]},"properties":{"@id":"way/501084683","electrified":"contact_line","frequency":"0","gauge":"1067","maxspeed":"80","name":"Jalur Kereta Api Duri–Tanah Abang","operator":"Kereta Api Indonesia","owner":"Direktorat Jenderal, Kementerian Perhubungan","owner:en":"Directorate General of Railways, Ministry of Transportation","railway":"rail","usage":"main","voltage":"1500","wikidata":"Q19726698","wikipedia":"id:Jalur kereta api lintas Jakarta"},"id":"way/501084683"},{"type":"Feature","geometry":{"type":"LineString","coordinates":[[106.851651,-6.187168],[106.851727,-6.187271]]},"properties":{"@id":"way/501085287","bridge":"yes","electrified":"contact_line","frequency":"0","gauge":"1067","layer":"1","maxspeed":"70","name":"Jalur Kereta Api Jakarta Kota–Cikampek","railway":"rail","usage":"main","voltage":"1500","wikidata":"Q19726782","wikipedia":"id:Jalur kereta api Jakarta Kota–Cikampek"},"id":"way/501085287"},{"type":"Feature","geometry":{"type":"LineString","coordinates":[[106.862212,-6.208563],[106.862202,-6.208528],[106.860333,-6.201662],[106.860074,-6.200732],[106.859071,-6.197613],[106.858724,-6.196814],[106.858525,-6.196429],[106.858438,-6.196274],[106.858296,-6.196055],[106.857999,-6.195604],[106.856921,-6.194147],[106.856829,-6.19403]]},"properties":{"@id":"way/501085288","electrified":"contact_line","frequency":"0","gauge":"1067","maxspeed":"70","name":"Jalur Kereta Api Jakarta Kota–Cikampek","railway":"rail","usage":"main","voltage":"1500","wikidata":"Q19726782","wikipedia":"id:Jalur kereta api Jakarta Kota–Cikampek"},"id":"way/501085288"},{"type":"Feature","geometry":{"type":"LineString","coordinates":[[106.891198,-6.192665],[106.891204,-6.19213],[106.891216,-6.191009],[106.891165,-6.188946],[106.891142,-6.187706],[106.891213,-6.184994],[106.891312,-6.184061],[106.891336,-6.183826],[106.891359,-6.183606],[106.891434,-6.183194],[106.891869,-6.180798],[106.891918,-6.18062],[106.892658,-6.178489],[106.892728,-6.178364],[106.893416,-6.177318],[106.893893,-6.176627],[106.89402,-6.176468],[106.894113,-6.176374],[106.894203,-6.176298],[106.894299,-6.176226],[106.894413,-6.176157],[106.894556,-6.17608],[106.894724,-6.175996],[106.8953,-6.175693],[106.895495,-6.175578],[106.895618,-6.175498],[106.895728,-6.175414],[106.89585,-6.175306],[106.895957,-6.175201],[106.8961,-6.175048],[106.896253,-6.174856],[106.897252,-6.173408],[106.897574,-6.172878],[106.899173,-6.170312],[106.899511,-6.16978],[106.900039,-6.169007],[106.901134,-6.167312],[106.905135,-6.160882],[106.905666,-6.159997],[106.905876,-6.159661],[106.907838,-6.156539],[106.907843,-6.156531],[106.908664,-6.155286],[106.908913,-6.154897],[106.908979,-6.154803],[106.909049,-6.154725],[106.909118,-6.154668],[106.9092,-6.154627],[106.909307,-6.154595],[106.909395,-6.154583],[106.909657,-6.154611],[106.910352,-6.154706],[106.91085,-6.154754],[106.912184,-6.154841],[106.913553,-6.154904],[106.913623,-6.154909],[106.913694,-6.154922],[106.91376,-6.15494],[106.913809,-6.154956]]},"properties":{"@id":"way/501086733","bridge":"yes","electrified":"rail","frequency":"0","gauge":"1435","layer":"2","maxspeed":"80","name":"LRT Jakarta","name:en":"Jakarta LRT","name:id":"LRT Jakarta","operator":"PT LRT Jakarta","railway":"light_rail","usage":"main","voltage":"750","wikidata":"Q56810702","wikipedia":"id:LRT Jakarta"},"id":"way/501086733"},{"type":"Feature","geometry":{"type":"LineString","coordinates":[[106.869771,-6.245461],[106.86963,-6.245398],[106.869559,-6.245367],[106.867374,-6.244432],[106.867057,-6.244301],[106.866709,-6.244171],[106.865802,-6.243858],[106.865542,-6.243775],[106.865292,-6.243705],[106.865044,-6.243644],[106.864522,-6.243546],[106.86423,-6.243497],[106.864166,-6.243487],[106.864102,-6.243479],[106.86397,-6.243464],[106.863805,-6.243452],[106.863649,-6.243444],[106.863398,-6.243435],[106.863092,-6.243424],[106.862776,-6.243422],[106.862242,-6.24344],[106.861679,-6.243463],[106.861104,-6.243491],[106.860709,-6.243508],[106.860067,-6.243525],[106.85974,-6.243529],[106.859265,-6.243535],[106.858896,-6.243535],[106.858557,-6.243531],[106.858287,-6.243529],[106.857926,-6.243522],[106.857072,-6.243504],[106.855601,-6.243463],[106.85228,-6.243451],[106.851911,-6.243458],[106.850033,-6.243584],[106.849651,-6.243604],[106.848876,-6.243622],[106.848508,-6.24364],[106.84801,-6.24367],[106.846778,-6.243789],[106.846314,-6.243804],[106.846024,-6.243805],[106.843473,-6.243668],[106.843259,-6.243645],[106.843023,-6.2436],[106.842825,-6.24354],[106.842634,-6.243477],[106.842427,-6.243394],[106.841637,-6.243042],[106.841436,-6.242966],[106.841237,-6.242899],[106.840483,-6.242704],[106.840192,-6.242624],[106.839934,-6.24255],[106.839082,-6.242318],[106.838512,-6.242169],[106.837819,-6.241978],[106.83695,-6.241742],[106.836192,-6.241553],[106.835027,-6.241263],[106.833547,-6.240873],[106.833335,-6.240812],[106.833144,-6.240749],[106.832928,-6.240665],[106.832683,-6.240558],[106.832444,-6.240431],[106.831977,-6.24017],[106.83178,-6.240054],[106.831527,-6.239888],[106.830928,-6.239474],[106.830702,-6.239328],[106.830319,-6.23909],[106.829723,-6.238729],[106.829531,-6.238629],[106.828795,-6.238274],[106.828556,-6.238145],[106.82834,-6.238021]]},"properties":{"@id":"way/501311233","bridge":"yes","electrified":"yes","frequency":"0","gauge":"1435","layer":"3","maxspeed":"80","name":"LRT Jabodebek","network:wikidata":"Q20427104","opening_date":"2023-07-12","operator":"PT Kereta Api Indonesia (Persero), Divisi LRT Jabodebek","railway":"light_rail","usage":"main","voltage":"750","website":"https://adhi.co.id/projects/lrt-jabodebek/","wikidata":"Q20427104","wikipedia":"id:LRT Jabodebek"},"id":"way/501311233"},{"type":"Feature","geometry":{"type":"LineString","coordinates":[[106.945521,-6.218279],[106.946197,-6.218349],[106.946728,-6.218405],[106.94682,-6.218418],[106.946927,-6.218433],[106.947621,-6.21853],[106.947722,-6.218544],[106.948306,-6.218641]]},"properties":{"@id":"way/501575916","electrified":"contact_line","frequency":"0","gauge":"1067","maxspeed":"115","name":"Jalur Kereta Api Jakarta Kota–Cikampek","railway":"rail","source":"HOT_InAWARESurvey_2017","usage":"main","voltage":"1500","wikidata":"Q19726782","wikipedia":"id:Jalur kereta api Jakarta Kota–Cikampek"},"id":"way/501575916"},{"type":"Feature","geometry":{"type":"LineString","coordinates":[[106.945329,-6.218256],[106.945521,-6.218279]]},"properties":{"@id":"way/501575918","bridge":"yes","electrified":"contact_line","frequency":"0","gauge":"1067","layer":"1","maxspeed":"115","name":"Jalur Kereta Api Jakarta Kota–Cikampek","railway":"rail","source":"HOT_InAWARESurvey_2017","usage":"main","voltage":"1500","wikidata":"Q19726782","wikipedia":"id:Jalur kereta api Jakarta Kota–Cikampek"},"id":"way/501575918"},{"type":"Feature","geometry":{"type":"LineString","coordinates":[[106.945526,-6.21824],[106.946742,-6.218369],[106.94771,-6.218504],[106.948343,-6.218618]]},"properties":{"@id":"way/501575921","electrified":"contact_line","frequency":"0","gauge":"1067","maxspeed":"115","name":"Jalur Kereta Api Jakarta Kota–Cikampek","railway":"rail","source":"HOT_InAWARESurvey_2017","usage":"main","voltage":"1500","wikidata":"Q19726782","wikipedia":"id:Jalur kereta api Jakarta Kota–Cikampek"},"id":"way/501575921"},{"type":"Feature","geometry":{"type":"LineString","coordinates":[[106.945338,-6.218219],[106.945526,-6.21824]]},"properties":{"@id":"way/501575923","bridge":"yes","electrified":"contact_line","frequency":"0","gauge":"1067","layer":"1","maxspeed":"115","name":"Jalur Kereta Api Jakarta Kota–Cikampek","railway":"rail","source":"HOT_InAWARESurvey_2017","usage":"main","voltage":"1500","wikidata":"Q19726782","wikipedia":"id:Jalur kereta api Jakarta Kota–Cikampek"},"id":"way/501575923"},{"type":"Feature","geometry":{"type":"LineString","coordinates":[[106.83289,-6.186933],[106.832988,-6.187186],[106.833085,-6.187406],[106.833222,-6.187691],[106.833554,-6.188264],[106.83436,-6.189393],[106.83591,-6.191444],[106.837478,-6.193547],[106.839572,-6.196298],[106.840407,-6.197437]]},"properties":{"@id":"way/501918396","bridge":"yes","electrified":"contact_line","frequency":"0","gauge":"1067","layer":"1","maxspeed":"90","name":"Jalur Kereta Api Jakarta Kota–Bogor","railway":"rail","usage":"main","voltage":"1500","wikidata":"Q12487135","wikipedia":"id:Jalur kereta api Jakarta Kota–Bogor–Padalarang"},"id":"way/501918396"},{"type":"Feature","geometry":{"type":"LineString","coordinates":[[106.800568,-6.142243],[106.800599,-6.142761],[106.800612,-6.143549],[106.800736,-6.145839],[106.80075,-6.145948],[106.800779,-6.146114],[106.800806,-6.146311],[106.800819,-6.146492],[106.800855,-6.146887],[106.800872,-6.147152],[106.800905,-6.14772]]},"properties":{"@id":"way/502330738","electrified":"contact_line","frequency":"0","gauge":"1067","maxspeed":"50","name":"Jalur Kereta Api Kampung Bandan–Angke–Duri","operator":"Kereta Api Indonesia","owner":"Direktorat Jenderal, Kementerian Perhubungan","owner:en":"Directorate General of Railways, Ministry of Transportation","railway":"rail","railway:track_ref":"3","usage":"main","voltage":"1500","wikidata":"Q19726698","wikipedia":"id:Jalur kereta api lintas Jakarta"},"id":"way/502330738"},{"type":"Feature","geometry":{"type":"LineString","coordinates":[[106.800249,-6.136551],[106.800253,-6.136613]]},"properties":{"@id":"way/502330740","bridge":"yes","electrified":"contact_line","frequency":"0","gauge":"1067","layer":"1","maxspeed":"50","name":"Jalur Kereta Api Kampung Bandan–Angke–Duri","operator":"Kereta Api Indonesia","owner":"Direktorat Jenderal, Kementerian Perhubungan","owner:en":"Directorate General of Railways, Ministry of Transportation","railway":"rail","usage":"main","voltage":"1500","wikidata":"Q19726698","wikipedia":"id:Jalur kereta api lintas Jakarta"},"id":"way/502330740"},{"type":"Feature","geometry":{"type":"LineString","coordinates":[[106.800595,-6.141769],[106.800451,-6.139182],[106.800361,-6.137611],[106.800287,-6.136609]]},"properties":{"@id":"way/502330741","electrified":"contact_line","frequency":"0","gauge":"1067","maxspeed":"50","name":"Jalur Kereta Api Kampung Bandan–Angke–Duri","operator":"Kereta Api Indonesia","owner":"Direktorat Jenderal, Kementerian Perhubungan","owner:en":"Directorate General of Railways, Ministry of Transportation","railway":"rail","usage":"main","voltage":"1500","wikidata":"Q19726698","wikipedia":"id:Jalur kereta api lintas Jakarta"},"id":"way/502330741"},{"type":"Feature","geometry":{"type":"LineString","coordinates":[[106.800287,-6.136609],[106.800282,-6.136545]]},"properties":{"@id":"way/502330742","bridge":"yes","electrified":"contact_line","frequency":"0","gauge":"1067","layer":"1","maxspeed":"50","name":"Jalur Kereta Api Kampung Bandan–Angke–Duri","operator":"Kereta Api Indonesia","owner":"Direktorat Jenderal, Kementerian Perhubungan","owner:en":"Directorate General of Railways, Ministry of Transportation","railway":"rail","usage":"main","voltage":"1500","wikidata":"Q19726698","wikipedia":"id:Jalur kereta api lintas Jakarta"},"id":"way/502330742"},{"type":"Feature","geometry":{"type":"LineString","coordinates":[[106.83284,-6.141437],[106.832287,-6.141203],[106.832281,-6.1412],[106.832035,-6.141057],[106.831732,-6.140858],[106.831465,-6.140604],[106.831284,-6.140395],[106.831101,-6.140122],[106.830991,-6.13992],[106.830886,-6.139684],[106.830822,-6.139477],[106.830755,-6.139107],[106.830722,-6.138538],[106.830741,-6.136702],[106.830751,-6.135845],[106.830757,-6.135287],[106.830753,-6.135238],[106.830734,-6.134984],[106.830735,-6.134908],[106.83071,-6.134706],[106.830539,-6.134186],[106.830284,-6.133752],[106.830063,-6.133464],[106.829676,-6.133102],[106.829545,-6.133001],[106.829336,-6.132883],[106.829017,-6.132707]]},"properties":{"@id":"way/506903841","electrified":"contact_line","frequency":"0","gauge":"1067","maxspeed":"70","name":"Jalur Kereta Api Jakarta Kota–Cikampek","railway":"rail","usage":"main","voltage":"1500","wikidata":"Q19726782","wikipedia":"id:Jalur kereta api Jakarta Kota–Cikampek"},"id":"way/506903841"},{"type":"Feature","geometry":{"type":"LineString","coordinates":[[106.833247,-6.14159],[106.83284,-6.141437]]},"properties":{"@id":"way/506903844","bridge":"yes","electrified":"contact_line","frequency":"0","gauge":"1067","layer":"1","maxspeed":"70","name":"Jalur Kereta Api Jakarta Kota–Cikampek","railway":"rail","usage":"main","voltage":"1500","wikidata":"Q19726782","wikipedia":"id:Jalur kereta api Jakarta Kota–Cikampek"},"id":"way/506903844"},{"type":"Feature","geometry":{"type":"LineString","coordinates":[[107.017961,-6.262781],[107.010093,-6.260024],[107.008365,-6.259439],[107.007214,-6.259004],[107.004521,-6.258045],[106.997545,-6.255548],[106.997339,-6.25547],[106.997187,-6.255416],[106.994381,-6.254456],[106.990437,-6.252924],[106.986903,-6.251228],[106.985446,-6.250437],[106.983089,-6.249398],[106.982252,-6.249091],[106.981301,-6.24879],[106.98073,-6.24865],[106.980125,-6.248553],[106.979808,-6.248513],[106.979529,-6.248494],[106.97885,-6.24847],[106.977578,-6.248461],[106.977066,-6.248477],[106.976231,-6.24856],[106.975514,-6.248671],[106.974867,-6.248806],[106.974119,-6.249004],[106.973229,-6.249288],[106.972453,-6.249596],[106.971863,-6.249863],[106.971331,-6.25013],[106.970676,-6.25049],[106.969989,-6.250912],[106.967915,-6.252295],[106.965559,-6.253654],[106.965017,-6.253922],[106.96317,-6.254649],[106.962503,-6.254912],[106.961888,-6.255136],[106.961621,-6.255214],[106.961346,-6.255281],[106.961106,-6.255319],[106.960777,-6.255352],[106.959798,-6.255401],[106.959474,-6.255423],[106.959189,-6.255471],[106.957946,-6.255756],[106.956013,-6.256151],[106.955654,-6.256204],[106.955377,-6.256227],[106.954495,-6.256269],[106.954137,-6.2563],[106.952703,-6.256522],[106.951878,-6.256581],[106.949242,-6.256695],[106.948577,-6.256731],[106.946297,-6.25683],[106.945987,-6.256826],[106.945693,-6.256805],[106.943864,-6.256647],[106.943636,-6.256643],[106.943327,-6.256644],[106.943017,-6.256672],[106.940679,-6.257052],[106.940346,-6.257083],[106.938445,-6.257178],[106.936904,-6.257256],[106.927916,-6.257704],[106.926877,-6.257772],[106.924852,-6.257872],[106.922433,-6.258023],[106.92086,-6.258103],[106.920319,-6.258114],[106.918098,-6.258179],[106.915961,-6.25811],[106.915306,-6.258055],[106.914794,-6.257974],[106.913773,-6.257752],[106.913172,-6.257603],[106.912587,-6.257399],[106.911476,-6.256931],[106.911046,-6.25675],[106.910616,-6.256569],[106.910426,-6.256489],[106.910182,-6.256386],[106.90992,-6.256272],[106.90978,-6.256212],[106.909425,-6.256058],[106.908925,-6.255841],[106.908557,-6.255681],[106.908404,-6.255625],[106.907658,-6.25535],[106.907249,-6.255202],[106.906334,-6.25496],[106.905439,-6.254631],[106.904952,-6.254395],[106.904492,-6.254142],[106.904152,-6.253931],[106.903869,-6.253746],[106.903653,-6.253593],[106.903356,-6.25336],[106.903071,-6.253121],[106.902698,-6.252781],[106.902373,-6.252458],[106.902075,-6.252129],[106.901851,-6.251854],[106.901571,-6.251481],[106.901259,-6.25103],[106.900828,-6.250298],[106.899926,-6.248721],[106.899524,-6.248025],[106.898447,-6.246541],[106.897819,-6.245869],[106.897428,-6.245493],[106.896707,-6.244968],[106.895861,-6.244455],[106.895203,-6.244154],[106.894524,-6.243906],[106.893911,-6.243728],[106.893421,-6.243644],[106.892912,-6.243593],[106.89232,-6.243602],[106.891436,-6.243697],[106.891027,-6.243766],[106.890732,-6.243834],[106.890496,-6.243901],[106.890263,-6.243973],[106.89002,-6.244062],[106.8897,-6.244205],[106.889433,-6.24436],[106.889195,-6.244513],[106.888755,-6.244814],[106.888056,-6.245285],[106.887532,-6.245672],[106.88728,-6.245852],[106.887068,-6.246003],[106.886484,-6.246372],[106.885835,-6.246738],[106.885417,-6.246904],[106.885009,-6.24704],[106.884539,-6.247145],[106.884037,-6.247224],[106.883744,-6.247242],[106.883399,-6.247237],[106.881369,-6.247127],[106.880291,-6.247075],[106.880079,-6.247091],[106.879771,-6.247146],[106.879557,-6.247204],[106.879326,-6.247296],[106.879143,-6.247389],[106.878989,-6.247483],[106.878478,-6.24783],[106.877803,-6.248308],[106.877506,-6.248528],[106.877208,-6.248661],[106.877057,-6.248712],[106.876905,-6.248744],[106.876762,-6.248757],[106.876597,-6.248741],[106.876418,-6.248679],[106.876239,-6.248588],[106.876098,-6.24847],[106.875402,-6.247915]]},"properties":{"@id":"way/508883080","bridge":"yes","electrified":"rail","frequency":"0","gauge":"1435","layer":"3","maxspeed":"80","name":"LRT Jabodebek","name:en":"Jabodebek LRT","network:wikidata":"Q20427104","opening_date":"2023-07-12","operator":"PT Kereta Api Indonesia (Persero), Divisi LRT Jabodebek","railway":"light_rail","usage":"main","voltage":"750","website":"https://adhi.co.id/projects/lrt-jabodebek/","wikidata":"Q20427104","wikipedia":"id:LRT Jabodebek"},"id":"way/508883080"},{"type":"Feature","geometry":{"type":"LineString","coordinates":[[106.797113,-6.279193],[106.797208,-6.278848],[106.797342,-6.278372],[106.797555,-6.277632]]},"properties":{"@id":"way/512995216","bridge":"yes","covered":"yes","electrified":"contact_line","frequency":"0","gauge":"1067","layer":"3","maxspeed":"90","name":"MRT Jakarta Jalur Utara-Selatan","name:en":"Jakarta MRT North-South Line","network":"MRT Jakarta","operator":"PT MRT Jakarta (Perseroda)","railway":"subway","start_date":"2019-03-24","tracks":"1","voltage":"1500","wikidata":"Q3333785","wikipedia":"id:MRT Jakarta"},"id":"way/512995216"},{"type":"Feature","geometry":{"type":"LineString","coordinates":[[106.79813,-6.243448],[106.7982,-6.24305],[106.798315,-6.242664]]},"properties":{"@id":"way/512998831","bridge":"yes","electrified":"contact_line","frequency":"0","gauge":"1067","layer":"3","maxspeed":"40","name":"MRT Jakarta Jalur Utara-Selatan","name:en":"Jakarta MRT North-South Line","network":"MRT Jakarta","operator":"PT MRT Jakarta (Perseroda)","railway":"subway","start_date":"2019-03-24","tracks":"1","voltage":"1500"},"id":"way/512998831"},{"type":"Feature","geometry":{"type":"LineString","coordinates":[[106.798073,-6.245723],[106.79793,-6.24643]]},"properties":{"@id":"way/512998832","bridge":"yes","electrified":"contact_line","frequency":"0","gauge":"1067","layer":"3","maxspeed":"40","name":"MRT Jakarta Jalur Utara-Selatan","name:en":"Jakarta MRT North-South Line","network":"MRT Jakarta","operator":"PT MRT Jakarta (Perseroda)","railway":"subway","start_date":"2019-03-24","tracks":"1","voltage":"1500"},"id":"way/512998832"},{"type":"Feature","geometry":{"type":"LineString","coordinates":[[106.800699,-6.228125],[106.802524,-6.226784],[106.802998,-6.226379],[106.804648,-6.225192],[106.806058,-6.224121],[106.808665,-6.222442],[106.809718,-6.221629],[106.810461,-6.221034],[106.811756,-6.22002],[106.813519,-6.218619],[106.814563,-6.217795],[106.815285,-6.217244],[106.816058,-6.216628],[106.817037,-6.215857],[106.817995,-6.215062],[106.818507,-6.214601],[106.818847,-6.214244],[106.819213,-6.21382],[106.819643,-6.213245],[106.820022,-6.21264],[106.820552,-6.211617],[106.821247,-6.210248],[106.821557,-6.209586],[106.821762,-6.209095],[106.821848,-6.208857],[106.821959,-6.208416],[106.822092,-6.20773],[106.82215,-6.207264],[106.822298,-6.205852],[106.822381,-6.204657],[106.822417,-6.203603],[106.822483,-6.202938],[106.822597,-6.202106],[106.822828,-6.200802],[106.82294,-6.200207],[106.823146,-6.19895],[106.823188,-6.198464],[106.82319,-6.198017],[106.823177,-6.19724],[106.823155,-6.195995],[106.82315,-6.195629],[106.823141,-6.195421],[106.823119,-6.19409],[106.823111,-6.193364],[106.823079,-6.192406],[106.823062,-6.191849],[106.823039,-6.191026]]},"properties":{"@id":"way/512998833","electrified":"contact_line","frequency":"0","gauge":"1067","layer":"-2","maxspeed":"80","name":"MRT Jakarta Jalur Utara-Selatan","name:en":"Jakarta MRT North-South Line","name:id":"MRT Jakarta Jalur Utara-Selatan","network":"MRT Jakarta","operator":"PT MRT Jakarta (Perseroda)","railway":"subway","start_date":"2019-03-24","tunnel":"yes","usage":"main","voltage":"1500","wikidata":"Q3333785","wikipedia":"id:MRT Jakarta"},"id":"way/512998833"},{"type":"Feature","geometry":{"type":"LineString","coordinates":[[106.844651,-6.284594],[106.844834,-6.283545],[106.845189,-6.281498],[106.845334,-6.280706],[106.845398,-6.280372],[106.845478,-6.27996],[106.845562,-6.279519],[106.846083,-6.276593],[106.846273,-6.275822],[106.846461,-6.275169],[106.846721,-6.274369],[106.847011,-6.27354],[106.847252,-6.273028],[106.847357,-6.272808],[106.847385,-6.272753],[106.84758,-6.272277],[106.848224,-6.270831],[106.851131,-6.264315]]},"properties":{"@id":"way/519373529","electrified":"contact_line","frequency":"0","gauge":"1067","maxspeed":"80","name":"Jalur Kereta Api Jakarta Kota–Bogor","operator":"Kereta Api Indonesia","railway":"rail","railway:track_ref":"3","usage":"main","voltage":"1500","wikidata":"Q12487135","wikipedia":"id: Jalur kereta api Jakarta Kota–Bogor–Padalarang"},"id":"way/519373529"},{"type":"Feature","geometry":{"type":"LineString","coordinates":[[106.873729,-6.116965],[106.87319,-6.11738],[106.872594,-6.117835],[106.872184,-6.118148],[106.870962,-6.11908],[106.870854,-6.119162],[106.870509,-6.119426],[106.870489,-6.119442],[106.870296,-6.119593],[106.868939,-6.120651],[106.868294,-6.121066],[106.867914,-6.121266],[106.86762,-6.121397],[106.867218,-6.121551],[106.866829,-6.121666],[106.866494,-6.121745],[106.864002,-6.122198]]},"properties":{"@id":"way/520197673","electrified":"contact_line","frequency":"0","gauge":"1067","maxspeed":"40","name":"Jalur Kereta Api Tanjung Priuk–Kemayoran","railway":"rail","usage":"main","voltage":"1500","wikidata":"Q19726698","wikipedia":"id:Jalur kereta api lintas Jakarta"},"id":"way/520197673"},{"type":"Feature","geometry":{"type":"LineString","coordinates":[[106.86368,-6.122255],[106.864002,-6.122198]]},"properties":{"@id":"way/520197674","bridge":"yes","electrified":"contact_line","frequency":"0","gauge":"1067","layer":"1","maxspeed":"40","name":"Jalur Kereta Api Tanjung Priuk–Kemayoran","railway":"rail","usage":"main","voltage":"1500","wikidata":"Q19726698","wikipedia":"id:Jalur kereta api lintas Jakarta"},"id":"way/520197674"},{"type":"Feature","geometry":{"type":"LineString","coordinates":[[106.789926,-6.162152],[106.790165,-6.162157]]},"properties":{"@id":"way/521155512","bridge":"yes","electrified":"contact_line","frequency":"0","gauge":"1067","layer":"1","maxspeed":"90","name":"Jalur Kereta Api Duri–Tangerang","railway":"rail","usage":"main","voltage":"1500","wikidata":"Q12487146","wikipedia":"en:Duri–Tangerang railway"},"id":"way/521155512"},{"type":"Feature","geometry":{"type":"LineString","coordinates":[[106.790165,-6.162157],[106.790492,-6.162165],[106.790552,-6.162167],[106.794363,-6.162282],[106.795143,-6.162301],[106.795679,-6.162258],[106.796109,-6.16218],[106.796461,-6.162074],[106.797712,-6.161632],[106.797941,-6.161547]]},"properties":{"@id":"way/521155513","electrified":"contact_line","frequency":"0","gauge":"1067","maxspeed":"90","name":"Jalur Kereta Api Duri–Tangerang","railway":"rail","usage":"main","voltage":"1500","wikidata":"Q12487146","wikipedia":"en:Duri–Tangerang railway"},"id":"way/521155513"},{"type":"Feature","geometry":{"type":"LineString","coordinates":[[106.854045,-6.125987],[106.854664,-6.125709],[106.855543,-6.125295],[106.857776,-6.124243],[106.857887,-6.124194],[106.861976,-6.122614],[106.863145,-6.122347],[106.86368,-6.122255]]},"properties":{"@id":"way/522015028","electrified":"contact_line","frequency":"0","gauge":"1067","maxspeed":"40","name":"Jalur Kereta Api Tanjung Priuk–Kemayoran","railway":"rail","usage":"main","voltage":"1500","wikidata":"Q19726698","wikipedia":"id:Jalur kereta api lintas Jakarta"},"id":"way/522015028"},{"type":"Feature","geometry":{"type":"LineString","coordinates":[[106.853825,-6.126081],[106.854045,-6.125987]]},"properties":{"@id":"way/522015029","bridge":"yes","electrified":"contact_line","frequency":"0","gauge":"1067","layer":"1","maxspeed":"40","name":"Jalur Kereta Api Tanjung Priuk–Kemayoran","railway":"rail","usage":"main","voltage":"1500","wikidata":"Q19726698","wikipedia":"id:Jalur kereta api lintas Jakarta"},"id":"way/522015029"},{"type":"Feature","geometry":{"type":"LineString","coordinates":[[106.853815,-6.126048],[106.854032,-6.125955]]},"properties":{"@id":"way/522015030","bridge":"yes","electrified":"contact_line","frequency":"0","gauge":"1067","layer":"1","maxspeed":"40","name":"Jalur Kereta Api Jakarta Kota–Tanjung Priuk","railway":"rail","usage":"main","voltage":"1500","wikidata":"Q19726698","wikipedia":"id:Jalur kereta api lintas Jakarta"},"id":"way/522015030"},{"type":"Feature","geometry":{"type":"LineString","coordinates":[[106.848043,-6.127563],[106.848204,-6.127534],[106.848786,-6.127429],[106.849993,-6.12721],[106.850798,-6.127077],[106.851392,-6.126932],[106.851841,-6.126808],[106.852614,-6.126549],[106.853741,-6.126079],[106.853815,-6.126048]]},"properties":{"@id":"way/522015031","electrified":"contact_line","frequency":"0","gauge":"1067","maxspeed":"40","name":"Jalur Kereta Api Jakarta Kota–Tanjung Priuk","railway":"rail","usage":"main","voltage":"1500","wikidata":"Q19726698","wikipedia":"id:Jalur kereta api lintas Jakarta"},"id":"way/522015031"},{"type":"Feature","geometry":{"type":"LineString","coordinates":[[106.848044,-6.127618],[106.8482,-6.127589],[106.848787,-6.127473],[106.849994,-6.127246],[106.850796,-6.127112],[106.851851,-6.12684],[106.85262,-6.126587],[106.853767,-6.126106],[106.853825,-6.126081]]},"properties":{"@id":"way/527019516","electrified":"contact_line","frequency":"0","gauge":"1067","maxspeed":"40","name":"Jalur Kereta Api Tanjung Priuk–Kemayoran","railway":"rail","usage":"main","voltage":"1500","wikidata":"Q19726698","wikipedia":"id:Jalur kereta api lintas Jakarta"},"id":"way/527019516"},{"type":"Feature","geometry":{"type":"LineString","coordinates":[[106.847687,-6.127682],[106.847807,-6.127661],[106.848044,-6.127618]]},"properties":{"@id":"way/527019517","bridge":"yes","electrified":"contact_line","frequency":"0","gauge":"1067","layer":"1","maxspeed":"40","name":"Jalur Kereta Api Tanjung Priuk–Kemayoran","railway":"rail","usage":"main","voltage":"1500","wikidata":"Q19726698","wikipedia":"id:Jalur kereta api lintas Jakarta"},"id":"way/527019517"},{"type":"Feature","geometry":{"type":"LineString","coordinates":[[106.847677,-6.127627],[106.848043,-6.127563]]},"properties":{"@id":"way/527019518","bridge":"yes","electrified":"contact_line","frequency":"0","gauge":"1067","layer":"1","maxspeed":"40","name":"Jalur Kereta Api Jakarta Kota–Tanjung Priuk","railway":"rail","usage":"main","voltage":"1500","wikidata":"Q19726698","wikipedia":"id:Jalur kereta api lintas Jakarta"},"id":"way/527019518"},{"type":"Feature","geometry":{"type":"LineString","coordinates":[[106.846456,-6.127855],[106.847677,-6.127627]]},"properties":{"@id":"way/527019519","electrified":"contact_line","frequency":"0","gauge":"1067","maxspeed":"40","name":"Jalur Kereta Api Jakarta Kota–Tanjung Priuk","railway":"rail","usage":"main","voltage":"1500","wikidata":"Q19726698","wikipedia":"id:Jalur kereta api lintas Jakarta"},"id":"way/527019519"},{"type":"Feature","geometry":{"type":"LineString","coordinates":[[106.823932,-6.132466],[106.823343,-6.132565],[106.82293,-6.132634],[106.822606,-6.132713],[106.822088,-6.132844],[106.821805,-6.13289],[106.821595,-6.13291],[106.821338,-6.132911],[106.821076,-6.132891],[106.820764,-6.132838],[106.820425,-6.132753],[106.819348,-6.13236],[106.818927,-6.132146],[106.818599,-6.13197],[106.816826,-6.130931],[106.815872,-6.130444],[106.815582,-6.130336],[106.815272,-6.13026]]},"properties":{"@id":"way/549714678","electrified":"contact_line","frequency":"0","gauge":"1067","maxspeed":"50","name":"Jalur Kereta Api Kampung Bandan–Angke–Duri","operator":"Kereta Api Indonesia","owner":"Direktorat Jenderal, Kementerian Perhubungan","owner:en":"Directorate General of Railways, Ministry of Transportation","railway":"rail","usage":"main","voltage":"1500","wikidata":"Q19726698","wikipedia":"id:Jalur kereta api lintas Jakarta"},"id":"way/549714678"},{"type":"Feature","geometry":{"type":"LineString","coordinates":[[106.825883,-6.132128],[106.8255,-6.132239],[106.825222,-6.132317],[106.824711,-6.13246],[106.823964,-6.132672],[106.823696,-6.132761],[106.823326,-6.132919],[106.823126,-6.133022],[106.822865,-6.133172],[106.822606,-6.133351],[106.822398,-6.133512],[106.822194,-6.133692],[106.821902,-6.133989],[106.82085,-6.135286],[106.820642,-6.135481],[106.820334,-6.135706],[106.820073,-6.135843],[106.819657,-6.136018],[106.819421,-6.136102],[106.818974,-6.136222]]},"properties":{"@id":"way/549714679","electrified":"contact_line","frequency":"0","gauge":"1067","maxspeed":"40","name":"Jalur Kereta Api Jakarta Kota–Cikampek","railway":"rail","usage":"main","voltage":"1500","wikidata":"Q19726782","wikipedia":"id:Jalur kereta api Jakarta Kota–Cikampek"},"id":"way/549714679"},{"type":"Feature","geometry":{"type":"LineString","coordinates":[[106.720673,-6.16314],[106.720882,-6.163108]]},"properties":{"@id":"way/573879905","bridge":"yes","electrified":"contact_line","frequency":"0","gauge":"1067","layer":"1","maxspeed":"90","name":"Jalur Kereta Api Duri–Tangerang","railway":"rail","usage":"main","voltage":"1500","wikidata":"Q12487146","wikipedia":"en:Duri–Tangerang railway"},"id":"way/573879905"},{"type":"Feature","geometry":{"type":"LineString","coordinates":[[106.737448,-6.159689],[106.737222,-6.159783],[106.737192,-6.159796],[106.736466,-6.160099],[106.736074,-6.160261],[106.735388,-6.160491],[106.734585,-6.160678],[106.733297,-6.16092],[106.731881,-6.161168],[106.731226,-6.161283],[106.727483,-6.161974],[106.726461,-6.162158],[106.724723,-6.162458]]},"properties":{"@id":"way/573879906","electrified":"contact_line","frequency":"0","gauge":"1067","maxspeed":"90","name":"Jalur Kereta Api Duri–Tangerang","railway":"rail","usage":"main","voltage":"1500","wikidata":"Q12487146","wikipedia":"en:Duri–Tangerang railway"},"id":"way/573879906"},{"type":"Feature","geometry":{"type":"LineString","coordinates":[[106.663567,-6.120678],[106.662289,-6.121336],[106.661041,-6.121977],[106.660857,-6.122078],[106.660631,-6.122211],[106.660433,-6.122339],[106.659692,-6.122835],[106.659468,-6.122979],[106.659287,-6.123089],[106.659059,-6.123216],[106.65887,-6.123314],[106.658634,-6.123424],[106.658365,-6.123539],[106.656269,-6.124376],[106.65611,-6.124437],[106.655974,-6.124477],[106.65584,-6.124496],[106.655704,-6.124496],[106.65559,-6.12448],[106.655451,-6.12444],[106.655346,-6.124389],[106.655248,-6.124329],[106.655146,-6.124239],[106.655066,-6.124152],[106.654984,-6.124034],[106.654918,-6.123897],[106.654735,-6.123457],[106.654671,-6.123341],[106.654592,-6.123232],[106.654495,-6.123136],[106.654367,-6.123041],[106.654239,-6.12298],[106.654105,-6.122939],[106.653971,-6.122919],[106.65381,-6.122919],[106.653713,-6.122932],[106.6536,-6.122961],[106.653393,-6.123043]]},"properties":{"@id":"way/576120458","alt_name":"Kereta Layang Bandar Udara","bridge":"yes","electrified":"rail","gauge":"1067","layer":"2","name":"Kalayang Bandar Udara","name:en":"Airport Skytrain","railway":"light_rail","wikidata":"Q55075145","wikipedia":"id:Kalayang Bandara Soekarno–Hatta"},"id":"way/576120458"},{"type":"Feature","geometry":{"type":"LineString","coordinates":[[106.65334,-6.122913],[106.653414,-6.122884],[106.653557,-6.122838],[106.653688,-6.122805],[106.653806,-6.122794],[106.653955,-6.122799],[106.654092,-6.122826],[106.654214,-6.122872],[106.654326,-6.122924],[106.654431,-6.122992],[106.654532,-6.123078],[106.65463,-6.123189],[106.654707,-6.123305],[106.654779,-6.12344],[106.654954,-6.123869],[106.65501,-6.123981],[106.65509,-6.124096],[106.655173,-6.124188],[106.655253,-6.124257],[106.655381,-6.124344],[106.655494,-6.124389],[106.655604,-6.124424],[106.655713,-6.12444],[106.655835,-6.124449],[106.655965,-6.12443],[106.656093,-6.124395],[106.65625,-6.12434],[106.658348,-6.1235],[106.658619,-6.123384],[106.65885,-6.123274],[106.659267,-6.123055],[106.659443,-6.122948],[106.659666,-6.122803],[106.661341,-6.121684],[106.661607,-6.121525],[106.66186,-6.121387],[106.66287,-6.120868]]},"properties":{"@id":"way/579096983","alt_name":"Kereta Layang Bandar Udara","bridge":"yes","electrified":"rail","gauge":"1067","layer":"2","name":"Kalayang Bandar Udara","name:en":"Airport Skytrain","railway":"light_rail","wikidata":"Q55075145","wikipedia":"id:Kalayang Bandara Soekarno–Hatta"},"id":"way/579096983"},{"type":"Feature","geometry":{"type":"LineString","coordinates":[[106.915098,-6.158903],[106.915187,-6.158903],[106.915527,-6.158908],[106.915689,-6.158909],[106.915755,-6.158905],[106.915811,-6.158895],[106.915857,-6.158877],[106.915897,-6.158854],[106.915939,-6.158824],[106.91597,-6.158796],[106.916001,-6.158758],[106.916027,-6.158715],[106.916046,-6.158665],[106.91606,-6.158608],[106.916067,-6.158561],[106.916067,-6.158509],[106.91594,-6.156507],[106.915909,-6.156046],[106.915888,-6.155671],[106.915879,-6.155615],[106.915865,-6.155562],[106.915841,-6.155514],[106.915806,-6.155469],[106.915769,-6.15543],[106.915716,-6.155391],[106.91567,-6.155364],[106.915621,-6.155346],[106.915568,-6.155336],[106.915511,-6.155333],[106.915425,-6.155332]]},"properties":{"@id":"way/605825294","bridge":"yes","gauge":"1435","layer":"3","railway":"light_rail","service":"depot"},"id":"way/605825294"},{"type":"Feature","geometry":{"type":"LineString","coordinates":[[106.921989,-6.258579],[106.937096,-6.257874],[106.940587,-6.257689],[106.943615,-6.257547],[106.946742,-6.257401],[106.953985,-6.257055],[106.955795,-6.25698],[106.956933,-6.2569],[106.957919,-6.256789],[106.9587,-6.256641],[106.959894,-6.25638],[106.960585,-6.256221],[106.961486,-6.255979],[106.962703,-6.255586],[106.963171,-6.255412],[106.963955,-6.255113],[106.96476,-6.254737],[106.965944,-6.254147],[106.966779,-6.253659],[106.967822,-6.253019],[106.970051,-6.251589],[106.970756,-6.251127],[106.971325,-6.25079],[106.972021,-6.250397],[106.972516,-6.250149],[106.973118,-6.249885],[106.973661,-6.249683],[106.974023,-6.249563],[106.974432,-6.249438],[106.974884,-6.249322],[106.975226,-6.249246],[106.975514,-6.249192],[106.975819,-6.249144],[106.976288,-6.249063],[106.976624,-6.249021],[106.976921,-6.248992],[106.97778,-6.248973],[106.978004,-6.248986],[106.978488,-6.249013],[106.978658,-6.249022],[106.978734,-6.249026],[106.978976,-6.249039],[106.979731,-6.249132],[106.980498,-6.249288],[106.981439,-6.24957],[106.984371,-6.250759],[106.984536,-6.250825],[106.985934,-6.25148],[106.986731,-6.251853],[106.986817,-6.251893],[106.9873,-6.252119],[106.989301,-6.253056]]},"properties":{"@id":"way/619145003","bridge":"yes","electrified":"contact_line","frequency":"50","gauge":"1435","highspeed":"yes","layer":"2","maxspeed":"200","name":"Jalur Kereta Cepat Jakarta–Bandung","name:en":"Jakarta-Bandung high-speed railway","name:id":"Kereta kecepatan tinggi Jakarta–Bandung","name:zh":"雅加達－萬隆高速鐵路","operator":"Kereta Cepat Indonesia China","railway":"rail","railway:ctcs":"3","railway:preferred_direction":"forward","usage":"main","voltage":"25000"},"id":"way/619145003"},{"type":"Feature","geometry":{"type":"LineString","coordinates":[[106.668271,-6.171716],[106.668785,-6.171667]]},"properties":{"@id":"way/619146833","electrified":"contact_line","gauge":"1067","maxspeed":"30","name":"Jalur Kereta Api Bandara Soekarno-Hatta","railway":"rail","service":"crossover","voltage":"1500","wikidata":"Q56392844","wikipedia":"id:Jalur kereta api Batu Ceper–Bandara Soekarno-Hatta"},"id":"way/619146833"},{"type":"Feature","geometry":{"type":"LineString","coordinates":[[106.798445,-6.161263],[106.797925,-6.161474]]},"properties":{"@id":"way/619146835","bridge":"yes","electrified":"contact_line","frequency":"0","gauge":"1067","layer":"1","maxspeed":"90","name":"Jalur Kereta Api Duri–Tangerang","railway":"rail","usage":"main","voltage":"1500","wikidata":"Q12487146","wikipedia":"en:Duri–Tangerang railway"},"id":"way/619146835"},{"type":"Feature","geometry":{"type":"LineString","coordinates":[[106.797925,-6.161474],[106.797687,-6.161562],[106.796441,-6.162032],[106.796103,-6.162138],[106.795686,-6.162205],[106.795147,-6.162263],[106.794365,-6.162257],[106.790581,-6.162109],[106.790517,-6.162107],[106.790191,-6.162098]]},"properties":{"@id":"way/619146836","electrified":"contact_line","frequency":"0","gauge":"1067","maxspeed":"90","name":"Jalur Kereta Api Duri–Tangerang","railway":"rail","usage":"main","voltage":"1500","wikidata":"Q12487146","wikipedia":"en:Duri–Tangerang railway"},"id":"way/619146836"},{"type":"Feature","geometry":{"type":"LineString","coordinates":[[106.790191,-6.162098],[106.789953,-6.162091]]},"properties":{"@id":"way/619146837","bridge":"yes","electrified":"contact_line","frequency":"0","gauge":"1067","layer":"1","maxspeed":"90","name":"Jalur Kereta Api Duri–Tangerang","railway":"rail","usage":"main","voltage":"1500","wikidata":"Q12487146","wikipedia":"en:Duri–Tangerang railway"},"id":"way/619146837"},{"type":"Feature","geometry":{"type":"LineString","coordinates":[[106.787268,-6.161998],[106.786339,-6.161955],[106.784639,-6.16189],[106.781564,-6.161776],[106.776613,-6.161596],[106.776055,-6.161578],[106.773797,-6.161493]]},"properties":{"@id":"way/619146838","electrified":"contact_line","frequency":"0","gauge":"1067","maxspeed":"90","name":"Jalur Kereta Api Duri–Tangerang","railway":"rail","usage":"main","voltage":"1500","wikidata":"Q12487146","wikipedia":"en:Duri–Tangerang railway"},"id":"way/619146838"},{"type":"Feature","geometry":{"type":"LineString","coordinates":[[106.76685,-6.16053],[106.766801,-6.160523]]},"properties":{"@id":"way/619146839","electrified":"contact_line","frequency":"0","gauge":"1067","maxspeed":"90","name":"Jalur Kereta Api Duri–Tangerang","railway":"rail","usage":"main","voltage":"1500","wikidata":"Q12487146","wikipedia":"en:Duri–Tangerang railway"},"id":"way/619146839"},{"type":"Feature","geometry":{"type":"LineString","coordinates":[[106.756723,-6.158633],[106.755825,-6.158447],[106.754563,-6.158184],[106.753712,-6.157988],[106.753543,-6.157962],[106.752909,-6.157916],[106.752533,-6.157899],[106.752107,-6.157897],[106.748665,-6.158116],[106.748007,-6.158176],[106.747958,-6.158182]]},"properties":{"@id":"way/619146840","addr:city":"DKI Jakarta","electrified":"contact_line","frequency":"0","gauge":"1067","maxspeed":"90","name":"Jalur Kereta Api Duri–Tangerang","railway":"rail","source":"HOT_InAWARESurvey_2017","usage":"main","voltage":"1500","wikidata":"Q12487146","wikipedia":"en:Duri–Tangerang railway"},"id":"way/619146840"},{"type":"Feature","geometry":{"type":"LineString","coordinates":[[106.747958,-6.158182],[106.747488,-6.158232]]},"properties":{"@id":"way/619146841","bridge":"yes","electrified":"contact_line","frequency":"0","gauge":"1067","layer":"1","maxspeed":"90","name":"Jalur Kereta Api Duri–Tangerang","railway":"rail","usage":"main","voltage":"1500","wikidata":"Q12487146","wikipedia":"en:Duri–Tangerang railway"},"id":"way/619146841"},{"type":"Feature","geometry":{"type":"LineString","coordinates":[[106.747488,-6.158232],[106.747445,-6.158236],[106.745663,-6.158431],[106.743168,-6.158649],[106.740789,-6.158821],[106.739916,-6.158896],[106.739138,-6.159041],[106.738498,-6.159222],[106.737556,-6.159608]]},"properties":{"@id":"way/619146842","electrified":"contact_line","frequency":"0","gauge":"1067","maxspeed":"90","name":"Jalur Kereta Api Duri–Tangerang","railway":"rail","usage":"main","voltage":"1500","wikidata":"Q12487146","wikipedia":"en:Duri–Tangerang railway"},"id":"way/619146842"},{"type":"Feature","geometry":{"type":"LineString","coordinates":[[106.737556,-6.159608],[106.737434,-6.159655]]},"properties":{"@id":"way/619146843","bridge":"yes","electrified":"contact_line","frequency":"0","gauge":"1067","layer":"1","maxspeed":"90","name":"Jalur Kereta Api Duri–Tangerang","railway":"rail","usage":"main","voltage":"1500","wikidata":"Q12487146","wikipedia":"en:Duri–Tangerang railway"},"id":"way/619146843"},{"type":"Feature","geometry":{"type":"LineString","coordinates":[[106.737434,-6.159655],[106.737207,-6.15975],[106.736771,-6.159932],[106.736451,-6.160065],[106.736062,-6.160227],[106.735378,-6.160456],[106.73503,-6.160537],[106.734578,-6.160643],[106.733313,-6.160886],[106.731832,-6.16114],[106.731237,-6.161252],[106.727471,-6.161939],[106.726448,-6.162115],[106.725237,-6.16232]]},"properties":{"@id":"way/619146844","electrified":"contact_line","frequency":"0","gauge":"1067","maxspeed":"90","name":"Jalur Kereta Api Duri–Tangerang","railway":"rail","usage":"main","voltage":"1500","wikidata":"Q12487146","wikipedia":"en:Duri–Tangerang railway"},"id":"way/619146844"},{"type":"Feature","geometry":{"type":"LineString","coordinates":[[106.720875,-6.163074],[106.720651,-6.16311]]},"properties":{"@id":"way/619146845","bridge":"yes","electrified":"contact_line","frequency":"0","gauge":"1067","maxspeed":"90","name":"Jalur Kereta Api Duri–Tangerang","railway":"rail","railway:track_ref":"2","usage":"main","voltage":"1500","wikidata":"Q12487146","wikipedia":"en:Duri–Tangerang railway"},"id":"way/619146845"},{"type":"Feature","geometry":{"type":"LineString","coordinates":[[106.71955,-6.163275],[106.714328,-6.164178],[106.710965,-6.164736],[106.704702,-6.16579],[106.702511,-6.166151],[106.699174,-6.1667],[106.695869,-6.167244],[106.692917,-6.16772],[106.685683,-6.168913],[106.680274,-6.16979],[106.679731,-6.169872],[106.67967,-6.169884],[106.676873,-6.17033],[106.671212,-6.171242],[106.669258,-6.171553]]},"properties":{"@id":"way/619146846","electrified":"contact_line","frequency":"0","gauge":"1067","maxspeed":"90","name":"Jalur Kereta Api Duri–Tangerang","railway":"rail","usage":"main","voltage":"1500","wikidata":"Q12487146","wikipedia":"en:Duri–Tangerang railway"},"id":"way/619146846"},{"type":"Feature","geometry":{"type":"LineString","coordinates":[[106.83135,-6.131857],[106.832798,-6.131183],[106.834263,-6.130398],[106.835103,-6.130041],[106.835814,-6.129827],[106.836059,-6.129754],[106.838823,-6.129273],[106.838941,-6.129256],[106.842805,-6.128555],[106.843924,-6.12835],[106.844308,-6.128258],[106.844624,-6.128187]]},"properties":{"@id":"way/628115598","electrified":"contact_line","frequency":"0","gauge":"1067","maxspeed":"40","name":"Jalur Kereta Api Jakarta Kota–Tanjung Priuk","railway":"rail","usage":"main","voltage":"1500","wikidata":"Q19726698","wikipedia":"id:Jalur kereta api lintas Jakarta"},"id":"way/628115598"},{"type":"Feature","geometry":{"type":"LineString","coordinates":[[106.830723,-6.13211],[106.83135,-6.131857]]},"properties":{"@id":"way/628115603","bridge":"yes","electrified":"contact_line","frequency":"0","gauge":"1067","layer":"1","maxspeed":"40","name":"Jalur Kereta Api Jakarta Kota–Tanjung Priuk","railway":"rail","usage":"main","voltage":"1500","wikidata":"Q19726698","wikipedia":"id:Jalur kereta api lintas Jakarta"},"id":"way/628115603"},{"type":"Feature","geometry":{"type":"LineString","coordinates":[[106.828884,-6.13284],[106.829213,-6.132704]]},"properties":{"@id":"way/628115607","bridge":"yes","electrified":"contact_line","frequency":"0","gauge":"1067","layer":"1","maxspeed":"40","name":"Jalur Kereta Api Jakarta Kota–Tanjung Priuk","railway":"rail","usage":"main","voltage":"1500","wikidata":"Q19726698","wikipedia":"id:Jalur kereta api lintas Jakarta"},"id":"way/628115607"},{"type":"Feature","geometry":{"type":"LineString","coordinates":[[106.829213,-6.132704],[106.830723,-6.13211]]},"properties":{"@id":"way/628115611","electrified":"contact_line","frequency":"0","gauge":"1067","maxspeed":"40","name":"Jalur Kereta Api Jakarta Kota–Tanjung Priuk","railway":"rail","usage":"main","voltage":"1500","wikidata":"Q19726698","wikipedia":"id:Jalur kereta api lintas Jakarta"},"id":"way/628115611"},{"type":"Feature","geometry":{"type":"LineString","coordinates":[[106.818063,-6.136655],[106.818392,-6.136573],[106.818445,-6.136564],[106.818771,-6.136482],[106.818817,-6.136471],[106.819791,-6.136224],[106.820105,-6.136137],[106.820465,-6.136006],[106.82073,-6.135875],[106.821044,-6.135691],[106.821482,-6.135395],[106.822264,-6.134906],[106.822531,-6.134766],[106.822763,-6.134669],[106.823095,-6.134547],[106.825637,-6.133826],[106.826967,-6.133453],[106.82778,-6.133217]]},"properties":{"@id":"way/628115614","electrified":"contact_line","frequency":"0","gauge":"1067","maxspeed":"40","name":"Jalur Kereta Api Jakarta Kota–Tanjung Priuk","railway":"rail","usage":"main","voltage":"1500","wikidata":"Q19726698","wikipedia":"id:Jalur kereta api lintas Jakarta"},"id":"way/628115614"},{"type":"Feature","geometry":{"type":"LineString","coordinates":[[106.904849,-6.161222],[106.905075,-6.160856],[106.90559,-6.159962],[106.905807,-6.15962],[106.907789,-6.156511],[106.907794,-6.1565],[106.908603,-6.155239],[106.908845,-6.15486],[106.908929,-6.154746],[106.909003,-6.154678],[106.909081,-6.15462],[106.909171,-6.154577],[106.909263,-6.154554],[106.909292,-6.154547],[106.909412,-6.154537],[106.909694,-6.154573],[106.910355,-6.154669],[106.910857,-6.154717],[106.912189,-6.154806],[106.913759,-6.154886],[106.913834,-6.154897],[106.913897,-6.154912],[106.913956,-6.154933],[106.914025,-6.154971],[106.914074,-6.15501],[106.914119,-6.155044],[106.914172,-6.155096],[106.914221,-6.155162],[106.914255,-6.155228],[106.91428,-6.155296],[106.914297,-6.155378],[106.914305,-6.155466],[106.914307,-6.155562],[106.914301,-6.155913]]},"properties":{"@id":"way/648699379","bridge":"yes","electrified":"rail","frequency":"0","gauge":"1435","layer":"2","maxspeed":"90","name":"LRT Jakarta Kalapa Gading - Velodrome Line","railway":"light_rail","voltage":"750","wikidata":"Q56810702","wikipedia":"id:LRT Jakarta"},"id":"way/648699379"},{"type":"Feature","geometry":{"type":"LineString","coordinates":[[106.98932,-6.253016],[106.984555,-6.250785],[106.981449,-6.249526],[106.980508,-6.249243],[106.979745,-6.249089],[106.978982,-6.248995],[106.977785,-6.248929],[106.976918,-6.248947],[106.976613,-6.248977],[106.976287,-6.249018],[106.975808,-6.2491],[106.975512,-6.249154],[106.975215,-6.249208],[106.974873,-6.249288],[106.974417,-6.249402],[106.974014,-6.249525],[106.973643,-6.249647],[106.973107,-6.249852],[106.972506,-6.250113],[106.971994,-6.250364],[106.971307,-6.250754],[106.970772,-6.251082],[106.970036,-6.251555],[106.967793,-6.252996],[106.96678,-6.25362],[106.965931,-6.254115],[106.964744,-6.254704],[106.963937,-6.255075],[106.963171,-6.255367],[106.962703,-6.25554],[106.961477,-6.25594],[106.96058,-6.256192],[106.959891,-6.256352],[106.958696,-6.256594],[106.957889,-6.25675],[106.956933,-6.256854],[106.955784,-6.256935],[106.953993,-6.257016],[106.946739,-6.25736],[106.943612,-6.257514],[106.940584,-6.257653],[106.937093,-6.257828],[106.921987,-6.258534]]},"properties":{"@id":"way/655290539","bridge":"yes","electrified":"contact_line","frequency":"50","gauge":"1435","highspeed":"yes","layer":"2","maxspeed":"200","name":"Jalur Kereta Cepat Jakarta–Bandung","name:en":"Jakarta-Bandung high-speed railway","name:id":"Kereta kecepatan tinggi Jakarta–Bandung","name:zh":"雅加達－萬隆高速鐵路","operator":"Kereta Cepat Indonesia China","railway":"rail","railway:ctcs":"3","railway:preferred_direction":"forward","usage":"main","voltage":"25000"},"id":"way/655290539"},{"type":"Feature","geometry":{"type":"LineString","coordinates":[[106.797975,-6.246587],[106.798073,-6.245723]]},"properties":{"@id":"way/661828343","bridge":"yes","electrified":"contact_line","frequency":"0","gauge":"1067","layer":"3","maxspeed":"40","name":"MRT Jakarta Jalur Utara-Selatan","name:en":"Jakarta MRT North-South Line","network":"MRT Jakarta","operator":"PT MRT Jakarta (Perseroda)","railway":"subway","start_date":"2019-03-24","tracks":"1","voltage":"1500"},"id":"way/661828343"},{"type":"Feature","geometry":{"type":"LineString","coordinates":[[106.79813,-6.243448],[106.798131,-6.243223],[106.798147,-6.243045],[106.798209,-6.242682]]},"properties":{"@id":"way/661828344","bridge":"yes","electrified":"contact_line","frequency":"0","gauge":"1067","layer":"3","line":"North-South","maxspeed":"40","name":"MRT Jakarta Jalur Utara-Selatan","name:en":"Jakarta MRT North-South Line","network":"MRT Jakarta","operator":"PT MRT Jakarta (Perseroda)","railway":"subway","start_date":"2019-03-24","tracks":"1","voltage":"1500"},"id":"way/661828344"},{"type":"Feature","geometry":{"type":"LineString","coordinates":[[106.798851,-6.230428],[106.799015,-6.23004],[106.799172,-6.229753],[106.799413,-6.229387],[106.799586,-6.229141],[106.799745,-6.228952],[106.799963,-6.228747],[106.800699,-6.228125]]},"properties":{"@id":"way/661828346","electrified":"contact_line","frequency":"0","gauge":"1067","layer":"-1","line":"North-South","maxspeed":"90","name":"MRT Jakarta Jalur Utara-Selatan","name:en":"Jakarta MRT North-South Line","network":"MRT Jakarta","operator":"PT MRT Jakarta (Perseroda)","railway":"subway","start_date":"2019-03-24","tracks":"1","tunnel":"yes","usage":"main","voltage":"1500","wikidata":"Q3333785","wikipedia":"id:MRT Jakarta"},"id":"way/661828346"},{"type":"Feature","geometry":{"type":"LineString","coordinates":[[106.76783,-6.254237],[106.768208,-6.254086],[106.768489,-6.253946],[106.768783,-6.253764],[106.769019,-6.253589],[106.769216,-6.253423],[106.770713,-6.252242],[106.771658,-6.251461],[106.771963,-6.251198],[106.772326,-6.250878],[106.772577,-6.250632],[106.772991,-6.250219],[106.773735,-6.249426],[106.773869,-6.249281],[106.774102,-6.249026],[106.777678,-6.244724],[106.779157,-6.242982],[106.779926,-6.242063],[106.780451,-6.241445],[106.78076,-6.241058],[106.780804,-6.241003],[106.780916,-6.24086],[106.78102,-6.240718],[106.781165,-6.240505],[106.781236,-6.240399],[106.78131,-6.240279],[106.781468,-6.240013],[106.781561,-6.239851],[106.781706,-6.239531],[106.781872,-6.239151],[106.782037,-6.23867]]},"properties":{"@id":"way/669891565","electrified":"contact_line","frequency":"0","gauge":"1067","maxspeed":"70","name":"Jalur Kereta Api Tanah Abang–Merak","railway":"rail","usage":"main","voltage":"1500","wikidata":"Q18916627","wikipedia":"id:Jalur kereta api Merak–Tanah Abang"},"id":"way/669891565"},{"type":"Feature","geometry":{"type":"LineString","coordinates":[[106.782688,-6.236762],[106.782323,-6.237825]]},"properties":{"@id":"way/669891566","electrified":"contact_line","frequency":"0","gauge":"1067","maxspeed":"70","name":"Jalur Kereta Api Tanah Abang–Merak","railway":"rail","railway:track_ref":"2","tunnel":"building_passage","usage":"main","voltage":"1500","wikidata":"Q18916627","wikipedia":"id:Jalur kereta api Merak–Tanah Abang"},"id":"way/669891566"},{"type":"Feature","geometry":{"type":"LineString","coordinates":[[106.780108,-6.241791],[106.779907,-6.242024],[106.77977,-6.242189],[106.779477,-6.242544],[106.779193,-6.242862],[106.778838,-6.243284],[106.778537,-6.243655],[106.778146,-6.244116],[106.777813,-6.24451],[106.77756,-6.244813],[106.77723,-6.245203],[106.776895,-6.245603],[106.776016,-6.246646],[106.774966,-6.247884],[106.774261,-6.248728],[106.77406,-6.248953],[106.773895,-6.249164],[106.773484,-6.249629],[106.773177,-6.249957],[106.773031,-6.250125],[106.772799,-6.25036],[106.77244,-6.250708],[106.772139,-6.250988],[106.771931,-6.251176],[106.771485,-6.251565],[106.770676,-6.25223],[106.770302,-6.252509],[106.769792,-6.25291],[106.769609,-6.25306],[106.769233,-6.253355],[106.769049,-6.253502],[106.768811,-6.253677],[106.768571,-6.253829],[106.768377,-6.253934],[106.768159,-6.254036],[106.767783,-6.254182]]},"properties":{"@id":"way/669891567","electrified":"contact_line","frequency":"0","gauge":"1067","maxspeed":"70","name":"Jalur Kereta Api Tanah Abang–Merak","railway":"rail","usage":"main","voltage":"1500","wikidata":"Q18916627","wikipedia":"id:Jalur kereta api Merak–Tanah Abang"},"id":"way/669891567"},{"type":"Feature","geometry":{"type":"LineString","coordinates":[[106.782659,-6.23675],[106.782289,-6.237809]]},"properties":{"@id":"way/669891568","electrified":"contact_line","frequency":"0","gauge":"1067","maxspeed":"70","name":"Jalur Kereta Api Tanah Abang–Merak","railway":"rail","railway:track_ref":"1","tunnel":"building_passage","usage":"main","voltage":"1500","wikidata":"Q18916627","wikipedia":"id:Jalur kereta api Merak–Tanah Abang"},"id":"way/669891568"},{"type":"Feature","geometry":{"type":"LineString","coordinates":[[106.653806,-6.129332],[106.653763,-6.129251],[106.653732,-6.129194],[106.653646,-6.129064],[106.653599,-6.128989],[106.653546,-6.128879]]},"properties":{"@id":"way/730041399","alt_name":"Kereta Layang Bandar Udara","bridge":"yes","electrified":"rail","gauge":"1067","layer":"2","name":"Kalayang Bandar Udara","name:en":"Airport Skytrain","railway":"light_rail","service":"crossover","wikidata":"Q55075145","wikipedia":"id:Kalayang Bandara Soekarno–Hatta"},"id":"way/730041399"},{"type":"Feature","geometry":{"type":"LineString","coordinates":[[106.653971,-6.129957],[106.653931,-6.129831],[106.653909,-6.129732],[106.653881,-6.129587],[106.653857,-6.12949],[106.653832,-6.1294]]},"properties":{"@id":"way/730041400","alt_name":"Kereta Layang Bandar Udara","bridge":"yes","electrified":"rail","gauge":"1067","layer":"2","name":"Kalayang Bandar Udara","name:en":"Airport Skytrain","railway":"light_rail","service":"crossover","wikidata":"Q55075145","wikipedia":"id:Kalayang Bandara Soekarno–Hatta"},"id":"way/730041400"},{"type":"Feature","geometry":{"type":"LineString","coordinates":[[106.662758,-6.17259],[106.660598,-6.172725],[106.660047,-6.172778]]},"properties":{"@id":"way/730041401","electrified":"contact_line","frequency":"0","gauge":"1067","maxspeed":"30","name":"Jalur KA Bandara Soekarno-Hatta","railway":"rail","service":"crossover","source":"digitalglobe","voltage":"1500"},"id":"way/730041401"},{"type":"Feature","geometry":{"type":"LineString","coordinates":[[106.660214,-6.148883],[106.66012,-6.148332]]},"properties":{"@id":"way/730044566","bridge":"yes","electrified":"contact_line","frequency":"0","gauge":"1067","layer":"1","maxspeed":"90","name":"Jalur Kereta Api Bandara Soekarno-Hatta","oneway":"yes","railway":"rail","source":"digitalglobe","usage":"branch","voltage":"1500","wikidata":"Q56392844","wikipedia":"id:Jalur kereta api Batu Ceper–Bandara Soekarno-Hatta"},"id":"way/730044566"},{"type":"Feature","geometry":{"type":"LineString","coordinates":[[106.660071,-6.148335],[106.660168,-6.148899]]},"properties":{"@id":"way/730044567","bridge":"yes","electrified":"contact_line","frequency":"0","gauge":"1067","layer":"1","maxspeed":"90","name":"Jalur Kereta Api Bandara Soekarno-Hatta","oneway":"yes","railway":"rail","source":"digitalglobe","usage":"branch","voltage":"1500","wikidata":"Q56392844","wikipedia":"id:Jalur kereta api Batu Ceper–Bandara Soekarno-Hatta"},"id":"way/730044567"},{"type":"Feature","geometry":{"type":"LineString","coordinates":[[106.660278,-6.154603],[106.660216,-6.153937],[106.66014,-6.153013],[106.660125,-6.152547],[106.660154,-6.151745],[106.66025,-6.150097],[106.660263,-6.149537],[106.660248,-6.149233],[106.660214,-6.148883]]},"properties":{"@id":"way/730044568","electrified":"contact_line","embankment":"yes","frequency":"0","gauge":"1067","maxspeed":"90","name":"Jalur Kereta Api Bandara Soekarno-Hatta","oneway":"yes","railway":"rail","source":"digitalglobe","usage":"branch","voltage":"1500","wikidata":"Q56392844","wikipedia":"id:Jalur kereta api Batu Ceper–Bandara Soekarno-Hatta"},"id":"way/730044568"},{"type":"Feature","geometry":{"type":"LineString","coordinates":[[106.660168,-6.148899],[106.660191,-6.14926],[106.66021,-6.149546],[106.660195,-6.150103],[106.660098,-6.151738],[106.660064,-6.152551],[106.660085,-6.153014],[106.660231,-6.154589]]},"properties":{"@id":"way/730044569","electrified":"contact_line","embankment":"yes","frequency":"0","gauge":"1067","maxspeed":"90","name":"Jalur Kereta Api Bandara Soekarno-Hatta","oneway":"yes","railway":"rail","source":"digitalglobe","usage":"branch","voltage":"1500","wikidata":"Q56392844","wikipedia":"id:Jalur kereta api Batu Ceper–Bandara Soekarno-Hatta"},"id":"way/730044569"},{"type":"Feature","geometry":{"type":"LineString","coordinates":[[106.660231,-6.154589],[106.660265,-6.154949]]},"properties":{"@id":"way/730044570","bridge":"yes","electrified":"contact_line","frequency":"0","gauge":"1067","layer":"1","maxspeed":"60","name":"Jalur Kereta Api Bandara Soekarno-Hatta","oneway":"yes","railway":"rail","source":"digitalglobe","usage":"branch","voltage":"1500","wikidata":"Q56392844","wikipedia":"id:Jalur kereta api Batu Ceper–Bandara Soekarno-Hatta"},"id":"way/730044570"},{"type":"Feature","geometry":{"type":"LineString","coordinates":[[106.66031,-6.154942],[106.660278,-6.154603]]},"properties":{"@id":"way/730044571","bridge":"yes","electrified":"contact_line","frequency":"0","gauge":"1067","layer":"1","maxspeed":"60","name":"Jalur Kereta Api Bandara Soekarno-Hatta","oneway":"yes","railway":"rail","source":"digitalglobe","usage":"branch","voltage":"1500","wikidata":"Q56392844","wikipedia":"id:Jalur kereta api Batu Ceper–Bandara Soekarno-Hatta"},"id":"way/730044571"},{"type":"Feature","geometry":{"type":"LineString","coordinates":[[106.658599,-6.160114],[106.65962,-6.159154],[106.659894,-6.158831],[106.660172,-6.1584],[106.660319,-6.158112],[106.660405,-6.157876],[106.660461,-6.157627],[106.660496,-6.157297],[106.660498,-6.15695],[106.66031,-6.154942]]},"properties":{"@id":"way/730044572","electrified":"contact_line","embankment":"yes","frequency":"0","gauge":"1067","maxspeed":"60","name":"Jalur Kereta Api Bandara Soekarno-Hatta","oneway":"yes","railway":"rail","source":"digitalglobe","usage":"branch","voltage":"1500","wikidata":"Q56392844","wikipedia":"id:Jalur kereta api Batu Ceper–Bandara Soekarno-Hatta"},"id":"way/730044572"},{"type":"Feature","geometry":{"type":"LineString","coordinates":[[106.660265,-6.154949],[106.66045,-6.156946],[106.660443,-6.157306],[106.660403,-6.157627],[106.660362,-6.157858],[106.660271,-6.158088],[106.660126,-6.15838],[106.65986,-6.158801],[106.659599,-6.159107],[106.658584,-6.160066]]},"properties":{"@id":"way/730044573","electrified":"contact_line","embankment":"yes","frequency":"0","gauge":"1067","maxspeed":"60","name":"Jalur Kereta Api Bandara Soekarno-Hatta","oneway":"yes","railway":"rail","source":"digitalglobe","usage":"branch","voltage":"1500","wikidata":"Q56392844","wikipedia":"id:Jalur kereta api Batu Ceper–Bandara Soekarno-Hatta"},"id":"way/730044573"},{"type":"Feature","geometry":{"type":"LineString","coordinates":[[106.65702,-6.161623],[106.657418,-6.161243]]},"properties":{"@id":"way/730044574","bridge":"yes","electrified":"contact_line","frequency":"0","gauge":"1067","layer":"1","maxspeed":"90","name":"Jalur Kereta Api Bandara Soekarno-Hatta","oneway":"yes","railway":"rail","source":"digitalglobe","usage":"branch","voltage":"1500","wikidata":"Q56392844","wikipedia":"id:Jalur kereta api Batu Ceper–Bandara Soekarno-Hatta"},"id":"way/730044574"},{"type":"Feature","geometry":{"type":"LineString","coordinates":[[106.657391,-6.161207],[106.65698,-6.161605]]},"properties":{"@id":"way/730044575","bridge":"yes","electrified":"contact_line","frequency":"0","gauge":"1067","layer":"1","maxspeed":"90","name":"Jalur Kereta Api Bandara Soekarno-Hatta","oneway":"yes","railway":"rail","source":"digitalglobe","usage":"branch","voltage":"1500","wikidata":"Q56392844","wikipedia":"id:Jalur kereta api Batu Ceper–Bandara Soekarno-Hatta"},"id":"way/730044575"},{"type":"Feature","geometry":{"type":"LineString","coordinates":[[106.655089,-6.163413],[106.655205,-6.163301],[106.65702,-6.161623]]},"properties":{"@id":"way/730044576","electrified":"contact_line","embankment":"yes","frequency":"0","gauge":"1067","maxspeed":"90","name":"Jalur Kereta Api Bandara Soekarno-Hatta","oneway":"yes","railway":"rail","source":"digitalglobe","usage":"branch","voltage":"1500","wikidata":"Q56392844","wikipedia":"id:Jalur kereta api Batu Ceper–Bandara Soekarno-Hatta"},"id":"way/730044576"},{"type":"Feature","geometry":{"type":"LineString","coordinates":[[106.65698,-6.161605],[106.65508,-6.163367]]},"properties":{"@id":"way/730044577","electrified":"contact_line","embankment":"yes","frequency":"0","gauge":"1067","maxspeed":"90","name":"Jalur Kereta Api Bandara Soekarno-Hatta","oneway":"yes","railway":"rail","source":"digitalglobe","usage":"branch","voltage":"1500","wikidata":"Q56392844","wikipedia":"id:Jalur kereta api Batu Ceper–Bandara Soekarno-Hatta"},"id":"way/730044577"},{"type":"Feature","geometry":{"type":"LineString","coordinates":[[106.654955,-6.163541],[106.655089,-6.163413]]},"properties":{"@id":"way/730044578","bridge":"yes","electrified":"contact_line","frequency":"0","gauge":"1067","layer":"1","maxspeed":"90","name":"Jalur Kereta Api Bandara Soekarno-Hatta","oneway":"yes","railway":"rail","source":"digitalglobe","usage":"branch","voltage":"1500","wikidata":"Q56392844","wikipedia":"id:Jalur kereta api Batu Ceper–Bandara Soekarno-Hatta"},"id":"way/730044578"},{"type":"Feature","geometry":{"type":"LineString","coordinates":[[106.65508,-6.163367],[106.654948,-6.163494]]},"properties":{"@id":"way/730044579","bridge":"yes","electrified":"contact_line","frequency":"0","gauge":"1067","layer":"1","maxspeed":"90","name":"Jalur Kereta Api Bandara Soekarno-Hatta","oneway":"yes","railway":"rail","source":"digitalglobe","usage":"branch","voltage":"1500","wikidata":"Q56392844","wikipedia":"id:Jalur kereta api Batu Ceper–Bandara Soekarno-Hatta"},"id":"way/730044579"},{"type":"Feature","geometry":{"type":"LineString","coordinates":[[106.654238,-6.16423],[106.654955,-6.163541]]},"properties":{"@id":"way/730044580","electrified":"contact_line","embankment":"yes","frequency":"0","gauge":"1067","maxspeed":"90","name":"Jalur Kereta Api Bandara Soekarno-Hatta","oneway":"yes","railway":"rail","source":"digitalglobe","usage":"branch","voltage":"1500","wikidata":"Q56392844","wikipedia":"id:Jalur kereta api Batu Ceper–Bandara Soekarno-Hatta"},"id":"way/730044580"},{"type":"Feature","geometry":{"type":"LineString","coordinates":[[106.654948,-6.163494],[106.654165,-6.164245]]},"properties":{"@id":"way/730044581","electrified":"contact_line","embankment":"yes","frequency":"0","gauge":"1067","maxspeed":"90","name":"Jalur Kereta Api Bandara Soekarno-Hatta","oneway":"yes","railway":"rail","source":"digitalglobe","usage":"branch","voltage":"1500","wikidata":"Q56392844","wikipedia":"id:Jalur kereta api Batu Ceper–Bandara Soekarno-Hatta"},"id":"way/730044581"},{"type":"Feature","geometry":{"type":"LineString","coordinates":[[106.654165,-6.164245],[106.65272,-6.165578]]},"properties":{"@id":"way/730044582","bridge":"yes","electrified":"contact_line","frequency":"0","gauge":"1067","layer":"1","maxspeed":"90","name":"Jalur Kereta Api Bandara Soekarno-Hatta","oneway":"yes","railway":"rail","source":"digitalglobe","usage":"branch","voltage":"1500","wikidata":"Q56392844","wikipedia":"id:Jalur kereta api Batu Ceper–Bandara Soekarno-Hatta"},"id":"way/730044582"},{"type":"Feature","geometry":{"type":"LineString","coordinates":[[106.652799,-6.165579],[106.654238,-6.16423]]},"properties":{"@id":"way/730044583","bridge":"yes","electrified":"contact_line","frequency":"0","gauge":"1067","layer":"1","maxspeed":"90","name":"Jalur Kereta Api Bandara Soekarno-Hatta","oneway":"yes","railway":"rail","source":"digitalglobe","usage":"branch","voltage":"1500","wikidata":"Q56392844","wikipedia":"id:Jalur kereta api Batu Ceper–Bandara Soekarno-Hatta"},"id":"way/730044583"},{"type":"Feature","geometry":{"type":"LineString","coordinates":[[106.65272,-6.165578],[106.65257,-6.16571],[106.652184,-6.166056],[106.651811,-6.16638],[106.651667,-6.166505],[106.651458,-6.166698],[106.651139,-6.166996],[106.650775,-6.167349],[106.650655,-6.167466],[106.650513,-6.167612],[106.650431,-6.167698],[106.650262,-6.167878],[106.650113,-6.168038],[106.649956,-6.168208],[106.649808,-6.168393],[106.649631,-6.168638],[106.649515,-6.168846],[106.649327,-6.169242],[106.649257,-6.169425],[106.649186,-6.169664],[106.649135,-6.169862],[106.649104,-6.170073],[106.649083,-6.170358],[106.649084,-6.170712],[106.649106,-6.171081],[106.649203,-6.171507],[106.649285,-6.171811],[106.64939,-6.17206],[106.649554,-6.172352],[106.649841,-6.172735],[106.650352,-6.173278],[106.650491,-6.17339],[106.650735,-6.173552],[106.650995,-6.173709]]},"properties":{"@id":"way/730044584","electrified":"contact_line","embankment":"yes","frequency":"0","gauge":"1067","maxspeed":"90","name":"Jalur Kereta Api Bandara Soekarno-Hatta","oneway":"yes","railway":"rail","source":"digitalglobe","usage":"branch","voltage":"1500","wikidata":"Q56392844","wikipedia":"id:Jalur kereta api Batu Ceper–Bandara Soekarno-Hatta"},"id":"way/730044584"},{"type":"Feature","geometry":{"type":"LineString","coordinates":[[106.651015,-6.173674],[106.650771,-6.173535],[106.650569,-6.1734],[106.650429,-6.173293],[106.650369,-6.173235],[106.650255,-6.173121],[106.650053,-6.172914],[106.649876,-6.17273],[106.649823,-6.172672],[106.649582,-6.172324],[106.649416,-6.172032],[106.649332,-6.171822],[106.649304,-6.171756],[106.649247,-6.171569],[106.649163,-6.171169],[106.649146,-6.171036],[106.649126,-6.17072],[106.649122,-6.170525],[106.64915,-6.170088],[106.649194,-6.169824],[106.649269,-6.169541],[106.649334,-6.169328],[106.649438,-6.169101],[106.649617,-6.168781],[106.649748,-6.16857],[106.650007,-6.168234],[106.650279,-6.167944],[106.650429,-6.167793],[106.650608,-6.167604],[106.650897,-6.167324],[106.651211,-6.167016],[106.651634,-6.166617],[106.651838,-6.166433],[106.652086,-6.16622],[106.652517,-6.165834],[106.652799,-6.165579]]},"properties":{"@id":"way/730044585","electrified":"contact_line","embankment":"yes","frequency":"0","gauge":"1067","maxspeed":"90","name":"Jalur Kereta Api Bandara Soekarno-Hatta","oneway":"yes","railway":"rail","source":"digitalglobe","usage":"branch","voltage":"1500","wikidata":"Q56392844","wikipedia":"id:Jalur kereta api Batu Ceper–Bandara Soekarno-Hatta"},"id":"way/730044585"},{"type":"Feature","geometry":{"type":"LineString","coordinates":[[106.662898,-6.120853],[106.662997,-6.120815],[106.663077,-6.120791],[106.663156,-6.120774],[106.663323,-6.120748],[106.663401,-6.120735],[106.663473,-6.120715],[106.663567,-6.120678]]},"properties":{"@id":"way/730416118","alt_name":"Kereta Layang Bandar Udara","bridge":"yes","electrified":"rail","gauge":"1067","layer":"2","name":"Kalayang Bandar Udara","name:en":"Airport Skytrain","railway":"light_rail","service":"crossover","wikidata":"Q55075145","wikipedia":"id:Kalayang Bandara Soekarno–Hatta"},"id":"way/730416118"},{"type":"Feature","geometry":{"type":"LineString","coordinates":[[106.66287,-6.120868],[106.66276,-6.12094],[106.662702,-6.120985],[106.662637,-6.121044],[106.662513,-6.121172],[106.662459,-6.121224],[106.662389,-6.121273],[106.662289,-6.121336]]},"properties":{"@id":"way/730416119","alt_name":"Kereta Layang Bandar Udara","bridge":"yes","electrified":"rail","gauge":"1067","layer":"2","name":"Kalayang Bandar Udara","name:en":"Airport Skytrain","railway":"light_rail","service":"crossover"},"id":"way/730416119"},{"type":"Feature","geometry":{"type":"LineString","coordinates":[[106.914427,-6.155912],[106.914396,-6.158437]]},"properties":{"@id":"way/736937333","covered":"yes","gauge":"1435","layer":"3","railway":"light_rail","service":"depot"},"id":"way/736937333"},{"type":"Feature","geometry":{"type":"LineString","coordinates":[[106.914464,-6.155912],[106.914435,-6.158437]]},"properties":{"@id":"way/736937334","covered":"yes","gauge":"1435","layer":"3","railway":"light_rail","service":"depot"},"id":"way/736937334"},{"type":"Feature","geometry":{"type":"LineString","coordinates":[[106.914501,-6.155912],[106.914473,-6.158437]]},"properties":{"@id":"way/736937335","covered":"yes","gauge":"1435","layer":"3","railway":"light_rail","service":"depot"},"id":"way/736937335"},{"type":"Feature","geometry":{"type":"LineString","coordinates":[[106.914539,-6.155913],[106.914504,-6.158439]]},"properties":{"@id":"way/736937336","covered":"yes","gauge":"1435","layer":"3","railway":"light_rail","service":"depot"},"id":"way/736937336"},{"type":"Feature","geometry":{"type":"LineString","coordinates":[[106.914574,-6.155912],[106.914545,-6.158439]]},"properties":{"@id":"way/736937337","covered":"yes","gauge":"1435","layer":"3","railway":"light_rail","service":"depot"},"id":"way/736937337"},{"type":"Feature","geometry":{"type":"LineString","coordinates":[[106.914648,-6.155913],[106.914616,-6.158441]]},"properties":{"@id":"way/736937338","covered":"yes","gauge":"1435","layer":"3","railway":"light_rail","service":"depot"},"id":"way/736937338"},{"type":"Feature","geometry":{"type":"LineString","coordinates":[[106.914682,-6.155915],[106.914651,-6.158441]]},"properties":{"@id":"way/736937339","covered":"yes","gauge":"1435","layer":"3","railway":"light_rail","service":"depot"},"id":"way/736937339"},{"type":"Feature","geometry":{"type":"LineString","coordinates":[[106.914716,-6.155913],[106.914689,-6.15844]]},"properties":{"@id":"way/736937340","covered":"yes","gauge":"1435","layer":"3","railway":"light_rail","service":"depot"},"id":"way/736937340"},{"type":"Feature","geometry":{"type":"LineString","coordinates":[[106.915842,-6.156045],[106.915893,-6.156285],[106.91594,-6.156507]]},"properties":{"@id":"way/736937341","bridge":"yes","gauge":"1435","layer":"3","railway":"light_rail","service":"depot"},"id":"way/736937341"},{"type":"Feature","geometry":{"type":"LineString","coordinates":[[106.915873,-6.156512],[106.915893,-6.156285],[106.915909,-6.156046]]},"properties":{"@id":"way/736937342","bridge":"yes","gauge":"1435","layer":"3","railway":"light_rail","service":"depot"},"id":"way/736937342"},{"type":"Feature","geometry":{"type":"LineString","coordinates":[[106.915793,-6.156441],[106.915789,-6.156522],[106.915784,-6.156578],[106.915765,-6.15675],[106.915761,-6.156821],[106.91576,-6.1569],[106.915828,-6.158323],[106.915827,-6.15838],[106.915818,-6.158429],[106.915804,-6.158477],[106.915787,-6.158516],[106.915765,-6.15856],[106.915732,-6.158604],[106.915687,-6.15865],[106.915634,-6.15869],[106.915574,-6.158721],[106.915513,-6.15874],[106.915457,-6.158747],[106.915387,-6.158747],[106.915315,-6.158735],[106.915256,-6.158714],[106.915214,-6.158693],[106.915165,-6.15866],[106.915114,-6.158611],[106.915082,-6.158567],[106.915055,-6.158518],[106.91503,-6.158457],[106.915015,-6.158379],[106.915011,-6.158308],[106.914967,-6.157313]]},"properties":{"@id":"way/736937343","bridge":"yes","gauge":"1435","layer":"1","railway":"light_rail","service":"depot"},"id":"way/736937343"},{"type":"Feature","geometry":{"type":"LineString","coordinates":[[106.914752,-6.155914],[106.91472,-6.158442]]},"properties":{"@id":"way/736937345","covered":"yes","gauge":"1435","layer":"3","railway":"light_rail","service":"depot"},"id":"way/736937345"},{"type":"Feature","geometry":{"type":"LineString","coordinates":[[106.864018,-6.212144],[106.863756,-6.211979],[106.863513,-6.211863],[106.863312,-6.211789]]},"properties":{"@id":"way/748910562","electrified":"contact_line","frequency":"0","gauge":"1067","maxspeed":"60","name":"Jalur Kereta Api Manggarai–Jatinegara","railway":"rail","usage":"main","voltage":"1500","wikidata":"Q17052030","wikipedia":"en:Jatinegara-Manggarai railway"},"id":"way/748910562"},{"type":"Feature","geometry":{"type":"LineString","coordinates":[[106.915099,-6.158857],[106.915193,-6.158858],[106.915524,-6.158865],[106.9156,-6.158863],[106.915669,-6.158861],[106.915724,-6.158851],[106.915776,-6.158833],[106.915823,-6.15881],[106.915863,-6.158779],[106.9159,-6.158747],[106.915928,-6.158714],[106.915955,-6.158666],[106.915973,-6.158617],[106.915986,-6.158556],[106.915991,-6.158498],[106.915987,-6.158411],[106.915873,-6.156512],[106.915842,-6.156045],[106.915827,-6.155815]]},"properties":{"@id":"way/752821001","bridge":"yes","electrified":"rail","gauge":"1435","layer":"3","maxspeed":"90","name":"LRT Jakarta Kalapa Gading - Velodrome Line","railway":"light_rail","service":"depot"},"id":"way/752821001"},{"type":"Feature","geometry":{"type":"LineString","coordinates":[[106.914125,-6.15842],[106.914138,-6.157205]]},"properties":{"@id":"way/752821002","covered":"yes","electrified":"rail","frequency":"0","gauge":"1435","railway":"light_rail","voltage":"750"},"id":"way/752821002"},{"type":"Feature","geometry":{"type":"LineString","coordinates":[[106.914967,-6.157313],[106.914946,-6.156487],[106.914939,-6.156142],[106.914933,-6.155822]]},"properties":{"@id":"way/752821006","railway":"light_rail","service":"depot"},"id":"way/752821006"},{"type":"Feature","geometry":{"type":"LineString","coordinates":[[106.915524,-6.158865],[106.915358,-6.158883],[106.915187,-6.158903]]},"properties":{"@id":"way/752821016","bridge":"yes","electrified":"rail","gauge":"1435","layer":"3","maxspeed":"90","name":"LRT Jakarta Kalapa Gading - Velodrome Line","railway":"light_rail","service":"depot"},"id":"way/752821016"},{"type":"Feature","geometry":{"type":"LineString","coordinates":[[106.915193,-6.158858],[106.915358,-6.158883],[106.915527,-6.158908]]},"properties":{"@id":"way/752821017","bridge":"yes","electrified":"rail","gauge":"1435","layer":"3","maxspeed":"90","name":"LRT Jakarta Kalapa Gading - Velodrome Line","railway":"light_rail","service":"depot"},"id":"way/752821017"},{"type":"Feature","geometry":{"type":"LineString","coordinates":[[106.914391,-6.155909],[106.914361,-6.158437]]},"properties":{"@id":"way/752821018","covered":"yes","gauge":"1435","railway":"light_rail","service":"depot"},"id":"way/752821018"},{"type":"Feature","geometry":{"type":"LineString","coordinates":[[106.915097,-6.155329],[106.915169,-6.155335],[106.915229,-6.155343],[106.915369,-6.155368],[106.915423,-6.155373]]},"properties":{"@id":"way/752821019","railway":"light_rail","service":"depot"},"id":"way/752821019"},{"type":"Feature","geometry":{"type":"LineString","coordinates":[[106.915827,-6.155815],[106.915789,-6.156333]]},"properties":{"@id":"way/752821020","bridge":"yes","electrified":"rail","gauge":"1435","layer":"3","maxspeed":"90","name":"LRT Jakarta Kalapa Gading - Velodrome Line","railway":"light_rail","service":"depot"},"id":"way/752821020"},{"type":"Feature","geometry":{"type":"LineString","coordinates":[[106.914805,-6.155917],[106.914777,-6.158442]]},"properties":{"@id":"way/752821021","covered":"yes","electrified":"rail","gauge":"1435","layer":"3","maxspeed":"90","name":"LRT Jakarta Kalapa Gading - Velodrome Line","railway":"light_rail","service":"depot"},"id":"way/752821021"},{"type":"Feature","geometry":{"type":"LineString","coordinates":[[106.914946,-6.156487],[106.914951,-6.156389],[106.914962,-6.156315],[106.914986,-6.156135],[106.91499,-6.156103],[106.914996,-6.156037],[106.914999,-6.155974],[106.914995,-6.155823]]},"properties":{"@id":"way/752821022","railway":"light_rail","service":"depot"},"id":"way/752821022"},{"type":"Feature","geometry":{"type":"LineString","coordinates":[[106.915879,-6.157858],[106.915891,-6.157954],[106.915904,-6.158016],[106.91596,-6.158263],[106.915974,-6.158326],[106.915987,-6.158411]]},"properties":{"@id":"way/752821023","bridge":"yes","electrified":"rail","gauge":"1435","layer":"3","maxspeed":"90","name":"LRT Jakarta Kalapa Gading - Velodrome Line","railway":"light_rail","service":"depot"},"id":"way/752821023"},{"type":"Feature","geometry":{"type":"LineString","coordinates":[[106.822679,-6.202252],[106.823066,-6.202335]]},"properties":{"@id":"way/752834766","electrified":"contact_line","frequency":"0","gauge":"1067","layer":"-1","maxspeed":"60","name":"Jalur Kereta Api Tanah Abang–Manggarai","railway":"rail","railway:track_ref":"2","tunnel":"yes","usage":"main","voltage":"1500","wikidata":"Q19726698","wikipedia":"id:Jalur kereta api lintas Jakarta"},"id":"way/752834766"},{"type":"Feature","geometry":{"type":"LineString","coordinates":[[106.817828,-6.201199],[106.820741,-6.201833],[106.822331,-6.202176]]},"properties":{"@id":"way/752834767","covered":"yes","electrified":"contact_line","frequency":"0","gauge":"1067","layer":"-1","maxspeed":"60","name":"Jalur Kereta Api Tanah Abang–Manggarai","railway":"rail","railway:track_ref":"2","usage":"main","voltage":"1500","wikidata":"Q19726698","wikipedia":"id:Jalur kereta api lintas Jakarta"},"id":"way/752834767"},{"type":"Feature","geometry":{"type":"LineString","coordinates":[[106.822686,-6.202221],[106.823073,-6.202306]]},"properties":{"@id":"way/752834768","electrified":"contact_line","frequency":"0","gauge":"1067","layer":"-1","maxspeed":"60","name":"Jalur Kereta Api Tanah Abang–Manggarai","railway":"rail","railway:track_ref":"1","tunnel":"yes","usage":"main","voltage":"1500","wikidata":"Q19726698","wikipedia":"id:Jalur kereta api lintas Jakarta"},"id":"way/752834768"},{"type":"Feature","geometry":{"type":"LineString","coordinates":[[106.817835,-6.201166],[106.818682,-6.201353],[106.822338,-6.202142]]},"properties":{"@id":"way/752834769","covered":"yes","electrified":"contact_line","frequency":"0","gauge":"1067","maxspeed":"60","name":"Jalur Kereta Api Tanah Abang–Manggarai","railway":"rail","railway:track_ref":"1","usage":"main","voltage":"1500","wikidata":"Q19726698","wikipedia":"id:Jalur kereta api lintas Jakarta"},"id":"way/752834769"},{"type":"Feature","geometry":{"type":"LineString","coordinates":[[106.874102,-6.277346],[106.874557,-6.278435],[106.875106,-6.279818],[106.876761,-6.283742],[106.877024,-6.284351],[106.877493,-6.285273],[106.877646,-6.285598],[106.877767,-6.28581],[106.878027,-6.286253],[106.878252,-6.286648],[106.878326,-6.286812],[106.878418,-6.287036],[106.878636,-6.287618],[106.878789,-6.288053],[106.878909,-6.288333],[106.879101,-6.288808],[106.879302,-6.289418],[106.879531,-6.290098],[106.879847,-6.291019],[106.879979,-6.29141],[106.880347,-6.29241],[106.880543,-6.292911],[106.88076,-6.293487],[106.881602,-6.29556],[106.881915,-6.296347],[106.882012,-6.296608],[106.882783,-6.298515],[106.883111,-6.299229],[106.883266,-6.299716],[106.883354,-6.30008],[106.883428,-6.300407],[106.883757,-6.302155],[106.883785,-6.302344],[106.883829,-6.302572],[106.883863,-6.302794],[106.883893,-6.30298],[106.883937,-6.303108],[106.884025,-6.303274],[106.884104,-6.303386],[106.884429,-6.303794],[106.884539,-6.303969],[106.884596,-6.304086],[106.884644,-6.304233],[106.884667,-6.304402],[106.884658,-6.304598],[106.884621,-6.304777],[106.884528,-6.304996],[106.884109,-6.305872],[106.88392,-6.30628],[106.883879,-6.306473],[106.883867,-6.306602],[106.883874,-6.306827],[106.883889,-6.306962],[106.884079,-6.307955],[106.884247,-6.308901],[106.884358,-6.309552],[106.884525,-6.310429],[106.884551,-6.310526],[106.884583,-6.310615],[106.884621,-6.310704],[106.884672,-6.310812],[106.884737,-6.310935],[106.884936,-6.311293],[106.885052,-6.311507],[106.885114,-6.311641],[106.885171,-6.311795],[106.885289,-6.312168],[106.885389,-6.312575],[106.885487,-6.312958],[106.885691,-6.313951],[106.885837,-6.31462],[106.885948,-6.315131],[106.886037,-6.31565],[106.88621,-6.31663],[106.886286,-6.31711],[106.886392,-6.317789],[106.886513,-6.318652],[106.88657,-6.319277],[106.886616,-6.321212],[106.886608,-6.32313],[106.886616,-6.323768],[106.886629,-6.324364],[106.886673,-6.326432],[106.886682,-6.326928],[106.886763,-6.328283],[106.886789,-6.329121],[106.886834,-6.329919],[106.88694,-6.330977],[106.887022,-6.331624],[106.887926,-6.337145],[106.887985,-6.337479],[106.888054,-6.337777],[106.888178,-6.338201],[106.888306,-6.338622],[106.888398,-6.339011],[106.888623,-6.340166],[106.889004,-6.342173],[106.889229,-6.343378],[106.889766,-6.346241],[106.889827,-6.346534],[106.889978,-6.347089],[106.890664,-6.349544],[106.89083,-6.350197],[106.891187,-6.351463],[106.891691,-6.353223],[106.89189,-6.354052],[106.892225,-6.355043],[106.892378,-6.355606],[106.892593,-6.356531],[106.892678,-6.356955],[106.893177,-6.359858],[106.893475,-6.36158],[106.893692,-6.363259],[106.894001,-6.365533],[106.894046,-6.365807],[106.894108,-6.36605],[106.894183,-6.366263],[106.894446,-6.366954],[106.894521,-6.367204],[106.894572,-6.367428],[106.894661,-6.367953],[106.894966,-6.369798],[106.895135,-6.371032],[106.895208,-6.371536],[106.895377,-6.372445],[106.895538,-6.373274],[106.895652,-6.373896]]},"properties":{"@id":"way/752898462","bridge":"yes","electrified":"rail","frequency":"0","gauge":"1435","layer":"3","maxspeed":"80","name":"LRT Jabodebek","name:en":"Jabodebek LRT","network:wikidata":"Q20427104","opening_date":"2023-07-12","operator":"PT Kereta Api Indonesia (Persero), Divisi LRT Jabodebek","railway":"light_rail","usage":"main","voltage":"750","website":"https://adhi.co.id/projects/lrt-jabodebek/","wikidata":"Q20427104","wikipedia":"id:LRT Jabodebek"},"id":"way/752898462"},{"type":"Feature","geometry":{"type":"LineString","coordinates":[[106.798806,-6.230411],[106.798657,-6.230848],[106.798544,-6.231285],[106.798465,-6.231758],[106.798433,-6.232202],[106.798432,-6.233024]]},"properties":{"@id":"way/754520845","covered":"yes","electrified":"contact_line","frequency":"0","gauge":"1067","line":"North-South","maxspeed":"90","name":"MRT Jakarta Jalur Utara-Selatan","name:en":"Jakarta MRT North-South Line","network":"MRT Jakarta","operator":"PT MRT Jakarta (Perseroda)","railway":"subway","start_date":"2019-03-24","tracks":"1","voltage":"1500","wikidata":"Q3333785","wikipedia":"id:MRT Jakarta"},"id":"way/754520845"},{"type":"Feature","geometry":{"type":"LineString","coordinates":[[106.798484,-6.233024],[106.798489,-6.232204],[106.798518,-6.231761],[106.798594,-6.231303],[106.798704,-6.230863],[106.798851,-6.230428]]},"properties":{"@id":"way/754520846","covered":"yes","electrified":"contact_line","frequency":"0","gauge":"1067","maxspeed":"90","name":"MRT Jakarta Jalur Utara-Selatan","name:en":"Jakarta MRT North-South Line","network":"MRT Jakarta","operator":"PT MRT Jakarta (Perseroda)","railway":"subway","start_date":"2019-03-24","voltage":"1500","wikidata":"Q3333785","wikipedia":"id:MRT Jakarta"},"id":"way/754520846"},{"type":"Feature","geometry":{"type":"LineString","coordinates":[[106.759211,-6.159224],[106.759514,-6.159285]]},"properties":{"@id":"way/757271229","addr:city":"DKI Jakarta","bridge":"yes","electrified":"contact_line","frequency":"0","gauge":"1067","maxspeed":"90","name":"Jalur Kereta Api Duri–Tangerang","railway":"rail","source":"HOT_InAWARESurvey_2017","usage":"main","voltage":"1500","wikidata":"Q12487146","wikipedia":"en:Duri–Tangerang railway"},"id":"way/757271229"},{"type":"Feature","geometry":{"type":"LineString","coordinates":[[106.759514,-6.159285],[106.761254,-6.159611],[106.762987,-6.159978],[106.763043,-6.159987],[106.763081,-6.159992],[106.763142,-6.160002],[106.766469,-6.16051]]},"properties":{"@id":"way/757271230","addr:city":"DKI Jakarta","electrified":"contact_line","frequency":"0","gauge":"1067","maxspeed":"90","name":"Jalur Kereta Api Duri–Tangerang","railway":"rail","source":"HOT_InAWARESurvey_2017","usage":"main","voltage":"1500","wikidata":"Q12487146","wikipedia":"en:Duri–Tangerang railway"},"id":"way/757271230"},{"type":"Feature","geometry":{"type":"LineString","coordinates":[[106.75953,-6.159217],[106.759217,-6.159152]]},"properties":{"@id":"way/757271231","addr:city":"DKI Jakarta","bridge":"yes","electrified":"contact_line","frequency":"0","gauge":"1067","maxspeed":"90","name":"Jalur Kereta Api Duri–Tangerang","railway":"rail","source":"HOT_InAWARESurvey_2017","usage":"main","voltage":"1500","wikidata":"Q12487146","wikipedia":"en:Duri–Tangerang railway"},"id":"way/757271231"},{"type":"Feature","geometry":{"type":"LineString","coordinates":[[106.766474,-6.160475],[106.763142,-6.159966],[106.763082,-6.159956],[106.763043,-6.159952],[106.762987,-6.159943],[106.761258,-6.159585],[106.75953,-6.159217]]},"properties":{"@id":"way/757271232","addr:city":"DKI Jakarta","electrified":"contact_line","frequency":"0","gauge":"1067","maxspeed":"90","name":"Jalur Kereta Api Duri–Tangerang","railway":"rail","source":"HOT_InAWARESurvey_2017","usage":"main","voltage":"1500","wikidata":"Q12487146","wikipedia":"en:Duri–Tangerang railway"},"id":"way/757271232"},{"type":"Feature","geometry":{"type":"LineString","coordinates":[[106.645232,-6.130216],[106.644708,-6.130362]]},"properties":{"@id":"way/757271233","electrified":"contact_line","gauge":"1067","layer":"1","maxspeed":"30","oneway":"alternating","railway":"rail","service":"crossover","source":"digitalglobe","usage":"branch"},"id":"way/757271233"},{"type":"Feature","geometry":{"type":"LineString","coordinates":[[106.648468,-6.128856],[106.647889,-6.129135]]},"properties":{"@id":"way/757271234","electrified":"contact_line","gauge":"1067","layer":"1","oneway":"alternating","railway":"rail","service":"crossover","source":"digitalglobe"},"id":"way/757271234"},{"type":"Feature","geometry":{"type":"LineString","coordinates":[[106.853217,-6.214239],[106.853549,-6.214402],[106.853782,-6.214474],[106.853976,-6.214523],[106.854301,-6.214567],[106.854542,-6.214577],[106.854781,-6.214562],[106.85502,-6.21453],[106.855249,-6.214475],[106.85547,-6.214403],[106.855971,-6.214169],[106.858361,-6.213171],[106.858673,-6.21305],[106.858975,-6.212941]]},"properties":{"@id":"way/757272632","bridge":"yes","electrified":"contact_line","frequency":"0","gauge":"1067","layer":"2","maxspeed":"60","name":"Jalur Kereta Api Manggarai–Jatinegara","railway":"rail","usage":"main","voltage":"1500","wikidata":"Q17052030","wikipedia":"en:Jatinegara-Manggarai railway"},"id":"way/757272632"},{"type":"Feature","geometry":{"type":"LineString","coordinates":[[106.957743,-6.219694],[106.958218,-6.21978]]},"properties":{"@id":"way/757277179","electrified":"contact_line","frequency":"0","gauge":"1067","passenger_lines":"2","railway":"rail","service":"crossover","usage":"main","voltage":"1500"},"id":"way/757277179"},{"type":"Feature","geometry":{"type":"LineString","coordinates":[[106.868535,-6.214926],[106.869248,-6.214914],[106.869273,-6.214914],[106.869651,-6.214908],[106.870342,-6.214898],[106.87152,-6.214886],[106.871999,-6.214884]]},"properties":{"@id":"way/757277180","electrified":"contact_line","frequency":"0","gauge":"1067","maxspeed":"50","name":"Jalur Kereta Api Manggarai–Jatinegara","railway":"rail","railway:track_ref":"4","usage":"main","voltage":"1500","wikidata":"Q17052030","wikipedia":"en:Jatinegara-Manggarai railway"},"id":"way/757277180"},{"type":"Feature","geometry":{"type":"LineString","coordinates":[[106.924879,-6.215711],[106.925636,-6.215797],[106.926894,-6.215962],[106.927522,-6.216032],[106.931228,-6.216475],[106.93249,-6.216626],[106.933675,-6.216769],[106.936263,-6.217068],[106.938605,-6.217346]]},"properties":{"@id":"way/757277181","electrified":"no","gauge":"1067","maxspeed":"115","name":"Jalur Kereta Api Jakarta Kota–Cikampek","railway":"rail","usage":"main","wikidata":"Q19726782","wikipedia":"id:Jalur kereta api Jakarta Kota–Cikampek"},"id":"way/757277181"},{"type":"Feature","geometry":{"type":"LineString","coordinates":[[106.863953,-6.122157],[106.866127,-6.121754],[106.866662,-6.121599],[106.86696,-6.121489],[106.867494,-6.121249],[106.867707,-6.121137],[106.868164,-6.12086],[106.868458,-6.120654],[106.868959,-6.120303],[106.869577,-6.119818],[106.870317,-6.119238],[106.872016,-6.117924],[106.873613,-6.116691],[106.874256,-6.116196],[106.874594,-6.115935],[106.874987,-6.115632],[106.875222,-6.115448],[106.875263,-6.115418],[106.875323,-6.115374],[106.876375,-6.114592],[106.876899,-6.114196]]},"properties":{"@id":"way/757280334","electrified":"contact_line","frequency":"0","gauge":"1067","maxspeed":"40","name":"Jalur Kereta Api Jakarta Kota–Tanjung Priuk","railway":"rail","usage":"main","voltage":"1500","wikidata":"Q19726698","wikipedia":"id:Jalur kereta api lintas Jakarta"},"id":"way/757280334"},{"type":"Feature","geometry":{"type":"LineString","coordinates":[[106.863972,-6.12226],[106.866548,-6.121782],[106.867232,-6.12159],[106.867639,-6.121433],[106.86814,-6.121192],[106.868321,-6.121102],[106.868961,-6.120682],[106.870009,-6.119866],[106.870552,-6.119443],[106.870877,-6.119191],[106.871141,-6.118991],[106.872208,-6.11818],[106.872378,-6.118051],[106.873528,-6.117175]]},"properties":{"@id":"way/757280335","electrified":"contact_line","frequency":"0","gauge":"1067","maxspeed":"40","name":"Jalur Kereta Api Tanjung Priuk–Kemayoran","railway":"rail","usage":"main","voltage":"1500","wikidata":"Q19726698","wikipedia":"id:Jalur kereta api lintas Jakarta"},"id":"way/757280335"},{"type":"Feature","geometry":{"type":"LineString","coordinates":[[106.838382,-6.141893],[106.837831,-6.143264],[106.837547,-6.14397],[106.83732,-6.144535],[106.837301,-6.144599],[106.837206,-6.144927],[106.837188,-6.145051],[106.837167,-6.145213],[106.837155,-6.145539],[106.837152,-6.145609],[106.837202,-6.14598],[106.837266,-6.146243],[106.837323,-6.146436],[106.837604,-6.147394],[106.837805,-6.148079],[106.837831,-6.148168],[106.837871,-6.148316],[106.837874,-6.148324],[106.83834,-6.149873],[106.838412,-6.150112],[106.838501,-6.150408],[106.838656,-6.150925],[106.838708,-6.151098],[106.839021,-6.152139],[106.839042,-6.152227],[106.839237,-6.153037],[106.840423,-6.157975],[106.840506,-6.1583],[106.840655,-6.15879],[106.84103,-6.159896],[106.841361,-6.160741],[106.841456,-6.161004],[106.841683,-6.161724],[106.841919,-6.162637],[106.841935,-6.162708],[106.842121,-6.163504],[106.842181,-6.163832]]},"properties":{"@id":"way/757280336","electrified":"contact_line","frequency":"0","gauge":"1067","maxspeed":"40","name":"Jalur Kereta Api Tanjung Priuk–Kemayoran","railway":"rail","usage":"main","voltage":"1500","wikidata":"Q19726698","wikipedia":"id:Jalur kereta api lintas Jakarta"},"id":"way/757280336"},{"type":"Feature","geometry":{"type":"LineString","coordinates":[[106.83845,-6.141729],[106.838382,-6.141893]]},"properties":{"@id":"way/757280337","bridge":"yes","electrified":"contact_line","gauge":"1067","layer":"1","maxspeed":"40","name":"Jalur Kereta Api Tanjung Priuk–Kemayoran","railway":"rail","usage":"main","wikidata":"Q19726698","wikipedia":"id:Jalur kereta api lintas Jakarta"},"id":"way/757280337"},{"type":"Feature","geometry":{"type":"LineString","coordinates":[[106.83845,-6.141729],[106.838453,-6.14167],[106.84028,-6.137116],[106.840812,-6.135803],[106.841575,-6.133882],[106.842067,-6.13265],[106.842861,-6.130631],[106.843128,-6.129986],[106.843216,-6.129844],[106.843277,-6.129747],[106.843453,-6.129467],[106.843572,-6.129315],[106.84375,-6.129118],[106.84403,-6.128848],[106.844125,-6.128772],[106.844339,-6.128615],[106.844606,-6.128454],[106.844902,-6.128315],[106.845215,-6.128188],[106.845489,-6.128115],[106.845766,-6.128059],[106.847695,-6.127725]]},"properties":{"@id":"way/757280339","electrified":"contact_line","frequency":"0","gauge":"1067","maxspeed":"40","name":"Jalur Kereta Api Tanjung Priuk–Kemayoran","railway":"rail","usage":"main","voltage":"1500","wikidata":"Q19726698","wikipedia":"id:Jalur kereta api lintas Jakarta"},"id":"way/757280339"},{"type":"Feature","geometry":{"type":"LineString","coordinates":[[106.863724,-6.122301],[106.863972,-6.12226]]},"properties":{"@id":"way/757280340","bridge":"yes","electrified":"contact_line","frequency":"0","gauge":"1067","layer":"1","maxspeed":"40","name":"Jalur Kereta Api Tanjung Priuk–Kemayoran","railway":"rail","usage":"main","voltage":"1500","wikidata":"Q19726698","wikipedia":"id:Jalur kereta api lintas Jakarta"},"id":"way/757280340"},{"type":"Feature","geometry":{"type":"LineString","coordinates":[[106.854058,-6.126018],[106.854683,-6.125749],[106.855559,-6.125326],[106.857789,-6.124278],[106.857899,-6.12423],[106.861989,-6.122656],[106.863169,-6.122385],[106.863724,-6.122301]]},"properties":{"@id":"way/757280341","electrified":"contact_line","frequency":"0","gauge":"1067","maxspeed":"40","name":"Jalur Kereta Api Tanjung Priuk–Kemayoran","railway":"rail","usage":"main","voltage":"1500","wikidata":"Q19726698","wikipedia":"id:Jalur kereta api lintas Jakarta"},"id":"way/757280341"},{"type":"Feature","geometry":{"type":"LineString","coordinates":[[106.853838,-6.126112],[106.854058,-6.126018]]},"properties":{"@id":"way/757280342","bridge":"yes","electrified":"contact_line","frequency":"0","gauge":"1067","layer":"1","maxspeed":"40","name":"Jalur Kereta Api Tanjung Priuk–Kemayoran","railway":"rail","usage":"main","voltage":"1500","wikidata":"Q19726698","wikipedia":"id:Jalur kereta api lintas Jakarta"},"id":"way/757280342"},{"type":"Feature","geometry":{"type":"LineString","coordinates":[[106.848052,-6.127661],[106.848198,-6.127633],[106.848789,-6.127509],[106.849998,-6.127282],[106.850805,-6.127145],[106.851856,-6.126871],[106.852641,-6.126615],[106.853797,-6.126129],[106.853838,-6.126112]]},"properties":{"@id":"way/757280343","electrified":"contact_line","frequency":"0","gauge":"1067","maxspeed":"40","name":"Jalur Kereta Api Tanjung Priuk–Kemayoran","railway":"rail","usage":"main","voltage":"1500","wikidata":"Q19726698","wikipedia":"id:Jalur kereta api lintas Jakarta"},"id":"way/757280343"},{"type":"Feature","geometry":{"type":"LineString","coordinates":[[106.847695,-6.127725],[106.847814,-6.127704],[106.848052,-6.127661]]},"properties":{"@id":"way/757280344","bridge":"yes","electrified":"contact_line","frequency":"0","gauge":"1067","layer":"1","maxspeed":"40","name":"Jalur Kereta Api Tanjung Priuk–Kemayoran","railway":"rail","usage":"main","voltage":"1500","wikidata":"Q19726698","wikipedia":"id:Jalur kereta api lintas Jakarta"},"id":"way/757280344"},{"type":"Feature","geometry":{"type":"LineString","coordinates":[[106.84462,-6.128157],[106.846454,-6.127819]]},"properties":{"@id":"way/757280345","electrified":"contact_line","frequency":"0","gauge":"1067","maxspeed":"40","name":"Jalur Kereta Api Jakarta Kota–Tanjung Priuk","railway":"rail","railway:track_ref":"1","usage":"main","voltage":"1500","wikidata":"Q19726698","wikipedia":"id:Jalur kereta api lintas Jakarta"},"id":"way/757280345"},{"type":"Feature","geometry":{"type":"LineString","coordinates":[[106.847669,-6.127596],[106.848037,-6.12753]]},"properties":{"@id":"way/757280346","bridge":"yes","electrified":"contact_line","frequency":"0","gauge":"1067","layer":"1","maxspeed":"40","name":"Jalur Kereta Api Jakarta Kota–Tanjung Priuk","railway":"rail","usage":"main","voltage":"1500","wikidata":"Q19726698","wikipedia":"id:Jalur kereta api lintas Jakarta"},"id":"way/757280346"},{"type":"Feature","geometry":{"type":"LineString","coordinates":[[106.848037,-6.12753],[106.848207,-6.127499],[106.848791,-6.127393],[106.84999,-6.127176],[106.850785,-6.127047],[106.851372,-6.126902],[106.851832,-6.126774],[106.852603,-6.126517],[106.853721,-6.12605],[106.853801,-6.126017]]},"properties":{"@id":"way/757280347","electrified":"contact_line","frequency":"0","gauge":"1067","maxspeed":"40","name":"Jalur Kereta Api Jakarta Kota–Tanjung Priuk","railway":"rail","usage":"main","voltage":"1500","wikidata":"Q19726698","wikipedia":"id:Jalur kereta api lintas Jakarta"},"id":"way/757280347"},{"type":"Feature","geometry":{"type":"LineString","coordinates":[[106.853801,-6.126017],[106.854018,-6.125924]]},"properties":{"@id":"way/757280348","bridge":"yes","electrified":"contact_line","frequency":"0","gauge":"1067","layer":"1","maxspeed":"40","name":"Jalur Kereta Api Jakarta Kota–Tanjung Priuk","railway":"rail","usage":"main","voltage":"1500","wikidata":"Q19726698","wikipedia":"id:Jalur kereta api lintas Jakarta"},"id":"way/757280348"},{"type":"Feature","geometry":{"type":"LineString","coordinates":[[106.86363,-6.122164],[106.863975,-6.122101]]},"properties":{"@id":"way/757280349","bridge":"yes","electrified":"contact_line","frequency":"0","gauge":"1067","layer":"1","maxspeed":"40","name":"Jalur Kereta Api Jakarta Kota–Tanjung Priuk","railway":"rail","usage":"main","voltage":"1500","wikidata":"Q19726698","wikipedia":"id:Jalur kereta api lintas Jakarta"},"id":"way/757280349"},{"type":"Feature","geometry":{"type":"LineString","coordinates":[[106.854018,-6.125924],[106.854629,-6.125645],[106.855516,-6.125228],[106.857754,-6.124178],[106.857866,-6.124132],[106.858251,-6.123974],[106.86194,-6.122547],[106.863126,-6.122274],[106.86363,-6.122164]]},"properties":{"@id":"way/757280350","electrified":"contact_line","frequency":"0","gauge":"1067","maxspeed":"40","name":"Jalur Kereta Api Jakarta Kota–Tanjung Priuk","railway":"rail","usage":"main","voltage":"1500","wikidata":"Q19726698","wikipedia":"id:Jalur kereta api lintas Jakarta"},"id":"way/757280350"},{"type":"Feature","geometry":{"type":"LineString","coordinates":[[106.89115,-6.192666],[106.891153,-6.19213],[106.891159,-6.191001],[106.891139,-6.189395],[106.891123,-6.188949],[106.891102,-6.187707],[106.89116,-6.185035],[106.891242,-6.184059],[106.891256,-6.183933],[106.891283,-6.183692],[106.891294,-6.183593],[106.891377,-6.183143],[106.891809,-6.180789],[106.891861,-6.180603],[106.892605,-6.178477],[106.892681,-6.178332],[106.893372,-6.177295],[106.893858,-6.176607],[106.893994,-6.176437],[106.894073,-6.17635],[106.894184,-6.176261],[106.894274,-6.176196],[106.894381,-6.176121],[106.894542,-6.176035],[106.894702,-6.17594],[106.895283,-6.175661],[106.895475,-6.175548],[106.895597,-6.175468],[106.895712,-6.175381],[106.895837,-6.175274],[106.89594,-6.17517],[106.896077,-6.175021],[106.896222,-6.17483],[106.897218,-6.17338],[106.897548,-6.172862],[106.899148,-6.17029],[106.899483,-6.169756],[106.899991,-6.168979],[106.901924,-6.165942],[106.904849,-6.161222]]},"properties":{"@id":"way/759643948","bridge":"yes","electrified":"rail","frequency":"0","gauge":"1435","layer":"2","maxspeed":"80","name":"LRT Jakarta","name:en":"Jakarta LRT","name:id":"LRT Jakarta","operator":"PT LRT Jakarta","railway":"light_rail","usage":"main","voltage":"750","wikidata":"Q56810702","wikipedia":"id:LRT Jakarta"},"id":"way/759643948"},{"type":"Feature","geometry":{"type":"LineString","coordinates":[[106.868678,-6.214777],[106.868214,-6.214776],[106.867984,-6.214759],[106.867807,-6.214729],[106.867622,-6.214684],[106.867414,-6.214614],[106.86712,-6.214489],[106.866891,-6.214362],[106.866677,-6.214201],[106.866356,-6.213923],[106.866338,-6.213907]]},"properties":{"@id":"way/761657946","electrified":"contact_line","frequency":"0","gauge":"1067","name":"Jalur Kereta Api Jakarta Kota–Cikampek","railway":"rail","usage":"main","voltage":"1500","wikidata":"Q19726782","wikipedia":"id:Jalur kereta api Jakarta Kota–Cikampek"},"id":"way/761657946"},{"type":"Feature","geometry":{"type":"LineString","coordinates":[[106.88434,-6.214347],[106.886506,-6.214207],[106.886927,-6.214176],[106.887296,-6.214132],[106.887468,-6.214107],[106.887628,-6.21408],[106.888121,-6.21398],[106.888365,-6.213915],[106.889807,-6.213458],[106.890298,-6.213341],[106.890783,-6.21326],[106.891242,-6.213203],[106.891682,-6.213168],[106.892297,-6.21316]]},"properties":{"@id":"way/761657947","electrified":"contact_line","frequency":"0","gauge":"1067","maxspeed":"115","name":"Jalur Kereta Api Jakarta Kota–Cikampek","railway":"rail","usage":"main","voltage":"1500","wikidata":"Q19726782","wikipedia":"id:Jalur kereta api Jakarta Kota–Cikampek"},"id":"way/761657947"},{"type":"Feature","geometry":{"type":"LineString","coordinates":[[106.874996,-6.21482],[106.875572,-6.214792],[106.876118,-6.21476],[106.877086,-6.214674],[106.877976,-6.214621],[106.880559,-6.214467],[106.886151,-6.214133]]},"properties":{"@id":"way/761666033","electrified":"no","gauge":"1067","maxspeed":"115","name":"Jalur Kereta Api Jakarta Kota–Cikampek","railway":"rail","usage":"main","wikidata":"Q19726782","wikipedia":"id:Jalur kereta api Jakarta Kota–Cikampek"},"id":"way/761666033"},{"type":"Feature","geometry":{"type":"LineString","coordinates":[[106.873085,-6.214968],[106.873645,-6.214897]]},"properties":{"@id":"way/761666037","electrified":"contact_line","frequency":"0","gauge":"1067","railway":"rail","service":"crossover","voltage":"1500"},"id":"way/761666037"},{"type":"Feature","geometry":{"type":"LineString","coordinates":[[106.8742,-6.214866],[106.87475,-6.214875]]},"properties":{"@id":"way/761666038","electrified":"contact_line","frequency":"0","gauge":"1067","railway":"rail","service":"crossover","voltage":"1500"},"id":"way/761666038"},{"type":"Feature","geometry":{"type":"LineString","coordinates":[[106.872702,-6.21485],[106.872907,-6.214854],[106.873404,-6.214873]]},"properties":{"@id":"way/761666040","electrified":"contact_line","frequency":"0","gauge":"1067","name":"Jalur Kereta Api Jakarta Kota–Cikampek","railway":"rail","usage":"main","voltage":"1500","wikidata":"Q19726782","wikipedia":"id:Jalur kereta api Jakarta Kota–Cikampek"},"id":"way/761666040"},{"type":"Feature","geometry":{"type":"LineString","coordinates":[[106.910052,-6.213885],[106.910228,-6.213906]]},"properties":{"@id":"way/764295354","bridge":"yes","electrified":"no","gauge":"1067","layer":"1","maxspeed":"115","name":"Jalur Kereta Api Jakarta Kota–Cikampek","railway":"rail","usage":"main","wikidata":"Q19726782","wikipedia":"id:Jalur kereta api Jakarta Kota–Cikampek"},"id":"way/764295354"},{"type":"Feature","geometry":{"type":"LineString","coordinates":[[106.91006,-6.213849],[106.910235,-6.213872]]},"properties":{"@id":"way/764295355","bridge":"yes","electrified":"no","gauge":"1067","layer":"1","maxspeed":"115","name":"Jalur Kereta Api Jakarta Kota–Cikampek","railway":"rail","usage":"main","wikidata":"Q19726782","wikipedia":"id:Jalur kereta api Jakarta Kota–Cikampek"},"id":"way/764295355"},{"type":"Feature","geometry":{"type":"LineString","coordinates":[[106.924886,-6.215675],[106.925649,-6.215771],[106.926906,-6.215928],[106.927527,-6.215993],[106.929062,-6.216177],[106.930185,-6.216311],[106.931232,-6.216436],[106.932494,-6.216587],[106.933003,-6.216648],[106.933672,-6.216729],[106.935147,-6.216907],[106.936127,-6.217025],[106.936274,-6.217043],[106.936994,-6.217128],[106.938519,-6.217307],[106.938632,-6.21732]]},"properties":{"@id":"way/764295356","electrified":"no","gauge":"1067","maxspeed":"115","name":"Jalur Kereta Api Jakarta Kota–Cikampek","railway":"rail","usage":"main","wikidata":"Q19726782","wikipedia":"id:Jalur kereta api Jakarta Kota–Cikampek"},"id":"way/764295356"},{"type":"Feature","geometry":{"type":"LineString","coordinates":[[106.895848,-6.21312],[106.89918,-6.213187],[106.901022,-6.213236],[106.902788,-6.213295],[106.904869,-6.213326],[106.905806,-6.213383],[106.906297,-6.21343],[106.907104,-6.213535],[106.910052,-6.213885]]},"properties":{"@id":"way/764295357","electrified":"no","gauge":"1067","maxspeed":"115","name":"Jalur Kereta Api Jakarta Kota–Cikampek","railway":"rail","usage":"main","wikidata":"Q19726782","wikipedia":"id:Jalur kereta api Jakarta Kota–Cikampek"},"id":"way/764295357"},{"type":"Feature","geometry":{"type":"LineString","coordinates":[[106.945338,-6.218147],[106.945518,-6.218169]]},"properties":{"@id":"way/765257605","bridge":"yes","electrified":"no","gauge":"1067","layer":"1","maxspeed":"115","name":"Jalur Kereta Api Jakarta Kota–Cikampek","railway":"rail","usage":"main","wikidata":"Q19726782","wikipedia":"id:Jalur kereta api Jakarta Kota–Cikampek"},"id":"way/765257605"},{"type":"Feature","geometry":{"type":"LineString","coordinates":[[106.945342,-6.218108],[106.945518,-6.218129]]},"properties":{"@id":"way/765257607","bridge":"yes","electrified":"no","gauge":"1067","layer":"1","maxspeed":"115","name":"Jalur Kereta Api Jakarta Kota–Cikampek","railway":"rail","usage":"main","wikidata":"Q19726782","wikipedia":"id:Jalur kereta api Jakarta Kota–Cikampek"},"id":"way/765257607"},{"type":"Feature","geometry":{"type":"LineString","coordinates":[[106.858917,-6.212879],[106.858341,-6.21313],[106.856245,-6.214017],[106.855471,-6.21437],[106.855239,-6.214445],[106.855013,-6.214495],[106.854779,-6.214528],[106.854546,-6.214544],[106.8543,-6.214532],[106.853977,-6.214484],[106.853788,-6.214436],[106.853562,-6.21437],[106.853238,-6.214209]]},"properties":{"@id":"way/808834207","bridge":"yes","electrified":"contact_line","frequency":"0","gauge":"1067","layer":"2","maxspeed":"60","name":"Jalur Kereta Api Manggarai–Jatinegara","railway":"rail","usage":"main","voltage":"1500","wikidata":"Q17052030","wikipedia":"en:Jatinegara-Manggarai railway"},"id":"way/808834207"},{"type":"Feature","geometry":{"type":"LineString","coordinates":[[106.863299,-6.211829],[106.863528,-6.211923],[106.863767,-6.212036],[106.864009,-6.212192]]},"properties":{"@id":"way/808834208","electrified":"contact_line","frequency":"0","gauge":"1067","maxspeed":"60","name":"Jalur Kereta Api Manggarai–Jatinegara","railway":"rail","usage":"main","voltage":"1500","wikidata":"Q17052030","wikipedia":"en:Jatinegara-Manggarai railway"},"id":"way/808834208"},{"type":"Feature","geometry":{"type":"LineString","coordinates":[[106.852427,-6.213792],[106.853422,-6.214953],[106.853962,-6.215642]]},"properties":{"@id":"way/808834211","bridge":"yes","electrified":"contact_line","frequency":"0","gauge":"1067","layer":"1","maxspeed":"60","name":"Jalur Kereta Api Jakarta Kota–Bogor","railway":"rail","usage":"main","voltage":"1500","wikidata":"Q12487135","wikipedia":"id: Jalur kereta api Jakarta Kota–Bogor–Padalarang"},"id":"way/808834211"},{"type":"Feature","geometry":{"type":"LineString","coordinates":[[106.853937,-6.215666],[106.853395,-6.214976],[106.852401,-6.213818]]},"properties":{"@id":"way/808834212","bridge":"yes","electrified":"contact_line","frequency":"0","gauge":"1067","layer":"1","maxspeed":"60","name":"Jalur Kereta Api Jakarta Kota–Bogor","railway":"rail","usage":"main","voltage":"1500","wikidata":"Q12487135","wikipedia":"id: Jalur kereta api Jakarta Kota–Bogor–Padalarang"},"id":"way/808834212"},{"type":"Feature","geometry":{"type":"LineString","coordinates":[[106.8517,-6.212946],[106.852427,-6.213792]]},"properties":{"@id":"way/808834213","bridge":"yes","electrified":"contact_line","frequency":"0","gauge":"1067","layer":"2","maxspeed":"60","name":"Jalur Kereta Api Jakarta Kota–Bogor","railway":"rail","usage":"main","voltage":"1500","wikidata":"Q12487135","wikipedia":"id: Jalur kereta api Jakarta Kota–Bogor–Padalarang"},"id":"way/808834213"},{"type":"Feature","geometry":{"type":"LineString","coordinates":[[106.851672,-6.212965],[106.852401,-6.213818]]},"properties":{"@id":"way/808834214","bridge":"yes","electrified":"contact_line","frequency":"0","gauge":"1067","layer":"2","maxspeed":"60","name":"Jalur Kereta Api Jakarta Kota–Bogor","railway":"rail","usage":"main","voltage":"1500","wikidata":"Q12487135","wikipedia":"id: Jalur kereta api Jakarta Kota–Bogor–Padalarang"},"id":"way/808834214"},{"type":"Feature","geometry":{"type":"LineString","coordinates":[[106.900781,-6.249387],[106.89991,-6.248177],[106.898107,-6.245673],[106.897218,-6.244531],[106.896856,-6.244173],[106.89652,-6.243897],[106.896283,-6.24373],[106.895912,-6.243517],[106.895547,-6.243341],[106.895159,-6.243162],[106.894701,-6.243023],[106.894359,-6.242949],[106.894055,-6.242914],[106.893725,-6.242897],[106.893416,-6.2429],[106.893092,-6.242927],[106.892829,-6.242962],[106.892584,-6.243009],[106.892328,-6.243066],[106.892059,-6.243144],[106.891153,-6.243484],[106.890367,-6.243765],[106.890208,-6.243819]]},"properties":{"@id":"way/815502878","bridge":"yes","electrified":"contact_line","frequency":"50","gauge":"1435","highspeed":"yes","layer":"2","maxspeed":"100","name":"Jalur Kereta Cepat Jakarta–Bandung","name:en":"Jakarta-Bandung high-speed railway","name:id":"Kereta kecepatan tinggi Jakarta-Bandung","name:zh":"雅加達－萬隆高速鐵路","operator":"Kereta Cepat Indonesia China","railway":"rail","railway:ctcs":"3","railway:preferred_direction":"forward","usage":"main","voltage":"25000","wikidata":"Q85886652","wikipedia":"id:Kereta cepat Whoosh"},"id":"way/815502878"},{"type":"Feature","geometry":{"type":"LineString","coordinates":[[106.890231,-6.243852],[106.890386,-6.243798],[106.891158,-6.243529],[106.892075,-6.243185],[106.892345,-6.243109],[106.892595,-6.243053],[106.892838,-6.243007],[106.893102,-6.242972],[106.893416,-6.242948],[106.893722,-6.242947],[106.894056,-6.242968],[106.894357,-6.243006],[106.894682,-6.243082],[106.895143,-6.243215],[106.895519,-6.243385],[106.895878,-6.24356],[106.89624,-6.243766],[106.896478,-6.243942],[106.89682,-6.244215],[106.897162,-6.244565],[106.898058,-6.245699],[106.898907,-6.246877],[106.899868,-6.2482],[106.900736,-6.249413]]},"properties":{"@id":"way/815502879","bridge":"yes","electrified":"contact_line","frequency":"50","gauge":"1435","highspeed":"yes","layer":"2","maxspeed":"100","name":"Jalur Kereta Cepat Jakarta–Bandung","name:en":"Jakarta-Bandung high-speed railway","name:id":"Kereta kecepatan tinggi Jakarta-Bandung","name:zh":"雅加達－萬隆高速鐵路","operator":"Kereta Cepat Indonesia China","railway":"rail","railway:ctcs":"3","railway:preferred_direction":"forward","usage":"main","voltage":"25000","wikidata":"Q85886652","wikipedia":"id:Kereta cepat Whoosh"},"id":"way/815502879"},{"type":"Feature","geometry":{"type":"LineString","coordinates":[[106.87319,-6.11738],[106.873433,-6.117163],[106.873746,-6.116857],[106.87406,-6.116531],[106.874297,-6.116286],[106.874751,-6.115843],[106.874987,-6.115632]]},"properties":{"@id":"way/826621310","electrified":"contact_line","gauge":"1067","maxspeed":"40","railway":"rail","service":"crossover","voltage":"1500"},"id":"way/826621310"},{"type":"Feature","geometry":{"type":"LineString","coordinates":[[106.879063,-6.112532],[106.879424,-6.112256],[106.881553,-6.110623]]},"properties":{"@id":"way/826621312","electrified":"contact_line","frequency":"0","gauge":"1067","maxspeed":"40","name":"Jalur Kereta Api Jakarta Kota–Tanjung Priuk","railway":"rail","usage":"main","voltage":"1500","wikidata":"Q19726698","wikipedia":"id:Jalur kereta api lintas Jakarta"},"id":"way/826621312"},{"type":"Feature","geometry":{"type":"LineString","coordinates":[[106.878476,-6.112884],[106.878685,-6.112756],[106.878927,-6.112624],[106.879063,-6.112532]]},"properties":{"@id":"way/826621313","electrified":"contact_line","frequency":"0","gauge":"1067","name":"Jalur KA Ancol-Tanjung Priok","passenger_lines":"2","railway":"rail","service":"crossover","voltage":"1500"},"id":"way/826621313"},{"type":"Feature","geometry":{"type":"LineString","coordinates":[[106.875615,-6.115561],[106.875406,-6.115703],[106.875116,-6.115899]]},"properties":{"@id":"way/826621314","electrified":"contact_line","gauge":"1067","railway":"rail","service":"crossover","voltage":"1500"},"id":"way/826621314"},{"type":"Feature","geometry":{"type":"LineString","coordinates":[[106.843182,-6.170354],[106.843152,-6.17013],[106.843128,-6.169807],[106.843135,-6.168586],[106.843123,-6.167738],[106.843064,-6.167233],[106.842577,-6.165415],[106.842181,-6.163832]]},"properties":{"@id":"way/829396840","electrified":"contact_line","frequency":"0","gauge":"1067","maxspeed":"70","name":"Jalur Kereta Api Jakarta Kota–Cikampek","railway":"rail","usage":"main","voltage":"1500","wikidata":"Q19726782","wikipedia":"id:Jalur kereta api Jakarta Kota–Cikampek"},"id":"way/829396840"},{"type":"Feature","geometry":{"type":"LineString","coordinates":[[106.801345,-6.15604],[106.801348,-6.156416],[106.801336,-6.156729],[106.801325,-6.156893],[106.801323,-6.157048]]},"properties":{"@id":"way/829405486","electrified":"contact_line","frequency":"0","gauge":"1067","maxspeed":"50","passenger_lines":"2","railway":"rail","service":"crossover","voltage":"1500"},"id":"way/829405486"},{"type":"Feature","geometry":{"type":"LineString","coordinates":[[106.817957,-6.136644],[106.817535,-6.13675],[106.816993,-6.136886],[106.816883,-6.136923]]},"properties":{"@id":"way/829425698","electrified":"contact_line","frequency":"0","gauge":"1067","maxspeed":"20","name":"Jalur Kereta Api Jakarta Kota–Tanjung Priuk","railway":"rail","railway:track_ref":"7","source":"yahoo photography","usage":"main","voltage":"1500","wikidata":"Q19726698","wikipedia":"id:Jalur kereta api lintas Jakarta"},"id":"way/829425698"},{"type":"Feature","geometry":{"type":"LineString","coordinates":[[106.818875,-6.136533],[106.817838,-6.136807],[106.817654,-6.136846]]},"properties":{"@id":"way/829425699","electrified":"contact_line","frequency":"0","gauge":"1067","maxspeed":"80","name":"Jalur Kereta Api Jakarta Kota–Bogor","railway":"rail","usage":"main","voltage":"1500","wikidata":"Q12487135","wikipedia":"id: Jalur kereta api Jakarta Kota–Bogor–Padalarang"},"id":"way/829425699"},{"type":"Feature","geometry":{"type":"LineString","coordinates":[[106.85134,-6.212009],[106.85161,-6.21239],[106.851887,-6.212802],[106.85208,-6.213072],[106.852384,-6.213435],[106.852588,-6.213678],[106.852708,-6.213813],[106.852928,-6.21402],[106.853072,-6.21412],[106.853238,-6.214209]]},"properties":{"@id":"way/849332709","electrified":"contact_line","frequency":"0","gauge":"1067","maxspeed":"60","name":"Jalur Kereta Api Manggarai–Jatinegara","railway":"rail","usage":"main","voltage":"1500","wikidata":"Q17052030","wikipedia":"en:Jatinegara-Manggarai railway"},"id":"way/849332709"},{"type":"Feature","geometry":{"type":"LineString","coordinates":[[106.85131,-6.212024],[106.851579,-6.212406]]},"properties":{"@id":"way/849332710","electrified":"contact_line","frequency":"0","gauge":"1067","name":"Jalur Kereta Api Manggarai–Jatinegara","railway":"rail","usage":"main","voltage":"1500","wikidata":"Q17052030","wikipedia":"en:Jatinegara-Manggarai railway"},"id":"way/849332710"},{"type":"Feature","geometry":{"type":"LineString","coordinates":[[106.903399,-6.252717],[106.902888,-6.252205],[106.902182,-6.251373],[106.901369,-6.25024],[106.901082,-6.249827],[106.900781,-6.249387]]},"properties":{"@id":"way/871427442","electrified":"contact_line","frequency":"50","gauge":"1435","highspeed":"yes","maxspeed":"100","name":"Jalur Kereta Cepat Jakarta–Bandung","name:en":"Jakarta-Bandung high-speed railway","name:id":"Kereta kecepatan tinggi Jakarta-Bandung","name:zh":"雅加達－萬隆高速鐵路","operator":"Kereta Cepat Indonesia China","railway":"rail","railway:ctcs":"3","railway:preferred_direction":"forward","usage":"main","voltage":"25000","wikidata":"Q16999865","wikipedia":"id:Kereta kecepatan tinggi di Indonesia"},"id":"way/871427442"},{"type":"Feature","geometry":{"type":"LineString","coordinates":[[106.900736,-6.249413],[106.901045,-6.249876],[106.901334,-6.250292],[106.902149,-6.251398],[106.902855,-6.252236],[106.90337,-6.25275]]},"properties":{"@id":"way/871427443","electrified":"contact_line","frequency":"50","gauge":"1435","highspeed":"yes","maxspeed":"100","name":"Jalur Kereta Cepat Jakarta–Bandung","name:en":"Jakarta-Bandung high-speed railway","name:id":"Kereta kecepatan tinggi Jakarta-Bandung","name:zh":"雅加達－萬隆高速鐵路","operator":"Kereta Cepat Indonesia China","railway":"rail","railway:ctcs":"3","railway:preferred_direction":"forward","usage":"main","voltage":"25000","wikidata":"Q16999865","wikipedia":"id:Kereta kecepatan tinggi di Indonesia"},"id":"way/871427443"},{"type":"Feature","geometry":{"type":"LineString","coordinates":[[106.918747,-6.258651],[106.918044,-6.258677],[106.917055,-6.258654],[106.916719,-6.258649],[106.916383,-6.258635],[106.916048,-6.258614],[106.915713,-6.258585],[106.915379,-6.258548],[106.915023,-6.2585],[106.914668,-6.258442],[106.914314,-6.258376],[106.913962,-6.2583],[106.913612,-6.258216],[106.913265,-6.258123],[106.91292,-6.258021],[106.91192,-6.257637],[106.909609,-6.256528],[106.906698,-6.255144],[106.905825,-6.254654],[106.90532,-6.254332],[106.904774,-6.253906],[106.903399,-6.252717]]},"properties":{"@id":"way/871427447","electrified":"contact_line","frequency":"50","gauge":"1435","highspeed":"yes","layer":"-1","maxspeed":"150","name":"Jalur Kereta Cepat Jakarta–Bandung","name:en":"Jakarta-Bandung high-speed railway","name:id":"Kereta kecepatan tinggi Jakarta–Bandung","name:zh":"雅加達－萬隆高速鐵路","operator":"Kereta Cepat Indonesia China","railway":"rail","railway:ctcs":"3","railway:preferred_direction":"forward","tunnel":"yes","usage":"main","voltage":"25000","wikidata":"Q16999865","wikipedia":"id:Kereta kecepatan tinggi di Indonesia"},"id":"way/871427447"},{"type":"Feature","geometry":{"type":"LineString","coordinates":[[106.90337,-6.25275],[106.904748,-6.253943],[106.905314,-6.254383],[106.905804,-6.254689],[106.906677,-6.255164],[106.909588,-6.256567],[106.911902,-6.257677],[106.912908,-6.258064],[106.913255,-6.258166],[106.913603,-6.25826],[106.913954,-6.258344],[106.914307,-6.25842],[106.914662,-6.258487],[106.915019,-6.258544],[106.915377,-6.258593],[106.915712,-6.25863],[106.916048,-6.258659],[106.916385,-6.25868],[106.916722,-6.258693],[106.917059,-6.258698],[106.918047,-6.258721],[106.918744,-6.258696]]},"properties":{"@id":"way/871427448","electrified":"contact_line","frequency":"50","gauge":"1435","highspeed":"yes","layer":"-1","maxspeed":"150","name":"Jalur Kereta Cepat Jakarta–Bandung","name:en":"Jakarta-Bandung high-speed railway","name:id":"Kereta kecepatan tinggi Jakarta-Bandung","name:zh":"雅加達－萬隆高速鐵路","operator":"Kereta Cepat Indonesia China","railway":"rail","railway:ctcs":"3","railway:preferred_direction":"forward","tunnel":"yes","usage":"main","voltage":"25000","wikidata":"Q16999865","wikipedia":"id:Kereta kecepatan tinggi di Indonesia"},"id":"way/871427448"},{"type":"Feature","geometry":{"type":"LineString","coordinates":[[106.797072,-6.279181],[106.797003,-6.279414],[106.796923,-6.279604],[106.796587,-6.280346],[106.796528,-6.280484],[106.796431,-6.280767],[106.796345,-6.281048],[106.79613,-6.281806],[106.79607,-6.282102],[106.796043,-6.282375],[106.795944,-6.284128],[106.79589,-6.284772],[106.795807,-6.28545],[106.795736,-6.286009],[106.795635,-6.286602],[106.795463,-6.287398],[106.795428,-6.287576],[106.795401,-6.287725],[106.795381,-6.287874],[106.79537,-6.288032],[106.795325,-6.288343],[106.795338,-6.28887],[106.795337,-6.289329],[106.795306,-6.289754],[106.795192,-6.290854],[106.795161,-6.291083],[106.795113,-6.291281],[106.795031,-6.291488],[106.794927,-6.291692],[106.79479,-6.29187],[106.79464,-6.292031],[106.794469,-6.292158],[106.794302,-6.29226],[106.794102,-6.292343],[106.793889,-6.292407],[106.793623,-6.29244],[106.792466,-6.292428],[106.790541,-6.292421],[106.787414,-6.292403],[106.786514,-6.292381],[106.786097,-6.292323],[106.785586,-6.292217],[106.784932,-6.292021],[106.784072,-6.291743],[106.783237,-6.291498],[106.782446,-6.291274],[106.781682,-6.291037],[106.781111,-6.29085],[106.780658,-6.290674],[106.780099,-6.290387],[106.779605,-6.290089],[106.778867,-6.289622],[106.778587,-6.289429],[106.77826,-6.289284],[106.777928,-6.289191],[106.777721,-6.289146],[106.777457,-6.289122],[106.777217,-6.289124],[106.77693,-6.289144],[106.776312,-6.289237],[106.776071,-6.289269],[106.775823,-6.289271],[106.774937,-6.289254],[106.773266,-6.289222],[106.772303,-6.289203],[106.771992,-6.289218],[106.771351,-6.289306]]},"properties":{"@id":"way/898547115","bridge":"yes","electrified":"contact_line","frequency":"0","gauge":"1067","layer":"3","maxspeed":"90","name":"MRT Jakarta Jalur Utara-Selatan","name:en":"Jakarta MRT North-South Line","network":"MRT Jakarta","operator":"PT MRT Jakarta (Perseroda)","railway":"subway","start_date":"2019-03-24","tracks":"1","voltage":"1500","wikidata":"Q3333785","wikipedia":"id:MRT Jakarta"},"id":"way/898547115"},{"type":"Feature","geometry":{"type":"LineString","coordinates":[[106.798433,-6.233668],[106.798435,-6.235261],[106.798432,-6.23662],[106.798431,-6.237922],[106.798424,-6.23877],[106.79842,-6.239893],[106.798429,-6.241716],[106.798392,-6.242033],[106.79834,-6.242255],[106.798209,-6.242682],[106.798135,-6.242909],[106.798078,-6.24312],[106.798042,-6.243314],[106.798023,-6.243537],[106.798019,-6.243817],[106.79801,-6.244422],[106.797995,-6.245417],[106.797975,-6.245721],[106.79793,-6.24643],[106.7979,-6.246716],[106.797767,-6.24777],[106.797587,-6.249108],[106.797543,-6.249499],[106.797518,-6.249768],[106.797451,-6.251097],[106.797331,-6.253419],[106.797253,-6.254478],[106.797119,-6.255782],[106.797016,-6.256772],[106.796957,-6.257358],[106.796916,-6.257809],[106.7967,-6.260169],[106.796599,-6.261234],[106.796588,-6.261545],[106.796595,-6.261755],[106.796631,-6.262051],[106.7967,-6.262325],[106.796958,-6.263188],[106.797197,-6.263948],[106.797294,-6.264311],[106.797327,-6.264503],[106.797343,-6.264717],[106.797352,-6.265182],[106.797355,-6.265494],[106.797347,-6.265862],[106.797305,-6.266693],[106.79727,-6.267422],[106.797271,-6.267642],[106.797287,-6.26826],[106.797403,-6.269688],[106.797431,-6.270016],[106.797445,-6.270194],[106.797557,-6.271835],[106.797615,-6.272848],[106.797629,-6.273206],[106.797654,-6.274018],[106.79769,-6.274889],[106.797718,-6.276368],[106.797715,-6.276567],[106.797703,-6.27673],[106.797661,-6.277003],[106.797611,-6.277255],[106.797516,-6.277616]]},"properties":{"@id":"way/898547116","bridge":"yes","electrified":"contact_line","frequency":"0","gauge":"1067","layer":"3","maxspeed":"90","name":"MRT Jakarta Jalur Utara-Selatan","name:en":"Jakarta MRT North-South Line","network":"MRT Jakarta","operator":"PT MRT Jakarta (Perseroda)","railway":"subway","start_date":"2019-03-24","tracks":"1","voltage":"1500","wikidata":"Q3333785","wikipedia":"id:MRT Jakarta"},"id":"way/898547116"},{"type":"Feature","geometry":{"type":"LineString","coordinates":[[106.771351,-6.289306],[106.771634,-6.289304],[106.772001,-6.289259],[106.772305,-6.289246],[106.773271,-6.289266],[106.774932,-6.289296],[106.775838,-6.289312],[106.776065,-6.289311],[106.776322,-6.289281],[106.776934,-6.289185],[106.777227,-6.289166],[106.777463,-6.289166],[106.777717,-6.289188],[106.777941,-6.289232],[106.778245,-6.28932],[106.778571,-6.289466],[106.778852,-6.289659],[106.779249,-6.289904],[106.779595,-6.290126],[106.780093,-6.290435],[106.780628,-6.290708],[106.781101,-6.290882],[106.781668,-6.291072],[106.782436,-6.29131],[106.78323,-6.291538],[106.784058,-6.291781],[106.78492,-6.292061],[106.78557,-6.292252],[106.786085,-6.292363],[106.786515,-6.292416],[106.787418,-6.292434],[106.790543,-6.292463],[106.792463,-6.292471],[106.793627,-6.292485],[106.793905,-6.292451],[106.794125,-6.292386],[106.79433,-6.292299],[106.794515,-6.292182],[106.794685,-6.292055],[106.794836,-6.291894],[106.794972,-6.291716],[106.795082,-6.291512],[106.795165,-6.291295],[106.795216,-6.291091],[106.795245,-6.290866],[106.795359,-6.289757],[106.795388,-6.289325],[106.795392,-6.288873],[106.795371,-6.288367],[106.795404,-6.288028],[106.795417,-6.287877],[106.795436,-6.287728],[106.795464,-6.287582],[106.7955,-6.287405],[106.79567,-6.286617],[106.795775,-6.286012],[106.795848,-6.28546],[106.795931,-6.284771],[106.79598,-6.284135],[106.796084,-6.282379],[106.796109,-6.282101],[106.796169,-6.281821],[106.796382,-6.281062],[106.796468,-6.280777],[106.796564,-6.280497],[106.796628,-6.280354],[106.796965,-6.279615],[106.797038,-6.279427],[106.797113,-6.279193]]},"properties":{"@id":"way/898547117","bridge":"yes","electrified":"contact_line","frequency":"0","gauge":"1067","layer":"3","maxspeed":"90","name":"MRT Jakarta Jalur Utara-Selatan","name:en":"Jakarta MRT North-South Line","network":"MRT Jakarta","operator":"PT MRT Jakarta (Perseroda)","railway":"subway","start_date":"2019-03-24","tracks":"1","voltage":"1500","wikidata":"Q3333785","wikipedia":"id:MRT Jakarta"},"id":"way/898547117"},{"type":"Feature","geometry":{"type":"LineString","coordinates":[[106.797555,-6.277632],[106.79765,-6.277274],[106.797705,-6.277008],[106.797742,-6.276738],[106.797756,-6.27657],[106.79776,-6.276366],[106.797734,-6.274887],[106.797703,-6.274012],[106.797671,-6.273201],[106.797655,-6.272846],[106.797593,-6.271819],[106.797482,-6.270185],[106.797468,-6.27001],[106.797441,-6.269684],[106.797332,-6.268251],[106.797309,-6.267642],[106.797311,-6.267423],[106.797345,-6.266696],[106.79739,-6.265874],[106.7974,-6.265499],[106.797395,-6.265162],[106.797384,-6.264705],[106.797368,-6.2645],[106.797334,-6.264302],[106.797242,-6.263938],[106.797006,-6.263178],[106.796741,-6.262313],[106.796672,-6.262043],[106.796636,-6.26175],[106.796633,-6.261539],[106.796642,-6.261226],[106.796745,-6.260174],[106.796958,-6.257812],[106.797002,-6.257359],[106.797061,-6.256782],[106.797172,-6.255787],[106.797295,-6.25448],[106.797368,-6.253421],[106.797495,-6.251103],[106.797556,-6.249774],[106.79758,-6.249501],[106.797628,-6.249111],[106.797804,-6.247781],[106.797933,-6.246874],[106.797975,-6.246587],[106.798145,-6.245732],[106.798203,-6.245424],[106.798238,-6.244917],[106.798239,-6.244423],[106.79824,-6.24382],[106.798238,-6.243528],[106.798238,-6.243223],[106.798258,-6.24304],[106.798315,-6.242664],[106.79835,-6.242515],[106.798448,-6.242046],[106.798474,-6.241724],[106.798472,-6.239907],[106.79847,-6.238771],[106.798472,-6.237922],[106.798473,-6.236618],[106.798481,-6.235263],[106.798484,-6.233667]]},"properties":{"@id":"way/898547118","bridge":"yes","electrified":"contact_line","frequency":"0","gauge":"1067","layer":"3","maxspeed":"90","name":"MRT Jakarta Jalur Utara-Selatan","name:en":"Jakarta MRT North-South Line","network":"MRT Jakarta","operator":"PT MRT Jakarta (Perseroda)","railway":"subway","start_date":"2019-03-24","voltage":"1500","wikidata":"Q3333785","wikipedia":"id:MRT Jakarta"},"id":"way/898547118"},{"type":"Feature","geometry":{"type":"LineString","coordinates":[[106.910235,-6.213872],[106.911324,-6.214004],[106.912485,-6.214152],[106.921475,-6.215251],[106.923766,-6.215536]]},"properties":{"@id":"way/907998910","electrified":"no","gauge":"1067","maxspeed":"115","name":"Jalur Kereta Api Jakarta Kota–Cikampek","railway":"rail","usage":"main","wikidata":"Q19726782","wikipedia":"id:Jalur kereta api Jakarta Kota–Cikampek"},"id":"way/907998910"},{"type":"Feature","geometry":{"type":"LineString","coordinates":[[106.924647,-6.215646],[106.924886,-6.215675]]},"properties":{"@id":"way/907998911","bridge":"yes","electrified":"no","gauge":"1067","layer":"1","maxspeed":"115","name":"Jalur Kereta Api Jakarta Kota–Cikampek","railway":"rail","usage":"main","wikidata":"Q19726782","wikipedia":"id:Jalur kereta api Jakarta Kota–Cikampek"},"id":"way/907998911"},{"type":"Feature","geometry":{"type":"LineString","coordinates":[[106.910228,-6.213906],[106.911319,-6.214039],[106.912482,-6.214183],[106.921472,-6.215285],[106.923662,-6.215557]]},"properties":{"@id":"way/907998912","electrified":"no","gauge":"1067","maxspeed":"115","name":"Jalur Kereta Api Jakarta Kota–Cikampek","railway":"rail","usage":"main","wikidata":"Q19726782","wikipedia":"id:Jalur kereta api Jakarta Kota–Cikampek"},"id":"way/907998912"},{"type":"Feature","geometry":{"type":"LineString","coordinates":[[106.924647,-6.21568],[106.924879,-6.215711]]},"properties":{"@id":"way/907998913","bridge":"yes","electrified":"no","gauge":"1067","layer":"1","maxspeed":"115","name":"Jalur Kereta Api Jakarta Kota–Cikampek","railway":"rail","usage":"main","wikidata":"Q19726782","wikipedia":"id:Jalur kereta api Jakarta Kota–Cikampek"},"id":"way/907998913"},{"type":"Feature","geometry":{"type":"LineString","coordinates":[[106.901042,-6.213198],[106.902788,-6.213256],[106.904868,-6.213289],[106.905808,-6.213348],[106.906304,-6.213395],[106.907098,-6.213496],[106.910006,-6.213843],[106.91006,-6.213849]]},"properties":{"@id":"way/907998914","electrified":"no","gauge":"1067","maxspeed":"115","name":"Jalur Kereta Api Jakarta Kota–Cikampek","railway":"rail","usage":"main","wikidata":"Q19726782","wikipedia":"id:Jalur kereta api Jakarta Kota–Cikampek"},"id":"way/907998914"},{"type":"Feature","geometry":{"type":"LineString","coordinates":[[106.892296,-6.213024],[106.89254,-6.213029]]},"properties":{"@id":"way/907998915","bridge":"yes","electrified":"no","gauge":"1067","layer":"1","maxspeed":"115","name":"Jalur Kereta Api Jakarta Kota–Cikampek","railway":"rail","usage":"main","wikidata":"Q19726782","wikipedia":"id:Jalur kereta api Jakarta Kota–Cikampek"},"id":"way/907998915"},{"type":"Feature","geometry":{"type":"LineString","coordinates":[[106.89254,-6.213029],[106.89419,-6.213063],[106.89567,-6.21309]]},"properties":{"@id":"way/907998916","electrified":"no","gauge":"1067","maxspeed":"115","name":"Jalur Kereta Api Jakarta Kota–Cikampek","railway":"rail","usage":"main","wikidata":"Q19726782","wikipedia":"id:Jalur kereta api Jakarta Kota–Cikampek"},"id":"way/907998916"},{"type":"Feature","geometry":{"type":"LineString","coordinates":[[106.89567,-6.21309],[106.89585,-6.213091]]},"properties":{"@id":"way/907998917","bridge":"yes","electrified":"no","gauge":"1067","layer":"1","maxspeed":"115","name":"Jalur Kereta Api Jakarta Kota–Cikampek","railway":"rail","usage":"main","wikidata":"Q19726782","wikipedia":"id:Jalur kereta api Jakarta Kota–Cikampek"},"id":"way/907998917"},{"type":"Feature","geometry":{"type":"LineString","coordinates":[[106.886151,-6.214133],[106.88715,-6.214054],[106.887765,-6.213953],[106.888352,-6.213812],[106.889939,-6.213321],[106.89065,-6.213173],[106.891049,-6.213114],[106.891622,-6.213069],[106.892287,-6.213063]]},"properties":{"@id":"way/907998918","electrified":"no","gauge":"1067","maxspeed":"115","name":"Jalur Kereta Api Jakarta Kota–Cikampek","railway":"rail","usage":"main","wikidata":"Q19726782","wikipedia":"id:Jalur kereta api Jakarta Kota–Cikampek"},"id":"way/907998918"},{"type":"Feature","geometry":{"type":"LineString","coordinates":[[106.892287,-6.213063],[106.892418,-6.213066],[106.892538,-6.213068]]},"properties":{"@id":"way/907998919","bridge":"yes","electrified":"no","gauge":"1067","layer":"1","maxspeed":"115","name":"Jalur Kereta Api Jakarta Kota–Cikampek","railway":"rail","usage":"main","wikidata":"Q19726782","wikipedia":"id:Jalur kereta api Jakarta Kota–Cikampek"},"id":"way/907998919"},{"type":"Feature","geometry":{"type":"LineString","coordinates":[[106.892538,-6.213068],[106.894199,-6.213099],[106.895671,-6.213119]]},"properties":{"@id":"way/907998920","electrified":"no","gauge":"1067","maxspeed":"115","name":"Jalur Kereta Api Jakarta Kota–Cikampek","railway":"rail","usage":"main","wikidata":"Q19726782","wikipedia":"id:Jalur kereta api Jakarta Kota–Cikampek"},"id":"way/907998920"},{"type":"Feature","geometry":{"type":"LineString","coordinates":[[106.895671,-6.213119],[106.895848,-6.21312]]},"properties":{"@id":"way/907998921","bridge":"yes","electrified":"no","gauge":"1067","layer":"1","maxspeed":"115","name":"Jalur Kereta Api Jakarta Kota–Cikampek","railway":"rail","usage":"main","wikidata":"Q19726782","wikipedia":"id:Jalur kereta api Jakarta Kota–Cikampek"},"id":"way/907998921"},{"type":"Feature","geometry":{"type":"LineString","coordinates":[[106.945518,-6.218129],[106.945998,-6.218186],[106.947608,-6.218395],[106.948462,-6.218525]]},"properties":{"@id":"way/908259539","electrified":"no","gauge":"1067","maxspeed":"115","name":"Jalur Kereta Api Jakarta Kota–Cikampek","railway":"rail","usage":"main","wikidata":"Q19726782","wikipedia":"id:Jalur kereta api Jakarta Kota–Cikampek"},"id":"way/908259539"},{"type":"Feature","geometry":{"type":"LineString","coordinates":[[106.948717,-6.218578],[106.94931,-6.218666]]},"properties":{"@id":"way/908259540","bridge":"yes","electrified":"no","gauge":"1067","layer":"1","maxspeed":"115","name":"Jalur Kereta Api Jakarta Kota–Cikampek","railway":"rail","usage":"main","wikidata":"Q19726782","wikipedia":"id:Jalur kereta api Jakarta Kota–Cikampek"},"id":"way/908259540"},{"type":"Feature","geometry":{"type":"LineString","coordinates":[[106.945518,-6.218169],[106.945993,-6.218225],[106.947602,-6.218434],[106.948401,-6.218564]]},"properties":{"@id":"way/908259541","electrified":"no","gauge":"1067","maxspeed":"115","name":"Jalur Kereta Api Jakarta Kota–Cikampek","railway":"rail","usage":"main","wikidata":"Q19726782","wikipedia":"id:Jalur kereta api Jakarta Kota–Cikampek"},"id":"way/908259541"},{"type":"Feature","geometry":{"type":"LineString","coordinates":[[106.948701,-6.218613],[106.949294,-6.218699]]},"properties":{"@id":"way/908259542","bridge":"yes","electrified":"no","gauge":"1067","layer":"1","maxspeed":"115","name":"Jalur Kereta Api Jakarta Kota–Cikampek","railway":"rail","usage":"main","wikidata":"Q19726782","wikipedia":"id:Jalur kereta api Jakarta Kota–Cikampek"},"id":"way/908259542"},{"type":"Feature","geometry":{"type":"LineString","coordinates":[[106.836615,-6.144426],[106.836489,-6.144176],[106.836357,-6.143943],[106.836205,-6.143705],[106.835987,-6.14341],[106.835687,-6.143069],[106.835496,-6.142875],[106.83531,-6.142711],[106.834955,-6.142435],[106.83454,-6.142162],[106.834053,-6.141909],[106.83356,-6.141705],[106.833474,-6.141674],[106.833413,-6.141652],[106.833346,-6.141625],[106.833247,-6.14159]]},"properties":{"@id":"way/978962672","electrified":"contact_line","frequency":"0","gauge":"1067","maxspeed":"70","name":"Jalur Kereta Api Jakarta Kota–Cikampek","railway":"rail","usage":"main","voltage":"1500","wikidata":"Q19726782","wikipedia":"id:Jalur kereta api Jakarta Kota–Cikampek"},"id":"way/978962672"},{"type":"Feature","geometry":{"type":"LineString","coordinates":[[106.658584,-6.160066],[106.658513,-6.160136]]},"properties":{"@id":"way/985083308","bridge":"yes","electrified":"contact_line","frequency":"0","gauge":"1067","layer":"1","maxspeed":"60","name":"Jalur Kereta Api Bandara Soekarno-Hatta","oneway":"yes","railway":"rail","source":"digitalglobe","usage":"branch","voltage":"1500","wikidata":"Q56392844","wikipedia":"id:Jalur kereta api Batu Ceper–Bandara Soekarno-Hatta"},"id":"way/985083308"},{"type":"Feature","geometry":{"type":"LineString","coordinates":[[106.658513,-6.160136],[106.657391,-6.161207]]},"properties":{"@id":"way/985083309","electrified":"contact_line","embankment":"yes","frequency":"0","gauge":"1067","maxspeed":"90","name":"Jalur Kereta Api Bandara Soekarno-Hatta","oneway":"yes","railway":"rail","source":"digitalglobe","usage":"branch","voltage":"1500","wikidata":"Q56392844","wikipedia":"id:Jalur kereta api Batu Ceper–Bandara Soekarno-Hatta"},"id":"way/985083309"},{"type":"Feature","geometry":{"type":"LineString","coordinates":[[106.657418,-6.161243],[106.658526,-6.160184]]},"properties":{"@id":"way/985083310","electrified":"contact_line","embankment":"yes","frequency":"0","gauge":"1067","maxspeed":"90","name":"Jalur Kereta Api Bandara Soekarno-Hatta","oneway":"yes","railway":"rail","source":"digitalglobe","usage":"branch","voltage":"1500","wikidata":"Q56392844","wikipedia":"id:Jalur kereta api Batu Ceper–Bandara Soekarno-Hatta"},"id":"way/985083310"},{"type":"Feature","geometry":{"type":"LineString","coordinates":[[106.658526,-6.160184],[106.658599,-6.160114]]},"properties":{"@id":"way/985083311","bridge":"yes","electrified":"contact_line","frequency":"0","gauge":"1067","layer":"1","maxspeed":"60","name":"Jalur Kereta Api Bandara Soekarno-Hatta","oneway":"yes","railway":"rail","source":"digitalglobe","usage":"branch","voltage":"1500","wikidata":"Q56392844","wikipedia":"id:Jalur kereta api Batu Ceper–Bandara Soekarno-Hatta"},"id":"way/985083311"},{"type":"Feature","geometry":{"type":"LineString","coordinates":[[106.824422,-6.20462],[106.824752,-6.204641]]},"properties":{"@id":"way/987145645","bridge":"yes","electrified":"yes","gauge":"1435","layer":"3","name":"LRT Jabodebek","name:en":"Jabodebek LRT","network:wikidata":"Q20427104","opening_date":"2023-07-12","operator":"PT Kereta Api Indonesia (Persero), Divisi LRT Jabodebek","railway":"light_rail","tracks":"1","usage":"main","website":"https://adhi.co.id/projects/lrt-jabodebek/","wikidata":"Q20427104","wikipedia":"id:LRT Jabodebek"},"id":"way/987145645"},{"type":"Feature","geometry":{"type":"LineString","coordinates":[[106.832492,-6.222534],[106.832531,-6.222886]]},"properties":{"@id":"way/987145646","bridge":"yes","electrified":"yes","gauge":"1435","layer":"3","name":"LRT Jabodebek","name:en":"Jabodebek LRT","opening_date":"2023-07-12","railway":"light_rail","service":"crossover","tracks":"1","usage":"main"},"id":"way/987145646"},{"type":"Feature","geometry":{"type":"LineString","coordinates":[[106.826757,-6.20506],[106.826366,-6.205027]]},"properties":{"@id":"way/987145647","bridge":"yes","electrified":"yes","gauge":"1435","layer":"3","name":"LRT Jabodebek","name:en":"Jabodebek LRT","opening_date":"2023-07-12","railway":"light_rail","tracks":"1","usage":"main"},"id":"way/987145647"},{"type":"Feature","geometry":{"type":"LineString","coordinates":[[106.836539,-6.241603],[106.836192,-6.241553]]},"properties":{"@id":"way/987145648","bridge":"yes","electrified":"yes","gauge":"1435","layer":"3","name":"LRT Jabodebek","name:en":"Jabodebek LRT","opening_date":"2023-07-12","railway":"light_rail","service":"crossover","tracks":"1","usage":"main"},"id":"way/987145648"},{"type":"Feature","geometry":{"type":"LineString","coordinates":[[106.873314,-6.246428],[106.872961,-6.246379]]},"properties":{"@id":"way/987145649","bridge":"yes","electrified":"yes","gauge":"1435","layer":"3","name":"LRT Jabodebek","name:en":"Jabodebek LRT","opening_date":"2023-07-12","railway":"light_rail","service":"crossover","tracks":"1","usage":"main"},"id":"way/987145649"},{"type":"Feature","geometry":{"type":"LineString","coordinates":[[106.869225,-6.245178],[106.869559,-6.245367]]},"properties":{"@id":"way/987145650","bridge":"yes","electrified":"yes","frequency":"0","gauge":"1435","layer":"3","name":"LRT Jabodebek","name:en":"Jabodebek LRT","opening_date":"2023-07-12","railway":"light_rail","service":"crossover","tracks":"1","usage":"main","voltage":"750"},"id":"way/987145650"},{"type":"Feature","geometry":{"type":"LineString","coordinates":[[106.871986,-6.246091],[106.872376,-6.246222]]},"properties":{"@id":"way/987145651","bridge":"yes","electrified":"yes","frequency":"0","gauge":"1435","layer":"3","name":"LRT Jabodebek","name:en":"Jabodebek LRT","opening_date":"2023-07-12","railway":"light_rail","service":"crossover","tracks":"1","usage":"main","voltage":"750"},"id":"way/987145651"},{"type":"Feature","geometry":{"type":"LineString","coordinates":[[106.854399,-6.216266],[106.853937,-6.215666]]},"properties":{"@id":"way/992479670","electrified":"contact_line","frequency":"0","gauge":"1067","maxspeed":"70","name":"Jalur Kereta Api Jakarta Kota–Bogor","railway":"rail","usage":"main","voltage":"1500","wikidata":"Q12487135","wikipedia":"id: Jalur kereta api Jakarta Kota–Bogor–Padalarang"},"id":"way/992479670"},{"type":"Feature","geometry":{"type":"LineString","coordinates":[[106.843655,-6.201771],[106.845927,-6.204779]]},"properties":{"@id":"way/992479671","bridge":"yes","electrified":"contact_line","frequency":"0","gauge":"1067","layer":"2","maxspeed":"90","name":"Jalur Kereta Api Jakarta Kota–Bogor","railway":"rail","usage":"main","voltage":"1500","wikidata":"Q12487135","wikipedia":"id:Jalur kereta api Jakarta Kota–Bogor–Padalarang"},"id":"way/992479671"},{"type":"Feature","geometry":{"type":"LineString","coordinates":[[106.843199,-6.20111],[106.843596,-6.201691]]},"properties":{"@id":"way/992479672","bridge":"yes","electrified":"contact_line","frequency":"0","gauge":"1067","layer":"2","name":"Jalur Kereta Api Jakarta Kota–Bogor","railway":"rail","usage":"main","voltage":"1500","wikidata":"Q12487135","wikipedia":"id:Jalur kereta api Jakarta Kota–Bogor–Padalarang"},"id":"way/992479672"},{"type":"Feature","geometry":{"type":"LineString","coordinates":[[106.854766,-6.216689],[106.854597,-6.216493],[106.854429,-6.216304]]},"properties":{"@id":"way/992479674","gauge":"1067","railway":"rail","service":"crossover"},"id":"way/992479674"},{"type":"Feature","geometry":{"type":"LineString","coordinates":[[106.85474,-6.216709],[106.854597,-6.216493],[106.854459,-6.216285]]},"properties":{"@id":"way/992479675","gauge":"1067","railway":"rail","service":"crossover"},"id":"way/992479675"},{"type":"Feature","geometry":{"type":"LineString","coordinates":[[106.854045,-6.215639],[106.854422,-6.216234]]},"properties":{"@id":"way/992479676","electrified":"contact_line","frequency":"0","gauge":"1067","railway":"rail","usage":"main","voltage":"1500"},"id":"way/992479676"},{"type":"Feature","geometry":{"type":"LineString","coordinates":[[106.854399,-6.216266],[106.853897,-6.215714],[106.853479,-6.215182],[106.853312,-6.214975],[106.853132,-6.214754],[106.85237,-6.213842],[106.851815,-6.213237],[106.851685,-6.213065],[106.851572,-6.212887],[106.851469,-6.212667],[106.851448,-6.212611]]},"properties":{"@id":"way/992479677","electrified":"contact_line","frequency":"0","gauge":"1067","railway":"rail","usage":"main","voltage":"1500"},"id":"way/992479677"},{"type":"Feature","geometry":{"type":"LineString","coordinates":[[106.854422,-6.216234],[106.854459,-6.216285],[106.854766,-6.216689],[106.854863,-6.216818]]},"properties":{"@id":"way/992479680","electrified":"contact_line","frequency":"0","gauge":"1067","maxspeed":"80","name":"Jalur Kereta Api Jakarta Kota–Bogor","railway":"rail","usage":"main","voltage":"1500","wikidata":"Q12487135","wikipedia":"id: Jalur kereta api Jakarta Kota–Bogor–Padalarang"},"id":"way/992479680"},{"type":"Feature","geometry":{"type":"LineString","coordinates":[[106.853962,-6.215642],[106.854422,-6.216234]]},"properties":{"@id":"way/992479681","electrified":"contact_line","frequency":"0","gauge":"1067","maxspeed":"70","name":"Jalur Kereta Api Jakarta Kota–Bogor","railway":"rail","usage":"main","voltage":"1500","wikidata":"Q12487135","wikipedia":"id: Jalur kereta api Jakarta Kota–Bogor–Padalarang"},"id":"way/992479681"},{"type":"Feature","geometry":{"type":"LineString","coordinates":[[106.884504,-6.245706],[106.886341,-6.245265],[106.886542,-6.245214],[106.886725,-6.245157],[106.88698,-6.245065],[106.887289,-6.244953],[106.888028,-6.244666],[106.888733,-6.24441],[106.889496,-6.244131],[106.890231,-6.243852]]},"properties":{"@id":"way/1062618119","bridge":"yes","electrified":"contact_line","frequency":"50","gauge":"1435","highspeed":"yes","layer":"2","maxspeed":"100","name":"Jalur Kereta Cepat Jakarta–Bandung","name:en":"Jakarta-Bandung high-speed railway","name:id":"Kereta kecepatan tinggi Jakarta-Bandung","name:zh":"雅加達－萬隆高速鐵路","operator":"Kereta Cepat Indonesia China","railway":"rail","railway:ctcs":"3","railway:preferred_direction":"both","usage":"main","voltage":"25000","wikidata":"Q85886652","wikipedia":"id:Kereta cepat Whoosh"},"id":"way/1062618119"},{"type":"Feature","geometry":{"type":"LineString","coordinates":[[106.890208,-6.243819],[106.889484,-6.244095],[106.888713,-6.244369],[106.888013,-6.244631],[106.887425,-6.244852],[106.887164,-6.244932],[106.886918,-6.244993],[106.884472,-6.245569]]},"properties":{"@id":"way/1062618122","bridge":"yes","electrified":"contact_line","frequency":"50","gauge":"1435","highspeed":"yes","layer":"2","maxspeed":"100","name":"Jalur Kereta Cepat Jakarta–Bandung","name:en":"Jakarta-Bandung high-speed railway","name:id":"Kereta kecepatan tinggi Jakarta-Bandung","name:zh":"雅加達－萬隆高速鐵路","operator":"Kereta Cepat Indonesia China","railway":"rail","railway:ctcs":"3","railway:preferred_direction":"both","usage":"main","voltage":"25000","wikidata":"Q85886652","wikipedia":"id:Kereta cepat Whoosh"},"id":"way/1062618122"},{"type":"Feature","geometry":{"type":"LineString","coordinates":[[106.766801,-6.160523],[106.766474,-6.160475]]},"properties":{"@id":"way/1106870905","bridge":"yes","electrified":"contact_line","frequency":"0","gauge":"1067","layer":"1","maxspeed":"90","name":"Jalur Kereta Api Duri–Tangerang","railway":"rail","usage":"main","voltage":"1500","wikidata":"Q12487146","wikipedia":"en:Duri–Tangerang railway"},"id":"way/1106870905"},{"type":"Feature","geometry":{"type":"LineString","coordinates":[[106.766469,-6.16051],[106.766799,-6.160559]]},"properties":{"@id":"way/1106870906","bridge":"yes","electrified":"contact_line","frequency":"0","gauge":"1067","layer":"1","maxspeed":"90","name":"Jalur Kereta Api Duri–Tangerang","railway":"rail","usage":"main","voltage":"1500","wikidata":"Q12487146","wikipedia":"en:Duri–Tangerang railway"},"id":"way/1106870906"},{"type":"Feature","geometry":{"type":"LineString","coordinates":[[106.798477,-6.161329],[106.798472,-6.161332]]},"properties":{"@id":"way/1109708306","electrified":"contact_line","frequency":"0","gauge":"1067","maxspeed":"100","name":"Jalur Kereta Api Duri–Tangerang","railway":"rail","usage":"main","voltage":"1500","wikidata":"Q12487146","wikipedia":"en:Duri–Tangerang railway"},"id":"way/1109708306"},{"type":"Feature","geometry":{"type":"LineString","coordinates":[[106.798448,-6.161262],[106.798445,-6.161263]]},"properties":{"@id":"way/1109708307","electrified":"contact_line","frequency":"0","gauge":"1067","maxspeed":"100","name":"Jalur Kereta Api Duri–Tangerang","railway":"rail","usage":"main","voltage":"1500","wikidata":"Q12487146","wikipedia":"en:Duri–Tangerang railway"},"id":"way/1109708307"},{"type":"Feature","geometry":{"type":"LineString","coordinates":[[106.809805,-6.198277],[106.809754,-6.198338]]},"properties":{"@id":"way/1113122309","electrified":"contact_line","frequency":"0","gauge":"1067","maxspeed":"70","name":"Jalur Kereta Api Tanah Abang–Merak","railway":"rail","usage":"main","voltage":"1500","wikidata":"Q18916627","wikipedia":"id:Jalur kereta api Merak–Tanah Abang"},"id":"way/1113122309"},{"type":"Feature","geometry":{"type":"LineString","coordinates":[[106.809771,-6.198241],[106.809716,-6.198305]]},"properties":{"@id":"way/1113122310","electrified":"contact_line","frequency":"0","gauge":"1067","maxspeed":"70","name":"Jalur Kereta Api Tanah Abang–Merak","railway":"rail","usage":"main","voltage":"1500","wikidata":"Q18916627","wikipedia":"id:Jalur kereta api Merak–Tanah Abang"},"id":"way/1113122310"},{"type":"Feature","geometry":{"type":"LineString","coordinates":[[106.914125,-6.15842],[106.914125,-6.158507],[106.914127,-6.158563],[106.914133,-6.158614],[106.914146,-6.158661],[106.914174,-6.158721],[106.914217,-6.158778],[106.914267,-6.158826],[106.914316,-6.158856],[106.914377,-6.158883],[106.914435,-6.158894],[106.914508,-6.158898],[106.915098,-6.158903]]},"properties":{"@id":"way/1119956809","gauge":"1435","railway":"light_rail","service":"depot"},"id":"way/1119956809"},{"type":"Feature","geometry":{"type":"LineString","coordinates":[[106.914269,-6.158422],[106.914269,-6.158462],[106.914271,-6.158504],[106.914278,-6.158553],[106.91429,-6.15861],[106.91431,-6.158661],[106.914341,-6.15871],[106.914374,-6.158748],[106.914418,-6.158787],[106.914466,-6.158815],[106.914517,-6.158836],[106.914567,-6.158849],[106.914625,-6.158853],[106.915099,-6.158857]]},"properties":{"@id":"way/1119956810","electrified":"rail","gauge":"1435","maxspeed":"90","name":"LRT Jakarta Kalapa Gading - Velodrome Line","railway":"light_rail","service":"depot"},"id":"way/1119956810"},{"type":"Feature","geometry":{"type":"LineString","coordinates":[[106.9151,-6.158812],[106.915148,-6.158814],[106.915557,-6.158819],[106.915605,-6.158814],[106.915659,-6.158801],[106.9157,-6.158785],[106.915741,-6.158764],[106.915778,-6.158737],[106.915812,-6.158705],[106.91584,-6.15867],[106.915865,-6.158632],[106.915888,-6.15858],[106.915902,-6.158526],[106.915909,-6.158483],[106.915911,-6.158425],[106.915879,-6.157858]]},"properties":{"@id":"way/1119956811","bridge":"yes","electrified":"rail","gauge":"1435","layer":"3","maxspeed":"90","name":"LRT Jakarta Kalapa Gading - Velodrome Line","railway":"light_rail","service":"depot"},"id":"way/1119956811"},{"type":"Feature","geometry":{"type":"LineString","coordinates":[[106.913809,-6.154956],[106.913855,-6.154977],[106.913895,-6.155002],[106.91394,-6.155034],[106.913979,-6.155066],[106.914011,-6.155097],[106.914045,-6.155136],[106.914076,-6.155177],[106.914094,-6.155209],[106.914113,-6.155249],[106.914128,-6.155293],[106.914141,-6.15535],[106.91415,-6.155423],[106.914152,-6.155495],[106.91415,-6.155911]]},"properties":{"@id":"way/1119956812","bridge":"yes","electrified":"rail","frequency":"0","gauge":"1435","layer":"3","railway":"light_rail","voltage":"750"},"id":"way/1119956812"},{"type":"Feature","geometry":{"type":"LineString","coordinates":[[106.914301,-6.155913],[106.914284,-6.15721]]},"properties":{"@id":"way/1119956813","covered":"yes","electrified":"rail","frequency":"0","gauge":"1435","maxspeed":"90","name":"LRT Jakarta Kalapa Gading - Velodrome Line","railway":"light_rail","voltage":"750"},"id":"way/1119956813"},{"type":"Feature","geometry":{"type":"LineString","coordinates":[[106.915879,-6.157858],[106.915793,-6.156441],[106.915789,-6.156333],[106.915742,-6.155732],[106.915732,-6.155685],[106.915715,-6.155636],[106.915689,-6.15559],[106.915654,-6.155543],[106.91561,-6.155501],[106.915563,-6.155468],[106.91552,-6.155445],[106.915465,-6.155428],[106.91543,-6.155423]]},"properties":{"@id":"way/1119956814","bridge":"yes","electrified":"rail","gauge":"1435","layer":"3","maxspeed":"90","name":"LRT Jakarta Kalapa Gading - Velodrome Line","railway":"light_rail","service":"depot"},"id":"way/1119956814"},{"type":"Feature","geometry":{"type":"LineString","coordinates":[[106.915827,-6.155815],[106.91582,-6.155707],[106.915808,-6.155638],[106.915787,-6.15558],[106.915754,-6.155532],[106.915714,-6.155487],[106.915666,-6.155444],[106.915601,-6.155409],[106.915542,-6.155389],[106.915481,-6.155379],[106.915424,-6.155377]]},"properties":{"@id":"way/1119956815","bridge":"yes","gauge":"1435","layer":"3","railway":"light_rail","service":"depot"},"id":"way/1119956815"},{"type":"Feature","geometry":{"type":"LineString","coordinates":[[106.915423,-6.155373],[106.915481,-6.155379]]},"properties":{"@id":"way/1119956816","bridge":"yes","layer":"3","railway":"light_rail","service":"depot"},"id":"way/1119956816"},{"type":"Feature","geometry":{"type":"LineString","coordinates":[[106.914355,-6.155908],[106.914318,-6.158405]]},"properties":{"@id":"way/1119956817","covered":"yes","gauge":"1435","railway":"light_rail","service":"depot"},"id":"way/1119956817"},{"type":"Feature","geometry":{"type":"LineString","coordinates":[[106.91499,-6.156103],[106.915023,-6.155882],[106.915031,-6.155827]]},"properties":{"@id":"way/1119957026","railway":"light_rail","service":"depot"},"id":"way/1119957026"},{"type":"Feature","geometry":{"type":"LineString","coordinates":[[106.915031,-6.155827],[106.915035,-6.155765],[106.915031,-6.15561]]},"properties":{"@id":"way/1119957027","covered":"yes","railway":"light_rail","service":"depot"},"id":"way/1119957027"},{"type":"Feature","geometry":{"type":"LineString","coordinates":[[106.914995,-6.155823],[106.914988,-6.155608]]},"properties":{"@id":"way/1119957028","covered":"yes","railway":"light_rail","service":"depot"},"id":"way/1119957028"},{"type":"Feature","geometry":{"type":"LineString","coordinates":[[106.914933,-6.155822],[106.914929,-6.155613]]},"properties":{"@id":"way/1119957029","covered":"yes","railway":"light_rail","service":"depot"},"id":"way/1119957029"},{"type":"Feature","geometry":{"type":"LineString","coordinates":[[106.914777,-6.158442],[106.91478,-6.158491],[106.914791,-6.158537],[106.914807,-6.158586],[106.914828,-6.158632],[106.91486,-6.15868],[106.914896,-6.158721],[106.914944,-6.158758],[106.914991,-6.158782],[106.915039,-6.158799],[106.915088,-6.158811],[106.9151,-6.158812]]},"properties":{"@id":"way/1119961280","electrified":"rail","gauge":"1435","layer":"3","maxspeed":"90","name":"LRT Jakarta Kalapa Gading - Velodrome Line","railway":"light_rail","service":"depot"},"id":"way/1119961280"},{"type":"Feature","geometry":{"type":"LineString","coordinates":[[106.91543,-6.155423],[106.915402,-6.155419],[106.915268,-6.155419],[106.915209,-6.155422],[106.915132,-6.155437],[106.915061,-6.155465],[106.915003,-6.155498],[106.914947,-6.155544],[106.9149,-6.155594],[106.914864,-6.155648],[106.914833,-6.155706],[106.914817,-6.155759],[106.914806,-6.155822],[106.914805,-6.155917]]},"properties":{"@id":"way/1119961281","electrified":"rail","gauge":"1435","layer":"3","maxspeed":"90","name":"LRT Jakarta Kalapa Gading - Velodrome Line","railway":"light_rail","service":"depot"},"id":"way/1119961281"},{"type":"Feature","geometry":{"type":"LineString","coordinates":[[106.914607,-6.155913],[106.914578,-6.158439]]},"properties":{"@id":"way/1119961282","covered":"yes","gauge":"1435","layer":"3","railway":"light_rail","service":"depot"},"id":"way/1119961282"},{"type":"Feature","geometry":{"type":"LineString","coordinates":[[106.914361,-6.158437],[106.914358,-6.158663]]},"properties":{"@id":"way/1119961283","gauge":"1435","railway":"light_rail","service":"depot"},"id":"way/1119961283"},{"type":"Feature","geometry":{"type":"LineString","coordinates":[[106.914392,-6.158682],[106.914396,-6.158437]]},"properties":{"@id":"way/1119961284","gauge":"1435","railway":"light_rail","service":"depot"},"id":"way/1119961284"},{"type":"Feature","geometry":{"type":"LineString","coordinates":[[106.914429,-6.158685],[106.914435,-6.158437]]},"properties":{"@id":"way/1119961285","gauge":"1435","layer":"3","railway":"light_rail","service":"depot"},"id":"way/1119961285"},{"type":"Feature","geometry":{"type":"LineString","coordinates":[[106.914465,-6.158686],[106.914473,-6.158437]]},"properties":{"@id":"way/1119961286","gauge":"1435","layer":"3","railway":"light_rail","service":"depot"},"id":"way/1119961286"},{"type":"Feature","geometry":{"type":"LineString","coordinates":[[106.914504,-6.158439],[106.9145,-6.158683]]},"properties":{"@id":"way/1119961287","gauge":"1435","layer":"3","railway":"light_rail","service":"depot"},"id":"way/1119961287"},{"type":"Feature","geometry":{"type":"LineString","coordinates":[[106.914539,-6.158685],[106.914545,-6.158439]]},"properties":{"@id":"way/1119961288","gauge":"1435","layer":"3","railway":"light_rail","service":"depot"},"id":"way/1119961288"},{"type":"Feature","geometry":{"type":"LineString","coordinates":[[106.914578,-6.158683],[106.914578,-6.158439]]},"properties":{"@id":"way/1119961289","gauge":"1435","layer":"3","railway":"light_rail","service":"depot"},"id":"way/1119961289"},{"type":"Feature","geometry":{"type":"LineString","coordinates":[[106.914616,-6.158441],[106.914613,-6.158683]]},"properties":{"@id":"way/1119961290","gauge":"1435","layer":"3","railway":"light_rail","service":"depot"},"id":"way/1119961290"},{"type":"Feature","geometry":{"type":"LineString","coordinates":[[106.914646,-6.158683],[106.914651,-6.158441]]},"properties":{"@id":"way/1119961291","gauge":"1435","layer":"3","railway":"light_rail","service":"depot"},"id":"way/1119961291"},{"type":"Feature","geometry":{"type":"LineString","coordinates":[[106.914685,-6.158683],[106.914689,-6.15844]]},"properties":{"@id":"way/1119961292","gauge":"1435","layer":"3","railway":"light_rail","service":"depot"},"id":"way/1119961292"},{"type":"Feature","geometry":{"type":"LineString","coordinates":[[106.91472,-6.158683],[106.91472,-6.158442]]},"properties":{"@id":"way/1119961293","gauge":"1435","layer":"3","railway":"light_rail","service":"depot"},"id":"way/1119961293"},{"type":"Feature","geometry":{"type":"LineString","coordinates":[[106.914752,-6.155914],[106.914752,-6.155836],[106.914755,-6.155786],[106.914768,-6.155728],[106.914792,-6.155663],[106.914825,-6.1556],[106.914861,-6.155551],[106.914927,-6.155485],[106.914969,-6.155454],[106.915021,-6.155426],[106.915072,-6.155404],[106.915128,-6.155388],[106.915179,-6.15538],[106.915242,-6.155373]]},"properties":{"@id":"way/1119961294","gauge":"1435","layer":"3","railway":"light_rail","service":"depot"},"id":"way/1119961294"},{"type":"Feature","geometry":{"type":"LineString","coordinates":[[106.914716,-6.155913],[106.91472,-6.155871],[106.914734,-6.155824],[106.914768,-6.155728]]},"properties":{"@id":"way/1119961295","gauge":"1435","layer":"3","railway":"light_rail","service":"depot"},"id":"way/1119961295"},{"type":"Feature","geometry":{"type":"LineString","coordinates":[[106.914682,-6.155915],[106.914688,-6.15585],[106.914706,-6.155791],[106.914728,-6.155744],[106.914825,-6.1556]]},"properties":{"@id":"way/1119961296","gauge":"1435","layer":"3","railway":"light_rail","service":"depot"},"id":"way/1119961296"},{"type":"Feature","geometry":{"type":"LineString","coordinates":[[106.914648,-6.155913],[106.914651,-6.155859],[106.914661,-6.155794],[106.914676,-6.15575],[106.914697,-6.155703],[106.914726,-6.15566],[106.91477,-6.155611],[106.914816,-6.155572],[106.914927,-6.155485]]},"properties":{"@id":"way/1119961297","gauge":"1435","layer":"3","railway":"light_rail","service":"depot"},"id":"way/1119961297"},{"type":"Feature","geometry":{"type":"LineString","coordinates":[[106.914635,-6.15569],[106.914617,-6.155758],[106.914609,-6.155806],[106.914606,-6.155856],[106.914607,-6.155913]]},"properties":{"@id":"way/1119961298","gauge":"1435","layer":"3","railway":"light_rail","service":"depot"},"id":"way/1119961298"},{"type":"Feature","geometry":{"type":"LineString","coordinates":[[106.914574,-6.155912],[106.914575,-6.155877],[106.914583,-6.15583],[106.914596,-6.155786],[106.914618,-6.155727],[106.914635,-6.15569],[106.91465,-6.155657],[106.914685,-6.155597],[106.914708,-6.155564],[106.914738,-6.155532],[106.914775,-6.155499]]},"properties":{"@id":"way/1119961299","gauge":"1435","layer":"3","railway":"light_rail","service":"depot"},"id":"way/1119961299"},{"type":"Feature","geometry":{"type":"LineString","coordinates":[[106.915424,-6.155377],[106.915242,-6.155373],[106.915135,-6.155373],[106.915069,-6.155374],[106.915002,-6.155383],[106.91493,-6.155403],[106.914872,-6.15543],[106.914824,-6.155459],[106.914775,-6.155499],[106.914657,-6.155589],[106.914616,-6.155628],[106.914578,-6.155671],[106.914546,-6.155726],[106.914522,-6.155782],[106.914507,-6.155842],[106.914501,-6.155912]]},"properties":{"@id":"way/1119961300","gauge":"1435","layer":"3","railway":"light_rail","service":"depot"},"id":"way/1119961300"},{"type":"Feature","geometry":{"type":"LineString","coordinates":[[106.914464,-6.155912],[106.914465,-6.155758],[106.914471,-6.155705],[106.914484,-6.155643],[106.914505,-6.155595],[106.914546,-6.155521]]},"properties":{"@id":"way/1119961301","gauge":"1435","layer":"3","railway":"light_rail","service":"depot"},"id":"way/1119961301"},{"type":"Feature","geometry":{"type":"LineString","coordinates":[[106.914427,-6.155912],[106.914429,-6.155853],[106.914436,-6.155798],[106.914452,-6.155736],[106.914484,-6.155643]]},"properties":{"@id":"way/1119961302","gauge":"1435","layer":"3","railway":"light_rail","service":"depot"},"id":"way/1119961302"},{"type":"Feature","geometry":{"type":"LineString","coordinates":[[106.914391,-6.155909],[106.914394,-6.155842],[106.914406,-6.155771],[106.914422,-6.155721],[106.914445,-6.15567],[106.914477,-6.155616],[106.914546,-6.155521],[106.914595,-6.155463],[106.914657,-6.155406],[106.914715,-6.155374],[106.914776,-6.155349],[106.914829,-6.155337],[106.914938,-6.155328]]},"properties":{"@id":"way/1119961303","gauge":"1435","railway":"light_rail","service":"depot"},"id":"way/1119961303"},{"type":"Feature","geometry":{"type":"LineString","coordinates":[[106.915425,-6.155332],[106.915097,-6.155329],[106.914938,-6.155328],[106.914752,-6.155326],[106.914709,-6.155325],[106.914651,-6.15533],[106.914603,-6.15534],[106.914548,-6.155363],[106.914495,-6.155397],[106.914447,-6.155441],[106.914406,-6.155494],[106.914376,-6.155562],[106.914362,-6.155625],[106.914356,-6.155686],[106.914355,-6.155908]]},"properties":{"@id":"way/1119961304","gauge":"1435","railway":"light_rail","service":"depot"},"id":"way/1119961304"},{"type":"Feature","geometry":{"type":"LineString","coordinates":[[106.914539,-6.155913],[106.914545,-6.155854],[106.914559,-6.155804],[106.91458,-6.155756],[106.914607,-6.155709],[106.914685,-6.155597]]},"properties":{"@id":"way/1119961305","gauge":"1435","layer":"3","railway":"light_rail","service":"depot"},"id":"way/1119961305"},{"type":"Feature","geometry":{"type":"LineString","coordinates":[[106.656164,-6.130098],[106.656426,-6.129994]]},"properties":{"@id":"way/1123978536","alt_name":"Kereta Layang Bandar Udara","bridge":"yes","electrified":"rail","gauge":"1067","layer":"2","name":"Kalayang Bandar Udara","name:en":"Airport Skytrain","railway":"light_rail","wikidata":"Q55075145","wikipedia":"id:Kalayang Bandara Soekarno–Hatta"},"id":"way/1123978536"},{"type":"Feature","geometry":{"type":"LineString","coordinates":[[106.65648,-6.130122],[106.656216,-6.130227]]},"properties":{"@id":"way/1123978537","alt_name":"Kereta Layang Bandar Udara","bridge":"yes","electrified":"rail","gauge":"1067","layer":"2","name":"Kalayang Bandar Udara","name:en":"Airport Skytrain","railway":"light_rail","wikidata":"Q55075145","wikipedia":"id:Kalayang Bandara Soekarno–Hatta"},"id":"way/1123978537"},{"type":"Feature","geometry":{"type":"LineString","coordinates":[[106.66287,-6.120868],[106.662898,-6.120853],[106.664558,-6.119995]]},"properties":{"@id":"way/1123978538","alt_name":"Kereta Layang Bandar Udara","bridge":"yes","electrified":"rail","gauge":"1067","layer":"2","name":"Kalayang Bandar Udara","name:en":"Airport Skytrain","railway":"light_rail","wikidata":"Q55075145","wikipedia":"id:Kalayang Bandara Soekarno–Hatta"},"id":"way/1123978538"},{"type":"Feature","geometry":{"type":"LineString","coordinates":[[106.663567,-6.120678],[106.664127,-6.12039],[106.664612,-6.120136]]},"properties":{"@id":"way/1123978539","alt_name":"Kereta Layang Bandar Udara","bridge":"yes","electrified":"rail","gauge":"1067","layer":"2","name":"Kalayang Bandar Udara","name:en":"Airport Skytrain","railway":"light_rail","wikidata":"Q55075145","wikipedia":"id:Kalayang Bandara Soekarno–Hatta"},"id":"way/1123978539"},{"type":"Feature","geometry":{"type":"LineString","coordinates":[[106.655509,-6.130509],[106.655249,-6.130612],[106.655185,-6.130636],[106.655114,-6.130654],[106.655024,-6.130672],[106.654943,-6.130679],[106.654859,-6.130681],[106.654791,-6.130676],[106.654717,-6.130666],[106.654643,-6.130651],[106.65457,-6.130629],[106.654506,-6.130601],[106.654445,-6.130573],[106.654383,-6.130533],[106.654311,-6.130482],[106.65425,-6.13043],[106.654204,-6.130376],[106.654164,-6.130329],[106.654124,-6.130276],[106.654094,-6.130226],[106.654059,-6.13016],[106.654012,-6.130057],[106.653971,-6.129957]]},"properties":{"@id":"way/1123978540","alt_name":"Kereta Layang Bandar Udara","bridge":"yes","electrified":"rail","gauge":"1067","layer":"2","name":"Kalayang Bandar Udara","name:en":"Airport Skytrain","railway":"light_rail","wikidata":"Q55075145","wikipedia":"id:Kalayang Bandara Soekarno–Hatta"},"id":"way/1123978540"},{"type":"Feature","geometry":{"type":"LineString","coordinates":[[106.653806,-6.129332],[106.653832,-6.1294],[106.653988,-6.129803],[106.654043,-6.129936],[106.654083,-6.130027],[106.654127,-6.130104],[106.654168,-6.130162],[106.654213,-6.130221],[106.654261,-6.130271],[106.654313,-6.13032],[106.654371,-6.130369],[106.654426,-6.130407],[106.654481,-6.130436],[106.654543,-6.130463],[106.654625,-6.130492],[106.654695,-6.130509],[106.654766,-6.130523],[106.654846,-6.130529],[106.654924,-6.130531],[106.655002,-6.130525],[106.655075,-6.130512],[106.655138,-6.130496],[106.655214,-6.130474],[106.655456,-6.130379]]},"properties":{"@id":"way/1123978541","alt_name":"Kereta Layang Bandar Udara","bridge":"yes","electrified":"rail","gauge":"1067","layer":"2","name":"Kalayang Bandar Udara","name:en":"Airport Skytrain","railway":"light_rail","wikidata":"Q55075145","wikipedia":"id:Kalayang Bandara Soekarno–Hatta"},"id":"way/1123978541"},{"type":"Feature","geometry":{"type":"LineString","coordinates":[[106.653971,-6.129957],[106.653546,-6.128879]]},"properties":{"@id":"way/1123978542","alt_name":"Kereta Layang Bandar Udara","bridge":"yes","electrified":"rail","gauge":"1067","layer":"2","name":"Kalayang Bandar Udara","name:en":"Airport Skytrain","railway":"light_rail","wikidata":"Q55075145","wikipedia":"id:Kalayang Bandara Soekarno–Hatta"},"id":"way/1123978542"},{"type":"Feature","geometry":{"type":"LineString","coordinates":[[106.66522,-6.119677],[106.665668,-6.119484]]},"properties":{"@id":"way/1124069940","alt_name":"Kereta Layang Bandar Udara","covered":"yes","gauge":"1067","name":"Kalayang Bandar Udara","name:en":"Airport Skytrain","railway":"light_rail","wikidata":"Q55075145","wikipedia":"id:Kalayang Bandara Soekarno–Hatta"},"id":"way/1124069940"},{"type":"Feature","geometry":{"type":"LineString","coordinates":[[106.665721,-6.11961],[106.66547,-6.119722]]},"properties":{"@id":"way/1124069941","alt_name":"Kereta Layang Bandar Udara","covered":"yes","gauge":"1067","name":"Kalayang Bandar Udara","name:en":"Airport Skytrain","railway":"light_rail","wikidata":"Q55075145","wikipedia":"id:Kalayang Bandara Soekarno–Hatta"},"id":"way/1124069941"},{"type":"Feature","geometry":{"type":"LineString","coordinates":[[106.65316,-6.127547],[106.65317,-6.127575],[106.653189,-6.127636],[106.653205,-6.127706],[106.653276,-6.127997],[106.653293,-6.128059],[106.653323,-6.128146],[106.653806,-6.129332]]},"properties":{"@id":"way/1124146163","alt_name":"Kereta Layang Bandar Udara","bridge":"yes","electrified":"rail","gauge":"1067","layer":"2","name":"Kalayang Bandar Udara","name:en":"Airport Skytrain","railway":"light_rail","wikidata":"Q55075145","wikipedia":"id:Kalayang Bandara Soekarno–Hatta"},"id":"way/1124146163"},{"type":"Feature","geometry":{"type":"LineString","coordinates":[[106.653546,-6.128879],[106.65352,-6.128817],[106.65303,-6.127598]]},"properties":{"@id":"way/1124146164","alt_name":"Kereta Layang Bandar Udara","bridge":"yes","electrified":"rail","gauge":"1067","layer":"2","name":"Kalayang Bandar Udara","name:en":"Airport Skytrain","railway":"light_rail","wikidata":"Q55075145","wikipedia":"id:Kalayang Bandara Soekarno–Hatta"},"id":"way/1124146164"},{"type":"Feature","geometry":{"type":"LineString","coordinates":[[106.65303,-6.127598],[106.652773,-6.126946],[106.652688,-6.126735]]},"properties":{"@id":"way/1124146165","alt_name":"Kereta Layang Bandar Udara","covered":"yes","electrified":"rail","gauge":"1067","layer":"2","name":"Kalayang Bandar Udara","name:en":"Airport Skytrain","railway":"light_rail"},"id":"way/1124146165"},{"type":"Feature","geometry":{"type":"LineString","coordinates":[[106.65282,-6.126683],[106.653057,-6.127286],[106.65316,-6.127547]]},"properties":{"@id":"way/1124146166","alt_name":"Kereta Layang Bandar Udara","covered":"yes","electrified":"rail","gauge":"1067","layer":"2","name":"Kalayang Bandar Udara","name:en":"Airport Skytrain","railway":"light_rail"},"id":"way/1124146166"},{"type":"Feature","geometry":{"type":"LineString","coordinates":[[106.656216,-6.130227],[106.655681,-6.130441]]},"properties":{"@id":"way/1124146167","alt_name":"Kereta Layang Bandar Udara","covered":"yes","electrified":"rail","gauge":"1067","layer":"2","name":"Kalayang Bandar Udara","name:en":"Airport Skytrain","railway":"light_rail","wikidata":"Q55075145","wikipedia":"id:Kalayang Bandara Soekarno–Hatta"},"id":"way/1124146167"},{"type":"Feature","geometry":{"type":"LineString","coordinates":[[106.655456,-6.130379],[106.656079,-6.130131]]},"properties":{"@id":"way/1124146168","alt_name":"Kereta Layang Bandar Udara","covered":"yes","electrified":"rail","gauge":"1067","layer":"2","name":"Kalayang Bandar Udara","name:en":"Airport Skytrain","railway":"light_rail","wikidata":"Q55075145","wikipedia":"id:Kalayang Bandara Soekarno–Hatta"},"id":"way/1124146168"},{"type":"Feature","geometry":{"type":"LineString","coordinates":[[106.656079,-6.130131],[106.656164,-6.130098]]},"properties":{"@id":"way/1124146169","alt_name":"Kereta Layang Bandar Udara","covered":"yes","electrified":"rail","gauge":"1067","layer":"2","name":"Kalayang Bandar Udara","name:en":"Airport Skytrain","railway":"light_rail","wikidata":"Q55075145","wikipedia":"id:Kalayang Bandara Soekarno–Hatta"},"id":"way/1124146169"},{"type":"Feature","geometry":{"type":"LineString","coordinates":[[106.652688,-6.126735],[106.652682,-6.126719],[106.65266,-6.126659],[106.652639,-6.126589],[106.652577,-6.126352],[106.652551,-6.126262],[106.652519,-6.126172],[106.652225,-6.125445],[106.651891,-6.124603],[106.651841,-6.124477],[106.651815,-6.12438],[106.651791,-6.124267],[106.651783,-6.124171],[106.651785,-6.124085],[106.651797,-6.123984],[106.651822,-6.123891],[106.65185,-6.123812],[106.651888,-6.123732],[106.651939,-6.123646],[106.651997,-6.123569],[106.652059,-6.123508],[106.652122,-6.123449],[106.652186,-6.123403],[106.65228,-6.123349],[106.652344,-6.123318],[106.652451,-6.123272],[106.652632,-6.123198]]},"properties":{"@id":"way/1124146171","alt_name":"Kereta Layang Bandar Udara","bridge":"yes","electrified":"rail","gauge":"1067","layer":"2","name":"Kalayang Bandar Udara","name:en":"Airport Skytrain","railway":"light_rail","wikidata":"Q55075145","wikipedia":"id:Kalayang Bandara Soekarno–Hatta"},"id":"way/1124146171"},{"type":"Feature","geometry":{"type":"LineString","coordinates":[[106.652683,-6.123325],[106.652507,-6.123397],[106.6524,-6.123447],[106.652339,-6.123477],[106.652245,-6.123535],[106.652174,-6.123591],[106.652083,-6.123685],[106.652022,-6.123772],[106.651965,-6.123865],[106.651916,-6.123977],[106.651882,-6.124092],[106.65187,-6.124197],[106.651871,-6.124309],[106.651881,-6.124418],[106.651906,-6.124525],[106.651952,-6.124658],[106.652269,-6.125436],[106.652552,-6.126145],[106.652592,-6.126238],[106.652624,-6.126304],[106.652752,-6.126542],[106.652782,-6.126604],[106.652808,-6.126656],[106.652816,-6.126674],[106.65282,-6.126683]]},"properties":{"@id":"way/1124146172","alt_name":"Kereta Layang Bandar Udara","bridge":"yes","electrified":"rail","gauge":"1067","layer":"2","name":"Kalayang Bandar Udara","name:en":"Airport Skytrain","railway":"light_rail","wikidata":"Q55075145","wikipedia":"id:Kalayang Bandara Soekarno–Hatta"},"id":"way/1124146172"},{"type":"Feature","geometry":{"type":"LineString","coordinates":[[106.653393,-6.123043],[106.652936,-6.123222],[106.652683,-6.123325]]},"properties":{"@id":"way/1124146173","alt_name":"Kereta Layang Bandar Udara","covered":"yes","electrified":"rail","gauge":"1067","layer":"2","name":"Kalayang Bandar Udara","name:en":"Airport Skytrain","railway":"light_rail","wikidata":"Q55075145","wikipedia":"id:Kalayang Bandara Soekarno–Hatta"},"id":"way/1124146173"},{"type":"Feature","geometry":{"type":"LineString","coordinates":[[106.652632,-6.123198],[106.653095,-6.123009],[106.65334,-6.122913]]},"properties":{"@id":"way/1124146174","alt_name":"Kereta Layang Bandar Udara","covered":"yes","electrified":"rail","gauge":"1067","name":"Kalayang Bandar Udara","name:en":"Airport Skytrain","railway":"light_rail","wikidata":"Q55075145","wikipedia":"id:Kalayang Bandara Soekarno–Hatta"},"id":"way/1124146174"},{"type":"Feature","geometry":{"type":"LineString","coordinates":[[106.664612,-6.120136],[106.665068,-6.119907],[106.66547,-6.119722]]},"properties":{"@id":"way/1124220312","alt_name":"Kereta Layang Bandar Udara","covered":"yes","electrified":"rail","gauge":"1067","name":"Kalayang Bandar Udara","name:en":"Airport Skytrain","railway":"light_rail","wikidata":"Q55075145","wikipedia":"id:Kalayang Bandara Soekarno–Hatta"},"id":"way/1124220312"},{"type":"Feature","geometry":{"type":"LineString","coordinates":[[106.88615,-6.214097],[106.887145,-6.214015],[106.887761,-6.213913],[106.88839,-6.213766],[106.889931,-6.21329],[106.890644,-6.213143],[106.891043,-6.213084],[106.89162,-6.213037],[106.892296,-6.213024]]},"properties":{"@id":"way/1125142806","electrified":"no","gauge":"1067","maxspeed":"115","name":"Jalur Kereta Api Jakarta Kota–Cikampek","railway":"rail","usage":"main","wikidata":"Q19726782","wikipedia":"id:Jalur kereta api Jakarta Kota–Cikampek"},"id":"way/1125142806"},{"type":"Feature","geometry":{"type":"LineString","coordinates":[[106.811004,-6.187649],[106.81095,-6.187121],[106.810912,-6.186743]]},"properties":{"@id":"way/1127984143","electrified":"contact_line","frequency":"0","gauge":"1067","maxspeed":"30","name":"Jalur Kereta Api Tanah Abang–Merak","railway":"rail","usage":"main","voltage":"1500","wikidata":"Q18916627","wikipedia":"id:Jalur kereta api Merak–Tanah Abang"},"id":"way/1127984143"},{"type":"Feature","geometry":{"type":"LineString","coordinates":[[106.810912,-6.186743],[106.810874,-6.186372]]},"properties":{"@id":"way/1127984144","electrified":"contact_line","frequency":"0","gauge":"1067","maxspeed":"30","name":"Jalur Kereta Api Tanah Abang–Merak","railway":"rail","usage":"main","voltage":"1500","wikidata":"Q18916627","wikipedia":"id:Jalur kereta api Merak–Tanah Abang"},"id":"way/1127984144"},{"type":"Feature","geometry":{"type":"LineString","coordinates":[[106.810912,-6.186743],[106.81091,-6.186549],[106.81091,-6.186373]]},"properties":{"@id":"way/1127984145","electrified":"contact_line","frequency":"0","gauge":"1067","maxspeed":"30","railway":"rail","service":"crossover","voltage":"1500"},"id":"way/1127984145"},{"type":"Feature","geometry":{"type":"LineString","coordinates":[[106.81095,-6.186737],[106.81091,-6.186549],[106.810874,-6.186372]]},"properties":{"@id":"way/1127984147","electrified":"contact_line","frequency":"0","gauge":"1067","passenger_lines":"2","railway":"rail","service":"crossover","voltage":"1500"},"id":"way/1127984147"},{"type":"Feature","geometry":{"type":"LineString","coordinates":[[106.811079,-6.187628],[106.811113,-6.187948],[106.811125,-6.188124],[106.811131,-6.188295],[106.811114,-6.188506],[106.811096,-6.188619],[106.811068,-6.188779]]},"properties":{"@id":"way/1127984148","electrified":"contact_line","frequency":"0","gauge":"1067","maxspeed":"70","name":"Jalur Kereta Api Tanah Abang–Manggarai","railway":"rail","usage":"main","voltage":"1500","wikidata":"Q19726698","wikipedia":"id:Jalur kereta api lintas Jakarta"},"id":"way/1127984148"},{"type":"Feature","geometry":{"type":"LineString","coordinates":[[106.811036,-6.185901],[106.811041,-6.185948],[106.811066,-6.186186],[106.811072,-6.186261],[106.811071,-6.186324],[106.811056,-6.186734],[106.811056,-6.186791],[106.811062,-6.186868],[106.811147,-6.187631]]},"properties":{"@id":"way/1127984150","electrified":"contact_line","frequency":"0","gauge":"1067","maxspeed":"70","name":"Jalur Kereta Api Tanah Abang–Manggarai","railway":"rail","usage":"main","voltage":"1500","wikidata":"Q19726698","wikipedia":"id:Jalur kereta api lintas Jakarta"},"id":"way/1127984150"},{"type":"Feature","geometry":{"type":"LineString","coordinates":[[106.810873,-6.184246],[106.810863,-6.184018],[106.810741,-6.18292],[106.810719,-6.182806],[106.810683,-6.182677],[106.810653,-6.18259],[106.810622,-6.182506]]},"properties":{"@id":"way/1127984151","electrified":"contact_line","frequency":"0","gauge":"1067","maxspeed":"70","name":"Jalur Kereta Api Duri–Tanah Abang","operator":"Kereta Api Indonesia","owner":"Direktorat Jenderal, Kementerian Perhubungan","owner:en":"Directorate General of Railways, Ministry of Transportation","railway":"rail","railway:track_ref":"1","tunnel":"building_passage","usage":"main","voltage":"1500","wikidata":"Q19726698","wikipedia":"id:Jalur kereta api lintas Jakarta"},"id":"way/1127984151"},{"type":"Feature","geometry":{"type":"LineString","coordinates":[[106.810996,-6.185903],[106.810993,-6.185549]]},"properties":{"@id":"way/1127984152","electrified":"contact_line","frequency":"0","gauge":"1067","railway":"rail","service":"crossover","tunnel":"building_passage","voltage":"1500"},"id":"way/1127984152"},{"type":"Feature","geometry":{"type":"LineString","coordinates":[[106.810898,-6.187126],[106.810955,-6.187384],[106.811004,-6.187649]]},"properties":{"@id":"way/1127984153","electrified":"contact_line","frequency":"0","gauge":"1067","maxspeed":"30","railway":"rail","service":"crossover","voltage":"1500"},"id":"way/1127984153"},{"type":"Feature","geometry":{"type":"LineString","coordinates":[[106.81095,-6.187121],[106.810955,-6.187384],[106.810966,-6.187655]]},"properties":{"@id":"way/1127984154","electrified":"contact_line","frequency":"0","gauge":"1067","maxspeed":"30","passenger_lines":"2","railway":"rail","service":"crossover","voltage":"1500"},"id":"way/1127984154"},{"type":"Feature","geometry":{"type":"LineString","coordinates":[[106.810874,-6.186372],[106.810859,-6.186216],[106.810828,-6.185924]]},"properties":{"@id":"way/1127984155","electrified":"contact_line","frequency":"0","gauge":"1067","maxspeed":"30","name":"Jalur Kereta Api Tanah Abang–Merak","railway":"rail","railway:track_ref":"5","usage":"main","voltage":"1500","wikidata":"Q18916627","wikipedia":"id:Jalur kereta api Merak–Tanah Abang"},"id":"way/1127984155"},{"type":"Feature","geometry":{"type":"LineString","coordinates":[[106.810524,-6.183141],[106.810615,-6.183825],[106.810625,-6.18392],[106.810713,-6.18479],[106.810782,-6.185518]]},"properties":{"@id":"way/1127984156","electrified":"contact_line","frequency":"0","gauge":"1067","name":"Jalur Kereta Api Tanah Abang–Merak","railway":"rail","railway:track_ref":"5","usage":"main","voltage":"1500","wikidata":"Q18916627","wikipedia":"id:Jalur kereta api Merak–Tanah Abang"},"id":"way/1127984156"},{"type":"Feature","geometry":{"type":"LineString","coordinates":[[106.810516,-6.183081],[106.810514,-6.182894],[106.810511,-6.182726]]},"properties":{"@id":"way/1127984157","electrified":"contact_line","frequency":"0","gauge":"1067","railway":"rail","service":"crossover","voltage":"1500"},"id":"way/1127984157"},{"type":"Feature","geometry":{"type":"LineString","coordinates":[[106.810502,-6.182258],[106.81051,-6.182333],[106.810589,-6.183074],[106.810638,-6.18353]]},"properties":{"@id":"way/1127984158","electrified":"contact_line","frequency":"0","gauge":"1067","maxspeed":"70","name":"Jalur Kereta Api Duri–Tanah Abang","operator":"Kereta Api Indonesia","owner":"Direktorat Jenderal, Kementerian Perhubungan","owner:en":"Directorate General of Railways, Ministry of Transportation","railway":"rail","usage":"main","voltage":"1500","wikidata":"Q19726698","wikipedia":"id:Jalur kereta api lintas Jakarta"},"id":"way/1127984158"},{"type":"Feature","geometry":{"type":"LineString","coordinates":[[106.81039,-6.180828],[106.810399,-6.181316]]},"properties":{"@id":"way/1127984159","electrified":"contact_line","frequency":"0","gauge":"1067","railway":"rail","service":"crossover","voltage":"1500"},"id":"way/1127984159"},{"type":"Feature","geometry":{"type":"LineString","coordinates":[[106.810511,-6.182726],[106.81051,-6.182333]]},"properties":{"@id":"way/1127984160","electrified":"contact_line","frequency":"0","gauge":"1067","railway":"rail","service":"crossover","voltage":"1500"},"id":"way/1127984160"},{"type":"Feature","geometry":{"type":"LineString","coordinates":[[106.81048,-6.182729],[106.810514,-6.182894],[106.810551,-6.183078],[106.810638,-6.18353]]},"properties":{"@id":"way/1127984162","electrified":"contact_line","frequency":"0","gauge":"1067","passenger_lines":"4","railway":"rail","service":"crossover","voltage":"1500"},"id":"way/1127984162"},{"type":"Feature","geometry":{"type":"LineString","coordinates":[[106.810677,-6.183904],[106.810719,-6.184284],[106.810773,-6.184772],[106.810851,-6.185503]]},"properties":{"@id":"way/1127984163","electrified":"contact_line","frequency":"0","gauge":"1067","maxspeed":"70","name":"Jalur Kereta Api Duri–Tanah Abang","railway":"rail","railway:track_ref":"3","usage":"main","voltage":"1500","wikidata":"Q19726698","wikipedia":"id:Jalur kereta api lintas Jakarta"},"id":"way/1127984163"},{"type":"Feature","geometry":{"type":"LineString","coordinates":[[106.810896,-6.185918],[106.810928,-6.186213],[106.810949,-6.186373],[106.810992,-6.186765]]},"properties":{"@id":"way/1127984164","electrified":"contact_line","frequency":"0","gauge":"1067","maxspeed":"70","name":"Jalur Kereta Api Tanah Abang–Manggarai","railway":"rail","railway:track_ref":"3","usage":"main","voltage":"1500","wikidata":"Q19726698","wikipedia":"id:Jalur kereta api lintas Jakarta"},"id":"way/1127984164"},{"type":"Feature","geometry":{"type":"LineString","coordinates":[[106.843235,-6.170969],[106.843395,-6.17135]]},"properties":{"@id":"way/1127984166","electrified":"no","gauge":"1067","railway":"rail","service":"crossover"},"id":"way/1127984166"},{"type":"Feature","geometry":{"type":"LineString","coordinates":[[106.847871,-6.207514],[106.848081,-6.207823]]},"properties":{"@id":"way/1127984167","electrified":"contact_line","frequency":"0","gauge":"1067","name":"Jalur Kereta Api Tanah Abang–Manggarai","railway":"rail","usage":"main","voltage":"1500","wikidata":"Q19726698","wikipedia":"id:Jalur kereta api lintas Jakarta"},"id":"way/1127984167"},{"type":"Feature","geometry":{"type":"LineString","coordinates":[[106.847492,-6.207068],[106.847453,-6.207018],[106.847284,-6.206796],[106.847084,-6.206571]]},"properties":{"@id":"way/1127984168","electrified":"contact_line","frequency":"0","gauge":"1067","layer":"1","name":"Jalur Kereta Api Tanah Abang–Manggarai","railway":"rail","usage":"main","voltage":"1500","wikidata":"Q19726698","wikipedia":"id:Jalur kereta api lintas Jakarta"},"id":"way/1127984168"},{"type":"Feature","geometry":{"type":"LineString","coordinates":[[106.872709,-6.214813],[106.872935,-6.214827],[106.873172,-6.214817],[106.873509,-6.21482],[106.873959,-6.214836]]},"properties":{"@id":"way/1127984169","electrified":"contact_line","frequency":"0","gauge":"1067","name":"Jalur Kereta Api Jakarta Kota–Cikampek","railway":"rail","usage":"main","voltage":"1500","wikidata":"Q19726782","wikipedia":"id:Jalur kereta api Jakarta Kota–Cikampek"},"id":"way/1127984169"},{"type":"Feature","geometry":{"type":"LineString","coordinates":[[106.873959,-6.214836],[106.874213,-6.214818]]},"properties":{"@id":"way/1127984170","electrified":"contact_line","frequency":"0","gauge":"1067","maxspeed":"115","name":"Jalur Kereta Api Jakarta Kota–Cikampek","railway":"rail","usage":"main","voltage":"1500","wikidata":"Q19726782","wikipedia":"id:Jalur kereta api Jakarta Kota–Cikampek"},"id":"way/1127984170"},{"type":"Feature","geometry":{"type":"LineString","coordinates":[[106.873568,-6.214865],[106.873959,-6.214836]]},"properties":{"@id":"way/1127984171","electrified":"contact_line","frequency":"0","gauge":"1067","maxspeed":"115","name":"Jalur Kereta Api Jakarta Kota–Cikampek","railway":"rail","usage":"main","voltage":"1500","wikidata":"Q19726782","wikipedia":"id:Jalur kereta api Jakarta Kota–Cikampek"},"id":"way/1127984171"},{"type":"Feature","geometry":{"type":"LineString","coordinates":[[106.874799,-6.214829],[106.874996,-6.21482]]},"properties":{"@id":"way/1127984172","electrified":"contact_line","frequency":"0","gauge":"1067","maxspeed":"115","name":"Jalur Kereta Api Jakarta Kota–Cikampek","railway":"rail","usage":"main","voltage":"1500","wikidata":"Q19726782","wikipedia":"id:Jalur kereta api Jakarta Kota–Cikampek"},"id":"way/1127984172"},{"type":"Feature","geometry":{"type":"LineString","coordinates":[[106.8742,-6.214866],[106.874799,-6.214829]]},"properties":{"@id":"way/1127984173","electrified":"contact_line","frequency":"0","gauge":"1067","maxspeed":"115","name":"Jalur Kereta Api Jakarta Kota–Cikampek","railway":"rail","usage":"main","voltage":"1500","wikidata":"Q19726782","wikipedia":"id:Jalur kereta api Jakarta Kota–Cikampek"},"id":"way/1127984173"},{"type":"Feature","geometry":{"type":"LineString","coordinates":[[106.874912,-6.214866],[106.875556,-6.214838]]},"properties":{"@id":"way/1127984174","electrified":"contact_line","frequency":"0","gauge":"1067","maxspeed":"115","name":"Jalur Kereta Api Jakarta Kota–Cikampek","railway":"rail","usage":"main","voltage":"1500","wikidata":"Q19726782","wikipedia":"id:Jalur kereta api Jakarta Kota–Cikampek"},"id":"way/1127984174"},{"type":"Feature","geometry":{"type":"LineString","coordinates":[[106.848488,-6.208331],[106.848537,-6.208397],[106.848752,-6.208732]]},"properties":{"@id":"way/1127984175","electrified":"contact_line","frequency":"0","gauge":"1067","name":"Jalur Kereta Api Tanah Abang–Manggarai","railway":"rail","usage":"main","voltage":"1500","wikidata":"Q19726698","wikipedia":"id:Jalur kereta api lintas Jakarta"},"id":"way/1127984175"},{"type":"Feature","geometry":{"type":"LineString","coordinates":[[106.847899,-6.207486],[106.848047,-6.207733],[106.848095,-6.207814]]},"properties":{"@id":"way/1127984177","electrified":"contact_line","frequency":"0","gauge":"1067","railway":"rail","service":"crossover","voltage":"1500"},"id":"way/1127984177"},{"type":"Feature","geometry":{"type":"LineString","coordinates":[[106.848999,-6.208879],[106.84881,-6.208656],[106.848633,-6.208446]]},"properties":{"@id":"way/1127984179","electrified":"contact_line","frequency":"0","gauge":"1067","railway":"rail","service":"crossover","voltage":"1500"},"id":"way/1127984179"},{"type":"Feature","geometry":{"type":"LineString","coordinates":[[106.87475,-6.214875],[106.874912,-6.214866]]},"properties":{"@id":"way/1127984181","electrified":"contact_line","frequency":"0","gauge":"1067","maxspeed":"115","name":"Jalur Kereta Api Jakarta Kota–Cikampek","railway":"rail","usage":"main","voltage":"1500","wikidata":"Q19726782","wikipedia":"id:Jalur kereta api Jakarta Kota–Cikampek"},"id":"way/1127984181"},{"type":"Feature","geometry":{"type":"LineString","coordinates":[[106.873085,-6.214968],[106.873323,-6.21495],[106.87475,-6.214875]]},"properties":{"@id":"way/1127984182","electrified":"contact_line","frequency":"0","gauge":"1067","maxspeed":"115","name":"Jalur Kereta Api Manggarai–Jatinegara","railway":"rail","usage":"main","voltage":"1500","wikidata":"Q17052030","wikipedia":"en:Jatinegara-Manggarai railway"},"id":"way/1127984182"},{"type":"Feature","geometry":{"type":"LineString","coordinates":[[106.874129,-6.21487],[106.8742,-6.214866]]},"properties":{"@id":"way/1127984183","electrified":"contact_line","frequency":"0","gauge":"1067","maxspeed":"115","name":"Jalur Kereta Api Jakarta Kota–Cikampek","railway":"rail","usage":"main","voltage":"1500","wikidata":"Q19726782","wikipedia":"id:Jalur kereta api Jakarta Kota–Cikampek"},"id":"way/1127984183"},{"type":"Feature","geometry":{"type":"LineString","coordinates":[[106.874213,-6.214818],[106.87462,-6.2148],[106.875543,-6.214758],[106.87663,-6.214675],[106.876905,-6.214652],[106.877974,-6.214583],[106.878489,-6.214554],[106.878537,-6.214552],[106.880201,-6.214452],[106.880559,-6.214431],[106.88615,-6.214097]]},"properties":{"@id":"way/1127984185","electrified":"no","gauge":"1067","maxspeed":"115","name":"Jalur Kereta Api Jakarta Kota–Cikampek","railway":"rail","usage":"main","wikidata":"Q19726782","wikipedia":"id:Jalur kereta api Jakarta Kota–Cikampek"},"id":"way/1127984185"},{"type":"Feature","geometry":{"type":"LineString","coordinates":[[106.873404,-6.214873],[106.873568,-6.214865]]},"properties":{"@id":"way/1127984186","electrified":"contact_line","frequency":"0","gauge":"1067","maxspeed":"115","name":"Jalur Kereta Api Jakarta Kota–Cikampek","railway":"rail","usage":"main","voltage":"1500","wikidata":"Q19726782","wikipedia":"id:Jalur kereta api Jakarta Kota–Cikampek"},"id":"way/1127984186"},{"type":"Feature","geometry":{"type":"LineString","coordinates":[[106.851862,-6.21282],[106.851726,-6.212594],[106.85161,-6.21239]]},"properties":{"@id":"way/1127984187","electrified":"contact_line","frequency":"0","gauge":"1067","railway":"rail","service":"crossover","voltage":"1500"},"id":"way/1127984187"},{"type":"Feature","geometry":{"type":"LineString","coordinates":[[106.851887,-6.212802],[106.851726,-6.212594],[106.851579,-6.212406]]},"properties":{"@id":"way/1127984188","electrified":"contact_line","frequency":"0","gauge":"1067","railway":"rail","service":"crossover","voltage":"1500"},"id":"way/1127984188"},{"type":"Feature","geometry":{"type":"LineString","coordinates":[[106.847492,-6.207068],[106.847694,-6.20732],[106.847815,-6.207438]]},"properties":{"@id":"way/1127984195","electrified":"contact_line","frequency":"0","gauge":"1067","railway":"rail","service":"crossover","voltage":"1500"},"id":"way/1127984195"},{"type":"Feature","geometry":{"type":"LineString","coordinates":[[106.847515,-6.207041],[106.847694,-6.20732],[106.847779,-6.207472]]},"properties":{"@id":"way/1127984196","electrified":"contact_line","frequency":"0","gauge":"1067","railway":"rail","service":"crossover","voltage":"1500"},"id":"way/1127984196"},{"type":"Feature","geometry":{"type":"LineString","coordinates":[[106.847482,-6.206994],[106.847169,-6.206514]]},"properties":{"@id":"way/1127984200","electrified":"contact_line","frequency":"0","railway":"rail","service":"crossover","voltage":"1500"},"id":"way/1127984200"},{"type":"Feature","geometry":{"type":"LineString","coordinates":[[106.848999,-6.208879],[106.848651,-6.208425],[106.848596,-6.208354]]},"properties":{"@id":"way/1127984201","electrified":"contact_line","frequency":"0","gauge":"1067","maxspeed":"90","name":"Jalur Kereta Api Jakarta Kota–Bogor","railway":"rail","usage":"main","voltage":"1500","wikidata":"Q12487135","wikipedia":"id:Jalur kereta api Jakarta Kota–Bogor–Padalarang"},"id":"way/1127984201"},{"type":"Feature","geometry":{"type":"LineString","coordinates":[[106.865934,-6.21359],[106.866149,-6.213762],[106.866338,-6.213907]]},"properties":{"@id":"way/1127984204","electrified":"contact_line","frequency":"0","gauge":"1067","railway":"rail","service":"crossover","voltage":"1500"},"id":"way/1127984204"},{"type":"Feature","geometry":{"type":"LineString","coordinates":[[106.866312,-6.213934],[106.866149,-6.213762],[106.865955,-6.213558]]},"properties":{"@id":"way/1127984205","electrified":"contact_line","frequency":"0","gauge":"1067","railway":"rail","service":"crossover","voltage":"1500"},"id":"way/1127984205"},{"type":"Feature","geometry":{"type":"LineString","coordinates":[[106.865798,-6.21367],[106.865246,-6.213234]]},"properties":{"@id":"way/1127984206","electrified":"contact_line","frequency":"0","gauge":"1067","railway":"rail","service":"crossover","voltage":"1500"},"id":"way/1127984206"},{"type":"Feature","geometry":{"type":"LineString","coordinates":[[106.866248,-6.214038],[106.865846,-6.213714]]},"properties":{"@id":"way/1127984207","electrified":"contact_line","frequency":"0","gauge":"1067","railway":"rail","service":"crossover","voltage":"1500"},"id":"way/1127984207"},{"type":"Feature","geometry":{"type":"LineString","coordinates":[[106.873568,-6.214865],[106.874129,-6.21487]]},"properties":{"@id":"way/1127984227","electrified":"contact_line","frequency":"0","gauge":"1067","name":"Jalur Kereta Api Jakarta Kota–Cikampek","railway":"rail","usage":"main","voltage":"1500","wikidata":"Q19726782","wikipedia":"id:Jalur kereta api Jakarta Kota–Cikampek"},"id":"way/1127984227"},{"type":"Feature","geometry":{"type":"LineString","coordinates":[[106.874799,-6.214829],[106.874213,-6.214818]]},"properties":{"@id":"way/1127984228","electrified":"contact_line","frequency":"0","gauge":"1067","railway":"rail","service":"crossover","voltage":"1500"},"id":"way/1127984228"},{"type":"Feature","geometry":{"type":"LineString","coordinates":[[106.875556,-6.214838],[106.874996,-6.21482]]},"properties":{"@id":"way/1127984234","electrified":"contact_line","frequency":"0","gauge":"1067","railway":"rail","service":"crossover","voltage":"1500"},"id":"way/1127984234"},{"type":"Feature","geometry":{"type":"LineString","coordinates":[[106.875458,-6.214879],[106.874912,-6.214866]]},"properties":{"@id":"way/1127984235","electrified":"contact_line","frequency":"0","gauge":"1067","railway":"rail","service":"crossover","voltage":"1500"},"id":"way/1127984235"},{"type":"Feature","geometry":{"type":"LineString","coordinates":[[106.868422,-6.215065],[106.86867,-6.215056],[106.86892,-6.215033]]},"properties":{"@id":"way/1127984237","electrified":"contact_line","frequency":"0","gauge":"1067","railway":"rail","service":"crossover","voltage":"1500"},"id":"way/1127984237"},{"type":"Feature","geometry":{"type":"LineString","coordinates":[[106.871966,-6.215072],[106.873872,-6.214959],[106.87447,-6.214929],[106.875458,-6.214879]]},"properties":{"@id":"way/1127984242","electrified":"contact_line","frequency":"0","gauge":"1067","maxspeed":"115","name":"Jalur Kereta Api Manggarai–Jatinegara","railway":"rail","usage":"main","voltage":"1500","wikidata":"Q17052030","wikipedia":"en:Jatinegara-Manggarai railway"},"id":"way/1127984242"},{"type":"Feature","geometry":{"type":"LineString","coordinates":[[106.868424,-6.21503],[106.86867,-6.215056],[106.868926,-6.215078]]},"properties":{"@id":"way/1127984243","electrified":"contact_line","frequency":"0","gauge":"1067","railway":"rail","service":"crossover","voltage":"1500"},"id":"way/1127984243"},{"type":"Feature","geometry":{"type":"LineString","coordinates":[[106.852356,-6.21345],[106.852563,-6.213766],[106.852654,-6.213884],[106.85283,-6.214124],[106.853121,-6.214431]]},"properties":{"@id":"way/1127984244","electrified":"contact_line","frequency":"0","gauge":"1067","name":"Manggarai-Depo Bukitduri","passenger_lines":"2","railway":"rail","usage":"main","voltage":"1500"},"id":"way/1127984244"},{"type":"Feature","geometry":{"type":"LineString","coordinates":[[106.869283,-6.215012],[106.869593,-6.215015],[106.870337,-6.215023],[106.871932,-6.215007]]},"properties":{"@id":"way/1127984248","electrified":"contact_line","frequency":"0","gauge":"1067","maxspeed":"60","name":"Jalur Kereta Api Manggarai–Jatinegara","railway":"rail","railway:track_ref":"2","usage":"main","voltage":"1500","wikidata":"Q17052030","wikipedia":"en:Jatinegara-Manggarai railway"},"id":"way/1127984248"},{"type":"Feature","geometry":{"type":"LineString","coordinates":[[106.866248,-6.214038],[106.866631,-6.214375],[106.866866,-6.214533],[106.86721,-6.214709],[106.867393,-6.214778],[106.867563,-6.214829],[106.867805,-6.214885],[106.868113,-6.214922],[106.868486,-6.214926],[106.868535,-6.214926]]},"properties":{"@id":"way/1127992514","electrified":"contact_line","frequency":"0","gauge":"1067","maxspeed":"50","name":"Jalur Kereta Api Manggarai–Jatinegara","railway":"rail","usage":"main","voltage":"1500","wikidata":"Q17052030","wikipedia":"en:Jatinegara-Manggarai railway"},"id":"way/1127992514"},{"type":"Feature","geometry":{"type":"LineString","coordinates":[[106.865103,-6.21311],[106.865246,-6.213234]]},"properties":{"@id":"way/1127992522","electrified":"contact_line","frequency":"0","gauge":"1067","maxspeed":"60","name":"Jalur Kereta Api Manggarai–Jatinegara","railway":"rail","usage":"main","voltage":"1500","wikidata":"Q17052030","wikipedia":"en:Jatinegara-Manggarai railway"},"id":"way/1127992522"},{"type":"Feature","geometry":{"type":"LineString","coordinates":[[106.864009,-6.212192],[106.864152,-6.2123],[106.864707,-6.212794]]},"properties":{"@id":"way/1127992523","electrified":"contact_line","frequency":"0","gauge":"1067","maxspeed":"60","name":"Jalur Kereta Api Manggarai–Jatinegara","railway":"rail","usage":"main","voltage":"1500","wikidata":"Q17052030","wikipedia":"en:Jatinegara-Manggarai railway"},"id":"way/1127992523"},{"type":"Feature","geometry":{"type":"LineString","coordinates":[[106.865103,-6.21311],[106.864707,-6.212794]]},"properties":{"@id":"way/1127992526","electrified":"contact_line","frequency":"0","gauge":"1067","railway":"rail","service":"crossover","voltage":"1500"},"id":"way/1127992526"},{"type":"Feature","geometry":{"type":"LineString","coordinates":[[106.864018,-6.212144],[106.864236,-6.212316],[106.865103,-6.21311]]},"properties":{"@id":"way/1127992527","electrified":"contact_line","frequency":"0","gauge":"1067","maxspeed":"60","name":"Jalur Kereta Api Manggarai–Jatinegara","railway":"rail","usage":"main","voltage":"1500","wikidata":"Q17052030","wikipedia":"en:Jatinegara-Manggarai railway"},"id":"way/1127992527"},{"type":"Feature","geometry":{"type":"LineString","coordinates":[[106.865798,-6.21367],[106.865846,-6.213714]]},"properties":{"@id":"way/1127992528","electrified":"contact_line","frequency":"0","gauge":"1067","name":"Jalur Kereta Api Manggarai–Jatinegara","railway":"rail","usage":"main","voltage":"1500","wikidata":"Q17052030","wikipedia":"en:Jatinegara-Manggarai railway"},"id":"way/1127992528"},{"type":"Feature","geometry":{"type":"LineString","coordinates":[[106.865287,-6.2132],[106.865798,-6.21367]]},"properties":{"@id":"way/1127992529","electrified":"contact_line","frequency":"0","gauge":"1067","name":"Jalur Kereta Api Manggarai–Jatinegara","railway":"rail","usage":"main","voltage":"1500","wikidata":"Q17052030","wikipedia":"en:Jatinegara-Manggarai railway"},"id":"way/1127992529"},{"type":"Feature","geometry":{"type":"LineString","coordinates":[[106.865311,-6.213171],[106.866248,-6.214038]]},"properties":{"@id":"way/1127992530","electrified":"contact_line","frequency":"0","gauge":"1067","maxspeed":"50","name":"Jalur Kereta Api Manggarai–Jatinegara","railway":"rail","usage":"main","voltage":"1500","wikidata":"Q17052030","wikipedia":"en:Jatinegara-Manggarai railway"},"id":"way/1127992530"},{"type":"Feature","geometry":{"type":"LineString","coordinates":[[106.87663,-6.214675],[106.876118,-6.21476]]},"properties":{"@id":"way/1127995462","electrified":"no","gauge":"1067","railway":"rail","service":"crossover"},"id":"way/1127995462"},{"type":"Feature","geometry":{"type":"LineString","coordinates":[[106.868486,-6.214926],[106.868227,-6.214911],[106.867944,-6.214866],[106.867606,-6.21477],[106.867254,-6.214637],[106.866946,-6.214481],[106.86676,-6.214354],[106.866591,-6.214213],[106.866346,-6.213963]]},"properties":{"@id":"way/1127995463","electrified":"contact_line","frequency":"0","gauge":"1067","railway":"rail","service":"crossover","voltage":"1500"},"id":"way/1127995463"},{"type":"Feature","geometry":{"type":"LineString","coordinates":[[106.800886,-6.146883],[106.800831,-6.146142],[106.800796,-6.145516],[106.80069,-6.143541],[106.800655,-6.142968]]},"properties":{"@id":"way/1128000044","electrified":"contact_line","frequency":"0","gauge":"1067","maxspeed":"50","name":"Jalur Kereta Api Kampung Bandan–Angke–Duri","operator":"Kereta Api Indonesia","owner":"Direktorat Jenderal, Kementerian Perhubungan","owner:en":"Directorate General of Railways, Ministry of Transportation","railway":"rail","railway:track_ref":"2","usage":"main","voltage":"1500","wikidata":"Q19726698","wikipedia":"id:Jalur kereta api lintas Jakarta"},"id":"way/1128000044"},{"type":"Feature","geometry":{"type":"LineString","coordinates":[[106.800648,-6.142866],[106.800568,-6.142243]]},"properties":{"@id":"way/1128000045","electrified":"contact_line","frequency":"0","gauge":"1067","railway":"rail","service":"crossover","voltage":"1500"},"id":"way/1128000045"},{"type":"Feature","geometry":{"type":"LineString","coordinates":[[106.801327,-6.157658],[106.801364,-6.158434],[106.801347,-6.158743],[106.801296,-6.159002],[106.801131,-6.15946],[106.800989,-6.159728],[106.800586,-6.160203],[106.800084,-6.160556],[106.799884,-6.160653],[106.799554,-6.160798],[106.798448,-6.161262]]},"properties":{"@id":"way/1128000046","electrified":"contact_line","frequency":"0","gauge":"1067","maxspeed":"90","name":"Jalur Kereta Api Duri–Tangerang","railway":"rail","usage":"main","voltage":"1500","wikidata":"Q12487146","wikipedia":"en:Duri–Tangerang railway"},"id":"way/1128000046"},{"type":"Feature","geometry":{"type":"LineString","coordinates":[[106.801327,-6.157142],[106.801331,-6.157418],[106.801327,-6.157658]]},"properties":{"@id":"way/1128000047","electrified":"contact_line","frequency":"0","gauge":"1067","railway":"rail","service":"crossover","voltage":"1500"},"id":"way/1128000047"},{"type":"Feature","geometry":{"type":"LineString","coordinates":[[106.801448,-6.158078],[106.801536,-6.158652]]},"properties":{"@id":"way/1128000048","electrified":"contact_line","frequency":"0","gauge":"1067","railway":"rail","service":"crossover","voltage":"1500"},"id":"way/1128000048"},{"type":"Feature","geometry":{"type":"LineString","coordinates":[[106.801367,-6.15765],[106.801331,-6.157418],[106.801285,-6.157149]]},"properties":{"@id":"way/1128000050","electrified":"contact_line","frequency":"0","gauge":"1067","maxspeed":"30","railway":"rail","service":"crossover","voltage":"1500"},"id":"way/1128000050"},{"type":"Feature","geometry":{"type":"LineString","coordinates":[[106.80119,-6.152718],[106.801198,-6.152171]]},"properties":{"@id":"way/1128000051","electrified":"contact_line","frequency":"0","gauge":"1067","railway":"rail","service":"crossover","voltage":"1500"},"id":"way/1128000051"},{"type":"Feature","geometry":{"type":"LineString","coordinates":[[106.84827,-6.208088],[106.848393,-6.208217]]},"properties":{"@id":"way/1128088272","electrified":"contact_line","frequency":"0","gauge":"1067","railway":"rail","service":"crossover","voltage":"1500"},"id":"way/1128088272"},{"type":"Feature","geometry":{"type":"LineString","coordinates":[[106.851579,-6.212406],[106.851862,-6.21282],[106.852066,-6.2131],[106.85225,-6.213329]]},"properties":{"@id":"way/1128088275","electrified":"contact_line","frequency":"0","gauge":"1067","maxspeed":"60","name":"Jalur Kereta Api Manggarai–Jatinegara","railway":"rail","usage":"main","voltage":"1500","wikidata":"Q17052030","wikipedia":"en:Jatinegara-Manggarai railway"},"id":"way/1128088275"},{"type":"Feature","geometry":{"type":"LineString","coordinates":[[106.848752,-6.208732],[106.848569,-6.208505],[106.848361,-6.20823]]},"properties":{"@id":"way/1128088278","electrified":"contact_line","frequency":"0","gauge":"1067","layer":"1","railway":"rail","usage":"main","voltage":"1500"},"id":"way/1128088278"},{"type":"Feature","geometry":{"type":"LineString","coordinates":[[106.85131,-6.212024],[106.851021,-6.211605],[106.850801,-6.211304],[106.850217,-6.210548],[106.849896,-6.210127]]},"properties":{"@id":"way/1128088280","electrified":"contact_line","frequency":"0","gauge":"1067","maxspeed":"60","name":"Jalur Kereta Api Manggarai–Jatinegara","railway":"rail","railway:track_ref":"3","usage":"main","voltage":"1500","wikidata":"Q17052030","wikipedia":"en:Jatinegara-Manggarai railway"},"id":"way/1128088280"},{"type":"Feature","geometry":{"type":"LineString","coordinates":[[106.856245,-6.214017],[106.855971,-6.214169]]},"properties":{"@id":"way/1128088282","electrified":"contact_line","frequency":"0","gauge":"1067","maxspeed":"60","railway":"rail","service":"crossover","voltage":"1500"},"id":"way/1128088282"},{"type":"Feature","geometry":{"type":"LineString","coordinates":[[106.850137,-6.21118],[106.849066,-6.209775],[106.849009,-6.20968],[106.848947,-6.209557],[106.848911,-6.209461],[106.848861,-6.209252],[106.848827,-6.209137],[106.848754,-6.208937],[106.848591,-6.208608]]},"properties":{"@id":"way/1128088283","electrified":"contact_line","frequency":"0","gauge":"1067","name":"Jalur 8","railway":"rail","railway:track_ref":"8","usage":"main","voltage":"1500"},"id":"way/1128088283"},{"type":"Feature","geometry":{"type":"LineString","coordinates":[[106.84814,-6.207947],[106.84827,-6.208088]]},"properties":{"@id":"way/1128088285","bridge":"yes","electrified":"contact_line","frequency":"0","gauge":"1067","layer":"1","railway":"rail","service":"crossover","voltage":"1500"},"id":"way/1128088285"},{"type":"Feature","geometry":{"type":"LineString","coordinates":[[106.847589,-6.207261],[106.847916,-6.207649]]},"properties":{"@id":"way/1128088291","electrified":"contact_line","frequency":"0","gauge":"1067","railway":"rail","service":"crossover","voltage":"1500"},"id":"way/1128088291"},{"type":"Feature","geometry":{"type":"LineString","coordinates":[[106.850786,-6.211718],[106.850656,-6.2115],[106.850545,-6.211315],[106.850526,-6.211284],[106.850374,-6.21104],[106.850222,-6.210785],[106.8501,-6.210618],[106.849378,-6.209723],[106.849289,-6.209586],[106.849042,-6.20914],[106.848826,-6.208835]]},"properties":{"@id":"way/1128088292","electrified":"contact_line","frequency":"0","gauge":"1067","name":"Jalur Kereta Api Tanah Abang–Manggarai","railway":"rail","railway:track_ref":"5","usage":"main","voltage":"1500","wikidata":"Q19726698","wikipedia":"id:Jalur kereta api lintas Jakarta"},"id":"way/1128088292"},{"type":"Feature","geometry":{"type":"LineString","coordinates":[[106.847453,-6.207018],[106.847294,-6.206838],[106.847076,-6.206621],[106.846874,-6.206475]]},"properties":{"@id":"way/1128088294","electrified":"contact_line","frequency":"0","gauge":"1067","railway":"rail","service":"crossover","voltage":"1500"},"id":"way/1128088294"},{"type":"Feature","geometry":{"type":"LineString","coordinates":[[106.850741,-6.211753],[106.850967,-6.212052],[106.851013,-6.212106],[106.851086,-6.212191],[106.851145,-6.212261],[106.851222,-6.212324]]},"properties":{"@id":"way/1128088298","electrified":"contact_line","frequency":"0","gauge":"1067","railway":"rail","usage":"main","voltage":"1500"},"id":"way/1128088298"},{"type":"Feature","geometry":{"type":"LineString","coordinates":[[106.848244,-6.208127],[106.84826,-6.208149],[106.848554,-6.208547]]},"properties":{"@id":"way/1128088300","gauge":"1067","railway":"rail","usage":"main"},"id":"way/1128088300"},{"type":"Feature","geometry":{"type":"LineString","coordinates":[[106.840606,-6.158977],[106.840419,-6.158339],[106.840331,-6.157999],[106.838921,-6.152153],[106.83779,-6.148358],[106.83775,-6.148238],[106.837703,-6.148094],[106.837182,-6.146311]]},"properties":{"@id":"way/1128090319","electrified":"contact_line","frequency":"0","gauge":"1067","maxspeed":"70","name":"Jalur Kereta Api Jakarta Kota–Cikampek","railway":"rail","usage":"main","voltage":"1500","wikidata":"Q19726782","wikipedia":"id:Jalur kereta api Jakarta Kota–Cikampek"},"id":"way/1128090319"},{"type":"Feature","geometry":{"type":"LineString","coordinates":[[106.850198,-6.185241],[106.846962,-6.180887],[106.846688,-6.180454],[106.846474,-6.179965],[106.846341,-6.179521],[106.84576,-6.17733]]},"properties":{"@id":"way/1128090320","electrified":"contact_line","frequency":"0","gauge":"1067","maxspeed":"70","name":"Jalur Kereta Api Jakarta Kota–Cikampek","railway":"rail","usage":"main","voltage":"1500","wikidata":"Q19726782","wikipedia":"id:Jalur kereta api Jakarta Kota–Cikampek"},"id":"way/1128090320"},{"type":"Feature","geometry":{"type":"LineString","coordinates":[[106.845298,-6.176369],[106.845561,-6.176844],[106.845614,-6.176962],[106.84576,-6.17733]]},"properties":{"@id":"way/1128090321","electrified":"contact_line","frequency":"0","gauge":"1067","maxspeed":"30","operator":"Kereta Api Indonesia","railway":"rail","service":"crossover","voltage":"1500"},"id":"way/1128090321"},{"type":"Feature","geometry":{"type":"LineString","coordinates":[[106.800905,-6.14772],[106.800904,-6.147152]]},"properties":{"@id":"way/1128092729","electrified":"contact_line","frequency":"0","gauge":"1067","railway":"rail","service":"crossover","voltage":"1500"},"id":"way/1128092729"},{"type":"Feature","geometry":{"type":"LineString","coordinates":[[106.843688,-6.171916],[106.84387,-6.172373]]},"properties":{"@id":"way/1128122058","electrified":"contact_line","frequency":"0","gauge":"1067","name":"Jalur Kereta Api Jakarta Kota–Cikampek","railway":"rail","usage":"main","voltage":"1500","wikidata":"Q19726782","wikipedia":"id:Jalur kereta api Jakarta Kota–Cikampek"},"id":"way/1128122058"},{"type":"Feature","geometry":{"type":"LineString","coordinates":[[106.843406,-6.171382],[106.843493,-6.171565],[106.843688,-6.171916]]},"properties":{"@id":"way/1128122059","electrified":"contact_line","frequency":"0","gauge":"1067","name":"Jalur KA Rajawali-Jatinegara","passenger_lines":"2","railway":"rail","service":"crossover","voltage":"1500"},"id":"way/1128122059"},{"type":"Feature","geometry":{"type":"LineString","coordinates":[[106.84387,-6.172373],[106.844668,-6.174394],[106.844885,-6.174975],[106.844965,-6.175189]]},"properties":{"@id":"way/1128122060","electrified":"contact_line","frequency":"0","gauge":"1067","maxspeed":"30","name":"Jalur Kereta Api Jakarta Kota–Cikampek","railway":"rail","railway:track_ref":"4","usage":"main","voltage":"1500","wikidata":"Q19726782","wikipedia":"id:Jalur kereta api Jakarta Kota–Cikampek"},"id":"way/1128122060"},{"type":"Feature","geometry":{"type":"LineString","coordinates":[[106.837182,-6.146311],[106.837097,-6.145997],[106.836758,-6.144904],[106.836664,-6.144618],[106.836589,-6.144437]]},"properties":{"@id":"way/1128122061","electrified":"contact_line","frequency":"0","gauge":"1067","maxspeed":"70","name":"Jalur Kereta Api Jakarta Kota–Cikampek","railway":"rail","railway:track_ref":"1","usage":"main","voltage":"1500","wikidata":"Q19726782","wikipedia":"id:Jalur kereta api Jakarta Kota–Cikampek"},"id":"way/1128122061"},{"type":"Feature","geometry":{"type":"LineString","coordinates":[[106.837213,-6.146303],[106.837124,-6.145991],[106.836698,-6.14462],[106.836615,-6.144426]]},"properties":{"@id":"way/1128122062","electrified":"contact_line","frequency":"0","gauge":"1067","maxspeed":"70","name":"Jalur Kereta Api Jakarta Kota–Cikampek","railway":"rail","railway:track_ref":"2","usage":"main","voltage":"1500","wikidata":"Q19726782","wikipedia":"id:Jalur kereta api Jakarta Kota–Cikampek"},"id":"way/1128122062"},{"type":"Feature","geometry":{"type":"LineString","coordinates":[[106.825883,-6.132128],[106.825522,-6.132194],[106.824642,-6.132349],[106.823932,-6.132466]]},"properties":{"@id":"way/1128122067","electrified":"contact_line","frequency":"0","gauge":"1067","maxspeed":"50","name":"Jalur Kereta Api Kampung Bandan–Angke–Duri","operator":"Kereta Api Indonesia","owner":"Direktorat Jenderal, Kementerian Perhubungan","owner:en":"Directorate General of Railways, Ministry of Transportation","railway":"rail","usage":"main","voltage":"1500","wikidata":"Q19726698","wikipedia":"id:Jalur kereta api lintas Jakarta"},"id":"way/1128122067"},{"type":"Feature","geometry":{"type":"LineString","coordinates":[[106.82315,-6.132636],[106.824464,-6.132418]]},"properties":{"@id":"way/1128122068","electrified":"contact_line","frequency":"0","gauge":"1067","maxspeed":"50","name":"Jalur Kereta Api Kampung Bandan–Angke–Duri","operator":"Kereta Api Indonesia","owner":"Direktorat Jenderal, Kementerian Perhubungan","owner:en":"Directorate General of Railways, Ministry of Transportation","railway":"rail","usage":"main","voltage":"1500","wikidata":"Q19726698","wikipedia":"id:Jalur kereta api lintas Jakarta"},"id":"way/1128122068"},{"type":"Feature","geometry":{"type":"LineString","coordinates":[[106.824464,-6.132418],[106.824284,-6.132439],[106.823932,-6.132466]]},"properties":{"@id":"way/1128122128","electrified":"contact_line","frequency":"0","gauge":"1067","railway":"rail","service":"crossover","voltage":"1500"},"id":"way/1128122128"},{"type":"Feature","geometry":{"type":"LineString","coordinates":[[106.800974,-6.148362],[106.800937,-6.147717],[106.800904,-6.147152]]},"properties":{"@id":"way/1128122129","electrified":"contact_line","frequency":"0","gauge":"1067","maxspeed":"50","name":"Jalur Kereta Api Kampung Bandan–Angke–Duri","operator":"Kereta Api Indonesia","owner":"Direktorat Jenderal, Kementerian Perhubungan","owner:en":"Directorate General of Railways, Ministry of Transportation","railway":"rail","usage":"main","voltage":"1500","wikidata":"Q19726698","wikipedia":"id:Jalur kereta api lintas Jakarta"},"id":"way/1128122129"},{"type":"Feature","geometry":{"type":"LineString","coordinates":[[106.800905,-6.14772],[106.80094,-6.148361]]},"properties":{"@id":"way/1128122130","electrified":"contact_line","frequency":"0","gauge":"1067","maxspeed":"50","name":"Jalur Kereta Api Kampung Bandan–Angke–Duri","operator":"Kereta Api Indonesia","owner":"Direktorat Jenderal, Kementerian Perhubungan","owner:en":"Directorate General of Railways, Ministry of Transportation","railway":"rail","usage":"main","voltage":"1500","wikidata":"Q19726698","wikipedia":"id:Jalur kereta api lintas Jakarta"},"id":"way/1128122130"},{"type":"Feature","geometry":{"type":"LineString","coordinates":[[106.800904,-6.147152],[106.800886,-6.146883]]},"properties":{"@id":"way/1128122131","electrified":"contact_line","frequency":"0","gauge":"1067","maxspeed":"50","name":"Jalur Kereta Api Kampung Bandan–Angke–Duri","operator":"Kereta Api Indonesia","owner":"Direktorat Jenderal, Kementerian Perhubungan","owner:en":"Directorate General of Railways, Ministry of Transportation","railway":"rail","usage":"main","voltage":"1500","wikidata":"Q19726698","wikipedia":"id:Jalur kereta api lintas Jakarta"},"id":"way/1128122131"},{"type":"Feature","geometry":{"type":"LineString","coordinates":[[106.801189,-6.155501],[106.80124,-6.156524],[106.801285,-6.157149]]},"properties":{"@id":"way/1128122133","electrified":"contact_line","frequency":"0","gauge":"1067","maxspeed":"90","name":"Jalur Kereta Api Duri–Tangerang","railway":"rail","railway:track_ref":"5","usage":"main","voltage":"1500","wikidata":"Q12487146","wikipedia":"en:Duri–Tangerang railway"},"id":"way/1128122133"},{"type":"Feature","geometry":{"type":"LineString","coordinates":[[106.801323,-6.157048],[106.801263,-6.156166],[106.801229,-6.155499]]},"properties":{"@id":"way/1128122134","electrified":"contact_line","frequency":"0","gauge":"1067","maxspeed":"90","name":"Jalur Kereta Api Duri–Tangerang","railway":"rail","railway:track_ref":"4","usage":"main","voltage":"1500","wikidata":"Q12487146","wikipedia":"en:Duri–Tangerang railway"},"id":"way/1128122134"},{"type":"Feature","geometry":{"type":"LineString","coordinates":[[106.801446,-6.155594],[106.801476,-6.156114],[106.801501,-6.156567],[106.801504,-6.156788],[106.801493,-6.157443],[106.80149,-6.157548],[106.801536,-6.158652]]},"properties":{"@id":"way/1128122135","electrified":"contact_line","frequency":"0","gauge":"1067","maxspeed":"80","name":"Jalur Kereta Api Duri–Tanah Abang","railway":"rail","railway:track_ref":"1","usage":"main","voltage":"1500","wikidata":"Q19726698","wikipedia":"id:Jalur kereta api lintas Jakarta"},"id":"way/1128122135"},{"type":"Feature","geometry":{"type":"LineString","coordinates":[[106.801198,-6.152171],[106.801168,-6.151787],[106.80098,-6.148479]]},"properties":{"@id":"way/1128122136","electrified":"contact_line","frequency":"0","gauge":"1067","maxspeed":"50","name":"Jalur Kereta Api Kampung Bandan–Angke–Duri","operator":"Kereta Api Indonesia","owner":"Direktorat Jenderal, Kementerian Perhubungan","owner:en":"Directorate General of Railways, Ministry of Transportation","railway":"rail","usage":"main","voltage":"1500","wikidata":"Q19726698","wikipedia":"id:Jalur kereta api lintas Jakarta"},"id":"way/1128122136"},{"type":"Feature","geometry":{"type":"LineString","coordinates":[[106.801216,-6.153298],[106.80123,-6.153689]]},"properties":{"@id":"way/1128122137","electrified":"contact_line","frequency":"0","gauge":"1067","maxspeed":"50","name":"Jalur Kereta Api Kampung Bandan–Angke–Duri","operator":"Kereta Api Indonesia","owner":"Direktorat Jenderal, Kementerian Perhubungan","owner:en":"Directorate General of Railways, Ministry of Transportation","railway":"rail","usage":"main","voltage":"1500","wikidata":"Q19726698","wikipedia":"id:Jalur kereta api lintas Jakarta"},"id":"way/1128122137"},{"type":"Feature","geometry":{"type":"LineString","coordinates":[[106.843395,-6.17135],[106.843345,-6.171186],[106.843183,-6.170657],[106.843141,-6.170426],[106.843108,-6.170125],[106.84309,-6.169839],[106.843098,-6.168589],[106.843083,-6.167743],[106.843026,-6.16723],[106.842547,-6.165422],[106.842149,-6.163841]]},"properties":{"@id":"way/1128122138","electrified":"contact_line","frequency":"0","gauge":"1067","maxspeed":"70","name":"Jalur Kereta Api Jakarta Kota–Cikampek","railway":"rail","usage":"main","voltage":"1500","wikidata":"Q19726782","wikipedia":"id:Jalur kereta api Jakarta Kota–Cikampek"},"id":"way/1128122138"},{"type":"Feature","geometry":{"type":"LineString","coordinates":[[106.851672,-6.212965],[106.850639,-6.211643]]},"properties":{"@id":"way/1128122139","bridge":"yes","electrified":"contact_line","frequency":"0","gauge":"1067","layer":"3","level":"3","maxspeed":"60","name":"Jalur Kereta Api Jakarta Kota–Bogor","railway":"rail","usage":"main","voltage":"1500","wikidata":"Q12487135","wikipedia":"id: Jalur kereta api Jakarta Kota–Bogor–Padalarang"},"id":"way/1128122139"},{"type":"Feature","geometry":{"type":"LineString","coordinates":[[106.850671,-6.211629],[106.8517,-6.212946]]},"properties":{"@id":"way/1128122140","bridge":"yes","electrified":"contact_line","frequency":"0","gauge":"1067","layer":"3","level":"3","maxspeed":"60","name":"Jalur Kereta Api Jakarta Kota–Bogor","railway":"rail","usage":"main","voltage":"1500","wikidata":"Q12487135","wikipedia":"id: Jalur kereta api Jakarta Kota–Bogor–Padalarang"},"id":"way/1128122140"},{"type":"Feature","geometry":{"type":"LineString","coordinates":[[106.850639,-6.211643],[106.850308,-6.211205],[106.84892,-6.209363],[106.848827,-6.209239],[106.848467,-6.208694]]},"properties":{"@id":"way/1128122141","bridge":"yes","electrified":"contact_line","frequency":"0","gauge":"1067","layer":"3","level":"3","maxspeed":"60","name":"Jalur Kereta Api Jakarta Kota–Bogor","railway":"rail","railway:track_ref":"11","usage":"main","voltage":"1500","wikidata":"Q12487135","wikipedia":"id:Jalur kereta api Jakarta Kota–Bogor–Padalarang"},"id":"way/1128122141"},{"type":"Feature","geometry":{"type":"LineString","coordinates":[[106.8485,-6.208672],[106.848787,-6.209125],[106.848824,-6.209176],[106.848892,-6.209267],[106.849296,-6.209782],[106.850671,-6.211629]]},"properties":{"@id":"way/1128122142","bridge":"yes","electrified":"contact_line","frequency":"0","gauge":"1067","layer":"3","level":"3","maxspeed":"60","name":"Jalur Kereta Api Jakarta Kota–Bogor","railway":"rail","railway:track_ref":"10","usage":"main","voltage":"1500","wikidata":"Q12487135","wikipedia":"id:Jalur kereta api Jakarta Kota–Bogor–Padalarang"},"id":"way/1128122142"},{"type":"Feature","geometry":{"type":"LineString","coordinates":[[106.849168,-6.209701],[106.850461,-6.211369],[106.850741,-6.211753]]},"properties":{"@id":"way/1128122143","electrified":"contact_line","frequency":"0","gauge":"1067","name":"Jalur Kereta Api Tanah Abang–Manggarai","railway":"rail","railway:track_ref":"7","usage":"main","voltage":"1500","wikidata":"Q19726698","wikipedia":"id:Jalur kereta api lintas Jakarta"},"id":"way/1128122143"},{"type":"Feature","geometry":{"type":"LineString","coordinates":[[106.851222,-6.212324],[106.850962,-6.211976],[106.850847,-6.211811],[106.850786,-6.211718]]},"properties":{"@id":"way/1128122144","electrified":"contact_line","frequency":"0","gauge":"1067","railway":"rail","usage":"main","voltage":"1500"},"id":"way/1128122144"},{"type":"Feature","geometry":{"type":"LineString","coordinates":[[106.8261,-6.132129],[106.825926,-6.132161]]},"properties":{"@id":"way/1128122145","electrified":"contact_line","frequency":"0","gauge":"1067","maxspeed":"70","name":"Jalur Kereta Api Jakarta Kota–Cikampek","railway":"rail","usage":"main","voltage":"1500","wikidata":"Q19726782","wikipedia":"id:Jalur kereta api Jakarta Kota–Cikampek"},"id":"way/1128122145"},{"type":"Feature","geometry":{"type":"LineString","coordinates":[[106.8261,-6.132129],[106.826664,-6.132085]]},"properties":{"@id":"way/1128122147","electrified":"contact_line","frequency":"0","gauge":"1067","railway":"rail","service":"crossover","voltage":"1500"},"id":"way/1128122147"},{"type":"Feature","geometry":{"type":"LineString","coordinates":[[106.824711,-6.13246],[106.82499,-6.132399],[106.825214,-6.132357]]},"properties":{"@id":"way/1128122155","electrified":"contact_line","frequency":"0","gauge":"1067","railway":"rail","service":"crossover","voltage":"1500"},"id":"way/1128122155"},{"type":"Feature","geometry":{"type":"LineString","coordinates":[[106.825222,-6.132317],[106.82499,-6.132399],[106.824721,-6.132494]]},"properties":{"@id":"way/1128122156","electrified":"contact_line","frequency":"0","gauge":"1067","railway":"rail","service":"crossover","voltage":"1500"},"id":"way/1128122156"},{"type":"Feature","geometry":{"type":"LineString","coordinates":[[106.848468,-6.208189],[106.848353,-6.208037]]},"properties":{"@id":"way/1128122157","electrified":"contact_line","frequency":"0","gauge":"1067","maxspeed":"90","name":"Jalur Kereta Api Jakarta Kota–Bogor","railway":"rail","usage":"main","voltage":"1500","wikidata":"Q12487135","wikipedia":"id:Jalur kereta api Jakarta Kota–Bogor–Padalarang"},"id":"way/1128122157"},{"type":"Feature","geometry":{"type":"LineString","coordinates":[[106.873645,-6.214897],[106.874129,-6.21487]]},"properties":{"@id":"way/1128122158","electrified":"contact_line","frequency":"0","gauge":"1067","maxspeed":"115","name":"Jalur Kereta Api Manggarai–Jatinegara","railway":"rail","usage":"main","voltage":"1500","wikidata":"Q17052030","wikipedia":"en:Jatinegara-Manggarai railway"},"id":"way/1128122158"},{"type":"Feature","geometry":{"type":"LineString","coordinates":[[106.872709,-6.214813],[106.872513,-6.214799],[106.872027,-6.214761],[106.871999,-6.214759],[106.871679,-6.214736],[106.871316,-6.21473],[106.870348,-6.214731],[106.869829,-6.214739],[106.869526,-6.214745]]},"properties":{"@id":"way/1128122159","electrified":"contact_line","frequency":"0","gauge":"1067","name":"Jalur Kereta Api Jakarta Kota–Cikampek","railway":"rail","railway:track_ref":"7","usage":"main","voltage":"1500","wikidata":"Q19726782","wikipedia":"id:Jalur kereta api Jakarta Kota–Cikampek"},"id":"way/1128122159"},{"type":"Feature","geometry":{"type":"LineString","coordinates":[[106.869643,-6.21477],[106.869829,-6.214764],[106.870344,-6.214758],[106.871317,-6.214755],[106.871676,-6.214767],[106.87199,-6.214788],[106.872029,-6.214791],[106.87212,-6.214799],[106.872702,-6.21485]]},"properties":{"@id":"way/1128122160","electrified":"contact_line","frequency":"0","gauge":"1067","name":"Jalur Kereta Api Jakarta Kota–Cikampek","railway":"rail","railway:track_ref":"6","usage":"main","voltage":"1500","wikidata":"Q19726782","wikipedia":"id:Jalur kereta api Jakarta Kota–Cikampek"},"id":"way/1128122160"},{"type":"Feature","geometry":{"type":"LineString","coordinates":[[106.810516,-6.183081],[106.810524,-6.183141]]},"properties":{"@id":"way/1128122163","electrified":"contact_line","frequency":"0","gauge":"1067","name":"Jalur KA Tanah Abang - Rangkasbitung","railway":"rail","usage":"main","voltage":"1500","wikidata":"Q18916627","wikipedia":"id:Jalur kereta api Merak–Tanah Abang"},"id":"way/1128122163"},{"type":"Feature","geometry":{"type":"LineString","coordinates":[[106.801315,-6.155494],[106.801345,-6.15604]]},"properties":{"@id":"way/1128122165","electrified":"contact_line","frequency":"0","gauge":"1067","maxspeed":"50","name":"Jalur Kereta Api Duri–Tanah Abang","railway":"rail","railway:track_ref":"3","usage":"main","voltage":"1500","wikidata":"Q19726698","wikipedia":"id:Jalur kereta api lintas Jakarta"},"id":"way/1128122165"},{"type":"Feature","geometry":{"type":"LineString","coordinates":[[106.801345,-6.15604],[106.801406,-6.157452]]},"properties":{"@id":"way/1128122166","gauge":"1067","maxspeed":"80","name":"Jalur Kereta Api Duri–Tanah Abang","railway":"rail","usage":"main","wikidata":"Q19726698","wikipedia":"id:Jalur kereta api lintas Jakarta"},"id":"way/1128122166"},{"type":"Feature","geometry":{"type":"LineString","coordinates":[[106.848554,-6.208547],[106.848361,-6.20823]]},"properties":{"@id":"way/1128122167","electrified":"contact_line","frequency":"0","gauge":"1067","name":"Jalur Kereta Api Tanah Abang–Manggarai","railway":"rail","usage":"main","voltage":"1500","wikidata":"Q19726698","wikipedia":"id:Jalur kereta api lintas Jakarta"},"id":"way/1128122167"},{"type":"Feature","geometry":{"type":"LineString","coordinates":[[106.848591,-6.208608],[106.848554,-6.208547]]},"properties":{"@id":"way/1128122168","electrified":"contact_line","frequency":"0","gauge":"1067","name":"Jalur Kereta Api Tanah Abang–Manggarai","railway":"rail","usage":"main","voltage":"1500","wikidata":"Q19726698","wikipedia":"id:Jalur kereta api lintas Jakarta"},"id":"way/1128122168"},{"type":"Feature","geometry":{"type":"LineString","coordinates":[[106.84816,-6.207924],[106.848283,-6.20808]]},"properties":{"@id":"way/1128122169","bridge":"yes","electrified":"contact_line","frequency":"0","gauge":"1067","layer":"1","name":"Jalur Kereta Api Tanah Abang–Manggarai","railway":"rail","usage":"main","voltage":"1500","wikidata":"Q19726698","wikipedia":"id:Jalur kereta api lintas Jakarta"},"id":"way/1128122169"},{"type":"Feature","geometry":{"type":"LineString","coordinates":[[106.850786,-6.211718],[106.850608,-6.211454],[106.850581,-6.211419],[106.850484,-6.211292],[106.849419,-6.209926],[106.849302,-6.209771],[106.849226,-6.209636],[106.849133,-6.209473],[106.848996,-6.209171],[106.848926,-6.209033],[106.848826,-6.208835]]},"properties":{"@id":"way/1128122170","electrified":"contact_line","frequency":"0","gauge":"1067","name":"Jalur 6","railway":"rail","railway:track_ref":"6","usage":"main","voltage":"1500"},"id":"way/1128122170"},{"type":"Feature","geometry":{"type":"LineString","coordinates":[[106.851448,-6.212611],[106.851222,-6.212324]]},"properties":{"@id":"way/1128122171","electrified":"contact_line","frequency":"0","gauge":"1067","railway":"rail","usage":"main","voltage":"1500"},"id":"way/1128122171"},{"type":"Feature","geometry":{"type":"LineString","coordinates":[[106.85225,-6.213329],[106.852356,-6.21345],[106.852685,-6.213837],[106.8529,-6.214043],[106.853052,-6.21415],[106.853217,-6.214239]]},"properties":{"@id":"way/1128122172","electrified":"contact_line","frequency":"0","gauge":"1067","maxspeed":"60","name":"Jalur Kereta Api Manggarai–Jatinegara","railway":"rail","usage":"main","voltage":"1500","wikidata":"Q17052030","wikipedia":"en:Jatinegara-Manggarai railway"},"id":"way/1128122172"},{"type":"Feature","geometry":{"type":"LineString","coordinates":[[106.848633,-6.208446],[106.848393,-6.208217]]},"properties":{"@id":"way/1128122174","electrified":"contact_line","frequency":"0","gauge":"1067","railway":"rail","service":"crossover","voltage":"1500"},"id":"way/1128122174"},{"type":"Feature","geometry":{"type":"LineString","coordinates":[[106.848965,-6.208887],[106.848633,-6.208446]]},"properties":{"@id":"way/1128122175","electrified":"contact_line","frequency":"0","gauge":"1067","maxspeed":"90","name":"Jalur Kereta Api Jakarta Kota–Bogor","railway":"rail","usage":"main","voltage":"1500","wikidata":"Q12487135","wikipedia":"id:Jalur kereta api Jakarta Kota–Bogor–Padalarang"},"id":"way/1128122175"},{"type":"Feature","geometry":{"type":"LineString","coordinates":[[106.84811,-6.207803],[106.848047,-6.207733],[106.847871,-6.207514]]},"properties":{"@id":"way/1128122176","electrified":"contact_line","frequency":"0","gauge":"1067","railway":"rail","service":"crossover","voltage":"1500"},"id":"way/1128122176"},{"type":"Feature","geometry":{"type":"LineString","coordinates":[[106.848095,-6.207814],[106.84816,-6.207924]]},"properties":{"@id":"way/1128122177","bridge":"yes","electrified":"contact_line","frequency":"0","gauge":"1067","layer":"1","railway":"rail","service":"crossover","voltage":"1500"},"id":"way/1128122177"},{"type":"Feature","geometry":{"type":"LineString","coordinates":[[106.84816,-6.207924],[106.84827,-6.208088]]},"properties":{"@id":"way/1128122178","bridge":"yes","electrified":"contact_line","frequency":"0","gauge":"1067","layer":"1","railway":"rail","service":"crossover","voltage":"1500"},"id":"way/1128122178"},{"type":"Feature","geometry":{"type":"LineString","coordinates":[[106.84827,-6.208088],[106.848361,-6.20823]]},"properties":{"@id":"way/1128122179","electrified":"contact_line","frequency":"0","gauge":"1067","railway":"rail","service":"crossover","voltage":"1500"},"id":"way/1128122179"},{"type":"Feature","geometry":{"type":"LineString","coordinates":[[106.848633,-6.208446],[106.848397,-6.208155]]},"properties":{"@id":"way/1128122182","electrified":"contact_line","frequency":"0","gauge":"1067","maxspeed":"90","name":"Jalur Kereta Api Jakarta Kota–Bogor","railway":"rail","usage":"main","voltage":"1500","wikidata":"Q12487135","wikipedia":"id:Jalur kereta api Jakarta Kota–Bogor–Padalarang"},"id":"way/1128122182"},{"type":"Feature","geometry":{"type":"LineString","coordinates":[[106.865955,-6.213558],[106.864911,-6.212612],[106.864702,-6.212422],[106.863912,-6.211783],[106.863531,-6.211465],[106.863486,-6.211424]]},"properties":{"@id":"way/1128133968","electrified":"contact_line","frequency":"0","gauge":"1067","maxspeed":"70","name":"Jalur Kereta Api Jakarta Kota–Cikampek","railway":"rail","usage":"main","voltage":"1500","wikidata":"Q19726782","wikipedia":"id:Jalur kereta api Jakarta Kota–Cikampek"},"id":"way/1128133968"},{"type":"Feature","geometry":{"type":"LineString","coordinates":[[106.866312,-6.213934],[106.866346,-6.213963],[106.866599,-6.214189],[106.866887,-6.214405],[106.867097,-6.214524],[106.867407,-6.214658],[106.867614,-6.214724],[106.867806,-6.214773],[106.868022,-6.214805],[106.868209,-6.214819],[106.86868,-6.214812]]},"properties":{"@id":"way/1128133969","electrified":"contact_line","frequency":"0","gauge":"1067","maxspeed":"70","name":"Jalur Kereta Api Jakarta Kota–Cikampek","railway":"rail","usage":"main","voltage":"1500","wikidata":"Q19726782","wikipedia":"id:Jalur kereta api Jakarta Kota–Cikampek"},"id":"way/1128133969"},{"type":"Feature","geometry":{"type":"LineString","coordinates":[[106.844787,-6.175271],[106.844183,-6.173701],[106.843755,-6.172415]]},"properties":{"@id":"way/1128133987","electrified":"contact_line","frequency":"0","gauge":"1067","maxspeed":"30","name":"Jalur Kereta Api Jakarta Kota–Cikampek","railway":"rail","railway:track_ref":"3","usage":"main","voltage":"1500","wikidata":"Q19726782","wikipedia":"id:Jalur kereta api Jakarta Kota–Cikampek"},"id":"way/1128133987"},{"type":"Feature","geometry":{"type":"LineString","coordinates":[[106.665442,-6.171964],[106.66515,-6.171982]]},"properties":{"@id":"way/1130847329","covered":"yes","electrified":"contact_line","frequency":"0","gauge":"1067","maxspeed":"90","name":"Jalur Kereta Api Bandara Soekarno-Hatta","railway":"rail","source":"digitalglobe","tunnel":"building_passage","usage":"branch","voltage":"1500","wikidata":"Q56392844","wikipedia":"id:Jalur kereta api Batu Ceper–Bandara Soekarno-Hatta"},"id":"way/1130847329"},{"type":"Feature","geometry":{"type":"LineString","coordinates":[[106.667556,-6.171848],[106.667086,-6.171874],[106.666528,-6.171902],[106.666118,-6.17192],[106.665916,-6.171932],[106.665713,-6.171945],[106.665442,-6.171964]]},"properties":{"@id":"way/1130847330","electrified":"contact_line","frequency":"0","gauge":"1067","maxspeed":"30","name":"Jalur Kereta Api Bandara Soekarno-Hatta","railway":"rail","source":"digitalglobe","usage":"branch","voltage":"1500","wikidata":"Q56392844","wikipedia":"id:Jalur kereta api Batu Ceper–Bandara Soekarno-Hatta"},"id":"way/1130847330"},{"type":"Feature","geometry":{"type":"LineString","coordinates":[[106.647857,-6.174997],[106.647949,-6.174983],[106.649263,-6.174783],[106.651664,-6.174399],[106.651955,-6.174353],[106.656386,-6.173652],[106.657975,-6.173398],[106.659806,-6.173108],[106.661716,-6.172797],[106.663627,-6.172489],[106.665002,-6.172274],[106.6653,-6.172227]]},"properties":{"@id":"way/1130847332","electrified":"contact_line","frequency":"0","gauge":"1067","maxspeed":"75","name":"Jalur Kereta Api Duri–Tangerang","railway":"rail","usage":"main","voltage":"1500","wikidata":"Q12487146","wikipedia":"en:Duri–Tangerang railway"},"id":"way/1130847332"},{"type":"Feature","geometry":{"type":"LineString","coordinates":[[106.6653,-6.172227],[106.665389,-6.172212]]},"properties":{"@id":"way/1130847333","electrified":"contact_line","frequency":"0","gauge":"1067","maxspeed":"100","name":"Jalur Kereta Api Duri–Tangerang","railway":"rail","usage":"main","voltage":"1500","wikidata":"Q12487146","wikipedia":"en:Duri–Tangerang railway"},"id":"way/1130847333"},{"type":"Feature","geometry":{"type":"LineString","coordinates":[[106.665419,-6.17183],[106.665871,-6.171767],[106.665937,-6.171763],[106.667033,-6.171692],[106.668024,-6.17162],[106.669258,-6.171553]]},"properties":{"@id":"way/1130847338","electrified":"contact_line","frequency":"0","gauge":"1067","name":"Jalur Kereta Api Bandara Soekarno-Hatta","railway":"rail","source":"digitalglobe","usage":"branch","voltage":"1500","wikidata":"Q56392844","wikipedia":"id:Jalur kereta api Batu Ceper–Bandara Soekarno-Hatta"},"id":"way/1130847338"},{"type":"Feature","geometry":{"type":"LineString","coordinates":[[106.665131,-6.171872],[106.665336,-6.171841],[106.665419,-6.17183]]},"properties":{"@id":"way/1130847339","covered":"yes","electrified":"contact_line","frequency":"0","gauge":"1067","maxspeed":"90","name":"Jalur Kereta Api Bandara Soekarno-Hatta","railway":"rail","source":"digitalglobe","tunnel":"building_passage","usage":"branch","voltage":"1500","wikidata":"Q56392844","wikipedia":"id:Jalur kereta api Batu Ceper–Bandara Soekarno-Hatta"},"id":"way/1130847339"},{"type":"Feature","geometry":{"type":"LineString","coordinates":[[106.665131,-6.171872],[106.664816,-6.171921],[106.664384,-6.171994],[106.659763,-6.172762],[106.658968,-6.172898],[106.658502,-6.172973],[106.657881,-6.173103],[106.656329,-6.173431],[106.655325,-6.17365],[106.654818,-6.17376],[106.65415,-6.173895],[106.653036,-6.174028],[106.652764,-6.174042],[106.652412,-6.174045],[106.652178,-6.174026],[106.651989,-6.174],[106.651752,-6.17395],[106.651618,-6.173911],[106.651281,-6.173798],[106.651015,-6.173674]]},"properties":{"@id":"way/1130847348","electrified":"contact_line","frequency":"0","gauge":"1067","maxspeed":"90","name":"Jalur Kereta Api Bandara Soekarno-Hatta","railway":"rail","source":"digitalglobe","usage":"branch","voltage":"1500","wikidata":"Q56392844","wikipedia":"id:Jalur kereta api Batu Ceper–Bandara Soekarno-Hatta"},"id":"way/1130847348"},{"type":"Feature","geometry":{"type":"LineString","coordinates":[[106.650995,-6.173709],[106.651261,-6.173836],[106.651613,-6.17395],[106.651977,-6.174055],[106.65228,-6.1741],[106.652547,-6.174104],[106.653032,-6.174073],[106.65415,-6.173934],[106.654823,-6.173805],[106.65634,-6.173473],[106.657894,-6.173144],[106.65968,-6.172839],[106.659776,-6.172823],[106.660047,-6.172778],[106.664053,-6.172095],[106.664302,-6.172054],[106.664522,-6.172026],[106.66483,-6.172],[106.66515,-6.171982]]},"properties":{"@id":"way/1130847349","electrified":"contact_line","frequency":"0","gauge":"1067","maxspeed":"90","name":"Jalur Kereta Api Bandara Soekarno-Hatta","railway":"rail","source":"digitalglobe","usage":"branch","voltage":"1500","wikidata":"Q56392844","wikipedia":"id:Jalur kereta api Batu Ceper–Bandara Soekarno-Hatta"},"id":"way/1130847349"},{"type":"Feature","geometry":{"type":"LineString","coordinates":[[106.636303,-6.176822],[106.636873,-6.176695]]},"properties":{"@id":"way/1172335200","electrified":"contact_line","gauge":"1067","maxspeed":"30","railway":"rail","service":"crossover","usage":"main","voltage":"1500"},"id":"way/1172335200"},{"type":"Feature","geometry":{"type":"LineString","coordinates":[[106.637001,-6.176674],[106.637721,-6.176593]]},"properties":{"@id":"way/1172335201","electrified":"contact_line","gauge":"1067","maxspeed":"30","railway":"rail","service":"crossover","usage":"main","voltage":"1500"},"id":"way/1172335201"},{"type":"Feature","geometry":{"type":"LineString","coordinates":[[106.630448,-6.176844],[106.630716,-6.176857],[106.630949,-6.176869],[106.633646,-6.176975]]},"properties":{"@id":"way/1172335202","electrified":"contact_line","frequency":"0","gauge":"1067","maxspeed":"75","name":"Jalur Kereta Api Duri–Tangerang","railway":"rail","railway:track_ref":"2","usage":"main","voltage":"1500","wikidata":"Q12487146","wikipedia":"en:Duri–Tangerang railway"},"id":"way/1172335202"},{"type":"Feature","geometry":{"type":"LineString","coordinates":[[106.66222,-6.172675],[106.661716,-6.172797]]},"properties":{"@id":"way/1172335204","electrified":"contact_line","gauge":"1067","maxspeed":"30","railway":"rail","service":"crossover","usage":"main","voltage":"1050"},"id":"way/1172335204"},{"type":"Feature","geometry":{"type":"LineString","coordinates":[[106.663131,-6.172534],[106.663627,-6.172489]]},"properties":{"@id":"way/1172335205","electrified":"contact_line","gauge":"1067","maxspeed":"30","railway":"rail","service":"crossover","usage":"main","voltage":"1050"},"id":"way/1172335205"},{"type":"Feature","geometry":{"type":"LineString","coordinates":[[106.798792,-6.161201],[106.799554,-6.160798]]},"properties":{"@id":"way/1172335206","electrified":"contact_line","gauge":"1067","maxspeed":"30","railway":"rail","service":"crossover","usage":"main","voltage":"1500"},"id":"way/1172335206"},{"type":"Feature","geometry":{"type":"LineString","coordinates":[[106.636688,-6.133596],[106.645232,-6.130216]]},"properties":{"@id":"way/1172335207","electrified":"contact_line","frequency":"0","gauge":"1067","maxspeed":"90","name":"Jalur Kereta Api Bandara Soekarno-Hatta","oneway":"yes","railway":"rail","source":"digitalglobe","usage":"branch","voltage":"1500","wikidata":"Q56392844","wikipedia":"id:Jalur kereta api Batu Ceper–Bandara Soekarno-Hatta"},"id":"way/1172335207"},{"type":"Feature","geometry":{"type":"LineString","coordinates":[[106.644708,-6.130362],[106.636668,-6.133555]]},"properties":{"@id":"way/1172335208","electrified":"contact_line","frequency":"0","gauge":"1067","maxspeed":"90","name":"Jalur Kereta Api Bandara Soekarno-Hatta","oneway":"yes","railway":"rail","source":"digitalglobe","usage":"branch","voltage":"1500","wikidata":"Q56392844","wikipedia":"id:Jalur kereta api Batu Ceper–Bandara Soekarno-Hatta"},"id":"way/1172335208"},{"type":"Feature","geometry":{"type":"LineString","coordinates":[[106.633528,-6.137615],[106.633572,-6.136965],[106.633634,-6.136494],[106.633724,-6.136163],[106.633848,-6.135891],[106.634008,-6.13562],[106.634355,-6.135147],[106.634636,-6.134805],[106.635011,-6.134468],[106.635167,-6.134326],[106.635405,-6.13416],[106.635709,-6.134006],[106.635971,-6.13388],[106.636688,-6.133596]]},"properties":{"@id":"way/1172335209","electrified":"contact_line","frequency":"0","gauge":"1067","maxspeed":"60","name":"Jalur Kereta Api Bandara Soekarno-Hatta","oneway":"yes","railway":"rail","source":"digitalglobe","usage":"branch","voltage":"1500","wikidata":"Q56392844","wikipedia":"id:Jalur kereta api Batu Ceper–Bandara Soekarno-Hatta"},"id":"way/1172335209"},{"type":"Feature","geometry":{"type":"LineString","coordinates":[[106.636668,-6.133555],[106.63595,-6.13384],[106.635679,-6.133968],[106.635379,-6.13412],[106.63514,-6.134283],[106.634967,-6.134435],[106.634599,-6.134774],[106.634313,-6.135118],[106.633955,-6.135599],[106.633804,-6.135887],[106.633678,-6.136159],[106.633591,-6.136474],[106.633524,-6.136961],[106.63348,-6.13761]]},"properties":{"@id":"way/1172335210","electrified":"contact_line","frequency":"0","gauge":"1067","maxspeed":"60","name":"Jalur Kereta Api Bandara Soekarno-Hatta","oneway":"yes","railway":"rail","source":"digitalglobe","usage":"branch","voltage":"1500","wikidata":"Q56392844","wikipedia":"id:Jalur kereta api Batu Ceper–Bandara Soekarno-Hatta"},"id":"way/1172335210"},{"type":"Feature","geometry":{"type":"LineString","coordinates":[[106.810898,-6.187126],[106.810966,-6.187655]]},"properties":{"@id":"way/1179899955","electrified":"contact_line","frequency":"0","gauge":"1067","maxspeed":"30","name":"Jalur Kereta Api Tanah Abang–Merak","railway":"rail","usage":"main","voltage":"1500","wikidata":"Q18916627","wikipedia":"id:Jalur kereta api Merak–Tanah Abang"},"id":"way/1179899955"},{"type":"Feature","geometry":{"type":"LineString","coordinates":[[106.843755,-6.172415],[106.843546,-6.171804]]},"properties":{"@id":"way/1179941175","electrified":"contact_line","frequency":"0","gauge":"1067","maxspeed":"30","name":"Jalur Kereta Api Jakarta Kota–Cikampek","railway":"rail","usage":"main","voltage":"1500","wikidata":"Q19726782","wikipedia":"id:Jalur kereta api Jakarta Kota–Cikampek"},"id":"way/1179941175"},{"type":"Feature","geometry":{"type":"LineString","coordinates":[[106.8456,-6.177109],[106.845522,-6.176871],[106.845448,-6.176691],[106.845298,-6.176369],[106.845266,-6.176299]]},"properties":{"@id":"way/1179941176","electrified":"contact_line","frequency":"0","gauge":"1067","maxspeed":"30","name":"Jalur Kereta Api Jakarta Kota–Cikampek","railway":"rail","usage":"main","voltage":"1500","wikidata":"Q19726782","wikipedia":"id:Jalur kereta api Jakarta Kota–Cikampek"},"id":"way/1179941176"},{"type":"Feature","geometry":{"type":"LineString","coordinates":[[106.845422,-6.176382],[106.845617,-6.176881],[106.84576,-6.17733]]},"properties":{"@id":"way/1179941177","electrified":"contact_line","frequency":"0","gauge":"1067","maxspeed":"30","name":"Jalur Kereta Api Jakarta Kota–Cikampek","railway":"rail","usage":"main","voltage":"1500","wikidata":"Q19726782","wikipedia":"id:Jalur kereta api Jakarta Kota–Cikampek"},"id":"way/1179941177"},{"type":"Feature","geometry":{"type":"LineString","coordinates":[[106.864707,-6.212794],[106.86515,-6.213202]]},"properties":{"@id":"way/1179951222","electrified":"contact_line","frequency":"0","gauge":"1067","maxspeed":"60","name":"Jalur Kereta Api Manggarai–Jatinegara","railway":"rail","usage":"main","voltage":"1500","wikidata":"Q17052030","wikipedia":"en:Jatinegara-Manggarai railway"},"id":"way/1179951222"},{"type":"Feature","geometry":{"type":"LineString","coordinates":[[106.811,-6.186825],[106.811079,-6.187628]]},"properties":{"@id":"way/1180009654","electrified":"contact_line","frequency":"0","gauge":"1067","maxspeed":"70","name":"Jalur Kereta Api Tanah Abang–Manggarai","railway":"rail","usage":"main","voltage":"1500","wikidata":"Q19726698","wikipedia":"id:Jalur kereta api lintas Jakarta"},"id":"way/1180009654"},{"type":"Feature","geometry":{"type":"LineString","coordinates":[[106.811068,-6.188779],[106.811003,-6.189146],[106.810931,-6.189542]]},"properties":{"@id":"way/1180009656","electrified":"contact_line","frequency":"0","gauge":"1067","maxspeed":"70","name":"Jalur Kereta Api Tanah Abang–Manggarai","railway":"rail","usage":"main","voltage":"1500","wikidata":"Q19726698","wikipedia":"id:Jalur kereta api lintas Jakarta"},"id":"way/1180009656"},{"type":"Feature","geometry":{"type":"LineString","coordinates":[[106.810973,-6.189549],[106.811041,-6.18915],[106.81113,-6.188641],[106.811164,-6.188452],[106.81119,-6.18827],[106.81119,-6.188143],[106.811182,-6.187979],[106.811147,-6.187631]]},"properties":{"@id":"way/1180009657","electrified":"contact_line","frequency":"0","gauge":"1067","maxspeed":"70","name":"Jalur Kereta Api Tanah Abang–Manggarai","railway":"rail","usage":"main","voltage":"1500","wikidata":"Q19726698","wikipedia":"id:Jalur kereta api lintas Jakarta"},"id":"way/1180009657"},{"type":"Feature","geometry":{"type":"LineString","coordinates":[[106.881649,-6.246294],[106.881912,-6.246269],[106.882181,-6.246231],[106.882474,-6.246173],[106.884504,-6.245706]]},"properties":{"@id":"way/1191115954","bridge":"yes","electrified":"contact_line","frequency":"50","gauge":"1435","highspeed":"yes","layer":"2","maxspeed":"100","name":"Jalur Kereta Cepat Jakarta–Bandung","name:en":"Jakarta-Bandung high-speed railway","name:id":"Kereta kecepatan tinggi Jakarta-Bandung","name:zh":"雅加達－萬隆高速鐵路","operator":"Kereta Cepat Indonesia China","railway":"rail","railway:ctcs":"3","railway:preferred_direction":"both","usage":"main","voltage":"25000","wikidata":"Q85886652","wikipedia":"id:Kereta cepat Whoosh"},"id":"way/1191115954"},{"type":"Feature","geometry":{"type":"LineString","coordinates":[[106.884472,-6.245569],[106.882163,-6.246111],[106.881868,-6.246168],[106.881639,-6.24621]]},"properties":{"@id":"way/1191115955","bridge":"yes","electrified":"contact_line","frequency":"50","gauge":"1435","highspeed":"yes","layer":"2","maxspeed":"100","name":"Jalur Kereta Cepat Jakarta–Bandung","name:en":"Jakarta-Bandung high-speed railway","name:id":"Kereta kecepatan tinggi Jakarta-Bandung","name:zh":"雅加達－萬隆高速鐵路","operator":"Kereta Cepat Indonesia China","railway":"rail","railway:ctcs":"3","railway:preferred_direction":"both","usage":"main","voltage":"25000","wikidata":"Q85886652","wikipedia":"id:Kereta cepat Whoosh"},"id":"way/1191115955"},{"type":"Feature","geometry":{"type":"LineString","coordinates":[[106.63348,-6.13761],[106.6333,-6.140219],[106.633166,-6.142399],[106.6331,-6.144581],[106.633106,-6.144941],[106.633135,-6.14531],[106.633202,-6.145643],[106.633254,-6.145822],[106.633302,-6.14599],[106.633422,-6.146287],[106.633554,-6.146575],[106.633752,-6.146874],[106.63399,-6.147183],[106.634287,-6.14753],[106.634548,-6.147766],[106.634893,-6.148017]]},"properties":{"@id":"way/1196226279","electrified":"contact_line","frequency":"0","gauge":"1067","maxspeed":"90","name":"Jalur Kereta Api Bandara Soekarno-Hatta","oneway":"yes","railway":"rail","source":"digitalglobe","usage":"branch","voltage":"1500","wikidata":"Q56392844","wikipedia":"id:Jalur kereta api Batu Ceper–Bandara Soekarno-Hatta"},"id":"way/1196226279"},{"type":"Feature","geometry":{"type":"LineString","coordinates":[[106.634893,-6.148017],[106.635057,-6.148119]]},"properties":{"@id":"way/1196226280","bridge":"yes","electrified":"contact_line","frequency":"0","gauge":"1067","layer":"1","maxspeed":"90","name":"Jalur Kereta Api Bandara Soekarno-Hatta","oneway":"yes","railway":"rail","source":"digitalglobe","usage":"branch","voltage":"1500","wikidata":"Q56392844","wikipedia":"id:Jalur kereta api Batu Ceper–Bandara Soekarno-Hatta"},"id":"way/1196226280"},{"type":"Feature","geometry":{"type":"LineString","coordinates":[[106.635097,-6.148075],[106.634962,-6.147988]]},"properties":{"@id":"way/1196226281","bridge":"yes","electrified":"contact_line","frequency":"0","gauge":"1067","layer":"1","maxspeed":"90","name":"Jalur Kereta Api Bandara Soekarno-Hatta","oneway":"yes","railway":"rail","source":"digitalglobe","usage":"branch","voltage":"1500","wikidata":"Q56392844","wikipedia":"id:Jalur kereta api Batu Ceper–Bandara Soekarno-Hatta"},"id":"way/1196226281"},{"type":"Feature","geometry":{"type":"LineString","coordinates":[[106.634962,-6.147988],[106.634582,-6.147718],[106.63432,-6.147476],[106.63403,-6.147152],[106.633793,-6.146834],[106.63361,-6.146538],[106.633473,-6.146265],[106.633357,-6.14597],[106.633285,-6.145735],[106.633255,-6.145635],[106.63319,-6.145299],[106.633163,-6.14492],[106.633164,-6.144584],[106.633213,-6.142398],[106.63327,-6.141329],[106.633354,-6.140225],[106.633528,-6.137615]]},"properties":{"@id":"way/1196226282","electrified":"contact_line","frequency":"0","gauge":"1067","maxspeed":"90","name":"Jalur Kereta Api Bandara Soekarno-Hatta","oneway":"yes","railway":"rail","source":"digitalglobe","usage":"branch","voltage":"1500","wikidata":"Q56392844","wikipedia":"id:Jalur kereta api Batu Ceper–Bandara Soekarno-Hatta"},"id":"way/1196226282"},{"type":"Feature","geometry":{"type":"LineString","coordinates":[[106.876899,-6.114196],[106.877177,-6.11397],[106.877558,-6.11362],[106.877866,-6.113355]]},"properties":{"@id":"way/1205677000","electrified":"contact_line","frequency":"0","gauge":"1067","railway":"rail","service":"crossover","voltage":"1500"},"id":"way/1205677000"},{"type":"Feature","geometry":{"type":"LineString","coordinates":[[106.825522,-6.132194],[106.82514,-6.132301]]},"properties":{"@id":"way/1205694649","electrified":"contact_line","frequency":"0","gauge":"1067","maxspeed":"10","name":"Jalur Kereta Api Kampung Bandan–Jakarta Gudang","railway":"rail","usage":"main","voltage":"1500"},"id":"way/1205694649"},{"type":"Feature","geometry":{"type":"LineString","coordinates":[[106.949242,-6.256695],[106.94972,-6.25672]]},"properties":{"@id":"way/1207677244","bridge":"yes","gauge":"1435","layer":"3","railway":"light_rail","service":"crossover"},"id":"way/1207677244"},{"type":"Feature","geometry":{"type":"LineString","coordinates":[[106.948161,-6.256793],[106.948577,-6.256731]]},"properties":{"@id":"way/1207677245","bridge":"yes","gauge":"1435","layer":"3","railway":"light_rail","service":"crossover"},"id":"way/1207677245"},{"type":"Feature","geometry":{"type":"LineString","coordinates":[[106.817216,-6.137],[106.818235,-6.136748],[106.818884,-6.136565]]},"properties":{"@id":"way/1207910718","electrified":"contact_line","frequency":"0","gauge":"1067","name":"Jalur Kereta Api Jakarta Kota–Bogor","railway":"rail","source":"yahoo photography","usage":"main","voltage":"1500","wikidata":"Q12487135","wikipedia":"id: Jalur kereta api Jakarta Kota–Bogor–Padalarang"},"id":"way/1207910718"},{"type":"Feature","geometry":{"type":"LineString","coordinates":[[106.818434,-6.136524],[106.818388,-6.136536]]},"properties":{"@id":"way/1207910721","electrified":"contact_line","frequency":"0","gauge":"1067","name":"Jalur Kereta Api Jakarta Kota–Tanjung Priuk","railway":"rail","usage":"main","voltage":"1500","wikidata":"Q19726698","wikipedia":"id:Jalur kereta api lintas Jakarta"},"id":"way/1207910721"},{"type":"Feature","geometry":{"type":"LineString","coordinates":[[106.817152,-6.136737],[106.817834,-6.136564],[106.818024,-6.136506],[106.818943,-6.136271]]},"properties":{"@id":"way/1207910725","electrified":"contact_line","frequency":"0","gauge":"1067","name":"Jalur Kereta Api Jakarta Kota–Cikampek","railway":"rail","usage":"main","voltage":"1500","wikidata":"Q19726782","wikipedia":"id:Jalur kereta api Jakarta Kota–Cikampek"},"id":"way/1207910725"},{"type":"Feature","geometry":{"type":"LineString","coordinates":[[106.818943,-6.136271],[106.818979,-6.136264],[106.819239,-6.136198],[106.819421,-6.136151]]},"properties":{"@id":"way/1207910726","electrified":"contact_line","frequency":"0","gauge":"1067","name":"Jalur Kereta Api Jakarta Kota–Cikampek","railway":"rail","usage":"main","voltage":"1500","wikidata":"Q19726782","wikipedia":"id:Jalur kereta api Jakarta Kota–Cikampek"},"id":"way/1207910726"},{"type":"Feature","geometry":{"type":"LineString","coordinates":[[106.816882,-6.13712],[106.816646,-6.137223]]},"properties":{"@id":"way/1207910730","bridge":"yes","electrified":"contact_line","frequency":"0","gauge":"1067","layer":"1","name":"Jalur Kereta Api Jakarta Kota–Bogor","railway":"rail","railway:track_ref":"11","usage":"main","voltage":"1500","wikidata":"Q12487135","wikipedia":"id: Jalur kereta api Jakarta Kota–Bogor–Padalarang"},"id":"way/1207910730"},{"type":"Feature","geometry":{"type":"LineString","coordinates":[[106.800655,-6.142968],[106.800648,-6.142866],[106.800609,-6.142135],[106.800603,-6.142006],[106.800603,-6.141987]]},"properties":{"@id":"way/1208494881","electrified":"contact_line","frequency":"0","gauge":"1067","maxspeed":"50","name":"Jalur Kereta Api Kampung Bandan–Angke–Duri","operator":"Kereta Api Indonesia","owner":"Direktorat Jenderal, Kementerian Perhubungan","owner:en":"Directorate General of Railways, Ministry of Transportation","railway":"rail","usage":"main","voltage":"1500","wikidata":"Q19726698","wikipedia":"id:Jalur kereta api lintas Jakarta"},"id":"way/1208494881"},{"type":"Feature","geometry":{"type":"LineString","coordinates":[[106.800603,-6.141987],[106.800595,-6.141769]]},"properties":{"@id":"way/1208494882","bridge":"yes","electrified":"contact_line","frequency":"0","gauge":"1067","layer":"1","maxspeed":"50","name":"Jalur Kereta Api Kampung Bandan–Angke–Duri","operator":"Kereta Api Indonesia","owner":"Direktorat Jenderal, Kementerian Perhubungan","owner:en":"Directorate General of Railways, Ministry of Transportation","railway":"rail","usage":"main","voltage":"1500","wikidata":"Q19726698","wikipedia":"id:Jalur kereta api lintas Jakarta"},"id":"way/1208494882"},{"type":"Feature","geometry":{"type":"LineString","coordinates":[[106.800547,-6.141773],[106.800557,-6.141987]]},"properties":{"@id":"way/1208494883","bridge":"yes","electrified":"contact_line","frequency":"0","gauge":"1067","layer":"1","maxspeed":"50","name":"Jalur Kereta Api Kampung Bandan–Angke–Duri","operator":"Kereta Api Indonesia","owner":"Direktorat Jenderal, Kementerian Perhubungan","owner:en":"Directorate General of Railways, Ministry of Transportation","railway":"rail","usage":"main","voltage":"1500","wikidata":"Q19726698","wikipedia":"id:Jalur kereta api lintas Jakarta"},"id":"way/1208494883"},{"type":"Feature","geometry":{"type":"LineString","coordinates":[[106.800253,-6.136613],[106.80033,-6.1376],[106.80042,-6.139178],[106.800547,-6.141773]]},"properties":{"@id":"way/1208494884","electrified":"contact_line","frequency":"0","gauge":"1067","maxspeed":"50","name":"Jalur Kereta Api Kampung Bandan–Angke–Duri","operator":"Kereta Api Indonesia","owner":"Direktorat Jenderal, Kementerian Perhubungan","owner:en":"Directorate General of Railways, Ministry of Transportation","railway":"rail","usage":"main","voltage":"1500","wikidata":"Q19726698","wikipedia":"id:Jalur kereta api lintas Jakarta"},"id":"way/1208494884"},{"type":"Feature","geometry":{"type":"LineString","coordinates":[[106.801181,-6.154418],[106.801154,-6.154779]]},"properties":{"@id":"way/1208494885","railway":"rail","service":"crossover"},"id":"way/1208494885"},{"type":"Feature","geometry":{"type":"LineString","coordinates":[[106.87618,-6.214797],[106.876715,-6.214791]]},"properties":{"@id":"way/1208658566","railway":"rail","service":"crossover"},"id":"way/1208658566"},{"type":"Feature","geometry":{"type":"LineString","coordinates":[[106.877976,-6.214621],[106.878489,-6.214554]]},"properties":{"@id":"way/1208658579","electrified":"no","gauge":"1067","railway":"rail","service":"crossover"},"id":"way/1208658579"},{"type":"Feature","geometry":{"type":"LineString","coordinates":[[106.824512,-6.143723],[106.824382,-6.143484],[106.824265,-6.143259]]},"properties":{"@id":"way/1217483792","bridge":"yes","layer":"1","railway":"rail","service":"crossover"},"id":"way/1217483792"},{"type":"Feature","geometry":{"type":"LineString","coordinates":[[106.824235,-6.143279],[106.824382,-6.143484],[106.824541,-6.143705]]},"properties":{"@id":"way/1217483793","bridge":"yes","layer":"1","railway":"rail","service":"crossover"},"id":"way/1217483793"},{"type":"Feature","geometry":{"type":"LineString","coordinates":[[106.843182,-6.170354],[106.843232,-6.170722],[106.843269,-6.170863],[106.843345,-6.171186]]},"properties":{"@id":"way/1217687157","railway":"rail","service":"crossover"},"id":"way/1217687157"},{"type":"Feature","geometry":{"type":"LineString","coordinates":[[106.840606,-6.158977],[106.840833,-6.159527]]},"properties":{"@id":"way/1218168136","railway":"rail","service":"crossover"},"id":"way/1218168136"},{"type":"Feature","geometry":{"type":"LineString","coordinates":[[106.847367,-6.120973],[106.847443,-6.120983],[106.847515,-6.120987],[106.847947,-6.120905],[106.848006,-6.120879],[106.848095,-6.120831]]},"properties":{"@id":"way/1218590233","electrified":"no","name":"Kereta Wisata Ancol","railway":"narrow_gauge","usage":"tourism"},"id":"way/1218590233"},{"type":"Feature","geometry":{"type":"LineString","coordinates":[[106.844679,-6.123387],[106.844625,-6.123292],[106.844609,-6.123265],[106.844593,-6.123227],[106.844551,-6.123036],[106.844508,-6.122833],[106.844471,-6.122621]]},"properties":{"@id":"way/1218590235","electrified":"no","name":"Kereta Wisata Ancol","railway":"narrow_gauge","usage":"tourism"},"id":"way/1218590235"},{"type":"Feature","geometry":{"type":"LineString","coordinates":[[106.833977,-6.127531],[106.833871,-6.127491],[106.833809,-6.127458],[106.833578,-6.127244],[106.83336,-6.127042]]},"properties":{"@id":"way/1218590241","electrified":"no","name":"Kereta Wisata Ancol","railway":"narrow_gauge","usage":"tourism"},"id":"way/1218590241"},{"type":"Feature","geometry":{"type":"LineString","coordinates":[[106.841216,-6.127433],[106.841365,-6.127286],[106.841377,-6.127275],[106.841416,-6.127239],[106.841581,-6.127133],[106.841769,-6.127012],[106.841847,-6.126988],[106.84197,-6.126944]]},"properties":{"@id":"way/1218590243","electrified":"no","name":"Kereta Wisata Ancol","railway":"narrow_gauge","usage":"tourism"},"id":"way/1218590243"},{"type":"Feature","geometry":{"type":"LineString","coordinates":[[106.830989,-6.126961],[106.831207,-6.126933],[106.832005,-6.126809],[106.832524,-6.126728],[106.832562,-6.126723],[106.832637,-6.126713],[106.832689,-6.126705],[106.832736,-6.126707],[106.832823,-6.12673],[106.832865,-6.12674],[106.832995,-6.126794],[106.833123,-6.126838],[106.833269,-6.126918],[106.833429,-6.127011],[106.833448,-6.127028],[106.833623,-6.1272],[106.833977,-6.127531],[106.834204,-6.127741],[106.835067,-6.128537],[106.835126,-6.128591],[106.835171,-6.128621],[106.835196,-6.128632],[106.835246,-6.128647],[106.835323,-6.128647],[106.836895,-6.128393],[106.838192,-6.128182],[106.838257,-6.128168],[106.838338,-6.128169],[106.838479,-6.12819],[106.838565,-6.128207],[106.838633,-6.128206],[106.839188,-6.128097],[106.839442,-6.128053],[106.839821,-6.127993],[106.840148,-6.127925],[106.840488,-6.127839],[106.840578,-6.127819],[106.840783,-6.127737],[106.840912,-6.127682],[106.841016,-6.127608],[106.84112,-6.127516],[106.841216,-6.127433],[106.841407,-6.127309],[106.841609,-6.127178],[106.84197,-6.126944],[106.842011,-6.126927],[106.842074,-6.126917],[106.842222,-6.126933],[106.842436,-6.126953],[106.842623,-6.126985],[106.842691,-6.126986],[106.843679,-6.12683],[106.843732,-6.126815],[106.84376,-6.126805],[106.843787,-6.126786],[106.843905,-6.126651],[106.844036,-6.126488],[106.844422,-6.125954],[106.844506,-6.125896],[106.844633,-6.125828],[106.845092,-6.125714],[106.845185,-6.125664],[106.845254,-6.125604],[106.845283,-6.125544],[106.845283,-6.12546],[106.845248,-6.12523],[106.845026,-6.12413],[106.844997,-6.124061],[106.844953,-6.123992],[106.844801,-6.1238],[106.84475,-6.123716],[106.844684,-6.123409],[106.844679,-6.123387],[106.844658,-6.12329],[106.8446,-6.123027],[106.844556,-6.122827],[106.844522,-6.122745],[106.844471,-6.122621],[106.844459,-6.122569],[106.844466,-6.122511],[106.844495,-6.122455],[106.844657,-6.122309],[106.844839,-6.122146],[106.844946,-6.122051],[106.845045,-6.121908],[106.845142,-6.121713],[106.845281,-6.121449],[106.84534,-6.121393],[106.845418,-6.121356],[106.847367,-6.120973],[106.847688,-6.120911],[106.848095,-6.120831],[106.848551,-6.120741],[106.848635,-6.120713],[106.848771,-6.120657],[106.850093,-6.120403],[106.850199,-6.120365],[106.850623,-6.120137],[106.850758,-6.120078],[106.852909,-6.1193],[106.853192,-6.119209],[106.853385,-6.119128],[106.853436,-6.119113],[106.853858,-6.119064],[106.853942,-6.119065],[106.854022,-6.119094],[106.854546,-6.119372],[106.854672,-6.119422],[106.854774,-6.119442],[106.854932,-6.11944],[106.855086,-6.119426],[106.855228,-6.119396],[106.855396,-6.119346]]},"properties":{"@id":"way/1218590244","electrified":"no","name":"Kereta Wisata Ancol","railway":"narrow_gauge","usage":"tourism"},"id":"way/1218590244"},{"type":"Feature","geometry":{"type":"LineString","coordinates":[[106.831438,-6.179122],[106.831371,-6.178874],[106.831302,-6.178628]]},"properties":{"@id":"way/1218969709","bridge":"yes","layer":"1","railway":"rail","service":"crossover"},"id":"way/1218969709"},{"type":"Feature","geometry":{"type":"LineString","coordinates":[[106.831475,-6.179112],[106.831371,-6.178874],[106.831262,-6.178635]]},"properties":{"@id":"way/1218969710","bridge":"yes","layer":"1","railway":"rail","service":"crossover"},"id":"way/1218969710"},{"type":"Feature","geometry":{"type":"LineString","coordinates":[[106.82993,-6.173898],[106.830024,-6.174198],[106.830094,-6.174423]]},"properties":{"@id":"way/1218969711","bridge":"yes","layer":"1","railway":"rail","service":"crossover"},"id":"way/1218969711"},{"type":"Feature","geometry":{"type":"LineString","coordinates":[[106.830054,-6.174435],[106.830024,-6.174198],[106.829972,-6.17388]]},"properties":{"@id":"way/1218969712","bridge":"yes","layer":"1","railway":"rail","service":"crossover"},"id":"way/1218969712"},{"type":"Feature","geometry":{"type":"LineString","coordinates":[[106.811877,-6.130458],[106.811015,-6.130679],[106.810632,-6.130777]]},"properties":{"@id":"way/1222396710","electrified":"contact_line","frequency":"0","gauge":"1067","maxspeed":"50","name":"Jalur Kereta Api Kampung Bandan–Angke–Duri","operator":"Kereta Api Indonesia","owner":"Direktorat Jenderal, Kementerian Perhubungan","owner:en":"Directorate General of Railways, Ministry of Transportation","railway":"rail","usage":"main","voltage":"1500","wikidata":"Q19726698","wikipedia":"id:Jalur kereta api lintas Jakarta"},"id":"way/1222396710"},{"type":"Feature","geometry":{"type":"LineString","coordinates":[[106.812034,-6.130417],[106.811877,-6.130458]]},"properties":{"@id":"way/1222396711","bridge":"yes","electrified":"contact_line","frequency":"0","gauge":"1067","layer":"1","maxspeed":"50","name":"Jalur Kereta Api Kampung Bandan–Angke–Duri","operator":"Kereta Api Indonesia","owner":"Direktorat Jenderal, Kementerian Perhubungan","owner:en":"Directorate General of Railways, Ministry of Transportation","railway":"rail","usage":"main","voltage":"1500","wikidata":"Q19726698","wikipedia":"id:Jalur kereta api lintas Jakarta"},"id":"way/1222396711"},{"type":"Feature","geometry":{"type":"LineString","coordinates":[[106.810646,-6.130826],[106.811544,-6.13058],[106.811886,-6.130487]]},"properties":{"@id":"way/1222396712","electrified":"contact_line","frequency":"0","gauge":"1067","maxspeed":"50","name":"Jalur Kereta Api Kampung Bandan–Angke–Duri","operator":"Kereta Api Indonesia","owner":"Direktorat Jenderal, Kementerian Perhubungan","owner:en":"Directorate General of Railways, Ministry of Transportation","railway":"rail","usage":"main","voltage":"1500","wikidata":"Q19726698","wikipedia":"id:Jalur kereta api lintas Jakarta"},"id":"way/1222396712"},{"type":"Feature","geometry":{"type":"LineString","coordinates":[[106.811886,-6.130487],[106.812045,-6.130448]]},"properties":{"@id":"way/1222396713","bridge":"yes","electrified":"contact_line","frequency":"0","gauge":"1067","layer":"1","maxspeed":"50","name":"Jalur Kereta Api Kampung Bandan–Angke–Duri","operator":"Kereta Api Indonesia","owner":"Direktorat Jenderal, Kementerian Perhubungan","owner:en":"Directorate General of Railways, Ministry of Transportation","railway":"rail","usage":"main","voltage":"1500","wikidata":"Q19726698","wikipedia":"id:Jalur kereta api lintas Jakarta"},"id":"way/1222396713"},{"type":"Feature","geometry":{"type":"LineString","coordinates":[[106.848965,-6.208887],[106.84881,-6.208656],[106.848651,-6.208425]]},"properties":{"@id":"way/1232703196","electrified":"contact_line","frequency":"0","gauge":"1067","railway":"rail","service":"crossover","voltage":"1500"},"id":"way/1232703196"},{"type":"Feature","geometry":{"type":"LineString","coordinates":[[106.848999,-6.208879],[106.849074,-6.208978]]},"properties":{"@id":"way/1232703197","electrified":"contact_line","frequency":"0","gauge":"1067","maxspeed":"90","name":"Jalur Kereta Api Jakarta Kota–Bogor","railway":"rail","usage":"main","voltage":"1500","wikidata":"Q12487135","wikipedia":"id:Jalur kereta api Jakarta Kota–Bogor–Padalarang"},"id":"way/1232703197"},{"type":"Feature","geometry":{"type":"LineString","coordinates":[[106.849044,-6.208994],[106.848965,-6.208887]]},"properties":{"@id":"way/1232703198","electrified":"contact_line","frequency":"0","gauge":"1067","maxspeed":"90","name":"Jalur Kereta Api Jakarta Kota–Bogor","railway":"rail","usage":"main","voltage":"1500","wikidata":"Q12487135","wikipedia":"id:Jalur kereta api Jakarta Kota–Bogor–Padalarang"},"id":"way/1232703198"},{"type":"Feature","geometry":{"type":"LineString","coordinates":[[106.848198,-6.2079],[106.84811,-6.207803]]},"properties":{"@id":"way/1232733575","bridge":"yes","electrified":"contact_line","frequency":"0","gauge":"1067","layer":"1","railway":"rail","service":"crossover","voltage":"1500"},"id":"way/1232733575"},{"type":"Feature","geometry":{"type":"LineString","coordinates":[[106.848596,-6.208354],[106.848397,-6.208155]]},"properties":{"@id":"way/1232733576","electrified":"contact_line","gauge":"1067","railway":"rail","service":"crossover","voltage":"1500"},"id":"way/1232733576"},{"type":"Feature","geometry":{"type":"LineString","coordinates":[[106.848596,-6.208354],[106.848468,-6.208189]]},"properties":{"@id":"way/1232733577","electrified":"contact_line","frequency":"0","gauge":"1067","maxspeed":"90","name":"Jalur Kereta Api Jakarta Kota–Bogor","railway":"rail","usage":"main","voltage":"1500","wikidata":"Q12487135","wikipedia":"id:Jalur kereta api Jakarta Kota–Bogor–Padalarang"},"id":"way/1232733577"},{"type":"Feature","geometry":{"type":"LineString","coordinates":[[106.848198,-6.2079],[106.848123,-6.207802]]},"properties":{"@id":"way/1232733578","bridge":"yes","electrified":"contact_line","frequency":"0","gauge":"1067","layer":"1","maxspeed":"90","name":"Jalur Kereta Api Jakarta Kota–Bogor","railway":"rail","usage":"main","voltage":"1500","wikidata":"Q12487135","wikipedia":"id:Jalur kereta api Jakarta Kota–Bogor–Padalarang"},"id":"way/1232733578"},{"type":"Feature","geometry":{"type":"LineString","coordinates":[[106.848397,-6.208155],[106.848322,-6.20806]]},"properties":{"@id":"way/1232733579","electrified":"contact_line","frequency":"0","gauge":"1067","maxspeed":"90","name":"Jalur Kereta Api Jakarta Kota–Bogor","railway":"rail","usage":"main","voltage":"1500","wikidata":"Q12487135","wikipedia":"id:Jalur kereta api Jakarta Kota–Bogor–Padalarang"},"id":"way/1232733579"},{"type":"Feature","geometry":{"type":"LineString","coordinates":[[106.847815,-6.207438],[106.847871,-6.207514]]},"properties":{"@id":"way/1232733580","electrified":"contact_line","frequency":"0","gauge":"1067","name":"Jalur Kereta Api Tanah Abang–Manggarai","railway":"rail","usage":"main","voltage":"1500","wikidata":"Q19726698","wikipedia":"id:Jalur kereta api lintas Jakarta"},"id":"way/1232733580"},{"type":"Feature","geometry":{"type":"LineString","coordinates":[[106.84814,-6.207947],[106.848064,-6.207846]]},"properties":{"@id":"way/1232733581","bridge":"yes","electrified":"contact_line","frequency":"0","gauge":"1067","layer":"1","name":"Jalur Kereta Api Tanah Abang–Manggarai","railway":"rail","usage":"main","voltage":"1500","wikidata":"Q19726698","wikipedia":"id:Jalur kereta api lintas Jakarta"},"id":"way/1232733581"},{"type":"Feature","geometry":{"type":"LineString","coordinates":[[106.845956,-6.204752],[106.843199,-6.20111]]},"properties":{"@id":"way/1234319667","bridge":"yes","electrified":"contact_line","frequency":"0","gauge":"1067","layer":"2","maxspeed":"90","name":"Jalur Kereta Api Jakarta Kota–Bogor","railway":"rail","usage":"main","voltage":"1500","wikidata":"Q12487135","wikipedia":"id:Jalur kereta api Jakarta Kota–Bogor–Padalarang"},"id":"way/1234319667"},{"type":"Feature","geometry":{"type":"LineString","coordinates":[[106.843183,-6.201145],[106.843596,-6.201691]]},"properties":{"@id":"way/1234319668","bridge":"yes","electrified":"contact_line","frequency":"0","gauge":"1067","layer":"2","maxspeed":"90","name":"Jalur Kereta Api Jakarta Kota–Bogor","railway":"rail","usage":"main","voltage":"1500","wikidata":"Q12487135","wikipedia":"id:Jalur kereta api Jakarta Kota–Bogor–Padalarang"},"id":"way/1234319668"},{"type":"Feature","geometry":{"type":"LineString","coordinates":[[106.843596,-6.201691],[106.843655,-6.201771]]},"properties":{"@id":"way/1234319669","bridge":"yes","electrified":"contact_line","frequency":"0","gauge":"1067","layer":"2","maxspeed":"90","name":"Jalur Kereta Api Jakarta Kota–Bogor","railway":"rail","usage":"main","voltage":"1500","wikidata":"Q12487135","wikipedia":"id:Jalur kereta api Jakarta Kota–Bogor–Padalarang"},"id":"way/1234319669"},{"type":"Feature","geometry":{"type":"LineString","coordinates":[[106.921987,-6.258534],[106.918747,-6.258651]]},"properties":{"@id":"way/1236349284","electrified":"contact_line","frequency":"50","gauge":"1435","highspeed":"yes","maxspeed":"200","name":"Jalur Kereta Cepat Jakarta–Bandung","name:en":"Jakarta-Bandung high-speed railway","name:id":"Kereta kecepatan tinggi Jakarta–Bandung","name:zh":"雅加達－萬隆高速鐵路","operator":"Kereta Cepat Indonesia China","railway":"rail","railway:ctcs":"3","railway:preferred_direction":"forward","usage":"main","voltage":"25000"},"id":"way/1236349284"},{"type":"Feature","geometry":{"type":"LineString","coordinates":[[106.918744,-6.258696],[106.921989,-6.258579]]},"properties":{"@id":"way/1236349285","electrified":"contact_line","frequency":"50","gauge":"1435","highspeed":"yes","maxspeed":"200","name":"Jalur Kereta Cepat Jakarta–Bandung","name:en":"Jakarta-Bandung high-speed railway","name:id":"Kereta kecepatan tinggi Jakarta–Bandung","name:zh":"雅加達－萬隆高速鐵路","operator":"Kereta Cepat Indonesia China","railway":"rail","railway:ctcs":"3","railway:preferred_direction":"forward","usage":"main","voltage":"25000"},"id":"way/1236349285"},{"type":"Feature","geometry":{"type":"LineString","coordinates":[[106.658968,-6.172898],[106.65968,-6.172839]]},"properties":{"@id":"way/1236919324","railway":"rail","service":"crossover"},"id":"way/1236919324"},{"type":"Feature","geometry":{"type":"LineString","coordinates":[[106.890386,-6.243798],[106.890735,-6.243655],[106.891153,-6.243484]]},"properties":{"@id":"way/1238927568","bridge":"yes","electrified":"contact_line","frequency":"50","gauge":"1435","highspeed":"yes","layer":"2","opening_date":"2023-07-01","railway":"rail","service":"crossover","voltage":"25000"},"id":"way/1238927568"},{"type":"Feature","geometry":{"type":"LineString","coordinates":[[106.891158,-6.243529],[106.890735,-6.243655],[106.890367,-6.243765]]},"properties":{"@id":"way/1238927569","bridge":"yes","electrified":"contact_line","frequency":"50","gauge":"1435","highspeed":"yes","layer":"2","opening_date":"2023-07-01","railway":"rail","service":"crossover","voltage":"25000","wikidata":"Q85886652","wikipedia":"id:Kereta cepat Whoosh"},"id":"way/1238927569"},{"type":"Feature","geometry":{"type":"LineString","coordinates":[[106.659066,-6.146237],[106.659196,-6.14642]]},"properties":{"@id":"way/1241564994","bridge":"yes","electrified":"contact_line","frequency":"0","gauge":"1067","layer":"1","maxspeed":"90","name":"Jalur Kereta Api Bandara Soekarno-Hatta","oneway":"yes","railway":"rail","source":"digitalglobe","usage":"branch","voltage":"1500","wikidata":"Q56392844","wikipedia":"id:Jalur kereta api Batu Ceper–Bandara Soekarno-Hatta"},"id":"way/1241564994"},{"type":"Feature","geometry":{"type":"LineString","coordinates":[[106.659196,-6.14642],[106.659464,-6.146793],[106.65962,-6.147128],[106.659806,-6.147527],[106.65995,-6.147911],[106.660071,-6.148335]]},"properties":{"@id":"way/1241564995","electrified":"contact_line","embankment":"yes","frequency":"0","gauge":"1067","maxspeed":"90","name":"Jalur Kereta Api Bandara Soekarno-Hatta","oneway":"yes","railway":"rail","source":"digitalglobe","usage":"branch","voltage":"1500","wikidata":"Q56392844","wikipedia":"id:Jalur kereta api Batu Ceper–Bandara Soekarno-Hatta"},"id":"way/1241564995"},{"type":"Feature","geometry":{"type":"LineString","coordinates":[[106.66012,-6.148332],[106.659995,-6.1479],[106.659865,-6.147513],[106.659662,-6.147095],[106.659508,-6.14678],[106.659239,-6.146401]]},"properties":{"@id":"way/1241564996","electrified":"contact_line","embankment":"yes","frequency":"0","gauge":"1067","maxspeed":"90","name":"Jalur Kereta Api Bandara Soekarno-Hatta","oneway":"yes","railway":"rail","source":"digitalglobe","usage":"branch","voltage":"1500","wikidata":"Q56392844","wikipedia":"id:Jalur kereta api Batu Ceper–Bandara Soekarno-Hatta"},"id":"way/1241564996"},{"type":"Feature","geometry":{"type":"LineString","coordinates":[[106.659239,-6.146401],[106.659098,-6.14622]]},"properties":{"@id":"way/1241564997","bridge":"yes","electrified":"contact_line","frequency":"0","gauge":"1067","layer":"1","maxspeed":"90","name":"Jalur Kereta Api Bandara Soekarno-Hatta","oneway":"yes","railway":"rail","source":"digitalglobe","usage":"branch","voltage":"1500","wikidata":"Q56392844","wikipedia":"id:Jalur kereta api Batu Ceper–Bandara Soekarno-Hatta"},"id":"way/1241564997"},{"type":"Feature","geometry":{"type":"LineString","coordinates":[[106.818388,-6.136536],[106.817957,-6.136644]]},"properties":{"@id":"way/1249344827","electrified":"contact_line","frequency":"0","gauge":"1067","layer":"1","maxspeed":"20","name":"Jalur Kereta Api Jakarta Kota–Tanjung Priuk","railway":"rail","source":"yahoo photography","usage":"main","voltage":"1500","wikidata":"Q19726698","wikipedia":"id:Jalur kereta api lintas Jakarta"},"id":"way/1249344827"},{"type":"Feature","geometry":{"type":"LineString","coordinates":[[106.876899,-6.114196],[106.877392,-6.113831],[106.877636,-6.113643],[106.878065,-6.11332],[106.879063,-6.112532]]},"properties":{"@id":"way/1249344830","electrified":"contact_line","frequency":"0","gauge":"1067","maxspeed":"40","name":"Jalur Kereta Api Jakarta Kota–Tanjung Priuk","railway":"rail","usage":"main","voltage":"1500","wikidata":"Q19726698","wikipedia":"id:Jalur kereta api lintas Jakarta"},"id":"way/1249344830"},{"type":"Feature","geometry":{"type":"LineString","coordinates":[[106.878476,-6.112884],[106.87796,-6.113285],[106.877866,-6.113355]]},"properties":{"@id":"way/1249344831","electrified":"contact_line","frequency":"0","gauge":"1067","maxspeed":"40","name":"Jalur Kereta Api Jakarta Kota–Tanjung Priuk","railway":"rail","usage":"main","voltage":"1500","wikidata":"Q19726698","wikipedia":"id:Jalur kereta api lintas Jakarta"},"id":"way/1249344831"},{"type":"Feature","geometry":{"type":"LineString","coordinates":[[106.801181,-6.154418],[106.801181,-6.154324],[106.801208,-6.154069],[106.80123,-6.153689]]},"properties":{"@id":"way/1249387312","electrified":"contact_line","frequency":"0","gauge":"1067","name":"Jalur Kereta Api Duri–Tangerang","railway":"rail","usage":"main","voltage":"1500","wikidata":"Q12487146","wikipedia":"en:Duri–Tangerang railway"},"id":"way/1249387312"},{"type":"Feature","geometry":{"type":"LineString","coordinates":[[106.914138,-6.157205],[106.91415,-6.155911]]},"properties":{"@id":"way/1251519820","covered":"yes","electrified":"rail","frequency":"0","gauge":"1435","railway":"light_rail","voltage":"750"},"id":"way/1251519820"},{"type":"Feature","geometry":{"type":"LineString","coordinates":[[106.914284,-6.15721],[106.914269,-6.158422]]},"properties":{"@id":"way/1251519821","covered":"yes","electrified":"rail","frequency":"0","gauge":"1435","maxspeed":"90","name":"LRT Jakarta Kalapa Gading - Velodrome Line","railway":"light_rail","voltage":"750"},"id":"way/1251519821"},{"type":"Feature","geometry":{"type":"LineString","coordinates":[[106.845098,-6.175543],[106.845117,-6.175594],[106.845422,-6.176382]]},"properties":{"@id":"way/1265006712","electrified":"contact_line","frequency":"0","gauge":"1067","maxspeed":"30","name":"Jalur Kereta Api Jakarta Kota–Cikampek","railway":"rail","usage":"main","voltage":"1500","wikidata":"Q19726782","wikipedia":"id:Jalur kereta api Jakarta Kota–Cikampek"},"id":"way/1265006712"},{"type":"Feature","geometry":{"type":"LineString","coordinates":[[106.845266,-6.176299],[106.845134,-6.176027],[106.845007,-6.175741],[106.844988,-6.1757]]},"properties":{"@id":"way/1265006716","electrified":"contact_line","frequency":"0","gauge":"1067","maxspeed":"30","name":"Jalur Kereta Api Jakarta Kota–Cikampek","railway":"rail","usage":"main","voltage":"1500","wikidata":"Q19726782","wikipedia":"id:Jalur kereta api Jakarta Kota–Cikampek"},"id":"way/1265006716"},{"type":"Feature","geometry":{"type":"LineString","coordinates":[[106.868926,-6.215078],[106.86928,-6.215088],[106.869377,-6.21509],[106.871222,-6.215103],[106.871966,-6.215072]]},"properties":{"@id":"way/1265006719","electrified":"contact_line","frequency":"0","gauge":"1067","maxspeed":"60","name":"Jalur Kereta Api Manggarai–Jatinegara","railway":"rail","railway:track_ref":"1","usage":"main","voltage":"1500","wikidata":"Q17052030","wikipedia":"en:Jatinegara-Manggarai railway"},"id":"way/1265006719"},{"type":"Feature","geometry":{"type":"LineString","coordinates":[[106.871932,-6.215007],[106.871943,-6.215007],[106.872542,-6.214999],[106.873085,-6.214968]]},"properties":{"@id":"way/1265006720","electrified":"contact_line","frequency":"0","gauge":"1067","maxspeed":"115","name":"Jalur Kereta Api Manggarai–Jatinegara","railway":"rail","railway:track_ref":"2","usage":"main","voltage":"1500","wikidata":"Q17052030","wikipedia":"en:Jatinegara-Manggarai railway"},"id":"way/1265006720"},{"type":"Feature","geometry":{"type":"LineString","coordinates":[[106.871932,-6.214974],[106.871943,-6.214973],[106.872748,-6.214953],[106.873645,-6.214897]]},"properties":{"@id":"way/1265006721","electrified":"contact_line","frequency":"0","gauge":"1067","maxspeed":"115","name":"Jalur Kereta Api Manggarai–Jatinegara","railway":"rail","railway:track_ref":"3","usage":"main","voltage":"1500","wikidata":"Q17052030","wikipedia":"en:Jatinegara-Manggarai railway"},"id":"way/1265006721"},{"type":"Feature","geometry":{"type":"LineString","coordinates":[[106.871999,-6.214884],[106.872031,-6.214885],[106.872731,-6.214888],[106.873099,-6.214884],[106.873404,-6.214873]]},"properties":{"@id":"way/1265006722","electrified":"contact_line","frequency":"0","gauge":"1067","maxspeed":"115","name":"Jalur Kereta Api Manggarai–Jatinegara","railway":"rail","railway:track_ref":"4","usage":"main","voltage":"1500","wikidata":"Q17052030","wikipedia":"en:Jatinegara-Manggarai railway"},"id":"way/1265006722"},{"type":"Feature","geometry":{"type":"LineString","coordinates":[[106.86892,-6.215033],[106.86908,-6.215027],[106.869283,-6.215012]]},"properties":{"@id":"way/1265006728","electrified":"contact_line","frequency":"0","gauge":"1067","maxspeed":"30","name":"Jalur Kereta Api Manggarai–Jatinegara","railway":"rail","railway:track_ref":"2","usage":"main","voltage":"1500","wikidata":"Q17052030","wikipedia":"en:Jatinegara-Manggarai railway"},"id":"way/1265006728"},{"type":"Feature","geometry":{"type":"LineString","coordinates":[[106.86868,-6.214812],[106.869476,-6.214777],[106.869643,-6.21477]]},"properties":{"@id":"way/1265006732","electrified":"contact_line","frequency":"0","gauge":"1067","maxspeed":"70","name":"Jalur Kereta Api Jakarta Kota–Cikampek","railway":"rail","railway:track_ref":"6","usage":"main","voltage":"1500","wikidata":"Q19726782","wikipedia":"id:Jalur kereta api Jakarta Kota–Cikampek"},"id":"way/1265006732"},{"type":"Feature","geometry":{"type":"LineString","coordinates":[[106.869526,-6.214745],[106.869477,-6.214746],[106.868678,-6.214777]]},"properties":{"@id":"way/1265006733","electrified":"contact_line","frequency":"0","gauge":"1067","maxspeed":"70","name":"Jalur Kereta Api Jakarta Kota–Cikampek","railway":"rail","railway:track_ref":"7","usage":"main","voltage":"1500","wikidata":"Q19726782","wikipedia":"id:Jalur kereta api Jakarta Kota–Cikampek"},"id":"way/1265006733"},{"type":"Feature","geometry":{"type":"LineString","coordinates":[[106.80123,-6.153689],[106.801265,-6.154564]]},"properties":{"@id":"way/1289375402","electrified":"contact_line","frequency":"0","gauge":"1067","maxspeed":"50","name":"Jalur Kereta Api Kampung Bandan–Angke–Duri","railway":"rail","railway:track_ref":"3","usage":"main","voltage":"1500","wikidata":"Q19726698","wikipedia":"id:Jalur kereta api lintas Jakarta"},"id":"way/1289375402"},{"type":"Feature","geometry":{"type":"LineString","coordinates":[[106.801327,-6.157142],[106.801323,-6.157048]]},"properties":{"@id":"way/1289375403","electrified":"contact_line","frequency":"0","gauge":"1067","maxspeed":"90","name":"Jalur Kereta Api Duri–Tangerang","railway":"rail","usage":"main","voltage":"1500","wikidata":"Q12487146","wikipedia":"en:Duri–Tangerang railway"},"id":"way/1289375403"},{"type":"Feature","geometry":{"type":"LineString","coordinates":[[106.801628,-6.160086],[106.801582,-6.159607]]},"properties":{"@id":"way/1289375404","electrified":"contact_line","railway":"rail","service":"crossover"},"id":"way/1289375404"},{"type":"Feature","geometry":{"type":"LineString","coordinates":[[106.801536,-6.158652],[106.801587,-6.159138],[106.801608,-6.159499],[106.801628,-6.160086]]},"properties":{"@id":"way/1289375405","electrified":"contact_line","frequency":"0","gauge":"1067","maxspeed":"80","name":"Jalur Kereta Api Duri–Tanah Abang","operator":"Kereta Api Indonesia","owner":"Direktorat Jenderal, Kementerian Perhubungan","owner:en":"Directorate General of Railways, Ministry of Transportation","railway":"rail","usage":"main","voltage":"1500","wikidata":"Q19726698","wikipedia":"id:Jalur kereta api lintas Jakarta"},"id":"way/1289375405"},{"type":"Feature","geometry":{"type":"LineString","coordinates":[[106.801532,-6.15893],[106.801557,-6.159147],[106.801582,-6.159607]]},"properties":{"@id":"way/1289375406","electrified":"contact_line","frequency":"0","gauge":"1067","maxspeed":"80","name":"Jalur Kereta Api Duri–Tanah Abang","operator":"Kereta Api Indonesia","owner":"Direktorat Jenderal, Kementerian Perhubungan","owner:en":"Directorate General of Railways, Ministry of Transportation","railway":"rail","usage":"main","voltage":"1500","wikidata":"Q19726698","wikipedia":"id:Jalur kereta api lintas Jakarta"},"id":"way/1289375406"},{"type":"Feature","geometry":{"type":"LineString","coordinates":[[106.801372,-6.157709],[106.801367,-6.15765],[106.801327,-6.157142]]},"properties":{"@id":"way/1289375407","electrified":"contact_line","frequency":"0","gauge":"1067","maxspeed":"90","name":"Jalur Kereta Api Duri–Tangerang","railway":"rail","usage":"main","voltage":"1500","wikidata":"Q12487146","wikipedia":"en:Duri–Tangerang railway"},"id":"way/1289375407"},{"type":"Feature","geometry":{"type":"LineString","coordinates":[[106.801406,-6.157452],[106.801448,-6.158078]]},"properties":{"@id":"way/1289375408","electrified":"contact_line","frequency":"0","gauge":"1067","maxspeed":"80","name":"Jalur Kereta Api Duri–Tanah Abang","operator":"Kereta Api Indonesia","owner":"Direktorat Jenderal, Kementerian Perhubungan","owner:en":"Directorate General of Railways, Ministry of Transportation","railway":"rail","usage":"main","voltage":"1500","wikidata":"Q19726698","wikipedia":"id:Jalur kereta api lintas Jakarta"},"id":"way/1289375408"},{"type":"Feature","geometry":{"type":"LineString","coordinates":[[106.667556,-6.171848],[106.667098,-6.171924],[106.666328,-6.172031],[106.663944,-6.172407],[106.663131,-6.172534],[106.662758,-6.17259],[106.66222,-6.172675],[106.659803,-6.17308],[106.657963,-6.173361],[106.656378,-6.173619],[106.653679,-6.174044],[106.652813,-6.174181],[106.65242,-6.174242],[106.651656,-6.174363],[106.649264,-6.174747],[106.647937,-6.174951],[106.647853,-6.174965]]},"properties":{"@id":"way/1289375411","electrified":"contact_line","frequency":"0","gauge":"1067","maxspeed":"75","name":"Jalur Kereta Api Duri–Tangerang","railway":"rail","usage":"main","voltage":"1500","wikidata":"Q12487146","wikipedia":"en:Duri–Tangerang railway"},"id":"way/1289375411"},{"type":"Feature","geometry":{"type":"LineString","coordinates":[[106.668271,-6.171716],[106.667973,-6.171768],[106.667608,-6.17184],[106.667556,-6.171848]]},"properties":{"@id":"way/1289375412","electrified":"contact_line","frequency":"0","gauge":"1067","maxspeed":"90","name":"Jalur Kereta Api Duri–Tangerang","railway":"rail","usage":"main","voltage":"1500","wikidata":"Q12487146","wikipedia":"en:Duri–Tangerang railway"},"id":"way/1289375412"},{"type":"Feature","geometry":{"type":"LineString","coordinates":[[106.665389,-6.172212],[106.666007,-6.172113],[106.66636,-6.172057],[106.667104,-6.17196],[106.667614,-6.171876],[106.667963,-6.171805],[106.668785,-6.171667]]},"properties":{"@id":"way/1289375413","electrified":"contact_line","frequency":"0","gauge":"1067","maxspeed":"75","name":"Jalur Kereta Api Duri–Tangerang","railway":"rail","usage":"main","voltage":"1500","wikidata":"Q12487146","wikipedia":"en:Duri–Tangerang railway"},"id":"way/1289375413"},{"type":"Feature","geometry":{"type":"LineString","coordinates":[[106.850741,-6.211753],[106.850563,-6.211598],[106.850491,-6.211533],[106.850387,-6.211441],[106.850257,-6.211309],[106.850137,-6.21118]]},"properties":{"@id":"way/1289375414","electrified":"contact_line","frequency":"0","gauge":"1067","name":"Jalur 8","railway":"rail","usage":"main","voltage":"1500"},"id":"way/1289375414"},{"type":"Feature","geometry":{"type":"LineString","coordinates":[[106.848591,-6.208608],[106.848775,-6.208914],[106.848861,-6.209098],[106.849027,-6.209488],[106.849168,-6.209701]]},"properties":{"@id":"way/1289375415","electrified":"contact_line","frequency":"0","gauge":"1067","name":"Jalur Kereta Api Tanah Abang–Manggarai","railway":"rail","usage":"main","voltage":"1500","wikidata":"Q19726698","wikipedia":"id:Jalur kereta api lintas Jakarta"},"id":"way/1289375415"},{"type":"Feature","geometry":{"type":"LineString","coordinates":[[106.801285,-6.157149],[106.801327,-6.157658]]},"properties":{"@id":"way/1289375416","electrified":"contact_line","frequency":"0","gauge":"1067","maxspeed":"90","name":"Jalur Kereta Api Duri–Tangerang","railway":"rail","usage":"main","voltage":"1500","wikidata":"Q12487146","wikipedia":"en:Duri–Tangerang railway"},"id":"way/1289375416"},{"type":"Feature","geometry":{"type":"LineString","coordinates":[[106.669258,-6.171553],[106.668271,-6.171716]]},"properties":{"@id":"way/1289375417","electrified":"contact_line","frequency":"0","gauge":"1067","maxspeed":"90","name":"Jalur Kereta Api Duri–Tangerang","railway":"rail","usage":"main","voltage":"1500","wikidata":"Q12487146","wikipedia":"en:Duri–Tangerang railway"},"id":"way/1289375417"},{"type":"Feature","geometry":{"type":"LineString","coordinates":[[106.664558,-6.119995],[106.664759,-6.119894],[106.66522,-6.119677]]},"properties":{"@id":"way/1289384637","alt_name":"Kereta Layang Bandar Udara","covered":"yes","electrified":"rail","gauge":"1067","name":"Kalayang Bandar Udara","name:en":"Airport Skytrain","railway":"light_rail","wikidata":"Q55075145","wikipedia":"id:Kalayang Bandara Soekarno–Hatta"},"id":"way/1289384637"},{"type":"Feature","geometry":{"type":"LineString","coordinates":[[106.655681,-6.130441],[106.655509,-6.130509]]},"properties":{"@id":"way/1289384638","alt_name":"Kereta Layang Bandar Udara","covered":"yes","electrified":"rail","gauge":"1067","layer":"2","name":"Kalayang Bandar Udara","name:en":"Airport Skytrain","railway":"light_rail","wikidata":"Q55075145","wikipedia":"id:Kalayang Bandara Soekarno–Hatta"},"id":"way/1289384638"},{"type":"Feature","geometry":{"type":"LineString","coordinates":[[106.823155,-6.195995],[106.823094,-6.195816],[106.82303,-6.195592]]},"properties":{"@id":"way/1295734398","electrified":"contact_line","frequency":"0","gauge":"1067","layer":"-2","maxspeed":"80","name":"MRT Jakarta Jalur Utara-Selatan","name:en":"Jakarta MRT North-South Line","name:id":"MRT Jakarta Jalur Utara-Selatan","network":"MRT Jakarta","operator":"PT MRT Jakarta (Perseroda)","railway":"subway","service":"crossover","start_date":"2019-03-24","tunnel":"yes","usage":"main","voltage":"1500"},"id":"way/1295734398"},{"type":"Feature","geometry":{"type":"LineString","coordinates":[[106.823034,-6.195992],[106.823094,-6.195816],[106.82315,-6.195629]]},"properties":{"@id":"way/1295734399","electrified":"contact_line","frequency":"0","gauge":"1067","layer":"-2","maxspeed":"80","name":"MRT Jakarta Jalur Utara-Selatan","name:en":"Jakarta MRT North-South Line","name:id":"MRT Jakarta Jalur Utara-Selatan","network":"MRT Jakarta","operator":"PT MRT Jakarta (Perseroda)","railway":"subway","service":"crossover","start_date":"2019-03-24","tunnel":"yes","usage":"main","voltage":"1500"},"id":"way/1295734399"},{"type":"Feature","geometry":{"type":"LineString","coordinates":[[106.819627,-6.136091],[106.819421,-6.136151]]},"properties":{"@id":"way/1300149209","electrified":"contact_line","frequency":"0","gauge":"1067","name":"Jalur Kereta Api Jakarta Kota–Cikampek","railway":"rail","usage":"main","voltage":"1500","wikidata":"Q19726782","wikipedia":"id:Jalur kereta api Jakarta Kota–Cikampek"},"id":"way/1300149209"},{"type":"Feature","geometry":{"type":"LineString","coordinates":[[106.818974,-6.136222],[106.818928,-6.136231]]},"properties":{"@id":"way/1300149210","electrified":"contact_line","frequency":"0","gauge":"1067","name":"Jalur Kereta Api Jakarta Kota–Cikampek","railway":"rail","usage":"main","voltage":"1500","wikidata":"Q19726782","wikipedia":"id:Jalur kereta api Jakarta Kota–Cikampek"},"id":"way/1300149210"},{"type":"Feature","geometry":{"type":"LineString","coordinates":[[106.8261,-6.132129],[106.826684,-6.132033],[106.826971,-6.132017],[106.827281,-6.132031]]},"properties":{"@id":"way/1300151346","electrified":"contact_line","frequency":"0","gauge":"1067","maxspeed":"70","name":"Jalur Kereta Api Jakarta Kota–Cikampek","railway":"rail","usage":"main","voltage":"1500","wikidata":"Q19726782","wikipedia":"id:Jalur kereta api Jakarta Kota–Cikampek"},"id":"way/1300151346"},{"type":"Feature","geometry":{"type":"LineString","coordinates":[[106.827281,-6.132031],[106.82752,-6.132068],[106.827719,-6.132114],[106.827988,-6.132204],[106.828202,-6.132299],[106.828931,-6.132701]]},"properties":{"@id":"way/1300151348","electrified":"contact_line","frequency":"0","gauge":"1067","maxspeed":"70","name":"Jalur Kereta Api Jakarta Kota–Cikampek","railway":"rail","railway:track_ref":"5","usage":"main","voltage":"1500","wikidata":"Q19726782","wikipedia":"id:Jalur kereta api Jakarta Kota–Cikampek"},"id":"way/1300151348"},{"type":"Feature","geometry":{"type":"LineString","coordinates":[[106.829017,-6.132707],[106.828448,-6.132392],[106.828184,-6.132251],[106.827962,-6.132157],[106.827718,-6.132069],[106.82749,-6.132018],[106.827287,-6.131988]]},"properties":{"@id":"way/1300151349","electrified":"contact_line","frequency":"0","gauge":"1067","maxspeed":"70","name":"Jalur Kereta Api Jakarta Kota–Cikampek","railway":"rail","railway:track_ref":"4","usage":"main","voltage":"1500","wikidata":"Q19726782","wikipedia":"id:Jalur kereta api Jakarta Kota–Cikampek"},"id":"way/1300151349"},{"type":"Feature","geometry":{"type":"LineString","coordinates":[[106.827287,-6.131988],[106.827025,-6.131973],[106.826801,-6.131983],[106.826646,-6.132002],[106.825883,-6.132128]]},"properties":{"@id":"way/1300151350","electrified":"contact_line","frequency":"0","gauge":"1067","maxspeed":"70","name":"Jalur Kereta Api Jakarta Kota–Cikampek","railway":"rail","usage":"main","voltage":"1500","wikidata":"Q19726782","wikipedia":"id:Jalur kereta api Jakarta Kota–Cikampek"},"id":"way/1300151350"},{"type":"Feature","geometry":{"type":"LineString","coordinates":[[106.828839,-6.132794],[106.828282,-6.133009],[106.827968,-6.133113],[106.827772,-6.133172]]},"properties":{"@id":"way/1300151355","electrified":"contact_line","frequency":"0","gauge":"1067","maxspeed":"40","name":"Jalur Kereta Api Jakarta Kota–Tanjung Priuk","railway":"rail","railway:track_ref":"7","usage":"main","voltage":"1500","wikidata":"Q19726698","wikipedia":"id:Jalur kereta api lintas Jakarta"},"id":"way/1300151355"},{"type":"Feature","geometry":{"type":"LineString","coordinates":[[106.82778,-6.133217],[106.828006,-6.133151],[106.828298,-6.133056],[106.828745,-6.132891],[106.828884,-6.13284]]},"properties":{"@id":"way/1300151356","electrified":"contact_line","frequency":"0","gauge":"1067","maxspeed":"40","name":"Jalur Kereta Api Jakarta Kota–Tanjung Priuk","railway":"rail","railway:track_ref":"8","usage":"main","voltage":"1500","wikidata":"Q19726698","wikipedia":"id:Jalur kereta api lintas Jakarta"},"id":"way/1300151356"},{"type":"Feature","geometry":{"type":"LineString","coordinates":[[106.842041,-6.163344],[106.842149,-6.163841]]},"properties":{"@id":"way/1300152837","electrified":"contact_line","frequency":"0","gauge":"1067","maxspeed":"40","passenger_lines":"2","railway":"rail","service":"crossover","voltage":"1500"},"id":"way/1300152837"},{"type":"Feature","geometry":{"type":"LineString","coordinates":[[106.881376,-6.111052],[106.881327,-6.111128]]},"properties":{"@id":"way/1300152838","electrified":"contact_line","gauge":"1067","railway":"rail","service":"crossover"},"id":"way/1300152838"},{"type":"Feature","geometry":{"type":"LineString","coordinates":[[106.881342,-6.110979],[106.881236,-6.111018]]},"properties":{"@id":"way/1300152839","electrified":"contact_line","gauge":"1067","railway":"rail","service":"crossover"},"id":"way/1300152839"},{"type":"Feature","geometry":{"type":"LineString","coordinates":[[106.866338,-6.213907],[106.865955,-6.213558]]},"properties":{"@id":"way/1301950714","electrified":"contact_line","frequency":"0","gauge":"1067","maxspeed":"70","name":"Jalur Kereta Api Jakarta Kota–Cikampek","railway":"rail","usage":"main","voltage":"1500","wikidata":"Q19726782","wikipedia":"id:Jalur kereta api Jakarta Kota–Cikampek"},"id":"way/1301950714"},{"type":"Feature","geometry":{"type":"LineString","coordinates":[[106.875458,-6.214879],[106.876715,-6.214791],[106.880212,-6.214583],[106.88434,-6.214347]]},"properties":{"@id":"way/1301966708","electrified":"contact_line","frequency":"0","gauge":"1067","maxspeed":"115","name":"Jalur Kereta Api Jakarta Kota–Cikampek","railway":"rail","usage":"main","voltage":"1500","wikidata":"Q19726782","wikipedia":"id:Jalur kereta api Jakarta Kota–Cikampek"},"id":"way/1301966708"},{"type":"Feature","geometry":{"type":"LineString","coordinates":[[106.950947,-6.218986],[106.952044,-6.219118],[106.954269,-6.219378],[106.954916,-6.219452]]},"properties":{"@id":"way/1311200809","electrified":"contact_line","frequency":"0","gauge":"1067","maxspeed":"115","name":"Jalur Kereta Api Jakarta Kota–Cikampek","railway":"rail","railway:track_ref":"2","usage":"main","voltage":"1500","wikidata":"Q19726782","wikipedia":"id:Jalur kereta api Jakarta Kota–Cikampek"},"id":"way/1311200809"},{"type":"Feature","geometry":{"type":"LineString","coordinates":[[106.955488,-6.219481],[106.954923,-6.219424],[106.954269,-6.219345],[106.952061,-6.219089],[106.951613,-6.219041],[106.950952,-6.21896]]},"properties":{"@id":"way/1311200810","electrified":"contact_line","frequency":"0","gauge":"1067","maxspeed":"115","name":"Jalur Kereta Api Jakarta Kota–Cikampek","railway":"rail","railway:track_ref":"3","usage":"main","voltage":"1500","wikidata":"Q19726782","wikipedia":"id:Jalur kereta api Jakarta Kota–Cikampek"},"id":"way/1311200810"},{"type":"Feature","geometry":{"type":"LineString","coordinates":[[106.949254,-6.218803],[106.949405,-6.218823],[106.949422,-6.218824],[106.950774,-6.218968],[106.950947,-6.218986]]},"properties":{"@id":"way/1311200811","electrified":"contact_line","frequency":"0","gauge":"1067","maxspeed":"115","name":"Jalur Kereta Api Jakarta Kota–Cikampek","railway":"rail","usage":"main","voltage":"1500","wikidata":"Q19726782","wikipedia":"id:Jalur kereta api Jakarta Kota–Cikampek"},"id":"way/1311200811"},{"type":"Feature","geometry":{"type":"LineString","coordinates":[[106.950952,-6.21896],[106.950261,-6.218883],[106.949593,-6.218809],[106.949269,-6.218767]]},"properties":{"@id":"way/1311200812","electrified":"contact_line","frequency":"0","gauge":"1067","maxspeed":"115","name":"Jalur Kereta Api Jakarta Kota–Cikampek","railway":"rail","usage":"main","voltage":"1500","wikidata":"Q19726782","wikipedia":"id:Jalur kereta api Jakarta Kota–Cikampek"},"id":"way/1311200812"},{"type":"Feature","geometry":{"type":"LineString","coordinates":[[106.950261,-6.218883],[106.950774,-6.218968]]},"properties":{"@id":"way/1311200813","electrified":"contact_line","gauge":"1067","railway":"rail","service":"crossover"},"id":"way/1311200813"},{"type":"Feature","geometry":{"type":"LineString","coordinates":[[106.941762,-6.217788],[106.942948,-6.217935],[106.945338,-6.218219]]},"properties":{"@id":"way/1311205671","electrified":"contact_line","frequency":"0","gauge":"1067","maxspeed":"115","name":"Jalur Kereta Api Jakarta Kota–Cikampek","railway":"rail","usage":"main","voltage":"1500","wikidata":"Q19726782","wikipedia":"id:Jalur kereta api Jakarta Kota–Cikampek"},"id":"way/1311205671"},{"type":"Feature","geometry":{"type":"LineString","coordinates":[[106.941761,-6.217884],[106.94294,-6.217988],[106.943365,-6.218036],[106.944916,-6.21821],[106.945329,-6.218256]]},"properties":{"@id":"way/1311205672","electrified":"contact_line","frequency":"0","gauge":"1067","maxspeed":"115","name":"Jalur Kereta Api Jakarta Kota–Cikampek","railway":"rail","usage":"main","voltage":"1500","wikidata":"Q19726782","wikipedia":"id:Jalur kereta api Jakarta Kota–Cikampek"},"id":"way/1311205672"},{"type":"Feature","geometry":{"type":"LineString","coordinates":[[106.939253,-6.217579],[106.939811,-6.217647],[106.940252,-6.217713],[106.941761,-6.217884]]},"properties":{"@id":"way/1311205673","electrified":"contact_line","frequency":"0","gauge":"1067","maxspeed":"115","name":"Jalur Kereta Api Jakarta Kota–Cikampek","railway":"rail","railway:track_ref":"1","usage":"main","voltage":"1500","wikidata":"Q19726782","wikipedia":"id:Jalur kereta api Jakarta Kota–Cikampek"},"id":"way/1311205673"},{"type":"Feature","geometry":{"type":"LineString","coordinates":[[106.939262,-6.217489],[106.941762,-6.217788]]},"properties":{"@id":"way/1311205674","electrified":"contact_line","frequency":"0","gauge":"1067","maxspeed":"115","name":"Jalur Kereta Api Jakarta Kota–Cikampek","railway":"rail","railway:track_ref":"2","usage":"main","voltage":"1500","wikidata":"Q19726782","wikipedia":"id:Jalur kereta api Jakarta Kota–Cikampek"},"id":"way/1311205674"},{"type":"Feature","geometry":{"type":"LineString","coordinates":[[106.921391,-6.215428],[106.921948,-6.2155],[106.922675,-6.215593],[106.922951,-6.215629],[106.922962,-6.21563],[106.923636,-6.215728]]},"properties":{"@id":"way/1311205675","electrified":"contact_line","frequency":"0","gauge":"1067","maxspeed":"115","name":"Jalur Kereta Api Jakarta Kota–Cikampek","railway":"rail","railway:track_ref":"1","usage":"main","voltage":"1500","wikidata":"Q19726782","wikipedia":"id:Jalur kereta api Jakarta Kota–Cikampek"},"id":"way/1311205675"},{"type":"Feature","geometry":{"type":"LineString","coordinates":[[106.921403,-6.215326],[106.923658,-6.215612]]},"properties":{"@id":"way/1311205676","electrified":"contact_line","frequency":"0","gauge":"1067","maxspeed":"115","name":"Jalur Kereta Api Jakarta Kota–Cikampek","railway":"rail","railway:track_ref":"2","usage":"main","voltage":"1500","wikidata":"Q19726782","wikipedia":"id:Jalur kereta api Jakarta Kota–Cikampek"},"id":"way/1311205676"},{"type":"Feature","geometry":{"type":"LineString","coordinates":[[106.923969,-6.215749],[106.924621,-6.215789]]},"properties":{"@id":"way/1311205677","electrified":"contact_line","frequency":"0","gauge":"1067","maxspeed":"115","name":"Jalur Kereta Api Jakarta Kota–Cikampek","railway":"rail","usage":"main","voltage":"1500","wikidata":"Q19726782","wikipedia":"id:Jalur kereta api Jakarta Kota–Cikampek"},"id":"way/1311205677"},{"type":"Feature","geometry":{"type":"LineString","coordinates":[[106.923961,-6.215656],[106.92463,-6.215754]]},"properties":{"@id":"way/1311205678","electrified":"contact_line","frequency":"0","gauge":"1067","maxspeed":"115","name":"Jalur Kereta Api Jakarta Kota–Cikampek","railway":"rail","usage":"main","voltage":"1500","wikidata":"Q19726782","wikipedia":"id:Jalur kereta api Jakarta Kota–Cikampek"},"id":"way/1311205678"},{"type":"Feature","geometry":{"type":"LineString","coordinates":[[106.895851,-6.213199],[106.897488,-6.213225],[106.898647,-6.21324]]},"properties":{"@id":"way/1311205679","electrified":"contact_line","frequency":"0","gauge":"1067","maxspeed":"115","name":"Jalur Kereta Api Jakarta Kota–Cikampek","railway":"rail","usage":"main","voltage":"1500","wikidata":"Q19726782","wikipedia":"id:Jalur kereta api Jakarta Kota–Cikampek"},"id":"way/1311205679"},{"type":"Feature","geometry":{"type":"LineString","coordinates":[[106.895849,-6.213239],[106.89638,-6.213262],[106.897484,-6.213309],[106.898174,-6.213332],[106.898654,-6.21336]]},"properties":{"@id":"way/1311205680","electrified":"contact_line","frequency":"0","gauge":"1067","maxspeed":"115","name":"Jalur Kereta Api Jakarta Kota–Cikampek","railway":"rail","usage":"main","voltage":"1500","wikidata":"Q19726782","wikipedia":"id:Jalur kereta api Jakarta Kota–Cikampek"},"id":"way/1311205680"},{"type":"Feature","geometry":{"type":"LineString","coordinates":[[106.898654,-6.21336],[106.900642,-6.213407]]},"properties":{"@id":"way/1311205681","electrified":"contact_line","frequency":"0","gauge":"1067","maxspeed":"115","name":"Jalur Kereta Api Jakarta Kota–Cikampek","railway":"rail","railway:track_ref":"1","usage":"main","voltage":"1500","wikidata":"Q19726782","wikipedia":"id:Jalur kereta api Jakarta Kota–Cikampek"},"id":"way/1311205681"},{"type":"Feature","geometry":{"type":"LineString","coordinates":[[106.898647,-6.21324],[106.900638,-6.213287]]},"properties":{"@id":"way/1311205682","electrified":"contact_line","frequency":"0","gauge":"1067","maxspeed":"115","name":"Jalur Kereta Api Jakarta Kota–Cikampek","railway":"rail","railway:track_ref":"2","usage":"main","voltage":"1500","wikidata":"Q19726782","wikipedia":"id:Jalur kereta api Jakarta Kota–Cikampek"},"id":"way/1311205682"},{"type":"Feature","geometry":{"type":"LineString","coordinates":[[106.860876,-6.21213],[106.860906,-6.212115],[106.86105,-6.212045],[106.861191,-6.211977],[106.861708,-6.211774],[106.861923,-6.21173],[106.86213,-6.211695],[106.862368,-6.211681],[106.862665,-6.211695],[106.86293,-6.211731],[106.863299,-6.211829]]},"properties":{"@id":"way/1311213497","bridge":"yes","electrified":"contact_line","frequency":"0","gauge":"1067","layer":"2","maxspeed":"60","name":"Jalur Kereta Api Manggarai–Jatinegara","railway":"rail","usage":"main","voltage":"1500","wikidata":"Q17052030","wikipedia":"en:Jatinegara-Manggarai railway"},"id":"way/1311213497"},{"type":"Feature","geometry":{"type":"LineString","coordinates":[[106.863312,-6.211789],[106.863103,-6.21172],[106.86292,-6.211684],[106.862667,-6.211651],[106.862394,-6.211637],[106.862163,-6.211648],[106.861919,-6.211681],[106.861701,-6.211738],[106.861471,-6.211818],[106.861174,-6.21193],[106.860846,-6.212069]]},"properties":{"@id":"way/1311213498","bridge":"yes","electrified":"contact_line","frequency":"0","gauge":"1067","layer":"2","maxspeed":"60","name":"Jalur Kereta Api Manggarai–Jatinegara","railway":"rail","usage":"main","voltage":"1500","wikidata":"Q17052030","wikipedia":"en:Jatinegara-Manggarai railway"},"id":"way/1311213498"},{"type":"Feature","geometry":{"type":"LineString","coordinates":[[106.860846,-6.212069],[106.858917,-6.212879]]},"properties":{"@id":"way/1311213499","bridge":"yes","electrified":"contact_line","frequency":"0","gauge":"1067","layer":"2","maxspeed":"60","name":"Jalur Kereta Api Manggarai–Jatinegara","railway":"rail","railway:track_ref":"1","usage":"main","voltage":"1500","wikidata":"Q17052030","wikipedia":"en:Jatinegara-Manggarai railway"},"id":"way/1311213499"},{"type":"Feature","geometry":{"type":"LineString","coordinates":[[106.858975,-6.212941],[106.859488,-6.212753],[106.860738,-6.212191],[106.860876,-6.21213]]},"properties":{"@id":"way/1311213500","bridge":"yes","electrified":"contact_line","frequency":"0","gauge":"1067","layer":"2","maxspeed":"60","name":"Jalur Kereta Api Manggarai–Jatinegara","railway":"rail","railway:track_ref":"2","usage":"main","voltage":"1500","wikidata":"Q17052030","wikipedia":"en:Jatinegara-Manggarai railway"},"id":"way/1311213500"},{"type":"Feature","geometry":{"type":"LineString","coordinates":[[106.862772,-6.210503],[106.862906,-6.210747],[106.863021,-6.210941],[106.863114,-6.211074],[106.863311,-6.211297],[106.863454,-6.211438],[106.863542,-6.211518],[106.864657,-6.212438],[106.86488,-6.21264],[106.865934,-6.21359]]},"properties":{"@id":"way/1311213501","electrified":"contact_line","frequency":"0","gauge":"1067","maxspeed":"70","name":"Jalur Kereta Api Jakarta Kota–Cikampek","railway":"rail","usage":"main","voltage":"1500","wikidata":"Q19726782","wikipedia":"id:Jalur kereta api Jakarta Kota–Cikampek"},"id":"way/1311213501"},{"type":"Feature","geometry":{"type":"LineString","coordinates":[[106.862811,-6.210481],[106.862702,-6.210227],[106.862612,-6.209968],[106.862546,-6.209763],[106.862413,-6.209311],[106.862212,-6.208563]]},"properties":{"@id":"way/1311213502","electrified":"contact_line","frequency":"0","gauge":"1067","maxspeed":"70","name":"Jalur Kereta Api Jakarta Kota–Cikampek","railway":"rail","railway:track_ref":"2","usage":"main","voltage":"1500","wikidata":"Q19726782","wikipedia":"id:Jalur kereta api Jakarta Kota–Cikampek"},"id":"way/1311213502"},{"type":"Feature","geometry":{"type":"LineString","coordinates":[[106.863486,-6.211424],[106.863337,-6.211271],[106.863148,-6.211052],[106.863055,-6.210919],[106.862937,-6.210731],[106.862811,-6.210481]]},"properties":{"@id":"way/1311213503","electrified":"contact_line","frequency":"0","gauge":"1067","maxspeed":"70","name":"Jalur Kereta Api Jakarta Kota–Cikampek","railway":"rail","usage":"main","voltage":"1500","wikidata":"Q19726782","wikipedia":"id:Jalur kereta api Jakarta Kota–Cikampek"},"id":"way/1311213503"},{"type":"Feature","geometry":{"type":"LineString","coordinates":[[106.862178,-6.208566],[106.862383,-6.209319],[106.862508,-6.209761],[106.862581,-6.209976],[106.862671,-6.21024],[106.862772,-6.210503]]},"properties":{"@id":"way/1311213504","electrified":"contact_line","frequency":"0","gauge":"1067","maxspeed":"70","name":"Jalur Kereta Api Jakarta Kota–Cikampek","railway":"rail","railway:track_ref":"1","usage":"main","voltage":"1500","wikidata":"Q19726782","wikipedia":"id:Jalur kereta api Jakarta Kota–Cikampek"},"id":"way/1311213504"},{"type":"Feature","geometry":{"type":"LineString","coordinates":[[106.851697,-6.187295],[106.852631,-6.188546],[106.85448,-6.190988],[106.855371,-6.192165],[106.855451,-6.192271]]},"properties":{"@id":"way/1311213505","electrified":"contact_line","frequency":"0","gauge":"1067","maxspeed":"70","name":"Jalur Kereta Api Jakarta Kota–Cikampek","railway":"rail","usage":"main","voltage":"1500","wikidata":"Q19726782","wikipedia":"id:Jalur kereta api Jakarta Kota–Cikampek"},"id":"way/1311213505"},{"type":"Feature","geometry":{"type":"LineString","coordinates":[[106.85549,-6.192261],[106.855399,-6.192144],[106.852666,-6.188523],[106.851727,-6.187271]]},"properties":{"@id":"way/1311213506","electrified":"contact_line","frequency":"0","gauge":"1067","maxspeed":"70","name":"Jalur Kereta Api Jakarta Kota–Cikampek","railway":"rail","usage":"main","voltage":"1500","wikidata":"Q19726782","wikipedia":"id:Jalur kereta api Jakarta Kota–Cikampek"},"id":"way/1311213506"},{"type":"Feature","geometry":{"type":"LineString","coordinates":[[106.855451,-6.192271],[106.856794,-6.194051]]},"properties":{"@id":"way/1311213507","electrified":"contact_line","frequency":"0","gauge":"1067","maxspeed":"70","name":"Jalur Kereta Api Jakarta Kota–Cikampek","railway":"rail","railway:track_ref":"1","usage":"main","voltage":"1500","wikidata":"Q19726782","wikipedia":"id:Jalur kereta api Jakarta Kota–Cikampek"},"id":"way/1311213507"},{"type":"Feature","geometry":{"type":"LineString","coordinates":[[106.856829,-6.19403],[106.85549,-6.192261]]},"properties":{"@id":"way/1311213508","electrified":"contact_line","frequency":"0","gauge":"1067","maxspeed":"70","name":"Jalur Kereta Api Jakarta Kota–Cikampek","railway":"rail","railway:track_ref":"2","usage":"main","voltage":"1500","wikidata":"Q19726782","wikipedia":"id:Jalur kereta api Jakarta Kota–Cikampek"},"id":"way/1311213508"},{"type":"Feature","geometry":{"type":"LineString","coordinates":[[106.851052,-6.186416],[106.851121,-6.186503],[106.851145,-6.186536],[106.851618,-6.187188]]},"properties":{"@id":"way/1311217525","electrified":"contact_line","frequency":"0","gauge":"1067","maxspeed":"70","name":"Jalur Kereta Api Jakarta Kota–Cikampek","railway":"rail","usage":"main","voltage":"1500","wikidata":"Q19726782","wikipedia":"id:Jalur kereta api Jakarta Kota–Cikampek"},"id":"way/1311217525"},{"type":"Feature","geometry":{"type":"LineString","coordinates":[[106.851651,-6.187168],[106.85117,-6.186517],[106.851147,-6.186485],[106.851083,-6.186402]]},"properties":{"@id":"way/1311217526","electrified":"contact_line","frequency":"0","gauge":"1067","maxspeed":"70","name":"Jalur Kereta Api Jakarta Kota–Cikampek","railway":"rail","usage":"main","voltage":"1500","wikidata":"Q19726782","wikipedia":"id:Jalur kereta api Jakarta Kota–Cikampek"},"id":"way/1311217526"},{"type":"Feature","geometry":{"type":"LineString","coordinates":[[106.851083,-6.186402],[106.850198,-6.185241]]},"properties":{"@id":"way/1311217527","electrified":"contact_line","frequency":"0","gauge":"1067","maxspeed":"70","name":"Jalur Kereta Api Jakarta Kota–Cikampek","railway":"rail","railway:track_ref":"2","usage":"main","voltage":"1500","wikidata":"Q19726782","wikipedia":"id:Jalur kereta api Jakarta Kota–Cikampek"},"id":"way/1311217527"},{"type":"Feature","geometry":{"type":"LineString","coordinates":[[106.850179,-6.185259],[106.850806,-6.18609],[106.851052,-6.186416]]},"properties":{"@id":"way/1311217528","electrified":"contact_line","frequency":"0","gauge":"1067","maxspeed":"70","name":"Jalur Kereta Api Jakarta Kota–Cikampek","railway":"rail","railway:track_ref":"1","usage":"main","voltage":"1500","wikidata":"Q19726782","wikipedia":"id:Jalur kereta api Jakarta Kota–Cikampek"},"id":"way/1311217528"},{"type":"Feature","geometry":{"type":"LineString","coordinates":[[106.842149,-6.163841],[106.841949,-6.163173],[106.841806,-6.162748],[106.841783,-6.16268],[106.841741,-6.162554],[106.841472,-6.161699],[106.841221,-6.160891],[106.840606,-6.158977]]},"properties":{"@id":"way/1311239724","electrified":"contact_line","frequency":"0","gauge":"1067","maxspeed":"70","name":"Jalur Kereta Api Jakarta Kota–Cikampek","railway":"rail","railway:track_ref":"1","usage":"main","voltage":"1500","wikidata":"Q19726782","wikipedia":"id:Jalur kereta api Jakarta Kota–Cikampek"},"id":"way/1311239724"},{"type":"Feature","geometry":{"type":"LineString","coordinates":[[106.842023,-6.163282],[106.841864,-6.162732],[106.841841,-6.162661],[106.841246,-6.160763],[106.841014,-6.160076],[106.840833,-6.159527]]},"properties":{"@id":"way/1311239725","electrified":"contact_line","frequency":"0","gauge":"1067","maxspeed":"70","name":"Jalur Kereta Api Jakarta Kota–Cikampek","railway":"rail","railway:track_ref":"2","usage":"main","voltage":"1500","wikidata":"Q19726782","wikipedia":"id:Jalur kereta api Jakarta Kota–Cikampek"},"id":"way/1311239725"},{"type":"Feature","geometry":{"type":"LineString","coordinates":[[106.842181,-6.163832],[106.842041,-6.163344]]},"properties":{"@id":"way/1311239726","electrified":"contact_line","frequency":"0","gauge":"1067","maxspeed":"70","name":"Jalur Kereta Api Jakarta Kota–Cikampek","railway":"rail","usage":"main","voltage":"1500","wikidata":"Q19726782","wikipedia":"id:Jalur kereta api Jakarta Kota–Cikampek"},"id":"way/1311239726"},{"type":"Feature","geometry":{"type":"LineString","coordinates":[[106.816869,-6.136808],[106.817152,-6.136737]]},"properties":{"@id":"way/1311239728","electrified":"contact_line","frequency":"0","gauge":"1067","name":"Jalur Kereta Api Jakarta Kota–Cikampek","railway":"rail","railway:track_ref":"4","usage":"main","voltage":"1500","wikidata":"Q19726782","wikipedia":"id:Jalur kereta api Jakarta Kota–Cikampek"},"id":"way/1311239728"},{"type":"Feature","geometry":{"type":"LineString","coordinates":[[106.816882,-6.13712],[106.817086,-6.137037],[106.817216,-6.137]]},"properties":{"@id":"way/1311239732","electrified":"contact_line","frequency":"0","gauge":"1067","name":"Jalur Kereta Api Jakarta Kota–Bogor","railway":"rail","railway:track_ref":"11","source":"yahoo photography","usage":"main","voltage":"1500","wikidata":"Q12487135","wikipedia":"id: Jalur kereta api Jakarta Kota–Bogor–Padalarang"},"id":"way/1311239732"},{"type":"Feature","geometry":{"type":"LineString","coordinates":[[106.817654,-6.136846],[106.817203,-6.136964],[106.816992,-6.137034],[106.816876,-6.137082]]},"properties":{"@id":"way/1311239733","electrified":"contact_line","frequency":"0","gauge":"1067","maxspeed":"80","name":"Jalur Kereta Api Jakarta Kota–Bogor","railway":"rail","usage":"main","voltage":"1500","wikidata":"Q12487135","wikipedia":"id: Jalur kereta api Jakarta Kota–Bogor–Padalarang"},"id":"way/1311239733"},{"type":"Feature","geometry":{"type":"LineString","coordinates":[[106.816886,-6.136957],[106.817024,-6.136913]]},"properties":{"@id":"way/1311239734","electrified":"contact_line","frequency":"0","gauge":"1067","maxspeed":"20","name":"Jalur Kereta Api Jakarta Kota–Tanjung Priuk","railway":"rail","railway:track_ref":"8","usage":"main","voltage":"1500","wikidata":"Q19726698","wikipedia":"id:Jalur kereta api lintas Jakarta"},"id":"way/1311239734"},{"type":"Feature","geometry":{"type":"LineString","coordinates":[[106.844624,-6.128187],[106.844855,-6.128143],[106.846456,-6.127855]]},"properties":{"@id":"way/1311239736","electrified":"contact_line","frequency":"0","gauge":"1067","maxspeed":"40","name":"Jalur Kereta Api Jakarta Kota–Tanjung Priuk","railway":"rail","railway:track_ref":"2","usage":"main","voltage":"1500","wikidata":"Q19726698","wikipedia":"id:Jalur kereta api lintas Jakarta"},"id":"way/1311239736"},{"type":"Feature","geometry":{"type":"LineString","coordinates":[[106.846454,-6.127819],[106.847669,-6.127596]]},"properties":{"@id":"way/1311239737","electrified":"contact_line","frequency":"0","gauge":"1067","maxspeed":"40","name":"Jalur Kereta Api Jakarta Kota–Tanjung Priuk","railway":"rail","usage":"main","voltage":"1500","wikidata":"Q19726698","wikipedia":"id:Jalur kereta api lintas Jakarta"},"id":"way/1311239737"},{"type":"Feature","geometry":{"type":"LineString","coordinates":[[106.818884,-6.136565],[106.819171,-6.136497],[106.819624,-6.136402],[106.819875,-6.136378],[106.820144,-6.136371],[106.820389,-6.136408],[106.820655,-6.13648],[106.820901,-6.136592],[106.821067,-6.136678],[106.821211,-6.13677],[106.821349,-6.136893],[106.821465,-6.137033],[106.821582,-6.137185],[106.821749,-6.137457],[106.821839,-6.137727],[106.822369,-6.139625],[106.822555,-6.140184],[106.822578,-6.140243],[106.822691,-6.140541],[106.822776,-6.140738]]},"properties":{"@id":"way/1311239738","bridge":"yes","electrified":"contact_line","frequency":"0","gauge":"1067","layer":"1","level":"1","maxspeed":"90","name":"Jalur Kereta Api Jakarta Kota–Bogor","railway":"rail","usage":"main","voltage":"1500","wikidata":"Q12487135","wikipedia":"id: Jalur kereta api Jakarta Kota–Bogor–Padalarang"},"id":"way/1311239738"},{"type":"Feature","geometry":{"type":"LineString","coordinates":[[106.821356,-6.136844],[106.821384,-6.136868],[106.821612,-6.137154],[106.821783,-6.13744],[106.821887,-6.137736],[106.822404,-6.13961],[106.8226,-6.140186],[106.822669,-6.140368],[106.82271,-6.140477],[106.822729,-6.140527],[106.822815,-6.140727]]},"properties":{"@id":"way/1311239739","bridge":"yes","electrified":"contact_line","frequency":"0","gauge":"1067","layer":"1","maxspeed":"90","name":"Jalur Kereta Api Jakarta Kota–Bogor","railway":"rail","usage":"main","voltage":"1500","wikidata":"Q12487135","wikipedia":"id: Jalur kereta api Jakarta Kota–Bogor–Padalarang"},"id":"way/1311239739"},{"type":"Feature","geometry":{"type":"LineString","coordinates":[[106.822815,-6.140727],[106.82293,-6.140981],[106.823072,-6.141243],[106.823308,-6.141653],[106.824265,-6.143259]]},"properties":{"@id":"way/1311239740","bridge":"yes","electrified":"contact_line","frequency":"0","gauge":"1067","layer":"1","maxspeed":"90","name":"Jalur Kereta Api Jakarta Kota–Bogor","railway":"rail","railway:track_ref":"2","usage":"main","voltage":"1500","wikidata":"Q12487135","wikipedia":"en:Manggarai–Padalarang railway"},"id":"way/1311239740"},{"type":"Feature","geometry":{"type":"LineString","coordinates":[[106.822776,-6.140738],[106.822895,-6.141002],[106.823033,-6.141256],[106.823275,-6.141681],[106.823524,-6.142096],[106.824235,-6.143279]]},"properties":{"@id":"way/1311239741","bridge":"yes","electrified":"contact_line","frequency":"0","gauge":"1067","layer":"1","level":"1","maxspeed":"90","name":"Jalur Kereta Api Jakarta Kota–Bogor","railway":"rail","railway:track_ref":"1","usage":"main","voltage":"1500","wikidata":"Q12487135","wikipedia":"en:Manggarai–Padalarang railway"},"id":"way/1311239741"},{"type":"Feature","geometry":{"type":"LineString","coordinates":[[106.824265,-6.143259],[106.824541,-6.143705],[106.825823,-6.145792],[106.826182,-6.146531],[106.826268,-6.146739],[106.826425,-6.147146],[106.82656,-6.147552],[106.826645,-6.147859],[106.826732,-6.148226],[106.826846,-6.148819]]},"properties":{"@id":"way/1311268003","bridge":"yes","electrified":"contact_line","frequency":"0","gauge":"1067","layer":"1","maxspeed":"90","name":"Jalur Kereta Api Jakarta Kota–Bogor","railway":"rail","usage":"main","voltage":"1500","wikidata":"Q12487135","wikipedia":"en:Manggarai–Padalarang railway"},"id":"way/1311268003"},{"type":"Feature","geometry":{"type":"LineString","coordinates":[[106.824235,-6.143279],[106.824512,-6.143723],[106.82573,-6.145719],[106.826144,-6.146547],[106.826235,-6.146753],[106.826386,-6.147148],[106.826528,-6.147564],[106.826613,-6.147873],[106.826699,-6.148231],[106.826802,-6.148823]]},"properties":{"@id":"way/1311268004","bridge":"yes","electrified":"contact_line","frequency":"0","gauge":"1067","layer":"1","level":"1","maxspeed":"90","name":"Jalur Kereta Api Jakarta Kota–Bogor","railway":"rail","usage":"main","voltage":"1500","wikidata":"Q12487135","wikipedia":"en:Manggarai–Padalarang railway"},"id":"way/1311268004"},{"type":"Feature","geometry":{"type":"LineString","coordinates":[[106.826846,-6.148819],[106.827185,-6.150798],[106.827257,-6.151261]]},"properties":{"@id":"way/1311268005","bridge":"yes","electrified":"contact_line","frequency":"0","gauge":"1067","layer":"1","maxspeed":"90","name":"Jalur Kereta Api Jakarta Kota–Bogor","railway":"rail","railway:track_ref":"1","usage":"main","voltage":"1500","wikidata":"Q12487135","wikipedia":"en:Manggarai–Padalarang railway"},"id":"way/1311268005"},{"type":"Feature","geometry":{"type":"LineString","coordinates":[[106.826802,-6.148823],[106.827099,-6.150523],[106.827222,-6.151273]]},"properties":{"@id":"way/1311268006","bridge":"yes","electrified":"contact_line","frequency":"0","gauge":"1067","layer":"1","level":"1","maxspeed":"90","name":"Jalur Kereta Api Jakarta Kota–Bogor","railway":"rail","railway:track_ref":"2","usage":"main","voltage":"1500","wikidata":"Q12487135","wikipedia":"en:Manggarai–Padalarang railway"},"id":"way/1311268006"},{"type":"Feature","geometry":{"type":"LineString","coordinates":[[106.827503,-6.159436],[106.827474,-6.158495],[106.827479,-6.156976],[106.827402,-6.153804],[106.827369,-6.15278],[106.827363,-6.152638],[106.827326,-6.151857],[106.827257,-6.151261]]},"properties":{"@id":"way/1311268007","bridge":"yes","electrified":"contact_line","frequency":"0","gauge":"1067","layer":"1","maxspeed":"90","name":"Jalur Kereta Api Jakarta Kota–Bogor","railway":"rail","usage":"main","voltage":"1500","wikidata":"Q12487135","wikipedia":"en:Manggarai–Padalarang railway"},"id":"way/1311268007"},{"type":"Feature","geometry":{"type":"LineString","coordinates":[[106.827222,-6.151273],[106.827289,-6.151862],[106.82733,-6.152782],[106.827359,-6.153804],[106.827433,-6.158479],[106.827468,-6.159437]]},"properties":{"@id":"way/1311268008","bridge":"yes","electrified":"contact_line","frequency":"0","gauge":"1067","layer":"1","level":"1","maxspeed":"90","name":"Jalur Kereta Api Jakarta Kota–Bogor","railway":"rail","usage":"main","voltage":"1500","wikidata":"Q12487135","wikipedia":"en:Manggarai–Padalarang railway"},"id":"way/1311268008"},{"type":"Feature","geometry":{"type":"LineString","coordinates":[[106.828076,-6.161778],[106.828008,-6.161637],[106.82781,-6.161148],[106.827676,-6.160703],[106.827614,-6.160419],[106.827543,-6.16002],[106.827518,-6.159702],[106.827503,-6.159436]]},"properties":{"@id":"way/1311268009","bridge":"yes","electrified":"contact_line","frequency":"0","gauge":"1067","layer":"1","maxspeed":"90","name":"Jalur Kereta Api Jakarta Kota–Bogor","railway":"rail","railway:track_ref":"1","usage":"main","voltage":"1500","wikidata":"Q12487135","wikipedia":"en:Manggarai–Padalarang railway"},"id":"way/1311268009"},{"type":"Feature","geometry":{"type":"LineString","coordinates":[[106.827468,-6.159437],[106.827484,-6.15969],[106.82751,-6.160024],[106.827578,-6.16044],[106.827639,-6.160711],[106.827772,-6.161155],[106.827899,-6.161475],[106.827973,-6.161644],[106.82804,-6.161792]]},"properties":{"@id":"way/1311268010","bridge":"yes","electrified":"contact_line","frequency":"0","gauge":"1067","layer":"1","level":"1","maxspeed":"90","name":"Jalur Kereta Api Jakarta Kota–Bogor","railway":"rail","railway:track_ref":"2","usage":"main","voltage":"1500","wikidata":"Q12487135","wikipedia":"en:Manggarai–Padalarang railway"},"id":"way/1311268010"},{"type":"Feature","geometry":{"type":"LineString","coordinates":[[106.830155,-6.165151],[106.83003,-6.164828],[106.829884,-6.164526],[106.82974,-6.164268],[106.82951,-6.163911],[106.82896,-6.163133],[106.828566,-6.162586],[106.828364,-6.162295],[106.828197,-6.162001],[106.828076,-6.161778]]},"properties":{"@id":"way/1311268011","bridge":"yes","electrified":"contact_line","frequency":"0","gauge":"1067","layer":"1","maxspeed":"90","name":"Jalur Kereta Api Jakarta Kota–Bogor","railway":"rail","usage":"main","voltage":"1500","wikidata":"Q12487135","wikipedia":"en:Manggarai–Padalarang railway"},"id":"way/1311268011"},{"type":"Feature","geometry":{"type":"LineString","coordinates":[[106.82804,-6.161792],[106.828166,-6.162017],[106.828335,-6.162305],[106.828535,-6.162601],[106.82892,-6.163143],[106.829477,-6.163921],[106.829705,-6.164289],[106.829843,-6.164531],[106.829994,-6.164828],[106.830121,-6.165154]]},"properties":{"@id":"way/1311268012","bridge":"yes","electrified":"contact_line","frequency":"0","gauge":"1067","layer":"1","level":"1","maxspeed":"90","name":"Jalur Kereta Api Jakarta Kota–Bogor","railway":"rail","usage":"main","voltage":"1500","wikidata":"Q12487135","wikipedia":"en:Manggarai–Padalarang railway"},"id":"way/1311268012"},{"type":"Feature","geometry":{"type":"LineString","coordinates":[[106.830505,-6.167564],[106.830502,-6.167258],[106.830493,-6.166939],[106.830477,-6.166567],[106.830474,-6.166514],[106.830423,-6.166121],[106.830346,-6.165738],[106.830212,-6.165299],[106.830155,-6.165151]]},"properties":{"@id":"way/1311268013","bridge":"yes","electrified":"contact_line","frequency":"0","gauge":"1067","layer":"1","maxspeed":"90","name":"Jalur Kereta Api Jakarta Kota–Bogor","railway":"rail","railway:track_ref":"1","usage":"main","voltage":"1500","wikidata":"Q12487135","wikipedia":"en:Manggarai–Padalarang railway"},"id":"way/1311268013"},{"type":"Feature","geometry":{"type":"LineString","coordinates":[[106.830121,-6.165154],[106.83018,-6.165306],[106.830307,-6.16574],[106.830382,-6.166128],[106.830431,-6.166517],[106.830451,-6.166947],[106.830457,-6.167255],[106.830468,-6.167562]]},"properties":{"@id":"way/1311268014","bridge":"yes","electrified":"contact_line","frequency":"0","gauge":"1067","layer":"1","level":"1","maxspeed":"90","name":"Jalur Kereta Api Jakarta Kota–Bogor","railway":"rail","railway:track_ref":"2","usage":"main","voltage":"1500","wikidata":"Q12487135","wikipedia":"en:Manggarai–Padalarang railway"},"id":"way/1311268014"},{"type":"Feature","geometry":{"type":"LineString","coordinates":[[106.83127,-6.178537],[106.830524,-6.176214],[106.830437,-6.175903],[106.830345,-6.175548],[106.830118,-6.174528]]},"properties":{"@id":"way/1311268015","bridge":"yes","electrified":"contact_line","frequency":"0","gauge":"1067","layer":"1","maxspeed":"90","name":"Jalur Kereta Api Jakarta Kota–Bogor","railway":"rail","railway:track_ref":"2","usage":"main","voltage":"1500","wikidata":"Q12487135","wikipedia":"en:Manggarai–Padalarang railway"},"id":"way/1311268015"},{"type":"Feature","geometry":{"type":"LineString","coordinates":[[106.830077,-6.174537],[106.830291,-6.17554],[106.830386,-6.17592],[106.830471,-6.176225],[106.831231,-6.17855]]},"properties":{"@id":"way/1311268016","bridge":"yes","electrified":"contact_line","frequency":"0","gauge":"1067","layer":"1","level":"1","maxspeed":"90","name":"Jalur Kereta Api Jakarta Kota–Bogor","railway":"rail","railway:track_ref":"3","usage":"main","voltage":"1500","wikidata":"Q12487135","wikipedia":"en:Manggarai–Padalarang railway"},"id":"way/1311268016"},{"type":"Feature","geometry":{"type":"LineString","coordinates":[[106.849074,-6.208978],[106.849265,-6.20923],[106.849479,-6.209515],[106.849647,-6.209741],[106.849924,-6.210103]]},"properties":{"@id":"way/1311298022","electrified":"contact_line","frequency":"0","gauge":"1067","maxspeed":"60","name":"Jalur Kereta Api Jakarta Kota–Bogor","railway":"rail","railway:track_ref":"2","usage":"main","voltage":"1500","wikidata":"Q12487135","wikipedia":"id:Jalur kereta api Jakarta Kota–Bogor–Padalarang"},"id":"way/1311298022"},{"type":"Feature","geometry":{"type":"LineString","coordinates":[[106.849896,-6.210127],[106.849622,-6.209765],[106.849455,-6.209538],[106.849243,-6.209254],[106.849044,-6.208994]]},"properties":{"@id":"way/1311298023","electrified":"contact_line","frequency":"0","gauge":"1067","maxspeed":"60","name":"Jalur Kereta Api Jakarta Kota–Bogor","railway":"rail","railway:track_ref":"3","usage":"main","voltage":"1500","wikidata":"Q12487135","wikipedia":"id:Jalur kereta api Jakarta Kota–Bogor–Padalarang"},"id":"way/1311298023"},{"type":"Feature","geometry":{"type":"LineString","coordinates":[[106.841857,-6.199374],[106.843183,-6.201145]]},"properties":{"@id":"way/1311298024","bridge":"yes","electrified":"contact_line","frequency":"0","gauge":"1067","layer":"1","maxspeed":"90","name":"Jalur Kereta Api Jakarta Kota–Bogor","railway":"rail","usage":"main","voltage":"1500","wikidata":"Q12487135","wikipedia":"id:Jalur kereta api Jakarta Kota–Bogor–Padalarang"},"id":"way/1311298024"},{"type":"Feature","geometry":{"type":"LineString","coordinates":[[106.843199,-6.20111],[106.841887,-6.199359]]},"properties":{"@id":"way/1311298025","bridge":"yes","electrified":"contact_line","frequency":"0","gauge":"1067","layer":"1","maxspeed":"90","name":"Jalur Kereta Api Jakarta Kota–Bogor","railway":"rail","usage":"main","voltage":"1500","wikidata":"Q12487135","wikipedia":"id:Jalur kereta api Jakarta Kota–Bogor–Padalarang"},"id":"way/1311298025"},{"type":"Feature","geometry":{"type":"LineString","coordinates":[[106.841887,-6.199359],[106.840432,-6.197419]]},"properties":{"@id":"way/1311298026","bridge":"yes","electrified":"contact_line","frequency":"0","gauge":"1067","layer":"1","maxspeed":"90","name":"Jalur Kereta Api Jakarta Kota–Bogor","railway":"rail","railway:track_ref":"1","usage":"main","voltage":"1500","wikidata":"Q12487135","wikipedia":"id:Jalur kereta api Jakarta Kota–Bogor–Padalarang"},"id":"way/1311298026"},{"type":"Feature","geometry":{"type":"LineString","coordinates":[[106.840407,-6.197437],[106.841857,-6.199374]]},"properties":{"@id":"way/1311298027","bridge":"yes","electrified":"contact_line","frequency":"0","gauge":"1067","layer":"1","maxspeed":"90","name":"Jalur Kereta Api Jakarta Kota–Bogor","railway":"rail","railway:track_ref":"2","usage":"main","voltage":"1500","wikidata":"Q12487135","wikipedia":"id:Jalur kereta api Jakarta Kota–Bogor–Padalarang"},"id":"way/1311298027"},{"type":"Feature","geometry":{"type":"LineString","coordinates":[[106.832422,-6.184559],[106.8322,-6.182807],[106.831871,-6.180546],[106.831774,-6.180044],[106.831689,-6.179719],[106.831475,-6.179112],[106.831302,-6.178628],[106.83127,-6.178537]]},"properties":{"@id":"way/1311298028","bridge":"yes","electrified":"contact_line","frequency":"0","gauge":"1067","layer":"1","maxspeed":"90","name":"Jalur Kereta Api Jakarta Kota–Bogor","railway":"rail","usage":"main","voltage":"1500","wikidata":"Q12487135","wikipedia":"id:Jalur kereta api Jakarta Kota–Bogor–Padalarang"},"id":"way/1311298028"},{"type":"Feature","geometry":{"type":"LineString","coordinates":[[106.831231,-6.17855],[106.831262,-6.178635],[106.831438,-6.179122],[106.831656,-6.179734],[106.831734,-6.180046],[106.831829,-6.180559],[106.832157,-6.182812],[106.832383,-6.184561]]},"properties":{"@id":"way/1311298029","bridge":"yes","electrified":"contact_line","frequency":"0","gauge":"1067","layer":"1","maxspeed":"90","name":"Jalur Kereta Api Jakarta Kota–Bogor","railway":"rail","usage":"main","voltage":"1500","wikidata":"Q12487135","wikipedia":"id:Jalur kereta api Jakarta Kota–Bogor–Padalarang"},"id":"way/1311298029"},{"type":"Feature","geometry":{"type":"LineString","coordinates":[[106.832925,-6.18692],[106.832798,-6.18657],[106.832686,-6.186208],[106.832609,-6.185829],[106.832554,-6.18553],[106.832422,-6.184559]]},"properties":{"@id":"way/1311298030","bridge":"yes","electrified":"contact_line","frequency":"0","gauge":"1067","layer":"1","maxspeed":"90","name":"Jalur Kereta Api Jakarta Kota–Bogor","railway":"rail","railway:track_ref":"1","usage":"main","voltage":"1500","wikidata":"Q12487135","wikipedia":"id:Jalur kereta api Jakarta Kota–Bogor–Padalarang"},"id":"way/1311298030"},{"type":"Feature","geometry":{"type":"LineString","coordinates":[[106.832383,-6.184561],[106.832504,-6.185551],[106.832558,-6.185837],[106.832649,-6.186219],[106.832764,-6.186576],[106.83289,-6.186933]]},"properties":{"@id":"way/1311298031","bridge":"yes","electrified":"contact_line","frequency":"0","gauge":"1067","layer":"1","maxspeed":"90","name":"Jalur Kereta Api Jakarta Kota–Bogor","railway":"rail","railway:track_ref":"2","usage":"main","voltage":"1500","wikidata":"Q12487135","wikipedia":"id:Jalur kereta api Jakarta Kota–Bogor–Padalarang"},"id":"way/1311298031"},{"type":"Feature","geometry":{"type":"LineString","coordinates":[[106.848826,-6.208835],[106.848752,-6.208732]]},"properties":{"@id":"way/1311298032","electrified":"contact_line","frequency":"0","gauge":"1067","layer":"1","name":"Jalur Kereta Api Tanah Abang–Manggarai","railway":"rail","usage":"main","voltage":"1500","wikidata":"Q19726698","wikipedia":"id:Jalur kereta api lintas Jakarta"},"id":"way/1311298032"},{"type":"Feature","geometry":{"type":"LineString","coordinates":[[106.854399,-6.216266],[106.854429,-6.216304],[106.85474,-6.216709],[106.854844,-6.216845],[106.855398,-6.217563],[106.855959,-6.218311],[106.856326,-6.218783],[106.856662,-6.219239],[106.856863,-6.219517],[106.85704,-6.219751],[106.857246,-6.220106],[106.857364,-6.220333],[106.857511,-6.220607],[106.857704,-6.221028],[106.857817,-6.221314],[106.857898,-6.22154],[106.85794,-6.221658],[106.858056,-6.222078],[106.858156,-6.222511],[106.858234,-6.222995],[106.858317,-6.223432],[106.858329,-6.223498],[106.858372,-6.224174],[106.858386,-6.224664],[106.85839,-6.224835],[106.858394,-6.225271],[106.858404,-6.225729],[106.858408,-6.225935]]},"properties":{"@id":"way/1311298033","electrified":"contact_line","frequency":"0","gauge":"1067","maxspeed":"80","name":"Jalur Kereta Api Jakarta Kota–Bogor","railway":"rail","usage":"main","voltage":"1500","wikidata":"Q12487135","wikipedia":"id: Jalur kereta api Jakarta Kota–Bogor–Padalarang"},"id":"way/1311298033"},{"type":"Feature","geometry":{"type":"LineString","coordinates":[[106.858446,-6.225935],[106.858443,-6.225736],[106.858435,-6.224832],[106.85843,-6.224598],[106.858416,-6.224361],[106.858376,-6.223588],[106.858357,-6.223465],[106.858317,-6.22323],[106.858252,-6.222868],[106.858204,-6.22258],[106.858177,-6.222446],[106.858113,-6.222156],[106.858049,-6.221911],[106.858003,-6.221723],[106.857842,-6.221255],[106.857692,-6.220892],[106.857448,-6.220414],[106.857284,-6.22011],[106.857086,-6.219766],[106.857029,-6.219681],[106.856418,-6.218863],[106.856015,-6.218324],[106.855431,-6.217542],[106.85495,-6.216928],[106.854863,-6.216818]]},"properties":{"@id":"way/1311298034","electrified":"contact_line","frequency":"0","gauge":"1067","maxspeed":"80","name":"Jalur Kereta Api Jakarta Kota–Bogor","railway":"rail","usage":"main","voltage":"1500","wikidata":"Q12487135","wikipedia":"id: Jalur kereta api Jakarta Kota–Bogor–Padalarang"},"id":"way/1311298034"},{"type":"Feature","geometry":{"type":"LineString","coordinates":[[106.858471,-6.227529],[106.858446,-6.225935]]},"properties":{"@id":"way/1311298035","electrified":"contact_line","frequency":"0","gauge":"1067","maxspeed":"80","name":"Jalur Kereta Api Jakarta Kota–Bogor","railway":"rail","railway:track_ref":"2","usage":"main","voltage":"1500","wikidata":"Q12487135","wikipedia":"id: Jalur kereta api Jakarta Kota–Bogor–Padalarang"},"id":"way/1311298035"},{"type":"Feature","geometry":{"type":"LineString","coordinates":[[106.858408,-6.225935],[106.858428,-6.227532]]},"properties":{"@id":"way/1311298036","electrified":"contact_line","frequency":"0","gauge":"1067","maxspeed":"80","name":"Jalur Kereta Api Jakarta Kota–Bogor","railway":"rail","railway:track_ref":"1","usage":"main","voltage":"1500","wikidata":"Q12487135","wikipedia":"id: Jalur kereta api Jakarta Kota–Bogor–Padalarang"},"id":"way/1311298036"},{"type":"Feature","geometry":{"type":"LineString","coordinates":[[106.858672,-6.24097],[106.858655,-6.239495],[106.858635,-6.238225],[106.858633,-6.238127],[106.858617,-6.237413],[106.858609,-6.236656],[106.858596,-6.235882],[106.858593,-6.235127],[106.858593,-6.23512],[106.858571,-6.234062],[106.85855,-6.233072],[106.858515,-6.230936],[106.858471,-6.227529]]},"properties":{"@id":"way/1311298037","electrified":"contact_line","frequency":"0","gauge":"1067","maxspeed":"80","name":"Jalur Kereta Api Jakarta Kota–Bogor","railway":"rail","usage":"main","voltage":"1500","wikidata":"Q12487135","wikipedia":"id: Jalur kereta api Jakarta Kota–Bogor–Padalarang"},"id":"way/1311298037"},{"type":"Feature","geometry":{"type":"LineString","coordinates":[[106.858428,-6.227532],[106.858487,-6.230954],[106.85854,-6.234064],[106.858551,-6.234658],[106.858557,-6.235145],[106.858578,-6.236733],[106.858599,-6.238226],[106.858636,-6.240973]]},"properties":{"@id":"way/1311298038","electrified":"contact_line","frequency":"0","gauge":"1067","maxspeed":"80","name":"Jalur Kereta Api Jakarta Kota–Bogor","railway":"rail","usage":"main","voltage":"1500","wikidata":"Q12487135","wikipedia":"id: Jalur kereta api Jakarta Kota–Bogor–Padalarang"},"id":"way/1311298038"},{"type":"Feature","geometry":{"type":"LineString","coordinates":[[106.858705,-6.24255],[106.858672,-6.24097]]},"properties":{"@id":"way/1311298039","electrified":"contact_line","frequency":"0","gauge":"1067","maxspeed":"80","name":"Jalur Kereta Api Jakarta Kota–Bogor","railway":"rail","railway:track_ref":"1","usage":"main","voltage":"1500","wikidata":"Q12487135","wikipedia":"id: Jalur kereta api Jakarta Kota–Bogor–Padalarang"},"id":"way/1311298039"},{"type":"Feature","geometry":{"type":"LineString","coordinates":[[106.858636,-6.240973],[106.858673,-6.24255]]},"properties":{"@id":"way/1311298040","electrified":"contact_line","frequency":"0","gauge":"1067","maxspeed":"80","name":"Jalur Kereta Api Jakarta Kota–Bogor","railway":"rail","railway:track_ref":"2","usage":"main","voltage":"1500","wikidata":"Q12487135","wikipedia":"id: Jalur kereta api Jakarta Kota–Bogor–Padalarang"},"id":"way/1311298040"},{"type":"Feature","geometry":{"type":"LineString","coordinates":[[106.858673,-6.24255],[106.858675,-6.242671],[106.85868,-6.24287],[106.858699,-6.243529],[106.858708,-6.244545],[106.85872,-6.244965],[106.858715,-6.245682],[106.858679,-6.246259],[106.858649,-6.246497],[106.858606,-6.246805],[106.858558,-6.247042],[106.858376,-6.247769],[106.858247,-6.248203],[106.858094,-6.2486],[106.857872,-6.249144],[106.85762,-6.249729],[106.857209,-6.25066],[106.856952,-6.251223],[106.856648,-6.251861],[106.856386,-6.252431],[106.856168,-6.252904],[106.855944,-6.253403]]},"properties":{"@id":"way/1311298041","electrified":"contact_line","frequency":"0","gauge":"1067","maxspeed":"80","name":"Jalur Kereta Api Jakarta Kota–Bogor","railway":"rail","usage":"main","voltage":"1500","wikidata":"Q12487135","wikipedia":"id: Jalur kereta api Jakarta Kota–Bogor–Padalarang"},"id":"way/1311298041"},{"type":"Feature","geometry":{"type":"LineString","coordinates":[[106.855975,-6.253409],[106.856227,-6.252848],[106.856663,-6.251901],[106.856983,-6.251228],[106.857234,-6.250678],[106.857651,-6.249733],[106.857893,-6.249188],[106.85811,-6.248647],[106.858279,-6.248195],[106.858421,-6.247715],[106.858592,-6.247058],[106.858644,-6.246786],[106.858709,-6.246263],[106.85875,-6.245685],[106.858764,-6.244964],[106.858749,-6.244193],[106.858735,-6.24353],[106.858715,-6.24287],[106.858708,-6.242739],[106.858705,-6.24255]]},"properties":{"@id":"way/1311298042","electrified":"contact_line","frequency":"0","gauge":"1067","maxspeed":"80","name":"Jalur Kereta Api Jakarta Kota–Bogor","railway":"rail","usage":"main","voltage":"1500","wikidata":"Q12487135","wikipedia":"id: Jalur kereta api Jakarta Kota–Bogor–Padalarang"},"id":"way/1311298042"},{"type":"Feature","geometry":{"type":"LineString","coordinates":[[106.854965,-6.255671],[106.85511,-6.255355],[106.855169,-6.255228],[106.855459,-6.254598],[106.855975,-6.253409]]},"properties":{"@id":"way/1311298043","electrified":"contact_line","frequency":"0","gauge":"1067","maxspeed":"80","name":"Jalur Kereta Api Jakarta Kota–Bogor","railway":"rail","railway:track_ref":"1","usage":"main","voltage":"1500","wikidata":"Q12487135","wikipedia":"id: Jalur kereta api Jakarta Kota–Bogor–Padalarang"},"id":"way/1311298043"},{"type":"Feature","geometry":{"type":"LineString","coordinates":[[106.855944,-6.253403],[106.855758,-6.253817],[106.85542,-6.254581],[106.855133,-6.255212],[106.855031,-6.255446],[106.854929,-6.255665]]},"properties":{"@id":"way/1311298044","electrified":"contact_line","frequency":"0","gauge":"1067","maxspeed":"80","name":"Jalur Kereta Api Jakarta Kota–Bogor","railway":"rail","railway:track_ref":"2","usage":"main","voltage":"1500","wikidata":"Q12487135","wikipedia":"id: Jalur kereta api Jakarta Kota–Bogor–Padalarang"},"id":"way/1311298044"},{"type":"Feature","geometry":{"type":"LineString","coordinates":[[106.851977,-6.262404],[106.853384,-6.259239],[106.853722,-6.258471],[106.853977,-6.257895],[106.854492,-6.256714],[106.854809,-6.256008],[106.854921,-6.255766],[106.854965,-6.255671]]},"properties":{"@id":"way/1311298045","electrified":"contact_line","frequency":"0","gauge":"1067","maxspeed":"80","name":"Jalur Kereta Api Jakarta Kota–Bogor","railway":"rail","usage":"main","voltage":"1500","wikidata":"Q12487135","wikipedia":"id: Jalur kereta api Jakarta Kota–Bogor–Padalarang"},"id":"way/1311298045"},{"type":"Feature","geometry":{"type":"LineString","coordinates":[[106.854929,-6.255665],[106.854889,-6.255751],[106.854779,-6.255995],[106.85446,-6.256705],[106.853943,-6.257884],[106.853604,-6.258674],[106.852815,-6.260471],[106.851955,-6.262391]]},"properties":{"@id":"way/1311298046","electrified":"contact_line","frequency":"0","gauge":"1067","maxspeed":"80","name":"Jalur Kereta Api Jakarta Kota–Bogor","railway":"rail","usage":"main","voltage":"1500","wikidata":"Q12487135","wikipedia":"id: Jalur kereta api Jakarta Kota–Bogor–Padalarang"},"id":"way/1311298046"},{"type":"Feature","geometry":{"type":"LineString","coordinates":[[106.851955,-6.262391],[106.851099,-6.264298]]},"properties":{"@id":"way/1311298047","electrified":"contact_line","frequency":"0","gauge":"1067","maxspeed":"80","name":"Jalur Kereta Api Jakarta Kota–Bogor","railway":"rail","railway:track_ref":"2","usage":"main","voltage":"1500","wikidata":"Q12487135","wikipedia":"id: Jalur kereta api Jakarta Kota–Bogor–Padalarang"},"id":"way/1311298047"},{"type":"Feature","geometry":{"type":"LineString","coordinates":[[106.851131,-6.264315],[106.851977,-6.262404]]},"properties":{"@id":"way/1311298048","electrified":"contact_line","frequency":"0","gauge":"1067","maxspeed":"80","name":"Jalur Kereta Api Jakarta Kota–Bogor","railway":"rail","railway:track_ref":"1","usage":"main","voltage":"1500","wikidata":"Q12487135","wikipedia":"id: Jalur kereta api Jakarta Kota–Bogor–Padalarang"},"id":"way/1311298048"},{"type":"Feature","geometry":{"type":"LineString","coordinates":[[106.845478,-6.27996],[106.845418,-6.280168],[106.845364,-6.280361]]},"properties":{"@id":"way/1311298049","electrified":"contact_line","gauge":"1067","railway":"rail","service":"crossover"},"id":"way/1311298049"},{"type":"Feature","geometry":{"type":"LineString","coordinates":[[106.84544,-6.279954],[106.845418,-6.280168],[106.845398,-6.280372]]},"properties":{"@id":"way/1311298050","electrified":"contact_line","gauge":"1067","railway":"rail","service":"crossover"},"id":"way/1311298050"},{"type":"Feature","geometry":{"type":"LineString","coordinates":[[106.824342,-6.202605],[106.823688,-6.20245]]},"properties":{"@id":"way/1311464644","electrified":"contact_line","frequency":"0","gauge":"1067","maxspeed":"60","name":"Jalur Kereta Api Tanah Abang–Manggarai","railway":"rail","railway:track_ref":"1","usage":"main","voltage":"1500","wikidata":"Q19726698","wikipedia":"id:Jalur kereta api lintas Jakarta"},"id":"way/1311464644"},{"type":"Feature","geometry":{"type":"LineString","coordinates":[[106.824335,-6.202636],[106.823681,-6.20248]]},"properties":{"@id":"way/1311464645","electrified":"contact_line","frequency":"0","gauge":"1067","maxspeed":"60","name":"Jalur Kereta Api Tanah Abang–Manggarai","railway":"rail","railway:track_ref":"2","usage":"main","voltage":"1500","wikidata":"Q19726698","wikipedia":"id:Jalur kereta api lintas Jakarta"},"id":"way/1311464645"},{"type":"Feature","geometry":{"type":"LineString","coordinates":[[106.823073,-6.202306],[106.823242,-6.202345]]},"properties":{"@id":"way/1311464646","electrified":"contact_line","frequency":"0","gauge":"1067","maxspeed":"60","name":"Jalur Kereta Api Tanah Abang–Manggarai","railway":"rail","railway:track_ref":"1","usage":"main","voltage":"1500","wikidata":"Q19726698","wikipedia":"id:Jalur kereta api lintas Jakarta"},"id":"way/1311464646"},{"type":"Feature","geometry":{"type":"LineString","coordinates":[[106.823066,-6.202335],[106.823235,-6.202374]]},"properties":{"@id":"way/1311464647","electrified":"contact_line","frequency":"0","gauge":"1067","maxspeed":"60","name":"Jalur Kereta Api Tanah Abang–Manggarai","railway":"rail","railway:track_ref":"2","usage":"main","voltage":"1500","wikidata":"Q19726698","wikipedia":"id:Jalur kereta api lintas Jakarta"},"id":"way/1311464647"},{"type":"Feature","geometry":{"type":"LineString","coordinates":[[106.815534,-6.200669],[106.815975,-6.200764],[106.817835,-6.201166]]},"properties":{"@id":"way/1311464650","electrified":"contact_line","frequency":"0","gauge":"1067","maxspeed":"70","name":"Jalur Kereta Api Tanah Abang–Manggarai","railway":"rail","usage":"main","voltage":"1500","wikidata":"Q19726698","wikipedia":"id:Jalur kereta api lintas Jakarta"},"id":"way/1311464650"},{"type":"Feature","geometry":{"type":"LineString","coordinates":[[106.815548,-6.200709],[106.817488,-6.201126],[106.817828,-6.201199]]},"properties":{"@id":"way/1311464651","electrified":"contact_line","frequency":"0","gauge":"1067","maxspeed":"70","name":"Jalur Kereta Api Tanah Abang–Manggarai","railway":"rail","usage":"main","voltage":"1500","wikidata":"Q19726698","wikipedia":"id:Jalur kereta api lintas Jakarta"},"id":"way/1311464651"},{"type":"Feature","geometry":{"type":"LineString","coordinates":[[106.844618,-6.284593],[106.844577,-6.284811],[106.844404,-6.285639],[106.844153,-6.286575],[106.843826,-6.287591],[106.842846,-6.290025],[106.842108,-6.291811],[106.841674,-6.292867],[106.841381,-6.293587],[106.841137,-6.294296],[106.840995,-6.294714],[106.840727,-6.295637],[106.84059,-6.296181],[106.84045,-6.296869],[106.840343,-6.29762],[106.8403,-6.298026],[106.84026,-6.298596],[106.840204,-6.299671],[106.84011,-6.300681],[106.840091,-6.300971],[106.840032,-6.301443],[106.839957,-6.301953],[106.839855,-6.302558],[106.839727,-6.303235],[106.839423,-6.305164],[106.838988,-6.307703]]},"properties":{"@id":"way/1311750986","electrified":"contact_line","frequency":"0","gauge":"1067","maxspeed":"80","name":"Jalur Kereta Api Jakarta Kota–Bogor","operator":"PT Kereta Api Indonesia","railway":"rail","usage":"main","voltage":"1500","wikidata":"Q12487135","wikipedia":"id: Jalur kereta api Jakarta Kota–Bogor–Padalarang"},"id":"way/1311750986"},{"type":"Feature","geometry":{"type":"LineString","coordinates":[[106.83902,-6.307709],[106.840021,-6.301804],[106.840126,-6.300964],[106.840201,-6.300167],[106.840244,-6.299674],[106.840255,-6.299466],[106.840295,-6.298909],[106.840357,-6.298085],[106.840464,-6.297099],[106.840542,-6.296616],[106.84066,-6.296043],[106.840799,-6.295515],[106.841041,-6.294702],[106.841317,-6.293867],[106.841427,-6.293564],[106.842105,-6.291884],[106.842895,-6.290004],[106.843451,-6.288657],[106.843856,-6.287605],[106.844175,-6.286628],[106.844456,-6.285631],[106.844611,-6.284818],[106.844651,-6.284594]]},"properties":{"@id":"way/1311750987","electrified":"contact_line","frequency":"0","gauge":"1067","maxspeed":"80","name":"Jalur Kereta Api Jakarta Kota–Bogor","operator":"PT Kereta Api Indonesia","railway":"rail","usage":"main","voltage":"1500","wikidata":"Q12487135","wikipedia":"id: Jalur kereta api Jakarta Kota–Bogor–Padalarang"},"id":"way/1311750987"},{"type":"Feature","geometry":{"type":"LineString","coordinates":[[106.811041,-6.18915],[106.811068,-6.188779]]},"properties":{"@id":"way/1311960882","electrified":"contact_line","gauge":"1067","railway":"rail","service":"crossover"},"id":"way/1311960882"},{"type":"Feature","geometry":{"type":"LineString","coordinates":[[106.810736,-6.185936],[106.810694,-6.185531]]},"properties":{"@id":"way/1311960885","electrified":"contact_line","frequency":"0","gauge":"1067","maxspeed":"30","name":"Jalur Kereta Api Tanah Abang–Merak","railway":"rail","railway:track_ref":"6","tunnel":"building_passage","usage":"main","voltage":"1500","wikidata":"Q18916627","wikipedia":"id:Jalur kereta api Merak–Tanah Abang"},"id":"way/1311960885"},{"type":"Feature","geometry":{"type":"LineString","coordinates":[[106.810851,-6.185503],[106.810896,-6.185918]]},"properties":{"@id":"way/1311960887","electrified":"contact_line","frequency":"0","gauge":"1067","maxspeed":"70","name":"Jalur Kereta Api Tanah Abang–Manggarai","railway":"rail","railway:track_ref":"3","tunnel":"building_passage","usage":"main","voltage":"1500","wikidata":"Q19726698","wikipedia":"id:Jalur kereta api lintas Jakarta"},"id":"way/1311960887"},{"type":"Feature","geometry":{"type":"LineString","coordinates":[[106.800491,-6.204185],[106.799905,-6.2045]]},"properties":{"@id":"way/1311968228","electrified":"contact_line","gauge":"1067","railway":"rail","service":"crossover"},"id":"way/1311968228"},{"type":"Feature","geometry":{"type":"LineString","coordinates":[[106.809716,-6.198305],[106.809583,-6.198479],[106.809279,-6.198823],[106.808746,-6.199467],[106.808332,-6.199948],[106.807949,-6.200388],[106.8078,-6.200536],[106.807633,-6.20069],[106.807519,-6.200788],[106.807377,-6.200895],[106.807229,-6.201002],[106.807082,-6.2011],[106.806733,-6.201302],[106.806309,-6.20149],[106.806001,-6.201642],[106.805284,-6.201974],[106.804427,-6.202364],[106.803954,-6.20258],[106.80337,-6.202846],[106.802539,-6.20323],[106.802228,-6.20337],[106.801734,-6.203595],[106.801323,-6.203802],[106.800491,-6.204185]]},"properties":{"@id":"way/1311968229","electrified":"contact_line","frequency":"0","gauge":"1067","maxspeed":"70","name":"Jalur Kereta Api Tanah Abang–Merak","railway":"rail","usage":"main","voltage":"1500","wikidata":"Q18916627","wikipedia":"id:Jalur kereta api Merak–Tanah Abang"},"id":"way/1311968229"},{"type":"Feature","geometry":{"type":"LineString","coordinates":[[106.796855,-6.208856],[106.798055,-6.206222],[106.798156,-6.206012],[106.798244,-6.205841],[106.798327,-6.205709],[106.79847,-6.205494],[106.798623,-6.205308],[106.798812,-6.205121],[106.799009,-6.204964],[106.799237,-6.20482],[106.799397,-6.204732],[106.799905,-6.2045]]},"properties":{"@id":"way/1311968230","electrified":"contact_line","frequency":"0","gauge":"1067","maxspeed":"70","name":"Jalur Kereta Api Tanah Abang–Merak","railway":"rail","railway:track_ref":"1","usage":"main","voltage":"1500","wikidata":"Q18916627","wikipedia":"id:Jalur kereta api Merak–Tanah Abang"},"id":"way/1311968230"},{"type":"Feature","geometry":{"type":"LineString","coordinates":[[106.796855,-6.208856],[106.796555,-6.20942]]},"properties":{"@id":"way/1311968231","electrified":"contact_line","gauge":"1067","railway":"rail","service":"crossover"},"id":"way/1311968231"},{"type":"Feature","geometry":{"type":"LineString","coordinates":[[106.79566,-6.214083],[106.79585,-6.213789],[106.796002,-6.213515],[106.796089,-6.21327],[106.79615,-6.213031],[106.796191,-6.212762],[106.796205,-6.212539],[106.796211,-6.212375],[106.796193,-6.212071],[106.79618,-6.211652],[106.796161,-6.211106],[106.796163,-6.210905],[106.796171,-6.210673],[106.796201,-6.210457],[106.796285,-6.210171],[106.796378,-6.209936],[106.796491,-6.209653],[106.796855,-6.208856]]},"properties":{"@id":"way/1311968232","electrified":"contact_line","frequency":"0","gauge":"1067","maxspeed":"70","name":"Jalur Kereta Api Tanah Abang–Merak","railway":"rail","usage":"main","voltage":"1500","wikidata":"Q18916627","wikipedia":"id:Jalur kereta api Merak–Tanah Abang"},"id":"way/1311968232"},{"type":"Feature","geometry":{"type":"LineString","coordinates":[[106.796555,-6.20942],[106.796453,-6.209631],[106.796331,-6.209922],[106.796233,-6.210167],[106.796153,-6.210447],[106.796119,-6.210671],[106.7961,-6.210869],[106.796098,-6.211132],[106.796118,-6.211627],[106.796138,-6.212093],[106.796159,-6.212376],[106.79616,-6.212537],[106.796139,-6.212764],[106.796104,-6.213014],[106.796042,-6.213266],[106.795958,-6.213506],[106.795826,-6.213756],[106.795636,-6.214046]]},"properties":{"@id":"way/1311968233","electrified":"contact_line","frequency":"0","gauge":"1067","maxspeed":"70","name":"Jalur Kereta Api Tanah Abang–Merak","railway":"rail","usage":"main","voltage":"1500","wikidata":"Q18916627","wikipedia":"id:Jalur kereta api Merak–Tanah Abang"},"id":"way/1311968233"},{"type":"Feature","geometry":{"type":"LineString","coordinates":[[106.784449,-6.233118],[106.784174,-6.233652]]},"properties":{"@id":"way/1311968234","electrified":"contact_line","gauge":"1067","railway":"rail","service":"crossover"},"id":"way/1311968234"},{"type":"Feature","geometry":{"type":"LineString","coordinates":[[106.784449,-6.233118],[106.78349,-6.234751],[106.783274,-6.235136],[106.783188,-6.23532],[106.782998,-6.23579],[106.782659,-6.23675]]},"properties":{"@id":"way/1311968235","electrified":"contact_line","frequency":"0","gauge":"1067","maxspeed":"70","name":"Jalur Kereta Api Tanah Abang–Merak","railway":"rail","railway:track_ref":"1","usage":"main","voltage":"1500","wikidata":"Q18916627","wikipedia":"id:Jalur kereta api Merak–Tanah Abang"},"id":"way/1311968235"},{"type":"Feature","geometry":{"type":"LineString","coordinates":[[106.782688,-6.236762],[106.782959,-6.235995],[106.783028,-6.23581],[106.78323,-6.235319],[106.783315,-6.235137],[106.783505,-6.234783],[106.78395,-6.234031]]},"properties":{"@id":"way/1311968236","electrified":"contact_line","frequency":"0","gauge":"1067","maxspeed":"70","name":"Jalur Kereta Api Tanah Abang–Merak","railway":"rail","railway:track_ref":"2","usage":"main","voltage":"1500","wikidata":"Q18916627","wikipedia":"id:Jalur kereta api Merak–Tanah Abang"},"id":"way/1311968236"},{"type":"Feature","geometry":{"type":"LineString","coordinates":[[106.780451,-6.241445],[106.780108,-6.241791]]},"properties":{"@id":"way/1311968237","electrified":"contact_line","gauge":"1067","railway":"rail","service":"crossover"},"id":"way/1311968237"},{"type":"Feature","geometry":{"type":"LineString","coordinates":[[106.782289,-6.237809],[106.78228,-6.237842],[106.781837,-6.239138],[106.781677,-6.239515],[106.781531,-6.239833],[106.781444,-6.239991],[106.781282,-6.240266],[106.781175,-6.240429],[106.781052,-6.240612],[106.780801,-6.24095],[106.780733,-6.241035],[106.78042,-6.24142],[106.780108,-6.241791]]},"properties":{"@id":"way/1311968238","electrified":"contact_line","frequency":"0","gauge":"1067","maxspeed":"70","name":"Jalur Kereta Api Tanah Abang–Merak","railway":"rail","railway:track_ref":"1","usage":"main","voltage":"1500","wikidata":"Q18916627","wikipedia":"id:Jalur kereta api Merak–Tanah Abang"},"id":"way/1311968238"},{"type":"Feature","geometry":{"type":"LineString","coordinates":[[106.782037,-6.23867],[106.782323,-6.237825]]},"properties":{"@id":"way/1311968239","electrified":"contact_line","frequency":"0","gauge":"1067","maxspeed":"70","name":"Jalur Kereta Api Tanah Abang–Merak","railway":"rail","railway:track_ref":"2","usage":"main","voltage":"1500","wikidata":"Q18916627","wikipedia":"id:Jalur kereta api Merak–Tanah Abang"},"id":"way/1311968239"},{"type":"Feature","geometry":{"type":"LineString","coordinates":[[106.801184,-6.154584],[106.801181,-6.154418]]},"properties":{"@id":"way/1311980031","electrified":"contact_line","frequency":"0","gauge":"1067","maxspeed":"90","name":"Jalur Kereta Api Duri–Tangerang","railway":"rail","railway:track_ref":"4","usage":"main","voltage":"1500","wikidata":"Q12487146","wikipedia":"en:Duri–Tangerang railway"},"id":"way/1311980031"},{"type":"Feature","geometry":{"type":"LineString","coordinates":[[106.801414,-6.155067],[106.801406,-6.154958],[106.801397,-6.15485],[106.801355,-6.154437],[106.801303,-6.15378],[106.801198,-6.152171]]},"properties":{"@id":"way/1311980032","electrified":"contact_line","frequency":"0","gauge":"1067","maxspeed":"50","name":"Jalur Kereta Api Kampung Bandan–Angke–Duri","railway":"rail","railway:track_ref":"1","usage":"main","voltage":"1500","wikidata":"Q19726698","wikipedia":"id:Jalur kereta api lintas Jakarta"},"id":"way/1311980032"},{"type":"Feature","geometry":{"type":"LineString","coordinates":[[106.801265,-6.154564],[106.801291,-6.155073]]},"properties":{"@id":"way/1311980034","electrified":"contact_line","frequency":"0","gauge":"1067","maxspeed":"50","name":"Jalur Kereta Api Kampung Bandan–Angke–Duri","railway":"rail","railway:track_ref":"3","usage":"main","voltage":"1500","wikidata":"Q19726698","wikipedia":"id:Jalur kereta api lintas Jakarta"},"id":"way/1311980034"},{"type":"Feature","geometry":{"type":"LineString","coordinates":[[106.801145,-6.154353],[106.801147,-6.154491],[106.801154,-6.154779],[106.801168,-6.15508]]},"properties":{"@id":"way/1311980035","electrified":"contact_line","frequency":"0","gauge":"1067","maxspeed":"90","name":"Jalur Kereta Api Duri–Tangerang","railway":"rail","railway:track_ref":"5","usage":"main","voltage":"1500","wikidata":"Q12487146","wikipedia":"en:Duri–Tangerang railway"},"id":"way/1311980035"},{"type":"Feature","geometry":{"type":"LineString","coordinates":[[106.801208,-6.155078],[106.801184,-6.154584]]},"properties":{"@id":"way/1311980036","electrified":"contact_line","frequency":"0","gauge":"1067","maxspeed":"90","name":"Jalur Kereta Api Duri–Tangerang","railway":"rail","railway:track_ref":"4","usage":"main","voltage":"1500","wikidata":"Q12487146","wikipedia":"en:Duri–Tangerang railway"},"id":"way/1311980036"},{"type":"Feature","geometry":{"type":"LineString","coordinates":[[106.801291,-6.155073],[106.801315,-6.155494]]},"properties":{"@id":"way/1311980037","electrified":"contact_line","frequency":"0","gauge":"1067","maxspeed":"50","name":"Jalur Kereta Api Kampung Bandan–Angke–Duri","railway":"rail","railway:track_ref":"3","tunnel":"building_passage","usage":"main","voltage":"1500","wikidata":"Q19726698","wikipedia":"id:Jalur kereta api lintas Jakarta"},"id":"way/1311980037"},{"type":"Feature","geometry":{"type":"LineString","coordinates":[[106.801414,-6.155067],[106.801446,-6.155594]]},"properties":{"@id":"way/1311980039","electrified":"contact_line","frequency":"0","gauge":"1067","maxspeed":"50","name":"Jalur Kereta Api Kampung Bandan–Angke–Duri","railway":"rail","railway:track_ref":"1","tunnel":"building_passage","usage":"main","voltage":"1500","wikidata":"Q19726698","wikipedia":"id:Jalur kereta api lintas Jakarta"},"id":"way/1311980039"},{"type":"Feature","geometry":{"type":"LineString","coordinates":[[106.801168,-6.15508],[106.801189,-6.155501]]},"properties":{"@id":"way/1311980040","electrified":"contact_line","frequency":"0","gauge":"1067","maxspeed":"90","name":"Jalur Kereta Api Duri–Tangerang","railway":"rail","railway:track_ref":"5","tunnel":"building_passage","usage":"main","voltage":"1500","wikidata":"Q12487146","wikipedia":"en:Duri–Tangerang railway"},"id":"way/1311980040"},{"type":"Feature","geometry":{"type":"LineString","coordinates":[[106.801229,-6.155499],[106.801208,-6.155078]]},"properties":{"@id":"way/1311980041","electrified":"contact_line","frequency":"0","gauge":"1067","maxspeed":"90","name":"Jalur Kereta Api Duri–Tangerang","railway":"rail","railway:track_ref":"4","tunnel":"building_passage","usage":"main","voltage":"1500","wikidata":"Q12487146","wikipedia":"en:Duri–Tangerang railway"},"id":"way/1311980041"},{"type":"Feature","geometry":{"type":"LineString","coordinates":[[106.789953,-6.162091],[106.789923,-6.16209],[106.789837,-6.162087],[106.789444,-6.162073]]},"properties":{"@id":"way/1311980042","electrified":"contact_line","frequency":"0","gauge":"1067","maxspeed":"90","name":"Jalur Kereta Api Duri–Tangerang","railway":"rail","usage":"main","voltage":"1500","wikidata":"Q12487146","wikipedia":"en:Duri–Tangerang railway"},"id":"way/1311980042"},{"type":"Feature","geometry":{"type":"LineString","coordinates":[[106.789334,-6.162127],[106.789811,-6.162148],[106.789896,-6.162151],[106.789926,-6.162152]]},"properties":{"@id":"way/1311980043","electrified":"contact_line","frequency":"0","gauge":"1067","maxspeed":"90","name":"Jalur Kereta Api Duri–Tangerang","railway":"rail","usage":"main","voltage":"1500","wikidata":"Q12487146","wikipedia":"en:Duri–Tangerang railway"},"id":"way/1311980043"},{"type":"Feature","geometry":{"type":"LineString","coordinates":[[106.789444,-6.162073],[106.787268,-6.161998]]},"properties":{"@id":"way/1311980044","electrified":"contact_line","frequency":"0","gauge":"1067","maxspeed":"90","name":"Jalur Kereta Api Duri–Tangerang","railway":"rail","railway:track_ref":"1","usage":"main","voltage":"1500","wikidata":"Q12487146","wikipedia":"en:Duri–Tangerang railway"},"id":"way/1311980044"},{"type":"Feature","geometry":{"type":"LineString","coordinates":[[106.787196,-6.162038],[106.789334,-6.162127]]},"properties":{"@id":"way/1311980045","electrified":"contact_line","frequency":"0","gauge":"1067","maxspeed":"90","name":"Jalur Kereta Api Duri–Tangerang","railway":"rail","railway:track_ref":"2","usage":"main","voltage":"1500","wikidata":"Q12487146","wikipedia":"en:Duri–Tangerang railway"},"id":"way/1311980045"},{"type":"Feature","geometry":{"type":"LineString","coordinates":[[106.771586,-6.161189],[106.769704,-6.1609],[106.769486,-6.160877],[106.769065,-6.160824],[106.768664,-6.160768],[106.768485,-6.160742],[106.767883,-6.160661],[106.76685,-6.16053]]},"properties":{"@id":"way/1311980046","electrified":"contact_line","frequency":"0","gauge":"1067","maxspeed":"90","name":"Jalur Kereta Api Duri–Tangerang","railway":"rail","usage":"main","voltage":"1500","wikidata":"Q12487146","wikipedia":"en:Duri–Tangerang railway"},"id":"way/1311980046"},{"type":"Feature","geometry":{"type":"LineString","coordinates":[[106.766848,-6.160566],[106.767878,-6.160697],[106.76849,-6.160774],[106.768662,-6.160796],[106.76906,-6.16086],[106.769504,-6.16091],[106.769734,-6.160946],[106.770322,-6.161035],[106.771582,-6.161212]]},"properties":{"@id":"way/1311980047","electrified":"contact_line","frequency":"0","gauge":"1067","maxspeed":"90","name":"Jalur Kereta Api Duri–Tangerang","railway":"rail","usage":"main","voltage":"1500","wikidata":"Q12487146","wikipedia":"en:Duri–Tangerang railway"},"id":"way/1311980047"},{"type":"Feature","geometry":{"type":"LineString","coordinates":[[106.773797,-6.161493],[106.773571,-6.161468],[106.771586,-6.161189]]},"properties":{"@id":"way/1311980048","electrified":"contact_line","frequency":"0","gauge":"1067","maxspeed":"90","name":"Jalur Kereta Api Duri–Tangerang","railway":"rail","railway:track_ref":"2","usage":"main","voltage":"1500","wikidata":"Q12487146","wikipedia":"en:Duri–Tangerang railway"},"id":"way/1311980048"},{"type":"Feature","geometry":{"type":"LineString","coordinates":[[106.771582,-6.161212],[106.773564,-6.16149],[106.773795,-6.161515]]},"properties":{"@id":"way/1311980049","electrified":"contact_line","frequency":"0","gauge":"1067","maxspeed":"90","name":"Jalur Kereta Api Duri–Tangerang","railway":"rail","railway:track_ref":"1","usage":"main","voltage":"1500","wikidata":"Q12487146","wikipedia":"en:Duri–Tangerang railway"},"id":"way/1311980049"},{"type":"Feature","geometry":{"type":"LineString","coordinates":[[106.759217,-6.159152],[106.758549,-6.159023],[106.757716,-6.158826],[106.75712,-6.158714],[106.756843,-6.158655],[106.756723,-6.158633]]},"properties":{"@id":"way/1311980050","addr:city":"DKI Jakarta","electrified":"contact_line","frequency":"0","gauge":"1067","maxspeed":"90","name":"Jalur Kereta Api Duri–Tangerang","railway":"rail","source":"HOT_InAWARESurvey_2017","usage":"main","voltage":"1500","wikidata":"Q12487146","wikipedia":"en:Duri–Tangerang railway"},"id":"way/1311980050"},{"type":"Feature","geometry":{"type":"LineString","coordinates":[[106.75672,-6.158661],[106.756837,-6.158684],[106.75711,-6.158747],[106.757709,-6.15886],[106.75854,-6.159058],[106.759211,-6.159224]]},"properties":{"@id":"way/1311980051","addr:city":"DKI Jakarta","electrified":"contact_line","frequency":"0","gauge":"1067","maxspeed":"90","name":"Jalur Kereta Api Duri–Tangerang","railway":"rail","source":"HOT_InAWARESurvey_2017","usage":"main","voltage":"1500","wikidata":"Q12487146","wikipedia":"en:Duri–Tangerang railway"},"id":"way/1311980051"},{"type":"Feature","geometry":{"type":"LineString","coordinates":[[106.800557,-6.141987],[106.800556,-6.142006],[106.800564,-6.142137],[106.800568,-6.142243]]},"properties":{"@id":"way/1312049334","electrified":"contact_line","frequency":"0","gauge":"1067","maxspeed":"50","name":"Jalur Kereta Api Kampung Bandan–Angke–Duri","operator":"Kereta Api Indonesia","owner":"Direktorat Jenderal, Kementerian Perhubungan","owner:en":"Directorate General of Railways, Ministry of Transportation","railway":"rail","usage":"main","voltage":"1500","wikidata":"Q19726698","wikipedia":"id:Jalur kereta api lintas Jakarta"},"id":"way/1312049334"},{"type":"Feature","geometry":{"type":"LineString","coordinates":[[106.649538,-6.128442],[106.651033,-6.127853],[106.651813,-6.127544]]},"properties":{"@id":"way/1312049342","electrified":"contact_line","frequency":"0","gauge":"1067","maxspeed":"90","name":"Jalur Kereta Api Bandara Soekarno-Hatta","oneway":"alternating","railway":"rail","railway:track_ref":"3","usage":"branch","voltage":"1500","wikidata":"Q56392844","wikipedia":"id:Jalur kereta api Batu Ceper–Bandara Soekarno-Hatta"},"id":"way/1312049342"},{"type":"Feature","geometry":{"type":"LineString","coordinates":[[106.649551,-6.128471],[106.647889,-6.129135],[106.647567,-6.129262]]},"properties":{"@id":"way/1312049343","electrified":"contact_line","frequency":"0","gauge":"1067","maxspeed":"50","name":"Jalur Kereta Api Bandara Soekarno-Hatta","oneway":"alternating","railway":"rail","usage":"branch","voltage":"1500","wikidata":"Q56392844","wikipedia":"id:Jalur kereta api Batu Ceper–Bandara Soekarno-Hatta"},"id":"way/1312049343"},{"type":"Feature","geometry":{"type":"LineString","coordinates":[[106.822338,-6.202142],[106.822686,-6.202221]]},"properties":{"@id":"way/1329877703","electrified":"contact_line","frequency":"0","gauge":"1067","maxspeed":"60","name":"Jalur Kereta Api Tanah Abang–Manggarai","railway":"rail","railway:track_ref":"1","usage":"main","voltage":"1500","wikidata":"Q19726698","wikipedia":"id:Jalur kereta api lintas Jakarta"},"id":"way/1329877703"},{"type":"Feature","geometry":{"type":"LineString","coordinates":[[106.822331,-6.202176],[106.822679,-6.202252]]},"properties":{"@id":"way/1329877705","electrified":"contact_line","frequency":"0","gauge":"1067","maxspeed":"60","name":"Jalur Kereta Api Tanah Abang–Manggarai","railway":"rail","railway:track_ref":"2","usage":"main","voltage":"1500","wikidata":"Q19726698","wikipedia":"id:Jalur kereta api lintas Jakarta"},"id":"way/1329877705"},{"type":"Feature","geometry":{"type":"LineString","coordinates":[[106.89585,-6.213091],[106.89918,-6.213154],[106.900657,-6.213189]]},"properties":{"@id":"way/1330805129","electrified":"no","gauge":"1067","maxspeed":"115","name":"Jalur Kereta Api Jakarta Kota–Cikampek","railway":"rail","usage":"main","wikidata":"Q19726782","wikipedia":"id:Jalur kereta api Jakarta Kota–Cikampek"},"id":"way/1330805129"},{"type":"Feature","geometry":{"type":"LineString","coordinates":[[106.900657,-6.213189],[106.901042,-6.213198]]},"properties":{"@id":"way/1330805130","electrified":"no","gauge":"1067","maxspeed":"115","name":"Jalur Kereta Api Jakarta Kota–Cikampek","railway":"rail","usage":"main","wikidata":"Q19726782","wikipedia":"id:Jalur kereta api Jakarta Kota–Cikampek"},"id":"way/1330805130"},{"type":"Feature","geometry":{"type":"LineString","coordinates":[[106.900638,-6.213287],[106.901022,-6.213296]]},"properties":{"@id":"way/1330805131","electrified":"contact_line","frequency":"0","gauge":"1067","maxspeed":"115","name":"Jalur Kereta Api Jakarta Kota–Cikampek","railway":"rail","usage":"main","voltage":"1500","wikidata":"Q19726782","wikipedia":"id:Jalur kereta api Jakarta Kota–Cikampek"},"id":"way/1330805131"},{"type":"Feature","geometry":{"type":"LineString","coordinates":[[106.923658,-6.215612],[106.923961,-6.215656]]},"properties":{"@id":"way/1330805132","electrified":"contact_line","frequency":"0","gauge":"1067","layer":"-1","maxspeed":"115","name":"Jalur Kereta Api Jakarta Kota–Cikampek","railway":"rail","tunnel":"yes","usage":"main","voltage":"1500","wikidata":"Q19726782","wikipedia":"id:Jalur kereta api Jakarta Kota–Cikampek"},"id":"way/1330805132"},{"type":"Feature","geometry":{"type":"LineString","coordinates":[[106.923981,-6.215597],[106.924647,-6.21568]]},"properties":{"@id":"way/1330805133","electrified":"no","gauge":"1067","maxspeed":"115","name":"Jalur Kereta Api Jakarta Kota–Cikampek","railway":"rail","usage":"main","wikidata":"Q19726782","wikipedia":"id:Jalur kereta api Jakarta Kota–Cikampek"},"id":"way/1330805133"},{"type":"Feature","geometry":{"type":"LineString","coordinates":[[106.923662,-6.215557],[106.923981,-6.215597]]},"properties":{"@id":"way/1330805134","electrified":"no","gauge":"1067","layer":"-1","maxspeed":"115","name":"Jalur Kereta Api Jakarta Kota–Cikampek","railway":"rail","tunnel":"yes","usage":"main","wikidata":"Q19726782","wikipedia":"id:Jalur kereta api Jakarta Kota–Cikampek"},"id":"way/1330805134"},{"type":"Feature","geometry":{"type":"LineString","coordinates":[[106.923983,-6.215563],[106.924647,-6.215646]]},"properties":{"@id":"way/1330805135","electrified":"no","gauge":"1067","maxspeed":"115","name":"Jalur Kereta Api Jakarta Kota–Cikampek","railway":"rail","usage":"main","wikidata":"Q19726782","wikipedia":"id:Jalur kereta api Jakarta Kota–Cikampek"},"id":"way/1330805135"},{"type":"Feature","geometry":{"type":"LineString","coordinates":[[106.923766,-6.215536],[106.923983,-6.215563]]},"properties":{"@id":"way/1330805136","electrified":"no","gauge":"1067","layer":"-1","maxspeed":"115","name":"Jalur Kereta Api Jakarta Kota–Cikampek","railway":"rail","tunnel":"yes","usage":"main","wikidata":"Q19726782","wikipedia":"id:Jalur kereta api Jakarta Kota–Cikampek"},"id":"way/1330805136"},{"type":"Feature","geometry":{"type":"LineString","coordinates":[[106.923636,-6.215728],[106.923734,-6.215734]]},"properties":{"@id":"way/1330805137","electrified":"contact_line","frequency":"0","gauge":"1067","maxspeed":"115","name":"Jalur Kereta Api Jakarta Kota–Cikampek","railway":"rail","usage":"main","voltage":"1500","wikidata":"Q19726782","wikipedia":"id:Jalur kereta api Jakarta Kota–Cikampek"},"id":"way/1330805137"},{"type":"Feature","geometry":{"type":"LineString","coordinates":[[106.923734,-6.215734],[106.923969,-6.215749]]},"properties":{"@id":"way/1330805138","electrified":"contact_line","frequency":"0","gauge":"1067","layer":"-1","maxspeed":"115","name":"Jalur Kereta Api Jakarta Kota–Cikampek","railway":"rail","tunnel":"yes","usage":"main","voltage":"1500","wikidata":"Q19726782","wikipedia":"id:Jalur kereta api Jakarta Kota–Cikampek"},"id":"way/1330805138"},{"type":"Feature","geometry":{"type":"LineString","coordinates":[[106.938937,-6.217356],[106.945342,-6.218108]]},"properties":{"@id":"way/1330805139","electrified":"no","gauge":"1067","maxspeed":"115","name":"Jalur Kereta Api Jakarta Kota–Cikampek","railway":"rail","usage":"main","wikidata":"Q19726782","wikipedia":"id:Jalur kereta api Jakarta Kota–Cikampek"},"id":"way/1330805139"},{"type":"Feature","geometry":{"type":"LineString","coordinates":[[106.938632,-6.21732],[106.938937,-6.217356]]},"properties":{"@id":"way/1330805140","electrified":"no","gauge":"1067","maxspeed":"115","name":"Jalur Kereta Api Jakarta Kota–Cikampek","railway":"rail","usage":"main","wikidata":"Q19726782","wikipedia":"id:Jalur kereta api Jakarta Kota–Cikampek"},"id":"way/1330805140"},{"type":"Feature","geometry":{"type":"LineString","coordinates":[[106.938919,-6.217384],[106.939936,-6.217505],[106.945338,-6.218147]]},"properties":{"@id":"way/1330805141","electrified":"no","gauge":"1067","maxspeed":"115","name":"Jalur Kereta Api Jakarta Kota–Cikampek","railway":"rail","usage":"main","wikidata":"Q19726782","wikipedia":"id:Jalur kereta api Jakarta Kota–Cikampek"},"id":"way/1330805141"},{"type":"Feature","geometry":{"type":"LineString","coordinates":[[106.938605,-6.217346],[106.938919,-6.217384]]},"properties":{"@id":"way/1330805142","electrified":"no","gauge":"1067","maxspeed":"115","name":"Jalur Kereta Api Jakarta Kota–Cikampek","railway":"rail","usage":"main","wikidata":"Q19726782","wikipedia":"id:Jalur kereta api Jakarta Kota–Cikampek"},"id":"way/1330805142"},{"type":"Feature","geometry":{"type":"LineString","coordinates":[[106.938806,-6.217444],[106.939262,-6.217489]]},"properties":{"@id":"way/1330805143","electrified":"contact_line","frequency":"0","gauge":"1067","maxspeed":"115","name":"Jalur Kereta Api Jakarta Kota–Cikampek","railway":"rail","usage":"main","voltage":"1500","wikidata":"Q19726782","wikipedia":"id:Jalur kereta api Jakarta Kota–Cikampek"},"id":"way/1330805143"},{"type":"Feature","geometry":{"type":"LineString","coordinates":[[106.938478,-6.217411],[106.938806,-6.217444]]},"properties":{"@id":"way/1330805144","electrified":"contact_line","frequency":"0","gauge":"1067","maxspeed":"115","name":"Jalur Kereta Api Jakarta Kota–Cikampek","railway":"rail","usage":"main","voltage":"1500","wikidata":"Q19726782","wikipedia":"id:Jalur kereta api Jakarta Kota–Cikampek"},"id":"way/1330805144"},{"type":"Feature","geometry":{"type":"LineString","coordinates":[[106.938709,-6.217497],[106.939253,-6.217579]]},"properties":{"@id":"way/1330805145","electrified":"contact_line","frequency":"0","gauge":"1067","maxspeed":"115","name":"Jalur Kereta Api Jakarta Kota–Cikampek","railway":"rail","usage":"main","voltage":"1500","wikidata":"Q19726782","wikipedia":"id:Jalur kereta api Jakarta Kota–Cikampek"},"id":"way/1330805145"},{"type":"Feature","geometry":{"type":"LineString","coordinates":[[106.938393,-6.217462],[106.938607,-6.217486],[106.938709,-6.217497]]},"properties":{"@id":"way/1330805146","electrified":"contact_line","frequency":"0","gauge":"1067","maxspeed":"115","name":"Jalur Kereta Api Jakarta Kota–Cikampek","railway":"rail","usage":"main","voltage":"1500","wikidata":"Q19726782","wikipedia":"id:Jalur kereta api Jakarta Kota–Cikampek"},"id":"way/1330805146"},{"type":"Feature","geometry":{"type":"LineString","coordinates":[[106.948306,-6.218641],[106.948689,-6.218713]]},"properties":{"@id":"way/1330805150","electrified":"contact_line","frequency":"0","gauge":"1067","maxspeed":"115","name":"Jalur Kereta Api Jakarta Kota–Cikampek","railway":"rail","source":"HOT_InAWARESurvey_2017","usage":"main","voltage":"1500","wikidata":"Q19726782","wikipedia":"id:Jalur kereta api Jakarta Kota–Cikampek"},"id":"way/1330805150"},{"type":"Feature","geometry":{"type":"LineString","coordinates":[[106.948502,-6.218644],[106.948706,-6.218679]]},"properties":{"@id":"way/1330805151","electrified":"contact_line","frequency":"0","gauge":"1067","maxspeed":"115","name":"Jalur Kereta Api Jakarta Kota–Cikampek","railway":"rail","source":"HOT_InAWARESurvey_2017","usage":"main","voltage":"1500","wikidata":"Q19726782","wikipedia":"id:Jalur kereta api Jakarta Kota–Cikampek"},"id":"way/1330805151"},{"type":"Feature","geometry":{"type":"LineString","coordinates":[[106.948343,-6.218618],[106.948502,-6.218644]]},"properties":{"@id":"way/1330805152","electrified":"contact_line","frequency":"0","gauge":"1067","maxspeed":"115","name":"Jalur Kereta Api Jakarta Kota–Cikampek","railway":"rail","source":"HOT_InAWARESurvey_2017","usage":"main","voltage":"1500","wikidata":"Q19726782","wikipedia":"id:Jalur kereta api Jakarta Kota–Cikampek"},"id":"way/1330805152"},{"type":"Feature","geometry":{"type":"LineString","coordinates":[[106.948553,-6.218594],[106.948701,-6.218613]]},"properties":{"@id":"way/1330805153","electrified":"no","gauge":"1067","maxspeed":"115","name":"Jalur Kereta Api Jakarta Kota–Cikampek","railway":"rail","usage":"main","wikidata":"Q19726782","wikipedia":"id:Jalur kereta api Jakarta Kota–Cikampek"},"id":"way/1330805153"},{"type":"Feature","geometry":{"type":"LineString","coordinates":[[106.948401,-6.218564],[106.948553,-6.218594]]},"properties":{"@id":"way/1330805154","electrified":"no","gauge":"1067","maxspeed":"115","name":"Jalur Kereta Api Jakarta Kota–Cikampek","railway":"rail","usage":"main","wikidata":"Q19726782","wikipedia":"id:Jalur kereta api Jakarta Kota–Cikampek"},"id":"way/1330805154"},{"type":"Feature","geometry":{"type":"LineString","coordinates":[[106.948462,-6.218525],[106.948717,-6.218578]]},"properties":{"@id":"way/1330805155","electrified":"no","gauge":"1067","maxspeed":"115","name":"Jalur Kereta Api Jakarta Kota–Cikampek","railway":"rail","usage":"main","wikidata":"Q19726782","wikipedia":"id:Jalur kereta api Jakarta Kota–Cikampek"},"id":"way/1330805155"},{"type":"Feature","geometry":{"type":"LineString","coordinates":[[106.818875,-6.136533],[106.819163,-6.136465],[106.819622,-6.136371],[106.819841,-6.136342],[106.820149,-6.136333],[106.820408,-6.136364],[106.820674,-6.13644],[106.820932,-6.136557],[106.821231,-6.136734],[106.821356,-6.136844]]},"properties":{"@id":"way/1330836984","bridge":"yes","electrified":"contact_line","frequency":"0","gauge":"1067","layer":"1","maxspeed":"90","name":"Jalur Kereta Api Jakarta Kota–Bogor","railway":"rail","usage":"main","voltage":"1500","wikidata":"Q12487135","wikipedia":"id: Jalur kereta api Jakarta Kota–Bogor–Padalarang"},"id":"way/1330836984"},{"type":"Feature","geometry":{"type":"LineString","coordinates":[[106.825624,-6.20291],[106.824985,-6.20276],[106.824342,-6.202605]]},"properties":{"@id":"way/1330926132","electrified":"contact_line","frequency":"0","gauge":"1067","maxspeed":"60","name":"Jalur Kereta Api Tanah Abang–Manggarai","railway":"rail","railway:track_ref":"1","usage":"main","voltage":"1500","wikidata":"Q19726698","wikipedia":"id:Jalur kereta api lintas Jakarta"},"id":"way/1330926132"},{"type":"Feature","geometry":{"type":"LineString","coordinates":[[106.825616,-6.202944],[106.824978,-6.202792],[106.824335,-6.202636]]},"properties":{"@id":"way/1330926133","electrified":"contact_line","frequency":"0","gauge":"1067","maxspeed":"60","name":"Jalur Kereta Api Tanah Abang–Manggarai","railway":"rail","railway:track_ref":"2","usage":"main","voltage":"1500","wikidata":"Q19726698","wikipedia":"id:Jalur kereta api lintas Jakarta"},"id":"way/1330926133"},{"type":"Feature","geometry":{"type":"LineString","coordinates":[[106.82574,-6.202937],[106.825624,-6.20291]]},"properties":{"@id":"way/1330926134","covered":"yes","electrified":"contact_line","frequency":"0","gauge":"1067","maxspeed":"60","name":"Jalur Kereta Api Tanah Abang–Manggarai","railway":"rail","usage":"main","voltage":"1500","wikidata":"Q19726698","wikipedia":"id:Jalur kereta api lintas Jakarta"},"id":"way/1330926134"},{"type":"Feature","geometry":{"type":"LineString","coordinates":[[106.825732,-6.20297],[106.825616,-6.202944]]},"properties":{"@id":"way/1330926135","covered":"yes","electrified":"contact_line","frequency":"0","gauge":"1067","maxspeed":"60","name":"Jalur Kereta Api Tanah Abang–Manggarai","railway":"rail","usage":"main","voltage":"1500","wikidata":"Q19726698","wikipedia":"id:Jalur kereta api lintas Jakarta"},"id":"way/1330926135"},{"type":"Feature","geometry":{"type":"LineString","coordinates":[[106.875379,-6.24793],[106.875608,-6.248176],[106.875692,-6.248294],[106.875749,-6.248405],[106.875785,-6.248547],[106.875799,-6.248651],[106.875794,-6.248764],[106.875775,-6.248878],[106.875742,-6.248984],[106.87568,-6.249116],[106.875621,-6.249209],[106.875418,-6.24947],[106.875242,-6.249658],[106.875052,-6.249831],[106.874633,-6.250228],[106.874303,-6.250556],[106.873789,-6.25104],[106.873427,-6.25139],[106.873153,-6.251671],[106.873006,-6.251885],[106.872852,-6.252127],[106.872626,-6.252539],[106.872524,-6.252803],[106.871715,-6.254885],[106.871655,-6.255075],[106.871631,-6.25528],[106.871633,-6.255447],[106.871663,-6.255599],[106.871731,-6.255779],[106.871815,-6.255928],[106.871864,-6.255995],[106.871983,-6.256129],[106.87277,-6.25672],[106.872919,-6.256892],[106.873029,-6.257049],[106.873084,-6.257188],[106.873126,-6.257338],[106.873386,-6.25874],[106.873443,-6.259118],[106.873461,-6.259588],[106.873462,-6.259937],[106.873229,-6.263748],[106.873199,-6.264275],[106.873234,-6.264674],[106.873357,-6.265579],[106.873409,-6.266167],[106.873414,-6.266723],[106.873379,-6.267075],[106.873054,-6.268903],[106.87299,-6.269544],[106.872964,-6.270165],[106.872967,-6.270743],[106.87298,-6.271269]]},"properties":{"@id":"way/1332161173","bridge":"yes","electrified":"rail","frequency":"0","gauge":"1435","layer":"3","maxspeed":"80","name":"LRT Jabodebek","name:en":"Jabodebek LRT","network:wikidata":"Q20427104","opening_date":"2023-07-12","operator":"PT Kereta Api Indonesia (Persero), Divisi LRT Jabodebek","railway":"light_rail","usage":"main","voltage":"750","website":"https://adhi.co.id/projects/lrt-jabodebek/","wikidata":"Q20427104","wikipedia":"id:LRT Jabodebek"},"id":"way/1332161173"},{"type":"Feature","geometry":{"type":"LineString","coordinates":[[106.873022,-6.271269],[106.873006,-6.270735],[106.873005,-6.270166],[106.873031,-6.269548],[106.873087,-6.268918],[106.873422,-6.267092],[106.873463,-6.266723],[106.873462,-6.266176],[106.873388,-6.265568],[106.873276,-6.264672],[106.873246,-6.264263],[106.873272,-6.263752],[106.873507,-6.259931],[106.873513,-6.259594],[106.873499,-6.259117],[106.873441,-6.258739],[106.873174,-6.257351],[106.873132,-6.257175],[106.873075,-6.25703],[106.872954,-6.256873],[106.872808,-6.256709],[106.872021,-6.256122],[106.871946,-6.256033],[106.871847,-6.255889],[106.871772,-6.255751],[106.871706,-6.255588],[106.871681,-6.255425],[106.871678,-6.255281],[106.871697,-6.255087],[106.871756,-6.254898],[106.872558,-6.252844],[106.87267,-6.252549],[106.872889,-6.252148],[106.873043,-6.251902],[106.873169,-6.251725],[106.873451,-6.251411],[106.873816,-6.251062],[106.874324,-6.250579],[106.874652,-6.250262],[106.875004,-6.249931],[106.875283,-6.249674],[106.875461,-6.249485],[106.875665,-6.249228],[106.87572,-6.249127],[106.875782,-6.249003],[106.875819,-6.248884],[106.875837,-6.248768],[106.875835,-6.248648],[106.875824,-6.248538],[106.875788,-6.248406],[106.875732,-6.248297],[106.875652,-6.248157],[106.875402,-6.247915]]},"properties":{"@id":"way/1332161174","bridge":"yes","electrified":"rail","frequency":"0","gauge":"1435","layer":"3","maxspeed":"80","name":"LRT Jabodebek","name:en":"Jabodebek LRT","network:wikidata":"Q20427104","opening_date":"2023-07-12","operator":"PT Kereta Api Indonesia (Persero), Divisi LRT Jabodebek","railway":"light_rail","usage":"main","voltage":"750","website":"https://adhi.co.id/projects/lrt-jabodebek/","wikidata":"Q20427104","wikipedia":"id:LRT Jabodebek"},"id":"way/1332161174"},{"type":"Feature","geometry":{"type":"LineString","coordinates":[[106.87298,-6.271269],[106.873013,-6.272057],[106.873068,-6.272914],[106.873077,-6.27325],[106.873112,-6.273524],[106.873161,-6.273769],[106.873304,-6.274416],[106.873671,-6.276022],[106.873859,-6.276639],[106.874102,-6.277346]]},"properties":{"@id":"way/1332161175","electrified":"rail","frequency":"0","gauge":"1435","maxspeed":"80","name":"LRT Jabodebek","name:en":"Jabodebek LRT","network:wikidata":"Q20427104","opening_date":"2023-07-12","operator":"PT Kereta Api Indonesia (Persero), Divisi LRT Jabodebek","railway":"light_rail","usage":"main","voltage":"750","website":"https://adhi.co.id/projects/lrt-jabodebek/","wikidata":"Q20427104","wikipedia":"id:LRT Jabodebek"},"id":"way/1332161175"},{"type":"Feature","geometry":{"type":"LineString","coordinates":[[106.874153,-6.27735],[106.873695,-6.275963],[106.873342,-6.274411],[106.873198,-6.273763],[106.873149,-6.273524],[106.873117,-6.273244],[106.873107,-6.272912],[106.873045,-6.272051],[106.873022,-6.271269]]},"properties":{"@id":"way/1332161176","electrified":"rail","frequency":"0","gauge":"1435","maxspeed":"80","name":"LRT Jabodebek","name:en":"Jabodebek LRT","network:wikidata":"Q20427104","opening_date":"2023-07-12","operator":"PT Kereta Api Indonesia (Persero), Divisi LRT Jabodebek","railway":"light_rail","usage":"main","voltage":"750","website":"https://adhi.co.id/projects/lrt-jabodebek/","wikidata":"Q20427104","wikipedia":"id:LRT Jabodebek"},"id":"way/1332161176"},{"type":"Feature","geometry":{"type":"LineString","coordinates":[[106.72398,-6.162549],[106.722781,-6.162756],[106.721386,-6.162995]]},"properties":{"@id":"way/1346519451","electrified":"contact_line","frequency":"0","gauge":"1067","maxspeed":"90","name":"Jalur Kereta Api Duri–Tangerang","railway":"rail","railway:track_ref":"2","usage":"main","voltage":"1500","wikidata":"Q12487146","wikipedia":"en:Duri–Tangerang railway"},"id":"way/1346519451"},{"type":"Feature","geometry":{"type":"LineString","coordinates":[[106.724723,-6.162458],[106.722786,-6.162787],[106.721,-6.163091]]},"properties":{"@id":"way/1346519452","electrified":"contact_line","frequency":"0","gauge":"1067","maxspeed":"90","name":"Jalur Kereta Api Duri–Tangerang","railway":"rail","railway:track_ref":"1","usage":"main","voltage":"1500","wikidata":"Q12487146","wikipedia":"en:Duri–Tangerang railway"},"id":"way/1346519452"},{"type":"Feature","geometry":{"type":"LineString","coordinates":[[106.721386,-6.162995],[106.720875,-6.163074]]},"properties":{"@id":"way/1346519453","electrified":"contact_line","frequency":"0","gauge":"1067","maxspeed":"90","name":"Jalur Kereta Api Duri–Tangerang","railway":"rail","railway:track_ref":"2","usage":"main","voltage":"1500","wikidata":"Q12487146","wikipedia":"en:Duri–Tangerang railway"},"id":"way/1346519453"},{"type":"Feature","geometry":{"type":"LineString","coordinates":[[106.721,-6.163091],[106.720882,-6.163108]]},"properties":{"@id":"way/1346519454","electrified":"contact_line","frequency":"0","gauge":"1067","maxspeed":"90","name":"Jalur Kereta Api Duri–Tangerang","railway":"rail","usage":"main","voltage":"1500","wikidata":"Q12487146","wikipedia":"en:Duri–Tangerang railway"},"id":"way/1346519454"},{"type":"Feature","geometry":{"type":"LineString","coordinates":[[106.659098,-6.14622],[106.65865,-6.14571],[106.658267,-6.145358],[106.657798,-6.14503],[106.657474,-6.144847],[106.656987,-6.144605],[106.654743,-6.14356],[106.653799,-6.143097],[106.65342,-6.142942],[106.653048,-6.142812],[106.652699,-6.142735]]},"properties":{"@id":"way/1346627748","electrified":"contact_line","embankment":"yes","frequency":"0","gauge":"1067","maxspeed":"90","name":"Jalur Kereta Api Bandara Soekarno-Hatta","oneway":"yes","railway":"rail","source":"digitalglobe","usage":"branch","voltage":"1500","wikidata":"Q56392844","wikipedia":"id:Jalur kereta api Batu Ceper–Bandara Soekarno-Hatta"},"id":"way/1346627748"},{"type":"Feature","geometry":{"type":"LineString","coordinates":[[106.65269,-6.142781],[106.653038,-6.142857],[106.653407,-6.142992],[106.653779,-6.143143],[106.656964,-6.144649],[106.657464,-6.144899],[106.657769,-6.145072],[106.658236,-6.145401],[106.658616,-6.145751],[106.659066,-6.146237]]},"properties":{"@id":"way/1346627749","electrified":"contact_line","embankment":"yes","frequency":"0","gauge":"1067","maxspeed":"90","name":"Jalur Kereta Api Bandara Soekarno-Hatta","oneway":"yes","railway":"rail","source":"digitalglobe","usage":"branch","voltage":"1500","wikidata":"Q56392844","wikipedia":"id:Jalur kereta api Batu Ceper–Bandara Soekarno-Hatta"},"id":"way/1346627749"},{"type":"Feature","geometry":{"type":"LineString","coordinates":[[106.633646,-6.176975],[106.634007,-6.176985],[106.634392,-6.176987],[106.63467,-6.176985],[106.635109,-6.176957]]},"properties":{"@id":"way/1346831899","electrified":"contact_line","frequency":"0","gauge":"1067","maxspeed":"75","name":"Jalur Kereta Api Duri–Tangerang","railway":"rail","usage":"main","voltage":"1500","wikidata":"Q12487146","wikipedia":"en:Duri–Tangerang railway"},"id":"way/1346831899"},{"type":"Feature","geometry":{"type":"LineString","coordinates":[[106.847976,-6.207893],[106.84822,-6.208237],[106.8485,-6.208672]]},"properties":{"@id":"way/1347897264","bridge":"yes","electrified":"contact_line","frequency":"0","gauge":"1067","layer":"2","level":"3","maxspeed":"60","name":"Jalur Kereta Api Jakarta Kota–Bogor","railway":"rail","usage":"main","voltage":"1500","wikidata":"Q12487135","wikipedia":"id:Jalur kereta api Jakarta Kota–Bogor–Padalarang"},"id":"way/1347897264"},{"type":"Feature","geometry":{"type":"LineString","coordinates":[[106.848283,-6.20808],[106.848393,-6.208217],[106.848488,-6.208331]]},"properties":{"@id":"way/1347897265","electrified":"contact_line","frequency":"0","gauge":"1067","name":"Jalur Kereta Api Tanah Abang–Manggarai","railway":"rail","usage":"main","voltage":"1500","wikidata":"Q19726698","wikipedia":"id:Jalur kereta api lintas Jakarta"},"id":"way/1347897265"},{"type":"Feature","geometry":{"type":"LineString","coordinates":[[106.844965,-6.175189],[106.844991,-6.175257]]},"properties":{"@id":"way/1347897266","electrified":"contact_line","frequency":"0","gauge":"1067","maxspeed":"30","name":"Jalur Kereta Api Jakarta Kota–Cikampek","railway":"rail","usage":"main","voltage":"1500","wikidata":"Q19726782","wikipedia":"id:Jalur kereta api Jakarta Kota–Cikampek"},"id":"way/1347897266"},{"type":"Feature","geometry":{"type":"LineString","coordinates":[[106.844991,-6.175257],[106.845098,-6.175543]]},"properties":{"@id":"way/1347897267","bridge":"yes","electrified":"contact_line","frequency":"0","gauge":"1067","layer":"1","maxspeed":"30","name":"Jalur Kereta Api Jakarta Kota–Cikampek","railway":"rail","usage":"main","voltage":"1500","wikidata":"Q19726782","wikipedia":"id:Jalur kereta api Jakarta Kota–Cikampek"},"id":"way/1347897267"},{"type":"Feature","geometry":{"type":"LineString","coordinates":[[106.84486,-6.175426],[106.844787,-6.175271]]},"properties":{"@id":"way/1347897271","electrified":"contact_line","frequency":"0","gauge":"1067","maxspeed":"30","name":"Jalur Kereta Api Jakarta Kota–Cikampek","railway":"rail","usage":"main","voltage":"1500","wikidata":"Q19726782","wikipedia":"id:Jalur kereta api Jakarta Kota–Cikampek"},"id":"way/1347897271"},{"type":"Feature","geometry":{"type":"LineString","coordinates":[[106.844988,-6.1757],[106.84486,-6.175426]]},"properties":{"@id":"way/1347897274","bridge":"yes","electrified":"contact_line","frequency":"0","gauge":"1067","layer":"1","maxspeed":"30","name":"Jalur Kereta Api Jakarta Kota–Cikampek","railway":"rail","usage":"main","voltage":"1500","wikidata":"Q19726782","wikipedia":"id:Jalur kereta api Jakarta Kota–Cikampek"},"id":"way/1347897274"},{"type":"Feature","geometry":{"type":"LineString","coordinates":[[106.949294,-6.218699],[106.949795,-6.218748],[106.951632,-6.218913],[106.952198,-6.218974],[106.953959,-6.219198],[106.95638,-6.219499],[106.956888,-6.219552],[106.957596,-6.219614],[106.958179,-6.219684],[106.959074,-6.219785],[106.960615,-6.219978],[106.962682,-6.220237],[106.963519,-6.220339],[106.966661,-6.220712],[106.970461,-6.221155]]},"properties":{"@id":"way/1347901719","electrified":"no","gauge":"1067","maxspeed":"115","name":"Jalur Kereta Api Jakarta Kota–Cikampek","operator":"Kereta Api Indonesia","railway":"rail","usage":"main","wikidata":"Q19726782","wikipedia":"id:Jalur kereta api Jakarta Kota–Cikampek"},"id":"way/1347901719"},{"type":"Feature","geometry":{"type":"LineString","coordinates":[[106.970463,-6.221115],[106.969857,-6.221046],[106.966663,-6.220679],[106.963524,-6.2203],[106.962665,-6.220197],[106.959089,-6.219747],[106.958175,-6.219637],[106.957607,-6.219569],[106.956893,-6.219513],[106.956401,-6.219462],[106.953964,-6.219159],[106.952197,-6.218943],[106.951632,-6.218879],[106.949791,-6.21872],[106.94931,-6.218666]]},"properties":{"@id":"way/1354809096","electrified":"no","gauge":"1067","maxspeed":"115","name":"Jalur Kereta Api Jakarta Kota–Cikampek","operator":"Kereta Api Indonesia","railway":"rail","usage":"main","wikidata":"Q19726782","wikipedia":"id:Jalur kereta api Jakarta Kota–Cikampek"},"id":"way/1354809096"},{"type":"Feature","geometry":{"type":"LineString","coordinates":[[106.720651,-6.16311],[106.71955,-6.163275]]},"properties":{"@id":"way/1357694706","electrified":"contact_line","frequency":"0","gauge":"1067","maxspeed":"90","name":"Jalur Kereta Api Duri–Tangerang","railway":"rail","usage":"main","voltage":"1500","wikidata":"Q12487146","wikipedia":"en:Duri–Tangerang railway"},"id":"way/1357694706"},{"type":"Feature","geometry":{"type":"LineString","coordinates":[[106.725237,-6.16232],[106.72398,-6.162549]]},"properties":{"@id":"way/1357694707","electrified":"contact_line","frequency":"0","gauge":"1067","maxspeed":"90","name":"Jalur Kereta Api Duri–Tangerang","railway":"rail","usage":"main","voltage":"1500","wikidata":"Q12487146","wikipedia":"en:Duri–Tangerang railway"},"id":"way/1357694707"},{"type":"Feature","geometry":{"type":"LineString","coordinates":[[106.635109,-6.176957],[106.636025,-6.176862],[106.636303,-6.176822],[106.637721,-6.176593],[106.637975,-6.176551],[106.638056,-6.176539],[106.642118,-6.175904],[106.642207,-6.17589],[106.644397,-6.175552],[106.644523,-6.175532],[106.645731,-6.175333]]},"properties":{"@id":"way/1360980695","electrified":"contact_line","frequency":"0","gauge":"1067","maxspeed":"75","name":"Jalur Kereta Api Duri–Tangerang","railway":"rail","usage":"main","voltage":"1500","wikidata":"Q12487146","wikipedia":"en:Duri–Tangerang railway"},"id":"way/1360980695"},{"type":"Feature","geometry":{"type":"LineString","coordinates":[[106.645729,-6.175299],[106.64452,-6.175491],[106.644396,-6.175511],[106.642204,-6.17585],[106.642119,-6.175865],[106.638051,-6.176503],[106.63797,-6.176516],[106.637001,-6.176674],[106.636873,-6.176695],[106.636009,-6.176821],[106.634982,-6.176924],[106.634674,-6.17695],[106.634006,-6.176949],[106.633646,-6.176941]]},"properties":{"@id":"way/1360980696","electrified":"contact_line","frequency":"0","gauge":"1067","maxspeed":"75","name":"Jalur Kereta Api Duri–Tangerang","railway":"rail","usage":"main","voltage":"1500","wikidata":"Q12487146","wikipedia":"en:Duri–Tangerang railway"},"id":"way/1360980696"},{"type":"Feature","geometry":{"type":"LineString","coordinates":[[106.647853,-6.174965],[106.645729,-6.175299]]},"properties":{"@id":"way/1360980697","electrified":"contact_line","frequency":"0","gauge":"1067","maxspeed":"75","name":"Jalur Kereta Api Duri–Tangerang","railway":"rail","railway:track_ref":"1","usage":"main","voltage":"1500","wikidata":"Q12487146","wikipedia":"en:Duri–Tangerang railway"},"id":"way/1360980697"},{"type":"Feature","geometry":{"type":"LineString","coordinates":[[106.645731,-6.175333],[106.646308,-6.175241],[106.647857,-6.174997]]},"properties":{"@id":"way/1360980698","electrified":"contact_line","frequency":"0","gauge":"1067","maxspeed":"75","name":"Jalur Kereta Api Duri–Tangerang","railway":"rail","railway:track_ref":"1","usage":"main","voltage":"1500","wikidata":"Q12487146","wikipedia":"en:Duri–Tangerang railway"},"id":"way/1360980698"},{"type":"Feature","geometry":{"type":"LineString","coordinates":[[106.825525,-6.204851],[106.826366,-6.205027],[106.82684,-6.205126],[106.827174,-6.205191],[106.827389,-6.205226],[106.827794,-6.205282],[106.827923,-6.205306],[106.828045,-6.205341],[106.82816,-6.205387],[106.828274,-6.205452],[106.828367,-6.205528],[106.828446,-6.205614],[106.828534,-6.20575],[106.828604,-6.205889],[106.828665,-6.206023],[106.82873,-6.20614],[106.828846,-6.206305],[106.828986,-6.206472],[106.829118,-6.206616],[106.829215,-6.20674],[106.829321,-6.20692],[106.829522,-6.207332],[106.829687,-6.207693],[106.829813,-6.207999],[106.829916,-6.208278],[106.830015,-6.208574],[106.830079,-6.208796],[106.830138,-6.20904],[106.830205,-6.209348],[106.830269,-6.209703],[106.830309,-6.209976],[106.830361,-6.210485],[106.830401,-6.211021],[106.830417,-6.211292],[106.830423,-6.211835],[106.830404,-6.212684],[106.830412,-6.212955],[106.83043,-6.21323],[106.830674,-6.21618],[106.830701,-6.216442],[106.83075,-6.216733],[106.83084,-6.217177],[106.831038,-6.218067],[106.831202,-6.218647],[106.831474,-6.219496],[106.831617,-6.219835],[106.831907,-6.220487],[106.83198,-6.220661],[106.832032,-6.220873],[106.832056,-6.220988],[106.83222,-6.221645],[106.832531,-6.222886],[106.832751,-6.223644],[106.832805,-6.22386],[106.832843,-6.224056],[106.832868,-6.224236],[106.832886,-6.224444],[106.832974,-6.225729],[106.832995,-6.226027],[106.833182,-6.228787],[106.833225,-6.229349],[106.833227,-6.229665],[106.833214,-6.229855],[106.833192,-6.230042],[106.833157,-6.23022],[106.8331,-6.230416],[106.832956,-6.230915],[106.832884,-6.231129],[106.832828,-6.231284],[106.832768,-6.231439],[106.832688,-6.231597],[106.832526,-6.231928],[106.832457,-6.232055],[106.832377,-6.232187],[106.832284,-6.232332],[106.832168,-6.232493],[106.831999,-6.232694],[106.831824,-6.232903],[106.831647,-6.233099],[106.831481,-6.23327],[106.831182,-6.233532],[106.83086,-6.233767],[106.830592,-6.233945],[106.830269,-6.234124],[106.829254,-6.234585],[106.82899,-6.234719],[106.828865,-6.234795],[106.828758,-6.234865],[106.828619,-6.23497],[106.828505,-6.235063],[106.828417,-6.235143],[106.8282,-6.235363],[106.828043,-6.235539],[106.827917,-6.2357],[106.827825,-6.235834]]},"properties":{"@id":"way/1361642970","bridge":"yes","electrified":"yes","frequency":"0","gauge":"1435","layer":"3","maxspeed":"80","name":"LRT Jabodebek","network:wikidata":"Q20427104","opening_date":"2023-07-12","operator":"PT Kereta Api Indonesia (Persero), Divisi LRT Jabodebek","railway":"light_rail","usage":"main","voltage":"750","website":"https://adhi.co.id/projects/lrt-jabodebek/","wikidata":"Q20427104","wikipedia":"id:LRT Jabodebek"},"id":"way/1361642970"},{"type":"Feature","geometry":{"type":"LineString","coordinates":[[106.827865,-6.23586],[106.827955,-6.235728],[106.828079,-6.235569],[106.828234,-6.235396],[106.82845,-6.235177],[106.828536,-6.235099],[106.828649,-6.235007],[106.828785,-6.234904],[106.82889,-6.234835],[106.829014,-6.23476],[106.829274,-6.234628],[106.83029,-6.234167],[106.830617,-6.233986],[106.830887,-6.233806],[106.831211,-6.233569],[106.831514,-6.233304],[106.831682,-6.233132],[106.83186,-6.232934],[106.832036,-6.232723],[106.832193,-6.232511],[106.832314,-6.232347],[106.832405,-6.232206],[106.83249,-6.232072],[106.832567,-6.23194],[106.832716,-6.2316],[106.832791,-6.231451],[106.83286,-6.231294],[106.832914,-6.231136],[106.832986,-6.230922],[106.83314,-6.230424],[106.833195,-6.230223],[106.833228,-6.230043],[106.833253,-6.229856],[106.833271,-6.229663],[106.83326,-6.229338],[106.833223,-6.228782],[106.833036,-6.226066],[106.833011,-6.225733],[106.832918,-6.224442],[106.832903,-6.224232],[106.832877,-6.224043],[106.832836,-6.223854],[106.832786,-6.22363],[106.832492,-6.222534],[106.832265,-6.221629],[106.832102,-6.220976],[106.832072,-6.220863],[106.832013,-6.220646],[106.831936,-6.220464],[106.831642,-6.21981],[106.831505,-6.219484],[106.831215,-6.218584],[106.831075,-6.218052],[106.830878,-6.217141],[106.830802,-6.216727],[106.83075,-6.216445],[106.830722,-6.216174],[106.830477,-6.213227],[106.83046,-6.212952],[106.830452,-6.212684],[106.830471,-6.211835],[106.830465,-6.211291],[106.830449,-6.211018],[106.830408,-6.210481],[106.830356,-6.209971],[106.830316,-6.209695],[106.830251,-6.209339],[106.830185,-6.209029],[106.830125,-6.208784],[106.830061,-6.20856],[106.829961,-6.208263],[106.829858,-6.207981],[106.82973,-6.207674],[106.829565,-6.207312],[106.829363,-6.206898],[106.829255,-6.206714],[106.829154,-6.206585],[106.829022,-6.206441],[106.828883,-6.206277],[106.82877,-6.206115],[106.828707,-6.206002],[106.828647,-6.205869],[106.828575,-6.205727],[106.828484,-6.205585],[106.8284,-6.205494],[106.828301,-6.205413],[106.828181,-6.205344],[106.828061,-6.205296],[106.827934,-6.20526],[106.827801,-6.205235],[106.827396,-6.205179],[106.827182,-6.205144],[106.82685,-6.20508],[106.826757,-6.20506],[106.825536,-6.204805]]},"properties":{"@id":"way/1361642971","bridge":"yes","electrified":"yes","frequency":"0","gauge":"1435","layer":"3","maxspeed":"80","name":"LRT Jabodebek","name:en":"Jabodebek LRT","network:wikidata":"Q20427104","opening_date":"2023-07-12","operator":"PT Kereta Api Indonesia (Persero), Divisi LRT Jabodebek","railway":"light_rail","usage":"main","voltage":"750","website":"https://adhi.co.id/projects/lrt-jabodebek/","wikidata":"Q20427104","wikipedia":"id:LRT Jabodebek"},"id":"way/1361642971"},{"type":"Feature","geometry":{"type":"LineString","coordinates":[[106.827974,-6.237742],[106.827847,-6.237657],[106.827747,-6.237577],[106.827657,-6.237481],[106.827587,-6.237382],[106.827529,-6.237282],[106.827481,-6.237164],[106.827449,-6.237055],[106.827428,-6.236914],[106.827428,-6.236811],[106.82744,-6.236683],[106.827471,-6.236561],[106.827513,-6.236447],[106.827562,-6.236343]]},"properties":{"@id":"way/1361642972","bridge":"yes","electrified":"yes","frequency":"0","gauge":"1435","layer":"3","maxspeed":"30","name":"LRT Jabodebek","name:en":"Jabodebek LRT","network:wikidata":"Q20427104","opening_date":"2023-07-12","operator":"PT Kereta Api Indonesia (Persero), Divisi LRT Jabodebek","railway":"light_rail","usage":"main","voltage":"750","website":"https://adhi.co.id/projects/lrt-jabodebek/","wikidata":"Q20427104","wikipedia":"id:LRT Jabodebek"},"id":"way/1361642972"},{"type":"Feature","geometry":{"type":"LineString","coordinates":[[106.827948,-6.237781],[106.827819,-6.237695],[106.827714,-6.237612],[106.82762,-6.237511],[106.827546,-6.237407],[106.827486,-6.237303],[106.827436,-6.237179],[106.827403,-6.237065],[106.82738,-6.236918],[106.82738,-6.236809],[106.827393,-6.236675],[106.827426,-6.236548],[106.827469,-6.236429],[106.827518,-6.236324]]},"properties":{"@id":"way/1361642973","bridge":"yes","electrified":"yes","frequency":"0","gauge":"1435","layer":"3","maxspeed":"30","name":"LRT Jabodebek","network:wikidata":"Q20427104","opening_date":"2023-07-12","operator":"PT Kereta Api Indonesia (Persero), Divisi LRT Jabodebek","railway":"light_rail","usage":"main","voltage":"750","website":"https://adhi.co.id/projects/lrt-jabodebek/","wikidata":"Q20427104","wikipedia":"id:LRT Jabodebek"},"id":"way/1361642973"},{"type":"Feature","geometry":{"type":"LineString","coordinates":[[106.842041,-6.163344],[106.842023,-6.163282]]},"properties":{"@id":"way/1362794228","electrified":"contact_line","frequency":"0","gauge":"1067","maxspeed":"70","name":"Jalur Kereta Api Jakarta Kota–Cikampek","railway":"rail","usage":"main","voltage":"1500","wikidata":"Q19726782","wikipedia":"id:Jalur kereta api Jakarta Kota–Cikampek"},"id":"way/1362794228"},{"type":"Feature","geometry":{"type":"LineString","coordinates":[[106.843546,-6.171804],[106.843406,-6.171382],[106.843395,-6.17135]]},"properties":{"@id":"way/1362794229","electrified":"contact_line","frequency":"0","gauge":"1067","maxspeed":"30","name":"Jalur Kereta Api Jakarta Kota–Cikampek","railway":"rail","usage":"main","voltage":"1500","wikidata":"Q19726782","wikipedia":"id:Jalur kereta api Jakarta Kota–Cikampek"},"id":"way/1362794229"},{"type":"Feature","geometry":{"type":"LineString","coordinates":[[106.865934,-6.21359],[106.866312,-6.213934]]},"properties":{"@id":"way/1362794231","electrified":"contact_line","frequency":"0","gauge":"1067","maxspeed":"70","name":"Jalur Kereta Api Jakarta Kota–Cikampek","railway":"rail","usage":"main","voltage":"1500","wikidata":"Q19726782","wikipedia":"id:Jalur kereta api Jakarta Kota–Cikampek"},"id":"way/1362794231"},{"type":"Feature","geometry":{"type":"LineString","coordinates":[[106.873528,-6.117175],[106.873828,-6.116938],[106.87542,-6.115715],[106.875615,-6.115561],[106.876672,-6.114747],[106.877235,-6.114265],[106.877853,-6.113796],[106.878293,-6.113461],[106.878427,-6.113352],[106.881376,-6.111052],[106.881505,-6.110951]]},"properties":{"@id":"way/1362794232","electrified":"contact_line","frequency":"0","gauge":"1067","maxspeed":"40","name":"Jalur Kereta Api Tanjung Priuk–Kemayoran","railway":"rail","usage":"main","voltage":"1500","wikidata":"Q19726698","wikipedia":"id:Jalur kereta api lintas Jakarta"},"id":"way/1362794232"},{"type":"Feature","geometry":{"type":"LineString","coordinates":[[106.881649,-6.11074],[106.881571,-6.110801],[106.881342,-6.110979],[106.878249,-6.113383],[106.877781,-6.113746],[106.877252,-6.114166],[106.876664,-6.114711],[106.875907,-6.115297],[106.875388,-6.115688],[106.875116,-6.115899],[106.874579,-6.116312],[106.8738,-6.116911],[106.873729,-6.116965]]},"properties":{"@id":"way/1362794233","electrified":"contact_line","frequency":"0","gauge":"1067","maxspeed":"40","name":"Jalur Kereta Api Tanjung Priuk–Kemayoran","railway":"rail","usage":"main","voltage":"1500","wikidata":"Q19726698","wikipedia":"id:Jalur kereta api lintas Jakarta"},"id":"way/1362794233"},{"type":"Feature","geometry":{"type":"LineString","coordinates":[[106.875402,-6.247915],[106.87456,-6.247212],[106.873929,-6.246663],[106.87389,-6.24663],[106.873831,-6.246592],[106.873762,-6.24656],[106.87368,-6.24653],[106.873598,-6.246504],[106.873314,-6.246428],[106.872906,-6.246333]]},"properties":{"@id":"way/1364419051","bridge":"yes","electrified":"rail","frequency":"0","gauge":"1435","layer":"3","maxspeed":"80","name":"LRT Jabodebek","name:en":"Jabodebek LRT","network:wikidata":"Q20427104","opening_date":"2023-07-12","operator":"PT Kereta Api Indonesia (Persero), Divisi LRT Jabodebek","railway":"light_rail","usage":"main","voltage":"750","website":"https://adhi.co.id/projects/lrt-jabodebek/","wikidata":"Q20427104","wikipedia":"id:LRT Jabodebek"},"id":"way/1364419051"},{"type":"Feature","geometry":{"type":"LineString","coordinates":[[106.875379,-6.24793],[106.87454,-6.247244],[106.873887,-6.246684],[106.873815,-6.246642],[106.873739,-6.246607],[106.873672,-6.246575],[106.87358,-6.24654],[106.873312,-6.246461],[106.872961,-6.246379],[106.872859,-6.246353]]},"properties":{"@id":"way/1364419052","bridge":"yes","electrified":"rail","frequency":"0","gauge":"1435","layer":"3","maxspeed":"80","name":"LRT Jabodebek","network:wikidata":"Q20427104","opening_date":"2023-07-12","operator":"PT Kereta Api Indonesia (Persero), Divisi LRT Jabodebek","railway":"light_rail","usage":"main","voltage":"750","website":"https://adhi.co.id/projects/lrt-jabodebek/","wikidata":"Q20427104","wikipedia":"id:LRT Jabodebek"},"id":"way/1364419052"},{"type":"Feature","geometry":{"type":"LineString","coordinates":[[106.872906,-6.246333],[106.871986,-6.246091],[106.871234,-6.245889],[106.870594,-6.245711],[106.870411,-6.245658],[106.8703,-6.245625],[106.870119,-6.245563],[106.869969,-6.245507],[106.869784,-6.245431]]},"properties":{"@id":"way/1364419053","bridge":"yes","electrified":"yes","frequency":"0","gauge":"1435","layer":"3","maxspeed":"80","name":"LRT Jabodebek","name:en":"Jabodebek LRT","network:wikidata":"Q20427104","opening_date":"2023-07-12","operator":"PT Kereta Api Indonesia (Persero), Divisi LRT Jabodebek","railway":"light_rail","railway:track_ref":"1","usage":"main","voltage":"750","website":"https://adhi.co.id/projects/lrt-jabodebek/","wikidata":"Q20427104","wikipedia":"id:LRT Jabodebek"},"id":"way/1364419053"},{"type":"Feature","geometry":{"type":"LineString","coordinates":[[106.872859,-6.246353],[106.872376,-6.246222],[106.871224,-6.245926],[106.870751,-6.245796],[106.870532,-6.245735],[106.870378,-6.245686],[106.870156,-6.245611],[106.870034,-6.245567],[106.869771,-6.245461]]},"properties":{"@id":"way/1364419054","bridge":"yes","electrified":"yes","frequency":"0","gauge":"1435","layer":"3","maxspeed":"80","name":"LRT Jabodebek","network:wikidata":"Q20427104","opening_date":"2023-07-12","operator":"PT Kereta Api Indonesia (Persero), Divisi LRT Jabodebek","railway":"light_rail","railway:track_ref":"2","usage":"main","voltage":"750","website":"https://adhi.co.id/projects/lrt-jabodebek/","wikidata":"Q20427104","wikipedia":"id:LRT Jabodebek"},"id":"way/1364419054"},{"type":"Feature","geometry":{"type":"LineString","coordinates":[[106.648468,-6.128856],[106.647547,-6.129214]]},"properties":{"@id":"way/1366733705","electrified":"contact_line","frequency":"0","gauge":"1067","maxspeed":"90","name":"Jalur Kereta Api Bandara Soekarno-Hatta","oneway":"yes","railway":"rail","usage":"branch","voltage":"1500","wikidata":"Q56392844","wikipedia":"id:Jalur kereta api Batu Ceper–Bandara Soekarno-Hatta"},"id":"way/1366733705"},{"type":"Feature","geometry":{"type":"LineString","coordinates":[[106.645232,-6.130216],[106.646249,-6.129794]]},"properties":{"@id":"way/1366733706","electrified":"contact_line","frequency":"0","gauge":"1067","maxspeed":"90","name":"Jalur Kereta Api Bandara Soekarno-Hatta","oneway":"alternating","railway":"rail","source":"digitalglobe","usage":"branch","voltage":"1500","wikidata":"Q56392844","wikipedia":"id:Jalur kereta api Batu Ceper–Bandara Soekarno-Hatta"},"id":"way/1366733706"},{"type":"Feature","geometry":{"type":"LineString","coordinates":[[106.646229,-6.12975],[106.644708,-6.130362]]},"properties":{"@id":"way/1366733707","electrified":"contact_line","frequency":"0","gauge":"1067","maxspeed":"90","name":"Jalur Kereta Api Bandara Soekarno-Hatta","oneway":"yes","railway":"rail","source":"digitalglobe","usage":"branch","voltage":"1500","wikidata":"Q56392844","wikipedia":"id:Jalur kereta api Batu Ceper–Bandara Soekarno-Hatta"},"id":"way/1366733707"},{"type":"Feature","geometry":{"type":"LineString","coordinates":[[106.827518,-6.236324],[106.827583,-6.236212],[106.827825,-6.235834]]},"properties":{"@id":"way/1367621436","bridge":"yes","electrified":"yes","frequency":"0","gauge":"1435","layer":"3","maxspeed":"50","name":"LRT Jabodebek","network:wikidata":"Q20427104","opening_date":"2023-07-12","operator":"PT Kereta Api Indonesia (Persero), Divisi LRT Jabodebek","railway":"light_rail","usage":"main","voltage":"750","website":"https://adhi.co.id/projects/lrt-jabodebek/","wikidata":"Q20427104","wikipedia":"id:LRT Jabodebek"},"id":"way/1367621436"},{"type":"Feature","geometry":{"type":"LineString","coordinates":[[106.827562,-6.236343],[106.827624,-6.236236],[106.827865,-6.23586]]},"properties":{"@id":"way/1367621437","bridge":"yes","electrified":"yes","frequency":"0","gauge":"1435","layer":"3","maxspeed":"50","name":"LRT Jabodebek","name:en":"Jabodebek LRT","network:wikidata":"Q20427104","opening_date":"2023-07-12","operator":"PT Kereta Api Indonesia (Persero), Divisi LRT Jabodebek","railway":"light_rail","usage":"main","voltage":"750","website":"https://adhi.co.id/projects/lrt-jabodebek/","wikidata":"Q20427104","wikipedia":"id:LRT Jabodebek"},"id":"way/1367621437"},{"type":"Feature","geometry":{"type":"LineString","coordinates":[[106.82834,-6.238021],[106.827948,-6.237781]]},"properties":{"@id":"way/1367621438","bridge":"yes","electrified":"yes","frequency":"0","gauge":"1435","layer":"3","maxspeed":"50","name":"LRT Jabodebek","network:wikidata":"Q20427104","opening_date":"2023-07-12","operator":"PT Kereta Api Indonesia (Persero), Divisi LRT Jabodebek","railway":"light_rail","usage":"main","voltage":"750","website":"https://adhi.co.id/projects/lrt-jabodebek/","wikidata":"Q20427104","wikipedia":"id:LRT Jabodebek"},"id":"way/1367621438"},{"type":"Feature","geometry":{"type":"LineString","coordinates":[[106.828364,-6.23798],[106.828083,-6.23781],[106.827974,-6.237742]]},"properties":{"@id":"way/1367621439","bridge":"yes","electrified":"yes","frequency":"0","gauge":"1435","layer":"3","maxspeed":"50","name":"LRT Jabodebek","name:en":"Jabodebek LRT","network:wikidata":"Q20427104","opening_date":"2023-07-12","operator":"PT Kereta Api Indonesia (Persero), Divisi LRT Jabodebek","railway":"light_rail","usage":"main","voltage":"750","website":"https://adhi.co.id/projects/lrt-jabodebek/","wikidata":"Q20427104","wikipedia":"id:LRT Jabodebek"},"id":"way/1367621439"},{"type":"Feature","geometry":{"type":"LineString","coordinates":[[106.798484,-6.233667],[106.798484,-6.233024]]},"properties":{"@id":"way/1374743104","electrified":"contact_line","frequency":"0","gauge":"1067","maxspeed":"90","name":"MRT Jakarta Jalur Utara-Selatan","name:en":"Jakarta MRT North-South Line","network":"MRT Jakarta","operator":"PT MRT Jakarta (Perseroda)","railway":"subway","start_date":"2019-03-24","voltage":"1500","wikidata":"Q3333785","wikipedia":"id:MRT Jakarta"},"id":"way/1374743104"},{"type":"Feature","geometry":{"type":"LineString","coordinates":[[106.798432,-6.233024],[106.798433,-6.233668]]},"properties":{"@id":"way/1374743105","electrified":"contact_line","frequency":"0","gauge":"1067","maxspeed":"90","name":"MRT Jakarta Jalur Utara-Selatan","name:en":"Jakarta MRT North-South Line","network":"MRT Jakarta","operator":"PT MRT Jakarta (Perseroda)","railway":"subway","start_date":"2019-03-24","tracks":"1","voltage":"1500","wikidata":"Q3333785","wikipedia":"id:MRT Jakarta"},"id":"way/1374743105"},{"type":"Feature","geometry":{"type":"LineString","coordinates":[[106.745208,-6.276332],[106.745573,-6.276045],[106.746147,-6.275591],[106.747366,-6.274619],[106.748319,-6.273842],[106.748943,-6.273289],[106.749583,-6.272682],[106.750256,-6.271973]]},"properties":{"@id":"way/1390052602","electrified":"contact_line","frequency":"0","gauge":"1067","maxspeed":"70","name":"Jalur Kereta Api Tanah Abang–Merak","railway":"rail","usage":"main","voltage":"1500","wikidata":"Q18916627","wikipedia":"id:Jalur kereta api Merak–Tanah Abang"},"id":"way/1390052602"},{"type":"Feature","geometry":{"type":"LineString","coordinates":[[106.750228,-6.271949],[106.750084,-6.2721],[106.749746,-6.272458],[106.749512,-6.272692],[106.749138,-6.273046],[106.748748,-6.273407],[106.748215,-6.273887],[106.747762,-6.274247],[106.747306,-6.274622],[106.746929,-6.274926],[106.746417,-6.275334],[106.745728,-6.275878],[106.745565,-6.276006],[106.745428,-6.276106],[106.745183,-6.276306]]},"properties":{"@id":"way/1390052603","electrified":"contact_line","frequency":"0","gauge":"1067","maxspeed":"70","name":"Jalur Kereta Api Tanah Abang–Merak","railway":"rail","usage":"main","voltage":"1500","wikidata":"Q18916627","wikipedia":"id:Jalur kereta api Merak–Tanah Abang"},"id":"way/1390052603"},{"type":"Feature","geometry":{"type":"LineString","coordinates":[[106.745183,-6.276306],[106.743565,-6.277592],[106.742188,-6.278689]]},"properties":{"@id":"way/1390052604","electrified":"contact_line","frequency":"0","gauge":"1067","maxspeed":"70","name":"Jalur Kereta Api Tanah Abang–Merak","railway":"rail","railway:track_ref":"1","usage":"main","voltage":"1500","wikidata":"Q18916627","wikipedia":"id:Jalur kereta api Merak–Tanah Abang"},"id":"way/1390052604"},{"type":"Feature","geometry":{"type":"LineString","coordinates":[[106.742212,-6.27873],[106.745208,-6.276332]]},"properties":{"@id":"way/1390052605","electrified":"contact_line","frequency":"0","gauge":"1067","maxspeed":"70","name":"Jalur Kereta Api Tanah Abang–Merak","railway":"rail","railway:track_ref":"2","usage":"main","voltage":"1500","wikidata":"Q18916627","wikipedia":"id:Jalur kereta api Merak–Tanah Abang"},"id":"way/1390052605"},{"type":"Feature","geometry":{"type":"LineString","coordinates":[[106.750473,-6.271744],[106.752658,-6.26952],[106.753544,-6.268572],[106.754161,-6.267963]]},"properties":{"@id":"way/1390052606","electrified":"contact_line","frequency":"0","gauge":"1067","maxspeed":"70","name":"Jalur Kereta Api Tanah Abang–Merak","railway":"rail","usage":"main","voltage":"1500","wikidata":"Q18916627","wikipedia":"id:Jalur kereta api Merak–Tanah Abang"},"id":"way/1390052606"},{"type":"Feature","geometry":{"type":"LineString","coordinates":[[106.754161,-6.267963],[106.754305,-6.267821]]},"properties":{"@id":"way/1390052607","bridge":"yes","electrified":"contact_line","frequency":"0","gauge":"1067","layer":"1","maxspeed":"70","name":"Jalur Kereta Api Tanah Abang–Merak","railway":"rail","usage":"main","voltage":"1500","wikidata":"Q18916627","wikipedia":"id:Jalur kereta api Merak–Tanah Abang"},"id":"way/1390052607"},{"type":"Feature","geometry":{"type":"LineString","coordinates":[[106.75418,-6.267885],[106.753763,-6.268307],[106.753452,-6.268615],[106.753151,-6.268941],[106.752804,-6.269283],[106.752548,-6.26956],[106.752155,-6.269967],[106.75172,-6.270409],[106.751386,-6.270744],[106.751007,-6.271146],[106.750638,-6.271524],[106.750448,-6.271718]]},"properties":{"@id":"way/1390052608","electrified":"contact_line","frequency":"0","gauge":"1067","maxspeed":"70","name":"Jalur Kereta Api Tanah Abang–Merak","railway":"rail","usage":"main","voltage":"1500","wikidata":"Q18916627","wikipedia":"id:Jalur kereta api Merak–Tanah Abang"},"id":"way/1390052608"},{"type":"Feature","geometry":{"type":"LineString","coordinates":[[106.754278,-6.267787],[106.75418,-6.267885]]},"properties":{"@id":"way/1390052609","bridge":"yes","electrified":"contact_line","frequency":"0","gauge":"1067","layer":"1","maxspeed":"70","name":"Jalur Kereta Api Tanah Abang–Merak","railway":"rail","usage":"main","voltage":"1500","wikidata":"Q18916627","wikipedia":"id:Jalur kereta api Merak–Tanah Abang"},"id":"way/1390052609"},{"type":"Feature","geometry":{"type":"LineString","coordinates":[[106.811027,-6.187895],[106.811,-6.186825]]},"properties":{"@id":"way/1410540863","electrified":"contact_line","frequency":"0","gauge":"1067","railway":"rail","service":"crossover","voltage":"1500"},"id":"way/1410540863"},{"type":"Feature","geometry":{"type":"LineString","coordinates":[[106.811027,-6.187895],[106.811004,-6.187649]]},"properties":{"@id":"way/1410545572","electrified":"contact_line","frequency":"0","gauge":"1067","maxspeed":"70","name":"Jalur Kereta Api Tanah Abang–Merak","railway":"rail","usage":"main","voltage":"1500","wikidata":"Q18916627","wikipedia":"id:Jalur kereta api Merak–Tanah Abang"},"id":"way/1410545572"},{"type":"Feature","geometry":{"type":"LineString","coordinates":[[106.810985,-6.18548],[106.810993,-6.185549]]},"properties":{"@id":"way/1410545574","electrified":"contact_line","frequency":"0","gauge":"1067","maxspeed":"70","name":"Jalur Kereta Api Duri–Tanah Abang","operator":"Kereta Api Indonesia","owner":"Direktorat Jenderal, Kementerian Perhubungan","owner:en":"Directorate General of Railways, Ministry of Transportation","railway":"rail","railway:track_ref":"1","tunnel":"building_passage","usage":"main","voltage":"1500","wikidata":"Q19726698","wikipedia":"id:Jalur kereta api lintas Jakarta"},"id":"way/1410545574"},{"type":"Feature","geometry":{"type":"LineString","coordinates":[[106.810995,-6.185953],[106.810996,-6.185903]]},"properties":{"@id":"way/1410545575","electrified":"contact_line","frequency":"0","gauge":"1067","railway":"rail","service":"crossover","voltage":"1500"},"id":"way/1410545575"},{"type":"Feature","geometry":{"type":"LineString","coordinates":[[106.810985,-6.18548],[106.810923,-6.184946],[106.810905,-6.184791],[106.810894,-6.184646],[106.810881,-6.184486],[106.810873,-6.184246]]},"properties":{"@id":"way/1410701444","electrified":"contact_line","frequency":"0","gauge":"1067","maxspeed":"70","name":"Jalur Kereta Api Duri–Tanah Abang","operator":"Kereta Api Indonesia","owner":"Direktorat Jenderal, Kementerian Perhubungan","owner:en":"Directorate General of Railways, Ministry of Transportation","railway":"rail","railway:track_ref":"1","usage":"main","voltage":"1500","wikidata":"Q19726698","wikipedia":"id:Jalur kereta api lintas Jakarta"},"id":"way/1410701444"},{"type":"Feature","geometry":{"type":"LineString","coordinates":[[106.810622,-6.182506],[106.810574,-6.182372],[106.810547,-6.182284],[106.810532,-6.182219],[106.81039,-6.180828]]},"properties":{"@id":"way/1410701445","electrified":"contact_line","frequency":"0","gauge":"1067","maxspeed":"80","name":"Jalur Kereta Api Duri–Tanah Abang","operator":"Kereta Api Indonesia","owner":"Direktorat Jenderal, Kementerian Perhubungan","owner:en":"Directorate General of Railways, Ministry of Transportation","railway":"rail","railway:track_ref":"1","usage":"main","voltage":"1500","wikidata":"Q19726698","wikipedia":"id:Jalur kereta api lintas Jakarta"},"id":"way/1410701445"},{"type":"Feature","geometry":{"type":"LineString","coordinates":[[106.810638,-6.18353],[106.810677,-6.183904]]},"properties":{"@id":"way/1410701448","electrified":"contact_line","frequency":"0","gauge":"1067","maxspeed":"70","name":"Jalur Kereta Api Duri–Tanah Abang","railway":"rail","railway:track_ref":"3","usage":"main","voltage":"1500","wikidata":"Q19726698","wikipedia":"id:Jalur kereta api lintas Jakarta"},"id":"way/1410701448"},{"type":"Feature","geometry":{"type":"LineString","coordinates":[[106.810992,-6.186765],[106.811,-6.186825]]},"properties":{"@id":"way/1410701449","electrified":"contact_line","frequency":"0","gauge":"1067","maxspeed":"70","name":"Jalur Kereta Api Tanah Abang–Manggarai","railway":"rail","railway:track_ref":"3","usage":"main","voltage":"1500","wikidata":"Q19726698","wikipedia":"id:Jalur kereta api lintas Jakarta"},"id":"way/1410701449"},{"type":"Feature","geometry":{"type":"LineString","coordinates":[[106.825536,-6.204805],[106.824752,-6.204641],[106.822936,-6.204261]]},"properties":{"@id":"way/1422433004","bridge":"yes","electrified":"yes","frequency":"0","gauge":"1435","layer":"3","maxspeed":"80","name":"LRT Jabodebek","name:en":"Jabodebek LRT","network:wikidata":"Q20427104","opening_date":"2023-07-12","operator":"PT Kereta Api Indonesia (Persero), Divisi LRT Jabodebek","railway":"light_rail","usage":"main","voltage":"750","website":"https://adhi.co.id/projects/lrt-jabodebek/","wikidata":"Q20427104","wikipedia":"id:LRT Jabodebek"},"id":"way/1422433004"},{"type":"Feature","geometry":{"type":"LineString","coordinates":[[106.82293,-6.204308],[106.824422,-6.20462],[106.825525,-6.204851]]},"properties":{"@id":"way/1422433005","bridge":"yes","electrified":"yes","frequency":"0","gauge":"1435","layer":"3","maxspeed":"80","name":"LRT Jabodebek","network:wikidata":"Q20427104","opening_date":"2023-07-12","operator":"PT Kereta Api Indonesia (Persero), Divisi LRT Jabodebek","railway":"light_rail","usage":"main","voltage":"750","website":"https://adhi.co.id/projects/lrt-jabodebek/","wikidata":"Q20427104","wikipedia":"id:LRT Jabodebek"},"id":"way/1422433005"},{"type":"Feature","geometry":{"type":"LineString","coordinates":[[106.874633,-6.250228],[106.875004,-6.249931]]},"properties":{"@id":"way/1466131968","bridge":"yes","electrified":"rail","layer":"3","railway":"light_rail","service":"crossover"},"id":"way/1466131968"},{"type":"Feature","geometry":{"type":"Point","coordinates":[106.64671,-6.17517]},"properties":{"@id":"node/316739060","alt_name":"Stasiun Tanah Tinggi","ele":"3","name":"Tanah Tinggi","network":"KAI Commuter","network:wikidata":"Q12501611","public_transport":"station","railway":"station","railway:ref":"TTI","train":"yes","wikidata":"Q19741285","wikipedia":"id:Stasiun Tanah Tinggi"},"id":"node/316739060"},{"type":"Feature","geometry":{"type":"Point","coordinates":[106.632011,-6.176975]},"properties":{"@id":"node/316739175","ele":"18","name":"Tangerang","network":"KAI Commuter","network:wikidata":"Q12501611","public_transport":"station","railway":"station","railway:ref":"TNG","start_date":"1899","train":"yes","wikidata":"Q15051586","wikipedia":"id:Stasiun Tangerang"},"id":"node/316739175"},{"type":"Feature","geometry":{"type":"Point","coordinates":[106.744693,-6.276683]},"properties":{"@id":"node/318718577","alt_name":"Stasiun Pondok Ranji","ele":"24","name":"Pondok Ranji","network":"KAI Commuter","network:wikidata":"Q12501611","operator":"PT Kereta Api Indonesia","public_transport":"station","railway":"station","railway:ref":"PDJ","train":"yes","wheelchair":"yes","wikidata":"Q12516320","wikipedia":"id:Stasiun Pondok Ranji"},"id":"node/318718577"},{"type":"Feature","geometry":{"type":"Point","coordinates":[106.855167,-6.255201]},"properties":{"@id":"node/318840303","addr:city":"DKI Jakarta","addr:country":"ID","addr:postcode":"12770","addr:street":"Jalan Pengadegan","alt_name":"Stasiun Duren Kalibata","ele":"26","name":"Duren Kalibata","network":"KAI Commuter","network:wikidata":"Q12501611","old_name":"Halte Tjililitan","operator":"PT Kereta Api Indonesia","operator:website":"https://www.kai.id","operator:wikidata":"Q2745027","public_transport":"station","railway":"station","railway:ref":"DRN","source":"HOT_InAWARESurvey_2017","train":"yes","wikidata":"Q13405394","wikipedia":"id:Stasiun Duren Kalibata"},"id":"node/318840303"},{"type":"Feature","geometry":{"type":"Point","coordinates":[106.85869,-6.242552]},"properties":{"@id":"node/2334098791","addr:city":"DKI Jakarta","addr:country":"ID","alt_name":"Stasiun Cawang","ele":"13","name":"Cawang","network":"KAI Commuter","network:wikidata":"Q12501611","operator":"PT Kereta Api Indonesia","operator:website":"https://www.kai.id","operator:wikidata":"Q2745027","public_transport":"station","railway":"station","railway:ref":"CW","source":"HOT_InAWARESurvey_2017","train":"yes","wikidata":"Q2199335","wikipedia":"id:Stasiun Cawang"},"id":"node/2334098791"},{"type":"Feature","geometry":{"type":"Point","coordinates":[106.858439,-6.226398]},"properties":{"@id":"node/3056674105","addr:city":"DKI Jakarta","addr:country":"ID","alt_name":"Stasiun Tebet","ele":"17","name":"Tebet","network":"KAI Commuter","network:wikidata":"Q12501611","operator":"PT Kereta Api Indonesia","operator:website":"https://www.kai.id","operator:wikidata":"Q2745027","public_transport":"station","railway":"station","railway:ref":"TEB","source":"HOT_InAWARESurvey_2017","train":"yes","wikidata":"Q2501705","wikipedia":"id:Stasiun Tebet"},"id":"node/3056674105"},{"type":"Feature","geometry":{"type":"Point","coordinates":[106.92316,-6.215606]},"properties":{"@id":"node/3865048155","addr:city":"DKI Jakarta","addr:full":"Jalan I Gusti Ngurah Rai","addr:postcode":"13940","alt_name":"Stasiun Buaran","ele":"11","name":"Buaran","name:en":"Buaran","name:id":"Buaran","network":"KAI Commuter","network:wikidata":"Q12501611","operator":"PT Kereta Api Indonesia","operator:website":"https://www.kai.id","operator:wikidata":"Q2745027","public_transport":"station","railway":"station","railway:ref":"BUA","source":"HOT_InAWARESurvey_2017","train":"yes","wikidata":"Q2188800","wikipedia":"id:Stasiun Buaran"},"id":"node/3865048155"},{"type":"Feature","geometry":{"type":"Point","coordinates":[106.952479,-6.219081]},"properties":{"@id":"node/3865048788","addr:city":"DKI Jakarta","addr:full":"Jalan Stasiun Cakung","addr:postcode":"13950","addr:street":"Jalan Raya Stasiun Cakung Pulogebang, Cakung","alt_name":"Stasiun Cakung","ele":"18","name":"Cakung","name:en":"Cakung","name:id":"Cakung","network":"KAI Commuter","network:wikidata":"Q12501611","operator":"PT Kereta Api Indonesia","operator:website":"https://www.kai.id","operator:wikidata":"Q2745027","public_transport":"station","railway":"station","railway:ref":"CUK","source":"HOT_InAWARESurvey_2017","train":"yes","wikidata":"Q2793350","wikipedia":"id:Stasiun Cakung"},"id":"node/3865048788"},{"type":"Feature","geometry":{"type":"Point","coordinates":[106.856512,-6.19362]},"properties":{"@id":"node/4149249345","addr:city":"DKI Jakarta","addr:full":"Jalan Pramuka Jati","addr:postcode":"10450","alt_name":"Stasiun Kramat","ele":"10","name":"Kramat","name:en":"Kramat","name:id":"Kramat","network":"KAI Commuter","network:wikidata":"Q12501611","operator":"PT Kereta Api Indonesia","operator:website":"https://www.kai.id","operator:wikidata":"Q2745027","public_transport":"station","railway":"station","railway:ref":"KMT","source":"HOT_InAWARESurvey_2017","train":"yes","wikidata":"Q1848009","wikipedia":"id:Stasiun Kramat"},"id":"node/4149249345"},{"type":"Feature","geometry":{"type":"Point","coordinates":[106.771908,-6.161252]},"properties":{"@id":"node/4149368915","addr:city":"DKI Jakarta","addr:full":"Jalan Daan Mogot Raya 2","addr:postcode":"11460","alt_name":"Stasiun Pesing","name":"Pesing","network":"KAI Commuter","network:wikidata":"Q12501611","operator":"PT Kereta Api Indonesia","public_transport":"station","railway":"station","railway:ref":"PSG","source":"HOT_InAWARESurvey_2017","train":"yes","wikidata":"Q27963600","wikipedia:en":"Pesing railway station"},"id":"node/4149368915"},{"type":"Feature","geometry":{"type":"Point","coordinates":[106.680752,-6.169735]},"properties":{"@id":"node/4149415299","addr:city":"Poris Jaya, Batu ceper, Tangerang","addr:housenumber":"12","addr:postcode":"15122","addr:street":"Jl. Maulana Hasanudin","alt_name":"Stasiun Poris","name":"Poris","network":"KAI Commuter","network:wikidata":"Q12501611","opening_hours":"Mo-Su 09:00-18:00","operator":"PT Kereta Api Indonesia","public_transport":"station","railway":"station","railway:ref":"PI","train":"yes","wikidata":"Q12516321","wikipedia":"id:Stasiun Poris"},"id":"node/4149415299"},{"type":"Feature","geometry":{"type":"Point","coordinates":[106.798446,-6.238774]},"properties":{"@id":"node/4695686975","alt_name":"Stasiun ASEAN","name":"ASEAN Headquarters","network":"MRT Jakarta","operator":"MRT Jakarta","public_transport":"station","railway":"station","station":"subway","subway":"yes","wikidata":"Q61365133","wikipedia":"id:Stasiun MRT ASEAN"},"id":"node/4695686975"},{"type":"Feature","geometry":{"type":"Point","coordinates":[106.870339,-6.214925]},"properties":{"@id":"node/4797813240","addr:city":"DKI Jakarta","addr:full":"Jalan Bekasi Timur Raya","addr:postcode":"13110","addr:street":"Jl. Bekasi Barat Raya, RT.13/RW.16, Pisangan Baru, Matraman","alt_name":"Stasiun Jatinegara","ele":"16","name":"Jatinegara","name:en":"Jatinegara","name:id":"Jatinegara","name:zh":"干冬墟","name:zh-Hans":"干冬墟","name:zh-Hant":"干冬墟","network":"KAI","network:wikidata":"Q2745027","old_name":"Stasiun Meester Cornelis;Meester Cornelis","operator":"PT Kereta Api Indonesia","operator:website":"https://www.kai.id","operator:wikidata":"Q2745027","public_transport":"station","railway":"station","railway:ref":"JNG","source":"HOT_InAWARESurvey_2017","train":"yes","wikidata":"Q2501476","wikipedia":"id:Stasiun Jatinegara"},"id":"node/4797813240"},{"type":"Feature","geometry":{"type":"Point","coordinates":[106.832566,-6.185911]},"properties":{"@id":"node/4798377262","addr:city":"DKI Jakarta","addr:full":"Jalan Srikaya I","alt_name":"Stasiun Gondangdia","ele":"17","name":"Gondangdia","name:ja":"ゴンダンディア","network":"KAI Commuter","network:wikidata":"Q12501611","operator":"PT Kereta Api Indonesia","operator:website":"https://www.kai.id","operator:wikidata":"Q2745027","public_transport":"station","railway":"station","railway:ref":"GDD","source":"HOT_InAWARESurvey_2017","train":"yes","wikidata":"Q2120758","wikipedia":"id:Stasiun Gondangdia"},"id":"node/4798377262"},{"type":"Feature","geometry":{"type":"Point","coordinates":[106.862342,-6.209124]},"properties":{"@id":"node/4800675082","addr:city":"DKI Jakarta","addr:full":"Jalan Stasiun Pondok Jati","alt_name":"Stasiun Pondok Jati","ele":"14","name":"Pondok Jati","name:en":"Pondok Jati","name:id":"Pondok Jati","network":"KAI Commuter","network:wikidata":"Q12501611","old_name":"Halte Gang Solitude","operator":"PT Kereta Api Indonesia","operator:website":"https://www.kai.id","operator:wikidata":"Q2745027","public_transport":"station","railway":"station","railway:ref":"POK","source":"HOT_InAWARESurvey_2017","train":"yes","wikidata":"Q2530793","wikipedia":"id:Stasiun Pondok Jati"},"id":"node/4800675082"},{"type":"Feature","geometry":{"type":"Point","coordinates":[106.849935,-6.21017]},"properties":{"@id":"node/4815286700","addr:city":"DKI Jakarta","addr:full":"Jalan Manggarai Utara I","alt_name":"Stasiun Manggarai","name":"Manggarai","network":"KAI Commuter","network:wikidata":"Q12501611","operator":"PT Kereta Api Indonesia","operator:wikidata":"Q2745027","public_transport":"station","railway":"station","railway:ref":"MRI","source":"HOT_InAWARESurvey_2017","train":"yes","wheelchair":"limited","wikidata":"Q2546915","wikipedia":"id:Stasiun Manggarai"},"id":"node/4815286700"},{"type":"Feature","geometry":{"type":"Point","coordinates":[106.84128,-6.198505]},"properties":{"@id":"node/4817686767","addr:city":"DKI Jakarta","addr:full":"Jalan Pegangsaan Barat","alt_name":"Stasiun Cikini","ele":"20","name":"Cikini","network":"KAI Commuter","network:wikidata":"Q12501611","operator":"PT Kereta Api Indonesia","operator:website":"https://www.kai.id","operator:wikidata":"Q2745027","public_transport":"station","railway":"station","railway:ref":"CKI","source":"HOT_InAWARESurvey_2017","train":"yes","wikidata":"Q2609428","wikipedia":"id:Stasiun Cikini"},"id":"node/4817686767"},{"type":"Feature","geometry":{"type":"Point","coordinates":[106.810894,-6.185713]},"properties":{"@id":"node/4836555990","addr:city":"DKI Jakarta","addr:full":"Jalan Jatibaru","addr:street":"Jalan Jatibaru Raya","alt_name":"Stasiun Tanah Abang","name":"Tanah Abang","name:zh":"丹那望","name:zh-Hans":"丹那望","name:zh-Hant":"丹那望","network":"KAI Commuter","network:wikidata":"Q12501611","operator":"PT Kereta Api Indonesia","public_transport":"station","railway":"station","railway:ref":"THB","source":"HOT_InAWARESurvey_2017","train":"yes","wikidata":"Q2348424","wikimedia_commons":"File:Lantai Dua Stasiun Tanah Abang.jpg","wikipedia":"id:Stasiun Tanah Abang"},"id":"node/4836555990"},{"type":"Feature","geometry":{"type":"Point","coordinates":[106.844574,-6.174423]},"properties":{"@id":"node/4849162195","addr:city":"DKI Jakarta","alt_name":"Stasiun Pasar Senen;Stasiun Jakarta Pasar Senen;Stasiun Senen;Jakarta Pasar Senen;Senen","ele":"4.7","name":"Pasar Senen","name:en":"Pasar Senen","name:id":"Pasar Senen","name:zh-Hant":"老巴剎","network":"KAI","network:wikidata":"Q2745027","operator":"PT Kereta Api Indonesia","operator:website":"https://www.kai.id","operator:wikidata":"Q2745027","public_transport":"station","railway":"station","railway:ref":"PSE","source":"HOT_InAWARESurvey_2017","train":"yes","wikidata":"Q587293","wikipedia":"id:Stasiun Pasar Senen"},"id":"node/4849162195"},{"type":"Feature","geometry":{"type":"Point","coordinates":[106.81677,-6.200954]},"properties":{"@id":"node/4849205568","addr:city":"DKI Jakarta","addr:full":"Jalan KH Mas Mansyur","name":"Karet","name:zh":"加烈","name:zh-Hans":"加烈","name:zh-Hant":"加烈","network":"KAI Commuter","network:wikidata":"Q12501611","operator":"PT Kereta Api Indonesia","public_transport":"station","railway":"station","railway:ref":"KAT","source":"HOT_InAWARESurvey_2017","train":"yes","wikidata":"Q12516278","wikipedia":"id:Stasiun Karet"},"id":"node/4849205568"},{"type":"Feature","geometry":{"type":"Point","coordinates":[106.797232,-6.20792]},"properties":{"@id":"node/4877432803","addr:city":"DKI Jakarta","addr:full":"Jalan Tentara Pelajar","alt_name":"Stasiun Palmerah","name":"Palmerah","name:zh-Hant":"紅牌","network":"KAI Commuter","network:wikidata":"Q12501611","operator":"PT Kereta Api Indonesia","public_transport":"station","railway":"station","railway:ref":"PLM","source":"HOT_InAWARESurvey_2017","train":"yes","wikidata":"Q12516311","wikipedia":"id:Stasiun Palmerah"},"id":"node/4877432803"},{"type":"Feature","geometry":{"type":"Point","coordinates":[106.851796,-6.262798]},"properties":{"@id":"node/4881688223","addr:city":"DKI Jakarta","addr:country":"ID","addr:full":"Jalan Raya Rawajati Timur RT.8/RW.2","addr:postcode":"12510","ele":"37","name":"Pasar Minggu Baru","network":"KAI Commuter","network:wikidata":"Q12501611","operator":"PT Kereta Api Indonesia","operator:website":"https://www.kai.id","operator:wikidata":"Q2745027","platforms":"2","public_transport":"station","railway":"station","railway:ref":"PSMB","source":"HOT_InAWARESurvey_2017","train":"yes","wikidata":"Q12516315","wikipedia":"id:Stasiun Pasar Minggu Baru"},"id":"node/4881688223"},{"type":"Feature","geometry":{"type":"Point","coordinates":[106.830461,-6.166675]},"properties":{"@id":"node/4883105492","addr:city":"DKI Jakarta","addr:full":"Jalan Ir H Juanda I","alt_name":"Stasiun Juanda","ele":"15","name":"Juanda","name:ja":"ジュアンダ","network":"KAI Commuter","network:wikidata":"Q12501611","operator":"PT Kereta Api Indonesia","operator:website":"https://www.kai.id","operator:wikidata":"Q2745027","public_transport":"station","railway":"station","railway:ref":"JUA","source":"HOT_InAWARESurvey_2017","train":"yes","wikidata":"Q2296734","wikipedia":"id:Stasiun Juanda"},"id":"node/4883105492"},{"type":"Feature","geometry":{"type":"Point","coordinates":[106.830647,-6.176655]},"properties":{"@id":"node/4891132084","addr:city":"DKI Jakarta","addr:full":"Jalan Merdeka Timur","alt_name":"Stasiun Gambir","ele":"16","name":"Gambir","name:ja":"ガンビール","name:zh-Hant":"甘密埔","network":"KAI","network:wikidata":"Q2745027","operator":"PT Kereta Api Indonesia","operator:website":"https://www.kai.id","operator:wikidata":"Q2745027","public_transport":"station","railway":"station","railway:ref":"GMR","source":"HOT_InAWARESurvey_2017","train":"yes","wikidata":"Q1889128","wikipedia":"id:Stasiun Gambir"},"id":"node/4891132084"},{"type":"Feature","geometry":{"type":"Point","coordinates":[106.841401,-6.161703]},"properties":{"@id":"node/4899822033","addr:city":"DKI Jakarta","addr:full":"Jalan Garuda Raya","addr:postcode":"10620","addr:street":"Jalan Garuda, Kemayoran","alt_name":"Stasiun Kemayoran","ele":"4","name":"Kemayoran","name:en":"Kemayoran","name:id":"Kemayoran","network":"KAI Commuter","network:wikidata":"Q12501611","operator":"PT Kereta Api Indonesia","operator:website":"https://www.kai.id","operator:wikidata":"Q2745027","public_transport":"station","railway":"station","railway:ref":"KMO","source":"HOT_InAWARESurvey_2017","train":"yes","wikidata":"Q2403054","wikipedia":"id:Stasiun Kemayoran"},"id":"node/4899822033"},{"type":"Feature","geometry":{"type":"Point","coordinates":[106.899413,-6.213319]},"properties":{"@id":"node/4900932061","addr:city":"DKI Jakarta","addr:full":"Jalan Bekasi Timur","alt_name":"Stasiun Klender","ele":"10","name":"Klender","name:en":"Klender","name:id":"Klender","network":"KAI Commuter","network:wikidata":"Q12501611","operator":"PT Kereta Api Indonesia","operator:website":"https://www.kai.id","operator:wikidata":"Q2745027","public_transport":"station","railway":"station","railway:ref":"KLD","source":"HOT_InAWARESurvey_2017","train":"yes","wikidata":"Q2678851","wikipedia":"id:Stasiun Klender"},"id":"node/4900932061"},{"type":"Feature","geometry":{"type":"Point","coordinates":[106.940183,-6.217659]},"properties":{"@id":"node/4901690569","addr:city":"DKI Jakarta","addr:full":"Jalan Penggilingan","alt_name":"Stasiun Klender Baru;Stasiun Pondok Kopi;Pondok Kopi","ele":"11","name":"Klender Baru","name:en":"Klender Baru","name:id":"Klender Baru","network":"KAI Commuter","network:wikidata":"Q12501611","operator":"PT Kereta Api Indonesia","operator:website":"https://www.kai.id","operator:wikidata":"Q2745027","public_transport":"station","railway":"station","railway:ref":"KLDB","source":"HOT_InAWARESurvey_2017","train":"yes","wikidata":"Q2786964","wikipedia":"id:Stasiun Klender Baru"},"id":"node/4901690569"},{"type":"Feature","geometry":{"type":"Point","coordinates":[106.703728,-6.165966]},"properties":{"@id":"node/4905517383","addr:city":"DKI Jakarta","addr:full":"Jalan Semanan Raya","addr:postcode":"11810","alt_name":"Stasiun Kalideres","name":"Kalideres","network":"KAI Commuter","network:wikidata":"Q12501611","operator":"PT Kereta Api Indonesia","public_transport":"station","railway":"station","railway:ref":"KDS","source":"HOT_InAWARESurvey_2017","train":"yes","wikidata":"Q19748473","wikipedia":"id:Stasiun Kalideres"},"id":"node/4905517383"},{"type":"Feature","geometry":{"type":"Point","coordinates":[106.819717,-6.201594]},"properties":{"@id":"node/4908440160","addr:city":"Central Jakarta","addr:street":"Jalan Talang Betutu","alt_name":"Sudirman Baru","description":"Stasiun untuk KA Bandara dan KRL","internet_access":"yes","name":"BNI City","network":"KAI Commuter","network:wikidata":"Q12501611","operator":"PT Kereta Api Indonesia","public_transport":"station","railway":"station","railway:ref":"SUDB","train":"yes","wikidata":"Q28725676","wikipedia":"id:Stasiun BNI City"},"id":"node/4908440160"},{"type":"Feature","geometry":{"type":"Point","coordinates":[106.850871,-6.186153]},"properties":{"@id":"node/4921653106","addr:city":"DKI Jakarta","addr:postcode":"10450","addr:street":"Jalan Kramat Pulo Dalam Buntu, Kramat, Senen","alt_name":"Stasiun Gang Sentiong;Stasiun Sentiong;Sentiong","ele":"7","name":"Gang Sentiong","name:en":"Gang Sentiong","name:id":"Gang Sentiong","network":"KAI Commuter","network:wikidata":"Q12501611","operator":"PT Kereta Api Indonesia","operator:website":"https://www.kai.id","operator:wikidata":"Q2745027","public_transport":"station","railway":"station","railway:ref":"GST","source":"HOT_InAWARESurvey_2017","start_date":"1869","train":"yes","wikidata":"Q3066462","wikipedia":"id:Stasiun Gang Sentiong"},"id":"node/4921653106"},{"type":"Feature","geometry":{"type":"Point","coordinates":[106.827655,-6.160667]},"properties":{"@id":"node/4923408354","addr:city":"DKI Jakarta","addr:full":"Jalan Krekot Jaya I","alt_name":"Stasiun Sawah Besar","ele":"15","name":"Sawah Besar","name:ja":"サワブサール","name:zh":"新巴剎","name:zh-Hans":"新巴剎","name:zh-Hant":"新巴剎","network":"KAI Commuter","network:wikidata":"Q12501611","operator":"PT Kereta Api Indonesia","operator:website":"https://www.kai.id","operator:wikidata":"Q2745027","public_transport":"station","railway":"station","railway:ref":"SW","source":"HOT_InAWARESurvey_2017","train":"yes","wikidata":"Q1708991","wikipedia":"id:Stasiun Sawah Besar"},"id":"node/4923408354"},{"type":"Feature","geometry":{"type":"Point","coordinates":[106.823449,-6.202408]},"properties":{"@id":"node/4925555833","access:roof":"no","addr:city":"DKI Jakarta","addr:full":"Jalan Kendal","addr:postcode":"10310","name":"Sudirman","network":"KAI Commuter","network:wikidata":"Q12501611","operator":"PT Kereta Api Indonesia","public_transport":"station","railway":"station","railway:ref":"SUD","source":"HOT_InAWARESurvey_2017","train":"yes","wikidata":"Q2502744","wikipedia":"id:Stasiun Sudirman"},"id":"node/4925555833"},{"type":"Feature","geometry":{"type":"Point","coordinates":[106.800779,-6.144737]},"properties":{"@id":"node/4961436159","addr:city":"DKI Jakarta","addr:full":"Jalan Angke","alt_name":"Stasiun Angke","name":"Angke","name:zh":"紅溪","name:zh-Hans":"红溪","name:zh-Hant":"紅溪","network":"KAI Commuter","network:wikidata":"Q12501611","operator":"PT Kereta Api Indonesia","operator:website":"https://www.kai.id","operator:wikidata":"Q2745027","public_transport":"station","railway":"station","railway:ref":"AK","source":"HOT_InAWARESurvey_2017","train":"yes","wikidata":"Q2111725","wikipedia":"id:Stasiun Angke"},"id":"node/4961436159"},{"type":"Feature","geometry":{"type":"Point","coordinates":[106.836833,-6.1451]},"properties":{"@id":"node/4963127710","addr:city":"DKI Jakarta","addr:full":"Jalan Industri 1, RT.5/RW.2, Gunung Sahari Utara, Sawah Besar","addr:postcode":"10720","alt_name":"Stasiun Rajawali","ele":"5","name":"Rajawali","name:en":"Rajawali","name:id":"Rajawali","network":"KAI Commuter","network:wikidata":"Q12501611","operator":"PT Kereta Api Indonesia","operator:website":"https://www.kai.id","operator:wikidata":"Q2745027","public_transport":"station","railway":"station","railway:ref":"RJW","source":"HOT_InAWARESurvey_2017","train":"yes","wikidata":"Q1967015","wikipedia":"id:Stasiun Rajawali"},"id":"node/4963127710"},{"type":"Feature","geometry":{"type":"Point","coordinates":[106.801297,-6.155276]},"properties":{"@id":"node/4963295116","addr:city":"DKI Jakarta","addr:postcode":"11260","addr:street":"Jalan Kali Anyer","name":"Duri","network":"KAI Commuter","network:wikidata":"Q12501611","operator":"PT Kereta Api Indonesia","operator:website":"https://www.kai.id","operator:wikidata":"Q2745027","public_transport":"station","railway":"station","railway:ref":"DU","source":"HOT_InAWARESurvey_2017","train":"yes","wikidata":"Q12516253","wikipedia":"id:Stasiun Duri"},"id":"node/4963295116"},{"type":"Feature","geometry":{"type":"Point","coordinates":[106.826983,-6.149804]},"properties":{"@id":"node/4976561246","addr:city":"DKI Jakarta","addr:full":"Jalan Karang Anyar RT 013/RW 01","addr:postcode":"10740","alt_name":"Stasiun Mangga Besar","ele":"14","name":"Mangga Besar","name:ja":"マンガブサール駅","network":"KAI Commuter","network:wikidata":"Q12501611","operator":"PT Kereta Api Indonesia","operator:website":"https://www.kai.id","operator:wikidata":"Q2745027","public_transport":"station","railway":"station","railway:ref":"MGB","source":"HOT_InAWARESurvey_2017","train":"yes","wikidata":"Q1444945","wikipedia":"id:Stasiun Mangga Besar"},"id":"node/4976561246"},{"type":"Feature","geometry":{"type":"Point","coordinates":[106.844856,-6.283332]},"properties":{"@id":"node/4976676188","addr:city":"DKI Jakarta","addr:country":"ID","addr:full":"Jalan Raya Pasar Minggu","alt_name":"Stasiun Pasar Minggu","ele":"36","name":"Pasar Minggu","network":"KAI Commuter","network:wikidata":"Q12501611","operator":"PT Kereta Api Indonesia","operator:website":"https://www.kai.id","operator:wikidata":"Q2745027","public_transport":"station","railway":"station","railway:ref":"PSM","source":"HOT_InAWARESurvey_2017","train":"yes","wikidata":"Q2085845","wikipedia":"id:Stasiun Pasar Minggu"},"id":"node/4976676188"},{"type":"Feature","geometry":{"type":"Point","coordinates":[106.823132,-6.1413]},"properties":{"@id":"node/4981870932","addr:city":"DKI Jakarta","alt_name":"Stasiun Jayakarta","ele":"13","name":"Jayakarta","name:ja":"ジャヤカルタ","network":"KAI Commuter","network:wikidata":"Q12501611","operator":"PT Kereta Api Indonesia","operator:website":"https://www.kai.id","operator:wikidata":"Q2745027","public_transport":"station","railway":"station","railway:ref":"JAY","source":"HOT_InAWARESurvey_2017","train":"yes","wikidata":"Q1659026","wikipedia":"id:Stasiun Jayakarta"},"id":"node/4981870932"},{"type":"Feature","geometry":{"type":"Point","coordinates":[106.881498,-6.110691]},"properties":{"@id":"node/5023480157","addr:city":"DKI Jakarta","addr:full":"Jalan Enggano","alt_name":"Stasiun Tanjung Priuk","ele":"4","name":"Tanjung Priuk","name:zh":"丹戎不碌","network":"KAI Commuter","network:wikidata":"Q12501611","operator":"PT Kereta Api Indonesia","operator:website":"https://www.kai.id","operator:wikidata":"Q2745027","public_transport":"station","railway":"station","railway:ref":"TPK","source":"HOT_InAWARESurvey_2017","train":"yes","wikidata":"Q2216143","wikipedia":"id:Stasiun Tanjung Priuk"},"id":"node/5023480157"},{"type":"Feature","geometry":{"type":"Point","coordinates":[106.722754,-6.162744]},"properties":{"@id":"node/5033751697","addr:city":"DKI Jakarta","addr:full":"Jalan Duri Kosambi Raya","alt_name":"Stasiun Rawa Buaya","name":"Rawa Buaya","network":"KAI Commuter","network:wikidata":"Q12501611","operator":"PT Kereta Api Indonesia","public_transport":"station","railway":"station","railway:ref":"RW","source":"HOT_InAWARESurvey_2017","train":"yes","wikidata":"Q12516333","wikipedia":"id:Stasiun Rawa Buaya"},"id":"node/5033751697"},{"type":"Feature","geometry":{"type":"Point","coordinates":[106.81462,-6.137583]},"properties":{"@id":"node/5036305391","addr:city":"DKI Jakarta","addr:full":"Jalan Lada","alt_name":"Stasiun Jakarta Kota","ele":"4","name":"Jakarta Kota","name:ja":"ジャヤカルタ・コタ","network":"KAI","network:wikidata":"Q2745027","operator":"PT Kereta Api Indonesia","operator:website":"https://www.kai.id","operator:wikidata":"Q2745027","public_transport":"station","railway":"station","railway:ref":"JAKK","source":"HOT_InAWARESurvey_2017","train":"yes","wikidata":"Q1975437","wikipedia":"id:Stasiun Jakarta Kota"},"id":"node/5036305391"},{"type":"Feature","geometry":{"type":"Point","coordinates":[106.78961,-6.162035]},"properties":{"@id":"node/5047494890","addr:city":"DKI Jakarta","addr:full":"Jalan Prof Dr Latumenten","alt_name":"Stasiun Grogol","name":"Grogol","network":"KAI Commuter","network:wikidata":"Q12501611","operator":"PT Kereta Api Indonesia","public_transport":"station","railway":"station","railway:ref":"GRG","source":"HOT_InAWARESurvey_2017","train":"yes","wikidata":"Q27963601","wikipedia":"id:Stasiun Grogol","wikipedia:en":"Grogol railway station"},"id":"node/5047494890"},{"type":"Feature","geometry":{"type":"Point","coordinates":[106.782535,-6.23723]},"properties":{"@id":"node/5070781613","addr:city":"DKI Jakarta","alt_name":"Stasiun Kebayoran","name":"Kebayoran","name:zh":"哇由蘭","name:zh-Hans":"哇由兰","name:zh-Hant":"哇由蘭","network":"KAI Commuter","network:wikidata":"Q12501611","operator":"PT Kereta Api Indonesia","public_transport":"station","railway":"station","railway:ref":"KBY","source":"HOT_InAWARESurvey_2017","train":"yes","wikidata":"Q28163944","wikipedia":"id:Stasiun Kebayoran"},"id":"node/5070781613"},{"type":"Feature","geometry":{"type":"Point","coordinates":[106.756573,-6.158627]},"properties":{"@id":"node/5070875099","addr:city":"DKI Jakarta","addr:full":"Jalan Raya Taman Kota","alt_name":"Stasiun Taman Kota","name":"Taman Kota","network":"KAI Commuter","network:wikidata":"Q12501611","operator":"PT Kereta Api Indonesia","public_transport":"station","railway":"station","railway:ref":"TKO","source":"HOT_InAWARESurvey_2017","train":"yes","wikidata":"Q19741281","wikipedia":"id:Stasiun Taman Kota"},"id":"node/5070875099"},{"type":"Feature","geometry":{"type":"Point","coordinates":[106.845137,-6.128115]},"properties":{"@id":"node/5124126895","addr:city":"DKI Jakarta","addr:street":"Laksamana RE Martadinata","alt_name":"Stasiun Ancol","alt_name:zh":"安卒","name":"Ancol","name:zh":"安恤","network":"KAI Commuter","network:wikidata":"Q12501611","operator":"PT Kereta Api Indonesia","operator:website":"https://www.kai.id","operator:wikidata":"Q2745027","public_transport":"station","railway":"station","railway:ref":"AC","source":"HOT_InAWARESurvey_2017","train":"yes","wikidata":"Q2319542","wikipedia":"id:Stasiun Ancol"},"id":"node/5124126895"},{"type":"Feature","geometry":{"type":"Point","coordinates":[106.819373,-6.133327]},"properties":{"@id":"node/5136968956","addr:city":"DKI Jakarta","alt_name":"Stasiun Jakarta Gudang","ele":"4","name":"Jakarta Gudang","network":"KAI","network:wikidata":"Q2745027","note":"Terminal Angkutan Barang - Departemen Perhubungan","operator":"PT Kereta Api Indonesia","operator:website":"https://www.kai.id","operator:wikidata":"Q2745027","public_transport":"station","railway":"station","railway:ref":"JAKG","source":"HOT_InAWARESurvey_2017","train":"yes","wikidata":"Q19752855","wikipedia":"id:Stasiun Jakarta Gudang"},"id":"node/5136968956"},{"type":"Feature","geometry":{"type":"Point","coordinates":[106.828488,-6.132702]},"properties":{"@id":"node/5579655834","addr:city":"DKI Jakarta","addr:postcode":"14440","addr:street":"Laksamana RE Martadinata","ele":"3;5","name":"Kampung Bandan","network":"KAI Commuter","network:wikidata":"Q12501611","operator":"PT Kereta Api Indonesia","operator:website":"https://www.kai.id","operator:wikidata":"Q2745027","public_transport":"station","railway":"station","railway:ref":"KPB","source":"HOT_InAWARESurvey_2017","train":"yes","wikidata":"Q2719478","wikipedia":"id:Stasiun Kampung Bandan"},"id":"node/5579655834"},{"type":"Feature","geometry":{"type":"Point","coordinates":[106.884488,-6.245635]},"properties":{"@id":"node/5851224882","line_served":"Jakarta–Bandung high speed rail","name":"Halim","name:en":"Halim","name:es":"Halim","name:ja":"ハリム","name:zh":"哈林","network":"Whoosh","operator":"PT KCIC","public_transport":"station","railway":"station","railway:ref":"HLM","wikidata":"Q111590566","wikipedia":"id:Stasiun Halim"},"id":"node/5851224882"},{"type":"Feature","geometry":{"type":"Point","coordinates":[106.905982,-6.159437]},"properties":{"@id":"node/5984702926","light_rail":"yes","name":"Boulevard Utara","network":"LRT Jakarta","operator":"PT LRT Jakarta","public_transport":"station","railway":"station","station":"light_rail","wikidata":"Q65760424","wikipedia":"id:Stasiun LRT Boulevard Utara Summarecon Mall"},"id":"node/5984702926"},{"type":"Feature","geometry":{"type":"Point","coordinates":[106.900015,-6.168993]},"properties":{"@id":"node/5984702927","light_rail":"yes","name":"Boulevard Selatan","network":"LRT Jakarta","operator":"PT LRT Jakarta","public_transport":"station","railway":"station","station":"light_rail","wikidata":"Q9970006","wikipedia":"id:Stasiun LRT Boulevard Selatan"},"id":"node/5984702927"},{"type":"Feature","geometry":{"type":"Point","coordinates":[106.893393,-6.17731]},"properties":{"@id":"node/5984702928","light_rail":"yes","name":"Pulomas","network":"LRT Jakarta","operator":"PT LRT Jakarta","public_transport":"station","railway":"station","station":"light_rail","wikidata":"Q9971976","wikipedia":"id:Stasiun LRT Pulomas"},"id":"node/5984702928"},{"type":"Feature","geometry":{"type":"Point","coordinates":[106.891279,-6.184057]},"properties":{"@id":"node/5984702929","light_rail":"yes","name":"Equestrian","network":"LRT Jakarta","operator":"PT LRT Jakarta","public_transport":"station","railway":"station","station":"light_rail","wikidata":"Q25329601","wikipedia":"id:Stasiun LRT Equestrian"},"id":"node/5984702929"},{"type":"Feature","geometry":{"type":"Point","coordinates":[106.891177,-6.192132]},"properties":{"@id":"node/5984702930","light_rail":"yes","name":"Velodrome","network":"LRT Jakarta","operator":"PT LRT Jakarta","public_transport":"station","railway":"station","station":"light_rail","train":"yes","wikidata":"Q20462389","wikipedia":"id:Stasiun LRT Velodrome"},"id":"node/5984702930"},{"type":"Feature","geometry":{"type":"Point","coordinates":[106.914209,-6.157213]},"properties":{"@id":"node/5984702931","addr:city":"DKI Jakarta","addr:country":"ID","light_rail":"yes","name":"Pegangsaan Dua","network":"LRT Jakarta","operator":"PT LRT Jakarta","public_transport":"station","railway":"station","station":"light_rail","wikidata":"Q8708716"},"id":"node/5984702931"},{"type":"Feature","geometry":{"type":"Point","coordinates":[106.823008,-6.191864]},"properties":{"@id":"node/6196107719","addr:city":"Central Jakarta","addr:street":"Jalan M.H. Thamrin","alt_name":"Stasiun Bundaran HI","name":"Bundaran HI Bank Jakarta","network":"MRT Jakarta","network:short":"MRTJ","network:wikidata":"Q3333785","operator":"MRT Jakarta","operator:wikidata":"Q3333785","public_transport":"station","railway":"station","station":"subway","subway":"yes","wikidata":"Q52906919","wikipedia":"id:Stasiun MRT Bundaran Hotel Indonesia"},"id":"node/6196107719"},{"type":"Feature","geometry":{"type":"Point","coordinates":[106.822788,-6.200796]},"properties":{"@id":"node/6196107720","alt_name":"Stasiun Dukuh Atas","name":"Dukuh Atas BNI","network":"MRT Jakarta","network:short":"MRTJ","network:wikidata":"Q3333785","operator":"MRT Jakarta","operator:wikidata":"Q3333785","public_transport":"station","railway":"station","station":"subway","subway":"yes","wikidata":"Q61365190","wikipedia":"id:Stasiun MRT Dukuh Atas"},"id":"node/6196107720"},{"type":"Feature","geometry":{"type":"Point","coordinates":[106.821695,-6.209065]},"properties":{"@id":"node/6196107721","addr:city":"South Jakarta","addr:street":"Jalan Jend. Sudirman","alt_name":"Stasiun Setiabudi","internet_access":"yes","name":"Setiabudi Astra","network":"MRT Jakarta","network:short":"MRTJ","network:wikidata":"Q3333785","operator":"MRT Jakarta","operator:wikidata":"Q3333785","public_transport":"station","railway":"station","station":"subway","subway":"yes","wikidata":"Q61365174","wikipedia":"id:Stasiun MRT Setiabudi"},"id":"node/6196107721"},{"type":"Feature","geometry":{"type":"Point","coordinates":[106.817948,-6.215026]},"properties":{"@id":"node/6196107722","alt_name":"Stasiun Bendungan Hilir","amenity":"bus_station","name":"Bendungan Hilir","network":"MRT Jakarta","network:short":"MRTJ","network:wikidata":"Q3333785","note":"tidak perlu menambahkan naming rights","operator":"MRT Jakarta","operator:wikidata":"Q3333785","public_transport":"station","railway":"station","station":"subway","subway":"yes","wikidata":"Q61365164","wikipedia":"id:Stasiun MRT Bendungan Hilir"},"id":"node/6196107722"},{"type":"Feature","geometry":{"type":"Point","coordinates":[106.808623,-6.22239]},"properties":{"@id":"node/6196107723","addr:city":"South Jakarta","addr:street":"Jalan Jend. Sudirman","alt_name":"Stasiun Istora","description":"North-South Line","internet_access":"yes","name":"Istora Mandiri","network":"MRT Jakarta","network:short":"MRTJ","network:wikidata":"Q3333785","operator":"MRT Jakarta","operator:wikidata":"Q3333785","public_transport":"station","railway":"station","station":"subway","subway":"yes","wikidata":"Q61365156","wikipedia":"id:Stasiun MRT Istora"},"id":"node/6196107723"},{"type":"Feature","geometry":{"type":"Point","coordinates":[106.802493,-6.226734]},"properties":{"@id":"node/6196107724","alt_name":"Stasiun Senayan","name":"Senayan Mastercard","network":"MRT Jakarta","network:short":"MRTJ","network:wikidata":"Q3333785","operator":"MRT Jakarta","operator:wikidata":"Q3333785","public_transport":"station","railway":"station","station":"subway","subway":"yes","wikidata":"Q61365153","wikipedia":"id:Stasiun MRT Senayan","wikipedia:en":"en:Senayan Mastercard MRT station"},"id":"node/6196107724"},{"type":"Feature","geometry":{"type":"Point","coordinates":[106.798133,-6.244464]},"properties":{"@id":"node/6196107726","alt_name":"Stasiun Blok M","name":"Blok M BCA","network":"MRT Jakarta","network:short":"MRTJ","network:wikidata":"Q3333785","operator":"MRT Jakarta","operator:wikidata":"Q3333785","public_transport":"station","railway":"station","station":"subway","subway":"yes","wikidata":"Q61365118","wikipedia":"id:Stasiun MRT Blok M"},"id":"node/6196107726"},{"type":"Feature","geometry":{"type":"Point","coordinates":[106.79714,-6.255779]},"properties":{"@id":"node/6196107727","alt_name":"Stasiun Blok A","name":"Blok A","network":"MRT Jakarta","network:short":"MRTJ","network:wikidata":"Q3333785","note":"tidak perlu menambahkan naming rights","operator":"MRT Jakarta","operator:wikidata":"Q3333785","public_transport":"station","railway":"station","station":"subway","subway":"yes","wikidata":"Q61365108","wikipedia":"id:Stasiun MRT Blok A"},"id":"node/6196107727"},{"type":"Feature","geometry":{"type":"Point","coordinates":[106.797326,-6.266695]},"properties":{"@id":"node/6196107728","alt_name":"Stasiun Haji Nawi","name":"Haji Nawi","network":"MRT Jakarta","network:short":"MRTJ","network:wikidata":"Q3333785","note":"tidak perlu menambahkan naming rights","operator":"MRT Jakarta","operator:wikidata":"Q3333785","public_transport":"station","railway":"station","station":"subway","subway":"yes","wikidata":"Q61365102","wikipedia":"id:Stasiun MRT Haji Nawi"},"id":"node/6196107728"},{"type":"Feature","geometry":{"type":"Point","coordinates":[106.797316,-6.27836]},"properties":{"@id":"node/6196107729","alt_name":"Stasiun Cipete Raya","name":"Cipete Raya TUKU","network":"MRT Jakarta","network:short":"MRTJ","network:wikidata":"Q3333785","operator":"MRT Jakarta","operator:wikidata":"Q3333785","public_transport":"station","railway":"station","station":"subway","subway":"yes","wikidata":"Q61365099","wikipedia":"id:Stasiun MRT Cipete Raya"},"id":"node/6196107729"},{"type":"Feature","geometry":{"type":"Point","coordinates":[106.857072,-6.243485]},"properties":{"@id":"node/6720467131","addr:city":"Jakarta","light_rail":"yes","name":"Cikoko","network":"LRT Jabodebek","network:wikidata":"Q20427104","operator":"PT Kereta Api Indonesia (Persero), Divisi LRT Jabodebek","public_transport":"station","railway":"station","station":"light_rail","wikidata":"Q10166205","wikipedia":"id:Stasiun LRT Cikoko"},"id":"node/6720467131"},{"type":"Feature","geometry":{"type":"Point","coordinates":[106.838515,-6.242141]},"properties":{"@id":"node/6720467132","addr:city":"Jakarta","light_rail":"yes","name":"Pancoran","network":"LRT Jabodebek","network:wikidata":"Q20427104","operator":"PT Kereta Api Indonesia (Persero), Divisi LRT Jabodebek","public_transport":"station","railway":"station","station":"light_rail","wikidata":"Q10166185","wikipedia":"id:Stasiun LRT Pancoran"},"id":"node/6720467132"},{"type":"Feature","geometry":{"type":"Point","coordinates":[106.830221,-6.209318]},"properties":{"@id":"node/6720467135","addr:city":"Jakarta","light_rail":"yes","name":"Setiabudi","network":"LRT Jabodebek","network:wikidata":"Q20427104","operator":"PT Kereta Api Indonesia (Persero), Divisi LRT Jabodebek","public_transport":"station","railway":"station","station":"light_rail","wikidata":"Q21177475","wikipedia":"id:Stasiun LRT Setiabudi"},"id":"node/6720467135"},{"type":"Feature","geometry":{"type":"Point","coordinates":[106.832237,-6.221609]},"properties":{"@id":"node/6720467136","addr:city":"Jakarta","light_rail":"yes","name":"Rasuna Said","network":"LRT Jabodebek","network:wikidata":"Q20427104","operator":"PT Kereta Api Indonesia (Persero), Divisi LRT Jabodebek","public_transport":"station","railway":"station","station":"light_rail","wikidata":"Q25580740","wikipedia":"id:Stasiun LRT Rasuna Said"},"id":"node/6720467136"},{"type":"Feature","geometry":{"type":"Point","coordinates":[106.859753,-6.212567]},"properties":{"@id":"node/7764926504","alt_name":"Stasiun Matraman","name":"Matraman","network":"KAI Commuter","network:wikidata":"Q12501611","operator":"PT Kereta Api Indonesia","operator:website":"https://www.kai.id","operator:wikidata":"Q2745027","public_transport":"station","railway":"station","railway:ref":"MTR","train":"yes","wikidata":"Q65341446","wikipedia":"id:Stasiun Matraman"},"id":"node/7764926504"},{"type":"Feature","geometry":{"type":"Point","coordinates":[106.963211,-6.25465]},"properties":{"@id":"node/8174072564","addr:city":"Jakarta","addr:street":"Jalan Batu Mulia","light_rail":"yes","name":"Cikunir 2","network":"LRT Jabodebek","operator":"PT Kereta Api Indonesia (Persero), Divisi LRT Jabodebek","public_transport":"station","railway":"station","station":"light_rail","wikidata":"Q33022543","wikipedia":"id:Stasiun LRT Cikunir 2"},"id":"node/8174072564"},{"type":"Feature","geometry":{"type":"Point","coordinates":[106.951873,-6.2566]},"properties":{"@id":"node/8174072565","addr:city":"Kota Bekasi","addr:street":"Jalan Caman Raya","light_rail":"yes","name":"Cikunir 1","network":"LRT Jabodebek","operator":"PT Kereta Api Indonesia (Persero), Divisi LRT Jabodebek","public_transport":"station","railway":"station","station":"light_rail","wikidata":"Q33022012","wikipedia":"id:Stasiun LRT Cikunir 1"},"id":"node/8174072565"},{"type":"Feature","geometry":{"type":"Point","coordinates":[106.92792,-6.257748]},"properties":{"@id":"node/8174072566","addr:city":"Jakarta","light_rail":"yes","name":"Jatibening Baru","network":"LRT Jabodebek","operator":"PT Kereta Api Indonesia (Persero), Divisi LRT Jabodebek","public_transport":"station","railway":"station","station":"light_rail","wikidata":"Q33020703","wikipedia":"id:Stasiun LRT Jati Bening Baru"},"id":"node/8174072566"},{"type":"Feature","geometry":{"type":"Point","coordinates":[106.833203,-6.228773]},"properties":{"@id":"node/8174072567","addr:city":"Jakarta","light_rail":"yes","name":"Kuningan","network":"LRT Jabodebek","network:wikidata":"Q20427104","operator":"PT Kereta Api Indonesia (Persero), Divisi LRT Jabodebek","public_transport":"station","railway":"station","station":"light_rail","wikidata":"Q10166373","wikipedia":"id:Stasiun LRT Kuningan"},"id":"node/8174072567"},{"type":"Feature","geometry":{"type":"Point","coordinates":[106.82553,-6.204828]},"properties":{"@id":"node/8174072570","addr:city":"Jakarta","light_rail":"yes","name":"Dukuh Atas Bank Syariah Indonesia","network":"LRT Jabodebek","network:wikidata":"Q20427104","old_name":"Dukuh Atas","operator":"PT Kereta Api Indonesia (Persero), Divisi LRT Jabodebek","public_transport":"station","railway":"station","station":"light_rail","wikidata":"Q19740981","wikipedia":"id:Stasiun LRT Dukuh Atas BNI"},"id":"node/8174072570"},{"type":"Feature","geometry":{"type":"Point","coordinates":[106.863971,-6.243446]},"properties":{"@id":"node/8487603262","addr:city":"Jakarta","light_rail":"yes","name":"Ciliwung","network":"LRT Jabodebek","network:wikidata":"Q20427104","operator":"PT Kereta Api Indonesia (Persero), Divisi LRT Jabodebek","public_transport":"station","railway":"station","station":"light_rail","wikidata":"Q10166356","wikipedia":"id:Stasiun LRT Ciliwung"},"id":"node/8487603262"},{"type":"Feature","geometry":{"type":"Point","coordinates":[106.900553,-6.168841]},"properties":{"@id":"node/9201422018","description":"name=STASIUN LTRJ BOULEVARD SELATAN addr:country=ID addr:city==BOULEVARD SELATAN type=public_transport public_transport=stop_position route=light_rail operator=LRT Jakarta stop_id=40004 stop_code=VEL","name":"STASIUN LTRJ BOULEVARD SELATAN","public_transport":"station","tram":"yes"},"id":"node/9201422018"},{"type":"Feature","geometry":{"type":"Point","coordinates":[106.665287,-6.172027]},"properties":{"@id":"node/9201422096","alt_name":"Poris Plawad","name":"Batu Ceper","network":"KAI Commuter","network:wikidata":"Q12501611","operator":"PT KAI","public_transport":"station","railway":"station","train":"yes","wikidata":"Q19740836","wikipedia":"id:Stasiun Batu Ceper"},"id":"node/9201422096"},{"type":"Feature","geometry":{"type":"Point","coordinates":[106.887288,-6.245866]},"properties":{"@id":"node/9761865798","addr:city":"Jakarta","light_rail":"yes","name":"Halim","network":"LRT Jabodebek","operator":"PT Kereta Api Indonesia (Persero), Divisi LRT Jabodebek","public_transport":"station","railway":"station","railway:ref":"HAL","station":"light_rail","wikidata":"Q111590566","wikipedia":"id:Stasiun Halim"},"id":"node/9761865798"},{"type":"Feature","geometry":{"type":"Point","coordinates":[106.844446,-6.208244]},"properties":{"@id":"node/11179200351","construction:railway":"station","light_rail":"yes","name":"Manggarai","network":"LRT Jakarta","note":"Do not add railway=station and/or public_transport=station tags before operational service","operator":"PT LRT Jakarta","public_transport":"station","railway":"construction","station":"light_rail","train":"yes"},"id":"node/11179200351"},{"type":"Feature","geometry":{"type":"Point","coordinates":[106.850121,-6.202167]},"properties":{"@id":"node/11179200352","check_date":"2023-10-30","construction:railway":"station","light_rail":"yes","name":"Matraman","network":"LRT Jakarta","note":"Do not add railway=station and/or public_transport=station tags before operational service","operator":"PT LRT Jakarta","public_transport":"station","railway":"construction","start_date":"2026","station":"light_rail","train":"yes"},"id":"node/11179200352"},{"type":"Feature","geometry":{"type":"Point","coordinates":[106.85888,-6.195812]},"properties":{"@id":"node/11179200353","check_date":"2023-10-30","construction:railway":"station","light_rail":"yes","name":"Pasar Pramuka","network":"LRT Jakarta","note":"Do not add railway=station and/or public_transport=station tags before operational service","operator":"PT LRT Jakarta","public_transport":"station","railway":"construction","start_date":"2026","station":"light_rail","train":"yes"},"id":"node/11179200353"},{"type":"Feature","geometry":{"type":"Point","coordinates":[106.870737,-6.192021]},"properties":{"@id":"node/11179200354","check_date":"2023-10-30","construction:railway":"station","light_rail":"yes","name":"Pramuka BPKP","network":"LRT Jakarta","note":"Do not add railway=station and/or public_transport=station tags before operational service","operator":"PT LRT Jakarta","public_transport":"station","railway":"construction","start_date":"2026","station":"light_rail","train":"yes"},"id":"node/11179200354"},{"type":"Feature","geometry":{"type":"Point","coordinates":[106.882572,-6.193143]},"properties":{"@id":"node/11179200355","construction:railway":"station","light_rail":"yes","name":"Rawamangun","network":"LRT Jakarta","note":"Do not add railway=station and/or public_transport=station tags before operational service","operator":"PT LRT Jakarta","public_transport":"station","railway":"construction","station":"light_rail","train":"yes"},"id":"node/11179200355"},{"type":"Feature","geometry":{"type":"Point","coordinates":[106.736134,-6.160214]},"properties":{"@id":"node/11201927617","addr:city":"DKI Jakarta","alt_name":"Stasiun Bojong Indah","name":"Bojong Indah","network":"KAI Commuter","network:wikidata":"Q12501611","operator":"PT Kereta Api Indonesia","public_transport":"station","railway":"station","ref":"BOI","train":"yes","wikidata":"Q19740874","wikipedia":"id:Stasiun Bojong Indah"},"id":"node/11201927617"},{"type":"Feature","geometry":{"type":"Point","coordinates":[106.838893,-6.128133]},"properties":{"@id":"node/11291575250","name":"Pasar Seni","public_transport":"station","railway":"station"},"id":"node/11291575250"},{"type":"Feature","geometry":{"type":"Point","coordinates":[106.852659,-6.11937]},"properties":{"@id":"node/11291575251","name":"Bende","public_transport":"station","railway":"station"},"id":"node/11291575251"},{"type":"Feature","geometry":{"type":"Point","coordinates":[106.847684,-6.120901]},"properties":{"@id":"node/11291575260","name":"Beach Pool","public_transport":"station","railway":"station"},"id":"node/11291575260"},{"type":"Feature","geometry":{"type":"Point","coordinates":[106.844568,-6.123029]},"properties":{"@id":"node/11291575264","name":"Gerbang Timur","public_transport":"station","railway":"station"},"id":"node/11291575264"},{"type":"Feature","geometry":{"type":"Point","coordinates":[106.841594,-6.127152]},"properties":{"@id":"node/11291575265","name":"Sea World","public_transport":"station","railway":"station"},"id":"node/11291575265"},{"type":"Feature","geometry":{"type":"Point","coordinates":[106.833604,-6.12722]},"properties":{"@id":"node/11291586380","name":"Dunia Fantasi","public_transport":"station","railway":"station"},"id":"node/11291586380"},{"type":"Feature","geometry":{"type":"Point","coordinates":[106.831205,-6.126921]},"properties":{"@id":"node/11291586381","name":"Marina","public_transport":"station","railway":"station"},"id":"node/11291586381"},{"type":"Feature","geometry":{"type":"Point","coordinates":[106.820269,-6.165706]},"properties":{"@id":"node/11558883890","addr:city":"Central Jakarta","alt_name":"Stasiun Harmoni","construction:railway":"station","name":"Harmoni","network":"MRT Jakarta","network:short":"MRTJ","network:wikidata":"Q3333785","note":"Do not add railway=station and/or public_transport=station tags before operational service","operator":"MRT Jakarta","operator:wikidata":"Q3333785","station":"subway","status":"inactive","subway":"yes"},"id":"node/11558883890"},{"type":"Feature","geometry":{"type":"Point","coordinates":[106.819115,-6.160577]},"properties":{"@id":"node/11558883896","addr:city":"Central Jakarta","alt_name":"Stasiun Sawah Besar","construction:railway":"station","name":"Sawah Besar","name:zh":"新巴剎","network":"MRT Jakarta","network:short":"MRTJ","network:wikidata":"Q3333785","note":"Do not add railway=station and/or public_transport=station tags before operational service","operator":"MRT Jakarta","operator:wikidata":"Q3333785","station":"subway","status":"inactive","subway":"yes"},"id":"node/11558883896"},{"type":"Feature","geometry":{"type":"Point","coordinates":[106.817305,-6.151204]},"properties":{"@id":"node/11558883922","addr:city":"Central Jakarta","alt_name":"Stasiun Mangga Besar","construction:railway":"station","name":"Mangga Besar","network":"MRT Jakarta","network:short":"MRTJ","network:wikidata":"Q3333785","note":"Do not add railway=station and/or public_transport=station tags before operational service","operator":"MRT Jakarta","operator:wikidata":"Q3333785","station":"subway","status":"inactive","subway":"yes"},"id":"node/11558883922"},{"type":"Feature","geometry":{"type":"Point","coordinates":[106.815742,-6.145529]},"properties":{"@id":"node/11558890839","addr:city":"Central Jakarta","alt_name":"Stasiun Glodok","construction:railway":"station","name":"Glodok","name:zh":"草埔","network":"MRT Jakarta","network:short":"MRTJ","network:wikidata":"Q3333785","note":"Do not add railway=station and/or public_transport=station tags before operational service","operator":"MRT Jakarta","operator:wikidata":"Q3333785","station":"subway","status":"inactive","subway":"yes"},"id":"node/11558890839"},{"type":"Feature","geometry":{"type":"Point","coordinates":[106.652516,-6.127279]},"properties":{"@id":"node/12035137991","addr:city":"Tangerang","addr:province":"Banten","addr:subdistrict":"Benda","name":"Bandara Soekarno-Hatta","network":"KAI Commuter","network:wikidata":"Q12501611","note":"Karena berbeda jenis kereta api, dibuat dua titik stasiun berbeda walaupun bangunan stasiun terhubung.","operator":"KAI Commuter","public_transport":"station","railway":"station","train":"yes","wikidata":"Q44368381","wikipedia":"id:Stasiun Bandara Soekarno-Hatta"},"id":"node/12035137991"},{"type":"Feature","geometry":{"type":"Point","coordinates":[106.87123,-6.245907]},"properties":{"@id":"node/12260707174","addr:city":"Jakarta","light_rail":"yes","name":"Cawang","network":"LRT Jabodebek","network:wikidata":"Q20427104","operator":"PT Kereta Api Indonesia (Persero), Divisi LRT Jabodebek","public_transport":"station","railway":"station","station":"light_rail","wikidata":"Q19726745","wikipedia":"id:Stasiun LRT Cawang"},"id":"node/12260707174"},{"type":"Feature","geometry":{"type":"Point","coordinates":[106.831934,-6.204317]},"properties":{"@id":"node/12466998567","name":"Latuharhari","network":"KAI Commuter","network:wikidata":"Q12501611","operator":"PT Kereta Api Indonesia","proposed:railway":"station","public_transport":"proposed"},"id":"node/12466998567"},{"type":"Feature","geometry":{"type":"Point","coordinates":[106.792257,-6.174964]},"properties":{"@id":"node/12581548214","name":"Tomang","network:wikidata":"Q3333785","operator":"PT MRT Jakarta (Perseroda)","operator:wikidata":"Q3333785","proposed:railway":"station","public_transport":"proposed","ref":"TB21"},"id":"node/12581548214"},{"type":"Feature","geometry":{"type":"Point","coordinates":[106.790476,-6.166585]},"properties":{"@id":"node/12581548215","name":"Grogol","network:wikidata":"Q3333785","operator":"PT MRT Jakarta (Perseroda)","operator:wikidata":"Q3333785","proposed:railway":"station","public_transport":"proposed","ref":"TB22"},"id":"node/12581548215"},{"type":"Feature","geometry":{"type":"Point","coordinates":[106.802196,-6.165848]},"properties":{"@id":"node/12581548216","name":"Roxy","network:wikidata":"Q3333785","operator":"PT MRT Jakarta (Perseroda)","operator:wikidata":"Q3333785","proposed:railway":"station","public_transport":"proposed","ref":"TB23"},"id":"node/12581548216"},{"type":"Feature","geometry":{"type":"Point","coordinates":[106.811152,-6.171403]},"properties":{"@id":"node/12581548217","name":"Petojo","network:wikidata":"Q3333785","operator":"PT MRT Jakarta (Perseroda)","operator:wikidata":"Q3333785","proposed:railway":"station","public_transport":"proposed","ref":"TB24"},"id":"node/12581548217"},{"type":"Feature","geometry":{"type":"Point","coordinates":[106.817069,-6.18197]},"properties":{"@id":"node/12581548218","name":"Cideng","network:wikidata":"Q3333785","operator":"PT MRT Jakarta (Perseroda)","operator:wikidata":"Q3333785","proposed:railway":"station","public_transport":"proposed","ref":"TB25"},"id":"node/12581548218"},{"type":"Feature","geometry":{"type":"Point","coordinates":[106.823049,-6.183315]},"properties":{"@id":"node/12581548219","addr:city":"Central Jakarta","addr:street":"Jalan M.H. Thamrin","construction:railway":"station","name":"Thamrin","network":"MRT Jakarta","network:short":"MRTJ","network:wikidata":"Q3333785","note":"Do not add railway=station and/or public_transport=station tags before operational service","operator":"MRT Jakarta","operator:wikidata":"Q3333785","ref":"TB26/M14","station":"subway","status":"inactive","subway":"yes"},"id":"node/12581548219"},{"type":"Feature","geometry":{"type":"Point","coordinates":[106.831493,-6.182772]},"properties":{"@id":"node/12581548220","name":"Kebon Sirih","network:wikidata":"Q3333785","operator":"PT MRT Jakarta (Perseroda)","operator:wikidata":"Q3333785","proposed:railway":"station","public_transport":"proposed","ref":"TB27"},"id":"node/12581548220"},{"type":"Feature","geometry":{"type":"Point","coordinates":[106.837521,-6.181499]},"properties":{"@id":"node/12581548221","name":"Kwitang","network:wikidata":"Q3333785","operator":"PT MRT Jakarta (Perseroda)","operator:wikidata":"Q3333785","proposed:railway":"station","public_transport":"proposed","ref":"TB28"},"id":"node/12581548221"},{"type":"Feature","geometry":{"type":"Point","coordinates":[106.845119,-6.175808]},"properties":{"@id":"node/12581548222","name":"Pasar Senen","network:wikidata":"Q3333785","operator":"PT MRT Jakarta (Perseroda)","operator:wikidata":"Q3333785","proposed:railway":"station","public_transport":"proposed","ref":"TB29"},"id":"node/12581548222"},{"type":"Feature","geometry":{"type":"Point","coordinates":[106.854419,-6.174424]},"properties":{"@id":"node/12581548223","name":"Galur","network:wikidata":"Q3333785","operator":"PT MRT Jakarta (Perseroda)","operator:wikidata":"Q3333785","proposed:railway":"station","public_transport":"proposed","ref":"TB30"},"id":"node/12581548223"},{"type":"Feature","geometry":{"type":"Point","coordinates":[106.862371,-6.172358]},"properties":{"@id":"node/12581548224","name":"Cempaka Putih","network:wikidata":"Q3333785","operator":"PT MRT Jakarta (Perseroda)","operator:wikidata":"Q3333785","proposed:railway":"station","public_transport":"proposed","ref":"TB31"},"id":"node/12581548224"},{"type":"Feature","geometry":{"type":"Point","coordinates":[106.875865,-6.16659]},"properties":{"@id":"node/12581548225","name":"Sumur Batu","network:wikidata":"Q3333785","operator":"PT MRT Jakarta (Perseroda)","operator:wikidata":"Q3333785","proposed:railway":"station","public_transport":"proposed","ref":"TB32"},"id":"node/12581548225"},{"type":"Feature","geometry":{"type":"Point","coordinates":[106.887453,-6.171003]},"properties":{"@id":"node/12581548244","name":"Pakulonan Barat","network:wikidata":"Q3333785","operator":"PT MRT Jakarta (Perseroda)","operator:wikidata":"Q3333785","proposed:railway":"station","public_transport":"proposed","ref":"TB33"},"id":"node/12581548244"},{"type":"Feature","geometry":{"type":"Point","coordinates":[106.89367,-6.17561]},"properties":{"@id":"node/12581548249","name":"Pulomas","network:wikidata":"Q3333785","operator":"PT MRT Jakarta (Perseroda)","operator:wikidata":"Q3333785","proposed:railway":"station","public_transport":"proposed","ref":"TB34"},"id":"node/12581548249"},{"type":"Feature","geometry":{"type":"Point","coordinates":[106.915403,-6.182574]},"properties":{"@id":"node/12581564184","name":"Perintis","network:wikidata":"Q3333785","operator":"PT MRT Jakarta (Perseroda)","operator:wikidata":"Q3333785","proposed:railway":"station","public_transport":"proposed","ref":"TB35"},"id":"node/12581564184"},{"type":"Feature","geometry":{"type":"Point","coordinates":[106.922911,-6.183351]},"properties":{"@id":"node/12581564185","name":"Pulogadung","network:wikidata":"Q3333785","operator":"PT MRT Jakarta (Perseroda)","operator:wikidata":"Q3333785","proposed:railway":"station","public_transport":"proposed","ref":"TB36"},"id":"node/12581564185"},{"type":"Feature","geometry":{"type":"Point","coordinates":[106.934366,-6.182907]},"properties":{"@id":"node/12581564186","name":"Penggilingan","network:wikidata":"Q3333785","operator":"PT MRT Jakarta (Perseroda)","operator:wikidata":"Q3333785","proposed:railway":"station","public_transport":"proposed","ref":"TB37"},"id":"node/12581564186"},{"type":"Feature","geometry":{"type":"Point","coordinates":[106.955251,-6.186667]},"properties":{"@id":"node/12581564187","name":"Pulogebang","network:wikidata":"Q3333785","operator":"PT MRT Jakarta (Perseroda)","operator:wikidata":"Q3333785","proposed:railway":"station","public_transport":"proposed","ref":"TB39"},"id":"node/12581564187"},{"type":"Feature","geometry":{"type":"Point","coordinates":[106.942028,-6.184328]},"properties":{"@id":"node/12581564188","name":"Cakung Barat","network:wikidata":"Q3333785","operator":"PT MRT Jakarta (Perseroda)","operator:wikidata":"Q3333785","proposed:railway":"station","public_transport":"proposed","ref":"TB38"},"id":"node/12581564188"},{"type":"Feature","geometry":{"type":"Point","coordinates":[106.823409,-6.177256]},"properties":{"@id":"node/12709406472","addr:city":"Central Jakarta","construction:railway":"station","name":"Monas","network":"MRT Jakarta","network:short":"MRTJ","network:wikidata":"Q3333785","note":"Do not add railway=station and/or public_transport=station tags before operational service","operator":"MRT Jakarta","operator:wikidata":"Q3333785","station":"subway","status":"inactive","subway":"yes"},"id":"node/12709406472"},{"type":"Feature","geometry":{"type":"Point","coordinates":[106.814025,-6.139305]},"properties":{"@id":"node/12709406473","addr:city":"Central Jakarta","alt_name":"Stasiun MRT Jakarta Kota","construction:railway":"station","name":"Jakarta Kota","network":"MRT Jakarta","network:short":"MRTJ","network:wikidata":"Q3333785","note":"Do not add railway=station and/or public_transport=station tags before operational service","operator":"MRT Jakarta","operator:wikidata":"Q3333785","station":"subway","status":"inactive","subway":"yes"},"id":"node/12709406473"},{"type":"Feature","geometry":{"type":"Point","coordinates":[106.86138,-6.122821]},"properties":{"@id":"node/12759194100","name":"Jakarta International Stadium","operational_status":"non_operational","proposed":"station","public_transport":"station","railway":"proposed","train":"yes"},"id":"node/12759194100"},{"type":"Feature","geometry":{"type":"Point","coordinates":[106.652947,-6.127128]},"properties":{"@id":"node/13257085881","light_rail":"yes","name":"Bandara Soekarno-Hatta","name:en":"SHIA Railway Station","network":"Kalayang Bandar Udara","operator":"Injourney Airports","public_transport":"station","railway":"station","station":"light_rail"},"id":"node/13257085881"},{"type":"Feature","geometry":{"type":"Point","coordinates":[106.655816,-6.130291]},"properties":{"@id":"node/13257085882","light_rail":"yes","name":"Terminal 1","network":"Kalayang Bandar Udara","operator":"Injourney Airports","public_transport":"station","railway":"station","station":"light_rail","wikidata":"Q55075145","wikipedia":"id:Kalayang Bandara Soekarno–Hatta"},"id":"node/13257085882"},{"type":"Feature","geometry":{"type":"Point","coordinates":[106.653021,-6.123135]},"properties":{"@id":"node/13257085883","light_rail":"yes","name":"Terminal 2","network":"Kalayang Bandar Udara","operator":"Injourney Airports","public_transport":"station","railway":"station","station":"light_rail","wikidata":"Q55075145","wikipedia":"id:Kalayang Bandara Soekarno–Hatta"},"id":"node/13257085883"},{"type":"Feature","geometry":{"type":"Point","coordinates":[106.665118,-6.11979]},"properties":{"@id":"node/13257085884","light_rail":"yes","name":"Terminal 3","network":"Kalayang Bandar Udara","operator":"Injourney Airports","public_transport":"station","railway":"station","station":"light_rail","wikidata":"Q55075145","wikipedia":"id:Kalayang Bandara Soekarno–Hatta"},"id":"node/13257085884"},{"type":"Feature","properties":{"name":"Gondola Ancol"},"geometry":{"type":"LineString","coordinates":[[106.83249,-6.121139],[106.832808,-6.121156],[106.833904,-6.121195],[106.835521,-6.121255],[106.837535,-6.121328],[106.838278,-6.121353],[106.838413,-6.121363],[106.838587,-6.121593],[106.83917,-6.122493],[106.839826,-6.123492],[106.840495,-6.124532],[106.841221,-6.125637]]}},{"type":"Feature","properties":{"name":"Stasiun A"},"geometry":{"type":"Point","coordinates":[106.832495,-6.121136]}},{"type":"Feature","properties":{"name":"Stasiun B"},"geometry":{"type":"Point","coordinates":[106.838432,-6.12139]}},{"type":"Feature","properties":{"name":"Stasiun C"},"geometry":{"type":"Point","coordinates":[106.841209,-6.12562]}}]}