{
  "type": "FeatureCollection",
  "generator": "overpass-turbo",
  "copyright": "The data included in this document is from www.openstreetmap.org. The data is made available under ODbL.",
  "timestamp": "2026-05-01T16:46:45Z",
  "features": [
    {
      "type": "Feature",
      "properties": {
        "@id": "way/770719051",
        "area": "yes",
        "name": "Disneyland Resort Transportation Plaza",
        "public_transport": "station"
      },
      "geometry": {
        "type": "Polygon",
        "coordinates": [
          [
            [
              -117.917987,
              33.8088149
            ],
            [
              -117.9179727,
              33.8088151
            ],
            [
              -117.917973,
              33.8088256
            ],
            [
              -117.9179731,
              33.8088309
            ],
            [
              -117.9179622,
              33.8088309
            ],
            [
              -117.9179235,
              33.8088315
            ],
            [
              -117.9178869,
              33.8088321
            ],
            [
              -117.9178873,
              33.8088687
            ],
            [
              -117.9178652,
              33.8088689
            ],
            [
              -117.9178451,
              33.8088713
            ],
            [
              -117.9178407,
              33.8088592
            ],
            [
              -117.9160539,
              33.8088721
            ],
            [
              -117.9160535,
              33.808964
            ],
            [
              -117.9160535,
              33.8089821
            ],
            [
              -117.9160367,
              33.8089788
            ],
            [
              -117.9160065,
              33.8089704
            ],
            [
              -117.9159817,
              33.8089593
            ],
            [
              -117.9159522,
              33.8089386
            ],
            [
              -117.915939,
              33.8089258
            ],
            [
              -117.9159235,
              33.8088891
            ],
            [
              -117.9159185,
              33.8088687
            ],
            [
              -117.9159168,
              33.8087698
            ],
            [
              -117.9159411,
              33.8087705
            ],
            [
              -117.9159412,
              33.808752
            ],
            [
              -117.9159386,
              33.8081129
            ],
            [
              -117.9157082,
              33.8081125
            ],
            [
              -117.9155815,
              33.8080934
            ],
            [
              -117.9155099,
              33.8080935
            ],
            [
              -117.9155044,
              33.8080871
            ],
            [
              -117.9155021,
              33.808188
            ],
            [
              -117.9154985,
              33.8090152
            ],
            [
              -117.9154985,
              33.8091056
            ],
            [
              -117.9154997,
              33.8091876
            ],
            [
              -117.9155012,
              33.8095459
            ],
            [
              -117.9155008,
              33.8096265
            ],
            [
              -117.9154799,
              33.8103724
            ],
            [
              -117.9154853,
              33.8104766
            ],
            [
              -117.91549,
              33.8104898
            ],
            [
              -117.9154983,
              33.8105079
            ],
            [
              -117.915522,
              33.8105351
            ],
            [
              -117.9155312,
              33.8105415
            ],
            [
              -117.9155587,
              33.8105532
            ],
            [
              -117.9155831,
              33.8105593
            ],
            [
              -117.9156073,
              33.8105628
            ],
            [
              -117.9158737,
              33.8105796
            ],
            [
              -117.9159082,
              33.8105819
            ],
            [
              -117.9159281,
              33.8105529
            ],
            [
              -117.9159477,
              33.8105054
            ],
            [
              -117.9159626,
              33.8104549
            ],
            [
              -117.9159668,
              33.8104289
            ],
            [
              -117.9159626,
              33.8097657
            ],
            [
              -117.9159626,
              33.8097535
            ],
            [
              -117.9160763,
              33.809753
            ],
            [
              -117.9160654,
              33.8097646
            ],
            [
              -117.916077,
              33.8100634
            ],
            [
              -117.9160951,
              33.8100636
            ],
            [
              -117.9162301,
              33.8100654
            ],
            [
              -117.9162348,
              33.8100654
            ],
            [
              -117.9162375,
              33.8100653
            ],
            [
              -117.9163316,
              33.8100688
            ],
            [
              -117.9163435,
              33.8100707
            ],
            [
              -117.9163543,
              33.8100725
            ],
            [
              -117.916379,
              33.8100764
            ],
            [
              -117.9164176,
              33.8100927
            ],
            [
              -117.9164618,
              33.8101176
            ],
            [
              -117.9164976,
              33.8101391
            ],
            [
              -117.916539,
              33.8101542
            ],
            [
              -117.9165803,
              33.8101592
            ],
            [
              -117.9166124,
              33.8101602
            ],
            [
              -117.9166588,
              33.8101541
            ],
            [
              -117.9167009,
              33.8101416
            ],
            [
              -117.9167633,
              33.8101051
            ],
            [
              -117.916882,
              33.8100209
            ],
            [
              -117.9170627,
              33.8099069
            ],
            [
              -117.9172102,
              33.8098245
            ],
            [
              -117.9172918,
              33.8097769
            ],
            [
              -117.9173648,
              33.8097439
            ],
            [
              -117.9174928,
              33.8096833
            ],
            [
              -117.917699,
              33.8096081
            ],
            [
              -117.9178767,
              33.8095503
            ],
            [
              -117.9179657,
              33.8095275
            ],
            [
              -117.9179894,
              33.8095216
            ],
            [
              -117.9180037,
              33.8095192
            ],
            [
              -117.9179919,
              33.809506
            ],
            [
              -117.9179836,
              33.8094967
            ],
            [
              -117.9179846,
              33.8094105
            ],
            [
              -117.9179858,
              33.8090934
            ],
            [
              -117.9179867,
              33.8088648
            ],
            [
              -117.9179868,
              33.8088333
            ],
            [
              -117.9179873,
              33.8088255
            ],
            [
              -117.917987,
              33.8088149
            ]
          ]
        ]
      },
      "id": "way/770719051"
    },
    {
      "type": "Feature",
      "properties": {
        "@id": "way/4004143",
        "bridge": "yes",
        "gauge": "914",
        "layer": "1",
        "oneway": "yes",
        "railway": "narrow_gauge",
        "website": "https://disneyland.disney.go.com/disneyland/disneyland-railroad/"
      },
      "geometry": {
        "type": "LineString",
        "coordinates": [
          [
            -117.9185849,
            33.8099099
          ],
          [
            -117.9186721,
            33.8099093
          ]
        ]
      },
      "id": "way/4004143"
    },
    {
      "type": "Feature",
      "properties": {
        "@id": "way/23809355",
        "bridge": "yes",
        "electrified": "no",
        "gauge": "1435",
        "layer": "1",
        "maxspeed": "70 mph",
        "maxspeed:freight": "50 mph",
        "name": "Metrolink Orange Subdivision",
        "operator": "Southern California Regional Rail Authority",
        "owner": "Orange County Transportation Authority",
        "railway": "rail",
        "railway:ptc": "yes",
        "railway:track_class": "5",
        "railway:track_ref": "2",
        "source": "yahoo_imagery",
        "usage": "main"
      },
      "geometry": {
        "type": "LineString",
        "coordinates": [
          [
            -117.8976923,
            33.8124549
          ],
          [
            -117.8979995,
            33.812936
          ],
          [
            -117.8981423,
            33.8131766
          ],
          [
            -117.898281,
            33.8134137
          ]
        ]
      },
      "id": "way/23809355"
    },
    {
      "type": "Feature",
      "properties": {
        "@id": "way/23809356",
        "electrified": "no",
        "gauge": "1435",
        "maxspeed": "79 mph",
        "maxspeed:freight": "50 mph",
        "name": "Metrolink Orange Subdivision",
        "operator": "Southern California Regional Rail Authority",
        "owner": "Orange County Transportation Authority",
        "railway": "rail",
        "railway:ptc": "yes",
        "railway:track_class": "5",
        "railway:track_ref": "2",
        "source": "yahoo_imagery",
        "usage": "main"
      },
      "geometry": {
        "type": "LineString",
        "coordinates": [
          [
            -117.8996498,
            33.8167432
          ],
          [
            -117.9000513,
            33.8179578
          ],
          [
            -117.9000742,
            33.8180271
          ],
          [
            -117.9001258,
            33.8181593
          ],
          [
            -117.9001506,
            33.8182351
          ],
          [
            -117.900282,
            33.8186373
          ],
          [
            -117.9011853,
            33.8212195
          ],
          [
            -117.9017837,
            33.8230169
          ],
          [
            -117.9023302,
            33.8246625
          ],
          [
            -117.9023721,
            33.8247886
          ],
          [
            -117.9024035,
            33.8248832
          ],
          [
            -117.9024283,
            33.8249638
          ],
          [
            -117.9024721,
            33.8251059
          ],
          [
            -117.9035651,
            33.8284253
          ],
          [
            -117.9035898,
            33.8284949
          ],
          [
            -117.9036061,
            33.8285467
          ],
          [
            -117.9046272,
            33.8316395
          ],
          [
            -117.9049937,
            33.8327688
          ],
          [
            -117.9050099,
            33.8328159
          ],
          [
            -117.905029,
            33.8328738
          ],
          [
            -117.9057394,
            33.8350085
          ],
          [
            -117.9057666,
            33.8350905
          ],
          [
            -117.9064853,
            33.8372467
          ]
        ]
      },
      "id": "way/23809356"
    },
    {
      "type": "Feature",
      "properties": {
        "@id": "way/23819898",
        "electrified": "no",
        "gauge": "1435",
        "name": "Santa Ana Industrial Lead",
        "operator": "Union Pacific Railroad",
        "operator:wikidata": "Q725793",
        "owner": "Union Pacific Railroad",
        "railway": "rail",
        "source": "yahoo_imagery",
        "tiger:cfcc": "B11",
        "tiger:county": "Orange, CA",
        "tiger:name_base": "Union Pacific Railroad",
        "usage": "branch"
      },
      "geometry": {
        "type": "LineString",
        "coordinates": [
          [
            -117.8961211,
            33.8083987
          ],
          [
            -117.8959259,
            33.808423
          ],
          [
            -117.8957774,
            33.8084393
          ],
          [
            -117.8956693,
            33.8084483
          ],
          [
            -117.8955779,
            33.8084519
          ],
          [
            -117.8954825,
            33.8084539
          ],
          [
            -117.8953832,
            33.8084518
          ],
          [
            -117.8952861,
            33.8084503
          ],
          [
            -117.8951917,
            33.8084474
          ],
          [
            -117.8951036,
            33.8084436
          ],
          [
            -117.8950132,
            33.8084365
          ],
          [
            -117.8949161,
            33.8084243
          ],
          [
            -117.894825,
            33.8084102
          ],
          [
            -117.8947352,
            33.8083916
          ],
          [
            -117.8946198,
            33.8083654
          ],
          [
            -117.8940958,
            33.8082384
          ],
          [
            -117.8939759,
            33.8082084
          ],
          [
            -117.8939535,
            33.808201
          ],
          [
            -117.8938544,
            33.808168
          ],
          [
            -117.8937341,
            33.8081223
          ],
          [
            -117.8936148,
            33.808073
          ],
          [
            -117.8935218,
            33.8080335
          ],
          [
            -117.8934305,
            33.8079905
          ],
          [
            -117.8933598,
            33.8079534
          ],
          [
            -117.8932765,
            33.8079035
          ],
          [
            -117.8928838,
            33.8076431
          ],
          [
            -117.8925062,
            33.8074011
          ],
          [
            -117.8919549,
            33.8070715
          ],
          [
            -117.8914333,
            33.8067802
          ],
          [
            -117.8911936,
            33.8066574
          ],
          [
            -117.8909934,
            33.8065531
          ],
          [
            -117.8904094,
            33.8062644
          ],
          [
            -117.890163,
            33.8061668
          ],
          [
            -117.8898712,
            33.8060741
          ],
          [
            -117.8894272,
            33.8059282
          ]
        ]
      },
      "id": "way/23819898"
    },
    {
      "type": "Feature",
      "properties": {
        "@id": "way/28100020",
        "operator": "Union Pacific Railroad",
        "operator:wikidata": "Q725793",
        "railway": "rail"
      },
      "geometry": {
        "type": "LineString",
        "coordinates": [
          [
            -117.9012734,
            33.8095636
          ],
          [
            -117.9014169,
            33.8101695
          ]
        ]
      },
      "id": "way/28100020"
    },
    {
      "type": "Feature",
      "properties": {
        "@id": "way/33727280",
        "bridge": "yes",
        "electrified": "yes",
        "layer": "2",
        "oneway": "yes",
        "railway": "monorail"
      },
      "geometry": {
        "type": "LineString",
        "coordinates": [
          [
            -117.9156648,
            33.8115437
          ],
          [
            -117.9156366,
            33.8116585
          ],
          [
            -117.9156165,
            33.8117599
          ],
          [
            -117.9156071,
            33.8118691
          ],
          [
            -117.9156058,
            33.812102
          ],
          [
            -117.9156045,
            33.8124508
          ],
          [
            -117.9156015,
            33.8128203
          ]
        ]
      },
      "id": "way/33727280"
    },
    {
      "type": "Feature",
      "properties": {
        "@id": "way/49884676",
        "bridge": "yes",
        "gauge": "914",
        "layer": "2",
        "name": "Disneyland Railroad",
        "oneway": "yes",
        "railway": "narrow_gauge",
        "website": "https://disneyland.disney.go.com/disneyland/disneyland-railroad/"
      },
      "geometry": {
        "type": "LineString",
        "coordinates": [
          [
            -117.9226561,
            33.8122118
          ],
          [
            -117.922695,
            33.8123605
          ],
          [
            -117.9227263,
            33.8125118
          ]
        ]
      },
      "id": "way/49884676"
    },
    {
      "type": "Feature",
      "properties": {
        "@id": "way/49884677",
        "gauge": "914",
        "name": "Disneyland Railroad",
        "oneway": "yes",
        "railway": "narrow_gauge",
        "website": "https://disneyland.disney.go.com/disneyland/disneyland-railroad/"
      },
      "geometry": {
        "type": "LineString",
        "coordinates": [
          [
            -117.9227263,
            33.8125118
          ],
          [
            -117.9227307,
            33.8125306
          ]
        ]
      },
      "id": "way/49884677"
    },
    {
      "type": "Feature",
      "properties": {
        "@id": "way/62046214",
        "electrified": "no",
        "gauge": "1435",
        "maxspeed": "70 mph",
        "maxspeed:freight": "50 mph",
        "name": "Metrolink Orange Subdivision",
        "operator": "Southern California Regional Rail Authority",
        "owner": "Orange County Transportation Authority",
        "railway": "rail",
        "railway:ptc": "yes",
        "railway:track_class": "5",
        "railway:track_ref": "1",
        "source": "yahoo_imagery",
        "usage": "main"
      },
      "geometry": {
        "type": "LineString",
        "coordinates": [
          [
            -117.8876899,
            33.8053726
          ],
          [
            -117.8882348,
            33.8055468
          ],
          [
            -117.8890594,
            33.8058538
          ],
          [
            -117.889135,
            33.8058819
          ],
          [
            -117.8892971,
            33.8059433
          ],
          [
            -117.8898655,
            33.8061786
          ],
          [
            -117.8903348,
            33.806387
          ],
          [
            -117.8906728,
            33.8065486
          ],
          [
            -117.8910269,
            33.8067268
          ],
          [
            -117.8915365,
            33.807001
          ],
          [
            -117.8918986,
            33.8072082
          ],
          [
            -117.8924055,
            33.8075136
          ],
          [
            -117.892773,
            33.8077498
          ],
          [
            -117.893009,
            33.8079058
          ],
          [
            -117.8932397,
            33.808064
          ],
          [
            -117.8938861,
            33.8085298
          ],
          [
            -117.8942312,
            33.8087943
          ],
          [
            -117.8946026,
            33.8091053
          ],
          [
            -117.8948127,
            33.809288
          ],
          [
            -117.8950777,
            33.8095207
          ],
          [
            -117.895315,
            33.8097385
          ],
          [
            -117.8955415,
            33.8099564
          ],
          [
            -117.8958529,
            33.8102762
          ],
          [
            -117.8960388,
            33.8104676
          ],
          [
            -117.8960653,
            33.8104952
          ],
          [
            -117.8961301,
            33.8105628
          ],
          [
            -117.8962182,
            33.8106645
          ],
          [
            -117.8962882,
            33.8107451
          ],
          [
            -117.8965148,
            33.8110085
          ],
          [
            -117.8967482,
            33.8112855
          ],
          [
            -117.8970191,
            33.8116276
          ],
          [
            -117.8971821,
            33.8118393
          ],
          [
            -117.8973342,
            33.812051
          ],
          [
            -117.8975676,
            33.8123831
          ],
          [
            -117.8976815,
            33.8125568
          ]
        ]
      },
      "id": "way/62046214"
    },
    {
      "type": "Feature",
      "properties": {
        "@id": "way/77339847",
        "electrified": "no",
        "gauge": "914",
        "name": "Horse Drawn Streetcar",
        "oneway": "yes",
        "railway": "tram"
      },
      "geometry": {
        "type": "LineString",
        "coordinates": [
          [
            -117.9189585,
            33.8113755
          ],
          [
            -117.9189734,
            33.8113095
          ],
          [
            -117.9189739,
            33.8111077
          ],
          [
            -117.9189581,
            33.8110583
          ]
        ]
      },
      "id": "way/77339847"
    },
    {
      "type": "Feature",
      "properties": {
        "@id": "way/78097644",
        "electrified": "no",
        "gauge": "1435",
        "maxspeed": "79 mph",
        "maxspeed:freight": "50 mph",
        "name": "Metrolink Orange Subdivision",
        "operator": "Southern California Regional Rail Authority",
        "owner": "Orange County Transportation Authority",
        "railway": "rail",
        "railway:ptc": "yes",
        "railway:track_class": "5",
        "railway:track_ref": "1",
        "source": "yahoo_imagery",
        "usage": "main"
      },
      "geometry": {
        "type": "LineString",
        "coordinates": [
          [
            -117.8995883,
            33.8167585
          ],
          [
            -117.8997387,
            33.8172345
          ],
          [
            -117.8998808,
            33.8176534
          ],
          [
            -117.8999869,
            33.8179579
          ],
          [
            -117.9000111,
            33.8180273
          ],
          [
            -117.9000534,
            33.8181595
          ],
          [
            -117.9000809,
            33.818241
          ],
          [
            -117.900247,
            33.8187327
          ],
          [
            -117.9008291,
            33.8203862
          ],
          [
            -117.9012475,
            33.8215538
          ],
          [
            -117.9017548,
            33.8230842
          ],
          [
            -117.9022745,
            33.8246725
          ],
          [
            -117.9023169,
            33.8248021
          ],
          [
            -117.9023477,
            33.8248961
          ],
          [
            -117.9023735,
            33.8249745
          ],
          [
            -117.9032757,
            33.8277166
          ],
          [
            -117.9035139,
            33.8284359
          ],
          [
            -117.9035372,
            33.8285064
          ],
          [
            -117.9035543,
            33.8285589
          ],
          [
            -117.9043025,
            33.830832
          ],
          [
            -117.9048256,
            33.8324005
          ],
          [
            -117.9049514,
            33.8327786
          ],
          [
            -117.9049671,
            33.8328252
          ],
          [
            -117.9049861,
            33.8328833
          ],
          [
            -117.905134,
            33.8333363
          ],
          [
            -117.90569,
            33.8350201
          ],
          [
            -117.9057168,
            33.8351012
          ],
          [
            -117.9061966,
            33.8365285
          ],
          [
            -117.9064322,
            33.8372575
          ]
        ]
      },
      "id": "way/78097644"
    },
    {
      "type": "Feature",
      "properties": {
        "@id": "way/78097646",
        "bridge": "yes",
        "electrified": "no",
        "gauge": "1435",
        "layer": "1",
        "maxspeed": "70 mph",
        "maxspeed:freight": "50 mph",
        "name": "Metrolink Orange Subdivision",
        "operator": "Southern California Regional Rail Authority",
        "owner": "Orange County Transportation Authority",
        "railway": "rail",
        "railway:ptc": "yes",
        "railway:track_class": "5",
        "railway:track_ref": "1",
        "source": "yahoo_imagery",
        "usage": "main"
      },
      "geometry": {
        "type": "LineString",
        "coordinates": [
          [
            -117.8976815,
            33.8125568
          ],
          [
            -117.8978786,
            33.812868
          ],
          [
            -117.8980513,
            33.8131522
          ],
          [
            -117.8982407,
            33.8134793
          ]
        ]
      },
      "id": "way/78097646"
    },
    {
      "type": "Feature",
      "properties": {
        "@id": "way/107403757",
        "bridge": "yes",
        "electrified": "yes",
        "layer": "1",
        "oneway": "yes",
        "railway": "monorail"
      },
      "geometry": {
        "type": "LineString",
        "coordinates": [
          [
            -117.9166693,
            33.8083834
          ],
          [
            -117.9168242,
            33.8083206
          ],
          [
            -117.9169857,
            33.8082809
          ],
          [
            -117.917151,
            33.8082481
          ],
          [
            -117.9172338,
            33.808235
          ],
          [
            -117.9173807,
            33.8082237
          ],
          [
            -117.9174959,
            33.8082211
          ],
          [
            -117.9180229,
            33.8082178
          ]
        ]
      },
      "id": "way/107403757"
    },
    {
      "type": "Feature",
      "properties": {
        "@id": "way/107897074",
        "bridge": "yes",
        "electrified": "yes",
        "layer": "3",
        "oneway": "yes",
        "railway": "monorail"
      },
      "geometry": {
        "type": "LineString",
        "coordinates": [
          [
            -117.9158177,
            33.8134592
          ],
          [
            -117.9158861,
            33.8135216
          ],
          [
            -117.9159639,
            33.8135595
          ],
          [
            -117.9160537,
            33.8135895
          ],
          [
            -117.9161422,
            33.8135962
          ]
        ]
      },
      "id": "way/107897074"
    },
    {
      "type": "Feature",
      "properties": {
        "@id": "way/107897078",
        "bridge": "yes",
        "electrified": "yes",
        "layer": "1",
        "oneway": "yes",
        "railway": "monorail"
      },
      "geometry": {
        "type": "LineString",
        "coordinates": [
          [
            -117.9155897,
            33.8095068
          ],
          [
            -117.9156366,
            33.8093642
          ],
          [
            -117.9156876,
            33.8092449
          ],
          [
            -117.9157855,
            33.8090811
          ],
          [
            -117.91587,
            33.8089664
          ],
          [
            -117.9159505,
            33.8088716
          ]
        ]
      },
      "id": "way/107897078"
    },
    {
      "type": "Feature",
      "properties": {
        "@id": "way/107897091",
        "electrified": "yes",
        "layer": "1",
        "oneway": "yes",
        "railway": "monorail"
      },
      "geometry": {
        "type": "LineString",
        "coordinates": [
          [
            -117.9167046,
            33.8136767
          ],
          [
            -117.9166829,
            33.813581
          ],
          [
            -117.9166682,
            33.813514
          ]
        ]
      },
      "id": "way/107897091"
    },
    {
      "type": "Feature",
      "properties": {
        "@id": "way/107897102",
        "covered": "yes",
        "electrified": "yes",
        "layer": "1",
        "oneway": "yes",
        "railway": "monorail"
      },
      "geometry": {
        "type": "LineString",
        "coordinates": [
          [
            -117.9245295,
            33.8091848
          ],
          [
            -117.924528,
            33.8094021
          ],
          [
            -117.9245262,
            33.8096987
          ]
        ]
      },
      "id": "way/107897102"
    },
    {
      "type": "Feature",
      "properties": {
        "@id": "way/107897106",
        "bridge": "yes",
        "electrified": "yes",
        "layer": "1",
        "oneway": "yes",
        "railway": "monorail"
      },
      "geometry": {
        "type": "LineString",
        "coordinates": [
          [
            -117.915807,
            33.8133901
          ],
          [
            -117.9157815,
            33.8134536
          ],
          [
            -117.9157627,
            33.813516
          ],
          [
            -117.9157614,
            33.8135929
          ],
          [
            -117.9157734,
            33.8136642
          ],
          [
            -117.9158043,
            33.8137366
          ],
          [
            -117.9158605,
            33.813833
          ],
          [
            -117.9159116,
            33.8139027
          ],
          [
            -117.9159894,
            33.8139818
          ],
          [
            -117.916102,
            33.814072
          ],
          [
            -117.916216,
            33.8141456
          ],
          [
            -117.9162871,
            33.8141801
          ],
          [
            -117.916294,
            33.8141828
          ],
          [
            -117.9164051,
            33.8142269
          ],
          [
            -117.9165097,
            33.8142603
          ],
          [
            -117.9166063,
            33.8142793
          ],
          [
            -117.9167109,
            33.8142893
          ]
        ]
      },
      "id": "way/107897106"
    },
    {
      "type": "Feature",
      "properties": {
        "@id": "way/107897114",
        "bridge": "yes",
        "electrified": "yes",
        "layer": "1",
        "oneway": "yes",
        "railway": "monorail"
      },
      "geometry": {
        "type": "LineString",
        "coordinates": [
          [
            -117.9155416,
            33.8105017
          ],
          [
            -117.9155401,
            33.8098478
          ],
          [
            -117.9155441,
            33.8097453
          ],
          [
            -117.9155615,
            33.8096238
          ],
          [
            -117.9155897,
            33.8095068
          ]
        ]
      },
      "id": "way/107897114"
    },
    {
      "type": "Feature",
      "properties": {
        "@id": "way/107897123",
        "bridge": "yes",
        "electrified": "yes",
        "layer": "4",
        "oneway": "yes",
        "railway": "monorail"
      },
      "geometry": {
        "type": "LineString",
        "coordinates": [
          [
            -117.915744,
            33.8133646
          ],
          [
            -117.9158177,
            33.8134592
          ]
        ]
      },
      "id": "way/107897123"
    },
    {
      "type": "Feature",
      "properties": {
        "@id": "way/107897130",
        "bridge": "yes",
        "electrified": "yes",
        "layer": "1",
        "oneway": "yes",
        "railway": "monorail"
      },
      "geometry": {
        "type": "LineString",
        "coordinates": [
          [
            -117.9155468,
            33.8107827
          ],
          [
            -117.9155416,
            33.8105017
          ]
        ]
      },
      "id": "way/107897130"
    },
    {
      "type": "Feature",
      "properties": {
        "@id": "way/107897133",
        "electrified": "yes",
        "layer": "1",
        "oneway": "yes",
        "railway": "monorail"
      },
      "geometry": {
        "type": "LineString",
        "coordinates": [
          [
            -117.9216176,
            33.808219
          ],
          [
            -117.9223883,
            33.8082177
          ]
        ]
      },
      "id": "way/107897133"
    },
    {
      "type": "Feature",
      "properties": {
        "@id": "way/107897136",
        "bridge": "yes",
        "electrified": "yes",
        "layer": "1",
        "oneway": "yes",
        "railway": "monorail"
      },
      "geometry": {
        "type": "LineString",
        "coordinates": [
          [
            -117.9161288,
            33.8086978
          ],
          [
            -117.9163166,
            33.8085641
          ],
          [
            -117.9164212,
            33.8085017
          ],
          [
            -117.9165405,
            33.8084415
          ]
        ]
      },
      "id": "way/107897136"
    },
    {
      "type": "Feature",
      "properties": {
        "@id": "way/107897141",
        "bridge": "yes",
        "electrified": "yes",
        "layer": "3",
        "oneway": "yes",
        "railway": "monorail"
      },
      "geometry": {
        "type": "LineString",
        "coordinates": [
          [
            -117.9162787,
            33.8129286
          ],
          [
            -117.9162401,
            33.812931
          ],
          [
            -117.9161764,
            33.8129333
          ],
          [
            -117.9161338,
            33.8129329
          ],
          [
            -117.9160805,
            33.8129299
          ],
          [
            -117.9159773,
            33.8129121
          ],
          [
            -117.915866,
            33.8128764
          ],
          [
            -117.9157828,
            33.8128341
          ],
          [
            -117.9157345,
            33.8127995
          ],
          [
            -117.9156796,
            33.8127416
          ]
        ]
      },
      "id": "way/107897141"
    },
    {
      "type": "Feature",
      "properties": {
        "@id": "way/107897143",
        "electrified": "yes",
        "layer": "1",
        "oneway": "yes",
        "railway": "monorail"
      },
      "geometry": {
        "type": "LineString",
        "coordinates": [
          [
            -117.9160531,
            33.8108476
          ],
          [
            -117.9159303,
            33.8110323
          ],
          [
            -117.9158298,
            33.8111794
          ],
          [
            -117.9157694,
            33.8112819
          ],
          [
            -117.9157144,
            33.8114078
          ],
          [
            -117.9156648,
            33.8115437
          ]
        ]
      },
      "id": "way/107897143"
    },
    {
      "type": "Feature",
      "properties": {
        "@id": "way/107897144",
        "bridge": "yes",
        "electrified": "yes",
        "layer": "1",
        "oneway": "yes",
        "railway": "monorail"
      },
      "geometry": {
        "type": "LineString",
        "coordinates": [
          [
            -117.9238509,
            33.8082238
          ],
          [
            -117.9239553,
            33.8082447
          ],
          [
            -117.9240266,
            33.8082643
          ],
          [
            -117.9240917,
            33.8082878
          ],
          [
            -117.9241446,
            33.8083167
          ]
        ]
      },
      "id": "way/107897144"
    },
    {
      "type": "Feature",
      "properties": {
        "@id": "way/107897148",
        "electrified": "yes",
        "layer": "1",
        "oneway": "yes",
        "railway": "monorail"
      },
      "geometry": {
        "type": "LineString",
        "coordinates": [
          [
            -117.9165271,
            33.8132798
          ],
          [
            -117.9164641,
            33.8132419
          ],
          [
            -117.9163595,
            33.8131996
          ],
          [
            -117.9162616,
            33.8131806
          ]
        ]
      },
      "id": "way/107897148"
    },
    {
      "type": "Feature",
      "properties": {
        "@id": "way/107897149",
        "electrified": "yes",
        "layer": "1",
        "oneway": "yes",
        "railway": "monorail"
      },
      "geometry": {
        "type": "LineString",
        "coordinates": [
          [
            -117.9241446,
            33.8083167
          ],
          [
            -117.9242291,
            33.8083635
          ],
          [
            -117.9243324,
            33.8084396
          ],
          [
            -117.924391,
            33.8085164
          ]
        ]
      },
      "id": "way/107897149"
    },
    {
      "type": "Feature",
      "properties": {
        "@id": "way/107897151",
        "electrified": "yes",
        "layer": "1",
        "oneway": "yes",
        "railway": "monorail",
        "tunnel": "yes"
      },
      "geometry": {
        "type": "LineString",
        "coordinates": [
          [
            -117.9226024,
            33.8082186
          ],
          [
            -117.9229405,
            33.8082177
          ]
        ]
      },
      "id": "way/107897151"
    },
    {
      "type": "Feature",
      "properties": {
        "@id": "way/107897153",
        "electrified": "yes",
        "layer": "1",
        "oneway": "yes",
        "railway": "monorail"
      },
      "geometry": {
        "type": "LineString",
        "coordinates": [
          [
            -117.9237839,
            33.8104183
          ],
          [
            -117.9236766,
            33.8104205
          ],
          [
            -117.9235532,
            33.8104094
          ],
          [
            -117.9234392,
            33.8103871
          ],
          [
            -117.9233171,
            33.8103414
          ],
          [
            -117.9232099,
            33.8102846
          ],
          [
            -117.9231334,
            33.8102278
          ],
          [
            -117.9230382,
            33.8101475
          ],
          [
            -117.9229135,
            33.8100194
          ],
          [
            -117.9227807,
            33.8098979
          ]
        ]
      },
      "id": "way/107897153"
    },
    {
      "type": "Feature",
      "properties": {
        "@id": "way/107897156",
        "bridge": "yes",
        "electrified": "yes",
        "layer": "2",
        "oneway": "yes",
        "railway": "monorail"
      },
      "geometry": {
        "type": "LineString",
        "coordinates": [
          [
            -117.9166682,
            33.813514
          ],
          [
            -117.9166548,
            33.8134539
          ],
          [
            -117.916631,
            33.813402
          ]
        ]
      },
      "id": "way/107897156"
    },
    {
      "type": "Feature",
      "properties": {
        "@id": "way/107897158",
        "electrified": "yes",
        "layer": "1",
        "oneway": "yes",
        "railway": "monorail"
      },
      "geometry": {
        "type": "LineString",
        "coordinates": [
          [
            -117.9165405,
            33.8084415
          ],
          [
            -117.9166693,
            33.8083834
          ]
        ]
      },
      "id": "way/107897158"
    },
    {
      "type": "Feature",
      "properties": {
        "@id": "way/107897159",
        "bridge": "yes",
        "electrified": "yes",
        "layer": "2",
        "oneway": "yes",
        "railway": "monorail"
      },
      "geometry": {
        "type": "LineString",
        "coordinates": [
          [
            -117.9166011,
            33.8133513
          ],
          [
            -117.9165271,
            33.8132798
          ]
        ]
      },
      "id": "way/107897159"
    },
    {
      "type": "Feature",
      "properties": {
        "@id": "way/107897160",
        "bridge": "yes",
        "electrified": "yes",
        "layer": "3",
        "oneway": "yes",
        "railway": "monorail"
      },
      "geometry": {
        "type": "LineString",
        "coordinates": [
          [
            -117.9156783,
            33.8132587
          ],
          [
            -117.915744,
            33.8133646
          ]
        ]
      },
      "id": "way/107897160"
    },
    {
      "type": "Feature",
      "properties": {
        "@id": "way/107897163",
        "bridge": "yes",
        "electrified": "yes",
        "layer": "2",
        "oneway": "yes",
        "railway": "monorail"
      },
      "geometry": {
        "type": "LineString",
        "coordinates": [
          [
            -117.9172057,
            33.8130826
          ],
          [
            -117.9172661,
            33.813145
          ]
        ]
      },
      "id": "way/107897163"
    },
    {
      "type": "Feature",
      "properties": {
        "@id": "way/107897165",
        "bridge": "yes",
        "electrified": "yes",
        "layer": "1",
        "oneway": "yes",
        "railway": "monorail"
      },
      "geometry": {
        "type": "LineString",
        "coordinates": [
          [
            -117.9159505,
            33.8088716
          ],
          [
            -117.9160457,
            33.8087725
          ],
          [
            -117.9161288,
            33.8086978
          ]
        ]
      },
      "id": "way/107897165"
    },
    {
      "type": "Feature",
      "properties": {
        "@id": "way/107897166",
        "bridge": "yes",
        "electrified": "yes",
        "layer": "1",
        "oneway": "yes",
        "railway": "monorail"
      },
      "geometry": {
        "type": "LineString",
        "coordinates": [
          [
            -117.9241481,
            33.8103107
          ],
          [
            -117.9240549,
            33.8103531
          ],
          [
            -117.9239758,
            33.8103792
          ],
          [
            -117.9238821,
            33.8104007
          ],
          [
            -117.9237839,
            33.8104183
          ]
        ]
      },
      "id": "way/107897166"
    },
    {
      "type": "Feature",
      "properties": {
        "@id": "way/107897167",
        "electrified": "yes",
        "layer": "1",
        "oneway": "yes",
        "railway": "monorail"
      },
      "geometry": {
        "type": "LineString",
        "coordinates": [
          [
            -117.9237906,
            33.8082175
          ],
          [
            -117.9238509,
            33.8082238
          ]
        ]
      },
      "id": "way/107897167"
    },
    {
      "type": "Feature",
      "properties": {
        "@id": "way/107897170",
        "bridge": "yes",
        "electrified": "yes",
        "layer": "1",
        "oneway": "yes",
        "railway": "monorail"
      },
      "geometry": {
        "type": "LineString",
        "coordinates": [
          [
            -117.9178763,
            33.8095603
          ],
          [
            -117.9177154,
            33.8096104
          ],
          [
            -117.9176733,
            33.8096259
          ],
          [
            -117.9176402,
            33.8096381
          ],
          [
            -117.9175128,
            33.8096851
          ],
          [
            -117.9173197,
            33.8097742
          ],
          [
            -117.9173023,
            33.8097833
          ],
          [
            -117.9171561,
            33.80986
          ],
          [
            -117.9170086,
            33.8099458
          ],
          [
            -117.9168745,
            33.810035
          ],
          [
            -117.9167337,
            33.8101375
          ],
          [
            -117.9165593,
            33.8102812
          ]
        ]
      },
      "id": "way/107897170"
    },
    {
      "type": "Feature",
      "properties": {
        "@id": "way/107897171",
        "bridge": "yes",
        "electrified": "yes",
        "layer": "1",
        "oneway": "yes",
        "railway": "monorail"
      },
      "geometry": {
        "type": "LineString",
        "coordinates": [
          [
            -117.9203874,
            33.8094871
          ],
          [
            -117.9202498,
            33.809518
          ],
          [
            -117.9201783,
            33.8095261
          ],
          [
            -117.9201264,
            33.8095291
          ],
          [
            -117.9200761,
            33.8095274
          ],
          [
            -117.9200199,
            33.809524
          ],
          [
            -117.9198446,
            33.8094962
          ],
          [
            -117.9196435,
            33.809462
          ],
          [
            -117.9195122,
            33.8094406
          ],
          [
            -117.9193478,
            33.8094221
          ],
          [
            -117.9192177,
            33.80941
          ],
          [
            -117.9190837,
            33.8094028
          ],
          [
            -117.9189535,
            33.809401
          ],
          [
            -117.9188254,
            33.8094051
          ],
          [
            -117.9186892,
            33.8094112
          ],
          [
            -117.9185569,
            33.8094241
          ],
          [
            -117.9183963,
            33.8094437
          ],
          [
            -117.9182279,
            33.8094724
          ],
          [
            -117.9180636,
            33.8095067
          ],
          [
            -117.9179471,
            33.8095387
          ],
          [
            -117.9178763,
            33.8095603
          ]
        ]
      },
      "id": "way/107897171"
    },
    {
      "type": "Feature",
      "properties": {
        "@id": "way/107897178",
        "bridge": "yes",
        "electrified": "yes",
        "layer": "1",
        "oneway": "yes",
        "railway": "monorail"
      },
      "geometry": {
        "type": "LineString",
        "coordinates": [
          [
            -117.9229405,
            33.8082177
          ],
          [
            -117.9235568,
            33.8082121
          ],
          [
            -117.9236792,
            33.8082144
          ],
          [
            -117.9237906,
            33.8082175
          ]
        ]
      },
      "id": "way/107897178"
    },
    {
      "type": "Feature",
      "properties": {
        "@id": "way/107897180",
        "electrified": "yes",
        "layer": "2",
        "oneway": "yes",
        "railway": "monorail"
      },
      "geometry": {
        "type": "LineString",
        "coordinates": [
          [
            -117.9172661,
            33.813145
          ],
          [
            -117.9173012,
            33.8131967
          ],
          [
            -117.9173056,
            33.8132074
          ],
          [
            -117.9173162,
            33.8132315
          ]
        ]
      },
      "id": "way/107897180"
    },
    {
      "type": "Feature",
      "properties": {
        "@id": "way/107897183",
        "bridge": "yes",
        "electrified": "yes",
        "layer": "2",
        "oneway": "yes",
        "railway": "monorail"
      },
      "geometry": {
        "type": "LineString",
        "coordinates": [
          [
            -117.9173162,
            33.8132315
          ],
          [
            -117.9173453,
            33.8133094
          ],
          [
            -117.9174906,
            33.8136541
          ],
          [
            -117.9175212,
            33.8137406
          ],
          [
            -117.9175244,
            33.8137874
          ]
        ]
      },
      "id": "way/107897183"
    },
    {
      "type": "Feature",
      "properties": {
        "@id": "way/107897185",
        "electrified": "yes",
        "layer": "1",
        "oneway": "yes",
        "railway": "monorail"
      },
      "geometry": {
        "type": "LineString",
        "coordinates": [
          [
            -117.9167551,
            33.8138871
          ],
          [
            -117.9167346,
            33.8138018
          ]
        ]
      },
      "id": "way/107897185"
    },
    {
      "type": "Feature",
      "properties": {
        "@id": "way/107897189",
        "electrified": "yes",
        "layer": "1",
        "oneway": "yes",
        "railway": "monorail"
      },
      "geometry": {
        "type": "LineString",
        "coordinates": [
          [
            -117.9155495,
            33.811663
          ],
          [
            -117.9155481,
            33.8114011
          ],
          [
            -117.9155468,
            33.8110646
          ],
          [
            -117.9155468,
            33.8107827
          ]
        ]
      },
      "id": "way/107897189"
    },
    {
      "type": "Feature",
      "properties": {
        "@id": "way/107897192",
        "electrified": "yes",
        "layer": "1",
        "oneway": "yes",
        "railway": "monorail"
      },
      "geometry": {
        "type": "LineString",
        "coordinates": [
          [
            -117.916631,
            33.813402
          ],
          [
            -117.9166197,
            33.8133743
          ],
          [
            -117.9166011,
            33.8133513
          ]
        ]
      },
      "id": "way/107897192"
    },
    {
      "type": "Feature",
      "properties": {
        "@id": "way/107897195",
        "bridge": "yes",
        "electrified": "yes",
        "layer": "3",
        "oneway": "yes",
        "railway": "monorail"
      },
      "geometry": {
        "type": "LineString",
        "coordinates": [
          [
            -117.9167806,
            33.8139506
          ],
          [
            -117.9167551,
            33.8138871
          ]
        ]
      },
      "id": "way/107897195"
    },
    {
      "type": "Feature",
      "properties": {
        "@id": "way/107897197",
        "bridge": "yes",
        "electrified": "yes",
        "layer": "1",
        "oneway": "yes",
        "railway": "monorail"
      },
      "geometry": {
        "type": "LineString",
        "coordinates": [
          [
            -117.915591,
            33.8125956
          ],
          [
            -117.9155602,
            33.8125043
          ],
          [
            -117.9155495,
            33.8124285
          ],
          [
            -117.9155495,
            33.8120875
          ],
          [
            -117.9155495,
            33.811663
          ]
        ]
      },
      "id": "way/107897197"
    },
    {
      "type": "Feature",
      "properties": {
        "@id": "way/107897199",
        "bridge": "yes",
        "electrified": "yes",
        "layer": "1",
        "oneway": "yes",
        "railway": "monorail"
      },
      "geometry": {
        "type": "LineString",
        "coordinates": [
          [
            -117.9165593,
            33.8102812
          ],
          [
            -117.916444,
            33.810386
          ],
          [
            -117.9163327,
            33.8104941
          ],
          [
            -117.9162106,
            33.8106378
          ],
          [
            -117.9160531,
            33.8108476
          ]
        ]
      },
      "id": "way/107897199"
    },
    {
      "type": "Feature",
      "properties": {
        "@id": "way/107897200",
        "electrified": "yes",
        "layer": "1",
        "oneway": "yes",
        "railway": "monorail"
      },
      "geometry": {
        "type": "LineString",
        "coordinates": [
          [
            -117.9156796,
            33.8127416
          ],
          [
            -117.9156259,
            33.8126703
          ],
          [
            -117.915591,
            33.8125956
          ]
        ]
      },
      "id": "way/107897200"
    },
    {
      "type": "Feature",
      "properties": {
        "@id": "way/107897202",
        "bridge": "yes",
        "electrified": "yes",
        "layer": "3",
        "oneway": "yes",
        "railway": "monorail"
      },
      "geometry": {
        "type": "LineString",
        "coordinates": [
          [
            -117.9162616,
            33.8131806
          ],
          [
            -117.916157,
            33.8131828
          ],
          [
            -117.9160805,
            33.8131973
          ],
          [
            -117.9159961,
            33.8132252
          ],
          [
            -117.9159357,
            33.8132608
          ],
          [
            -117.9158821,
            33.8133021
          ],
          [
            -117.9158485,
            33.8133333
          ],
          [
            -117.915807,
            33.8133901
          ]
        ]
      },
      "id": "way/107897202"
    },
    {
      "type": "Feature",
      "properties": {
        "@id": "way/107897216",
        "bridge": "yes",
        "electrified": "yes",
        "layer": "1",
        "oneway": "yes",
        "railway": "monorail"
      },
      "geometry": {
        "type": "LineString",
        "coordinates": [
          [
            -117.924391,
            33.8085164
          ],
          [
            -117.9244409,
            33.8085908
          ],
          [
            -117.9244733,
            33.8086475
          ],
          [
            -117.9244937,
            33.8086935
          ],
          [
            -117.9245178,
            33.8087798
          ],
          [
            -117.9245245,
            33.8088161
          ],
          [
            -117.9245282,
            33.8088583
          ],
          [
            -117.9245295,
            33.808943
          ],
          [
            -117.9245295,
            33.8089522
          ],
          [
            -117.9245295,
            33.8091848
          ]
        ]
      },
      "id": "way/107897216"
    },
    {
      "type": "Feature",
      "properties": {
        "@id": "way/107901156",
        "bridge": "yes",
        "electrified": "yes",
        "height": "12",
        "layer": "1",
        "oneway": "yes",
        "railway": "monorail"
      },
      "geometry": {
        "type": "LineString",
        "coordinates": [
          [
            -117.9180229,
            33.8082178
          ],
          [
            -117.9183516,
            33.8082153
          ],
          [
            -117.9187827,
            33.8082121
          ]
        ]
      },
      "id": "way/107901156"
    },
    {
      "type": "Feature",
      "properties": {
        "@id": "way/107950356",
        "gauge": "914",
        "name": "Disneyland Railroad",
        "oneway": "yes",
        "railway": "narrow_gauge",
        "website": "https://disneyland.disney.go.com/disneyland/disneyland-railroad/"
      },
      "geometry": {
        "type": "LineString",
        "coordinates": [
          [
            -117.9210633,
            33.8103431
          ],
          [
            -117.9212656,
            33.8104839
          ],
          [
            -117.9213618,
            33.8105721
          ],
          [
            -117.9214262,
            33.8106446
          ]
        ]
      },
      "id": "way/107950356"
    },
    {
      "type": "Feature",
      "properties": {
        "@id": "way/107950370",
        "gauge": "914",
        "layer": "2",
        "name": "Disneyland Railroad",
        "oneway": "yes",
        "railway": "narrow_gauge",
        "website": "https://disneyland.disney.go.com/disneyland/disneyland-railroad/"
      },
      "geometry": {
        "type": "LineString",
        "coordinates": [
          [
            -117.9209856,
            33.810296
          ],
          [
            -117.9210633,
            33.8103431
          ]
        ]
      },
      "id": "way/107950370"
    },
    {
      "type": "Feature",
      "properties": {
        "@id": "way/107955638",
        "gauge": "914",
        "layer": "1",
        "name": "Disneyland Railroad",
        "oneway": "yes",
        "railway": "narrow_gauge",
        "website": "https://disneyland.disney.go.com/disneyland/disneyland-railroad/"
      },
      "geometry": {
        "type": "LineString",
        "coordinates": [
          [
            -117.9216542,
            33.8108908
          ],
          [
            -117.9218254,
            33.8110828
          ],
          [
            -117.921932,
            33.8112026
          ],
          [
            -117.9221224,
            33.8114151
          ]
        ]
      },
      "id": "way/107955638"
    },
    {
      "type": "Feature",
      "properties": {
        "@id": "way/107955643",
        "gauge": "914",
        "layer": "1",
        "name": "Disneyland Railroad",
        "oneway": "yes",
        "railway": "narrow_gauge",
        "website": "https://disneyland.disney.go.com/disneyland/disneyland-railroad/"
      },
      "geometry": {
        "type": "LineString",
        "coordinates": [
          [
            -117.9221224,
            33.8114151
          ],
          [
            -117.9221865,
            33.8114908
          ]
        ]
      },
      "id": "way/107955643"
    },
    {
      "type": "Feature",
      "properties": {
        "@id": "way/108037033",
        "gauge": "610",
        "oneway": "yes",
        "railway": "narrow_gauge"
      },
      "geometry": {
        "type": "LineString",
        "coordinates": [
          [
            -117.9195066,
            33.8137899
          ],
          [
            -117.9194838,
            33.8137687
          ],
          [
            -117.9194502,
            33.8137442
          ],
          [
            -117.9194261,
            33.8137309
          ],
          [
            -117.9193925,
            33.8137231
          ],
          [
            -117.919354,
            33.8137193
          ],
          [
            -117.919319,
            33.8137208
          ],
          [
            -117.919284,
            33.8137247
          ],
          [
            -117.9192563,
            33.8137327
          ],
          [
            -117.9192205,
            33.813747
          ],
          [
            -117.919186,
            33.8137659
          ],
          [
            -117.919135,
            33.8137921
          ],
          [
            -117.9190814,
            33.8138222
          ],
          [
            -117.9190277,
            33.8138456
          ],
          [
            -117.9189633,
            33.8138568
          ],
          [
            -117.9188882,
            33.8138568
          ],
          [
            -117.9188181,
            33.8138497
          ],
          [
            -117.9187571,
            33.8138245
          ]
        ]
      },
      "id": "way/108037033"
    },
    {
      "type": "Feature",
      "properties": {
        "@id": "way/108052091",
        "electrified": "no",
        "gauge": "914",
        "name": "Horse Drawn Streetcar",
        "oneway": "yes",
        "railway": "tram"
      },
      "geometry": {
        "type": "LineString",
        "coordinates": [
          [
            -117.9191742,
            33.812003
          ],
          [
            -117.9191923,
            33.8120359
          ],
          [
            -117.9191992,
            33.8120592
          ],
          [
            -117.9192036,
            33.812097
          ],
          [
            -117.9191993,
            33.812125
          ],
          [
            -117.919193,
            33.8121445
          ],
          [
            -117.9191796,
            33.812179
          ],
          [
            -117.9191595,
            33.812208
          ],
          [
            -117.9191354,
            33.8122326
          ],
          [
            -117.9190964,
            33.8122615
          ],
          [
            -117.9190535,
            33.8122804
          ],
          [
            -117.9189965,
            33.8122911
          ],
          [
            -117.9189599,
            33.8122936
          ],
          [
            -117.9189588,
            33.8122937
          ],
          [
            -117.918902,
            33.8122893
          ],
          [
            -117.9188616,
            33.812281
          ],
          [
            -117.9188546,
            33.8122781
          ],
          [
            -117.9188151,
            33.8122616
          ],
          [
            -117.9187774,
            33.8122326
          ],
          [
            -117.9187507,
            33.8122041
          ],
          [
            -117.9187296,
            33.8121696
          ],
          [
            -117.9187167,
            33.8121361
          ],
          [
            -117.9187115,
            33.8120972
          ],
          [
            -117.918711,
            33.8120738
          ],
          [
            -117.9187169,
            33.8120476
          ],
          [
            -117.9187356,
            33.8120041
          ],
          [
            -117.9187625,
            33.8119657
          ],
          [
            -117.9187869,
            33.8119445
          ],
          [
            -117.9188123,
            33.8119279
          ],
          [
            -117.9188426,
            33.8119131
          ],
          [
            -117.9188762,
            33.8119011
          ],
          [
            -117.9189089,
            33.8118885
          ],
          [
            -117.918925,
            33.8118728
          ],
          [
            -117.9189361,
            33.8118543
          ],
          [
            -117.918959,
            33.8117986
          ],
          [
            -117.9189731,
            33.8118482
          ],
          [
            -117.9189767,
            33.8118546
          ],
          [
            -117.9189878,
            33.8118726
          ],
          [
            -117.9190025,
            33.811886
          ],
          [
            -117.9190322,
            33.8118977
          ],
          [
            -117.9190778,
            33.811915
          ],
          [
            -117.919117,
            33.8119403
          ],
          [
            -117.9191514,
            33.8119718
          ],
          [
            -117.9191742,
            33.812003
          ]
        ]
      },
      "id": "way/108052091"
    },
    {
      "type": "Feature",
      "properties": {
        "@id": "way/108052095",
        "electrified": "no",
        "gauge": "914",
        "name": "Horse Drawn Streetcar",
        "railway": "tram"
      },
      "geometry": {
        "type": "LineString",
        "coordinates": [
          [
            -117.9189575,
            33.8105763
          ],
          [
            -117.9189574,
            33.8105874
          ],
          [
            -117.9189576,
            33.8106379
          ],
          [
            -117.918959,
            33.8109433
          ],
          [
            -117.9189582,
            33.8109613
          ],
          [
            -117.9189584,
            33.8110484
          ],
          [
            -117.9189581,
            33.8110583
          ]
        ]
      },
      "id": "way/108052095"
    },
    {
      "type": "Feature",
      "properties": {
        "@id": "way/108052101",
        "electrified": "no",
        "gauge": "914",
        "name": "Horse Drawn Streetcar",
        "railway": "tram"
      },
      "geometry": {
        "type": "LineString",
        "coordinates": [
          [
            -117.9189585,
            33.8113755
          ],
          [
            -117.9189583,
            33.8114313
          ],
          [
            -117.918958,
            33.8115179
          ],
          [
            -117.918958,
            33.8116028
          ],
          [
            -117.918958,
            33.8116478
          ],
          [
            -117.9189589,
            33.8116992
          ],
          [
            -117.918959,
            33.8117529
          ],
          [
            -117.918959,
            33.8117986
          ]
        ]
      },
      "id": "way/108052101"
    },
    {
      "type": "Feature",
      "properties": {
        "@id": "way/108052104",
        "bridge": "yes",
        "electrified": "yes",
        "height": "12",
        "layer": "1",
        "name": "Glendale-Hyperion Bridge",
        "old_name": "Golden Gate Bridge",
        "oneway": "yes",
        "railway": "monorail"
      },
      "geometry": {
        "type": "LineString",
        "coordinates": [
          [
            -117.9187827,
            33.8082121
          ],
          [
            -117.9191348,
            33.8082109
          ]
        ]
      },
      "id": "way/108052104"
    },
    {
      "type": "Feature",
      "properties": {
        "@id": "way/108052105",
        "electrified": "yes",
        "height": "12",
        "layer": "1",
        "oneway": "yes",
        "railway": "monorail"
      },
      "geometry": {
        "type": "LineString",
        "coordinates": [
          [
            -117.9191348,
            33.8082109
          ],
          [
            -117.9194704,
            33.8082122
          ]
        ]
      },
      "id": "way/108052105"
    },
    {
      "type": "Feature",
      "properties": {
        "@id": "way/108052106",
        "electrified": "no",
        "gauge": "914",
        "name": "Horse Drawn Streetcar",
        "oneway": "yes",
        "railway": "tram"
      },
      "geometry": {
        "type": "LineString",
        "coordinates": [
          [
            -117.9189581,
            33.8110583
          ],
          [
            -117.9189444,
            33.8111054
          ],
          [
            -117.9189434,
            33.8113098
          ],
          [
            -117.9189585,
            33.8113755
          ]
        ]
      },
      "id": "way/108052106"
    },
    {
      "type": "Feature",
      "properties": {
        "@id": "way/108418658",
        "gauge": "610",
        "oneway": "yes",
        "railway": "narrow_gauge",
        "tunnel": "yes"
      },
      "geometry": {
        "type": "LineString",
        "coordinates": [
          [
            -117.9194958,
            33.8139281
          ],
          [
            -117.9195092,
            33.8139025
          ],
          [
            -117.91952,
            33.8138635
          ],
          [
            -117.9195209,
            33.8138385
          ],
          [
            -117.919517,
            33.8138102
          ],
          [
            -117.9195103,
            33.8137971
          ],
          [
            -117.9195066,
            33.8137899
          ]
        ]
      },
      "id": "way/108418658"
    },
    {
      "type": "Feature",
      "properties": {
        "@id": "way/108418662",
        "gauge": "610",
        "layer": "1",
        "oneway": "yes",
        "railway": "narrow_gauge"
      },
      "geometry": {
        "type": "LineString",
        "coordinates": [
          [
            -117.9183305,
            33.813904
          ],
          [
            -117.9183394,
            33.8139448
          ],
          [
            -117.918346,
            33.8139645
          ]
        ]
      },
      "id": "way/108418662"
    },
    {
      "type": "Feature",
      "properties": {
        "@id": "way/108418677",
        "bridge": "yes",
        "covered": "yes",
        "gauge": "610",
        "layer": "1",
        "oneway": "yes",
        "railway": "narrow_gauge"
      },
      "geometry": {
        "type": "LineString",
        "coordinates": [
          [
            -117.9185957,
            33.8137337
          ],
          [
            -117.9185727,
            33.8137274
          ],
          [
            -117.918548,
            33.813722
          ],
          [
            -117.9185444,
            33.8137214
          ]
        ]
      },
      "id": "way/108418677"
    },
    {
      "type": "Feature",
      "properties": {
        "@id": "way/108418679",
        "bridge": "yes",
        "gauge": "610",
        "layer": "1",
        "oneway": "yes",
        "railway": "narrow_gauge"
      },
      "geometry": {
        "type": "LineString",
        "coordinates": [
          [
            -117.9183319,
            33.8138295
          ],
          [
            -117.91833,
            33.8138484
          ],
          [
            -117.9183288,
            33.8138669
          ],
          [
            -117.9183295,
            33.8138848
          ],
          [
            -117.9183305,
            33.813904
          ]
        ]
      },
      "id": "way/108418679"
    },
    {
      "type": "Feature",
      "properties": {
        "@id": "way/108418683",
        "gauge": "610",
        "layer": "1",
        "oneway": "yes",
        "railway": "narrow_gauge"
      },
      "geometry": {
        "type": "LineString",
        "coordinates": [
          [
            -117.918361,
            33.8139042
          ],
          [
            -117.918375,
            33.81395
          ],
          [
            -117.9184018,
            33.8139852
          ],
          [
            -117.9184484,
            33.8140203
          ],
          [
            -117.9184958,
            33.8140403
          ],
          [
            -117.9185485,
            33.8140457
          ]
        ]
      },
      "id": "way/108418683"
    },
    {
      "type": "Feature",
      "properties": {
        "@id": "way/108418686",
        "cutting": "yes",
        "gauge": "610",
        "layer": "2",
        "oneway": "yes",
        "railway": "narrow_gauge"
      },
      "geometry": {
        "type": "LineString",
        "coordinates": [
          [
            -117.9191707,
            33.8140235
          ],
          [
            -117.9191581,
            33.8140288
          ],
          [
            -117.9191371,
            33.8140369
          ],
          [
            -117.9191137,
            33.8140417
          ],
          [
            -117.919089,
            33.8140424
          ],
          [
            -117.9190646,
            33.8140416
          ],
          [
            -117.9190427,
            33.8140395
          ],
          [
            -117.9190181,
            33.8140355
          ],
          [
            -117.9189912,
            33.8140305
          ],
          [
            -117.9189637,
            33.8140267
          ],
          [
            -117.918943,
            33.8140253
          ],
          [
            -117.9189213,
            33.8140282
          ],
          [
            -117.9188974,
            33.8140317
          ],
          [
            -117.9188227,
            33.8140451
          ],
          [
            -117.9187966,
            33.8140483
          ],
          [
            -117.9187606,
            33.8140449
          ],
          [
            -117.9187359,
            33.8140367
          ],
          [
            -117.9187166,
            33.8140286
          ],
          [
            -117.9187052,
            33.8140206
          ]
        ]
      },
      "id": "way/108418686"
    },
    {
      "type": "Feature",
      "properties": {
        "@id": "way/108418689",
        "bridge": "yes",
        "gauge": "610",
        "layer": "2",
        "oneway": "yes",
        "railway": "narrow_gauge"
      },
      "geometry": {
        "type": "LineString",
        "coordinates": [
          [
            -117.9195222,
            33.8138942
          ],
          [
            -117.9195014,
            33.8138664
          ],
          [
            -117.9194845,
            33.8138525
          ],
          [
            -117.9194544,
            33.8138333
          ],
          [
            -117.9194091,
            33.8138207
          ]
        ]
      },
      "id": "way/108418689"
    },
    {
      "type": "Feature",
      "properties": {
        "@id": "way/108418693",
        "gauge": "610",
        "layer": "2",
        "oneway": "yes",
        "railway": "narrow_gauge"
      },
      "geometry": {
        "type": "LineString",
        "coordinates": [
          [
            -117.9194091,
            33.8138207
          ],
          [
            -117.9193474,
            33.8138169
          ],
          [
            -117.9193066,
            33.8138286
          ],
          [
            -117.9192721,
            33.813848
          ],
          [
            -117.9192527,
            33.8138664
          ],
          [
            -117.9192343,
            33.8138994
          ],
          [
            -117.9192276,
            33.8139303
          ]
        ]
      },
      "id": "way/108418693"
    },
    {
      "type": "Feature",
      "properties": {
        "@id": "way/108418694",
        "bridge": "yes",
        "gauge": "610",
        "layer": "1",
        "oneway": "yes",
        "railway": "narrow_gauge"
      },
      "geometry": {
        "type": "LineString",
        "coordinates": [
          [
            -117.9185818,
            33.8137709
          ],
          [
            -117.9185391,
            33.8137576
          ]
        ]
      },
      "id": "way/108418694"
    },
    {
      "type": "Feature",
      "properties": {
        "@id": "way/108418697",
        "bridge": "yes",
        "gauge": "610",
        "layer": "1",
        "oneway": "yes",
        "railway": "narrow_gauge"
      },
      "geometry": {
        "type": "LineString",
        "coordinates": [
          [
            -117.9187052,
            33.8140206
          ],
          [
            -117.9186875,
            33.8140051
          ],
          [
            -117.9186738,
            33.8139884
          ],
          [
            -117.9186626,
            33.8139681
          ],
          [
            -117.9186566,
            33.8139469
          ],
          [
            -117.918655,
            33.8139293
          ],
          [
            -117.9186575,
            33.8138837
          ]
        ]
      },
      "id": "way/108418697"
    },
    {
      "type": "Feature",
      "properties": {
        "@id": "way/108418718",
        "gauge": "610",
        "layer": "1",
        "oneway": "yes",
        "railway": "narrow_gauge"
      },
      "geometry": {
        "type": "LineString",
        "coordinates": [
          [
            -117.9186575,
            33.8138837
          ],
          [
            -117.9186565,
            33.8138652
          ],
          [
            -117.9186541,
            33.8138501
          ],
          [
            -117.9186479,
            33.8138306
          ],
          [
            -117.9186394,
            33.813814
          ],
          [
            -117.918626,
            33.8138008
          ],
          [
            -117.9186088,
            33.8137859
          ],
          [
            -117.9185888,
            33.8137742
          ],
          [
            -117.9185818,
            33.8137709
          ]
        ]
      },
      "id": "way/108418718"
    },
    {
      "type": "Feature",
      "properties": {
        "@id": "way/108418720",
        "bridge": "yes",
        "gauge": "610",
        "layer": "3",
        "oneway": "yes",
        "railway": "narrow_gauge"
      },
      "geometry": {
        "type": "LineString",
        "coordinates": [
          [
            -117.9192276,
            33.8139303
          ],
          [
            -117.9192261,
            33.813938
          ],
          [
            -117.9192185,
            33.8139646
          ],
          [
            -117.9192113,
            33.81398
          ],
          [
            -117.9192023,
            33.8139961
          ],
          [
            -117.9191932,
            33.8140067
          ],
          [
            -117.9191707,
            33.8140235
          ]
        ]
      },
      "id": "way/108418720"
    },
    {
      "type": "Feature",
      "properties": {
        "@id": "way/108418721",
        "bridge": "yes",
        "electrified": "yes",
        "layer": "2",
        "oneway": "yes",
        "railway": "monorail"
      },
      "geometry": {
        "type": "LineString",
        "coordinates": [
          [
            -117.9169281,
            33.813009
          ],
          [
            -117.9170341,
            33.8130146
          ],
          [
            -117.9171293,
            33.8130413
          ],
          [
            -117.9172057,
            33.8130826
          ]
        ]
      },
      "id": "way/108418721"
    },
    {
      "type": "Feature",
      "properties": {
        "@id": "way/108418742",
        "bridge": "yes",
        "electrified": "yes",
        "layer": "1",
        "oneway": "yes",
        "railway": "monorail"
      },
      "geometry": {
        "type": "LineString",
        "coordinates": [
          [
            -117.9227807,
            33.8098979
          ],
          [
            -117.9227128,
            33.8098369
          ],
          [
            -117.9225836,
            33.8097308
          ],
          [
            -117.9224543,
            33.8096438
          ],
          [
            -117.9224303,
            33.8096271
          ]
        ]
      },
      "id": "way/108418742"
    },
    {
      "type": "Feature",
      "properties": {
        "@id": "way/108418744",
        "gauge": "610",
        "layer": "1",
        "oneway": "yes",
        "railway": "narrow_gauge"
      },
      "geometry": {
        "type": "LineString",
        "coordinates": [
          [
            -117.9185391,
            33.8137576
          ],
          [
            -117.9185134,
            33.8137531
          ],
          [
            -117.9184876,
            33.813752
          ],
          [
            -117.9184641,
            33.8137564
          ],
          [
            -117.9184403,
            33.8137654
          ],
          [
            -117.9184156,
            33.8137793
          ],
          [
            -117.9183923,
            33.8138004
          ],
          [
            -117.9183768,
            33.8138162
          ],
          [
            -117.9183649,
            33.8138373
          ]
        ]
      },
      "id": "way/108418744"
    },
    {
      "type": "Feature",
      "properties": {
        "@id": "way/108418745",
        "bridge": "yes",
        "gauge": "610",
        "layer": "1",
        "oneway": "yes",
        "railway": "narrow_gauge"
      },
      "geometry": {
        "type": "LineString",
        "coordinates": [
          [
            -117.9183649,
            33.8138373
          ],
          [
            -117.9183608,
            33.8138517
          ],
          [
            -117.9183589,
            33.8138698
          ],
          [
            -117.9183595,
            33.8138873
          ],
          [
            -117.918361,
            33.8139042
          ]
        ]
      },
      "id": "way/108418745"
    },
    {
      "type": "Feature",
      "properties": {
        "@id": "way/109363030",
        "cutting": "yes",
        "gauge": "610",
        "layer": "2",
        "oneway": "yes",
        "railway": "narrow_gauge"
      },
      "geometry": {
        "type": "LineString",
        "coordinates": [
          [
            -117.9185485,
            33.8140457
          ],
          [
            -117.9185905,
            33.8140373
          ],
          [
            -117.9186254,
            33.8140284
          ],
          [
            -117.9186535,
            33.8140109
          ],
          [
            -117.91867,
            33.8140009
          ],
          [
            -117.9186887,
            33.8139901
          ],
          [
            -117.9187152,
            33.8139829
          ],
          [
            -117.9187612,
            33.8139836
          ],
          [
            -117.9191967,
            33.8139799
          ],
          [
            -117.9192186,
            33.8139798
          ],
          [
            -117.9192439,
            33.8139865
          ],
          [
            -117.9192689,
            33.8139934
          ],
          [
            -117.9193066,
            33.813998
          ],
          [
            -117.919351,
            33.8139977
          ],
          [
            -117.9193783,
            33.8139958
          ],
          [
            -117.9194055,
            33.8139861
          ],
          [
            -117.9194408,
            33.8139704
          ],
          [
            -117.9194736,
            33.8139526
          ],
          [
            -117.9194958,
            33.8139281
          ]
        ]
      },
      "id": "way/109363030"
    },
    {
      "type": "Feature",
      "properties": {
        "@id": "way/109363031",
        "gauge": "610",
        "layer": "2",
        "oneway": "yes",
        "railway": "narrow_gauge",
        "tunnel": "yes"
      },
      "geometry": {
        "type": "LineString",
        "coordinates": [
          [
            -117.9191315,
            33.8140781
          ],
          [
            -117.9192292,
            33.8140777
          ],
          [
            -117.9193383,
            33.8140658
          ]
        ]
      },
      "id": "way/109363031"
    },
    {
      "type": "Feature",
      "properties": {
        "@id": "way/109363032",
        "cutting": "yes",
        "gauge": "610",
        "layer": "2",
        "note": "steep up grade slope",
        "oneway": "yes",
        "railway": "narrow_gauge"
      },
      "geometry": {
        "type": "LineString",
        "coordinates": [
          [
            -117.9185414,
            33.8140831
          ],
          [
            -117.9186676,
            33.8140815
          ],
          [
            -117.9187745,
            33.8140801
          ]
        ]
      },
      "id": "way/109363032"
    },
    {
      "type": "Feature",
      "properties": {
        "@id": "way/110191590",
        "gauge": "914",
        "name": "Disneyland Railroad",
        "oneway": "yes",
        "railway": "narrow_gauge",
        "website": "https://disneyland.disney.go.com/disneyland/disneyland-railroad/"
      },
      "geometry": {
        "type": "LineString",
        "coordinates": [
          [
            -117.9198231,
            33.8099426
          ],
          [
            -117.920053,
            33.8099729
          ],
          [
            -117.9202838,
            33.8100222
          ],
          [
            -117.9203995,
            33.8100511
          ],
          [
            -117.9205551,
            33.8100989
          ],
          [
            -117.9206603,
            33.8101369
          ],
          [
            -117.9207878,
            33.8101954
          ],
          [
            -117.9209856,
            33.810296
          ]
        ]
      },
      "id": "way/110191590"
    },
    {
      "type": "Feature",
      "properties": {
        "@id": "way/112155719",
        "bridge": "yes",
        "electrified": "yes",
        "layer": "1",
        "name": "Tomorrowland Monorail Station",
        "note": "station",
        "oneway": "yes",
        "railway": "monorail",
        "ref": "Tomorrowland Monorail Station",
        "start_date": "1959"
      },
      "geometry": {
        "type": "LineString",
        "coordinates": [
          [
            -117.9168825,
            33.8127236
          ],
          [
            -117.916671,
            33.812807
          ],
          [
            -117.9165024,
            33.8128738
          ]
        ]
      },
      "id": "way/112155719"
    },
    {
      "type": "Feature",
      "properties": {
        "@id": "way/112155720",
        "bridge": "yes",
        "covered": "yes",
        "electrified": "yes",
        "layer": "1",
        "oneway": "yes",
        "railway": "monorail"
      },
      "geometry": {
        "type": "LineString",
        "coordinates": [
          [
            -117.9245262,
            33.8096987
          ],
          [
            -117.9245254,
            33.8097376
          ]
        ]
      },
      "id": "way/112155720"
    },
    {
      "type": "Feature",
      "properties": {
        "@id": "way/112155721",
        "bridge": "yes",
        "electrified": "yes",
        "layer": "1",
        "oneway": "yes",
        "railway": "monorail"
      },
      "geometry": {
        "type": "LineString",
        "coordinates": [
          [
            -117.9165024,
            33.8128738
          ],
          [
            -117.916415,
            33.8129037
          ],
          [
            -117.9163662,
            33.812916
          ],
          [
            -117.9163089,
            33.8129257
          ],
          [
            -117.9162787,
            33.8129286
          ]
        ]
      },
      "id": "way/112155721"
    },
    {
      "type": "Feature",
      "properties": {
        "@id": "way/115448564",
        "bridge": "yes",
        "electrified": "yes",
        "layer": "3",
        "oneway": "yes",
        "railway": "monorail"
      },
      "geometry": {
        "type": "LineString",
        "coordinates": [
          [
            -117.9165438,
            33.8133087
          ],
          [
            -117.9165661,
            33.8132551
          ],
          [
            -117.9165926,
            33.8131947
          ]
        ]
      },
      "id": "way/115448564"
    },
    {
      "type": "Feature",
      "properties": {
        "@id": "way/122156688",
        "gauge": "914",
        "name": "Disneyland Railroad",
        "oneway": "yes",
        "railway": "narrow_gauge",
        "tunnel": "yes",
        "website": "https://disneyland.disney.go.com/disneyland/disneyland-railroad/"
      },
      "geometry": {
        "type": "LineString",
        "coordinates": [
          [
            -117.9167288,
            33.8107052
          ],
          [
            -117.9168161,
            33.810574
          ],
          [
            -117.9168615,
            33.8105133
          ],
          [
            -117.9169072,
            33.8104637
          ],
          [
            -117.9169471,
            33.8104275
          ],
          [
            -117.9169873,
            33.8103923
          ],
          [
            -117.9170402,
            33.8103546
          ],
          [
            -117.9170857,
            33.8103279
          ],
          [
            -117.9171582,
            33.8102892
          ],
          [
            -117.9175974,
            33.8100702
          ],
          [
            -117.917724,
            33.8100225
          ],
          [
            -117.9178524,
            33.8099847
          ],
          [
            -117.9179829,
            33.8099605
          ]
        ]
      },
      "id": "way/122156688"
    },
    {
      "type": "Feature",
      "properties": {
        "@id": "way/122156690",
        "bridge": "yes",
        "gauge": "914",
        "name": "Disneyland Railroad",
        "oneway": "yes",
        "railway": "narrow_gauge",
        "tunnel": "yes",
        "website": "https://disneyland.disney.go.com/disneyland/disneyland-railroad/"
      },
      "geometry": {
        "type": "LineString",
        "coordinates": [
          [
            -117.9165974,
            33.8109021
          ],
          [
            -117.9167288,
            33.8107052
          ]
        ]
      },
      "id": "way/122156690"
    },
    {
      "type": "Feature",
      "properties": {
        "@id": "way/127788993",
        "electrified": "yes",
        "layer": "4",
        "oneway": "yes",
        "railway": "monorail",
        "tunnel": "yes"
      },
      "geometry": {
        "type": "LineString",
        "coordinates": [
          [
            -117.9213226,
            33.8082208
          ],
          [
            -117.9216176,
            33.808219
          ]
        ]
      },
      "id": "way/127788993"
    },
    {
      "type": "Feature",
      "properties": {
        "@id": "way/128964893",
        "bridge": "yes",
        "electrified": "yes",
        "layer": "1",
        "oneway": "yes",
        "railway": "monorail"
      },
      "geometry": {
        "type": "LineString",
        "coordinates": [
          [
            -117.9205045,
            33.8094551
          ],
          [
            -117.9203874,
            33.8094871
          ]
        ]
      },
      "id": "way/128964893"
    },
    {
      "type": "Feature",
      "properties": {
        "@id": "way/129133704",
        "electrified": "yes",
        "layer": "1",
        "oneway": "yes",
        "railway": "monorail"
      },
      "geometry": {
        "type": "LineString",
        "coordinates": [
          [
            -117.9207177,
            33.8082177
          ],
          [
            -117.9209327,
            33.8082187
          ],
          [
            -117.9212442,
            33.8082204
          ]
        ]
      },
      "id": "way/129133704"
    },
    {
      "type": "Feature",
      "properties": {
        "@id": "way/129133705",
        "bridge": "yes",
        "electrified": "yes",
        "height": "12",
        "layer": "1",
        "oneway": "yes",
        "railway": "monorail"
      },
      "geometry": {
        "type": "LineString",
        "coordinates": [
          [
            -117.9196771,
            33.808213
          ],
          [
            -117.9207177,
            33.8082177
          ]
        ]
      },
      "id": "way/129133705"
    },
    {
      "type": "Feature",
      "properties": {
        "@id": "way/129410402",
        "bridge": "yes",
        "electrified": "yes",
        "layer": "1",
        "oneway": "yes",
        "railway": "monorail"
      },
      "geometry": {
        "type": "LineString",
        "coordinates": [
          [
            -117.9224303,
            33.8096271
          ],
          [
            -117.9222746,
            33.8095367
          ],
          [
            -117.922115,
            33.8094732
          ],
          [
            -117.922024,
            33.8094452
          ],
          [
            -117.9219642,
            33.8094268
          ],
          [
            -117.9218462,
            33.8093953
          ],
          [
            -117.921729,
            33.8093651
          ]
        ]
      },
      "id": "way/129410402"
    },
    {
      "type": "Feature",
      "properties": {
        "@id": "way/131451441",
        "gauge": "914",
        "name": "Horse Drawn Streetcar",
        "oneway": "yes",
        "railway": "tram"
      },
      "geometry": {
        "type": "LineString",
        "coordinates": [
          [
            -117.9191863,
            33.8103231
          ],
          [
            -117.9191866,
            33.8102956
          ],
          [
            -117.9191815,
            33.8102679
          ],
          [
            -117.9191742,
            33.8102512
          ],
          [
            -117.9191655,
            33.8102379
          ],
          [
            -117.9191534,
            33.8102274
          ],
          [
            -117.9191386,
            33.8102172
          ],
          [
            -117.9191204,
            33.8102094
          ],
          [
            -117.9191039,
            33.8102039
          ],
          [
            -117.9190715,
            33.8102016
          ],
          [
            -117.9189785,
            33.8102022
          ],
          [
            -117.9189648,
            33.8102023
          ],
          [
            -117.918957,
            33.8102024
          ],
          [
            -117.9189407,
            33.8102023
          ],
          [
            -117.918834,
            33.8102006
          ],
          [
            -117.9188135,
            33.8102032
          ],
          [
            -117.918795,
            33.8102084
          ],
          [
            -117.9187805,
            33.8102139
          ],
          [
            -117.9187702,
            33.8102207
          ],
          [
            -117.9187607,
            33.8102274
          ],
          [
            -117.9187528,
            33.8102336
          ],
          [
            -117.9187334,
            33.8102646
          ],
          [
            -117.9187283,
            33.8102796
          ],
          [
            -117.9187261,
            33.8103008
          ],
          [
            -117.9187296,
            33.8103192
          ],
          [
            -117.9187328,
            33.8103305
          ],
          [
            -117.9187367,
            33.8103373
          ],
          [
            -117.9187443,
            33.8103504
          ],
          [
            -117.9187578,
            33.8103643
          ],
          [
            -117.9188654,
            33.8104585
          ],
          [
            -117.9188906,
            33.8104815
          ],
          [
            -117.9189065,
            33.8104952
          ],
          [
            -117.918924,
            33.8105158
          ],
          [
            -117.9189375,
            33.8105373
          ],
          [
            -117.9189494,
            33.8105615
          ],
          [
            -117.9189575,
            33.8105763
          ]
        ]
      },
      "id": "way/131451441"
    },
    {
      "type": "Feature",
      "properties": {
        "@id": "way/133727628",
        "gauge": "914",
        "name": "Disneyland Railroad",
        "oneway": "yes",
        "railway": "narrow_gauge",
        "website": "https://disneyland.disney.go.com/disneyland/disneyland-railroad/"
      },
      "geometry": {
        "type": "LineString",
        "coordinates": [
          [
            -117.91573,
            33.8127833
          ],
          [
            -117.9157581,
            33.8126337
          ],
          [
            -117.9157826,
            33.8125223
          ],
          [
            -117.915798,
            33.8124524
          ],
          [
            -117.9158013,
            33.812438
          ],
          [
            -117.9158344,
            33.8122923
          ],
          [
            -117.9158373,
            33.8122814
          ],
          [
            -117.9158438,
            33.8122568
          ]
        ]
      },
      "id": "way/133727628"
    },
    {
      "type": "Feature",
      "properties": {
        "@id": "way/133727634",
        "gauge": "914",
        "name": "Disneyland Railroad",
        "oneway": "yes",
        "railway": "narrow_gauge",
        "website": "https://disneyland.disney.go.com/disneyland/disneyland-railroad/"
      },
      "geometry": {
        "type": "LineString",
        "coordinates": [
          [
            -117.9158438,
            33.8122568
          ],
          [
            -117.9158882,
            33.8120884
          ],
          [
            -117.9159052,
            33.8120263
          ],
          [
            -117.9159879,
            33.8118567
          ]
        ]
      },
      "id": "way/133727634"
    },
    {
      "type": "Feature",
      "properties": {
        "@id": "way/133728384",
        "bridge": "yes",
        "gauge": "914",
        "layer": "1",
        "name": "Disneyland Railroad",
        "oneway": "yes",
        "railway": "narrow_gauge",
        "website": "https://disneyland.disney.go.com/disneyland/disneyland-railroad/"
      },
      "geometry": {
        "type": "LineString",
        "coordinates": [
          [
            -117.9184032,
            33.8148181
          ],
          [
            -117.9181555,
            33.8147672
          ]
        ]
      },
      "id": "way/133728384"
    },
    {
      "type": "Feature",
      "properties": {
        "@id": "way/133728389",
        "gauge": "914",
        "layer": "1",
        "name": "Disneyland Railroad",
        "oneway": "yes",
        "railway": "narrow_gauge",
        "website": "https://disneyland.disney.go.com/disneyland/disneyland-railroad/"
      },
      "geometry": {
        "type": "LineString",
        "coordinates": [
          [
            -117.9177756,
            33.8146954
          ],
          [
            -117.9175126,
            33.8146457
          ],
          [
            -117.9174556,
            33.8146354
          ],
          [
            -117.9173793,
            33.8146205
          ],
          [
            -117.9172903,
            33.8146033
          ],
          [
            -117.9171534,
            33.8145674
          ],
          [
            -117.9169961,
            33.8145148
          ],
          [
            -117.9168298,
            33.8144479
          ]
        ]
      },
      "id": "way/133728389"
    },
    {
      "type": "Feature",
      "properties": {
        "@id": "way/133808462",
        "gauge": "914",
        "name": "Disneyland Railroad",
        "oneway": "yes",
        "railway": "narrow_gauge",
        "tunnel": "yes",
        "website": "https://disneyland.disney.go.com/disneyland/disneyland-railroad/"
      },
      "geometry": {
        "type": "LineString",
        "coordinates": [
          [
            -117.9159879,
            33.8118567
          ],
          [
            -117.9160225,
            33.811783
          ],
          [
            -117.9161133,
            33.8116426
          ],
          [
            -117.9162753,
            33.8113829
          ],
          [
            -117.9164105,
            33.8111916
          ],
          [
            -117.9165974,
            33.8109021
          ]
        ]
      },
      "id": "way/133808462"
    },
    {
      "type": "Feature",
      "properties": {
        "@id": "way/133808463",
        "embankment": "yes",
        "gauge": "914",
        "name": "Disneyland Railroad",
        "oneway": "yes",
        "railway": "narrow_gauge",
        "website": "https://disneyland.disney.go.com/disneyland/disneyland-railroad/"
      },
      "geometry": {
        "type": "LineString",
        "coordinates": [
          [
            -117.9179829,
            33.8099605
          ],
          [
            -117.9181343,
            33.8099375
          ],
          [
            -117.9182437,
            33.8099211
          ],
          [
            -117.918356,
            33.8099104
          ],
          [
            -117.9185849,
            33.8099099
          ]
        ]
      },
      "id": "way/133808463"
    },
    {
      "type": "Feature",
      "properties": {
        "@id": "way/133953158",
        "gauge": "610",
        "layer": "1",
        "oneway": "yes",
        "railway": "narrow_gauge"
      },
      "geometry": {
        "type": "LineString",
        "coordinates": [
          [
            -117.918346,
            33.8139645
          ],
          [
            -117.9183621,
            33.8139863
          ],
          [
            -117.9183888,
            33.8140201
          ],
          [
            -117.9184606,
            33.8140631
          ],
          [
            -117.9184948,
            33.8140756
          ],
          [
            -117.9185414,
            33.8140831
          ]
        ]
      },
      "id": "way/133953158"
    },
    {
      "type": "Feature",
      "properties": {
        "@id": "way/133953162",
        "gauge": "610",
        "layer": "2",
        "oneway": "yes",
        "railway": "narrow_gauge"
      },
      "geometry": {
        "type": "LineString",
        "coordinates": [
          [
            -117.9193383,
            33.8140658
          ],
          [
            -117.9194059,
            33.8140484
          ],
          [
            -117.9194475,
            33.8140394
          ],
          [
            -117.919481,
            33.8140239
          ],
          [
            -117.9195017,
            33.8140075
          ],
          [
            -117.9195141,
            33.8139876
          ],
          [
            -117.9195237,
            33.8139609
          ],
          [
            -117.9195268,
            33.8139352
          ],
          [
            -117.9195222,
            33.8138942
          ]
        ]
      },
      "id": "way/133953162"
    },
    {
      "type": "Feature",
      "properties": {
        "@id": "way/133953166",
        "cutting": "yes",
        "gauge": "610",
        "layer": "2",
        "note": "steep down grade slope",
        "oneway": "yes",
        "railway": "narrow_gauge"
      },
      "geometry": {
        "type": "LineString",
        "coordinates": [
          [
            -117.91895,
            33.8140779
          ],
          [
            -117.9191315,
            33.8140781
          ]
        ]
      },
      "id": "way/133953166"
    },
    {
      "type": "Feature",
      "properties": {
        "@id": "way/134835715",
        "electrified": "yes",
        "layer": "1",
        "oneway": "yes",
        "railway": "monorail"
      },
      "geometry": {
        "type": "LineString",
        "coordinates": [
          [
            -117.9169853,
            33.8142977
          ],
          [
            -117.9171006,
            33.8142992
          ]
        ]
      },
      "id": "way/134835715"
    },
    {
      "type": "Feature",
      "properties": {
        "@id": "way/134835717",
        "bridge": "yes",
        "electrified": "yes",
        "layer": "1",
        "oneway": "yes",
        "railway": "monorail"
      },
      "geometry": {
        "type": "LineString",
        "coordinates": [
          [
            -117.9167109,
            33.8142893
          ],
          [
            -117.9168503,
            33.814296
          ],
          [
            -117.9169853,
            33.8142977
          ]
        ]
      },
      "id": "way/134835717"
    },
    {
      "type": "Feature",
      "properties": {
        "@id": "way/134835718",
        "electrified": "yes",
        "layer": "2",
        "oneway": "yes",
        "railway": "monorail"
      },
      "geometry": {
        "type": "LineString",
        "coordinates": [
          [
            -117.9161422,
            33.8135962
          ],
          [
            -117.9162209,
            33.8135792
          ],
          [
            -117.9162854,
            33.8135599
          ],
          [
            -117.9163382,
            33.8135374
          ],
          [
            -117.9164042,
            33.8135005
          ],
          [
            -117.9164524,
            33.8134588
          ],
          [
            -117.9164759,
            33.8134244
          ]
        ]
      },
      "id": "way/134835718"
    },
    {
      "type": "Feature",
      "properties": {
        "@id": "way/134835719",
        "electrified": "yes",
        "layer": "1",
        "oneway": "yes",
        "railway": "monorail"
      },
      "geometry": {
        "type": "LineString",
        "coordinates": [
          [
            -117.9172385,
            33.8142868
          ],
          [
            -117.9172984,
            33.8142695
          ],
          [
            -117.9173539,
            33.8142425
          ],
          [
            -117.9173971,
            33.814212
          ],
          [
            -117.9174456,
            33.8141663
          ],
          [
            -117.9174829,
            33.8141238
          ]
        ]
      },
      "id": "way/134835719"
    },
    {
      "type": "Feature",
      "properties": {
        "@id": "way/134835721",
        "bridge": "yes",
        "electrified": "yes",
        "layer": "1",
        "oneway": "yes",
        "railway": "monorail"
      },
      "geometry": {
        "type": "LineString",
        "coordinates": [
          [
            -117.9167346,
            33.8138018
          ],
          [
            -117.9167046,
            33.8136767
          ]
        ]
      },
      "id": "way/134835721"
    },
    {
      "type": "Feature",
      "properties": {
        "@id": "way/134835722",
        "bridge": "yes",
        "electrified": "yes",
        "layer": "3",
        "oneway": "yes",
        "railway": "monorail"
      },
      "geometry": {
        "type": "LineString",
        "coordinates": [
          [
            -117.9164759,
            33.8134244
          ],
          [
            -117.9165438,
            33.8133087
          ]
        ]
      },
      "id": "way/134835722"
    },
    {
      "type": "Feature",
      "properties": {
        "@id": "way/134835726",
        "bridge": "yes",
        "electrified": "yes",
        "layer": "3",
        "oneway": "yes",
        "railway": "monorail"
      },
      "geometry": {
        "type": "LineString",
        "coordinates": [
          [
            -117.9175244,
            33.8137874
          ],
          [
            -117.917523,
            33.8138185
          ],
          [
            -117.9175187,
            33.8138552
          ],
          [
            -117.9175088,
            33.8138898
          ],
          [
            -117.9174969,
            33.8139177
          ],
          [
            -117.9174823,
            33.8139439
          ],
          [
            -117.9174623,
            33.8139745
          ],
          [
            -117.9174335,
            33.8140087
          ],
          [
            -117.9174052,
            33.8140331
          ],
          [
            -117.9173687,
            33.8140572
          ],
          [
            -117.9173146,
            33.8140877
          ],
          [
            -117.917287,
            33.8140976
          ],
          [
            -117.917259,
            33.8141072
          ],
          [
            -117.9172003,
            33.8141204
          ],
          [
            -117.9171199,
            33.8141277
          ],
          [
            -117.9170787,
            33.8141256
          ],
          [
            -117.9170368,
            33.8141188
          ],
          [
            -117.9169826,
            33.8141027
          ],
          [
            -117.9169308,
            33.8140798
          ],
          [
            -117.9168772,
            33.8140475
          ],
          [
            -117.9168208,
            33.8140029
          ],
          [
            -117.9167806,
            33.8139506
          ]
        ]
      },
      "id": "way/134835726"
    },
    {
      "type": "Feature",
      "properties": {
        "@id": "way/134835727",
        "bridge": "yes",
        "electrified": "yes",
        "layer": "1",
        "oneway": "yes",
        "railway": "monorail"
      },
      "geometry": {
        "type": "LineString",
        "coordinates": [
          [
            -117.9171006,
            33.8142992
          ],
          [
            -117.9171555,
            33.8142999
          ],
          [
            -117.9172385,
            33.8142868
          ]
        ]
      },
      "id": "way/134835727"
    },
    {
      "type": "Feature",
      "properties": {
        "@id": "way/134836449",
        "bridge": "yes",
        "electrified": "yes",
        "layer": "1",
        "oneway": "yes",
        "railway": "monorail"
      },
      "geometry": {
        "type": "LineString",
        "coordinates": [
          [
            -117.9174829,
            33.8141238
          ],
          [
            -117.9177642,
            33.8137692
          ],
          [
            -117.9178928,
            33.8136117
          ],
          [
            -117.917931,
            33.8135587
          ],
          [
            -117.9179642,
            33.813501
          ],
          [
            -117.9180236,
            33.8134116
          ],
          [
            -117.9180944,
            33.8132938
          ],
          [
            -117.9181586,
            33.8131689
          ],
          [
            -117.9181722,
            33.8131366
          ],
          [
            -117.9181807,
            33.8131031
          ],
          [
            -117.9181865,
            33.8130688
          ],
          [
            -117.9181869,
            33.8130326
          ],
          [
            -117.9181839,
            33.8129987
          ],
          [
            -117.9181767,
            33.8129667
          ],
          [
            -117.9181499,
            33.812902
          ],
          [
            -117.9181029,
            33.8128352
          ],
          [
            -117.9180552,
            33.8127804
          ],
          [
            -117.9179742,
            33.8127204
          ],
          [
            -117.917891,
            33.8126792
          ],
          [
            -117.9178119,
            33.8126525
          ],
          [
            -117.9177452,
            33.8126386
          ],
          [
            -117.917693,
            33.812633
          ],
          [
            -117.9176376,
            33.8126302
          ],
          [
            -117.9170917,
            33.8126623
          ],
          [
            -117.9170283,
            33.8126736
          ],
          [
            -117.9169706,
            33.8126898
          ],
          [
            -117.9168825,
            33.8127236
          ]
        ]
      },
      "id": "way/134836449"
    },
    {
      "type": "Feature",
      "properties": {
        "@id": "way/134836567",
        "electrified": "yes",
        "layer": "2",
        "oneway": "yes",
        "railway": "monorail"
      },
      "geometry": {
        "type": "LineString",
        "coordinates": [
          [
            -117.9156015,
            33.8128203
          ],
          [
            -117.9156045,
            33.8130012
          ],
          [
            -117.9156219,
            33.8130948
          ],
          [
            -117.9156474,
            33.813194
          ],
          [
            -117.9156783,
            33.8132587
          ]
        ]
      },
      "id": "way/134836567"
    },
    {
      "type": "Feature",
      "properties": {
        "@id": "way/134836595",
        "bridge": "yes",
        "electrified": "yes",
        "layer": "1",
        "oneway": "yes",
        "railway": "monorail"
      },
      "geometry": {
        "type": "LineString",
        "coordinates": [
          [
            -117.9223883,
            33.8082177
          ],
          [
            -117.9225617,
            33.8082188
          ],
          [
            -117.9226024,
            33.8082186
          ]
        ]
      },
      "id": "way/134836595"
    },
    {
      "type": "Feature",
      "properties": {
        "@id": "way/134836596",
        "electrified": "yes",
        "layer": "1",
        "oneway": "yes",
        "railway": "monorail"
      },
      "geometry": {
        "type": "LineString",
        "coordinates": [
          [
            -117.9244962,
            33.8099215
          ],
          [
            -117.9244538,
            33.8100195
          ],
          [
            -117.9243975,
            33.8101007
          ],
          [
            -117.9243418,
            33.8101634
          ],
          [
            -117.9243033,
            33.810201
          ],
          [
            -117.9242515,
            33.8102432
          ],
          [
            -117.9241481,
            33.8103107
          ]
        ]
      },
      "id": "way/134836596"
    },
    {
      "type": "Feature",
      "properties": {
        "@id": "way/134870120",
        "electrified": "yes",
        "layer": "1",
        "oneway": "yes",
        "railway": "monorail"
      },
      "geometry": {
        "type": "LineString",
        "coordinates": [
          [
            -117.921729,
            33.8093651
          ],
          [
            -117.9216783,
            33.8093541
          ],
          [
            -117.9215241,
            33.8093374
          ],
          [
            -117.9213886,
            33.8093263
          ],
          [
            -117.921225,
            33.8093296
          ],
          [
            -117.9210708,
            33.8093408
          ],
          [
            -117.9209193,
            33.8093608
          ],
          [
            -117.920757,
            33.8093909
          ],
          [
            -117.9206261,
            33.8094233
          ],
          [
            -117.9205045,
            33.8094551
          ]
        ]
      },
      "id": "way/134870120"
    },
    {
      "type": "Feature",
      "properties": {
        "@id": "way/135664183",
        "gauge": "914",
        "name": "Horse Drawn Streetcar",
        "oneway": "yes",
        "railway": "tram"
      },
      "geometry": {
        "type": "LineString",
        "coordinates": [
          [
            -117.9189575,
            33.8105763
          ],
          [
            -117.9189654,
            33.8105599
          ],
          [
            -117.9189772,
            33.8105371
          ],
          [
            -117.9189926,
            33.8105144
          ],
          [
            -117.9190173,
            33.8104891
          ],
          [
            -117.9190378,
            33.8104703
          ],
          [
            -117.9190621,
            33.8104484
          ],
          [
            -117.9191023,
            33.8104116
          ],
          [
            -117.9191426,
            33.8103759
          ],
          [
            -117.9191681,
            33.8103525
          ],
          [
            -117.9191786,
            33.8103355
          ],
          [
            -117.9191863,
            33.8103231
          ]
        ]
      },
      "id": "way/135664183"
    },
    {
      "type": "Feature",
      "properties": {
        "@id": "way/174988006",
        "electrified": "yes",
        "layer": "2",
        "oneway": "yes",
        "railway": "monorail"
      },
      "geometry": {
        "type": "LineString",
        "coordinates": [
          [
            -117.9165926,
            33.8131947
          ],
          [
            -117.9166327,
            33.8131345
          ],
          [
            -117.916688,
            33.8130901
          ],
          [
            -117.9167711,
            33.8130453
          ],
          [
            -117.9168409,
            33.8130184
          ],
          [
            -117.9169281,
            33.813009
          ]
        ]
      },
      "id": "way/174988006"
    },
    {
      "type": "Feature",
      "properties": {
        "@id": "way/176242738",
        "embankment": "yes",
        "gauge": "914",
        "oneway": "yes",
        "railway": "narrow_gauge",
        "website": "https://disneyland.disney.go.com/disneyland/disneyland-railroad/"
      },
      "geometry": {
        "type": "LineString",
        "coordinates": [
          [
            -117.9193258,
            33.8099119
          ],
          [
            -117.9195019,
            33.809911
          ],
          [
            -117.919538,
            33.8099121
          ],
          [
            -117.9195816,
            33.8099139
          ],
          [
            -117.9196858,
            33.8099247
          ]
        ]
      },
      "id": "way/176242738"
    },
    {
      "type": "Feature",
      "properties": {
        "@id": "way/176242739",
        "bridge": "yes",
        "gauge": "914",
        "layer": "1",
        "oneway": "yes",
        "railway": "narrow_gauge",
        "website": "https://disneyland.disney.go.com/disneyland/disneyland-railroad/"
      },
      "geometry": {
        "type": "LineString",
        "coordinates": [
          [
            -117.9192364,
            33.8099125
          ],
          [
            -117.9193258,
            33.8099119
          ]
        ]
      },
      "id": "way/176242739"
    },
    {
      "type": "Feature",
      "properties": {
        "@id": "way/176242740",
        "embankment": "yes",
        "gauge": "914",
        "layer": "1",
        "oneway": "yes",
        "railway": "narrow_gauge",
        "website": "https://disneyland.disney.go.com/disneyland/disneyland-railroad/"
      },
      "geometry": {
        "type": "LineString",
        "coordinates": [
          [
            -117.9186721,
            33.8099093
          ],
          [
            -117.918956,
            33.8099111
          ],
          [
            -117.9192364,
            33.8099125
          ]
        ]
      },
      "id": "way/176242740"
    },
    {
      "type": "Feature",
      "properties": {
        "@id": "way/179177225",
        "gauge": "610",
        "layer": "1",
        "oneway": "yes",
        "railway": "narrow_gauge"
      },
      "geometry": {
        "type": "LineString",
        "coordinates": [
          [
            -117.9187571,
            33.8138245
          ],
          [
            -117.9186899,
            33.8137794
          ],
          [
            -117.9186301,
            33.8137446
          ],
          [
            -117.9186275,
            33.8137439
          ]
        ]
      },
      "id": "way/179177225"
    },
    {
      "type": "Feature",
      "properties": {
        "@id": "way/179177227",
        "cutting": "yes",
        "gauge": "610",
        "layer": "2",
        "note": "steep down grade slope",
        "oneway": "yes",
        "railway": "narrow_gauge"
      },
      "geometry": {
        "type": "LineString",
        "coordinates": [
          [
            -117.9188523,
            33.8140791
          ],
          [
            -117.91895,
            33.8140779
          ]
        ]
      },
      "id": "way/179177227"
    },
    {
      "type": "Feature",
      "properties": {
        "@id": "way/179177228",
        "cutting": "yes",
        "gauge": "610",
        "layer": "2",
        "lift_chain": "yes",
        "note": "steep up grade slope",
        "oneway": "yes",
        "railway": "narrow_gauge"
      },
      "geometry": {
        "type": "LineString",
        "coordinates": [
          [
            -117.9187745,
            33.8140801
          ],
          [
            -117.9188523,
            33.8140791
          ]
        ]
      },
      "id": "way/179177228"
    },
    {
      "type": "Feature",
      "properties": {
        "@id": "way/189034169",
        "bridge": "yes",
        "electrified": "yes",
        "layer": "1",
        "oneway": "yes",
        "railway": "monorail"
      },
      "geometry": {
        "type": "LineString",
        "coordinates": [
          [
            -117.9212442,
            33.8082204
          ],
          [
            -117.9213226,
            33.8082208
          ]
        ]
      },
      "id": "way/189034169"
    },
    {
      "type": "Feature",
      "properties": {
        "@id": "way/197575674",
        "electrified": "no",
        "gauge": "1435",
        "name": "Santa Ana Industrial Lead",
        "operator": "Union Pacific Railroad",
        "operator:wikidata": "Q725793",
        "owner": "Union Pacific Railroad",
        "railway": "rail",
        "source": "yahoo_imagery",
        "tiger:cfcc": "B11",
        "tiger:county": "Orange, CA",
        "tiger:name_base": "Union Pacific Railroad",
        "usage": "branch"
      },
      "geometry": {
        "type": "LineString",
        "coordinates": [
          [
            -117.9098567,
            33.8316108
          ],
          [
            -117.9097319,
            33.8315939
          ],
          [
            -117.9096332,
            33.8315761
          ],
          [
            -117.9095274,
            33.8315523
          ],
          [
            -117.9094116,
            33.8315193
          ],
          [
            -117.9093826,
            33.8315111
          ],
          [
            -117.9092908,
            33.8314816
          ],
          [
            -117.9092171,
            33.831455
          ],
          [
            -117.9091301,
            33.8314175
          ],
          [
            -117.9090674,
            33.8313888
          ],
          [
            -117.9089818,
            33.8313431
          ],
          [
            -117.9088865,
            33.8312871
          ],
          [
            -117.9088069,
            33.831232
          ],
          [
            -117.9087419,
            33.8311846
          ],
          [
            -117.908657,
            33.831115
          ],
          [
            -117.9085624,
            33.8310272
          ],
          [
            -117.9084925,
            33.8309457
          ],
          [
            -117.9084514,
            33.8308954
          ],
          [
            -117.9084035,
            33.8308335
          ],
          [
            -117.9083802,
            33.8308028
          ],
          [
            -117.9083169,
            33.8306988
          ],
          [
            -117.9082622,
            33.8305965
          ],
          [
            -117.9082202,
            33.830509
          ],
          [
            -117.9081786,
            33.8304045
          ],
          [
            -117.9079882,
            33.8297977
          ],
          [
            -117.9072654,
            33.827613
          ],
          [
            -117.9070778,
            33.8270944
          ],
          [
            -117.9066586,
            33.8258212
          ],
          [
            -117.9066348,
            33.8257578
          ],
          [
            -117.9063872,
            33.8250068
          ],
          [
            -117.9063378,
            33.8248587
          ],
          [
            -117.9061067,
            33.8241313
          ],
          [
            -117.9060765,
            33.8240361
          ],
          [
            -117.9060238,
            33.8238805
          ],
          [
            -117.9055534,
            33.8224529
          ],
          [
            -117.9049623,
            33.8206706
          ],
          [
            -117.9046711,
            33.8197944
          ],
          [
            -117.9041493,
            33.8182269
          ],
          [
            -117.9041035,
            33.8180892
          ],
          [
            -117.9036071,
            33.816625
          ],
          [
            -117.9034244,
            33.8160816
          ],
          [
            -117.9030805,
            33.8150456
          ],
          [
            -117.902889,
            33.8144699
          ],
          [
            -117.9027564,
            33.8140711
          ],
          [
            -117.9025398,
            33.8134197
          ],
          [
            -117.9024498,
            33.8132365
          ],
          [
            -117.9023681,
            33.813056
          ],
          [
            -117.902243,
            33.8127209
          ],
          [
            -117.9018774,
            33.8115703
          ],
          [
            -117.9015603,
            33.8106042
          ],
          [
            -117.9015232,
            33.8104918
          ],
          [
            -117.9014169,
            33.8101695
          ],
          [
            -117.9012352,
            33.8096757
          ],
          [
            -117.9011837,
            33.8095116
          ],
          [
            -117.901115,
            33.8093048
          ],
          [
            -117.9010639,
            33.8091587
          ]
        ]
      },
      "id": "way/197575674"
    },
    {
      "type": "Feature",
      "properties": {
        "@id": "way/214229828",
        "electrified": "no",
        "gauge": "1435",
        "name": "Santa Ana Industrial Lead",
        "operator": "Union Pacific Railroad",
        "operator:wikidata": "Q725793",
        "owner": "Union Pacific Railroad",
        "railway": "rail",
        "source": "yahoo_imagery",
        "tiger:cfcc": "B11",
        "tiger:county": "Orange, CA",
        "tiger:name_base": "Union Pacific Railroad",
        "usage": "branch"
      },
      "geometry": {
        "type": "LineString",
        "coordinates": [
          [
            -117.9010639,
            33.8091587
          ],
          [
            -117.9009412,
            33.8089522
          ],
          [
            -117.9008747,
            33.8088555
          ],
          [
            -117.9008108,
            33.8087721
          ],
          [
            -117.9007513,
            33.8087026
          ],
          [
            -117.9006792,
            33.8086225
          ],
          [
            -117.9005884,
            33.8085347
          ],
          [
            -117.900507,
            33.8084616
          ],
          [
            -117.9004026,
            33.8083806
          ],
          [
            -117.9003039,
            33.8083111
          ],
          [
            -117.9001777,
            33.8082358
          ],
          [
            -117.9000593,
            33.808172
          ],
          [
            -117.8999289,
            33.8081124
          ],
          [
            -117.8997694,
            33.8080496
          ],
          [
            -117.8996169,
            33.8079991
          ],
          [
            -117.8994647,
            33.8079597
          ],
          [
            -117.8993324,
            33.8079326
          ],
          [
            -117.8992309,
            33.8079156
          ],
          [
            -117.8991208,
            33.807907
          ],
          [
            -117.8990027,
            33.8079
          ],
          [
            -117.8989302,
            33.8078959
          ],
          [
            -117.8988331,
            33.8078964
          ],
          [
            -117.8987425,
            33.8078998
          ],
          [
            -117.8986311,
            33.807906
          ],
          [
            -117.8985183,
            33.8079179
          ],
          [
            -117.8984218,
            33.8079318
          ],
          [
            -117.8982939,
            33.8079504
          ],
          [
            -117.8980584,
            33.8079978
          ],
          [
            -117.8979494,
            33.8080203
          ],
          [
            -117.8967196,
            33.8082771
          ],
          [
            -117.8961211,
            33.8083987
          ]
        ]
      },
      "id": "way/214229828"
    },
    {
      "type": "Feature",
      "properties": {
        "@id": "way/225079268",
        "bridge": "yes",
        "embankment": "yes",
        "gauge": "914",
        "layer": "2",
        "oneway": "yes",
        "railway": "narrow_gauge",
        "website": "https://disneyland.disney.go.com/disneyland/disneyland-railroad/"
      },
      "geometry": {
        "type": "LineString",
        "coordinates": [
          [
            -117.9196858,
            33.8099247
          ],
          [
            -117.9198231,
            33.8099426
          ]
        ]
      },
      "id": "way/225079268"
    },
    {
      "type": "Feature",
      "properties": {
        "@id": "way/228628827",
        "gauge": "914",
        "name": "Disneyland Railroad",
        "oneway": "yes",
        "railway": "narrow_gauge",
        "website": "https://disneyland.disney.go.com/disneyland/disneyland-railroad/"
      },
      "geometry": {
        "type": "LineString",
        "coordinates": [
          [
            -117.9227931,
            33.8128209
          ],
          [
            -117.922815,
            33.8129253
          ],
          [
            -117.9228275,
            33.8130021
          ]
        ]
      },
      "id": "way/228628827"
    },
    {
      "type": "Feature",
      "properties": {
        "@id": "way/285388483",
        "gauge": "914",
        "name": "Disneyland Railroad",
        "oneway": "yes",
        "railway": "narrow_gauge",
        "website": "https://disneyland.disney.go.com/disneyland/disneyland-railroad/"
      },
      "geometry": {
        "type": "LineString",
        "coordinates": [
          [
            -117.9168298,
            33.8144479
          ],
          [
            -117.916539,
            33.8143315
          ],
          [
            -117.9162737,
            33.8142269
          ],
          [
            -117.9162497,
            33.814216
          ],
          [
            -117.9162175,
            33.8142014
          ],
          [
            -117.9161587,
            33.8141665
          ],
          [
            -117.9160618,
            33.8140954
          ],
          [
            -117.9158912,
            33.813917
          ],
          [
            -117.9157946,
            33.813771
          ],
          [
            -117.9157574,
            33.8136861
          ],
          [
            -117.9157291,
            33.8135839
          ],
          [
            -117.9157166,
            33.8134934
          ],
          [
            -117.9157131,
            33.8134313
          ],
          [
            -117.9157024,
            33.8131082
          ],
          [
            -117.9157056,
            33.8129882
          ],
          [
            -117.91573,
            33.8127833
          ]
        ]
      },
      "id": "way/285388483"
    },
    {
      "type": "Feature",
      "properties": {
        "@id": "way/326675953",
        "gauge": "914",
        "name": "Disneyland Railroad",
        "oneway": "yes",
        "railway": "narrow_gauge",
        "tunnel": "yes",
        "website": "https://disneyland.disney.go.com/disneyland/disneyland-railroad/"
      },
      "geometry": {
        "type": "LineString",
        "coordinates": [
          [
            -117.9221865,
            33.8114908
          ],
          [
            -117.922259,
            33.8115666
          ],
          [
            -117.9223879,
            33.8117248
          ],
          [
            -117.9225055,
            33.8119115
          ],
          [
            -117.9226561,
            33.8122118
          ]
        ]
      },
      "id": "way/326675953"
    },
    {
      "type": "Feature",
      "properties": {
        "@id": "way/326799791",
        "electrified": "no",
        "gauge": "1435",
        "maxspeed": "70 mph",
        "maxspeed:freight": "50 mph",
        "name": "Metrolink Orange Subdivision",
        "operator": "Southern California Regional Rail Authority",
        "owner": "Orange County Transportation Authority",
        "railway": "rail",
        "railway:ptc": "yes",
        "railway:track_class": "5",
        "railway:track_ref": "2",
        "source": "yahoo_imagery",
        "usage": "main"
      },
      "geometry": {
        "type": "LineString",
        "coordinates": [
          [
            -117.8894272,
            33.8059282
          ],
          [
            -117.8898896,
            33.8061246
          ],
          [
            -117.8903666,
            33.8063376
          ],
          [
            -117.8908239,
            33.8065591
          ],
          [
            -117.8912445,
            33.806773
          ],
          [
            -117.8917938,
            33.8070797
          ],
          [
            -117.8921199,
            33.8072723
          ],
          [
            -117.8925834,
            33.8075504
          ],
          [
            -117.8930609,
            33.8078595
          ],
          [
            -117.8933817,
            33.8080853
          ],
          [
            -117.893929,
            33.8084859
          ],
          [
            -117.8943079,
            33.808778
          ],
          [
            -117.8946493,
            33.8090621
          ],
          [
            -117.8950961,
            33.8094561
          ],
          [
            -117.8953447,
            33.8096828
          ],
          [
            -117.895577,
            33.809905
          ],
          [
            -117.895851,
            33.8101792
          ],
          [
            -117.8961007,
            33.8104422
          ],
          [
            -117.8961507,
            33.8104955
          ],
          [
            -117.8962181,
            33.8105675
          ],
          [
            -117.8962984,
            33.8106615
          ],
          [
            -117.8965602,
            33.8109679
          ],
          [
            -117.8971264,
            33.8116622
          ],
          [
            -117.897411,
            33.8120391
          ],
          [
            -117.8976923,
            33.8124549
          ]
        ]
      },
      "id": "way/326799791"
    },
    {
      "type": "Feature",
      "properties": {
        "@id": "way/326799799",
        "electrified": "no",
        "gauge": "1435",
        "name": "Tustin Industrial Lead",
        "operator": "Union Pacific Railroad",
        "operator:wikidata": "Q725793",
        "owner": "Union Pacific Railroad",
        "railway": "rail",
        "tiger:cfcc": "B11",
        "tiger:county": "Orange, CA",
        "tiger:name_base": "Union Pacific Railroad",
        "usage": "branch"
      },
      "geometry": {
        "type": "LineString",
        "coordinates": [
          [
            -117.8961211,
            33.8083987
          ],
          [
            -117.895223,
            33.8085866
          ],
          [
            -117.8943079,
            33.808778
          ],
          [
            -117.8942312,
            33.8087943
          ],
          [
            -117.8934104,
            33.8089639
          ],
          [
            -117.8926257,
            33.809126
          ],
          [
            -117.8916189,
            33.809323
          ],
          [
            -117.8894402,
            33.8097762
          ],
          [
            -117.8892245,
            33.8098225
          ],
          [
            -117.8891581,
            33.8098258
          ],
          [
            -117.8890098,
            33.8098648
          ],
          [
            -117.8865084,
            33.8103887
          ],
          [
            -117.8857715,
            33.8105358
          ],
          [
            -117.8855385,
            33.8105859
          ],
          [
            -117.8854477,
            33.8106054
          ],
          [
            -117.8849261,
            33.8107122
          ],
          [
            -117.8844705,
            33.8108066
          ],
          [
            -117.8838901,
            33.8109289
          ],
          [
            -117.8829075,
            33.8111346
          ],
          [
            -117.8794411,
            33.8118533
          ],
          [
            -117.8786758,
            33.8120093
          ],
          [
            -117.8784998,
            33.812042
          ],
          [
            -117.8779221,
            33.8121289
          ],
          [
            -117.8777881,
            33.8121461
          ],
          [
            -117.8776536,
            33.8121605
          ],
          [
            -117.8774492,
            33.8121835
          ],
          [
            -117.8772424,
            33.8122013
          ],
          [
            -117.8770667,
            33.8122146
          ],
          [
            -117.8768702,
            33.8122278
          ],
          [
            -117.8767068,
            33.8122364
          ],
          [
            -117.8765664,
            33.8122431
          ],
          [
            -117.876411,
            33.812249
          ],
          [
            -117.8761249,
            33.8122527
          ],
          [
            -117.8756068,
            33.8122605
          ],
          [
            -117.874947,
            33.8122627
          ],
          [
            -117.8736716,
            33.812277
          ],
          [
            -117.8734469,
            33.8122745
          ],
          [
            -117.8733177,
            33.8122713
          ],
          [
            -117.8731617,
            33.8122627
          ],
          [
            -117.8729468,
            33.8122488
          ],
          [
            -117.8727443,
            33.812236
          ],
          [
            -117.8725032,
            33.8122219
          ],
          [
            -117.8723645,
            33.8122186
          ],
          [
            -117.8722816,
            33.8122199
          ]
        ]
      },
      "id": "way/326799799"
    },
    {
      "type": "Feature",
      "properties": {
        "@id": "way/329618621",
        "gauge": "610",
        "layer": "1",
        "oneway": "yes",
        "railway": "narrow_gauge"
      },
      "geometry": {
        "type": "LineString",
        "coordinates": [
          [
            -117.9185444,
            33.8137214
          ],
          [
            -117.9185099,
            33.8137191
          ],
          [
            -117.9184815,
            33.8137204
          ],
          [
            -117.9184419,
            33.8137288
          ],
          [
            -117.9184098,
            33.8137442
          ],
          [
            -117.9183828,
            33.8137604
          ],
          [
            -117.9183615,
            33.8137787
          ],
          [
            -117.918348,
            33.8137988
          ],
          [
            -117.9183319,
            33.8138295
          ]
        ]
      },
      "id": "way/329618621"
    },
    {
      "type": "Feature",
      "properties": {
        "@id": "way/375657778",
        "gauge": "914",
        "name": "Disneyland Railroad",
        "oneway": "yes",
        "railway": "narrow_gauge",
        "website": "https://disneyland.disney.go.com/disneyland/disneyland-railroad/"
      },
      "geometry": {
        "type": "LineString",
        "coordinates": [
          [
            -117.9228275,
            33.8130021
          ],
          [
            -117.9228318,
            33.8130476
          ]
        ]
      },
      "id": "way/375657778"
    },
    {
      "type": "Feature",
      "properties": {
        "@id": "way/416820422",
        "gauge": "914",
        "layer": "1",
        "name": "Disneyland Railroad",
        "oneway": "yes",
        "railway": "narrow_gauge",
        "website": "https://disneyland.disney.go.com/disneyland/disneyland-railroad/"
      },
      "geometry": {
        "type": "LineString",
        "coordinates": [
          [
            -117.9194313,
            33.8149071
          ],
          [
            -117.9193614,
            33.8149167
          ],
          [
            -117.9192353,
            33.8149238
          ],
          [
            -117.919162,
            33.8149247
          ],
          [
            -117.9190993,
            33.8149238
          ],
          [
            -117.9190464,
            33.8149196
          ],
          [
            -117.9190003,
            33.8149169
          ],
          [
            -117.9189511,
            33.8149119
          ],
          [
            -117.9188751,
            33.8149029
          ],
          [
            -117.9188215,
            33.8148956
          ],
          [
            -117.9187393,
            33.8148822
          ],
          [
            -117.9186607,
            33.8148684
          ],
          [
            -117.918536,
            33.8148454
          ],
          [
            -117.9184032,
            33.8148181
          ]
        ]
      },
      "id": "way/416820422"
    },
    {
      "type": "Feature",
      "properties": {
        "@id": "way/494071873",
        "gauge": "914",
        "name": "Disneyland Railroad",
        "oneway": "yes",
        "railway": "narrow_gauge",
        "website": "https://disneyland.disney.go.com/disneyland/disneyland-railroad/"
      },
      "geometry": {
        "type": "LineString",
        "coordinates": [
          [
            -117.9201473,
            33.8140443
          ],
          [
            -117.9201082,
            33.8141288
          ],
          [
            -117.9200837,
            33.8141931
          ],
          [
            -117.9200625,
            33.8142698
          ],
          [
            -117.9199779,
            33.8145434
          ],
          [
            -117.9199043,
            33.8146468
          ]
        ]
      },
      "id": "way/494071873"
    },
    {
      "type": "Feature",
      "properties": {
        "@id": "way/494071876",
        "gauge": "914",
        "name": "Disneyland Railroad",
        "oneway": "yes",
        "railway": "narrow_gauge",
        "website": "https://disneyland.disney.go.com/disneyland/disneyland-railroad/"
      },
      "geometry": {
        "type": "LineString",
        "coordinates": [
          [
            -117.9202138,
            33.8139423
          ],
          [
            -117.9201747,
            33.8139969
          ],
          [
            -117.9201473,
            33.8140443
          ]
        ]
      },
      "id": "way/494071876"
    },
    {
      "type": "Feature",
      "properties": {
        "@id": "way/494072028",
        "bridge": "yes",
        "gauge": "914",
        "layer": "1",
        "name": "Disneyland Railroad",
        "oneway": "yes",
        "railway": "narrow_gauge",
        "website": "https://disneyland.disney.go.com/disneyland/disneyland-railroad/"
      },
      "geometry": {
        "type": "LineString",
        "coordinates": [
          [
            -117.9228318,
            33.8130476
          ],
          [
            -117.9228356,
            33.8131113
          ],
          [
            -117.9228354,
            33.8131572
          ],
          [
            -117.9228354,
            33.8132089
          ]
        ]
      },
      "id": "way/494072028"
    },
    {
      "type": "Feature",
      "properties": {
        "@id": "way/494072029",
        "gauge": "914",
        "name": "Disneyland Railroad",
        "oneway": "yes",
        "railway": "narrow_gauge",
        "website": "https://disneyland.disney.go.com/disneyland/disneyland-railroad/"
      },
      "geometry": {
        "type": "LineString",
        "coordinates": [
          [
            -117.9228354,
            33.8132089
          ],
          [
            -117.9228262,
            33.8132799
          ],
          [
            -117.9228121,
            33.8133309
          ],
          [
            -117.9227916,
            33.8133841
          ],
          [
            -117.9227737,
            33.8134213
          ],
          [
            -117.9227559,
            33.8134527
          ]
        ]
      },
      "id": "way/494072029"
    },
    {
      "type": "Feature",
      "properties": {
        "@id": "way/511156446",
        "gauge": "914",
        "name": "Disneyland Railroad",
        "oneway": "yes",
        "railway": "narrow_gauge",
        "tunnel": "yes",
        "website": "https://disneyland.disney.go.com/disneyland/disneyland-railroad/"
      },
      "geometry": {
        "type": "LineString",
        "coordinates": [
          [
            -117.9199043,
            33.8146468
          ],
          [
            -117.9198602,
            33.8146926
          ],
          [
            -117.9198009,
            33.8147464
          ],
          [
            -117.9197303,
            33.814794
          ],
          [
            -117.9196767,
            33.8148248
          ],
          [
            -117.9196062,
            33.8148584
          ],
          [
            -117.9194313,
            33.8149071
          ]
        ]
      },
      "id": "way/511156446"
    },
    {
      "type": "Feature",
      "properties": {
        "@id": "way/512265653",
        "gauge": "914",
        "name": "Disneyland Railroad",
        "oneway": "yes",
        "railway": "narrow_gauge",
        "website": "https://disneyland.disney.go.com/disneyland/disneyland-railroad/"
      },
      "geometry": {
        "type": "LineString",
        "coordinates": [
          [
            -117.920887,
            33.8136526
          ],
          [
            -117.9207721,
            33.8136585
          ],
          [
            -117.9206845,
            33.8136768
          ],
          [
            -117.9206022,
            33.8137036
          ],
          [
            -117.9204704,
            33.8137559
          ],
          [
            -117.9203708,
            33.813815
          ],
          [
            -117.9202912,
            33.8138688
          ],
          [
            -117.9202138,
            33.8139423
          ]
        ]
      },
      "id": "way/512265653"
    },
    {
      "type": "Feature",
      "properties": {
        "@id": "way/567182734",
        "gauge": "914",
        "name": "Disneyland Railroad",
        "oneway": "yes",
        "railway": "narrow_gauge",
        "website": "https://disneyland.disney.go.com/disneyland/disneyland-railroad/"
      },
      "geometry": {
        "type": "LineString",
        "coordinates": [
          [
            -117.9215871,
            33.810817
          ],
          [
            -117.9216542,
            33.8108908
          ]
        ]
      },
      "id": "way/567182734"
    },
    {
      "type": "Feature",
      "properties": {
        "@id": "way/567182735",
        "covered": "yes",
        "gauge": "914",
        "name": "Disneyland Railroad",
        "oneway": "yes",
        "railway": "narrow_gauge",
        "website": "https://disneyland.disney.go.com/disneyland/disneyland-railroad/"
      },
      "geometry": {
        "type": "LineString",
        "coordinates": [
          [
            -117.9214262,
            33.8106446
          ],
          [
            -117.9215733,
            33.8108021
          ],
          [
            -117.9215871,
            33.810817
          ]
        ]
      },
      "id": "way/567182735"
    },
    {
      "type": "Feature",
      "properties": {
        "@id": "way/567182969",
        "gauge": "914",
        "name": "Disneyland Railroad",
        "oneway": "yes",
        "railway": "narrow_gauge",
        "website": "https://disneyland.disney.go.com/disneyland/disneyland-railroad/"
      },
      "geometry": {
        "type": "LineString",
        "coordinates": [
          [
            -117.9227684,
            33.8127014
          ],
          [
            -117.9227821,
            33.8127636
          ],
          [
            -117.9227931,
            33.8128209
          ]
        ]
      },
      "id": "way/567182969"
    },
    {
      "type": "Feature",
      "properties": {
        "@id": "way/567182970",
        "covered": "yes",
        "gauge": "914",
        "name": "Disneyland Railroad",
        "oneway": "yes",
        "railway": "narrow_gauge",
        "website": "https://disneyland.disney.go.com/disneyland/disneyland-railroad/"
      },
      "geometry": {
        "type": "LineString",
        "coordinates": [
          [
            -117.9227307,
            33.8125306
          ],
          [
            -117.9227684,
            33.8127014
          ]
        ]
      },
      "id": "way/567182970"
    },
    {
      "type": "Feature",
      "properties": {
        "@id": "way/584252937",
        "gauge": "914",
        "name": "Disneyland Railroad",
        "oneway": "yes",
        "railway": "narrow_gauge",
        "website": "https://disneyland.disney.go.com/disneyland/disneyland-railroad/"
      },
      "geometry": {
        "type": "LineString",
        "coordinates": [
          [
            -117.9226679,
            33.8135718
          ],
          [
            -117.9226007,
            33.8136386
          ],
          [
            -117.9225334,
            33.8136929
          ],
          [
            -117.9224663,
            33.8137311
          ],
          [
            -117.9224002,
            33.8137672
          ],
          [
            -117.9223353,
            33.813791
          ],
          [
            -117.9222742,
            33.8138158
          ]
        ]
      },
      "id": "way/584252937"
    },
    {
      "type": "Feature",
      "properties": {
        "@id": "way/584252938",
        "bridge": "yes",
        "gauge": "914",
        "name": "Disneyland Railroad",
        "oneway": "yes",
        "railway": "narrow_gauge",
        "website": "https://disneyland.disney.go.com/disneyland/disneyland-railroad/"
      },
      "geometry": {
        "type": "LineString",
        "coordinates": [
          [
            -117.9227559,
            33.8134527
          ],
          [
            -117.9227031,
            33.8135275
          ],
          [
            -117.9226679,
            33.8135718
          ]
        ]
      },
      "id": "way/584252938"
    },
    {
      "type": "Feature",
      "properties": {
        "@id": "way/597975617",
        "covered": "yes",
        "gauge": "610",
        "layer": "1",
        "oneway": "yes",
        "railway": "narrow_gauge"
      },
      "geometry": {
        "type": "LineString",
        "coordinates": [
          [
            -117.9186275,
            33.8137439
          ],
          [
            -117.9185957,
            33.8137337
          ]
        ]
      },
      "id": "way/597975617"
    },
    {
      "type": "Feature",
      "properties": {
        "@id": "way/607522043",
        "gauge": "914",
        "name": "Disneyland Railroad",
        "oneway": "yes",
        "railway": "narrow_gauge",
        "website": "https://disneyland.disney.go.com/disneyland/disneyland-railroad/"
      },
      "geometry": {
        "type": "LineString",
        "coordinates": [
          [
            -117.9216628,
            33.8138011
          ],
          [
            -117.9215727,
            33.8137713
          ],
          [
            -117.9213186,
            33.8136839
          ]
        ]
      },
      "id": "way/607522043"
    },
    {
      "type": "Feature",
      "properties": {
        "@id": "way/607522044",
        "bridge": "yes",
        "gauge": "914",
        "name": "Disneyland Railroad",
        "oneway": "yes",
        "railway": "narrow_gauge",
        "website": "https://disneyland.disney.go.com/disneyland/disneyland-railroad/"
      },
      "geometry": {
        "type": "LineString",
        "coordinates": [
          [
            -117.9222742,
            33.8138158
          ],
          [
            -117.922202,
            33.8138347
          ],
          [
            -117.9221214,
            33.81385
          ],
          [
            -117.9220292,
            33.813858
          ],
          [
            -117.9219548,
            33.8138573
          ],
          [
            -117.9218635,
            33.8138474
          ],
          [
            -117.9217669,
            33.8138315
          ],
          [
            -117.9216628,
            33.8138011
          ]
        ]
      },
      "id": "way/607522044"
    },
    {
      "type": "Feature",
      "properties": {
        "@id": "way/607522046",
        "gauge": "914",
        "name": "Disneyland Railroad",
        "oneway": "yes",
        "railway": "narrow_gauge",
        "website": "https://disneyland.disney.go.com/disneyland/disneyland-railroad/"
      },
      "geometry": {
        "type": "LineString",
        "coordinates": [
          [
            -117.9213186,
            33.8136839
          ],
          [
            -117.9212019,
            33.8136622
          ],
          [
            -117.9211213,
            33.813653
          ]
        ]
      },
      "id": "way/607522046"
    },
    {
      "type": "Feature",
      "properties": {
        "@id": "way/607522049",
        "bridge": "yes",
        "gauge": "914",
        "layer": "2",
        "name": "Disneyland Railroad",
        "oneway": "yes",
        "railway": "narrow_gauge",
        "website": "https://disneyland.disney.go.com/disneyland/disneyland-railroad/"
      },
      "geometry": {
        "type": "LineString",
        "coordinates": [
          [
            -117.9211213,
            33.813653
          ],
          [
            -117.9211187,
            33.8136533
          ],
          [
            -117.9209544,
            33.8136528
          ],
          [
            -117.920887,
            33.8136526
          ]
        ]
      },
      "id": "way/607522049"
    },
    {
      "type": "Feature",
      "properties": {
        "@id": "way/645497316",
        "electrified": "no",
        "gauge": "1435",
        "maxspeed": "70 mph",
        "maxspeed:freight": "50 mph",
        "name": "Metrolink Orange Subdivision",
        "operator": "Southern California Regional Rail Authority",
        "owner": "Orange County Transportation Authority",
        "railway": "rail",
        "railway:ptc": "yes",
        "railway:track_class": "5",
        "railway:track_ref": "2",
        "source": "yahoo_imagery",
        "usage": "main"
      },
      "geometry": {
        "type": "LineString",
        "coordinates": [
          [
            -117.898281,
            33.8134137
          ],
          [
            -117.8985662,
            33.8139438
          ],
          [
            -117.8988099,
            33.8144493
          ],
          [
            -117.899039,
            33.8149869
          ],
          [
            -117.8991938,
            33.8153912
          ],
          [
            -117.8996498,
            33.8167432
          ]
        ]
      },
      "id": "way/645497316"
    },
    {
      "type": "Feature",
      "properties": {
        "@id": "way/645497317",
        "electrified": "no",
        "gauge": "1435",
        "maxspeed": "70 mph",
        "maxspeed:freight": "50 mph",
        "name": "Metrolink Orange Subdivision",
        "operator": "Southern California Regional Rail Authority",
        "owner": "Orange County Transportation Authority",
        "railway": "rail",
        "railway:ptc": "yes",
        "railway:track_class": "5",
        "railway:track_ref": "1",
        "source": "yahoo_imagery",
        "usage": "main"
      },
      "geometry": {
        "type": "LineString",
        "coordinates": [
          [
            -117.8982407,
            33.8134793
          ],
          [
            -117.8984244,
            33.8138185
          ],
          [
            -117.8985932,
            33.8141554
          ],
          [
            -117.8987077,
            33.8143935
          ],
          [
            -117.8988777,
            33.8147854
          ],
          [
            -117.8990306,
            33.8151598
          ],
          [
            -117.8991282,
            33.815406
          ],
          [
            -117.8995883,
            33.8167585
          ]
        ]
      },
      "id": "way/645497317"
    },
    {
      "type": "Feature",
      "properties": {
        "@id": "way/973088493",
        "bridge": "yes",
        "electrified": "yes",
        "layer": "1",
        "oneway": "yes",
        "railway": "monorail"
      },
      "geometry": {
        "type": "LineString",
        "coordinates": [
          [
            -117.9245254,
            33.8097376
          ],
          [
            -117.9245228,
            33.809801
          ],
          [
            -117.9244962,
            33.8099215
          ]
        ]
      },
      "id": "way/973088493"
    },
    {
      "type": "Feature",
      "properties": {
        "@id": "way/1021933442",
        "gauge": "914",
        "layer": "1",
        "name": "Disneyland Railroad",
        "oneway": "yes",
        "railway": "narrow_gauge",
        "website": "https://disneyland.disney.go.com/disneyland/disneyland-railroad/"
      },
      "geometry": {
        "type": "LineString",
        "coordinates": [
          [
            -117.9181555,
            33.8147672
          ],
          [
            -117.9180919,
            33.8147552
          ],
          [
            -117.9178708,
            33.8147134
          ]
        ]
      },
      "id": "way/1021933442"
    },
    {
      "type": "Feature",
      "properties": {
        "@id": "way/1021933443",
        "gauge": "914",
        "layer": "1",
        "name": "Disneyland Railroad",
        "oneway": "yes",
        "railway": "narrow_gauge",
        "website": "https://disneyland.disney.go.com/disneyland/disneyland-railroad/"
      },
      "geometry": {
        "type": "LineString",
        "coordinates": [
          [
            -117.9178708,
            33.8147134
          ],
          [
            -117.9177756,
            33.8146954
          ]
        ]
      },
      "id": "way/1021933443"
    },
    {
      "type": "Feature",
      "properties": {
        "@id": "way/1132329266",
        "electrified": "yes",
        "height": "12",
        "layer": "1",
        "oneway": "yes",
        "railway": "monorail"
      },
      "geometry": {
        "type": "LineString",
        "coordinates": [
          [
            -117.9195916,
            33.8082127
          ],
          [
            -117.9196771,
            33.808213
          ]
        ]
      },
      "id": "way/1132329266"
    },
    {
      "type": "Feature",
      "properties": {
        "@id": "way/1132329267",
        "bridge": "yes",
        "electrified": "yes",
        "height": "12",
        "layer": "1",
        "oneway": "yes",
        "railway": "monorail"
      },
      "geometry": {
        "type": "LineString",
        "coordinates": [
          [
            -117.9194704,
            33.8082122
          ],
          [
            -117.9195916,
            33.8082127
          ]
        ]
      },
      "id": "way/1132329267"
    },
    {
      "type": "Feature",
      "properties": {
        "@id": "node/247141462",
        "air_conditioning": "no",
        "fee": "Disneyland Park admittance required to enter Downtown Disney station",
        "internet_access": "no",
        "name": "Downtown Disney Monorail Station",
        "old_name": "Disneyland Hotel Monorail Station",
        "public_transport": "station",
        "railway": "station",
        "source": "http://disneyland.disney.go.com/disneyland/disneyland-monorail/",
        "tourism": "attraction",
        "wheelchair": "limited"
      },
      "geometry": {
        "type": "Point",
        "coordinates": [
          -117.924528,
          33.8094021
        ]
      },
      "id": "node/247141462"
    },
    {
      "type": "Feature",
      "properties": {
        "@id": "node/1360105262",
        "name": "Carthay Circle Stop",
        "public_transport": "stop_position",
        "railway": "tram_stop",
        "tram": "yes",
        "website": "https://disneyland.disney.go.com/disneys-california-adventure/red-car-trolley/"
      },
      "geometry": {
        "type": "Point",
        "coordinates": [
          -117.9193434,
          33.8075353
        ]
      },
      "id": "node/1360105262"
    },
    {
      "type": "Feature",
      "properties": {
        "@id": "node/1426903510",
        "name": "The Hub",
        "public_transport": "stop_position",
        "railway": "tram_stop",
        "tram": "yes"
      },
      "geometry": {
        "type": "Point",
        "coordinates": [
          -117.9189588,
          33.8122937
        ]
      },
      "id": "node/1426903510"
    },
    {
      "type": "Feature",
      "properties": {
        "@id": "node/1446077221",
        "name": "Fantasyland Station",
        "public_transport": "station",
        "railway": "station",
        "website": "https://disneyland.disney.go.com/disneyland/casey-jr-circus-train/",
        "wheelchair": "limited"
      },
      "geometry": {
        "type": "Point",
        "coordinates": [
          -117.919284,
          33.8137247
        ]
      },
      "id": "node/1446077221"
    },
    {
      "type": "Feature",
      "properties": {
        "@id": "node/1446696511",
        "name": "Town Square",
        "public_transport": "stop_position",
        "railway": "tram_stop",
        "tourism": "attraction",
        "tram": "yes"
      },
      "geometry": {
        "type": "Point",
        "coordinates": [
          -117.918957,
          33.8102024
        ]
      },
      "id": "node/1446696511"
    },
    {
      "type": "Feature",
      "properties": {
        "@id": "node/1451383696",
        "name": "Mickey's Toontown Depot",
        "old_name": "Videopolis Station",
        "operator": "Disney Parks",
        "public_transport": "station",
        "railway": "station",
        "ref": "DRR: Mickey's Toontown Depot",
        "website": "https://disneyland.disney.go.com/attractions/disneyland/disneyland-railroad/",
        "wheelchair": "yes"
      },
      "geometry": {
        "type": "Point",
        "coordinates": [
          -117.918536,
          33.8148454
        ]
      },
      "id": "node/1451383696"
    },
    {
      "type": "Feature",
      "properties": {
        "@id": "node/1474022616",
        "air_conditioning": "no",
        "name": "New Orleans Square Station",
        "old_name": "Frontierland Station",
        "public_transport": "station",
        "railway": "station",
        "ref": "DRR: New Orleans Square Station",
        "website": "https://disneyland.disney.go.com/attractions/disneyland/disneyland-railroad/",
        "wheelchair": "yes"
      },
      "geometry": {
        "type": "Point",
        "coordinates": [
          -117.921932,
          33.8112026
        ]
      },
      "id": "node/1474022616"
    },
    {
      "type": "Feature",
      "properties": {
        "@id": "node/1474022646",
        "designation": "1",
        "name": "Tomorrowland Station",
        "operator": "Disney Parks",
        "public_transport": "station",
        "railway": "station",
        "ref": "DRR: Tomorrowland Station",
        "website": "https://disneyland.disney.go.com/attractions/disneyland/disneyland-railroad/",
        "wheelchair": "limited"
      },
      "geometry": {
        "type": "Point",
        "coordinates": [
          -117.915798,
          33.8124524
        ]
      },
      "id": "node/1474022646"
    },
    {
      "type": "Feature",
      "properties": {
        "@id": "node/1474022664",
        "designation": "2",
        "name": "Main Street Station",
        "public_transport": "station",
        "railway": "station",
        "ref": "DRR: Main Street Station",
        "website": "https://disneyland.disney.go.com/attractions/disneyland/disneyland-railroad/",
        "wheelchair": "no"
      },
      "geometry": {
        "type": "Point",
        "coordinates": [
          -117.918956,
          33.8099111
        ]
      },
      "id": "node/1474022664"
    },
    {
      "type": "Feature",
      "properties": {
        "@id": "node/2118852163",
        "alt_name": "Disneyland Monorail",
        "attraction": "train",
        "historic": "monument",
        "layer": "1",
        "name": "Tomorrowland Monorail Station",
        "note": "The final departing monorail leaves at exactly park closing. Please be at station before closing to board final monorail for a one-way trip to Downtown Disney Station.",
        "note:historic": "First Daily operating monorail-type rail system to open in the entire Western Hemisphere",
        "public_transport": "station",
        "railway": "station",
        "tourism": "attraction",
        "website": "https://disneyland.disney.go.com/attractions/disneyland/disneyland-monorail/",
        "wikidata": "Q3030502"
      },
      "geometry": {
        "type": "Point",
        "coordinates": [
          -117.916671,
          33.812807
        ]
      },
      "id": "node/2118852163"
    }
  ]
}