{"type":"FeatureCollection","features":[{"type":"Feature","geometry":{"type":"Polygon","coordinates":[[[100.514312,13.847766],[100.515291,13.849185],[100.515132,13.849286],[100.514154,13.847868],[100.514312,13.847766]]]},"properties":{"@id":"way/341608537","building":"yes","layer":"3","name":"กระทรวงสาธารณสุข","name:en":"Ministry of Public Health","network":"MRT","public_transport":"station","toilets:wheelchair":"yes"},"id":"way/341608537"},{"type":"Feature","geometry":{"type":"Polygon","coordinates":[[[100.408051,13.893293],[100.408215,13.891561],[100.40839,13.891577],[100.408227,13.893309],[100.408119,13.893299],[100.408051,13.893293]]]},"properties":{"@id":"way/341608538","building":"yes","layer":"3","name":"คลองบางไผ่","name:en":"Khlong Bang Phai","name:th":"คลองบางไผ่","network":"MRT","public_transport":"station"},"id":"way/341608538"},{"type":"Feature","geometry":{"type":"Polygon","coordinates":[[[100.409119,13.881878],[100.409279,13.880135],[100.409456,13.880151],[100.409296,13.881893],[100.409119,13.881878]]]},"properties":{"@id":"way/341608539","building":"yes","layer":"3","name":"ตลาดบางใหญ่","name:en":"Talad Bang Yai","name:th":"ตลาดบางใหญ่","network":"MRT","public_transport":"station"},"id":"way/341608539"},{"type":"Feature","geometry":{"type":"Polygon","coordinates":[[[100.432413,13.875748],[100.432426,13.875579],[100.435194,13.87579],[100.435181,13.875958],[100.432413,13.875748]]]},"properties":{"@id":"way/341608542","building":"yes","layer":"3","name":"บางพลู","name:en":"Bang Phlu","name:th":"บางพลู","network":"MRT","public_transport":"station"},"id":"way/341608542"},{"type":"Feature","geometry":{"type":"Polygon","coordinates":[[[100.44406,13.876451],[100.445829,13.876582],[100.445814,13.876764],[100.444046,13.876633],[100.44406,13.876451]]]},"properties":{"@id":"way/341608543","building":"yes","layer":"3","name":"บางรักใหญ่","name:en":"Bang Rak Yai","name:th":"บางรักใหญ่","network":"MRT","public_transport":"station"},"id":"way/341608543"},{"type":"Feature","geometry":{"type":"Polygon","coordinates":[[[100.526993,13.829337],[100.527115,13.829474],[100.526022,13.830387],[100.5259,13.830249],[100.526993,13.829337]]]},"properties":{"@id":"way/341608544","building":"yes","layer":"3","name":"วงศ์สว่าง","name:en":"Wong Sawang","network":"MRT","public_transport":"station"},"id":"way/341608544"},{"type":"Feature","geometry":{"type":"Polygon","coordinates":[[[100.505502,13.861339],[100.505547,13.861512],[100.503835,13.861964],[100.503784,13.861793],[100.505502,13.861339]]]},"properties":{"@id":"way/341608545","building":"yes","layer":"3","name":"บางกระสอ","name:en":"Bang Krasor","network":"MRT","public_transport":"station","toilets:wheelchair":"yes"},"id":"way/341608545"},{"type":"Feature","geometry":{"type":"Polygon","coordinates":[[[100.481027,13.87028],[100.481011,13.870455],[100.479259,13.870298],[100.479274,13.870122],[100.481027,13.87028]]]},"properties":{"@id":"way/341608547","building":"train_station","layer":"3","name":"สะพานพระนั่งเกล้า","name:en":"Phra Nang Klao Bridge","name:th":"สะพานพระนั่งเกล้า","network":"MRT","public_transport":"station"},"id":"way/341608547"},{"type":"Feature","geometry":{"type":"Polygon","coordinates":[[[100.418481,13.874695],[100.418495,13.874521],[100.420241,13.874654],[100.420227,13.874827],[100.418481,13.874695]]]},"properties":{"@id":"way/341608548","building":"yes","layer":"3","name":"สามแยกบางใหญ่","name:en":"Sam Yaek Bang Yai","name:th":"สามแยกบางใหญ่","network":"MRT","public_transport":"station"},"id":"way/341608548"},{"type":"Feature","geometry":{"type":"Polygon","coordinates":[[[100.574369,13.789101],[100.574358,13.788955],[100.574448,13.788949],[100.574459,13.789094],[100.574438,13.789096],[100.574407,13.789098],[100.574382,13.789099],[100.574369,13.789101]]]},"properties":{"@id":"way/462449585","building":"train_station","name":"สถานีรถไฟฟ้า MRT สุทธิสาร","name:en":"Sutthisan MRT Station","roof:material":"metal","station":"subway","subway":"yes"},"id":"way/462449585"},{"type":"Feature","geometry":{"type":"Polygon","coordinates":[[[100.573903,13.78886],[100.573901,13.78873],[100.573966,13.788729],[100.573969,13.788859],[100.573903,13.78886]]]},"properties":{"@id":"way/463349316","addr:district":"ดินแดง","addr:postcode":"10400","addr:province":"กรุงเทพมหานคร","addr:subdistrict":"รัชดาภิเษก","building":"train_station","name":"สถานีรถไฟฟ้า MRT สุทธิสาร","name:en":"Sutthisan MRT Station","roof:material":"metal","station":"subway","subway":"yes"},"id":"way/463349316"},{"type":"Feature","geometry":{"type":"Polygon","coordinates":[[[100.573896,13.79047],[100.573895,13.790355],[100.573978,13.790355],[100.573979,13.790469],[100.573896,13.79047]]]},"properties":{"@id":"way/463349317","addr:district":"ดินแดง","addr:postcode":"10400","addr:province":"กรุงเทพมหานคร","addr:subdistrict":"รัชดาภิเษก","building":"train_station","name":"สถานีรถไฟฟ้า MRT สุทธิสาร","name:en":"Sutthisan MRT Station","roof:material":"metal","station":"subway","subway":"yes"},"id":"way/463349317"},{"type":"Feature","geometry":{"type":"Polygon","coordinates":[[[100.574407,13.790645],[100.574405,13.790569],[100.574545,13.790564],[100.574548,13.790641],[100.574407,13.790645]]]},"properties":{"@id":"way/463349318","building":"train_station","name":"สถานีรถไฟฟ้า MRT สุทธิสาร","name:en":"Sutthisan MRT Station","roof:material":"metal","station":"subway","subway":"yes"},"id":"way/463349318"},{"type":"Feature","geometry":{"type":"Polygon","coordinates":[[[100.58219,13.884157],[100.582978,13.883719],[100.583108,13.883938],[100.582954,13.884024],[100.583008,13.884115],[100.582463,13.884418],[100.582413,13.884334],[100.582324,13.884384],[100.582228,13.884221],[100.58219,13.884157]]]},"properties":{"@id":"way/1225368611","building":"train_station","layer":"1","name":"หลักสี่","network":"MRT","public_transport":"station"},"id":"way/1225368611"},{"type":"Feature","geometry":{"type":"Polygon","coordinates":[[[100.548923,13.897123],[100.549029,13.897402],[100.547991,13.897773],[100.547885,13.897494],[100.548923,13.897123]]]},"properties":{"@id":"way/1225369479","building":"train_station","layer":"1","name":"เมืองทองธานี","network":"MRT","public_transport":"station"},"id":"way/1225369479"},{"type":"Feature","geometry":{"type":"Polygon","coordinates":[[[100.505062,13.90573],[100.505222,13.905643],[100.505256,13.905703],[100.505291,13.905684],[100.505727,13.906444],[100.505692,13.906464],[100.50574,13.906549],[100.505573,13.906639],[100.505533,13.90657],[100.505501,13.906588],[100.505045,13.905796],[100.505087,13.905774],[100.505062,13.90573]]]},"properties":{"@id":"way/1225369727","building":"train_station","layer":"1","name":"แยกปากเกร็ด","network":"MRT","public_transport":"station"},"id":"way/1225369727"},{"type":"Feature","geometry":{"type":"Polygon","coordinates":[[[100.518535,13.85978],[100.517681,13.859887],[100.517634,13.859748],[100.517646,13.859626],[100.518506,13.859513],[100.518535,13.85978]]]},"properties":{"@id":"way/1225426693","building":"train_station","layer":"1","name":"ศูนย์ราชการนนทบุรี","public_transport":"station"},"id":"way/1225426693"},{"type":"Feature","geometry":{"type":"Polygon","coordinates":[[[100.520364,13.863006],[100.520674,13.862182],[100.520806,13.862211],[100.520923,13.862266],[100.520608,13.863098],[100.520477,13.863076],[100.520364,13.863006]]]},"properties":{"@id":"way/1226369085","building":"train_station","layer":"1","name":"แคราย","network":"MRT","public_transport":"station"},"id":"way/1226369085"},{"type":"Feature","geometry":{"type":"Polygon","coordinates":[[[100.516147,13.874521],[100.516024,13.874454],[100.51634,13.873632],[100.516472,13.873664],[100.516584,13.873722],[100.516267,13.874545],[100.516147,13.874521]]]},"properties":{"@id":"way/1226369086","building":"train_station","layer":"1","name":"สนามบินน้ำ","network":"MRT","public_transport":"station"},"id":"way/1226369086"},{"type":"Feature","geometry":{"type":"Polygon","coordinates":[[[100.510294,13.889617],[100.510603,13.888785],[100.510729,13.888822],[100.51085,13.888876],[100.510538,13.889708],[100.510402,13.889689],[100.510294,13.889617]]]},"properties":{"@id":"way/1226369087","building":"train_station","layer":"1","name":"สามัคคี","network":"MRT","public_transport":"station"},"id":"way/1226369087"},{"type":"Feature","geometry":{"type":"Polygon","coordinates":[[[100.506918,13.898965],[100.5068,13.898905],[100.507107,13.898081],[100.507235,13.89812],[100.507353,13.898169],[100.50705,13.89899],[100.506918,13.898965]]]},"properties":{"@id":"way/1226369088","building":"train_station","layer":"1","name":"กรมชลประทาน","network":"MRT","public_transport":"station"},"id":"way/1226369088"},{"type":"Feature","geometry":{"type":"Polygon","coordinates":[[[100.515114,13.90664],[100.515073,13.90652],[100.515092,13.906394],[100.51599,13.906316],[100.516028,13.906434],[100.516012,13.906558],[100.515114,13.90664]]]},"properties":{"@id":"way/1226369089","building":"train_station","layer":"1","name":"เลี่ยงเมืองปากเกร็ด","network":"MRT","public_transport":"station"},"id":"way/1226369089"},{"type":"Feature","geometry":{"type":"Polygon","coordinates":[[[100.528886,13.904388],[100.528819,13.904294],[100.528812,13.904187],[100.52966,13.90387],[100.529724,13.903965],[100.529744,13.904091],[100.528886,13.904388]]]},"properties":{"@id":"way/1226369090","building":"train_station","layer":"1","name":"แจ้งวัฒนะ-ปากเกร็ด 28","network":"MRT","public_transport":"station"},"id":"way/1226369090"},{"type":"Feature","geometry":{"type":"Polygon","coordinates":[[[100.539621,13.900829],[100.539569,13.900766],[100.539544,13.900704],[100.539542,13.900627],[100.540404,13.900322],[100.540472,13.900413],[100.540479,13.900533],[100.539621,13.900829]]]},"properties":{"@id":"way/1226369091","building":"train_station","layer":"1","name":"ศรีรัช","network":"MRT","public_transport":"station"},"id":"way/1226369091"},{"type":"Feature","geometry":{"type":"Polygon","coordinates":[[[100.559767,13.893561],[100.559715,13.893488],[100.559688,13.893411],[100.559681,13.89332],[100.560526,13.89301],[100.560577,13.893099],[100.560595,13.893164],[100.560608,13.893261],[100.559767,13.893561]]]},"properties":{"@id":"way/1226369092","building":"train_station","layer":"1","name":"แจ้งวัฒนะ 14","network":"MRT","public_transport":"station"},"id":"way/1226369092"},{"type":"Feature","geometry":{"type":"Polygon","coordinates":[[[100.566962,13.891028],[100.566889,13.890912],[100.566871,13.890787],[100.567628,13.890523],[100.567719,13.890491],[100.567788,13.890613],[100.567808,13.890734],[100.566962,13.891028]]]},"properties":{"@id":"way/1226369093","building":"train_station","layer":"1","name":"ศูนย์ราชการเฉลิมพระเกียรติ","network":"MRT","public_transport":"station"},"id":"way/1226369093"},{"type":"Feature","geometry":{"type":"Polygon","coordinates":[[[100.575388,13.887897],[100.575301,13.887806],[100.575259,13.887676],[100.576027,13.887228],[100.576114,13.887338],[100.576163,13.887462],[100.575388,13.887897]]]},"properties":{"@id":"way/1226369094","building":"train_station","layer":"1","name":"โทรคมนาคมแห่งชาติ","network":"MRT","public_transport":"station"},"id":"way/1226369094"},{"type":"Feature","geometry":{"type":"Polygon","coordinates":[[[100.588866,13.880161],[100.588837,13.880046],[100.589616,13.879595],[100.589706,13.879707],[100.589748,13.879808],[100.588964,13.880265],[100.588866,13.880161]]]},"properties":{"@id":"way/1226369095","building":"train_station","layer":"1","name":"ราชภัฏพระนคร","network":"MRT","public_transport":"station"},"id":"way/1226369095"},{"type":"Feature","geometry":{"type":"Polygon","coordinates":[[[100.545962,13.725448],[100.545886,13.725294],[100.546375,13.725127],[100.546504,13.725082],[100.546533,13.725083],[100.546566,13.725114],[100.546617,13.72519],[100.545962,13.725448]]]},"properties":{"@id":"way/1313224325","public_transport":"station"},"id":"way/1313224325"},{"type":"Feature","geometry":{"type":"Polygon","coordinates":[[[100.502353,13.757172],[100.502294,13.756945],[100.502345,13.756692],[100.502669,13.756599],[100.502634,13.756307],[100.502452,13.756351],[100.502438,13.756281],[100.503066,13.756148],[100.503096,13.756218],[100.502782,13.756294],[100.50283,13.756567],[100.503718,13.756377],[100.503774,13.756101],[100.503527,13.756158],[100.503517,13.756106],[100.504021,13.755994],[100.50404,13.756039],[100.503876,13.756096],[100.503809,13.756354],[100.504008,13.756315],[100.504045,13.756247],[100.50423,13.7562],[100.504269,13.756384],[100.504284,13.756455],[100.50434,13.756734],[100.504603,13.756883],[100.504488,13.757013],[100.504193,13.756846],[100.504158,13.756492],[100.502543,13.756805],[100.502481,13.756812],[100.502412,13.757117],[100.502353,13.757172]]]},"properties":{"@id":"way/1364323526","area":"yes","layer":"-1","name":"อนุสาวรีย์ประชาธิปไตย","name:en":"Democracy Monument","name:th":"อนุสาวรีย์ประชาธิปไตย","public_transport":"station","railway":"construction","station":"subway","subway":"yes"},"id":"way/1364323526"},{"type":"Feature","geometry":{"type":"Polygon","coordinates":[[[100.509725,13.756623],[100.509735,13.756162],[100.510132,13.756168],[100.510108,13.756217],[100.510213,13.756217],[100.510208,13.756352],[100.511565,13.756371],[100.511559,13.756251],[100.511861,13.756252],[100.511846,13.756685],[100.511231,13.756668],[100.511237,13.756572],[100.510122,13.756545],[100.510139,13.756674],[100.509731,13.756697],[100.509725,13.756623]]]},"properties":{"@id":"way/1364323529","area":"yes","layer":"-1","name":"หลานหลวง","name:en":"Lan Luang","name:th":"หลานหลวง","public_transport":"station","railway":"construction","station":"subway","subway":"yes"},"id":"way/1364323529"},{"type":"Feature","geometry":{"type":"Polygon","coordinates":[[[100.516835,13.756446],[100.516908,13.756392],[100.517066,13.756592],[100.519285,13.75683],[100.519298,13.75672],[100.519679,13.756761],[100.519667,13.756868],[100.519843,13.756887],[100.519815,13.757133],[100.51991,13.757208],[100.520093,13.757234],[100.520075,13.75735],[100.519708,13.757297],[100.519723,13.757193],[100.518088,13.75696],[100.518073,13.757057],[100.51764,13.756996],[100.517653,13.756915],[100.517221,13.756854],[100.517247,13.756683],[100.516995,13.756648],[100.516835,13.756446]]]},"properties":{"@id":"way/1364323530","area":"yes","layer":"-1","name":"ยมราช","name:th":"ยมราช","public_transport":"station","railway":"construction","station":"subway","subway":"yes"},"id":"way/1364323530"},{"type":"Feature","geometry":{"type":"Polygon","coordinates":[[[100.530706,13.75392],[100.530657,13.753782],[100.529133,13.754299],[100.529249,13.754621],[100.529093,13.754674],[100.52899,13.754389],[100.52882,13.754446],[100.528727,13.754186],[100.529031,13.754084],[100.528938,13.753824],[100.529104,13.753768],[100.529185,13.753995],[100.530641,13.753502],[100.530599,13.753385],[100.530808,13.753314],[100.530854,13.75344],[100.53096,13.753404],[100.531078,13.753733],[100.530945,13.753778],[100.530964,13.753832],[100.530706,13.75392]]]},"properties":{"@id":"way/1364323532","area":"yes","layer":"-1","name":"ราชเทวี","name:th":"ราชเทวี","public_transport":"station","railway":"construction","station":"subway","subway":"yes"},"id":"way/1364323532"},{"type":"Feature","geometry":{"type":"Polygon","coordinates":[[[100.491841,13.760495],[100.492148,13.760172],[100.492161,13.759957],[100.491785,13.76034],[100.491683,13.760225],[100.493076,13.758805],[100.492918,13.758716],[100.49282,13.758406],[100.492884,13.758368],[100.492973,13.758672],[100.493102,13.758772],[100.493385,13.758385],[100.493583,13.758542],[100.49311,13.759047],[100.493332,13.759214],[100.493731,13.758762],[100.493753,13.758776],[100.49393,13.75857],[100.494028,13.758641],[100.493817,13.758865],[100.493764,13.75882],[100.493311,13.759317],[100.493065,13.759149],[100.492459,13.759863],[100.492339,13.759767],[100.492218,13.759906],[100.49225,13.760107],[100.491907,13.760567],[100.491841,13.760495]]]},"properties":{"@id":"way/1364323534","area":"yes","layer":"-1","name":"สนามหลวง","name:th":"สนามหลวง","public_transport":"station","railway":"construction","station":"subway","subway":"yes"},"id":"way/1364323534"},{"type":"Feature","geometry":{"type":"Polygon","coordinates":[[[100.472846,13.762628],[100.472882,13.762594],[100.472795,13.762512],[100.472933,13.762397],[100.472984,13.762446],[100.473074,13.762362],[100.473268,13.762621],[100.473339,13.762556],[100.473424,13.762665],[100.473123,13.762909],[100.473075,13.762841],[100.473235,13.762712],[100.473194,13.762667],[100.47167,13.763845],[100.471423,13.764036],[100.471388,13.764002],[100.471597,13.763839],[100.471514,13.763728],[100.47162,13.763649],[100.471481,13.763496],[100.471794,13.763255],[100.471876,13.763334],[100.47177,13.763433],[100.471818,13.763477],[100.472846,13.762628]]]},"properties":{"@id":"way/1364323537","area":"yes","layer":"-1","name":"บางขุนนนท์","name:en":"Bang Khun Non","name:th":"บางขุนนนท์","public_transport":"station","railway":"construction","station":"subway","subway":"yes"},"id":"way/1364323537"},{"type":"Feature","geometry":{"type":"Polygon","coordinates":[[[100.480873,13.76088],[100.480875,13.760737],[100.481326,13.760737],[100.481311,13.760425],[100.481524,13.760415],[100.481515,13.760735],[100.483037,13.760645],[100.483154,13.760454],[100.483144,13.760382],[100.483526,13.760307],[100.483536,13.76037],[100.483208,13.76045],[100.483111,13.760653],[100.483669,13.760647],[100.483663,13.760904],[100.483126,13.760908],[100.483137,13.760953],[100.482876,13.760991],[100.482797,13.761003],[100.482797,13.760915],[100.482797,13.760887],[100.480873,13.76088]]]},"properties":{"@id":"way/1364323538","area":"yes","layer":"-1","name":"ศิริราช","name:th":"ศิริราช","public_transport":"station","railway":"construction","station":"subway","subway":"yes"},"id":"way/1364323538"},{"type":"Feature","geometry":{"type":"Polygon","coordinates":[[[100.551632,13.827907],[100.551736,13.827774],[100.551898,13.827868],[100.551973,13.827443],[100.552296,13.827502],[100.552789,13.827634],[100.55275,13.827871],[100.55269,13.827863],[100.55219,13.828339],[100.551632,13.827907]]]},"properties":{"@id":"way/1434548543","public_transport":"station"},"id":"way/1434548543"},{"type":"Feature","geometry":{"type":"Polygon","coordinates":[[[100.556438,13.827486],[100.554477,13.826831],[100.554646,13.826275],[100.555863,13.826684],[100.556589,13.826936],[100.557451,13.827137],[100.557259,13.828433],[100.556781,13.828379],[100.556304,13.828327],[100.556438,13.827486]]]},"properties":{"@id":"way/1434548556","name":"สหพันธ์ทัวร์","name:th":"สหพันธ์ทัวร์","public_transport":"station"},"id":"way/1434548556"},{"type":"Feature","geometry":{"type":"LineString","coordinates":[[100.521028,13.757271],[100.521097,13.75738],[100.52117,13.757493],[100.52127,13.757616],[100.521391,13.757744],[100.521517,13.757872],[100.521667,13.758006],[100.52184,13.758148],[100.521947,13.758225],[100.522082,13.758314],[100.522241,13.758408],[100.522497,13.758554],[100.522704,13.758636],[100.522876,13.758696],[100.523104,13.758765],[100.523315,13.75882],[100.52348,13.758858],[100.523668,13.758891],[100.523844,13.758911],[100.524003,13.758928],[100.52418,13.758936],[100.524314,13.758939],[100.524374,13.758939],[100.524498,13.758937],[100.524748,13.758905],[100.524789,13.758902],[100.524879,13.758884],[100.525019,13.75886],[100.525424,13.758769]]},"properties":{"@id":"way/9353290","electrified":"no","gauge":"1000","name":"ทางรถไฟสายตะวันออก","name:th":"ทางรถไฟสายตะวันออก","operator":"การรถไฟแห่งประเทศไทย","passenger_lines":"1","railway":"rail","railway:etcs":"1","ref":"ตะวันออก","source":"Yahoo! Aerial Imagery","tracks":"1","usage":"main"},"id":"way/9353290"},{"type":"Feature","geometry":{"type":"LineString","coordinates":[[100.518196,13.815898],[100.513893,13.812041]]},"properties":{"@id":"way/23958080","bridge":"yes","electrified":"no","gauge":"1000","layer":"1","name":"สายใต้เดิม","name:en":"Former Southern Line","name:th":"สายใต้เดิม","operator":"การรถไฟแห่งประเทศไทย","railway":"rail","ref":"ใต้","start_date":"1927-01-01","usage":"branch","wikidata":"Q1538802"},"id":"way/23958080"},{"type":"Feature","geometry":{"type":"LineString","coordinates":[[100.5449,13.817063],[100.544964,13.817285],[100.545035,13.817506],[100.545077,13.817694],[100.545086,13.81786],[100.545085,13.817994],[100.545058,13.818233],[100.545019,13.818427],[100.544987,13.818594],[100.544934,13.818759],[100.544877,13.818884],[100.544761,13.819073]]},"properties":{"@id":"way/25806739","electrified":"no","gauge":"1000","name":"สายใต้เดิม","name:en":"Former Southern Line","name:th":"สายใต้เดิม","operator":"การรถไฟแห่งประเทศไทย","railway":"rail","railway:etcs":"1","ref":"ใต้","tracks":"1","usage":"branch"},"id":"way/25806739"},{"type":"Feature","geometry":{"type":"LineString","coordinates":[[100.526312,13.758599],[100.533211,13.757038],[100.533669,13.756937],[100.533731,13.756923],[100.533876,13.756894],[100.533961,13.756875],[100.536447,13.756318],[100.540192,13.755479],[100.541339,13.755223],[100.542102,13.755044],[100.542156,13.755032],[100.542177,13.755028],[100.54224,13.755012],[100.544201,13.754568],[100.544616,13.754478],[100.544681,13.754461],[100.544863,13.754401],[100.544953,13.754375]]},"properties":{"@id":"way/27670347","electrified":"no","gauge":"1000","name":"ทางรถไฟสายตะวันออก","name:th":"ทางรถไฟสายตะวันออก","operator":"การรถไฟแห่งประเทศไทย","passenger_lines":"2","railway":"rail","ref":"ตะวันออก","tracks":"1","usage":"main"},"id":"way/27670347"},{"type":"Feature","geometry":{"type":"LineString","coordinates":[[100.472877,13.762896],[100.472974,13.762818],[100.473022,13.762778],[100.473085,13.762727],[100.474545,13.761593],[100.475068,13.76131],[100.475746,13.761051],[100.476278,13.760893],[100.476535,13.760849]]},"properties":{"@id":"way/29995047","electrified":"no","gauge":"1000","name":"ทางรถไฟสายใต้","name:en":"Southern Line","operator":"การรถไฟแห่งประเทศไทย","passenger_lines":"1","railway":"rail","source":"Yahoo! Image","usage":"main"},"id":"way/29995047"},{"type":"Feature","geometry":{"type":"LineString","coordinates":[[101.062486,13.695164],[101.063417,13.695051],[101.064365,13.694936],[101.071602,13.694017],[101.07217,13.693953],[101.073005,13.693854],[101.073416,13.693801],[101.075879,13.693485],[101.077681,13.693254],[101.078245,13.693243],[101.078626,13.693276],[101.079055,13.693377],[101.079392,13.693477],[101.07979,13.693651],[101.080075,13.6938]]},"properties":{"@id":"way/32807728","electrified":"no","gauge":"1000","name":"ทางรถไฟสายตะวันออก","name:th":"ทางรถไฟสายตะวันออก","oneway":"no","passenger_lines":"2","railway":"rail","railway:etcs":"1","ref":"ตะวันออก","usage":"main"},"id":"way/32807728"},{"type":"Feature","geometry":{"type":"LineString","coordinates":[[100.517888,13.747787],[100.518084,13.746046],[100.5181,13.74588],[100.518106,13.74571],[100.518095,13.745505],[100.518045,13.745134],[100.517997,13.744876],[100.517954,13.744701],[100.517921,13.744576],[100.51786,13.744403],[100.517763,13.744172]]},"properties":{"@id":"way/37908432","electrified":"no","gauge":"1000","maxspeed":"30","operator":"การรถไฟแห่งประเทศไทย","railway":"rail","railway:etcs":"1","usage":"main"},"id":"way/37908432"},{"type":"Feature","geometry":{"type":"LineString","coordinates":[[100.517734,13.744067],[100.517665,13.743704],[100.517538,13.742879],[100.517227,13.740762],[100.517198,13.740564]]},"properties":{"@id":"way/37908433","electrified":"no","gauge":"1000","operator":"การรถไฟแห่งประเทศไทย","railway":"rail","railway:etcs":"1","railway:track_ref":"2","usage":"main"},"id":"way/37908433"},{"type":"Feature","geometry":{"type":"LineString","coordinates":[[100.517665,13.743704],[100.517611,13.743478],[100.517556,13.743279],[100.517484,13.743007],[100.517451,13.742887],[100.517398,13.742566],[100.517017,13.740021]]},"properties":{"@id":"way/37908434","electrified":"no","gauge":"1000","operator":"การรถไฟแห่งประเทศไทย","railway":"rail","railway:etcs":"1","railway:track_ref":"3","usage":"main"},"id":"way/37908434"},{"type":"Feature","geometry":{"type":"LineString","coordinates":[[100.516518,13.740098],[100.516703,13.741325],[100.516801,13.742013],[100.516819,13.742116],[100.516893,13.742455],[100.516932,13.742744],[100.516951,13.74287],[100.517025,13.743139],[100.517071,13.743297],[100.517092,13.743371],[100.517145,13.743553]]},"properties":{"@id":"way/37908437","electrified":"no","gauge":"1000","operator":"การรถไฟแห่งประเทศไทย","railway":"rail","railway:etcs":"1","railway:track_ref":"10","usage":"main"},"id":"way/37908437"},{"type":"Feature","geometry":{"type":"LineString","coordinates":[[100.516653,13.740084],[100.516968,13.742077],[100.51703,13.742468],[100.517065,13.742763],[100.517082,13.743068]]},"properties":{"@id":"way/37908438","electrified":"no","gauge":"1000","operator":"การรถไฟแห่งประเทศไทย","railway":"rail","railway:etcs":"1","railway:track_ref":"7","usage":"main"},"id":"way/37908438"},{"type":"Feature","geometry":{"type":"LineString","coordinates":[[100.182966,13.50263],[100.182125,13.502274],[100.181404,13.501959],[100.180441,13.501548],[100.18009,13.501397],[100.179458,13.501135],[100.177095,13.500269],[100.175061,13.499532],[100.167431,13.496848],[100.165776,13.496257],[100.163439,13.495423],[100.162672,13.495154],[100.160475,13.494382],[100.160094,13.494248],[100.159595,13.494075],[100.157874,13.493479],[100.15379,13.492023],[100.15294,13.49172],[100.15222,13.491464],[100.151261,13.491124],[100.150176,13.490741],[100.147851,13.48992],[100.146229,13.489334],[100.146206,13.489325],[100.143325,13.488299],[100.142389,13.487965],[100.141297,13.487559],[100.141197,13.487529],[100.140142,13.48721],[100.139379,13.487101],[100.138524,13.48711],[100.138307,13.487148],[100.13767,13.487259],[100.137606,13.487278],[100.13751,13.487308],[100.136937,13.487483],[100.136593,13.487616],[100.134973,13.488417],[100.133349,13.48925]]},"properties":{"@id":"way/73646482","electrified":"no","gauge":"1000","name":"ทางรถไฟสายแม่กลอง","name:en":"Mae Klong Line","name:th":"ทางรถไฟสายแม่กลอง","operator":"การรถไฟแห่งประเทศไทย","railway":"rail","ref":"แม่กลอง","usage":"main"},"id":"way/73646482"},{"type":"Feature","geometry":{"type":"LineString","coordinates":[[100.050924,13.824203],[100.05363,13.824294],[100.055527,13.824372],[100.059343,13.824503],[100.061461,13.82455],[100.062818,13.824601],[100.062987,13.824606],[100.064444,13.824652],[100.073491,13.824932],[100.080567,13.825184],[100.083831,13.825298],[100.091305,13.825559],[100.096343,13.825734],[100.096738,13.825748],[100.097229,13.825745],[100.097664,13.825725],[100.098082,13.825688],[100.098629,13.825605],[100.09901,13.825532],[100.099407,13.825438],[100.099751,13.825323],[100.100298,13.825152],[100.100764,13.824985],[100.101279,13.82474],[100.102281,13.824247],[100.109064,13.82074]]},"properties":{"@id":"way/96820819","electrified":"no","gauge":"1000","name":"สายใต้","name:en":"Southern Line","name:th":"สายใต้","operator":"การรถไฟแห่งประเทศไทย","passenger_lines":"2","railway":"rail","railway:etcs":"1","ref":"ใต้","usage":"main"},"id":"way/96820819"},{"type":"Feature","geometry":{"type":"LineString","coordinates":[[101.080075,13.6938],[101.080826,13.694316],[101.084669,13.697154],[101.084954,13.697346],[101.085212,13.697493],[101.085453,13.697606],[101.085658,13.697689],[101.085872,13.697759],[101.086167,13.697839],[101.086479,13.697889],[101.086794,13.697925],[101.087034,13.697933],[101.087363,13.697913],[101.087765,13.697849],[101.08805,13.697784],[101.088331,13.69769],[101.088647,13.697545],[101.088966,13.697372],[101.089318,13.697142],[101.08964,13.696911],[101.092445,13.694608]]},"properties":{"@id":"way/99370179","bridge":"yes","electrified":"no","gauge":"1000","layer":"1","name":"ทางรถไฟสายตะวันออก","name:th":"ทางรถไฟสายตะวันออก","oneway":"no","passenger_lines":"2","railway":"rail","railway:etcs":"1","ref":"ตะวันออก","usage":"main"},"id":"way/99370179"},{"type":"Feature","geometry":{"type":"LineString","coordinates":[[101.10924,13.666946],[101.110167,13.661194],[101.110371,13.659993],[101.110471,13.659294]]},"properties":{"@id":"way/99370186","bridge":"yes","electrified":"no","gauge":"1000","layer":"1","name":"ทางรถไฟสายตะวันออก","name:th":"ทางรถไฟสายตะวันออก","oneway":"no","passenger_lines":"2","railway":"rail","railway:etcs":"1","ref":"ตะวันออก","usage":"main"},"id":"way/99370186"},{"type":"Feature","geometry":{"type":"LineString","coordinates":[[101.092445,13.694608],[101.094205,13.693148],[101.09689,13.69096],[101.101928,13.686846],[101.104544,13.684691],[101.105402,13.683793],[101.106005,13.682978],[101.106669,13.681662],[101.106941,13.680881],[101.107077,13.680438],[101.107198,13.679839],[101.10747,13.678165],[101.107771,13.676314],[101.108053,13.674477],[101.108894,13.669141],[101.10924,13.666946]]},"properties":{"@id":"way/99370187","electrified":"no","gauge":"1000","name":"ทางรถไฟสายตะวันออก","name:th":"ทางรถไฟสายตะวันออก","oneway":"no","passenger_lines":"2","railway":"rail","railway:etcs":"1","ref":"ตะวันออก","usage":"main"},"id":"way/99370187"},{"type":"Feature","geometry":{"type":"LineString","coordinates":[[101.110471,13.659294],[101.11107,13.655084],[101.111548,13.65212],[101.112427,13.646506],[101.112643,13.645063],[101.112655,13.644986],[101.113295,13.640861],[101.113947,13.637094],[101.114478,13.633557],[101.114565,13.632936],[101.114633,13.632326],[101.114671,13.631652],[101.114687,13.63077],[101.114682,13.630228],[101.114651,13.629616],[101.114565,13.628743],[101.114404,13.627693],[101.114075,13.626097],[101.112901,13.620249]]},"properties":{"@id":"way/99370191","electrified":"no","gauge":"1000","name":"ทางรถไฟสายตะวันออก","name:th":"ทางรถไฟสายตะวันออก","oneway":"no","passenger_lines":"2","railway":"rail","railway:etcs":"1","ref":"ตะวันออก","usage":"main"},"id":"way/99370191"},{"type":"Feature","geometry":{"type":"LineString","coordinates":[[101.112901,13.620249],[101.111842,13.615055],[101.110925,13.610591]]},"properties":{"@id":"way/99372392","bridge":"yes","electrified":"no","gauge":"1000","layer":"1","name":"ทางรถไฟสายตะวันออก","name:th":"ทางรถไฟสายตะวันออก","oneway":"no","passenger_lines":"2","railway":"rail","railway:etcs":"1","ref":"ตะวันออก","usage":"main"},"id":"way/99372392"},{"type":"Feature","geometry":{"type":"LineString","coordinates":[[101.100184,13.557225],[101.098957,13.551167],[101.097754,13.5452],[101.097551,13.544143],[101.097291,13.542892],[101.095961,13.536295],[101.094995,13.531511],[101.094191,13.527553],[101.092589,13.519556],[101.0923,13.51815],[101.0917,13.515175]]},"properties":{"@id":"way/99372393","electrified":"no","gauge":"1000","name":"ทางรถไฟสายตะวันออก","name:th":"ทางรถไฟสายตะวันออก","oneway":"no","passenger_lines":"2","railway":"rail","railway:etcs":"1","ref":"ตะวันออก","usage":"main"},"id":"way/99372393"},{"type":"Feature","geometry":{"type":"LineString","coordinates":[[100.429929,13.667417],[100.429228,13.666809],[100.428868,13.666496],[100.428856,13.666485],[100.428531,13.666186],[100.428409,13.666068],[100.428231,13.665919],[100.42794,13.665654],[100.427308,13.665091],[100.426661,13.664518],[100.426516,13.664398],[100.425362,13.663368],[100.424447,13.662557],[100.423987,13.662146],[100.423027,13.661292],[100.420816,13.659318],[100.41994,13.658546],[100.419267,13.657944],[100.417369,13.656242],[100.41638,13.65537],[100.415787,13.654833],[100.415642,13.654716],[100.414541,13.653726],[100.41431,13.653521]]},"properties":{"@id":"way/102485743","electrified":"no","gauge":"1000","maxspeed":"80","name":"ทางรถไฟสายแม่กลอง","name:en":"Mae Klong Line","name:th":"ทางรถไฟสายแม่กลอง","operator":"การรถไฟแห่งประเทศไทย","railway":"rail","ref":"แม่กลอง","train":"yes","usage":"main"},"id":"way/102485743"},{"type":"Feature","geometry":{"type":"LineString","coordinates":[[100.45963,13.69509],[100.459946,13.695657],[100.460162,13.695993],[100.46054,13.696627],[100.460891,13.697234],[100.461087,13.697585],[100.461278,13.697932],[100.461712,13.698635],[100.461857,13.698864],[100.462219,13.699489],[100.462282,13.699606],[100.462428,13.699872],[100.462537,13.70004],[100.462667,13.700213],[100.462773,13.700341],[100.462918,13.700501],[100.463049,13.700633],[100.463205,13.700773],[100.463322,13.700871],[100.463463,13.700981],[100.46358,13.701076],[100.463698,13.70116],[100.463809,13.701231],[100.463903,13.701288],[100.464012,13.701348],[100.464116,13.701403],[100.464205,13.701448],[100.464325,13.701499],[100.464691,13.701647],[100.464968,13.701754],[100.464983,13.70176],[100.465023,13.701775]]},"properties":{"@id":"way/102485754","abandoned:electrified":"contact_line","electrified":"no","gauge":"1000","maxspeed":"80","name":"ทางรถไฟสายแม่กลอง","name:en":"Mae Klong Line","name:th":"ทางรถไฟสายแม่กลอง","operator":"การรถไฟแห่งประเทศไทย","railway":"rail","ref":"แม่กลอง","train":"yes","usage":"main"},"id":"way/102485754"},{"type":"Feature","geometry":{"type":"LineString","coordinates":[[100.430111,13.667577],[100.429929,13.667417]]},"properties":{"@id":"way/102485759","bridge":"yes","electrified":"no","gauge":"1000","layer":"1","maxspeed":"80","name":"ทางรถไฟสายแม่กลอง","name:en":"Mae Klong Line","operator":"การรถไฟแห่งประเทศไทย","railway":"rail","ref":"แม่กลอง","train":"yes","usage":"main"},"id":"way/102485759"},{"type":"Feature","geometry":{"type":"LineString","coordinates":[[100.45949,13.694864],[100.459398,13.694717],[100.45922,13.694418],[100.458846,13.693761],[100.45836,13.692906],[100.458074,13.692393],[100.457827,13.691953],[100.457728,13.691773],[100.45769,13.691713],[100.457586,13.691549],[100.457512,13.691433],[100.457261,13.691124],[100.457144,13.690973],[100.456997,13.690821],[100.456924,13.690745],[100.456779,13.690628],[100.456702,13.690554],[100.456454,13.690347],[100.455848,13.689842],[100.45522,13.689342],[100.454436,13.68872],[100.454295,13.688601],[100.453891,13.688266]]},"properties":{"@id":"way/102485760","abandoned:electrified":"contact_line","electrified":"no","gauge":"1000","maxspeed":"80","name":"ทางรถไฟสายแม่กลอง","name:en":"Mae Klong Line","name:th":"ทางรถไฟสายแม่กลอง","operator":"การรถไฟแห่งประเทศไทย","railway":"rail","ref":"แม่กลอง","train":"yes","usage":"main"},"id":"way/102485760"},{"type":"Feature","geometry":{"type":"LineString","coordinates":[[101.052278,13.410154],[101.051848,13.409504]]},"properties":{"@id":"way/103478339","bridge":"yes","electrified":"no","gauge":"1000","layer":"1","name":"ทางรถไฟสายตะวันออก","name:th":"ทางรถไฟสายตะวันออก","oneway":"no","passenger_lines":"2","railway":"rail","railway:etcs":"1","ref":"ตะวันออก","usage":"main"},"id":"way/103478339"},{"type":"Feature","geometry":{"type":"LineString","coordinates":[[100.442719,13.787032],[100.443533,13.786468],[100.443723,13.78636],[100.444142,13.786142],[100.444306,13.786072],[100.444771,13.785877],[100.445324,13.785656],[100.445942,13.785442],[100.446703,13.785265],[100.447308,13.785161],[100.448002,13.78509],[100.448425,13.785072]]},"properties":{"@id":"way/119106081","electrified":"no","gauge":"1000","name":"สายใต้เดิม","name:en":"Former Southern Line","name:th":"สายใต้เดิม","operator":"การรถไฟแห่งประเทศไทย","railway":"rail","railway:etcs":"1","ref":"ใต้","usage":"branch"},"id":"way/119106081"},{"type":"Feature","geometry":{"type":"LineString","coordinates":[[100.585423,14.246577],[100.585793,14.249547],[100.587125,14.260841],[100.587369,14.262736],[100.588327,14.270803],[100.588564,14.27271]]},"properties":{"@id":"way/121214550","electrified":"no","gauge":"1000","operator":"การรถไฟแห่งประเทศไทย","passenger_lines":"2","railway":"rail","railway:etcs":"1","source":"GPS","usage":"main"},"id":"way/121214550"},{"type":"Feature","geometry":{"type":"LineString","coordinates":[[100.583867,14.233966],[100.583906,14.234266]]},"properties":{"@id":"way/121214553","bridge":"yes","electrified":"no","gauge":"1000","layer":"1","operator":"การรถไฟแห่งประเทศไทย","passenger_lines":"2","railway":"rail","railway:etcs":"1","source":"GPS","usage":"main"},"id":"way/121214553"},{"type":"Feature","geometry":{"type":"LineString","coordinates":[[100.470313,13.707588],[100.470105,13.707157],[100.469915,13.706727],[100.469793,13.706474],[100.469687,13.706253],[100.469247,13.705339],[100.469195,13.705229],[100.469071,13.704948],[100.468934,13.70468],[100.468817,13.704469],[100.468676,13.704233],[100.468584,13.704099],[100.468496,13.703977],[100.468363,13.703807],[100.468236,13.703649],[100.468093,13.703497],[100.467983,13.703381],[100.46789,13.703292],[100.467791,13.703198],[100.467685,13.7031],[100.467574,13.70301],[100.467324,13.702835],[100.467079,13.702669],[100.46686,13.702536]]},"properties":{"@id":"way/140488410","abandoned:electrified":"contact_line","electrified":"no","gauge":"1000","maxspeed":"80","name":"ทางรถไฟสายแม่กลอง","name:en":"Mae Klong Line","name:th":"ทางรถไฟสายแม่กลอง","operator":"การรถไฟแห่งประเทศไทย","railway":"rail","ref":"แม่กลอง","train":"yes","usage":"main"},"id":"way/140488410"},{"type":"Feature","geometry":{"type":"LineString","coordinates":[[101.067131,13.69916],[101.068359,13.703375],[101.068637,13.704331],[101.068723,13.704628],[101.070042,13.70919],[101.07197,13.715804]]},"properties":{"@id":"way/150890547","electrified":"no","gauge":"1000","operator":"การรถไฟแห่งประเทศไทย","passenger_lines":"1","railway":"rail","railway:etcs":"1","usage":"main"},"id":"way/150890547"},{"type":"Feature","geometry":{"type":"LineString","coordinates":[[101.074271,13.723761],[101.0743,13.72388]]},"properties":{"@id":"way/150890548","bridge":"yes","electrified":"no","gauge":"1000","layer":"1","operator":"การรถไฟแห่งประเทศไทย","passenger_lines":"1","railway":"rail","railway:etcs":"1"},"id":"way/150890548"},{"type":"Feature","geometry":{"type":"LineString","coordinates":[[101.08209,13.750695],[101.082191,13.751041]]},"properties":{"@id":"way/150890549","bridge":"yes","electrified":"no","gauge":"1000","layer":"1","operator":"การรถไฟแห่งประเทศไทย","passenger_lines":"1","railway":"rail","railway:etcs":"1","wikipedia":"en:Suvarnabhumi Airport Link"},"id":"way/150890549"},{"type":"Feature","geometry":{"type":"LineString","coordinates":[[101.066972,13.698621],[101.067131,13.69916]]},"properties":{"@id":"way/150890550","bridge":"yes","electrified":"no","gauge":"1000","layer":"1","operator":"การรถไฟแห่งประเทศไทย","passenger_lines":"1","railway":"rail","railway:etcs":"1"},"id":"way/150890550"},{"type":"Feature","geometry":{"type":"LineString","coordinates":[[101.077058,13.733424],[101.077182,13.733838]]},"properties":{"@id":"way/150890551","bridge":"yes","electrified":"no","gauge":"1000","layer":"1","operator":"การรถไฟแห่งประเทศไทย","passenger_lines":"1","railway":"rail","railway:etcs":"1"},"id":"way/150890551"},{"type":"Feature","geometry":{"type":"LineString","coordinates":[[101.082191,13.751041],[101.082436,13.75187],[101.083191,13.754473],[101.083702,13.756247],[101.084219,13.75803],[101.085886,13.763767],[101.086488,13.765924],[101.089059,13.779662],[101.09001,13.784923]]},"properties":{"@id":"way/150890553","electrified":"no","gauge":"1000","operator":"การรถไฟแห่งประเทศไทย","passenger_lines":"1","railway":"rail","railway:etcs":"1","usage":"main"},"id":"way/150890553"},{"type":"Feature","geometry":{"type":"LineString","coordinates":[[101.0743,13.72388],[101.075193,13.726989],[101.075291,13.727345],[101.075733,13.728849]]},"properties":{"@id":"way/150890554","electrified":"no","gauge":"1000","operator":"การรถไฟแห่งประเทศไทย","passenger_lines":"1","railway":"rail","railway:etcs":"1","usage":"main"},"id":"way/150890554"},{"type":"Feature","geometry":{"type":"LineString","coordinates":[[101.077182,13.733838],[101.078828,13.739515],[101.08042,13.744962],[101.080473,13.745144],[101.08209,13.750695]]},"properties":{"@id":"way/150890556","electrified":"no","gauge":"1000","operator":"การรถไฟแห่งประเทศไทย","passenger_lines":"1","railway":"rail","railway:etcs":"1","usage":"main"},"id":"way/150890556"},{"type":"Feature","geometry":{"type":"LineString","coordinates":[[100.55291,13.752598],[100.563614,13.750162],[100.56372,13.750138],[100.564007,13.750104],[100.564192,13.750058],[100.56832,13.7491],[100.568473,13.749066],[100.568556,13.749047],[100.568666,13.749025],[100.568716,13.749014],[100.569333,13.748874]]},"properties":{"@id":"way/150890557","electrified":"no","gauge":"1000","name":"ทางรถไฟสายตะวันออก","name:th":"ทางรถไฟสายตะวันออก","operator":"การรถไฟแห่งประเทศไทย","passenger_lines":"2","railway":"rail","ref":"ตะวันออก","usage":"main","wikipedia":"en:State Railway of Thailand#Eastern Line"},"id":"way/150890557"},{"type":"Feature","geometry":{"type":"LineString","coordinates":[[100.996589,14.116052],[100.992552,14.1231]]},"properties":{"@id":"way/152443574","bridge":"yes","electrified":"no","gauge":"1000","layer":"1","name":"ทางรถไฟสายชุมทางคลองสิบเก้า–ชุมทางแก่งคอย","name:th":"ทางรถไฟสายชุมทางคลองสิบเก้า–ชุมทางแก่งคอย","railway":"rail","railway:etcs":"1","source":"Bing","usage":"branch"},"id":"way/152443574"},{"type":"Feature","geometry":{"type":"LineString","coordinates":[[100.982894,14.148216],[100.983243,14.157049],[100.983368,14.160981],[100.983544,14.16431],[100.983661,14.165228],[100.983766,14.165968],[100.983894,14.166594],[100.984113,14.167393],[100.984463,14.168496],[100.985043,14.16996],[100.985916,14.172357],[100.987133,14.175559],[100.99122,14.18643]]},"properties":{"@id":"way/152443575","electrified":"no","gauge":"1000","name":"ทางรถไฟสายชุมทางคลองสิบเก้า–ชุมทางแก่งคอย","name:th":"ทางรถไฟสายชุมทางคลองสิบเก้า–ชุมทางแก่งคอย","railway":"rail","railway:etcs":"1","usage":"branch"},"id":"way/152443575"},{"type":"Feature","geometry":{"type":"LineString","coordinates":[[100.992552,14.1231],[100.988709,14.129764],[100.98636,14.133905],[100.986127,14.134319],[100.98445,14.137293],[100.984339,14.13749],[100.98387,14.138336],[100.983148,14.139943],[100.982867,14.141155],[100.982799,14.141572],[100.98275,14.14216],[100.98272,14.142678],[100.982724,14.142825]]},"properties":{"@id":"way/152443576","electrified":"no","gauge":"1000","name":"ทางรถไฟสายชุมทางคลองสิบเก้า–ชุมทางแก่งคอย","name:th":"ทางรถไฟสายชุมทางคลองสิบเก้า–ชุมทางแก่งคอย","railway":"rail","railway:etcs":"1","usage":"branch"},"id":"way/152443576"},{"type":"Feature","geometry":{"type":"LineString","coordinates":[[101.033731,13.383105],[101.032838,13.381796],[101.031163,13.379376],[101.028788,13.375893],[101.026788,13.372952],[101.026361,13.372367],[101.02602,13.371949],[101.025734,13.371616],[101.024597,13.37038],[101.024029,13.36979],[101.012026,13.356833],[101.010857,13.355584],[101.009153,13.353759]]},"properties":{"@id":"way/153146063","electrified":"no","gauge":"1000","name":"ทางรถไฟสายตะวันออก","name:th":"ทางรถไฟสายตะวันออก","passenger_lines":"2","railway":"rail","railway:etcs":"1","ref":"ตะวันออก","usage":"main"},"id":"way/153146063"},{"type":"Feature","geometry":{"type":"LineString","coordinates":[[101.080256,13.976029],[101.080019,13.977011],[101.079855,13.977583],[101.079655,13.978174],[101.07915,13.979219],[101.078502,13.980269],[101.077033,13.982514],[101.074479,13.986357],[101.073877,13.987263]]},"properties":{"@id":"way/154230332","electrified":"no","gauge":"1000","name":"ทางรถไฟสายชุมทางคลองสิบเก้า–ชุมทางแก่งคอย","name:th":"ทางรถไฟสายชุมทางคลองสิบเก้า–ชุมทางแก่งคอย","railway":"rail","railway:etcs":"1","usage":"branch"},"id":"way/154230332"},{"type":"Feature","geometry":{"type":"LineString","coordinates":[[101.080629,13.974472],[101.080256,13.976029]]},"properties":{"@id":"way/154230335","bridge":"yes","electrified":"no","gauge":"1000","layer":"1","name":"ทางรถไฟสายชุมทางคลองสิบเก้า–ชุมทางแก่งคอย","name:th":"ทางรถไฟสายชุมทางคลองสิบเก้า–ชุมทางแก่งคอย","railway":"rail","railway:etcs":"1","usage":"branch"},"id":"way/154230335"},{"type":"Feature","geometry":{"type":"LineString","coordinates":[[101.103548,13.857463],[101.103657,13.857975]]},"properties":{"@id":"way/154230336","bridge":"yes","electrified":"no","gauge":"1000","layer":"1","operator":"การรถไฟแห่งประเทศไทย","passenger_lines":"1","railway":"rail","railway:etcs":"1"},"id":"way/154230336"},{"type":"Feature","geometry":{"type":"LineString","coordinates":[[101.103657,13.857975],[101.106245,13.870539]]},"properties":{"@id":"way/154230338","electrified":"no","gauge":"1000","operator":"การรถไฟแห่งประเทศไทย","passenger_lines":"1","railway":"rail","railway:etcs":"1","usage":"main"},"id":"way/154230338"},{"type":"Feature","geometry":{"type":"LineString","coordinates":[[101.043159,14.034478],[101.042641,14.035384]]},"properties":{"@id":"way/154275856","bridge":"yes","electrified":"no","gauge":"1000","layer":"1","name":"ทางรถไฟสายชุมทางคลองสิบเก้า–ชุมทางแก่งคอย","name:th":"ทางรถไฟสายชุมทางคลองสิบเก้า–ชุมทางแก่งคอย","railway":"rail","railway:etcs":"1","usage":"branch"},"id":"way/154275856"},{"type":"Feature","geometry":{"type":"LineString","coordinates":[[101.012855,14.087523],[101.011786,14.089396]]},"properties":{"@id":"way/154275859","bridge":"yes","electrified":"no","gauge":"1000","layer":"1","name":"ทางรถไฟสายชุมทางคลองสิบเก้า–ชุมทางแก่งคอย","name:th":"ทางรถไฟสายชุมทางคลองสิบเก้า–ชุมทางแก่งคอย","railway":"rail","railway:etcs":"1","usage":"branch"},"id":"way/154275859"},{"type":"Feature","geometry":{"type":"LineString","coordinates":[[101.004655,14.101859],[100.996589,14.116052]]},"properties":{"@id":"way/154275860","electrified":"no","gauge":"1000","name":"ทางรถไฟสายชุมทางคลองสิบเก้า–ชุมทางแก่งคอย","name:th":"ทางรถไฟสายชุมทางคลองสิบเก้า–ชุมทางแก่งคอย","railway":"rail","railway:etcs":"1","usage":"branch"},"id":"way/154275860"},{"type":"Feature","geometry":{"type":"LineString","coordinates":[[101.042641,14.035384],[101.035758,14.047546],[101.03521,14.048502],[101.028975,14.059322],[101.02801,14.060987]]},"properties":{"@id":"way/154275861","electrified":"no","gauge":"1000","name":"ทางรถไฟสายชุมทางคลองสิบเก้า–ชุมทางแก่งคอย","name:th":"ทางรถไฟสายชุมทางคลองสิบเก้า–ชุมทางแก่งคอย","railway":"rail","railway:etcs":"1","usage":"branch"},"id":"way/154275861"},{"type":"Feature","geometry":{"type":"LineString","coordinates":[[100.474972,13.717479],[100.475541,13.718662],[100.475659,13.718906],[100.475721,13.719012],[100.475783,13.719124],[100.475846,13.719235],[100.475917,13.719339],[100.475988,13.719441],[100.476074,13.719551],[100.476161,13.71965],[100.476267,13.719767],[100.476357,13.719861],[100.476449,13.719951],[100.476528,13.720028],[100.476617,13.720107],[100.476715,13.720189],[100.476813,13.720257],[100.476901,13.720316],[100.476997,13.720374],[100.477033,13.720397],[100.477061,13.720415],[100.477094,13.720433],[100.477119,13.720448],[100.477182,13.720486],[100.477266,13.720531],[100.477365,13.720574],[100.477405,13.720591],[100.477441,13.720607],[100.477476,13.720622],[100.478033,13.720788],[100.47865,13.720977],[100.478792,13.721017]]},"properties":{"@id":"way/154774098","abandoned:electrified":"contact_line","electrified":"no","gauge":"1000","maxspeed":"80","name":"ทางรถไฟสายแม่กลอง","name:en":"Mae Klong Line","name:th":"ทางรถไฟสายแม่กลอง","operator":"การรถไฟแห่งประเทศไทย","railway":"rail","ref":"แม่กลอง","train":"yes","usage":"main"},"id":"way/154774098"},{"type":"Feature","geometry":{"type":"LineString","coordinates":[[101.082102,13.467591],[101.081618,13.465241],[101.08154,13.46486],[101.081135,13.462884],[101.080076,13.457617],[101.080063,13.457545],[101.079905,13.456778],[101.079741,13.455893],[101.079393,13.454213],[101.078697,13.450862],[101.078497,13.450018],[101.078346,13.449545],[101.078166,13.449008],[101.077963,13.448467],[101.077714,13.447868],[101.077393,13.447157],[101.077027,13.446477],[101.076671,13.445835],[101.076175,13.445065],[101.074967,13.443269],[101.074752,13.44296],[101.072143,13.439162],[101.058824,13.419773],[101.056596,13.416475]]},"properties":{"@id":"way/154980656","electrified":"no","gauge":"1000","name":"ทางรถไฟสายตะวันออก","name:th":"ทางรถไฟสายตะวันออก","passenger_lines":"2","railway":"rail","railway:etcs":"1","ref":"ตะวันออก","usage":"main"},"id":"way/154980656"},{"type":"Feature","geometry":{"type":"LineString","coordinates":[[101.082963,13.4719],[101.082861,13.471344]]},"properties":{"@id":"way/154980663","bridge":"yes","electrified":"no","gauge":"1000","layer":"1","name":"ทางรถไฟสายตะวันออก","name:th":"ทางรถไฟสายตะวันออก","passenger_lines":"2","railway":"rail","railway:etcs":"1","ref":"ตะวันออก","usage":"main"},"id":"way/154980663"},{"type":"Feature","geometry":{"type":"LineString","coordinates":[[101.079985,13.457626],[101.079969,13.457559],[101.079397,13.454748],[101.078609,13.450879],[101.078605,13.450858],[101.078401,13.450046],[101.078234,13.449536],[101.078065,13.44907],[101.077862,13.4485],[101.077626,13.447915],[101.077299,13.447199],[101.076918,13.446479],[101.076599,13.445914],[101.07609,13.445112],[101.074892,13.443318],[101.074848,13.443251],[101.074642,13.442948],[101.058778,13.419796],[101.056498,13.416483]]},"properties":{"@id":"way/155251865","electrified":"no","gauge":"1000","name":"ทางรถไฟสายตะวันออก","name:th":"ทางรถไฟสายตะวันออก","passenger_lines":"2","railway":"rail","railway:etcs":"1","ref":"ตะวันออก","source":"Bing","usage":"main"},"id":"way/155251865"},{"type":"Feature","geometry":{"type":"LineString","coordinates":[[101.081751,13.466358],[101.081022,13.4629],[101.079985,13.457626]]},"properties":{"@id":"way/155251881","electrified":"no","gauge":"1000","name":"ทางรถไฟสายตะวันออก","name:th":"ทางรถไฟสายตะวันออก","passenger_lines":"2","railway":"rail","railway:etcs":"1","ref":"ตะวันออก","source":"Bing","surface":"unpaved","usage":"main"},"id":"way/155251881"},{"type":"Feature","geometry":{"type":"LineString","coordinates":[[100.516784,13.740053],[100.517054,13.74194],[100.517075,13.742124],[100.517106,13.742529],[100.517105,13.742826],[100.517119,13.743211]]},"properties":{"@id":"way/155900734","electrified":"no","gauge":"1000","operator":"การรถไฟแห่งประเทศไทย","railway":"rail","railway:etcs":"1","railway:track_ref":"6","source":"GPS","usage":"main"},"id":"way/155900734"},{"type":"Feature","geometry":{"type":"LineString","coordinates":[[100.543482,13.726564],[100.544194,13.726261],[100.545736,13.725618],[100.546517,13.725291],[100.54798,13.724714],[100.548495,13.724492],[100.549054,13.72427],[100.551267,13.723461],[100.554375,13.722237],[100.556896,13.721109],[100.557844,13.720733],[100.558418,13.720735],[100.559095,13.720977],[100.559278,13.721187],[100.559388,13.721467],[100.559802,13.722707],[100.56009,13.723553],[100.56018,13.72393],[100.560238,13.724328],[100.560279,13.724694],[100.560279,13.72552],[100.560224,13.726033],[100.560021,13.727591],[100.559852,13.728763],[100.559719,13.729851],[100.559661,13.730889],[100.559627,13.731913],[100.559656,13.73278],[100.559736,13.733119],[100.559857,13.733398],[100.559953,13.733612],[100.56007,13.733817],[100.560195,13.73399],[100.56076,13.734893],[100.560897,13.735251],[100.561034,13.735748],[100.561158,13.736202],[100.561337,13.736902],[100.561396,13.737496],[100.56155,13.738215],[100.5616,13.738485],[100.561628,13.738599],[100.56177,13.739511],[100.561818,13.739869],[100.561828,13.73999],[100.56188,13.740412],[100.561926,13.740971],[100.561956,13.741516],[100.562,13.742061],[100.562033,13.742424],[100.562055,13.742899],[100.562099,13.743376],[100.562243,13.744018],[100.562374,13.744621],[100.562523,13.745436],[100.562634,13.745861],[100.562844,13.746797],[100.562894,13.747043],[100.563028,13.747706],[100.563338,13.7492],[100.564406,13.754099],[100.565224,13.757848],[100.565622,13.759621],[100.566376,13.761334],[100.567472,13.762926],[100.56751,13.762982],[100.570083,13.766291],[100.572004,13.768841],[100.572588,13.769619],[100.573032,13.770697],[100.573048,13.770995],[100.573495,13.778692],[100.57401,13.789445],[100.574478,13.798973],[100.574532,13.800611],[100.574669,13.803024],[100.574685,13.804342],[100.574671,13.804533],[100.574617,13.804786],[100.574557,13.80497],[100.574474,13.805162],[100.574342,13.805376],[100.574221,13.805484],[100.574043,13.805692],[100.573657,13.805978],[100.572834,13.80646],[100.572777,13.806489],[100.571419,13.807258],[100.570411,13.807803],[100.568798,13.808697],[100.567124,13.809629],[100.566007,13.810275],[100.56465,13.811024],[100.562368,13.812302],[100.561456,13.812806],[100.560876,13.813137],[100.559844,13.813737],[100.559556,13.813772],[100.558842,13.813699],[100.558527,13.813499],[100.558288,13.813275],[100.557992,13.812833],[100.557774,13.812207],[100.557302,13.81025],[100.55647,13.80829],[100.553361,13.802937],[100.551716,13.800188],[100.551135,13.799235],[100.551056,13.799143],[100.550472,13.798461],[100.549231,13.797972],[100.547886,13.79787],[100.547044,13.797841],[100.546776,13.797895],[100.546534,13.79794],[100.546292,13.79804],[100.546094,13.798121],[100.54588,13.798304],[100.544665,13.800528],[100.544517,13.800676],[100.544368,13.800792],[100.544189,13.800895],[100.543936,13.80102],[100.541897,13.801984],[100.541486,13.80216],[100.54104,13.80235],[100.54103,13.802354]]},"properties":{"@id":"way/156261336","alt_name":"รถไฟฟ้า MRT สายสีน้ำเงิน","electrified":"rail","frequency":"0","gauge":"1435","layer":"-2","maxspeed":"80","name":"รถไฟฟ้ามหานคร สายสีน้ำเงิน","name:en":"MRT Blue Line","name:th":"รถไฟฟ้ามหานคร สายสีน้ำเงิน","network":"MRT","official_name":"รถไฟฟ้ามหานคร สายเฉลิมรัชมงคล","official_name:en":"MRT Chaloem Ratchamongkhon Line","operator":"ทางด่วนและรถไฟฟ้ากรุงเทพ","railway":"subway","railway:atc":"yes","ref":"BL","tunnel":"yes","usage":"main","voltage":"750"},"id":"way/156261336"},{"type":"Feature","geometry":{"type":"LineString","coordinates":[[100.535191,13.745519],[100.53533,13.745494],[100.53552,13.745444],[100.535838,13.745349],[100.536065,13.745297],[100.536649,13.745193],[100.538253,13.744908],[100.538644,13.744841],[100.538887,13.744817],[100.539219,13.744802],[100.539674,13.744751],[100.539952,13.744699],[100.540127,13.744659],[100.540246,13.744624],[100.540548,13.744531],[100.540766,13.744481],[100.541234,13.74439],[100.541832,13.744291],[100.542461,13.744185],[100.543067,13.744078],[100.543743,13.743959],[100.547051,13.743387],[100.548344,13.743157],[100.548971,13.74305],[100.54966,13.742933],[100.550415,13.742789],[100.550778,13.742707],[100.550945,13.742665],[100.551131,13.742631],[100.551462,13.742572],[100.551757,13.742512],[100.551955,13.742466],[100.552082,13.74243],[100.55238,13.742335],[100.552516,13.742287],[100.552832,13.742163],[100.552949,13.742112],[100.553087,13.742049],[100.553189,13.741999],[100.553352,13.741919],[100.553543,13.741813],[100.553713,13.741716],[100.553854,13.741628],[100.554055,13.741485],[100.554916,13.740876],[100.555412,13.740526],[100.555973,13.740128],[100.558312,13.738465],[100.558492,13.738342],[100.55979,13.737427],[100.560342,13.73703],[100.560927,13.736609],[100.561326,13.736339],[100.561688,13.736085],[100.561901,13.73592],[100.56243,13.735533],[100.562467,13.735507],[100.563231,13.734968],[100.564429,13.73413],[100.564849,13.733854],[100.565744,13.733225],[100.566447,13.732717],[100.567326,13.732098],[100.56851,13.731256],[100.569204,13.730765],[100.569704,13.730418],[100.570291,13.730011],[100.571224,13.72935],[100.572033,13.728776],[100.575237,13.726525],[100.576373,13.725723],[100.577132,13.72519],[100.577929,13.724626],[100.5785,13.72422],[100.579059,13.723828],[100.57976,13.723335],[100.582319,13.721514],[100.583371,13.720761],[100.584528,13.719939],[100.585098,13.719522],[100.585668,13.719104],[100.587234,13.718001],[100.589215,13.716591],[100.590705,13.715525],[100.591225,13.715157],[100.591786,13.71476],[100.593046,13.713873],[100.594669,13.712711],[100.596565,13.711348],[100.597457,13.710704]]},"properties":{"@id":"way/156261395","bridge":"viaduct","electrified":"rail","frequency":"0","gauge":"1435","layer":"3","maxspeed":"80","name":"รถไฟฟ้าบีทีเอส สายสุขุมวิท","name:en":"BTS Sukhumvit Line","name:th":"รถไฟฟ้าบีทีเอส สายสุขุมวิท","network":"BTS","official_name":"รถไฟฟ้าเฉลิมพระเกียรติ 6 รอบพระชนมพรรษา สาย 1","operator":"ระบบขนส่งมวลชนกรุงเทพ","operator:en":"Bangkok Mass Transit System;BTSC","railway":"subway","railway:cbtc":"sto","railway:track_ref":"2","ref":"สุขุมวิท","tracks":"1","usage":"main","voltage":"750","wikidata":"Q4921598","wikipedia":"th:รถไฟฟ้าบีทีเอส สายสุขุมวิท","wikipedia:en":"en:BTS Skytrain"},"id":"way/156261395"},{"type":"Feature","geometry":{"type":"LineString","coordinates":[[101.11034,13.659272],[101.109853,13.662406],[101.109176,13.666919]]},"properties":{"@id":"way/156292907","bridge":"yes","electrified":"no","gauge":"1000","name":"ทางรถไฟสายตะวันออก","name:th":"ทางรถไฟสายตะวันออก","passenger_lines":"2","railway":"rail","railway:etcs":"1","ref":"ตะวันออก","usage":"main"},"id":"way/156292907"},{"type":"Feature","geometry":{"type":"LineString","coordinates":[[101.109176,13.666919],[101.108921,13.668493],[101.108809,13.669199],[101.108208,13.672962],[101.107044,13.680296],[101.106835,13.680979],[101.106559,13.681688],[101.106325,13.682183],[101.106019,13.682709],[101.105719,13.683184],[101.105333,13.683689],[101.104898,13.684195],[101.104447,13.684648],[101.101866,13.686776],[101.1016,13.686993],[101.092358,13.694501]]},"properties":{"@id":"way/156292910","electrified":"no","gauge":"1000","name":"ทางรถไฟสายตะวันออก","name:th":"ทางรถไฟสายตะวันออก","passenger_lines":"2","railway":"rail","railway:etcs":"1","ref":"ตะวันออก","usage":"main"},"id":"way/156292910"},{"type":"Feature","geometry":{"type":"LineString","coordinates":[[101.112776,13.620247],[101.113968,13.626202],[101.114294,13.627713],[101.114447,13.628774],[101.114532,13.629617],[101.11457,13.630208],[101.114575,13.630761],[101.11456,13.63159],[101.114516,13.632313],[101.114456,13.632867],[101.114376,13.633478],[101.113839,13.637011],[101.112587,13.644937],[101.112574,13.645039],[101.111215,13.653801],[101.11034,13.659272]]},"properties":{"@id":"way/156292911","electrified":"no","gauge":"1000","name":"ทางรถไฟสายตะวันออก","name:th":"ทางรถไฟสายตะวันออก","passenger_lines":"2","railway":"rail","railway:etcs":"1","ref":"ตะวันออก","usage":"main"},"id":"way/156292911"},{"type":"Feature","geometry":{"type":"LineString","coordinates":[[101.092358,13.694501],[101.089479,13.69692],[101.089223,13.697108],[101.088955,13.697293],[101.088612,13.697486],[101.088331,13.697621],[101.088062,13.697715],[101.08777,13.697793],[101.087405,13.697853],[101.087118,13.697874],[101.086839,13.697866],[101.086517,13.697843],[101.086158,13.697777],[101.085803,13.697671],[101.085681,13.697631],[101.08553,13.697561],[101.085256,13.697423],[101.085,13.697269],[101.080806,13.694217],[101.080428,13.693949],[101.080127,13.693744]]},"properties":{"@id":"way/156297092","bridge":"yes","electrified":"no","gauge":"1000","layer":"1","name":"ทางรถไฟสายตะวันออก","name:th":"ทางรถไฟสายตะวันออก","passenger_lines":"2","railway":"rail","railway:etcs":"1","ref":"ตะวันออก","usage":"main"},"id":"way/156297092"},{"type":"Feature","geometry":{"type":"LineString","coordinates":[[101.000776,13.702826],[101.001144,13.702782]]},"properties":{"@id":"way/156671048","bridge":"yes","electrified":"no","gauge":"1000","name":"ทางรถไฟสายตะวันออก","name:th":"ทางรถไฟสายตะวันออก","operator":"การรถไฟแห่งประเทศไทย","passenger_lines":"2","railway":"rail","railway:etcs":"1","ref":"ตะวันออก","usage":"main","wikipedia":"en:Suvarnabhumi Airport Link"},"id":"way/156671048"},{"type":"Feature","geometry":{"type":"LineString","coordinates":[[101.062874,13.695148],[101.063247,13.695155],[101.063586,13.695181],[101.063872,13.69522],[101.064147,13.695287],[101.064433,13.695372],[101.064717,13.695505],[101.065067,13.695702],[101.06533,13.695877],[101.065599,13.69608],[101.065846,13.696307],[101.066061,13.696572],[101.06624,13.696806],[101.066412,13.697073],[101.066545,13.697337],[101.066654,13.697585],[101.066739,13.697831],[101.066972,13.698621]]},"properties":{"@id":"way/156671050","electrified":"no","gauge":"1000","operator":"การรถไฟแห่งประเทศไทย","passenger_lines":"1","railway":"rail","railway:etcs":"1","usage":"main"},"id":"way/156671050"},{"type":"Feature","geometry":{"type":"LineString","coordinates":[[100.541155,13.807038],[100.541375,13.807588],[100.543019,13.811686],[100.54306,13.811789],[100.543316,13.812464],[100.543589,13.813134],[100.543818,13.813735],[100.544065,13.814472],[100.544272,13.815129],[100.544625,13.816163],[100.54492,13.817036]]},"properties":{"@id":"way/156708617","electrified":"no","gauge":"1000","maxspeed":"70","operator":"การรถไฟแห่งประเทศไทย","railway":"rail","railway:etcs":"1","source":"GPS","tracks":"1","usage":"branch"},"id":"way/156708617"},{"type":"Feature","geometry":{"type":"LineString","coordinates":[[100.5372,13.797453],[100.537405,13.797961]]},"properties":{"@id":"way/156708624","bridge":"yes","electrified":"no","gauge":"1000","layer":"1","maxspeed":"70","operator":"การรถไฟแห่งประเทศไทย","railway":"rail","railway:etcs":"1","source":"GPS","tracks":"2","usage":"branch"},"id":"way/156708624"},{"type":"Feature","geometry":{"type":"LineString","coordinates":[[100.526309,13.758565],[100.533194,13.757015],[100.533654,13.75691],[100.533717,13.756896],[100.533859,13.756864],[100.533943,13.756845],[100.536456,13.756285],[100.540186,13.755454],[100.541338,13.755198],[100.542096,13.755019],[100.542141,13.755008],[100.542172,13.755001],[100.542234,13.754987],[100.543517,13.75469],[100.544505,13.754472],[100.544953,13.754375],[100.545182,13.754324],[100.545796,13.754189]]},"properties":{"@id":"way/156924970","electrified":"no","gauge":"1000","name":"ทางรถไฟสายตะวันออก","name:th":"ทางรถไฟสายตะวันออก","operator":"การรถไฟแห่งประเทศไทย","passenger_lines":"2","railway":"rail","ref":"ตะวันออก","source":"Yahoo! Aerial Imagery","tracks":"1","usage":"main"},"id":"way/156924970"},{"type":"Feature","geometry":{"type":"LineString","coordinates":[[100.52089,13.757241],[100.520926,13.757325],[100.521412,13.758471],[100.521474,13.758628],[100.521713,13.759212],[100.521819,13.759472],[100.521904,13.759678],[100.521992,13.759895],[100.522064,13.760069],[100.522149,13.760279],[100.523168,13.762771],[100.523197,13.762861],[100.523244,13.762977],[100.523282,13.763073],[100.523626,13.763909],[100.524543,13.766136],[100.524707,13.766539],[100.525317,13.768038],[100.525505,13.768507],[100.525937,13.769589],[100.525958,13.769642],[100.526145,13.770107],[100.526203,13.770254],[100.526244,13.770355],[100.526287,13.77046],[100.526932,13.772042],[100.527706,13.774088]]},"properties":{"@id":"way/156924974","electrified":"no","gauge":"1000","maxspeed":"30","operator":"การรถไฟแห่งประเทศไทย","railway":"rail","railway:etcs":"1","source":"GPS","usage":"main"},"id":"way/156924974"},{"type":"Feature","geometry":{"type":"LineString","coordinates":[[101.061962,13.695237],[101.061674,13.695311],[101.061074,13.695387],[101.059112,13.695635],[101.053786,13.696308],[101.053619,13.696329]]},"properties":{"@id":"way/157045638","electrified":"no","gauge":"1000","name":"ทางรถไฟสายตะวันออก","name:th":"ทางรถไฟสายตะวันออก","operator":"การรถไฟแห่งประเทศไทย","passenger_lines":"2","railway":"rail","railway:etcs":"1","ref":"ตะวันออก","source":"Bing","usage":"main"},"id":"way/157045638"},{"type":"Feature","geometry":{"type":"LineString","coordinates":[[101.085791,13.952392],[101.085588,13.953261]]},"properties":{"@id":"way/157222879","bridge":"yes","electrified":"no","gauge":"1000","name":"ทางรถไฟสายชุมทางคลองสิบเก้า–ชุมทางแก่งคอย","name:th":"ทางรถไฟสายชุมทางคลองสิบเก้า–ชุมทางแก่งคอย","railway":"rail","railway:etcs":"1","source":"Bing","usage":"branch"},"id":"way/157222879"},{"type":"Feature","geometry":{"type":"LineString","coordinates":[[101.116615,13.920445],[101.11667,13.920701]]},"properties":{"@id":"way/157222896","bridge":"yes","electrified":"no","gauge":"1000","operator":"การรถไฟแห่งประเทศไทย","railway":"rail","railway:etcs":"1","usage":"main"},"id":"way/157222896"},{"type":"Feature","geometry":{"type":"LineString","coordinates":[[101.115366,13.921171],[101.115341,13.921895],[101.11528,13.922441],[101.115125,13.923357],[101.114905,13.924045],[101.114495,13.925059],[101.113816,13.926267],[101.112829,13.927455],[101.111719,13.928401],[101.109182,13.930136],[101.104014,13.933693],[101.098426,13.937535],[101.098382,13.937566],[101.098274,13.937638],[101.093318,13.941052]]},"properties":{"@id":"way/157222897","electrified":"no","gauge":"1000","name":"ทางรถไฟสายชุมทางคลองสิบเก้า–ชุมทางแก่งคอย","name:th":"ทางรถไฟสายชุมทางคลองสิบเก้า–ชุมทางแก่งคอย","railway":"rail","railway:etcs":"1","usage":"branch"},"id":"way/157222897"},{"type":"Feature","geometry":{"type":"LineString","coordinates":[[101.085588,13.953261],[101.084808,13.956574],[101.084792,13.956626],[101.083901,13.960425],[101.080629,13.974472]]},"properties":{"@id":"way/157222908","electrified":"no","gauge":"1000","name":"ทางรถไฟสายชุมทางคลองสิบเก้า–ชุมทางแก่งคอย","name:th":"ทางรถไฟสายชุมทางคลองสิบเก้า–ชุมทางแก่งคอย","railway":"rail","railway:etcs":"1","usage":"branch"},"id":"way/157222908"},{"type":"Feature","geometry":{"type":"LineString","coordinates":[[101.115363,13.920547],[101.115366,13.921171]]},"properties":{"@id":"way/157222909","bridge":"yes","electrified":"no","gauge":"1000","name":"ทางรถไฟสายชุมทางคลองสิบเก้า–ชุมทางแก่งคอย","name:th":"ทางรถไฟสายชุมทางคลองสิบเก้า–ชุมทางแก่งคอย","railway":"rail","railway:etcs":"1","usage":"branch"},"id":"way/157222909"},{"type":"Feature","geometry":{"type":"LineString","coordinates":[[100.515897,13.718378],[100.516752,13.718147],[100.516869,13.718131],[100.51699,13.718118],[100.51711,13.718114],[100.51722,13.718119],[100.517317,13.718127],[100.517431,13.718147],[100.517541,13.71817],[100.517771,13.718227],[100.518089,13.718303],[100.518267,13.718351],[100.518771,13.718496],[100.520227,13.718927],[100.520866,13.719118],[100.521458,13.719291],[100.522049,13.719464],[100.522643,13.719648],[100.522656,13.719651],[100.523706,13.719947],[100.52502,13.720346],[100.525994,13.72063],[100.526683,13.720834],[100.52736,13.721034],[100.528094,13.72125],[100.528231,13.721289],[100.528364,13.721317],[100.52844,13.721332],[100.528576,13.721358],[100.528671,13.721372],[100.528826,13.72139],[100.529035,13.721417],[100.529229,13.721438],[100.529331,13.721459],[100.529422,13.721485],[100.529518,13.721527],[100.52961,13.72158],[100.529703,13.721655],[100.529788,13.721732],[100.52985,13.7218],[100.529902,13.721891],[100.529953,13.722003],[100.529987,13.722099],[100.530006,13.722214],[100.530006,13.722335],[100.53,13.722406],[100.529981,13.722494],[100.529939,13.7226],[100.52964,13.723143],[100.529306,13.723788],[100.529032,13.724317],[100.528915,13.724525],[100.528779,13.724727],[100.528658,13.724883],[100.528576,13.724963],[100.528321,13.72524],[100.528255,13.72534],[100.52821,13.725422],[100.528169,13.725543],[100.528147,13.725635],[100.528135,13.725745],[100.528132,13.725838],[100.528141,13.725928],[100.528154,13.725993],[100.528175,13.726065],[100.5282,13.726134],[100.528236,13.726209],[100.52827,13.726266],[100.528318,13.726329],[100.528371,13.726393],[100.52844,13.726459],[100.528497,13.726507],[100.528568,13.726551],[100.528662,13.726601],[100.528741,13.726636],[100.528856,13.726675],[100.529084,13.726734],[100.529304,13.726788],[100.529435,13.72683],[100.529719,13.726933],[100.533586,13.728316],[100.534333,13.728583],[100.534919,13.728791],[100.535249,13.728914],[100.535934,13.729175],[100.536023,13.72923],[100.536106,13.729289],[100.536175,13.729356],[100.536268,13.72947],[100.536463,13.72974],[100.536733,13.730115],[100.536927,13.73044],[100.537032,13.73065],[100.537102,13.730823],[100.537539,13.73195],[100.538034,13.733225],[100.538503,13.734406],[100.538643,13.734779],[100.53875,13.735126],[100.538776,13.735223],[100.538794,13.735295],[100.538974,13.736432],[100.539137,13.737538],[100.539314,13.738707],[100.539432,13.73947],[100.539524,13.740069],[100.539653,13.740931],[100.539707,13.741297],[100.539737,13.7415],[100.539824,13.742062],[100.53987,13.742372],[100.539919,13.742673],[100.540005,13.743015],[100.540182,13.743695],[100.540213,13.743877],[100.540217,13.744017],[100.540186,13.744194],[100.540089,13.744395],[100.539967,13.744537],[100.53983,13.744637],[100.539681,13.744696],[100.539458,13.744743],[100.539214,13.74477],[100.538637,13.744803],[100.538248,13.744865],[100.537356,13.745022],[100.536056,13.745252],[100.535666,13.745313],[100.535315,13.745354],[100.535141,13.745382],[100.534205,13.745546],[100.533289,13.7457],[100.532661,13.745871],[100.53243,13.74591],[100.531415,13.746084],[100.531075,13.746137],[100.530275,13.746284],[100.530048,13.746324],[100.529082,13.746493]]},"properties":{"@id":"way/157481737","bridge":"viaduct","colour":"#02817D","electrified":"rail","frequency":"0","gauge":"1435","layer":"3","line":"สีลม","maxspeed":"80","name":"รถไฟฟ้าบีทีเอส สายสีลม","name:en":"BTS Silom Line","name:th":"รถไฟฟ้าบีทีเอส สายสีลม","network":"BTS","official_name":"รถไฟฟ้าเฉลิมพระเกียรติ 6 รอบพระชนมพรรษา สาย 2","operator":"ระบบขนส่งมวลชนกรุงเทพ","operator:en":"Bangkok Mass Transit System;BTSC","railway":"subway","railway:cbtc":"sto","railway:preferred_direction":"forward","railway:track_ref":"4","ref":"สีลม","tracks":"1","usage":"main","voltage":"750"},"id":"way/157481737"},{"type":"Feature","geometry":{"type":"LineString","coordinates":[[100.53088,13.747783],[100.531222,13.750148],[100.531244,13.75026],[100.531313,13.750499],[100.531381,13.750718],[100.531414,13.750844],[100.531447,13.751003],[100.531475,13.751199],[100.531572,13.751879],[100.531666,13.752553],[100.531725,13.75293],[100.531744,13.753027],[100.531785,13.753182],[100.531828,13.753301],[100.531874,13.753411],[100.531934,13.753531],[100.532037,13.753734],[100.533502,13.756349],[100.53385,13.756968],[100.534132,13.75747],[100.534434,13.758011],[100.53595,13.760731],[100.536761,13.762194],[100.537067,13.762753],[100.537506,13.763527],[100.537568,13.763627],[100.537629,13.763711],[100.537691,13.763776],[100.537805,13.763871],[100.537894,13.763921],[100.537993,13.763968],[100.538123,13.764016],[100.53825,13.764044],[100.538499,13.764103],[100.538591,13.764135],[100.538698,13.764192],[100.538835,13.764291],[100.538928,13.764386],[100.539004,13.764485],[100.539052,13.764564],[100.539106,13.7647],[100.53913,13.764794],[100.539141,13.764907],[100.539139,13.765048],[100.539124,13.765142],[100.539109,13.765231],[100.539048,13.765434],[100.538986,13.765622],[100.538959,13.765749],[100.538954,13.76587],[100.538955,13.76594],[100.538972,13.766066],[100.539015,13.766198],[100.539136,13.766431],[100.539412,13.76693],[100.541129,13.770034],[100.541269,13.770362],[100.541558,13.771154],[100.541885,13.772062],[100.542093,13.772615],[100.542329,13.773266],[100.54308,13.775332],[100.543502,13.776493],[100.543758,13.777191],[100.543793,13.777285],[100.543925,13.777669],[100.544094,13.778183],[100.544426,13.779124],[100.54464,13.779706],[100.544849,13.780273],[100.546876,13.785904],[100.548079,13.78926],[100.549492,13.793176],[100.549725,13.793819],[100.550535,13.796064],[100.550974,13.797273],[100.551194,13.797878],[100.551346,13.798257],[100.55143,13.798435],[100.551651,13.798901],[100.551908,13.79934],[100.553487,13.80205],[100.553812,13.802598],[100.554602,13.803934],[100.554695,13.804089],[100.554734,13.804153],[100.554978,13.804554],[100.555386,13.805263],[100.555422,13.805343],[100.555727,13.805882],[100.555761,13.805935],[100.555911,13.806166],[100.556019,13.806352],[100.556167,13.806618],[100.556329,13.806887],[100.556382,13.806988]]},"properties":{"@id":"way/157481747","bridge":"viaduct","electrified":"rail","frequency":"0","gauge":"1435","layer":"3","maxspeed":"80","name":"รถไฟฟ้าบีทีเอส สายสุขุมวิท","name:en":"BTS Sukhumvit Line","name:th":"รถไฟฟ้าบีทีเอส สายสุขุมวิท","network":"BTS","official_name":"รถไฟฟ้าเฉลิมพระเกียรติ 6 รอบพระชนมพรรษา สาย 1","operator":"ระบบขนส่งมวลชนกรุงเทพ","operator:en":"Bangkok Mass Transit System;BTSC","railway":"subway","railway:cbtc":"sto","railway:preferred_direction":"backward","railway:track_ref":"1","ref":"สุขุมวิท","tracks":"1","usage":"main","voltage":"750","wikidata":"Q4921598","wikipedia":"th:รถไฟฟ้าบีทีเอส สายสุขุมวิท"},"id":"way/157481747"},{"type":"Feature","geometry":{"type":"LineString","coordinates":[[100.52909,13.746532],[100.53005,13.746358],[100.530284,13.746319]]},"properties":{"@id":"way/157481750","bridge":"viaduct","colour":"#02817D","electrified":"rail","frequency":"0","gauge":"1435","layer":"3","line":"สีลม","maxspeed":"80","name":"รถไฟฟ้าบีทีเอส สายสีลม","name:en":"BTS Silom Line","name:th":"รถไฟฟ้าบีทีเอส สายสีลม","network":"BTS","official_name":"รถไฟฟ้าเฉลิมพระเกียรติ 6 รอบพระชนมพรรษา สาย 2","operator":"ระบบขนส่งมวลชนกรุงเทพ","operator:en":"Bangkok Mass Transit System;BTSC","railway":"subway","railway:cbtc":"sto","railway:preferred_direction":"forward","railway:track_ref":"3","ref":"สีลม","tracks":"1","usage":"main","voltage":"750"},"id":"way/157481750"},{"type":"Feature","geometry":{"type":"LineString","coordinates":[[100.515897,13.718378],[100.5162,13.718252],[100.516283,13.71823],[100.516578,13.71815],[100.516671,13.718127],[100.516791,13.718099],[100.516906,13.718083],[100.517033,13.718074],[100.517156,13.718074],[100.517242,13.718082],[100.517315,13.718086],[100.517447,13.718109],[100.517598,13.718137],[100.517828,13.718195],[100.518528,13.718385],[100.520066,13.71883],[100.520881,13.719073],[100.521472,13.71925],[100.522063,13.719427],[100.522389,13.719524],[100.524663,13.720194],[100.526018,13.720591],[100.526694,13.720797],[100.527366,13.720991],[100.527955,13.721165],[100.528263,13.721254],[100.528413,13.72129],[100.528569,13.721322],[100.529066,13.721384],[100.529242,13.721404],[100.529398,13.721444],[100.529549,13.7215],[100.529686,13.721581],[100.529784,13.721669],[100.529873,13.721774],[100.529941,13.721877],[100.529992,13.721986],[100.530031,13.722137],[100.530047,13.722239],[100.53004,13.722393],[100.530008,13.72254],[100.529976,13.722634],[100.529669,13.723196],[100.529353,13.723794],[100.529348,13.723803],[100.529036,13.724404],[100.528917,13.724603],[100.528826,13.724736],[100.528748,13.72484],[100.528652,13.72495],[100.528461,13.725145],[100.528366,13.725261],[100.528297,13.72536],[100.528234,13.725489],[100.528199,13.72561],[100.528182,13.725711],[100.528176,13.725812],[100.528185,13.725908],[100.528202,13.726003],[100.528251,13.726136],[100.528324,13.726267],[100.528407,13.726374],[100.528488,13.726448],[100.528603,13.726532],[100.528717,13.726589],[100.528935,13.72666],[100.529304,13.726749],[100.534345,13.728551],[100.535267,13.728876],[100.535746,13.729046],[100.535851,13.729086],[100.535961,13.729148],[100.536046,13.7292],[100.53611,13.729252],[100.536182,13.729312],[100.536244,13.72937],[100.536661,13.729946],[100.536858,13.730241],[100.537002,13.730496],[100.537164,13.730827],[100.53767,13.73218],[100.538409,13.734041],[100.53867,13.734715],[100.538749,13.734958],[100.538816,13.735196],[100.538846,13.735334],[100.539002,13.736337],[100.539465,13.739454],[100.539468,13.739471],[100.539737,13.741172],[100.539765,13.741341]]},"properties":{"@id":"way/157482223","bridge":"viaduct","colour":"#02817D","electrified":"rail","frequency":"0","gauge":"1435","layer":"3","line":"สีลม","maxspeed":"80","name":"รถไฟฟ้าบีทีเอส สายสีลม","name:en":"BTS Silom Line","name:th":"รถไฟฟ้าบีทีเอส สายสีลม","network":"BTS","official_name":"รถไฟฟ้าเฉลิมพระเกียรติ 6 รอบพระชนมพรรษา สาย 2","operator":"ระบบขนส่งมวลชนกรุงเทพ","operator:en":"Bangkok Mass Transit System;BTSC","railway":"subway","railway:cbtc":"sto","railway:preferred_direction":"backward","railway:track_ref":"3","ref":"สีลม","tracks":"1","usage":"main","voltage":"750"},"id":"way/157482223"},{"type":"Feature","geometry":{"type":"LineString","coordinates":[[100.530284,13.746319],[100.530935,13.746202],[100.531104,13.746172],[100.531433,13.746102],[100.531614,13.746064],[100.532432,13.745923],[100.53266,13.745878],[100.53329,13.745715],[100.534208,13.745558],[100.535146,13.745393],[100.535317,13.745367],[100.535668,13.745325],[100.536058,13.745265],[100.53825,13.744877],[100.538639,13.744816],[100.539215,13.744783],[100.53946,13.744756],[100.539685,13.744709],[100.539836,13.744648],[100.539976,13.744546],[100.5401,13.744401],[100.540199,13.744198],[100.540213,13.744116],[100.540231,13.744018],[100.540227,13.743879],[100.540205,13.743676],[100.540083,13.743171],[100.539966,13.742593],[100.539765,13.741341]]},"properties":{"@id":"way/158182389","bridge":"viaduct","colour":"#02817D","electrified":"rail","frequency":"0","gauge":"1435","layer":"2","line":"สีลม","maxspeed":"80","name":"รถไฟฟ้าบีทีเอส สายสีลม","name:en":"BTS Silom Line","name:th":"รถไฟฟ้าบีทีเอส สายสีลม","network":"BTS","official_name":"รถไฟฟ้าเฉลิมพระเกียรติ 6 รอบพระชนมพรรษา สาย 2","operator":"ระบบขนส่งมวลชนกรุงเทพ","operator:en":"Bangkok Mass Transit System;BTSC","railway":"subway","railway:cbtc":"sto","railway:preferred_direction":"forward","railway:track_ref":"3","ref":"สีลม","tracks":"1","usage":"main","voltage":"750"},"id":"way/158182389"},{"type":"Feature","geometry":{"type":"LineString","coordinates":[[100.470402,13.707783],[100.470819,13.708713],[100.470981,13.709044],[100.471408,13.709896],[100.471591,13.710328],[100.471771,13.710715],[100.471961,13.711063],[100.472364,13.711904],[100.472548,13.712294],[100.472664,13.712538],[100.472738,13.712695],[100.473446,13.714193],[100.474908,13.717337]]},"properties":{"@id":"way/159045816","abandoned:electrified":"contact_line","electrified":"no","gauge":"1000","maxspeed":"80","name":"ทางรถไฟสายแม่กลอง","name:en":"Mae Klong Line","name:th":"ทางรถไฟสายแม่กลอง","operator":"การรถไฟแห่งประเทศไทย","railway":"rail","ref":"แม่กลอง","source":"Yahoo! aerial imagery","train":"yes","usage":"main"},"id":"way/159045816"},{"type":"Feature","geometry":{"type":"LineString","coordinates":[[100.484644,13.722671],[100.485082,13.722796],[100.486018,13.72305],[100.487128,13.723363],[100.488857,13.723792],[100.489781,13.724012],[100.490517,13.724189],[100.49124,13.724368],[100.491474,13.724425]]},"properties":{"@id":"way/159045822","abandoned:electrified":"contact_line","electrified":"no","gauge":"1000","maxspeed":"80","name":"ทางรถไฟสายแม่กลอง","name:en":"Mae Klong Line","name:th":"ทางรถไฟสายแม่กลอง","operator":"การรถไฟแห่งประเทศไทย","railway":"rail","ref":"แม่กลอง","train":"yes","usage":"main"},"id":"way/159045822"},{"type":"Feature","geometry":{"type":"LineString","coordinates":[[100.537366,13.821671],[100.538207,13.821581],[100.538669,13.821515],[100.539006,13.821471],[100.53902,13.821469],[100.53953,13.821416],[100.540333,13.821334],[100.540579,13.821307],[100.540899,13.821262],[100.541376,13.821214],[100.541921,13.821137],[100.542287,13.821089],[100.542409,13.821062],[100.542541,13.821021],[100.542656,13.820976],[100.542774,13.820924],[100.542941,13.820853],[100.543135,13.820741],[100.543264,13.820663],[100.543683,13.820402],[100.54385,13.820276],[100.543864,13.820265],[100.543955,13.820182],[100.544033,13.820105]]},"properties":{"@id":"way/160412883","electrified":"no","gauge":"1000","name":"สายใต้เดิม","name:en":"Former Southern Line","name:th":"สายใต้เดิม","operator":"การรถไฟแห่งประเทศไทย","railway":"rail","ref":"ใต้","tracks":"1","usage":"branch"},"id":"way/160412883"},{"type":"Feature","geometry":{"type":"LineString","coordinates":[[100.541029,13.80706],[100.541991,13.809465],[100.542471,13.810668],[100.542727,13.811299],[100.542903,13.811709],[100.542957,13.811836],[100.543354,13.812706]]},"properties":{"@id":"way/160412893","electrified":"no","gauge":"1000","maxspeed":"70","operator":"การรถไฟแห่งประเทศไทย","railway":"rail","railway:etcs":"1","tracks":"1","usage":"branch"},"id":"way/160412893"},{"type":"Feature","geometry":{"type":"LineString","coordinates":[[100.539173,13.802072],[100.539471,13.802717],[100.539578,13.802951],[100.539688,13.80319],[100.539871,13.803635],[100.540274,13.804695],[100.540578,13.805503],[100.5408,13.806083],[100.540902,13.806459],[100.541026,13.80684],[100.541103,13.80705]]},"properties":{"@id":"way/160412895","electrified":"no","gauge":"1000","maxspeed":"20","operator":"การรถไฟแห่งประเทศไทย","railway":"rail","railway:etcs":"1","railway:track_ref":"27","tracks":"1","usage":"branch"},"id":"way/160412895"},{"type":"Feature","geometry":{"type":"LineString","coordinates":[[100.542527,13.8107],[100.542729,13.811074]]},"properties":{"@id":"way/160412896","electrified":"no","gauge":"1000","railway":"rail","tracks":"1","usage":"branch"},"id":"way/160412896"},{"type":"Feature","geometry":{"type":"LineString","coordinates":[[100.541067,13.807053],[100.541145,13.807262],[100.541624,13.808464],[100.541955,13.809298],[100.542527,13.8107],[100.542685,13.811089],[100.542943,13.81171],[100.542993,13.811829],[100.543264,13.812478],[100.543354,13.812706]]},"properties":{"@id":"way/160412898","electrified":"no","gauge":"1000","maxspeed":"70","operator":"การรถไฟแห่งประเทศไทย","railway":"rail","railway:etcs":"1","tracks":"1","usage":"branch"},"id":"way/160412898"},{"type":"Feature","geometry":{"type":"LineString","coordinates":[[100.537405,13.797961],[100.537624,13.798491]]},"properties":{"@id":"way/160412899","electrified":"no","gauge":"1000","maxspeed":"70","operator":"การรถไฟแห่งประเทศไทย","railway":"rail","railway:etcs":"1","tracks":"1","usage":"branch"},"id":"way/160412899"},{"type":"Feature","geometry":{"type":"LineString","coordinates":[[100.550683,13.828502],[100.553586,13.833879],[100.556192,13.838712],[100.556244,13.838803],[100.558115,13.842346],[100.559156,13.844246]]},"properties":{"@id":"way/160412902","electrified":"no","gauge":"1000","level":"0","maxspeed":"120","name":"ทางรถไฟสายเหนือ/ตะวันออกเฉียงเหนือเดิม","name:en":"Former North/North East Railway","name:th":"ทางรถไฟสายเหนือ/ตะวันออกเฉียงเหนือเดิม","operator":"การรถไฟแห่งประเทศไทย","passenger_lines":"2","railway":"rail","railway:etcs":"1","source":"GPS","usage":"branch"},"id":"way/160412902"},{"type":"Feature","geometry":{"type":"LineString","coordinates":[[100.542065,13.821262],[100.542722,13.821029],[100.543405,13.820676],[100.543704,13.820467],[100.54385,13.820276],[100.543988,13.820019]]},"properties":{"@id":"way/160412904","electrified":"contact_line","gauge":"1000","operator":"การรถไฟแห่งประเทศไทย","railway":"rail","railway:etcs":"1","service":"crossover","train":"yes","usage":"main"},"id":"way/160412904"},{"type":"Feature","geometry":{"type":"LineString","coordinates":[[100.5449,13.817063],[100.545147,13.817644],[100.545398,13.818263],[100.545702,13.818876],[100.545868,13.819212],[100.5465,13.820493],[100.547212,13.821916],[100.547445,13.822377]]},"properties":{"@id":"way/160412906","electrified":"no","gauge":"1000","name":"ทางรถไฟสายเหนือ/ตะวันออกเฉียงเหนือเดิม","name:en":"Former North/North East Railway","name:th":"ทางรถไฟสายเหนือ/ตะวันออกเฉียงเหนือเดิม","operator":"การรถไฟแห่งประเทศไทย","railway":"rail","railway:etcs":"1","tracks":"1","usage":"branch"},"id":"way/160412906"},{"type":"Feature","geometry":{"type":"LineString","coordinates":[[100.542729,13.811074],[100.542983,13.8117],[100.543026,13.811806],[100.543292,13.812482],[100.543571,13.813148],[100.543793,13.813731],[100.544047,13.814486],[100.544252,13.815132],[100.544599,13.816174],[100.5449,13.817063]]},"properties":{"@id":"way/160412908","electrified":"no","gauge":"1000","maxspeed":"70","operator":"การรถไฟแห่งประเทศไทย","railway":"rail","railway:etcs":"1","tracks":"1","usage":"branch"},"id":"way/160412908"},{"type":"Feature","geometry":{"type":"LineString","coordinates":[[100.54103,13.802354],[100.54047,13.802593],[100.539963,13.80281],[100.538017,13.803731]]},"properties":{"@id":"way/160656732","alt_name":"รถไฟฟ้า MRT สายสีน้ำเงิน","electrified":"rail","frequency":"0","gauge":"1435","layer":"-2","maxspeed":"80","name":"รถไฟฟ้ามหานคร สายสีน้ำเงิน","name:en":"MRT Blue Line","name:th":"รถไฟฟ้ามหานคร สายสีน้ำเงิน","network":"MRT","official_name":"รถไฟฟ้ามหานคร สายเฉลิมรัชมงคล","official_name:en":"MRT Chaloem Ratchamongkhon Line","operator":"ทางด่วนและรถไฟฟ้ากรุงเทพ","railway":"subway","railway:atc":"yes","ref":"BL","tunnel":"yes","usage":"main","voltage":"750"},"id":"way/160656732"},{"type":"Feature","geometry":{"type":"LineString","coordinates":[[100.538017,13.803731],[100.537634,13.803925],[100.537243,13.804125],[100.536364,13.804634]]},"properties":{"@id":"way/160656737","alt_name":"รถไฟฟ้า MRT สายสีน้ำเงิน","covered":"yes","electrified":"rail","frequency":"0","gauge":"1435","maxspeed":"80","name":"รถไฟฟ้ามหานคร สายสีน้ำเงิน","name:en":"MRT Blue Line","name:th":"รถไฟฟ้ามหานคร สายสีน้ำเงิน","network":"MRT","official_name":"รถไฟฟ้ามหานคร สายเฉลิมรัชมงคล","official_name:en":"MRT Chaloem Ratchamongkhon Line","operator":"ทางด่วนและรถไฟฟ้ากรุงเทพ","railway":"subway","railway:atc":"yes","ref":"BL","tracks":"1","usage":"main","voltage":"750"},"id":"way/160656737"},{"type":"Feature","geometry":{"type":"LineString","coordinates":[[100.598623,14.018641],[100.598065,14.023168],[100.597378,14.028547],[100.597325,14.02893],[100.597296,14.029118],[100.597253,14.029366],[100.597188,14.029685],[100.597113,14.030034],[100.594612,14.042435],[100.59356,14.047686],[100.593445,14.048225],[100.593389,14.048487],[100.593324,14.048752],[100.593272,14.049023],[100.593205,14.049347],[100.593129,14.049763],[100.593065,14.050142],[100.592986,14.05056],[100.592903,14.051075],[100.592831,14.051547],[100.592253,14.055387],[100.591954,14.05731],[100.591883,14.057754]]},"properties":{"@id":"way/186663675","electrified":"no","gauge":"1000","name":"ทางรถไฟสายเหนือ/ตะวันออกฉียงเหนือ","oneway":"yes","operator":"การรถไฟแห่งประเทศไทย","passenger_lines":"2","railway":"rail","railway:etcs":"1","source":"GPS","usage":"main"},"id":"way/186663675"},{"type":"Feature","geometry":{"type":"LineString","coordinates":[[100.60337,13.980427],[100.603321,13.980818]]},"properties":{"@id":"way/186663676","bridge":"yes","electrified":"no","gauge":"1000","layer":"1","oneway":"yes","operator":"การรถไฟแห่งประเทศไทย","passenger_lines":"2","railway":"rail","railway:etcs":"1","source":"GPS","usage":"main"},"id":"way/186663676"},{"type":"Feature","geometry":{"type":"LineString","coordinates":[[100.739106,13.727377],[100.73957,13.727358],[100.741096,13.727366],[100.745922,13.727527],[100.746322,13.727538],[100.746841,13.727552],[100.747837,13.727579],[100.749493,13.727626],[100.749696,13.727628],[100.750346,13.727624],[100.752524,13.72768],[100.753498,13.727697],[100.75401,13.727706]]},"properties":{"@id":"way/190713521","electrified":"no","gauge":"1000","name":"ทางรถไฟสายตะวันออก","name:th":"ทางรถไฟสายตะวันออก","passenger_lines":"2","railway":"rail","railway:etcs":"1","ref":"ตะวันออก","usage":"main"},"id":"way/190713521"},{"type":"Feature","geometry":{"type":"LineString","coordinates":[[100.536495,13.821933],[100.537469,13.82189],[100.540413,13.821603],[100.541133,13.821496],[100.541539,13.821408],[100.542065,13.821262]]},"properties":{"@id":"way/193411773","bridge":"viaduct","electrified":"contact_line","gauge":"1000","layer":"1","operator":"การรถไฟแห่งประเทศไทย","railway":"rail","railway:etcs":"1","service":"crossover","train":"yes","usage":"main"},"id":"way/193411773"},{"type":"Feature","geometry":{"type":"LineString","coordinates":[[100.537018,13.821612],[100.536957,13.821618],[100.532772,13.822024],[100.532616,13.822043],[100.530002,13.822321],[100.5296,13.82235],[100.529263,13.822369],[100.528816,13.822373],[100.528358,13.822358],[100.527917,13.822319],[100.527577,13.822279],[100.527185,13.822211],[100.526841,13.822141],[100.526564,13.822072],[100.52625,13.821978],[100.52595,13.821883],[100.525639,13.821771],[100.525336,13.821647],[100.524944,13.821479],[100.524626,13.821324],[100.524202,13.821089]]},"properties":{"@id":"way/193411775","electrified":"no","gauge":"1000","name":"สายใต้เดิม","name:en":"Former Southern Line","name:th":"สายใต้เดิม","operator":"การรถไฟแห่งประเทศไทย","railway":"rail","ref":"ใต้","tracks":"1","usage":"branch"},"id":"way/193411775"},{"type":"Feature","geometry":{"type":"LineString","coordinates":[[100.519185,13.816767],[100.518196,13.815898]]},"properties":{"@id":"way/193411776","electrified":"no","gauge":"1000","name":"สายใต้เดิม","name:en":"Former Southern Line","name:th":"สายใต้เดิม","operator":"การรถไฟแห่งประเทศไทย","railway":"rail","ref":"ใต้","usage":"branch"},"id":"way/193411776"},{"type":"Feature","geometry":{"type":"LineString","coordinates":[[100.543988,13.820019],[100.543846,13.820158],[100.543647,13.820335],[100.543531,13.820427],[100.543407,13.820513],[100.543244,13.820622],[100.543092,13.820712],[100.542929,13.82079],[100.54263,13.820914],[100.542466,13.82097],[100.542092,13.821028],[100.541972,13.821038],[100.541557,13.821074],[100.541451,13.821088],[100.541271,13.821114],[100.540754,13.821212],[100.540234,13.821282],[100.539549,13.821362]]},"properties":{"@id":"way/193411792","electrified":"no","gauge":"1000","name":"สายใต้เดิม","name:en":"Former Southern Line","name:th":"สายใต้เดิม","operator":"การรถไฟแห่งประเทศไทย","railway":"rail","usage":"branch"},"id":"way/193411792"},{"type":"Feature","geometry":{"type":"LineString","coordinates":[[100.539549,13.821362],[100.539713,13.821363],[100.540064,13.821352],[100.540333,13.821334]]},"properties":{"@id":"way/193411795","railway":"rail"},"id":"way/193411795"},{"type":"Feature","geometry":{"type":"LineString","coordinates":[[100.255241,13.808388],[100.270844,13.806897],[100.272448,13.806734]]},"properties":{"@id":"way/193610143","electrified":"no","gauge":"1000","name":"สายใต้","name:en":"Southern Line","name:th":"สายใต้","operator":"การรถไฟแห่งประเทศไทย","passenger_lines":"2","railway":"rail","railway:etcs":"1","ref":"ใต้","usage":"main"},"id":"way/193610143"},{"type":"Feature","geometry":{"type":"LineString","coordinates":[[100.109064,13.82074],[100.109221,13.820659]]},"properties":{"@id":"way/193610157","bridge":"yes","electrified":"no","gauge":"1000","layer":"1","name":"สายใต้","name:en":"Southern Line","name:th":"สายใต้","operator":"การรถไฟแห่งประเทศไทย","passenger_lines":"2","railway":"rail","railway:etcs":"1","ref":"ใต้","usage":"main"},"id":"way/193610157"},{"type":"Feature","geometry":{"type":"LineString","coordinates":[[100.185345,13.806136],[100.18684,13.806221]]},"properties":{"@id":"way/193610159","bridge":"yes","bridge:name":"สะพานเสาวภา","bridge:name:en":"Saovabha Bridge","bridge:name:th":"สะพานเสาวภา","electrified":"no","gauge":"1000","layer":"1","name":"สายใต้","name:en":"Southern Line","name:th":"สายใต้","operator":"การรถไฟแห่งประเทศไทย","passenger_lines":"2","railway":"rail","railway:etcs":"1","ref":"ใต้","usage":"main"},"id":"way/193610159"},{"type":"Feature","geometry":{"type":"LineString","coordinates":[[100.109221,13.820659],[100.121811,13.814132],[100.122958,13.813613],[100.123926,13.813316],[100.124602,13.813156],[100.125302,13.813053],[100.127048,13.812813],[100.12888,13.812561],[100.135513,13.811657],[100.157351,13.808686]]},"properties":{"@id":"way/193610177","electrified":"no","gauge":"1000","name":"สายใต้","name:en":"Southern Line","name:th":"สายใต้","operator":"การรถไฟแห่งประเทศไทย","passenger_lines":"2","railway":"rail","railway:etcs":"1","ref":"ใต้","usage":"main"},"id":"way/193610177"},{"type":"Feature","geometry":{"type":"LineString","coordinates":[[100.5652,13.855458],[100.56819,13.86102],[100.571083,13.8664],[100.571239,13.866682],[100.571969,13.868029],[100.574285,13.872329],[100.576696,13.876584],[100.576952,13.877041],[100.58068,13.883725],[100.580702,13.883766],[100.581057,13.884427],[100.581177,13.884635],[100.58197,13.886005],[100.583349,13.888484],[100.583387,13.888552],[100.584411,13.890355]]},"properties":{"@id":"way/197532500","electrified":"no","gauge":"1000","name":"ทางรถไฟสายเหนือ/ตะวันออกเฉียงเหนือเดิม","name:en":"Former North/North East Railway","name:th":"ทางรถไฟสายเหนือ/ตะวันออกเฉียงเหนือเดิม","operator":"การรถไฟแห่งประเทศไทย","passenger_lines":"2","railway":"rail","railway:etcs":"1","source":"GPS","usage":"branch"},"id":"way/197532500"},{"type":"Feature","geometry":{"type":"LineString","coordinates":[[100.58224,14.128785],[100.581942,14.131334],[100.581764,14.132653],[100.581715,14.133076],[100.579236,14.154228],[100.578878,14.157028],[100.578006,14.164344],[100.5771,14.172177],[100.577034,14.172816],[100.57699,14.173262],[100.576975,14.173772],[100.57697,14.174164],[100.576972,14.174375],[100.577004,14.175294],[100.577019,14.175508],[100.577045,14.175755],[100.577095,14.176217],[100.577162,14.176767],[100.577615,14.180605]]},"properties":{"@id":"way/197532501","electrified":"no","gauge":"1000","operator":"การรถไฟแห่งประเทศไทย","passenger_lines":"2","railway":"rail","railway:etcs":"1","source":"GPS","usage":"main"},"id":"way/197532501"},{"type":"Feature","geometry":{"type":"LineString","coordinates":[[100.588668,14.27367],[100.588881,14.275435],[100.589067,14.276967],[100.589118,14.277457],[100.589137,14.277767],[100.589147,14.278032],[100.589145,14.278188],[100.589137,14.278351],[100.589116,14.278668],[100.589083,14.279002],[100.588938,14.280104],[100.588906,14.280378],[100.588843,14.280921],[100.588717,14.282009],[100.588104,14.28728],[100.586399,14.301939]]},"properties":{"@id":"way/197532503","electrified":"no","gauge":"1000","name":"ทางรถไฟสายเหนือ-ตะวันออกเฉียงเหนือ","name:en":"Northern-Northeastern Line","operator":"การรถไฟแห่งประเทศไทย","railway":"rail","railway:etcs":"1","source":"GPS","usage":"main"},"id":"way/197532503"},{"type":"Feature","geometry":{"type":"LineString","coordinates":[[100.584479,13.890475],[100.590509,13.901217],[100.592919,13.905514],[100.593372,13.906321],[100.598798,13.915948],[100.598881,13.916094],[100.601209,13.920224],[100.601266,13.920325],[100.601816,13.921304],[100.60184,13.921348],[100.606859,13.930284],[100.607534,13.93157],[100.607807,13.932223],[100.60806,13.932896],[100.60815,13.933176],[100.60823,13.933482],[100.608315,13.933805],[100.608374,13.934072],[100.608463,13.93452],[100.608511,13.934821],[100.608558,13.935104],[100.608612,13.935528],[100.608635,13.935774],[100.60866,13.936313],[100.608665,13.936755],[100.608653,13.937088],[100.608624,13.937533],[100.608608,13.937783],[100.608585,13.938056],[100.608557,13.938323],[100.607676,13.945464],[100.607645,13.945812],[100.607626,13.946049],[100.607616,13.946231],[100.607597,13.946932]]},"properties":{"@id":"way/197532504","electrified":"no","gauge":"1000","name":"ทางรถไฟสายเหนือ/ตะวันออกเฉียงเหนือเดิม","name:en":"Former North/North East Railway","name:th":"ทางรถไฟสายเหนือ/ตะวันออกเฉียงเหนือเดิม","oneway":"yes","operator":"การรถไฟแห่งประเทศไทย","passenger_lines":"2","railway":"rail","railway:etcs":"1","source":"GPS","usage":"branch"},"id":"way/197532504"},{"type":"Feature","geometry":{"type":"LineString","coordinates":[[100.565151,13.855367],[100.5652,13.855458]]},"properties":{"@id":"way/197532505","bridge":"yes","electrified":"no","gauge":"1000","layer":"1","name":"ทางรถไฟสายเหนือ/ตะวันออกเฉียงเหนือเดิม","name:en":"Former North/North East Railway","name:th":"ทางรถไฟสายเหนือ/ตะวันออกเฉียงเหนือเดิม","operator":"การรถไฟแห่งประเทศไทย","passenger_lines":"2","railway":"rail","railway:etcs":"1","source":"GPS","usage":"branch"},"id":"way/197532505"},{"type":"Feature","geometry":{"type":"LineString","coordinates":[[100.584411,13.890355],[100.584479,13.890475]]},"properties":{"@id":"way/197532506","bridge":"yes","electrified":"no","gauge":"1000","layer":"1","name":"ทางรถไฟสายเหนือ/ตะวันออกเฉียงเหนือเดิม","name:en":"Former North/North East Railway","name:th":"ทางรถไฟสายเหนือ/ตะวันออกเฉียงเหนือเดิม","operator":"การรถไฟแห่งประเทศไทย","passenger_lines":"2","railway":"rail","railway:etcs":"1","source":"GPS","usage":"branch"},"id":"way/197532506"},{"type":"Feature","geometry":{"type":"LineString","coordinates":[[100.591341,14.061128],[100.591252,14.061692]]},"properties":{"@id":"way/197532507","bridge":"yes","electrified":"no","gauge":"1000","layer":"1","operator":"การรถไฟแห่งประเทศไทย","passenger_lines":"2","railway":"rail","railway:etcs":"1","source":"GPS","usage":"main"},"id":"way/197532507"},{"type":"Feature","geometry":{"type":"LineString","coordinates":[[100.518958,13.752527],[100.519079,13.752825]]},"properties":{"@id":"way/197532508","bridge":"yes","electrified":"no","gauge":"1000","layer":"1","maxspeed":"30","operator":"การรถไฟแห่งประเทศไทย","railway":"rail","railway:etcs":"1","source":"GPS","usage":"main"},"id":"way/197532508"},{"type":"Feature","geometry":{"type":"LineString","coordinates":[[100.583022,14.226904],[100.583867,14.233966]]},"properties":{"@id":"way/197532509","electrified":"no","gauge":"1000","operator":"การรถไฟแห่งประเทศไทย","passenger_lines":"2","railway":"rail","railway:etcs":"1","source":"GPS","usage":"main"},"id":"way/197532509"},{"type":"Feature","geometry":{"type":"LineString","coordinates":[[100.582271,14.128546],[100.58224,14.128785]]},"properties":{"@id":"way/197532510","bridge":"yes","electrified":"no","gauge":"1000","layer":"1","operator":"การรถไฟแห่งประเทศไทย","passenger_lines":"2","railway":"rail","railway:etcs":"1","source":"GPS","usage":"main"},"id":"way/197532510"},{"type":"Feature","geometry":{"type":"LineString","coordinates":[[100.582919,14.226011],[100.583022,14.226904]]},"properties":{"@id":"way/197532512","bridge":"yes","electrified":"no","gauge":"1000","layer":"1","operator":"การรถไฟแห่งประเทศไทย","passenger_lines":"2","railway":"rail","railway:etcs":"1","source":"GPS","usage":"main"},"id":"way/197532512"},{"type":"Feature","geometry":{"type":"LineString","coordinates":[[100.519079,13.752825],[100.519541,13.753926],[100.520064,13.755204]]},"properties":{"@id":"way/197532513","electrified":"no","gauge":"1000","maxspeed":"30","operator":"การรถไฟแห่งประเทศไทย","railway":"rail","railway:etcs":"1","source":"GPS","usage":"main"},"id":"way/197532513"},{"type":"Feature","geometry":{"type":"LineString","coordinates":[[100.588564,14.27271],[100.588668,14.27367]]},"properties":{"@id":"way/197532514","bridge":"yes","electrified":"no","gauge":"1000","layer":"1","operator":"การรถไฟแห่งประเทศไทย","passenger_lines":"2","railway":"rail","railway:etcs":"1","source":"GPS","usage":"main"},"id":"way/197532514"},{"type":"Feature","geometry":{"type":"LineString","coordinates":[[100.591252,14.061692],[100.588513,14.079337],[100.588478,14.079565],[100.586852,14.089886],[100.586818,14.090118],[100.586798,14.090282],[100.58611,14.096099]]},"properties":{"@id":"way/197532515","electrified":"no","gauge":"1000","operator":"การรถไฟแห่งประเทศไทย","passenger_lines":"2","railway":"rail","railway:etcs":"1","source":"GPS","usage":"main"},"id":"way/197532515"},{"type":"Feature","geometry":{"type":"LineString","coordinates":[[100.535802,13.804932],[100.53554,13.805066],[100.535282,13.805188],[100.53506,13.805276],[100.534806,13.805362],[100.534337,13.805519],[100.534186,13.805559],[100.533841,13.805667],[100.533558,13.805737],[100.533434,13.805768],[100.533083,13.805837],[100.532531,13.805919],[100.531738,13.806024],[100.531604,13.806036],[100.530771,13.806147],[100.529948,13.806269],[100.529556,13.806331],[100.529352,13.806353],[100.529146,13.806362],[100.528848,13.806379],[100.52856,13.806382],[100.527508,13.806382],[100.526739,13.806382],[100.521798,13.806387],[100.521019,13.806385],[100.520232,13.806387],[100.520038,13.80639],[100.519917,13.806386],[100.519818,13.806375],[100.51974,13.806364],[100.519604,13.806328],[100.519471,13.806301],[100.519338,13.806266],[100.519191,13.806234],[100.517736,13.805858],[100.516926,13.80565],[100.51616,13.805454],[100.514146,13.804944],[100.513882,13.804868],[100.51358,13.804753],[100.513342,13.80463],[100.513099,13.804479],[100.512826,13.804313],[100.512699,13.804229],[100.512584,13.804151],[100.512419,13.804036],[100.512289,13.803936],[100.512145,13.803783],[100.512016,13.803615],[100.51191,13.803433],[100.511783,13.803089],[100.511585,13.802151],[100.511418,13.801513],[100.511316,13.801231],[100.511084,13.800735],[100.510962,13.800533],[100.510543,13.79996],[100.509816,13.798973],[100.509367,13.798381],[100.506079,13.793968],[100.504898,13.792395],[100.504885,13.792378],[100.503981,13.791168],[100.503632,13.790693],[100.503332,13.790317],[100.503099,13.790064],[100.502864,13.789845],[100.502415,13.789506],[100.501851,13.789153],[100.50149,13.788926],[100.50062,13.788389],[100.499835,13.787903],[100.499728,13.787836],[100.49902,13.787388],[100.498226,13.786924],[100.497775,13.786646],[100.494867,13.784822],[100.494111,13.784339],[100.493338,13.783855],[100.493256,13.783804],[100.492727,13.783476],[100.49165,13.782798],[100.490717,13.782211],[100.488233,13.780646],[100.488006,13.780475],[100.487813,13.780308],[100.487495,13.779993],[100.487298,13.779777],[100.486297,13.778612],[100.485765,13.777955],[100.485343,13.777458],[100.485276,13.777378],[100.484792,13.7768],[100.484665,13.776661],[100.484381,13.776287],[100.484096,13.775873],[100.483771,13.775462],[100.48336,13.774849],[100.483062,13.774398],[100.482705,13.773967],[100.482241,13.773412],[100.481797,13.772883],[100.481378,13.772377],[100.48125,13.772227],[100.481122,13.772079],[100.480718,13.771716],[100.480524,13.771535],[100.480373,13.771397],[100.47922,13.770145],[100.478719,13.769604],[100.478562,13.76943],[100.478224,13.769059],[100.477625,13.768358],[100.475193,13.765496],[100.473363,13.763342],[100.473327,13.7633],[100.472105,13.761881],[100.471771,13.761493],[100.469925,13.759339],[100.469773,13.759139],[100.469605,13.758901],[100.469455,13.758633],[100.469371,13.758428],[100.469302,13.758216],[100.469257,13.758025],[100.46923,13.75788],[100.469208,13.757702],[100.469198,13.757554],[100.469199,13.757412],[100.469248,13.756907],[100.469265,13.756708],[100.469348,13.755799],[100.469414,13.754952],[100.469894,13.749568],[100.470613,13.741514],[100.470734,13.740184],[100.470741,13.740105],[100.470805,13.73936],[100.471045,13.736695],[100.471093,13.736168],[100.471138,13.735882],[100.4712,13.735579],[100.4713,13.735221],[100.471428,13.734863],[100.471585,13.73454],[100.472533,13.732688]]},"properties":{"@id":"way/199430175","alt_name":"รถไฟฟ้า MRT สายสีน้ำเงิน","bridge":"viaduct","electrified":"rail","frequency":"0","gauge":"1435","layer":"4","maxspeed":"80","name":"รถไฟฟ้ามหานคร สายสีน้ำเงิน","name:en":"MRT Blue Line","name:th":"รถไฟฟ้ามหานคร สายสีน้ำเงิน","network":"MRT","official_name":"รถไฟฟ้ามหานคร สายเฉลิมรัชมงคล","official_name:en":"MRT Chaloem Ratchamongkhon Line","operator":"ทางด่วนและรถไฟฟ้ากรุงเทพ","railway":"subway","railway:atc":"yes","ref":"BL","usage":"main","voltage":"750"},"id":"way/199430175"},{"type":"Feature","geometry":{"type":"LineString","coordinates":[[100.511088,13.809449],[100.513694,13.811854]]},"properties":{"@id":"way/199487482","bridge":"yes","electrified":"no","gauge":"1000","layer":"1","name":"สายใต้เดิม","name:en":"Former Southern Line","name:th":"สายใต้เดิม","operator":"การรถไฟแห่งประเทศไทย","railway":"rail","ref":"ใต้","usage":"branch"},"id":"way/199487482"},{"type":"Feature","geometry":{"type":"LineString","coordinates":[[100.510223,13.80863],[100.510401,13.808807]]},"properties":{"@id":"way/199487483","bridge":"yes","electrified":"no","gauge":"1000","layer":"1","name":"สายใต้เดิม","name:en":"Former Southern Line","name:th":"สายใต้เดิม","operator":"การรถไฟแห่งประเทศไทย","railway":"rail","ref":"ใต้","usage":"branch"},"id":"way/199487483"},{"type":"Feature","geometry":{"type":"LineString","coordinates":[[100.510401,13.808807],[100.510645,13.809035]]},"properties":{"@id":"way/199487484","bridge":"viaduct","electrified":"no","gauge":"1000","layer":"1","name":"สายใต้เดิม","name:en":"Former Southern Line","name:th":"สายใต้เดิม","operator":"การรถไฟแห่งประเทศไทย","railway":"rail","ref":"ใต้","usage":"branch"},"id":"way/199487484"},{"type":"Feature","geometry":{"type":"LineString","coordinates":[[100.510645,13.809035],[100.511088,13.809449]]},"properties":{"@id":"way/199487485","bridge":"yes","electrified":"no","gauge":"1000","layer":"1","name":"สายใต้เดิม","name:en":"Former Southern Line","name:th":"สายใต้เดิม","operator":"การรถไฟแห่งประเทศไทย","railway":"rail","ref":"ใต้","usage":"branch"},"id":"way/199487485"},{"type":"Feature","geometry":{"type":"LineString","coordinates":[[100.47206,13.790269],[100.472194,13.790299],[100.4743,13.790847],[100.475213,13.791181],[100.475852,13.791393],[100.477535,13.791988],[100.478401,13.792298],[100.479444,13.792692],[100.480545,13.793076],[100.48093,13.79321],[100.482099,13.793656],[100.482715,13.793903],[100.483832,13.794361],[100.484995,13.794823]]},"properties":{"@id":"way/199808433","electrified":"no","gauge":"1000","name":"สายใต้เดิม","name:en":"Former Southern Line","name:th":"สายใต้เดิม","operator":"การรถไฟแห่งประเทศไทย","railway":"rail","railway:etcs:start_date":"1","ref":"ใต้","usage":"branch"},"id":"way/199808433"},{"type":"Feature","geometry":{"type":"LineString","coordinates":[[100.465684,13.788802],[100.466692,13.789037],[100.466725,13.789045]]},"properties":{"@id":"way/199808435","bridge":"yes","electrified":"no","gauge":"1000","name":"สายใต้เดิม","name:en":"Former Southern Line","name:th":"สายใต้เดิม","operator":"การรถไฟแห่งประเทศไทย","railway":"rail","railway:etcs:start_date":"1","ref":"ใต้","usage":"branch"},"id":"way/199808435"},{"type":"Feature","geometry":{"type":"LineString","coordinates":[[100.465367,13.788729],[100.465684,13.788802]]},"properties":{"@id":"way/199808436","electrified":"no","embankment":"yes","gauge":"1000","name":"สายใต้เดิม","name:en":"Former Southern Line","name:th":"สายใต้เดิม","operator":"การรถไฟแห่งประเทศไทย","railway":"rail","ref":"ใต้","usage":"branch"},"id":"way/199808436"},{"type":"Feature","geometry":{"type":"LineString","coordinates":[[100.465247,13.788701],[100.465367,13.788729]]},"properties":{"@id":"way/199808437","bridge":"yes","electrified":"no","gauge":"1000","layer":"1","name":"สายใต้เดิม","name:en":"Former Southern Line","name:th":"สายใต้เดิม","operator":"การรถไฟแห่งประเทศไทย","railway":"rail","railway:etcs":"1","ref":"ใต้","usage":"branch"},"id":"way/199808437"},{"type":"Feature","geometry":{"type":"LineString","coordinates":[[100.577615,14.180605],[100.577653,14.1809]]},"properties":{"@id":"way/217995148","bridge":"yes","electrified":"no","gauge":"1000","layer":"1","operator":"การรถไฟแห่งประเทศไทย","passenger_lines":"2","railway":"rail","railway:etcs":"1","source":"GPS","usage":"main"},"id":"way/217995148"},{"type":"Feature","geometry":{"type":"LineString","coordinates":[[100.577653,14.1809],[100.57769,14.181221],[100.577718,14.181462],[100.577814,14.18231],[100.577869,14.182776],[100.577916,14.1835],[100.578188,14.185875],[100.578207,14.186032],[100.579295,14.194877],[100.580317,14.2037],[100.580624,14.206485],[100.580728,14.207379],[100.581352,14.212661],[100.581894,14.217345],[100.581914,14.217482],[100.582676,14.223947]]},"properties":{"@id":"way/217995149","electrified":"no","gauge":"1000","operator":"การรถไฟแห่งประเทศไทย","passenger_lines":"2","railway":"rail","railway:etcs":"1","source":"GPS","usage":"main"},"id":"way/217995149"},{"type":"Feature","geometry":{"type":"LineString","coordinates":[[101.027539,14.061835],[101.025989,14.064551],[101.012855,14.087523]]},"properties":{"@id":"way/218808945","electrified":"no","gauge":"1000","name":"ทางรถไฟสายชุมทางคลองสิบเก้า–ชุมทางแก่งคอย","name:th":"ทางรถไฟสายชุมทางคลองสิบเก้า–ชุมทางแก่งคอย","railway":"rail","railway:etcs":"1","usage":"branch"},"id":"way/218808945"},{"type":"Feature","geometry":{"type":"LineString","coordinates":[[101.02801,14.060987],[101.027539,14.061835]]},"properties":{"@id":"way/218808946","bridge":"yes","electrified":"no","gauge":"1000","layer":"1","name":"ทางรถไฟสายชุมทางคลองสิบเก้า–ชุมทางแก่งคอย","name:th":"ทางรถไฟสายชุมทางคลองสิบเก้า–ชุมทางแก่งคอย","railway":"rail","railway:etcs":"1","usage":"branch"},"id":"way/218808946"},{"type":"Feature","geometry":{"type":"LineString","coordinates":[[100.409493,13.710856],[100.411217,13.710995],[100.411828,13.711044],[100.415638,13.711376],[100.415799,13.711389],[100.415887,13.711396],[100.419773,13.711715],[100.4217,13.71187],[100.422275,13.711912],[100.422336,13.711917],[100.427225,13.712322],[100.428822,13.712467],[100.433651,13.712843],[100.434332,13.712898],[100.435082,13.712958],[100.43739,13.713122],[100.437728,13.713152],[100.438048,13.713183],[100.438349,13.713232],[100.438612,13.713295],[100.438887,13.713381],[100.43913,13.713467],[100.439724,13.713665],[100.440493,13.713906],[100.441236,13.714152],[100.44131,13.714177],[100.441889,13.714358],[100.441969,13.714384],[100.445386,13.715517],[100.445454,13.715538],[100.447786,13.716294],[100.448312,13.716469],[100.448838,13.716645],[100.449132,13.71674],[100.45022,13.71709],[100.450744,13.717262],[100.451227,13.71742],[100.451261,13.717431],[100.451761,13.717598],[100.452319,13.717777],[100.452739,13.717949],[100.452948,13.718045],[100.453198,13.718174],[100.454007,13.718621],[100.454875,13.719101],[100.456009,13.719722],[100.457037,13.72026],[100.457666,13.720623],[100.45857,13.721111],[100.465086,13.72461],[100.465138,13.724638],[100.467089,13.725679],[100.467306,13.725788],[100.468046,13.726166],[100.468761,13.726559],[100.469955,13.727205],[100.470647,13.727577],[100.470707,13.72761],[100.470952,13.727743],[100.471087,13.727816],[100.47138,13.727998],[100.471469,13.72805],[100.471559,13.728114],[100.471644,13.728171],[100.471713,13.728222],[100.471891,13.728361],[100.472118,13.728534],[100.47228,13.728652],[100.472475,13.728792],[100.472606,13.728875],[100.472757,13.728962],[100.47343,13.729297]]},"properties":{"@id":"way/223597840","alt_name":"รถไฟฟ้า MRT สายสีน้ำเงิน","bridge":"viaduct","electrified":"rail","frequency":"0","gauge":"1435","layer":"3","maxspeed":"80","name":"รถไฟฟ้ามหานคร สายสีน้ำเงิน","name:en":"MRT Blue Line","name:th":"รถไฟฟ้ามหานคร สายสีน้ำเงิน","network":"MRT","official_name":"รถไฟฟ้ามหานคร สายเฉลิมรัชมงคล","official_name:en":"MRT Chaloem Ratchamongkhon Line","operator":"ทางด่วนและรถไฟฟ้ากรุงเทพ","railway":"subway","railway:atc":"yes","ref":"BL","surface":"asphalt","tracks":"2","usage":"main","voltage":"750"},"id":"way/223597840"},{"type":"Feature","geometry":{"type":"LineString","coordinates":[[100.478704,13.733258],[100.480607,13.736246],[100.480866,13.736678],[100.481135,13.737083],[100.481426,13.737384],[100.481692,13.737598],[100.481937,13.737756],[100.482192,13.737895],[100.48247,13.738019],[100.482787,13.73812],[100.483128,13.738202],[100.4835,13.738255],[100.485236,13.738318],[100.485702,13.738327],[100.486497,13.738342],[100.490261,13.738469],[100.490732,13.73856],[100.490815,13.738577],[100.490913,13.738607],[100.491353,13.738742],[100.491878,13.738953],[100.492317,13.739174],[100.492773,13.739461],[100.493113,13.739747],[100.493208,13.739826],[100.493557,13.740165],[100.49384,13.740508],[100.494076,13.740823],[100.494258,13.741121],[100.494433,13.74148],[100.494535,13.74174],[100.494648,13.742039],[100.494766,13.742468],[100.494818,13.742877],[100.49483,13.743042],[100.49482,13.743227],[100.494772,13.743815],[100.494692,13.744334],[100.494669,13.744496],[100.494633,13.744745],[100.49454,13.745402],[100.49452,13.745604],[100.494507,13.745809],[100.494503,13.745996],[100.494503,13.746182],[100.494513,13.746374],[100.494552,13.746566],[100.49461,13.746723],[100.494703,13.746872],[100.494854,13.747026],[100.495022,13.747136],[100.495186,13.747205],[100.495355,13.747239],[100.495503,13.747254],[100.495693,13.747263],[100.495893,13.747279],[100.496454,13.747262],[100.498839,13.747154],[100.500023,13.747104],[100.500915,13.74706],[100.501971,13.747003],[100.502303,13.746981],[100.502775,13.746973],[100.503075,13.746955],[100.503219,13.746933],[100.504183,13.746723],[100.504275,13.746672],[100.504686,13.746349],[100.505384,13.745841],[100.508542,13.743298],[100.509905,13.742201],[100.514311,13.738794],[100.514649,13.738536],[100.514904,13.738378],[100.515092,13.738271],[100.515295,13.738175],[100.515507,13.738092],[100.515949,13.73789],[100.51616,13.737795],[100.516453,13.737674],[100.517047,13.737408]]},"properties":{"@id":"way/223597841","alt_name":"รถไฟฟ้า MRT สายสีน้ำเงิน","electrified":"rail","frequency":"0","gauge":"1435","layer":"-3","maxspeed":"80","name":"รถไฟฟ้ามหานคร สายสีน้ำเงิน","name:en":"MRT Blue Line","name:th":"รถไฟฟ้ามหานคร สายสีน้ำเงิน","network":"MRT","note":"Approximate","official_name":"รถไฟฟ้ามหานคร สายเฉลิมรัชมงคล","official_name:en":"MRT Chaloem Ratchamongkhon Line","operator":"ทางด่วนและรถไฟฟ้ากรุงเทพ","railway":"subway","railway:atc":"yes","ref":"BL","tunnel":"yes","usage":"main","voltage":"750"},"id":"way/223597841"},{"type":"Feature","geometry":{"type":"LineString","coordinates":[[100.999944,14.229984],[100.999896,14.230783]]},"properties":{"@id":"way/295887662","bridge":"yes","electrified":"no","gauge":"1000","layer":"1","name":"ทางรถไฟสายชุมทางคลองสิบเก้า–ชุมทางแก่งคอย","name:th":"ทางรถไฟสายชุมทางคลองสิบเก้า–ชุมทางแก่งคอย","railway":"rail","railway:etcs":"1","usage":"branch"},"id":"way/295887662"},{"type":"Feature","geometry":{"type":"LineString","coordinates":[[100.992572,14.190088],[100.995464,14.197745],[100.999539,14.208543],[100.999918,14.209632],[101.000289,14.210725],[101.000535,14.211681],[101.000651,14.212266],[101.000704,14.212603],[101.000731,14.212851],[101.000847,14.213862],[101.000898,14.214702],[101.000904,14.215737],[101.000523,14.221317],[100.999946,14.22993],[100.999944,14.229984]]},"properties":{"@id":"way/295961041","electrified":"no","gauge":"1000","name":"ทางรถไฟสายชุมทางคลองสิบเก้า–ชุมทางแก่งคอย","name:th":"ทางรถไฟสายชุมทางคลองสิบเก้า–ชุมทางแก่งคอย","railway":"rail","railway:etcs":"1","usage":"branch"},"id":"way/295961041"},{"type":"Feature","geometry":{"type":"LineString","coordinates":[[100.99122,14.18643],[100.992572,14.190088]]},"properties":{"@id":"way/295961054","bridge":"yes","electrified":"no","gauge":"1000","layer":"1","name":"ทางรถไฟสายชุมทางคลองสิบเก้า–ชุมทางแก่งคอย","name:th":"ทางรถไฟสายชุมทางคลองสิบเก้า–ชุมทางแก่งคอย","railway":"rail","railway:etcs":"1","source":"Bing","usage":"branch"},"id":"way/295961054"},{"type":"Feature","geometry":{"type":"LineString","coordinates":[[100.416498,13.799277],[100.420647,13.799131],[100.423198,13.799041],[100.424346,13.799001]]},"properties":{"@id":"way/297242120","electrified":"no","gauge":"1000","name":"สายใต้","name:en":"Southern Line","name:th":"สายใต้","operator":"การรถไฟแห่งประเทศไทย","passenger_lines":"2","railway":"rail","railway:etcs":"1","ref":"ใต้","usage":"main"},"id":"way/297242120"},{"type":"Feature","geometry":{"type":"LineString","coordinates":[[100.401406,13.799794],[100.401586,13.799789]]},"properties":{"@id":"way/297242149","bridge":"yes","electrified":"no","gauge":"1000","name":"สายใต้","name:en":"Southern Line","name:th":"สายใต้","operator":"การรถไฟแห่งประเทศไทย","passenger_lines":"2","railway":"rail","railway:etcs":"1","ref":"ใต้","usage":"main"},"id":"way/297242149"},{"type":"Feature","geometry":{"type":"LineString","coordinates":[[100.416286,13.799284],[100.416498,13.799277]]},"properties":{"@id":"way/297242157","bridge":"yes","electrified":"no","gauge":"1000","layer":"1","name":"สายใต้","name:en":"Southern Line","name:th":"สายใต้","operator":"การรถไฟแห่งประเทศไทย","passenger_lines":"2","railway":"rail","railway:etcs":"1","ref":"ใต้","usage":"main"},"id":"way/297242157"},{"type":"Feature","geometry":{"type":"LineString","coordinates":[[100.401586,13.799789],[100.410144,13.799539],[100.414231,13.799362],[100.416286,13.799284]]},"properties":{"@id":"way/297242173","electrified":"no","gauge":"1000","layer":"-1","name":"สายใต้","name:en":"Southern Line","name:th":"สายใต้","operator":"การรถไฟแห่งประเทศไทย","passenger_lines":"2","railway":"rail","railway:etcs":"1","ref":"ใต้","usage":"main"},"id":"way/297242173"},{"type":"Feature","geometry":{"type":"LineString","coordinates":[[100.364376,13.80109],[100.364533,13.801084]]},"properties":{"@id":"way/297242215","bridge":"yes","electrified":"no","gauge":"1000","name":"สายใต้","name:en":"Southern Line","name:th":"สายใต้","operator":"การรถไฟแห่งประเทศไทย","passenger_lines":"2","railway":"rail","railway:etcs":"1","ref":"ใต้","usage":"main"},"id":"way/297242215"},{"type":"Feature","geometry":{"type":"LineString","coordinates":[[100.380387,13.800526],[100.393019,13.800084],[100.394447,13.800037],[100.396134,13.799978],[100.397657,13.799925],[100.398651,13.79989],[100.401326,13.799797],[100.401406,13.799794]]},"properties":{"@id":"way/297242225","electrified":"no","gauge":"1000","name":"สายใต้","name:en":"Southern Line","name:th":"สายใต้","operator":"การรถไฟแห่งประเทศไทย","passenger_lines":"2","railway":"rail","railway:etcs":"1","ref":"ใต้","usage":"main"},"id":"way/297242225"},{"type":"Feature","geometry":{"type":"LineString","coordinates":[[100.380201,13.800538],[100.380387,13.800526]]},"properties":{"@id":"way/297242282","bridge":"yes","electrified":"no","gauge":"1000","name":"สายใต้","name:en":"Southern Line","name:th":"สายใต้","operator":"การรถไฟแห่งประเทศไทย","passenger_lines":"2","railway":"rail","railway:etcs":"1","ref":"ใต้","source":"Bing","usage":"main"},"id":"way/297242282"},{"type":"Feature","geometry":{"type":"LineString","coordinates":[[100.369002,13.800924],[100.369108,13.800924],[100.369204,13.800919],[100.37074,13.800876],[100.371286,13.800856],[100.37419,13.800751],[100.37464,13.800734],[100.375665,13.800697],[100.377699,13.800626],[100.377911,13.800618],[100.380201,13.800538]]},"properties":{"@id":"way/297242294","electrified":"no","gauge":"1000","name":"สายใต้","name:en":"Southern Line","name:th":"สายใต้","operator":"การรถไฟแห่งประเทศไทย","passenger_lines":"2","railway":"rail","railway:etcs":"1","ref":"ใต้","usage":"main"},"id":"way/297242294"},{"type":"Feature","geometry":{"type":"LineString","coordinates":[[100.577527,13.747123],[100.576889,13.747232]]},"properties":{"@id":"way/312182252","alt_name":"รถไฟฟ้าแอร์พอร์ต เรล ลิงก์","alt_name:en":"Airport Rail Link","alt_name:th":"รถไฟฟ้าแอร์พอร์ต เรล ลิงก์","bridge":"viaduct","electrified":"contact_line","gauge":"1435","layer":"4","level":"4","name":"รถไฟฟ้าเอราวัน","name:en":"AERA1 SkyTrain","name:th":"รถไฟฟ้าเอราวัน","railway":"rail","railway:atc":"yes","service":"crossover","usage":"main","wikidata":"Q1133704","wikipedia":"en:Airport Rail Link (Bangkok)"},"id":"way/312182252"},{"type":"Feature","properties":{"@id":"way/312079785","alt_name":"รถไฟฟ้าแอร์พอร์ต เรล ลิงก์","alt_name:en":"Airport Rail Link","alt_name:th":"รถไฟฟ้าแอร์พอร์ต เรล ลิงก์","electrified":"contact_line","frequency":"50","gauge":"1435","highspeed":"yes","layer":"4","loc_name":"แอร์พอร์ตลิงก์","loc_name:en":"Airport Link","loc_name:th":"แอร์พอร์ตลิงก์","name":"Airport Link","name:en":"AERA1 SkyTrain","name:th":"รถไฟฟ้าเอราวัน","network":"ARL","official_name":"รถไฟฟ้าเชื่อมท่าอากาศยานสุวรรณภูมิ","oneway":"yes","operator":"เอเชียเอราวัน","operator:en":"Asia Era One Company Limited","railway":"rail","railway:atc":"yes","ref":"ARL","tunnel":"yes","usage":"main","voltage":"25000","service":"crossover","cutting":"yes","wikipedia":"en:Airport Rail Link (Bangkok)","bridge":"viaduct","level":"4","wikidata":"Q1133704","railway:track_ref":"1"},"geometry":{"type":"MultiLineString","coordinates":[[[100.752365,13.698455],[100.751614,13.695411],[100.75134,13.694297]],[[100.751259,13.694322],[100.751388,13.694843],[100.7515,13.695295],[100.752285,13.698477]],[[100.7515,13.695295],[100.751614,13.695411]],[[100.752987,13.700814],[100.752365,13.698455]],[[100.752285,13.698477],[100.752931,13.700833]],[[100.754698,13.707342],[100.752987,13.700814]],[[100.752931,13.700833],[100.754644,13.707353]],[[100.647346,13.7378],[100.648398,13.737685],[100.65078,13.737404],[100.660503,13.736315],[100.67488,13.734706],[100.690718,13.732925],[100.690819,13.732915],[100.69141,13.732852],[100.702956,13.731603],[100.708687,13.73096],[100.71187,13.730601],[100.73838,13.7276],[100.738825,13.727563],[100.739232,13.727541],[100.740022,13.727511],[100.740739,13.727518],[100.743195,13.727572],[100.745592,13.72763],[100.74932,13.727708],[100.750661,13.727714],[100.754114,13.727812],[100.755418,13.727844],[100.758573,13.727919],[100.758688,13.727914],[100.75877,13.727908],[100.758838,13.7279],[100.758904,13.727888],[100.758963,13.727876],[100.759048,13.727858],[100.75923,13.727809],[100.759403,13.72774],[100.759561,13.727653],[100.759667,13.727575],[100.759752,13.727511],[100.759841,13.727432],[100.759904,13.727367],[100.759979,13.727282],[100.760011,13.727239],[100.760055,13.727178],[100.76011,13.727095],[100.76014,13.727043],[100.760171,13.726984],[100.760209,13.726899],[100.760248,13.726811],[100.760285,13.726699],[100.760299,13.726639],[100.760317,13.726564],[100.760334,13.726465],[100.760349,13.726322],[100.760357,13.726199],[100.760364,13.725943],[100.760368,13.725747],[100.76036,13.725553],[100.760352,13.725363],[100.760338,13.725134],[100.760318,13.724907],[100.760304,13.724783],[100.760245,13.724385],[100.760205,13.724168],[100.760162,13.723946],[100.760087,13.723622],[100.760025,13.723387],[100.759963,13.723176],[100.759908,13.723009],[100.759867,13.722888],[100.759768,13.722614],[100.75968,13.7224],[100.759603,13.72222],[100.759524,13.722038],[100.759438,13.72185],[100.758972,13.720855],[100.758021,13.718865],[100.757699,13.718079],[100.757466,13.717444],[100.75695,13.715625],[100.756317,13.713314],[100.754698,13.707342]],[[100.754644,13.707353],[100.756264,13.713335],[100.756881,13.715637],[100.757404,13.717462],[100.757643,13.718106],[100.757972,13.718893],[100.758942,13.720877],[100.759413,13.721885],[100.759559,13.722207],[100.759653,13.72243],[100.759744,13.722657],[100.759843,13.722929],[100.759907,13.723126],[100.759974,13.723347],[100.76002,13.723513],[100.760074,13.723712],[100.760134,13.723989],[100.760171,13.724165],[100.760221,13.724446],[100.760239,13.724571],[100.760256,13.724703],[100.760272,13.724817],[100.760287,13.724964],[100.760301,13.725134],[100.760316,13.725388],[100.760326,13.7256],[100.760329,13.725794],[100.760324,13.726023],[100.760319,13.726172],[100.760313,13.726296],[100.760302,13.726405],[100.760289,13.726495],[100.76027,13.726594],[100.760245,13.726697],[100.760225,13.726757],[100.760177,13.726883],[100.760141,13.726959],[100.760094,13.727045],[100.760039,13.727132],[100.759968,13.727232],[100.759897,13.727315],[100.759766,13.727447],[100.759698,13.727498],[100.759608,13.727575],[100.759489,13.727647],[100.759363,13.727713],[100.759237,13.727765],[100.759106,13.727806],[100.759036,13.727824],[100.758944,13.727843],[100.758838,13.727859],[100.758718,13.727871],[100.7586,13.727877],[100.754111,13.727774],[100.750021,13.727665],[100.747833,13.727645],[100.745599,13.727577],[100.743191,13.727517],[100.740771,13.727453],[100.740003,13.727467],[100.739216,13.727497],[100.738828,13.72751],[100.738375,13.727553],[100.737664,13.727622],[100.71186,13.730562],[100.708675,13.730917],[100.702948,13.731565],[100.690808,13.732861],[100.689918,13.732956],[100.674862,13.734663],[100.650768,13.737355],[100.647653,13.737724],[100.647348,13.737757]],[[100.750021,13.727665],[100.750661,13.727714]],[[100.647653,13.737724],[100.648398,13.737685]],[[100.64335,13.738247],[100.647346,13.7378]],[[100.647348,13.737757],[100.643277,13.7382]],[[100.643277,13.7382],[100.641377,13.738414],[100.62003,13.740769],[100.615832,13.741244],[100.605549,13.742378],[100.599744,13.743018],[100.597546,13.743213],[100.592605,13.743807],[100.591753,13.743942],[100.59065,13.744128],[100.588322,13.744652],[100.586082,13.745157],[100.585338,13.745327],[100.584609,13.745491],[100.580721,13.746369],[100.580264,13.746476],[100.576889,13.747232],[100.569676,13.748856],[100.567172,13.749405],[100.56561,13.749733],[100.565012,13.749873],[100.564487,13.750016]],[[100.564426,13.750069],[100.565018,13.749906],[100.56564,13.749764],[100.567156,13.749458],[100.568507,13.749154],[100.569723,13.748882],[100.577527,13.747123],[100.579646,13.746647],[100.580727,13.746409],[100.584618,13.745524],[100.588316,13.744693],[100.590656,13.744161],[100.591753,13.743971],[100.59261,13.743836],[100.594128,13.743675],[100.597544,13.743263],[100.600618,13.742973],[100.605553,13.742421],[100.615851,13.741289],[100.620042,13.740814],[100.641388,13.738449],[100.64335,13.738247]],[[100.564487,13.750016],[100.564122,13.750102],[100.563751,13.750172],[100.563443,13.750226],[100.563369,13.750244],[100.559813,13.751067],[100.558383,13.751391],[100.557966,13.751498],[100.557109,13.751731],[100.556898,13.751788],[100.556718,13.751828],[100.556147,13.751942],[100.555645,13.752049],[100.554735,13.752249],[100.543851,13.754682],[100.542048,13.755089],[100.537795,13.756044]],[[100.537795,13.756044],[100.536003,13.756445],[100.535685,13.75652],[100.534899,13.756696],[100.533478,13.757013],[100.533412,13.757026]],[[100.53342,13.757068],[100.533484,13.757054],[100.53449,13.756831],[100.534912,13.756734],[100.536614,13.756346],[100.537153,13.756224]],[[100.537153,13.756224],[100.537795,13.756044]],[[100.537153,13.756224],[100.542324,13.755068],[100.543864,13.754722],[100.554741,13.752281],[100.555645,13.752081],[100.556141,13.751977],[100.556669,13.75187],[100.556882,13.751831],[100.557195,13.751788],[100.557481,13.751742],[100.558264,13.751658],[100.55887,13.75156],[100.559492,13.751422],[100.562194,13.750749],[100.563325,13.750474],[100.56355,13.750397],[100.563714,13.750336],[100.564075,13.750187],[100.564426,13.750069]],[[100.536003,13.756445],[100.536614,13.756346]]]}},{"type":"Feature","geometry":{"type":"LineString","coordinates":[[100.527706,13.774088],[100.527867,13.774487]]},"properties":{"@id":"way/320442214","bridge":"yes","electrified":"no","gauge":"1000","layer":"1","maxspeed":"30","operator":"การรถไฟแห่งประเทศไทย","railway":"rail","railway:etcs":"1","source":"GPS","usage":"main"},"id":"way/320442214"},{"type":"Feature","geometry":{"type":"LineString","coordinates":[[100.527867,13.774487],[100.528491,13.776024],[100.528515,13.776086],[100.528551,13.776174],[100.529924,13.779452],[100.529986,13.779599],[100.530672,13.78135],[100.530763,13.78157],[100.531665,13.783746],[100.531747,13.783946],[100.533013,13.787085],[100.535183,13.792445],[100.5372,13.797453]]},"properties":{"@id":"way/320442215","electrified":"no","gauge":"1000","maxspeed":"30","operator":"การรถไฟแห่งประเทศไทย","railway":"rail","railway:etcs":"1","source":"GPS","usage":"main"},"id":"way/320442215"},{"type":"Feature","geometry":{"type":"LineString","coordinates":[[101.056596,13.416475],[101.056478,13.4163]]},"properties":{"@id":"way/333408581","bridge":"yes","electrified":"no","gauge":"1000","layer":"1","name":"ทางรถไฟสายตะวันออก","name:th":"ทางรถไฟสายตะวันออก","passenger_lines":"2","railway":"rail","railway:etcs":"1","ref":"ตะวันออก","usage":"main"},"id":"way/333408581"},{"type":"Feature","geometry":{"type":"LineString","coordinates":[[101.056478,13.4163],[101.054475,13.413349],[101.052278,13.410154]]},"properties":{"@id":"way/333408591","electrified":"no","gauge":"1000","name":"ทางรถไฟสายตะวันออก","name:th":"ทางรถไฟสายตะวันออก","passenger_lines":"2","railway":"rail","railway:etcs":"1","ref":"ตะวันออก","usage":"main"},"id":"way/333408591"},{"type":"Feature","geometry":{"type":"LineString","coordinates":[[101.114723,13.911556],[101.114745,13.911943],[101.115302,13.914813],[101.115359,13.915331],[101.115389,13.91635],[101.115389,13.91721],[101.115409,13.918273],[101.115363,13.920547]]},"properties":{"@id":"way/336630211","electrified":"no","gauge":"1000","name":"ทางรถไฟสายชุมทางคลองสิบเก้า–ชุมทางแก่งคอย","name:th":"ทางรถไฟสายชุมทางคลองสิบเก้า–ชุมทางแก่งคอย","railway":"rail","railway:etcs":"1","usage":"branch"},"id":"way/336630211"},{"type":"Feature","geometry":{"type":"LineString","coordinates":[[101.082043,13.467836],[101.08201,13.467643]]},"properties":{"@id":"way/345502116","bridge":"yes","electrified":"no","gauge":"1000","layer":"1","name":"ทางรถไฟสายตะวันออก","name:th":"ทางรถไฟสายตะวันออก","passenger_lines":"2","railway":"rail","railway:etcs":"1","ref":"ตะวันออก","source":"Bing","usage":"main"},"id":"way/345502116"},{"type":"Feature","geometry":{"type":"LineString","coordinates":[[101.059997,13.695391],[101.062358,13.695115],[101.063193,13.694997],[101.064124,13.694889]]},"properties":{"@id":"way/358982916","electrified":"no","gauge":"1000","name":"ทางรถไฟสายตะวันออก","name:th":"ทางรถไฟสายตะวันออก","railway":"rail","railway:etcs":"1","ref":"ตะวันออก"},"id":"way/358982916"},{"type":"Feature","geometry":{"type":"LineString","coordinates":[[100.448425,13.785072],[100.448666,13.785066]]},"properties":{"@id":"way/359405797","bridge":"yes","electrified":"no","gauge":"1000","layer":"1","name":"สายใต้เดิม","name:en":"Former Southern Line","name:th":"สายใต้เดิม","operator":"การรถไฟแห่งประเทศไทย","railway":"rail","railway:etcs":"1","ref":"ใต้","usage":"branch"},"id":"way/359405797"},{"type":"Feature","geometry":{"type":"LineString","coordinates":[[100.484995,13.794823],[100.485217,13.794907]]},"properties":{"@id":"way/359405798","bridge":"yes","electrified":"no","gauge":"1000","name":"สายใต้เดิม","name:en":"Former Southern Line","name:th":"สายใต้เดิม","operator":"การรถไฟแห่งประเทศไทย","railway":"rail","ref":"ใต้","usage":"branch"},"id":"way/359405798"},{"type":"Feature","geometry":{"type":"LineString","coordinates":[[100.451655,13.785521],[100.451882,13.785571]]},"properties":{"@id":"way/359405799","bridge":"yes","electrified":"no","gauge":"1000","layer":"1","name":"สายใต้เดิม","name:en":"Former Southern Line","name:th":"สายใต้เดิม","operator":"การรถไฟแห่งประเทศไทย","railway":"rail","railway:etcs":"1","ref":"ใต้","usage":"branch"},"id":"way/359405799"},{"type":"Feature","geometry":{"type":"LineString","coordinates":[[100.451882,13.785571],[100.459806,13.787418],[100.461211,13.787745],[100.465247,13.788701]]},"properties":{"@id":"way/359405800","electrified":"no","embankment":"yes","gauge":"1000","name":"สายใต้เดิม","name:en":"Former Southern Line","name:th":"สายใต้เดิม","operator":"การรถไฟแห่งประเทศไทย","railway":"rail","railway:etcs":"1","ref":"ใต้","usage":"branch"},"id":"way/359405800"},{"type":"Feature","geometry":{"type":"LineString","coordinates":[[100.448666,13.785066],[100.449237,13.785084],[100.449654,13.785127],[100.450292,13.78521],[100.450993,13.785355],[100.451655,13.785521]]},"properties":{"@id":"way/359405801","electrified":"no","embankment":"yes","gauge":"1000","name":"สายใต้เดิม","name:en":"Former Southern Line","name:th":"สายใต้เดิม","operator":"การรถไฟแห่งประเทศไทย","railway":"rail","railway:etcs":"1","ref":"ใต้","usage":"branch"},"id":"way/359405801"},{"type":"Feature","geometry":{"type":"LineString","coordinates":[[100.485217,13.794907],[100.496139,13.798797],[100.496231,13.79883],[100.500181,13.800236],[100.501368,13.800892],[100.501641,13.801048],[100.502156,13.801387],[100.502521,13.801644],[100.502795,13.801868],[100.503227,13.802249],[100.510223,13.80863]]},"properties":{"@id":"way/359405802","electrified":"no","gauge":"1000","name":"สายใต้เดิม","name:en":"Former Southern Line","name:th":"สายใต้เดิม","operator":"การรถไฟแห่งประเทศไทย","railway":"rail","ref":"ใต้","usage":"branch"},"id":"way/359405802"},{"type":"Feature","geometry":{"type":"LineString","coordinates":[[100.425284,13.799032],[100.425585,13.799003],[100.425947,13.798972],[100.426261,13.79893],[100.426561,13.798875],[100.426923,13.798789],[100.427245,13.798714],[100.427508,13.798623],[100.427798,13.798523],[100.428336,13.798325],[100.428691,13.798165],[100.42912,13.797974],[100.429461,13.7978],[100.429699,13.797659],[100.429973,13.797497],[100.430224,13.797326],[100.430424,13.797182],[100.430905,13.796812],[100.431003,13.796737],[100.431186,13.796586],[100.431808,13.796075],[100.43229,13.795679],[100.432824,13.795172],[100.43302,13.795015],[100.4342,13.794075],[100.434702,13.793652],[100.437043,13.791767],[100.437691,13.791265]]},"properties":{"@id":"way/359405840","colour":"#FD5353","electrified":"contact_line","frequency":"50","gauge":"1000","maxspeed":"90","name":"สายใต้","name:en":"Southern Line","name:th":"สายใต้","operator":"การรถไฟแห่งประเทศไทย","railway":"rail","railway:etcs":"1","tracks":"1","train":"yes","usage":"main","voltage":"25000"},"id":"way/359405840"},{"type":"Feature","geometry":{"type":"LineString","coordinates":[[100.407468,13.900997],[100.407406,13.901256]]},"properties":{"@id":"way/359418227","bridge":"viaduct","electrified":"rail","frequency":"0","gauge":"1435","layer":"3","railway":"subway","service":"crossover","voltage":"750"},"id":"way/359418227"},{"type":"Feature","geometry":{"type":"LineString","coordinates":[[100.407367,13.901656],[100.407292,13.90195]]},"properties":{"@id":"way/359418229","bridge":"viaduct","electrified":"rail","layer":"3","railway":"subway","service":"crossover","voltage":"750"},"id":"way/359418229"},{"type":"Feature","geometry":{"type":"LineString","coordinates":[[100.536364,13.804634],[100.535802,13.804932]]},"properties":{"@id":"way/377157581","alt_name":"รถไฟฟ้า MRT สายสีน้ำเงิน","bridge":"viaduct","covered":"yes","electrified":"rail","frequency":"0","gauge":"1435","layer":"1","maxspeed":"80","name":"รถไฟฟ้ามหานคร สายสีน้ำเงิน","name:en":"MRT Blue Line","name:th":"รถไฟฟ้ามหานคร สายสีน้ำเงิน","network":"MRT","official_name":"รถไฟฟ้ามหานคร สายเฉลิมรัชมงคล","official_name:en":"MRT Chaloem Ratchamongkhon Line","operator":"ทางด่วนและรถไฟฟ้ากรุงเทพ","railway":"subway","railway:atc":"yes","ref":"BL","tracks":"1","usage":"main","voltage":"750"},"id":"way/377157581"},{"type":"Feature","geometry":{"type":"LineString","coordinates":[[100.563296,13.818753],[100.563239,13.818649],[100.563027,13.818221],[100.562855,13.817884],[100.5628,13.817757],[100.562695,13.817602],[100.562594,13.817416],[100.562499,13.817252],[100.562128,13.816634],[100.561747,13.815998],[100.561526,13.815617],[100.561243,13.815183],[100.560937,13.814727],[100.560605,13.81421],[100.559897,13.813134],[100.559776,13.812936],[100.559719,13.812854],[100.559545,13.812595],[100.559421,13.812396],[100.559332,13.812243],[100.559233,13.812052],[100.559156,13.811851],[100.559095,13.811711],[100.558931,13.811393],[100.558825,13.811218],[100.557738,13.80931],[100.557678,13.809201],[100.557642,13.809138]]},"properties":{"@id":"way/377160877","bridge":"viaduct","electrified":"rail","frequency":"0","gauge":"1435","layer":"4","maxspeed":"80","name":"รถไฟฟ้าบีทีเอส สายสุขุมวิท","name:en":"BTS Sukhumvit Line","name:th":"รถไฟฟ้าบีทีเอส สายสุขุมวิท","network":"BTS","official_name":"รถไฟฟ้าเฉลิมพระเกียรติ 6 รอบพระชนมพรรษา สาย 1","operator":"กรุงเทพธนาคม","railway":"subway","railway:cbtc":"sto","railway:preferred_direction":"forward","railway:track_ref":"1","ref":"สุขุมวิท","tracks":"1","usage":"main","voltage":"750"},"id":"way/377160877"},{"type":"Feature","geometry":{"type":"LineString","coordinates":[[100.516626,13.740087],[100.516934,13.742087],[100.517082,13.743068]]},"properties":{"@id":"way/408505973","electrified":"no","gauge":"1000","operator":"การรถไฟแห่งประเทศไทย","railway":"rail","railway:etcs":"1","railway:track_ref":"8","usage":"main"},"id":"way/408505973"},{"type":"Feature","geometry":{"type":"LineString","coordinates":[[100.516821,13.740049],[100.517105,13.741993]]},"properties":{"@id":"way/408505974","electrified":"no","gauge":"1000","operator":"การรถไฟแห่งประเทศไทย","railway":"rail","railway:etcs":"1","railway:track_ref":"5","source":"GPS","usage":"main"},"id":"way/408505974"},{"type":"Feature","geometry":{"type":"LineString","coordinates":[[100.516547,13.740099],[100.516825,13.741961],[100.516843,13.742097],[100.516877,13.742284],[100.516907,13.742428],[100.517,13.742915],[100.517025,13.743139],[100.517101,13.743625],[100.517112,13.743711]]},"properties":{"@id":"way/408505975","electrified":"no","gauge":"1000","operator":"การรถไฟแห่งประเทศไทย","railway":"rail","railway:etcs":"1","railway:track_ref":"9","usage":"main"},"id":"way/408505975"},{"type":"Feature","geometry":{"type":"LineString","coordinates":[[100.791307,13.728698],[100.79164,13.728705]]},"properties":{"@id":"way/421581465","bridge":"yes","electrified":"no","gauge":"1000","layer":"1","name":"ทางรถไฟสายตะวันออก","name:th":"ทางรถไฟสายตะวันออก","passenger_lines":"2","railway":"rail","railway:etcs":"1","ref":"ตะวันออก","source":"Bing","usage":"main"},"id":"way/421581465"},{"type":"Feature","geometry":{"type":"LineString","coordinates":[[100.79164,13.728705],[100.792442,13.728705],[100.793,13.728689],[100.793544,13.728669],[100.793968,13.728648],[100.794545,13.728593],[100.795181,13.728512],[100.795615,13.728463],[100.796588,13.728346],[100.797447,13.728247],[100.798462,13.728122],[100.799547,13.727989],[100.800336,13.727895],[100.801524,13.727749],[100.802605,13.727608],[100.803632,13.727481],[100.804753,13.727351],[100.805569,13.727249],[100.806413,13.72714],[100.80724,13.727032],[100.808047,13.726939],[100.809589,13.726748],[100.811215,13.726543],[100.811341,13.726533],[100.837358,13.723311],[100.838822,13.723123]]},"properties":{"@id":"way/421581467","electrified":"no","gauge":"1000","name":"ทางรถไฟสายตะวันออก","name:th":"ทางรถไฟสายตะวันออก","passenger_lines":"2","railway":"rail","railway:etcs":"1","ref":"ตะวันออก","usage":"main"},"id":"way/421581467"},{"type":"Feature","geometry":{"type":"LineString","coordinates":[[100.791625,13.728604],[100.792662,13.728613],[100.793218,13.728595],[100.793933,13.728559],[100.794602,13.728507],[100.79619,13.72831],[100.798252,13.728055],[100.800916,13.727721],[100.804466,13.727286],[100.807869,13.72686],[100.810947,13.726487],[100.811344,13.726438],[100.838819,13.723033]]},"properties":{"@id":"way/421581478","electrified":"no","gauge":"1000","name":"ทางรถไฟสายตะวันออก","name:th":"ทางรถไฟสายตะวันออก","operator":"การรถไฟแห่งประเทศไทย","passenger_lines":"2","railway":"rail","railway:etcs":"1","ref":"ตะวันออก","usage":"main","wikipedia":"en:State Railway of Thailand#Eastern Line"},"id":"way/421581478"},{"type":"Feature","geometry":{"type":"LineString","coordinates":[[100.791306,13.728602],[100.791625,13.728604]]},"properties":{"@id":"way/421581480","bridge":"yes","electrified":"no","gauge":"1000","layer":"1","name":"ทางรถไฟสายตะวันออก","name:th":"ทางรถไฟสายตะวันออก","operator":"การรถไฟแห่งประเทศไทย","passenger_lines":"2","railway":"rail","ref":"ตะวันออก","source":"Bing","usage":"main","wikipedia":"en:State Railway of Thailand#Eastern Line"},"id":"way/421581480"},{"type":"Feature","geometry":{"type":"LineString","coordinates":[[100.769042,13.728117],[100.769288,13.728124]]},"properties":{"@id":"way/421581742","bridge":"yes","electrified":"no","gauge":"1000","layer":"1","name":"ทางรถไฟสายตะวันออก","name:th":"ทางรถไฟสายตะวันออก","operator":"การรถไฟแห่งประเทศไทย","passenger_lines":"2","railway":"rail","railway:etcs":"1","ref":"ตะวันออก","source":"Bing","usage":"main","wikipedia":"en:State Railway of Thailand#Eastern Line"},"id":"way/421581742"},{"type":"Feature","geometry":{"type":"LineString","coordinates":[[100.769288,13.728124],[100.773987,13.728241],[100.777497,13.728338],[100.778061,13.728358],[100.779518,13.728388],[100.779775,13.728398],[100.7829,13.728473],[100.784511,13.728512],[100.786922,13.728573],[100.791307,13.728698]]},"properties":{"@id":"way/421581743","electrified":"no","gauge":"1000","name":"ทางรถไฟสายตะวันออก","name:th":"ทางรถไฟสายตะวันออก","passenger_lines":"2","railway":"rail","railway:etcs":"1","ref":"ตะวันออก","usage":"main"},"id":"way/421581743"},{"type":"Feature","geometry":{"type":"LineString","coordinates":[[100.769021,13.728043],[100.769288,13.72805]]},"properties":{"@id":"way/421581744","bridge":"yes","electrified":"no","gauge":"1000","layer":"1","name":"ทางรถไฟสายตะวันออก","name:th":"ทางรถไฟสายตะวันออก","operator":"การรถไฟแห่งประเทศไทย","passenger_lines":"2","railway":"rail","railway:etcs":"1","ref":"ตะวันออก","source":"Bing","usage":"main","wikipedia":"en:State Railway of Thailand#Eastern Line"},"id":"way/421581744"},{"type":"Feature","geometry":{"type":"LineString","coordinates":[[100.769288,13.72805],[100.773986,13.728169],[100.775466,13.728207],[100.776463,13.728233],[100.777578,13.728262],[100.778062,13.728279],[100.778421,13.728285],[100.782903,13.728394],[100.785704,13.728462],[100.787182,13.728492],[100.788442,13.728526],[100.791306,13.728602]]},"properties":{"@id":"way/421581745","electrified":"no","gauge":"1000","name":"ทางรถไฟสายตะวันออก","name:th":"ทางรถไฟสายตะวันออก","operator":"การรถไฟแห่งประเทศไทย","passenger_lines":"2","railway":"rail","railway:etcs":"1","ref":"ตะวันออก","usage":"main","wikipedia":"en:State Railway of Thailand#Eastern Line"},"id":"way/421581745"},{"type":"Feature","geometry":{"type":"LineString","coordinates":[[100.409489,13.649223],[100.407983,13.647871],[100.407755,13.647668],[100.407327,13.647285],[100.406763,13.646785],[100.406072,13.646168],[100.404906,13.645126],[100.40446,13.644733],[100.403615,13.64396],[100.403372,13.643755],[100.401284,13.641893],[100.4004,13.641113]]},"properties":{"@id":"way/471770718","electrified":"no","gauge":"1000","maxspeed":"80","name":"ทางรถไฟสายแม่กลอง","name:en":"Mae Klong Line","operator":"การรถไฟแห่งประเทศไทย","railway":"rail","ref":"แม่กลอง","train":"yes","usage":"main"},"id":"way/471770718"},{"type":"Feature","geometry":{"type":"LineString","coordinates":[[100.409671,13.649383],[100.409489,13.649223]]},"properties":{"@id":"way/471770719","bridge":"yes","electrified":"no","gauge":"1000","maxspeed":"80","name":"ทางรถไฟสายแม่กลอง","name:en":"Mae Klong Line","operator":"การรถไฟแห่งประเทศไทย","railway":"rail","ref":"แม่กลอง","source":"bing","train":"yes","usage":"main"},"id":"way/471770719"},{"type":"Feature","geometry":{"type":"LineString","coordinates":[[100.400259,13.640997],[100.399996,13.640739],[100.399595,13.640374],[100.399355,13.640167],[100.399226,13.640067],[100.398217,13.639162],[100.397939,13.638912],[100.397922,13.638897],[100.397267,13.63828],[100.396982,13.63804],[100.396748,13.63783],[100.396148,13.637277],[100.395912,13.637077],[100.394786,13.636068],[100.394504,13.635816],[100.392973,13.634447],[100.392483,13.634005],[100.392366,13.633902],[100.391571,13.633175],[100.390089,13.631832],[100.389127,13.630972],[100.388606,13.630525]]},"properties":{"@id":"way/472059450","electrified":"no","gauge":"1000","maxspeed":"80","name":"ทางรถไฟสายแม่กลอง","name:en":"Mae Klong Line","operator":"การรถไฟแห่งประเทศไทย","railway":"rail","ref":"แม่กลอง","train":"yes","usage":"main"},"id":"way/472059450"},{"type":"Feature","geometry":{"type":"LineString","coordinates":[[100.4004,13.641113],[100.400259,13.640997]]},"properties":{"@id":"way/472059451","bridge":"yes","electrified":"no","gauge":"1000","maxspeed":"80","name":"ทางรถไฟสายแม่กลอง","name:en":"Mae Klong Line","operator":"การรถไฟแห่งประเทศไทย","railway":"rail","ref":"แม่กลอง","train":"yes","usage":"main"},"id":"way/472059451"},{"type":"Feature","geometry":{"type":"LineString","coordinates":[[100.388417,13.630363],[100.388341,13.630298],[100.388202,13.630178],[100.385973,13.628178],[100.38477,13.627095],[100.383814,13.626236],[100.383356,13.625818],[100.382822,13.625352],[100.380832,13.623558],[100.379397,13.622299],[100.379012,13.621939],[100.378587,13.621546],[100.378019,13.621054],[100.377987,13.621025],[100.376926,13.620052],[100.376666,13.619829],[100.375541,13.618812],[100.373972,13.617401],[100.373524,13.617002],[100.372616,13.61619],[100.369296,13.613201],[100.368818,13.612781],[100.368697,13.612675],[100.368508,13.612515],[100.368126,13.612154],[100.365543,13.609828],[100.362733,13.607305],[100.362258,13.606876],[100.362002,13.606643],[100.361793,13.606477],[100.361501,13.606235],[100.361235,13.605998],[100.360961,13.605748],[100.360734,13.605547],[100.360493,13.605337],[100.360264,13.605132],[100.360261,13.605129],[100.359806,13.604696],[100.35974,13.604634]]},"properties":{"@id":"way/472059452","electrified":"no","gauge":"1000","maxspeed":"80","name":"ทางรถไฟสายแม่กลอง","name:en":"Mae Klong Line","operator":"การรถไฟแห่งประเทศไทย","railway":"rail","ref":"แม่กลอง","train":"yes","usage":"main"},"id":"way/472059452"},{"type":"Feature","geometry":{"type":"LineString","coordinates":[[100.388606,13.630525],[100.388417,13.630363]]},"properties":{"@id":"way/472059453","bridge":"yes","electrified":"no","gauge":"1000","maxspeed":"80","name":"ทางรถไฟสายแม่กลอง","name:en":"Mae Klong Line","operator":"การรถไฟแห่งประเทศไทย","railway":"rail","ref":"แม่กลอง","source":"bing","train":"yes","usage":"main"},"id":"way/472059453"},{"type":"Feature","geometry":{"type":"LineString","coordinates":[[100.359541,13.604454],[100.356952,13.602117],[100.353845,13.599323],[100.352532,13.598145],[100.351826,13.59751],[100.351543,13.597254],[100.351092,13.596841],[100.350573,13.596386],[100.350178,13.596027],[100.349921,13.595787],[100.349706,13.595597],[100.349547,13.595457],[100.349299,13.59523],[100.349054,13.595013],[100.348885,13.594861],[100.348716,13.594714],[100.348511,13.594524],[100.348117,13.594171],[100.347389,13.593529],[100.346171,13.592444],[100.345889,13.592186],[100.345589,13.591895],[100.344919,13.591296],[100.344619,13.591031],[100.344355,13.590801],[100.343708,13.590212],[100.343341,13.589889],[100.34198,13.588652],[100.341216,13.587973],[100.340083,13.586968],[100.339924,13.586826],[100.339391,13.586347],[100.338979,13.585979],[100.338756,13.585773],[100.338539,13.585576],[100.338138,13.585209]]},"properties":{"@id":"way/472060888","electrified":"no","gauge":"1000","maxspeed":"80","name":"ทางรถไฟสายแม่กลอง","name:en":"Mae Klong Line","operator":"การรถไฟแห่งประเทศไทย","railway":"rail","ref":"แม่กลอง","train":"yes","usage":"main"},"id":"way/472060888"},{"type":"Feature","geometry":{"type":"LineString","coordinates":[[100.35974,13.604634],[100.359541,13.604454]]},"properties":{"@id":"way/472060892","bridge":"yes","electrified":"no","gauge":"1000","layer":"1","maxspeed":"80","name":"ทางรถไฟสายแม่กลอง","name:en":"Mae Klong Line","operator":"การรถไฟแห่งประเทศไทย","railway":"rail","ref":"แม่กลอง","source":"bing","train":"yes","usage":"main"},"id":"way/472060892"},{"type":"Feature","geometry":{"type":"LineString","coordinates":[[100.337958,13.585049],[100.337437,13.584562],[100.337267,13.584408],[100.337146,13.584297],[100.337034,13.584204],[100.336925,13.584104],[100.336692,13.583904],[100.334912,13.582283],[100.334474,13.581897],[100.327848,13.575915],[100.32482,13.57318],[100.323246,13.571773],[100.323091,13.571625],[100.322554,13.571134],[100.321908,13.570571],[100.320345,13.569152],[100.31992,13.568753],[100.318848,13.567773],[100.318487,13.567467],[100.318096,13.5671],[100.317635,13.566705],[100.317038,13.566155],[100.316392,13.565559],[100.315892,13.565119],[100.31546,13.56471],[100.315173,13.564458],[100.314747,13.564081],[100.314506,13.563862],[100.313868,13.563292],[100.313678,13.563108],[100.313619,13.563054],[100.313554,13.562998],[100.313428,13.562888],[100.313205,13.562695],[100.312727,13.562327],[100.312494,13.562172],[100.31228,13.562031],[100.312081,13.561922],[100.311767,13.561754],[100.311388,13.56158],[100.309596,13.560797],[100.30671,13.559524],[100.30418,13.558424],[100.304079,13.558377]]},"properties":{"@id":"way/472061647","electrified":"no","gauge":"1000","maxspeed":"80","name":"ทางรถไฟสายมหาชัย","name:en":"Mahachai Line","operator":"การรถไฟแห่งประเทศไทย","railway":"rail","ref":"แม่กลอง","train":"yes","usage":"main"},"id":"way/472061647"},{"type":"Feature","geometry":{"type":"LineString","coordinates":[[100.338138,13.585209],[100.337958,13.585049]]},"properties":{"@id":"way/472061648","bridge":"yes","electrified":"no","gauge":"1000","layer":"1","maxspeed":"80","name":"ทางรถไฟสายแม่กลอง","name:en":"Mae Klong Line","operator":"การรถไฟแห่งประเทศไทย","railway":"rail","ref":"แม่กลอง","source":"bing","train":"yes","usage":"main"},"id":"way/472061648"},{"type":"Feature","geometry":{"type":"LineString","coordinates":[[100.901824,13.715301],[100.90326,13.715122],[100.905717,13.714812],[100.90892,13.714416],[100.912148,13.714012],[100.913852,13.713803],[100.916826,13.713434],[100.917065,13.713407],[100.919479,13.713093],[100.920553,13.712956],[100.920883,13.712915],[100.921307,13.712862],[100.923129,13.712644],[100.924051,13.712518],[100.924941,13.712404],[100.927393,13.712088],[100.928026,13.712001],[100.929191,13.711864],[100.930171,13.711739],[100.932086,13.711513]]},"properties":{"@id":"way/485268500","electrified":"no","gauge":"1000","name":"ทางรถไฟสายตะวันออก","name:th":"ทางรถไฟสายตะวันออก","passenger_lines":"2","railway":"rail","railway:etcs":"1","ref":"ตะวันออก","usage":"main"},"id":"way/485268500"},{"type":"Feature","geometry":{"type":"LineString","coordinates":[[100.838819,13.723033],[100.839101,13.722998]]},"properties":{"@id":"way/485268505","bridge":"yes","electrified":"no","gauge":"1000","name":"ทางรถไฟสายตะวันออก","name:th":"ทางรถไฟสายตะวันออก","operator":"การรถไฟแห่งประเทศไทย","passenger_lines":"2","railway":"rail","railway:etcs":"1","ref":"ตะวันออก","source":"Bing","usage":"main","wikipedia":"en:State Railway of Thailand#Eastern Line"},"id":"way/485268505"},{"type":"Feature","geometry":{"type":"LineString","coordinates":[[100.838822,13.723123],[100.839111,13.723086]]},"properties":{"@id":"way/485268507","bridge":"yes","electrified":"no","gauge":"1000","name":"ทางรถไฟสายตะวันออก","name:th":"ทางรถไฟสายตะวันออก","passenger_lines":"2","railway":"rail","railway:etcs":"1","ref":"ตะวันออก","source":"Bing","usage":"main"},"id":"way/485268507"},{"type":"Feature","geometry":{"type":"LineString","coordinates":[[100.901735,13.715216],[100.915159,13.713545],[100.916518,13.713376],[100.91697,13.71332],[100.918513,13.713131],[100.921784,13.712725],[100.922108,13.712684],[100.924934,13.712333],[100.928694,13.711866],[100.929017,13.711826],[100.932065,13.711447]]},"properties":{"@id":"way/485268512","electrified":"no","gauge":"1000","name":"ทางรถไฟสายตะวันออก","name:th":"ทางรถไฟสายตะวันออก","operator":"การรถไฟแห่งประเทศไทย","passenger_lines":"2","railway":"rail","railway:etcs":"1","ref":"ตะวันออก","usage":"main","wikipedia":"en:State Railway of Thailand#Eastern Line"},"id":"way/485268512"},{"type":"Feature","geometry":{"type":"LineString","coordinates":[[100.52909,13.746532],[100.528164,13.746695],[100.527781,13.746762],[100.527551,13.746803],[100.525497,13.747164]]},"properties":{"@id":"way/543008618","bridge":"viaduct","colour":"#02817D","electrified":"rail","frequency":"0","gauge":"1435","layer":"3","line":"Silom","maxspeed":"80","name":"รถไฟฟ้าบีทีเอส สายสีลม","name:en":"BTS Silom Line","name:th":"รถไฟฟ้าบีทีเอส สายสีลม","network":"BTS","official_name":"รถไฟฟ้าเฉลิมพระเกียรติ 6 รอบพระชนมพรรษา สาย 2","operator":"ระบบขนส่งมวลชนกรุงเทพ","operator:en":"Bangkok Mass Transit System;BTSC","railway":"subway","railway:cbtc":"sto","railway:preferred_direction":"backward","railway:track_ref":"3","tracks":"1","usage":"main","voltage":"750"},"id":"way/543008618"},{"type":"Feature","geometry":{"type":"LineString","coordinates":[[100.583905,14.233961],[100.583943,14.23426]]},"properties":{"@id":"way/570651075","bridge":"yes","electrified":"no","gauge":"1000","layer":"1","operator":"การรถไฟแห่งประเทศไทย","passenger_lines":"2","railway":"rail","railway:etcs":"1","usage":"main"},"id":"way/570651075"},{"type":"Feature","geometry":{"type":"LineString","coordinates":[[100.583943,14.23426],[100.584067,14.235314],[100.584145,14.23596],[100.5842,14.236417],[100.584464,14.238632],[100.585164,14.244445],[100.585176,14.244538],[100.585293,14.245504],[100.585325,14.245772],[100.585423,14.246577]]},"properties":{"@id":"way/570651076","electrified":"no","gauge":"1000","operator":"การรถไฟแห่งประเทศไทย","passenger_lines":"2","railway":"rail","railway:etcs":"1","usage":"main"},"id":"way/570651076"},{"type":"Feature","geometry":{"type":"LineString","coordinates":[[100.588488,14.271601],[100.588384,14.270736],[100.588299,14.269957],[100.588133,14.268592],[100.587991,14.267439],[100.587811,14.265982],[100.58768,14.264891],[100.587506,14.263309],[100.587382,14.262294],[100.587213,14.26095],[100.587092,14.259921],[100.586876,14.258096],[100.586414,14.254259],[100.586253,14.252918],[100.586022,14.250994],[100.585545,14.247022],[100.58549,14.246571],[100.585267,14.244722],[100.585229,14.244428],[100.585189,14.244067],[100.58495,14.242109],[100.584803,14.240828],[100.584575,14.238888],[100.584497,14.238254],[100.584391,14.237379],[100.584016,14.234256]]},"properties":{"@id":"way/570651091","electrified":"no","gauge":"1000","operator":"การรถไฟแห่งประเทศไทย","railway":"rail","railway:etcs":"1","usage":"main"},"id":"way/570651091"},{"type":"Feature","geometry":{"type":"LineString","coordinates":[[100.584037,14.235393],[100.584075,14.23562],[100.584145,14.23596]]},"properties":{"@id":"way/570651092","railway":"rail"},"id":"way/570651092"},{"type":"Feature","geometry":{"type":"LineString","coordinates":[[100.585325,14.245772],[100.585365,14.246528]]},"properties":{"@id":"way/570651094","electrified":"no","gauge":"1000","railway":"rail","railway:etcs":"1","service":"crossover","usage":"main"},"id":"way/570651094"},{"type":"Feature","geometry":{"type":"LineString","coordinates":[[100.584016,14.234256],[100.583981,14.233955]]},"properties":{"@id":"way/570651097","bridge":"yes","electrified":"no","gauge":"1000","layer":"1","operator":"การรถไฟแห่งประเทศไทย","railway":"rail","railway:etcs":"1","usage":"main"},"id":"way/570651097"},{"type":"Feature","geometry":{"type":"LineString","coordinates":[[100.58297,14.226007],[100.583072,14.2269]]},"properties":{"@id":"way/570688978","bridge":"yes","electrified":"no","gauge":"1000","layer":"1","operator":"การรถไฟแห่งประเทศไทย","passenger_lines":"2","railway":"rail","railway:etcs":"1","usage":"main"},"id":"way/570688978"},{"type":"Feature","geometry":{"type":"LineString","coordinates":[[100.583072,14.2269],[100.583905,14.233961]]},"properties":{"@id":"way/570688981","electrified":"no","gauge":"1000","operator":"การรถไฟแห่งประเทศไทย","passenger_lines":"2","railway":"rail","railway:etcs":"1","usage":"main"},"id":"way/570688981"},{"type":"Feature","geometry":{"type":"LineString","coordinates":[[100.577657,14.180597],[100.577689,14.180898]]},"properties":{"@id":"way/570688986","bridge":"yes","electrified":"no","gauge":"1000","layer":"1","operator":"การรถไฟแห่งประเทศไทย","passenger_lines":"2","railway":"rail","railway:etcs":"1","usage":"main"},"id":"way/570688986"},{"type":"Feature","geometry":{"type":"LineString","coordinates":[[100.57769,14.181221],[100.577734,14.181466],[100.57779,14.181778]]},"properties":{"@id":"way/570688988","electrified":"no","gauge":"1000","passenger_lines":"2","railway":"rail","usage":"main"},"id":"way/570688988"},{"type":"Feature","geometry":{"type":"LineString","coordinates":[[100.582779,14.22392],[100.582429,14.221078],[100.58149,14.213018],[100.580015,14.200225],[100.578951,14.19112],[100.578907,14.19064],[100.578347,14.185854],[100.57808,14.183875],[100.577971,14.18259],[100.577934,14.1823],[100.577886,14.181908],[100.57777,14.180885]]},"properties":{"@id":"way/570688990","electrified":"no","gauge":"1000","operator":"การรถไฟแห่งประเทศไทย","passenger_lines":"2","railway":"rail","railway:etcs":"1","usage":"main"},"id":"way/570688990"},{"type":"Feature","geometry":{"type":"LineString","coordinates":[[100.577689,14.180898],[100.577756,14.181473],[100.57779,14.181778],[100.577854,14.182304],[100.577883,14.182588],[100.577905,14.182774],[100.577967,14.183435],[100.577984,14.183633],[100.578242,14.185867],[100.57826,14.186027],[100.578981,14.192016],[100.579333,14.194868],[100.580374,14.203699],[100.580543,14.205345],[100.580651,14.206323],[100.580655,14.206381],[100.580678,14.206556],[100.580769,14.207346],[100.581266,14.21161],[100.581394,14.212663],[100.581925,14.217341],[100.581946,14.217467],[100.582722,14.223938]]},"properties":{"@id":"way/570688996","electrified":"no","gauge":"1000","operator":"การรถไฟแห่งประเทศไทย","passenger_lines":"2","railway":"rail","railway:etcs":"1","usage":"main"},"id":"way/570688996"},{"type":"Feature","geometry":{"type":"LineString","coordinates":[[100.073236,13.455772],[100.071711,13.454706],[100.070235,13.453625],[100.068169,13.45209],[100.064949,13.449721],[100.061337,13.447081],[100.055355,13.4427],[100.05346,13.441319],[100.05141,13.43981],[100.051175,13.439641],[100.048241,13.437471],[100.046589,13.436643],[100.04565,13.436156],[100.045171,13.435914],[100.039056,13.432764],[100.032991,13.429607],[100.02859,13.427341],[100.024222,13.425086],[100.019846,13.422818],[100.01885,13.422298],[100.015535,13.420566],[100.013471,13.419492],[100.011328,13.418369],[100.010263,13.417745],[100.010046,13.417615],[100.009231,13.417093],[100.00888,13.416868],[100.007666,13.416094],[100.007351,13.415891],[100.006659,13.415428],[100.006008,13.41487],[100.005958,13.414826],[100.005382,13.414206],[100.004382,13.412732],[100.004004,13.412116],[100.003833,13.41182],[100.003494,13.411205],[100.003025,13.41047],[100.002874,13.41017],[100.002691,13.409888],[100.002509,13.409561],[100.002453,13.409459],[100.002429,13.409416],[100.002195,13.408995],[100.001901,13.40853],[100.001666,13.408246],[100.001587,13.408169],[100.001503,13.408089]]},"properties":{"@id":"way/591357872","electrified":"no","gauge":"1000","name":"ทางรถไฟสายแม่กลอง","name:en":"Mae Klong Line","name:th":"ทางรถไฟสายแม่กลอง","operator":"การรถไฟแห่งประเทศไทย","railway":"rail","ref":"แม่กลอง","usage":"main"},"id":"way/591357872"},{"type":"Feature","geometry":{"type":"LineString","coordinates":[[100.133349,13.48925],[100.133164,13.489343]]},"properties":{"@id":"way/591357875","bridge":"yes","electrified":"no","gauge":"1000","layer":"1","name":"ทางรถไฟสายแม่กลอง","name:en":"Mae Klong Line","name:th":"ทางรถไฟสายแม่กลอง","operator":"การรถไฟแห่งประเทศไทย","railway":"rail","ref":"แม่กลอง","usage":"main"},"id":"way/591357875"},{"type":"Feature","geometry":{"type":"LineString","coordinates":[[100.540539,13.80172],[100.540455,13.801506],[100.540391,13.80137],[100.540237,13.80108],[100.539918,13.800593],[100.539644,13.800224],[100.539351,13.799881],[100.538929,13.799389],[100.538548,13.798919],[100.537895,13.798119],[100.537503,13.797632],[100.537449,13.797567],[100.537287,13.797361],[100.537138,13.79715],[100.536944,13.796853],[100.53683,13.796665],[100.53673,13.796486],[100.536538,13.796107],[100.53637,13.795718],[100.536241,13.795399],[100.536027,13.794874],[100.535647,13.793944],[100.535408,13.793331],[100.534739,13.791536],[100.533992,13.789681]]},"properties":{"@id":"way/593076195","bridge":"viaduct","colour":"#E10506","electrified":"contact_line","frequency":"50","gauge":"1000","layer":"1","level":"2","name":"รถไฟฟ้าชานเมืองสายสีแดงเข้ม","name:en":"Dark Red Line","operator":"การรถไฟแห่งประเทศไทย","railway":"rail","railway:etcs":"1","tracks":"1","train":"yes","usage":"main","voltage":"25000"},"id":"way/593076195"},{"type":"Feature","geometry":{"type":"LineString","coordinates":[[100.534132,13.789628],[100.534811,13.791305],[100.535005,13.791834],[100.535462,13.793312],[100.535568,13.79363],[100.535682,13.793936],[100.536063,13.794861],[100.536276,13.795391],[100.536408,13.795708],[100.53657,13.796089],[100.536761,13.796474],[100.536867,13.796651],[100.536972,13.796832],[100.537173,13.797133],[100.537318,13.797339],[100.537472,13.797536],[100.537605,13.797698],[100.537764,13.797881],[100.537955,13.798078],[100.538246,13.798392],[100.538834,13.799022],[100.539216,13.799433],[100.539685,13.799888],[100.540011,13.800222],[100.54035,13.800611],[100.540563,13.800879],[100.54072,13.801122],[100.540847,13.801358],[100.540942,13.801566]]},"properties":{"@id":"way/593076196","bridge":"viaduct","colour":"#FD5353","electrified":"contact_line","frequency":"50","gauge":"1000","layer":"1","level":"2","name":"รถไฟฟ้าชานเมืองสายสีแดงอ่อน","name:en":"Light Red Line","operator":"การรถไฟแห่งประเทศไทย","railway":"rail","railway:etcs":"1","tracks":"1","train":"yes","usage":"main","voltage":"25000"},"id":"way/593076196"},{"type":"Feature","geometry":{"type":"LineString","coordinates":[[100.526003,13.769643],[100.525972,13.769499],[100.525954,13.769427],[100.525366,13.768018],[100.524596,13.766116],[100.523825,13.764208],[100.523448,13.763273],[100.523354,13.763041],[100.523333,13.762982],[100.523322,13.762955],[100.523276,13.762835],[100.523249,13.76274],[100.523219,13.762621],[100.523192,13.762506],[100.523173,13.762401],[100.523156,13.762261],[100.523144,13.762145],[100.523137,13.76204],[100.523133,13.761941],[100.523133,13.761832],[100.523138,13.761714],[100.523146,13.761592],[100.523159,13.761462],[100.523179,13.761336],[100.523205,13.761219],[100.523237,13.761086],[100.523267,13.760982],[100.523301,13.760875],[100.523338,13.760768],[100.523373,13.760665],[100.523414,13.760566],[100.523478,13.760452],[100.52354,13.760344],[100.52362,13.76022],[100.523699,13.760099],[100.523775,13.759991],[100.523851,13.759895],[100.523933,13.759787],[100.524016,13.759694],[100.524091,13.759614],[100.524181,13.759528],[100.524263,13.759455],[100.524347,13.75939],[100.524419,13.759337],[100.524509,13.759282],[100.52461,13.759219],[100.524821,13.759102],[100.524856,13.759081],[100.524934,13.75904],[100.525008,13.759003],[100.525135,13.758945],[100.525283,13.758887],[100.525474,13.758821],[100.525679,13.758755],[100.525929,13.75869],[100.526312,13.758599]]},"properties":{"@id":"way/593104897","electrified":"no","gauge":"1000","name":"ทางรถไฟสายตะวันออก","name:th":"ทางรถไฟสายตะวันออก","operator":"การรถไฟแห่งประเทศไทย","passenger_lines":"1","railway":"rail","railway:etcs":"1","ref":"ตะวันออก","tracks":"1","usage":"main"},"id":"way/593104897"},{"type":"Feature","geometry":{"type":"LineString","coordinates":[[100.525424,13.758769],[100.526309,13.758565]]},"properties":{"@id":"way/593104898","electrified":"no","gauge":"1000","name":"ทางรถไฟสายตะวันออก","name:th":"ทางรถไฟสายตะวันออก","operator":"การรถไฟแห่งประเทศไทย","passenger_lines":"1","railway":"rail","railway:etcs":"1","ref":"ตะวันออก","source":"Yahoo! Aerial Imagery","tracks":"1","usage":"main"},"id":"way/593104898"},{"type":"Feature","geometry":{"type":"LineString","coordinates":[[101.051655,13.409381],[101.049649,13.406482],[101.048005,13.404084],[101.045301,13.400055],[101.043059,13.39679],[101.040632,13.39323],[101.039015,13.390867],[101.037657,13.388908],[101.035473,13.385708],[101.033772,13.383216]]},"properties":{"@id":"way/593119401","electrified":"no","gauge":"1000","name":"ทางรถไฟสายตะวันออก","name:th":"ทางรถไฟสายตะวันออก","passenger_lines":"2","railway":"rail","railway:etcs":"1","ref":"ตะวันออก","usage":"main"},"id":"way/593119401"},{"type":"Feature","geometry":{"type":"LineString","coordinates":[[101.056498,13.416483],[101.056374,13.416295]]},"properties":{"@id":"way/593119402","bridge":"yes","electrified":"no","gauge":"1000","layer":"1","name":"ทางรถไฟสายตะวันออก","name:th":"ทางรถไฟสายตะวันออก","passenger_lines":"2","railway":"rail","railway:etcs":"1","ref":"ตะวันออก","usage":"main"},"id":"way/593119402"},{"type":"Feature","geometry":{"type":"LineString","coordinates":[[101.052187,13.410179],[101.051655,13.409381]]},"properties":{"@id":"way/593119404","bridge":"yes","electrified":"no","gauge":"1000","layer":"1","name":"ทางรถไฟสายตะวันออก","name:th":"ทางรถไฟสายตะวันออก","oneway":"no","passenger_lines":"2","railway":"rail","railway:etcs":"1","ref":"ตะวันออก","usage":"main"},"id":"way/593119404"},{"type":"Feature","geometry":{"type":"LineString","coordinates":[[101.056374,13.416295],[101.054319,13.413287],[101.052187,13.410179]]},"properties":{"@id":"way/593119405","electrified":"no","gauge":"1000","name":"ทางรถไฟสายตะวันออก","name:th":"ทางรถไฟสายตะวันออก","passenger_lines":"2","railway":"rail","railway:etcs":"1","ref":"ตะวันออก","usage":"main"},"id":"way/593119405"},{"type":"Feature","geometry":{"type":"LineString","coordinates":[[101.100062,13.557195],[101.099309,13.553501],[101.09882,13.551038],[101.097433,13.544176],[101.097178,13.542867],[101.095816,13.536141],[101.094859,13.531435],[101.094076,13.527527],[101.092473,13.519556],[101.092175,13.518148],[101.091586,13.515195]]},"properties":{"@id":"way/593119406","electrified":"no","gauge":"1000","name":"ทางรถไฟสายตะวันออก","name:th":"ทางรถไฟสายตะวันออก","oneway":"no","passenger_lines":"2","railway":"rail","railway:etcs":"1","ref":"ตะวันออก","usage":"main"},"id":"way/593119406"},{"type":"Feature","geometry":{"type":"LineString","coordinates":[[101.112776,13.620247],[101.110804,13.610614]]},"properties":{"@id":"way/593119407","bridge":"yes","electrified":"no","gauge":"1000","layer":"1","name":"ทางรถไฟสายตะวันออก","name:th":"ทางรถไฟสายตะวันออก","oneway":"no","passenger_lines":"2","railway":"rail","railway:etcs":"1","ref":"ตะวันออก","usage":"main"},"id":"way/593119407"},{"type":"Feature","geometry":{"type":"LineString","coordinates":[[101.001144,13.702782],[101.009761,13.701707],[101.01865,13.700594],[101.022229,13.700147],[101.04655,13.6971]]},"properties":{"@id":"way/593119408","electrified":"no","gauge":"1000","name":"ทางรถไฟสายตะวันออก","name:th":"ทางรถไฟสายตะวันออก","operator":"การรถไฟแห่งประเทศไทย","passenger_lines":"2","railway":"rail","ref":"ตะวันออก","usage":"main"},"id":"way/593119408"},{"type":"Feature","geometry":{"type":"LineString","coordinates":[[101.082843,13.471833],[101.082747,13.471347]]},"properties":{"@id":"way/593345674","bridge":"yes","electrified":"no","gauge":"1000","layer":"1","name":"ทางรถไฟสายตะวันออก","name:th":"ทางรถไฟสายตะวันออก","passenger_lines":"2","railway":"rail","railway:etcs":"1","ref":"ตะวันออก","source":"Bing","usage":"main"},"id":"way/593345674"},{"type":"Feature","geometry":{"type":"LineString","coordinates":[[101.061657,14.005652],[101.059931,14.008259],[101.059729,14.008565],[101.051409,14.021189],[101.047587,14.026862],[101.046846,14.028061],[101.044265,14.032557],[101.043159,14.034478]]},"properties":{"@id":"way/616720628","electrified":"no","gauge":"1000","name":"ทางรถไฟสายชุมทางคลองสิบเก้า–ชุมทางแก่งคอย","name:th":"ทางรถไฟสายชุมทางคลองสิบเก้า–ชุมทางแก่งคอย","railway":"rail","railway:etcs":"1","usage":"branch"},"id":"way/616720628"},{"type":"Feature","geometry":{"type":"LineString","coordinates":[[101.062219,14.004814],[101.061657,14.005652]]},"properties":{"@id":"way/616720629","bridge":"yes","electrified":"no","gauge":"1000","layer":"1","name":"ทางรถไฟสายชุมทางคลองสิบเก้า–ชุมทางแก่งคอย","name:th":"ทางรถไฟสายชุมทางคลองสิบเก้า–ชุมทางแก่งคอย","railway":"rail","railway:etcs":"1","usage":"branch"},"id":"way/616720629"},{"type":"Feature","geometry":{"type":"LineString","coordinates":[[101.07349,13.98785],[101.06442,14.001502],[101.062219,14.004814]]},"properties":{"@id":"way/616720630","electrified":"no","gauge":"1000","name":"ทางรถไฟสายชุมทางคลองสิบเก้า–ชุมทางแก่งคอย","name:th":"ทางรถไฟสายชุมทางคลองสิบเก้า–ชุมทางแก่งคอย","railway":"rail","railway:etcs":"1","usage":"branch"},"id":"way/616720630"},{"type":"Feature","geometry":{"type":"LineString","coordinates":[[101.073877,13.987263],[101.07349,13.98785]]},"properties":{"@id":"way/616720631","bridge":"yes","electrified":"no","gauge":"1000","layer":"1","name":"ทางรถไฟสายชุมทางคลองสิบเก้า–ชุมทางแก่งคอย","name:th":"ทางรถไฟสายชุมทางคลองสิบเก้า–ชุมทางแก่งคอย","railway":"rail","railway:etcs":"1","usage":"branch"},"id":"way/616720631"},{"type":"Feature","geometry":{"type":"LineString","coordinates":[[101.143444,13.962034],[101.14465,13.963764]]},"properties":{"@id":"way/624788438","bridge":"yes","electrified":"no","gauge":"1000","layer":"1","operator":"การรถไฟแห่งประเทศไทย","railway":"rail","railway:etcs":"1","usage":"main"},"id":"way/624788438"},{"type":"Feature","geometry":{"type":"LineString","coordinates":[[101.11667,13.920701],[101.116835,13.921609],[101.117181,13.923383],[101.117549,13.924563],[101.118042,13.925561],[101.118564,13.926444],[101.122191,13.931613],[101.125724,13.936648],[101.127111,13.938625],[101.129256,13.941682]]},"properties":{"@id":"way/624788439","electrified":"no","gauge":"1000","operator":"การรถไฟแห่งประเทศไทย","railway":"rail","railway:etcs":"1","usage":"main"},"id":"way/624788439"},{"type":"Feature","geometry":{"type":"LineString","coordinates":[[101.114723,13.911556],[101.116043,13.917791],[101.116615,13.920445]]},"properties":{"@id":"way/677692185","electrified":"no","gauge":"1000","operator":"การรถไฟแห่งประเทศไทย","passenger_lines":"1","railway":"rail","railway:etcs":"1","usage":"main"},"id":"way/677692185"},{"type":"Feature","properties":{"@id":"way/828492423","alt_name":"รถไฟฟ้า MRT สายสีม่วง","bridge":"yes","colour":"purple","electrified":"rail","frequency":"0","gauge":"1435","layer":"2","name":"Purple Line Extension","name:en":"Purple Line - Southern extension Tao Poon - Kru Nai","name:th":"รถไฟฟ้าสายสีม่วงใต้ ช่วงเตาปูน–ราษฎร์บูรณะ-ครุใน","network":"MRT","official_name":"รถไฟฟ้ามหานคร สายฉลองรัชธรรม","official_name:en":"MRT Chalong Ratchadham Line","oneway":"yes","operator":"ทางด่วนและรถไฟฟ้ากรุงเทพ","operator:en":"Bangkok Expressway and Metro","railway":"construction","railway:cbtc":"sto","ref":"PP","tracks":"1","usage":"main","voltage":"750","wikidata":"Q6584549","check_date":"2026-01-17","construction":"subway","construction:electrified":"rail","construction:frequency":"0","construction:railway":"subway","construction:voltage":"750","opening_date":"2027","tunnel":"yes"},"geometry":{"type":"MultiLineString","coordinates":[[[100.408161,13.893755],[100.408196,13.893381],[100.408285,13.892441],[100.408381,13.891421],[100.408434,13.890413],[100.409004,13.884351],[100.409127,13.883038],[100.40927,13.881935],[100.409354,13.881018],[100.409562,13.878747],[100.40959,13.878432],[100.409633,13.87812],[100.409708,13.877772],[100.409801,13.877483],[100.409942,13.877158],[100.410078,13.876885],[100.410239,13.876621],[100.410447,13.876332],[100.410651,13.876094],[100.410893,13.87586],[100.411305,13.87553],[100.411723,13.87527],[100.41233,13.874974],[100.412765,13.8748],[100.41328,13.874645],[100.413731,13.874538],[100.41423,13.874452],[100.414551,13.874421],[100.414915,13.874401],[100.415238,13.874397],[100.415715,13.874424],[100.417216,13.874534],[100.418358,13.874662],[100.419357,13.874737],[100.420326,13.874811],[100.420623,13.87483],[100.421399,13.874852],[100.431571,13.875624],[100.432353,13.875714],[100.433798,13.875824],[100.435124,13.875924],[100.435986,13.875959],[100.442708,13.87647],[100.443613,13.876572],[100.443988,13.876599],[100.444934,13.876669],[100.445868,13.876739],[100.446167,13.876763],[100.44698,13.876784],[100.44823,13.876872],[100.448819,13.876881],[100.449402,13.876865],[100.449935,13.876829],[100.450472,13.876771],[100.451091,13.876666],[100.451725,13.876528],[100.452335,13.876364],[100.452992,13.876163],[100.453603,13.875927],[100.454192,13.875672],[100.455131,13.875253],[100.455998,13.874866],[100.456854,13.874483],[100.457234,13.874307],[100.457774,13.874028],[100.462365,13.871989],[100.463583,13.871454],[100.464195,13.871236],[100.464502,13.871141],[100.464816,13.871057],[100.465794,13.870806],[100.466711,13.870573],[100.467621,13.870341],[100.468636,13.870088],[100.469297,13.869924],[100.469979,13.869796],[100.470625,13.869708],[100.470997,13.869679],[100.471492,13.869663],[100.471918,13.869658],[100.472318,13.869673],[100.477908,13.870125],[100.478489,13.870199],[100.478834,13.870238],[100.479201,13.870265],[100.480126,13.870348],[100.481056,13.870431],[100.481803,13.870505],[100.482468,13.870535],[100.482766,13.87053],[100.483067,13.870523],[100.48367,13.870487],[100.484012,13.870454],[100.484333,13.870411],[100.484631,13.870364],[100.484958,13.870305],[100.485315,13.870229],[100.485668,13.870134],[100.486005,13.870036],[100.486336,13.869929],[100.486674,13.869803],[100.48702,13.869669],[100.487362,13.869528],[100.487698,13.869363],[100.493269,13.866452],[100.494108,13.866011],[100.494944,13.865572],[100.495611,13.865237],[100.496265,13.864852],[100.496968,13.864496],[100.497902,13.864055],[100.499218,13.863488],[100.500782,13.862893],[100.501498,13.862641],[100.502622,13.862269],[100.503042,13.862156],[100.503777,13.861949],[100.504668,13.861714],[100.505565,13.861477],[100.506326,13.861289],[100.506742,13.861186],[100.507688,13.860996],[100.508496,13.860841],[100.510283,13.860586],[100.511022,13.860518],[100.511386,13.860478],[100.512149,13.860359],[100.513072,13.860233],[100.514001,13.860106],[100.515123,13.859969],[100.51549,13.85991],[100.515843,13.859811],[100.516185,13.85966],[100.516492,13.859474],[100.516783,13.859249],[100.517022,13.859002],[100.517175,13.858806],[100.517356,13.858508],[100.518278,13.856664],[100.518436,13.856345],[100.51856,13.856055],[100.51865,13.855754],[100.518708,13.855419],[100.518717,13.855162],[100.518695,13.854855],[100.518661,13.854634],[100.518608,13.85442],[100.518539,13.854198],[100.518451,13.854014],[100.518326,13.853777],[100.518055,13.853366],[100.515691,13.849931],[100.515296,13.849253],[100.514776,13.848499],[100.514258,13.847749],[100.513681,13.846896],[100.513383,13.846427],[100.513158,13.846017],[100.513054,13.8458],[100.512929,13.845567],[100.512467,13.844889],[100.51226,13.844551],[100.512108,13.844195],[100.512002,13.843794],[100.511969,13.843501],[100.511977,13.843014],[100.512062,13.842593],[100.512187,13.84227],[100.512329,13.841981],[100.512508,13.841712],[100.512717,13.841467],[100.513311,13.840958],[100.514002,13.840427],[100.514286,13.84018],[100.515011,13.839575],[100.515738,13.838967],[100.516044,13.838709],[100.516519,13.838266],[100.521576,13.83401],[100.522191,13.833532],[100.522983,13.832884],[100.523237,13.832672],[100.524625,13.831514],[100.525231,13.831003],[100.525312,13.830935],[100.525925,13.830425],[100.526532,13.829919],[100.52714,13.829411],[100.527975,13.828725],[100.528596,13.828166],[100.531485,13.825725],[100.53174,13.825498],[100.531958,13.825263],[100.532069,13.825132],[100.532248,13.824891],[100.532419,13.824602],[100.532541,13.824358],[100.532654,13.824066],[100.532736,13.823776],[100.532796,13.823461],[100.532837,13.823147],[100.532836,13.822827],[100.532813,13.82249],[100.532626,13.820993],[100.532521,13.820087],[100.532422,13.81923],[100.532232,13.818038],[100.531245,13.809837],[100.531191,13.809384],[100.53107,13.808382],[100.530998,13.807547],[100.53097,13.807226],[100.530947,13.806949],[100.530849,13.80609],[100.53074,13.805132]],[[100.530583,13.80515],[100.530692,13.806111],[100.53079,13.806967],[100.530844,13.807334],[100.530901,13.807673],[100.531029,13.808386],[100.531092,13.80891],[100.531252,13.810242],[100.532191,13.818043],[100.532297,13.819244],[100.532397,13.820102],[100.532502,13.821007],[100.532688,13.822502],[100.532711,13.822832],[100.532724,13.823132],[100.532707,13.823447],[100.532658,13.823748],[100.53258,13.824039],[100.532479,13.824335],[100.532371,13.824572],[100.532206,13.824863],[100.532036,13.825108],[100.531926,13.825237],[100.531711,13.82547],[100.531458,13.825695],[100.528558,13.828115],[100.527894,13.828633],[100.527059,13.829319],[100.526457,13.829821],[100.525844,13.830333],[100.525231,13.830843],[100.525147,13.830914],[100.524544,13.831422],[100.523154,13.832582],[100.522902,13.832792],[100.522132,13.833459],[100.521549,13.83398],[100.516483,13.838219],[100.51597,13.838614],[100.515656,13.838876],[100.51493,13.839483],[100.514205,13.840088],[100.513926,13.840337],[100.513283,13.840928],[100.512687,13.841439],[100.512474,13.841688],[100.512292,13.841961],[100.512149,13.842254],[100.512021,13.842582],[100.511935,13.84301],[100.511928,13.843503],[100.511961,13.843802],[100.512068,13.844208],[100.512223,13.844569],[100.512432,13.84491],[100.512893,13.845587],[100.513017,13.845818],[100.513121,13.846035],[100.513319,13.846449],[100.513573,13.846958],[100.514159,13.847815],[100.514672,13.848566],[100.515192,13.84932],[100.515656,13.849953],[100.51802,13.853388],[100.51829,13.853797],[100.518413,13.854032],[100.5185,13.854213],[100.518568,13.85443],[100.51862,13.854642],[100.518654,13.85486],[100.518676,13.855163],[100.518666,13.855415],[100.518609,13.855745],[100.51852,13.856041],[100.518398,13.856329],[100.51824,13.856647],[100.517319,13.858489],[100.517129,13.858772],[100.516963,13.858958],[100.516732,13.859184],[100.51645,13.859397],[100.516172,13.859551],[100.515831,13.859692],[100.515463,13.859791],[100.515105,13.859849],[100.513985,13.859986],[100.513056,13.860113],[100.512131,13.860239],[100.511368,13.860358],[100.511016,13.860412],[100.510279,13.860533],[100.508489,13.860801],[100.50768,13.860956],[100.506736,13.861123],[100.506312,13.861205],[100.505535,13.861359],[100.504635,13.861597],[100.503742,13.861832],[100.503024,13.862064],[100.502596,13.862212],[100.501484,13.862603],[100.500767,13.862855],[100.499202,13.863451],[100.497885,13.864019],[100.496949,13.86446],[100.496246,13.864817],[100.495559,13.865122],[100.494885,13.865465],[100.494046,13.865906],[100.49321,13.866345],[100.48764,13.869255],[100.48732,13.869427],[100.486989,13.869586],[100.486656,13.869727],[100.48632,13.869861],[100.485994,13.869977],[100.485654,13.870087],[100.485302,13.870182],[100.484949,13.870259],[100.48462,13.870321],[100.484328,13.870361],[100.484008,13.870398],[100.483668,13.870436],[100.48307,13.870456],[100.482766,13.870445],[100.482475,13.870431],[100.481805,13.870376],[100.481067,13.870311],[100.480138,13.870227],[100.479211,13.870144],[100.478839,13.870125],[100.478498,13.870117],[100.477912,13.870085],[100.472321,13.869628],[100.471678,13.869597],[100.470998,13.869604],[100.470625,13.869628],[100.469977,13.869693],[100.469287,13.86981],[100.468604,13.869966],[100.467589,13.870219],[100.466677,13.870451],[100.465761,13.870685],[100.464787,13.870949],[100.464482,13.871048],[100.464164,13.871158],[100.463565,13.871413],[100.462346,13.871948],[100.457755,13.873987],[100.45721,13.874198],[100.4568,13.874369],[100.455943,13.874752],[100.455077,13.875139],[100.454139,13.875558],[100.453552,13.875812],[100.452966,13.876058],[100.452308,13.876281],[100.451707,13.87646],[100.451085,13.876596],[100.450468,13.876712],[100.44993,13.876784],[100.4494,13.87682],[100.448818,13.876836],[100.448232,13.876827],[100.446984,13.87674],[100.446184,13.876644],[100.445878,13.876613],[100.444943,13.876544],[100.443997,13.876474],[100.443613,13.876452],[100.442712,13.876425],[100.43599,13.875915],[100.435134,13.875809],[100.433809,13.875708],[100.432363,13.875599],[100.431574,13.875579],[100.421403,13.874807],[100.420641,13.874712],[100.420336,13.874686],[100.419369,13.874612],[100.418368,13.874536],[100.41722,13.87449],[100.415718,13.874379],[100.415239,13.874352],[100.414913,13.874356],[100.414547,13.874376],[100.414223,13.874407],[100.413721,13.874494],[100.413268,13.874601],[100.41275,13.874758],[100.412311,13.874933],[100.4117,13.87523],[100.41127,13.875477],[100.410852,13.875803],[100.410599,13.876046],[100.410382,13.876285],[100.410172,13.876579],[100.41,13.876843],[100.409854,13.877118],[100.409706,13.877449],[100.409607,13.877745],[100.409514,13.878098],[100.409467,13.878418],[100.409433,13.878736],[100.409225,13.88101],[100.409141,13.881924],[100.409081,13.883033],[100.408388,13.890409],[100.408252,13.891412],[100.408156,13.892429],[100.408067,13.89337],[100.408032,13.893742]],[[100.53074,13.805132],[100.530674,13.8046],[100.530583,13.80403],[100.530496,13.803423],[100.530448,13.803168],[100.530397,13.802958],[100.530349,13.802815],[100.530255,13.802546],[100.530053,13.802092],[100.529991,13.801942],[100.529793,13.801604],[100.529145,13.800459],[100.527646,13.797583]],[[100.527604,13.797623],[100.527789,13.797968],[100.52801,13.79838],[100.528346,13.799028],[100.52851,13.799337],[100.528977,13.800222],[100.529386,13.801],[100.529638,13.801433],[100.529836,13.801767],[100.529944,13.801957],[100.53001,13.802093],[100.530215,13.802558],[100.530308,13.802821],[100.530385,13.80309],[100.530411,13.80329],[100.530503,13.804031],[100.530528,13.804594],[100.530583,13.80515]],[[100.527033,13.796705],[100.52722,13.796924],[100.527604,13.797623]],[[100.527646,13.797583],[100.527261,13.796884],[100.527074,13.796666]],[[100.484111,13.700284],[100.485111,13.70331],[100.488035,13.711944],[100.491849,13.723095],[100.492303,13.724355],[100.492707,13.725581],[100.493322,13.727316],[100.494348,13.730316],[100.495101,13.732513],[100.495554,13.733871],[100.49609,13.735411],[100.496402,13.735881],[100.496672,13.736285],[100.497291,13.736969],[100.499627,13.739868],[100.499773,13.740188],[100.500014,13.740919],[100.50014,13.74125],[100.500268,13.74156],[100.502615,13.745102],[100.503114,13.747009],[100.503522,13.748581],[100.504818,13.753665],[100.505176,13.755128],[100.505218,13.755379],[100.505198,13.755516],[100.505141,13.755811],[100.504964,13.756144],[100.504426,13.757086],[100.504208,13.757478],[100.503912,13.75802],[100.503778,13.758269],[100.503632,13.758528],[100.503345,13.758792],[100.502251,13.759504],[100.49897,13.761636],[100.498629,13.761898],[100.498464,13.762105],[100.498408,13.7623],[100.49848,13.762554],[100.498644,13.762869],[100.500575,13.766155],[100.50094,13.766776],[100.504702,13.770795],[100.504991,13.771236],[100.50541,13.772149],[100.508881,13.779495],[100.508887,13.779507],[100.510077,13.782],[100.510558,13.782974],[100.51166,13.785249],[100.512939,13.78706],[100.516287,13.7918],[100.519481,13.795299],[100.521071,13.797042],[100.521244,13.797199],[100.521469,13.797235],[100.521676,13.797195],[100.524341,13.796324],[100.525005,13.796134],[100.525476,13.796085],[100.525741,13.796087],[100.526005,13.796135],[100.526303,13.796229],[100.526579,13.796351],[100.527033,13.796705]],[[100.527074,13.796666],[100.526619,13.79631],[100.526374,13.79617],[100.526262,13.796112],[100.525956,13.796044],[100.525817,13.796016],[100.525547,13.796003],[100.525115,13.796046],[100.52496,13.796069],[100.524031,13.796381],[100.522182,13.796972],[100.521797,13.797105],[100.521504,13.797168],[100.52143,13.797165],[100.521347,13.797145],[100.521118,13.796922],[100.520195,13.795854],[100.51802,13.793451],[100.516587,13.791942],[100.515458,13.790483],[100.514679,13.789371],[100.51336,13.787479],[100.512469,13.78623],[100.511921,13.785443],[100.511774,13.785246],[100.511684,13.785077],[100.510653,13.782911],[100.508945,13.779378],[100.50757,13.776402],[100.506246,13.773622],[100.505559,13.772234],[100.505116,13.771199],[100.505024,13.771002],[100.504783,13.770698],[100.503589,13.76939],[100.502803,13.76857],[100.501311,13.767001],[100.501017,13.766697],[100.500575,13.765932],[100.499598,13.76427],[100.498955,13.763223],[100.498527,13.76241],[100.498516,13.762336],[100.498553,13.762146],[100.498615,13.762056],[100.499032,13.761735],[100.499695,13.761297],[100.501863,13.75988],[100.502408,13.759526],[100.503248,13.758978],[100.503406,13.75887],[100.503515,13.758778],[100.503654,13.75865],[100.503809,13.758475],[100.503903,13.758321],[100.504273,13.757659],[100.504827,13.756695],[100.50503,13.756325],[100.505199,13.756062],[100.505257,13.75597],[100.505303,13.755862],[100.505342,13.755529],[100.505343,13.755317],[100.505265,13.754972],[100.50478,13.753017],[100.50432,13.751128],[100.503346,13.747358],[100.502929,13.745699],[100.502808,13.745238],[100.502685,13.744949],[100.50218,13.744244],[100.500506,13.741673],[100.500337,13.741403],[100.500246,13.741188],[100.500099,13.740732],[100.499894,13.740168],[100.499823,13.74002],[100.499599,13.739632],[100.498012,13.737645],[100.496974,13.736337],[100.496635,13.735834],[100.496502,13.735591],[100.495828,13.73375],[100.494559,13.730232],[100.492785,13.725098],[100.492054,13.722967],[100.490422,13.718283],[100.488963,13.714015],[100.48633,13.706361],[100.485224,13.703191],[100.484153,13.700275]],[[100.484153,13.700275],[100.482949,13.696804]],[[100.482912,13.696818],[100.483277,13.697947],[100.484111,13.700284]],[[100.482949,13.696804],[100.482643,13.69585],[100.481427,13.692388],[100.481332,13.692099],[100.481297,13.691966],[100.481262,13.691782],[100.48124,13.691595],[100.481222,13.691305],[100.481222,13.691144],[100.481258,13.690948],[100.48132,13.69068],[100.481496,13.690221],[100.48165,13.689966],[100.48183,13.689721],[100.482263,13.689283],[100.484983,13.68734],[100.487004,13.685871],[100.488376,13.684861],[100.492689,13.681907],[100.494644,13.680538],[100.497228,13.678857],[100.499692,13.677319],[100.502583,13.675483],[100.505155,13.673868],[100.50742,13.672465],[100.509508,13.671153],[100.511982,13.669589],[100.514031,13.668303],[100.514424,13.668038],[100.514811,13.667779],[100.515234,13.667389],[100.515563,13.667012],[100.515807,13.66666],[100.516179,13.66596],[100.517086,13.663665],[100.518222,13.660683],[100.519572,13.657231],[100.520505,13.654894],[100.52097,13.653758],[100.52149,13.652461],[100.522758,13.649303],[100.523374,13.647783],[100.523972,13.646277],[100.52462,13.644667],[100.525858,13.641558],[100.526687,13.639463],[100.527612,13.637228],[100.528027,13.63619],[100.528055,13.63608],[100.528056,13.635643],[100.528011,13.633743],[100.528016,13.633478],[100.528003,13.633341],[100.527935,13.633091],[100.527845,13.632933],[100.52724,13.632225]],[[100.527205,13.632319],[100.527793,13.632944],[100.527891,13.633231],[100.527895,13.633551],[100.52798,13.636104],[100.52797,13.636195],[100.527938,13.636312],[100.526614,13.639466],[100.525807,13.641544],[100.524573,13.644647],[100.518857,13.658869],[100.518153,13.66068],[100.516104,13.665965],[100.515764,13.666638],[100.515338,13.667198],[100.514861,13.667672],[100.514301,13.668058],[100.514,13.668254],[100.511956,13.669546],[100.506598,13.672916],[100.50529,13.673713],[100.503789,13.674664],[100.498297,13.678129],[100.496701,13.679139],[100.49456,13.680548],[100.492574,13.681926],[100.490729,13.683212],[100.489742,13.683902],[100.489403,13.684135],[100.48908,13.68434],[100.48832,13.68485],[100.482227,13.689255],[100.481794,13.689698],[100.481616,13.689939],[100.481467,13.690192],[100.48129,13.690655],[100.481224,13.690917],[100.481188,13.691159],[100.481188,13.691602],[100.481252,13.691992],[100.481365,13.692346],[100.482445,13.695466],[100.482912,13.696818]]]}},{"type":"Feature","geometry":{"type":"LineString","coordinates":[[100.600657,14.003611],[100.60092,14.00193],[100.600993,14.001442],[100.601154,14.000113]]},"properties":{"@id":"way/686387140","bridge":"viaduct","colour":"#E10506","electrified":"contact_line","frequency":"50","gauge":"1000","layer":"2","maxspeed":"160","name":"รถไฟฟ้าชานเมืองสายสีแดงเข้ม","name:en":"Dark Red Line","oneway":"yes","opening_date":"2021","operator":"การรถไฟแห่งประเทศไทย","railway":"rail","railway:etcs":"1","tracks":"1","train":"yes","usage":"main","voltage":"25000"},"id":"way/686387140"},{"type":"Feature","geometry":{"type":"LineString","coordinates":[[100.477768,13.731844],[100.478704,13.733258]]},"properties":{"@id":"way/699315164","alt_name":"รถไฟฟ้า MRT สายสีน้ำเงิน","covered":"yes","electrified":"rail","frequency":"0","gauge":"1435","maxspeed":"80","name":"รถไฟฟ้ามหานคร สายสีน้ำเงิน","name:en":"MRT Blue Line","name:th":"รถไฟฟ้ามหานคร สายสีน้ำเงิน","network":"MRT","note":"Approximate","official_name":"รถไฟฟ้ามหานคร สายเฉลิมรัชมงคล","official_name:en":"MRT Chaloem Ratchamongkhon Line","operator":"ทางด่วนและรถไฟฟ้ากรุงเทพ","railway":"subway","ref":"BL","usage":"main","voltage":"750"},"id":"way/699315164"},{"type":"Feature","geometry":{"type":"LineString","coordinates":[[100.634093,13.739091],[100.634662,13.739004],[100.636368,13.7388],[100.637243,13.738719],[100.638083,13.738633],[100.639751,13.73843],[100.640228,13.738387],[100.641594,13.738238],[100.64163,13.738233],[100.641825,13.738211],[100.642692,13.738115],[100.643003,13.738076],[100.643494,13.738014],[100.643998,13.737945],[100.644669,13.737858],[100.644776,13.737843]]},"properties":{"@id":"way/701773795","electrified":"no","gauge":"1000","name":"ทางรถไฟสายตะวันออก","name:th":"ทางรถไฟสายตะวันออก","operator":"การรถไฟแห่งประเทศไทย","passenger_lines":"2","railway":"rail","railway:etcs":"1","ref":"ตะวันออก","usage":"main","wikipedia":"en:State Railway of Thailand#Eastern Line"},"id":"way/701773795"},{"type":"Feature","geometry":{"type":"LineString","coordinates":[[100.569333,13.748874],[100.569669,13.748798]]},"properties":{"@id":"way/701773796","bridge":"yes","electrified":"no","gauge":"1000","layer":"1","name":"ทางรถไฟสายตะวันออก","name:th":"ทางรถไฟสายตะวันออก","operator":"การรถไฟแห่งประเทศไทย","passenger_lines":"2","railway":"rail","ref":"ตะวันออก","usage":"main","wikipedia":"en:State Railway of Thailand#Eastern Line"},"id":"way/701773796"},{"type":"Feature","geometry":{"type":"LineString","coordinates":[[100.606854,13.748945],[100.608093,13.750067],[100.608958,13.750938],[100.610673,13.752715],[100.611956,13.75393],[100.614302,13.75629],[100.615898,13.757846],[100.617018,13.758667],[100.617832,13.759096],[100.618343,13.75933],[100.61876,13.759485],[100.619398,13.759736],[100.619896,13.759875],[100.621015,13.760008],[100.623977,13.760337],[100.632598,13.761308],[100.635257,13.761631],[100.63815,13.76195],[100.641106,13.762304],[100.644063,13.762632],[100.647633,13.763001],[100.648298,13.763084],[100.648939,13.763205],[100.649577,13.763391],[100.64999,13.763529],[100.650835,13.763901],[100.653241,13.765102],[100.65489,13.765981],[100.656,13.766624],[100.657148,13.767337],[100.658826,13.76841],[100.660724,13.769512],[100.661475,13.769996],[100.662223,13.770456],[100.664895,13.772171],[100.665818,13.772717],[100.666199,13.772985],[100.667153,13.773499],[100.669365,13.774726],[100.671343,13.775823]]},"properties":{"@id":"way/712058670","colour":"#FF6610","construction":"subway","construction:electrified":"rail","construction:frequency":"0","construction:railway":"subway","construction:voltage":"750","gauge":"1435","layer":"-1","maxspeed":"80","name":"รถไฟฟ้ามหานคร สายสีส้ม","name:en":"MRT Orange Line","name:th":"รถไฟฟ้ามหานคร สายสีส้ม","name:zh":"曼谷地铁橙线","operator":"ทางด่วนและรถไฟฟ้ากรุงเทพ","railway":"construction","ref":"OR","tunnel":"yes"},"id":"way/712058670"},{"type":"Feature","geometry":{"type":"LineString","coordinates":[[100.644552,13.665245],[100.644351,13.664326],[100.644284,13.664072],[100.644207,13.6638],[100.644138,13.663562],[100.64405,13.663271],[100.643761,13.662349],[100.643713,13.662204],[100.643661,13.662042],[100.643615,13.661884],[100.643563,13.6617],[100.64352,13.661543],[100.643477,13.661373],[100.643441,13.661217],[100.642136,13.654958],[100.641872,13.653677],[100.641832,13.653504],[100.641787,13.653325],[100.641737,13.653151],[100.641678,13.652965],[100.641619,13.652795],[100.641547,13.652606],[100.64147,13.652425],[100.641393,13.652256],[100.64131,13.652087],[100.641221,13.651915],[100.64111,13.651717],[100.640993,13.651518],[100.636241,13.643471],[100.630104,13.633125],[100.629526,13.632142],[100.6275,13.628737],[100.627441,13.628644],[100.62739,13.628575],[100.627322,13.628491],[100.627261,13.628429],[100.627196,13.628373],[100.627099,13.6283],[100.626996,13.628239],[100.626894,13.628188],[100.626773,13.628143],[100.626659,13.628111],[100.626548,13.628097],[100.626434,13.628086],[100.626317,13.628087],[100.62619,13.628097],[100.626074,13.628119],[100.625969,13.62815],[100.625868,13.628186],[100.625746,13.628242],[100.622682,13.629879],[100.609916,13.636736],[100.60862,13.63743],[100.608488,13.637504],[100.608341,13.637593],[100.608193,13.637692],[100.608066,13.637788],[100.607939,13.63789],[100.607808,13.638003],[100.604236,13.641073],[100.604089,13.641195],[100.603941,13.641318],[100.603815,13.64142],[100.603672,13.641527],[100.603519,13.641639],[100.603368,13.641746],[100.600882,13.643421],[100.600745,13.643512],[100.600613,13.643597],[100.600469,13.643678],[100.60034,13.643746],[100.600191,13.643816],[100.600035,13.64388],[100.599863,13.643944],[100.598551,13.644396],[100.598026,13.644573],[100.596616,13.645044]]},"properties":{"@id":"way/712065119","bridge":"viaduct","electrified":"rail","frequency":"0","layer":"3","maxspeed":"80","name":"รถไฟฟ้ามหานคร สายสีเหลือง","name:en":"MRT Yellow Line","name:zh":"曼谷单轨黄线","name:zh-Hant":"曼谷單軌黃線","official_name":"รถไฟฟ้ามหานคร สายนัคราพิพัฒน์","official_name:en":"MRT Nakkhara Phiphat Line","operator":"อีสเทิร์นบางกอกโมโนเรล","operator:en":"Eastern Bangkok Monorail","operator:th":"อีสเทิร์นบางกอกโมโนเรล","railway":"monorail","railway:cbtc":"uto","usage":"main","voltage":"750","wikidata":"Q14784897","wikimedia_commons":"File:Bombardier Innovia Monorail 300 YellowLine.jpg","wikipedia":"en:Yellow Line (Bangkok)"},"id":"way/712065119"},{"type":"Feature","geometry":{"type":"LineString","coordinates":[[100.671343,13.775823],[100.673011,13.776706]]},"properties":{"@id":"way/713036092","colour":"#FF6610","construction":"subway","construction:electrified":"rail","construction:frequency":"0","construction:railway":"subway","construction:voltage":"750","cutting":"yes","gauge":"1435","maxspeed":"80","name":"รถไฟฟ้ามหานคร สายสีส้ม","name:en":"MRT Orange Line","name:th":"รถไฟฟ้ามหานคร สายสีส้ม","name:zh":"曼谷地铁橙线","operator":"ทางด่วนและรถไฟฟ้ากรุงเทพ","railway":"construction","ref":"OR"},"id":"way/713036092"},{"type":"Feature","geometry":{"type":"LineString","coordinates":[[100.673011,13.776706],[100.674221,13.77738],[100.675211,13.777944],[100.676514,13.778672],[100.677465,13.779185],[100.679988,13.780571],[100.681114,13.781201],[100.681959,13.781668],[100.68292,13.78222],[100.687202,13.784562],[100.690741,13.786506],[100.692488,13.787475],[100.69328,13.787919],[100.693452,13.788015],[100.693622,13.788111],[100.694672,13.788687],[100.695558,13.789181],[100.695898,13.789362],[100.696214,13.789524],[100.696574,13.78972],[100.69717,13.790052],[100.699524,13.791322],[100.700826,13.792038],[100.705286,13.794471],[100.706144,13.794917],[100.70851,13.796109],[100.710416,13.797063],[100.711737,13.797703],[100.713549,13.798635],[100.715373,13.799548],[100.71638,13.800047],[100.717414,13.800569],[100.717916,13.800813],[100.71911,13.801407],[100.721776,13.802722],[100.724117,13.803888],[100.724394,13.804024],[100.724529,13.80409],[100.724621,13.804138],[100.724759,13.804216],[100.724843,13.804277],[100.724923,13.804332],[100.725007,13.804399],[100.725116,13.804489],[100.725239,13.804598],[100.725328,13.80469],[100.7255,13.804894],[100.725704,13.805137],[100.726022,13.805517],[100.726639,13.806251],[100.726763,13.806384],[100.726819,13.806449],[100.7269,13.806536],[100.726969,13.806612],[100.727053,13.806692],[100.727137,13.806763],[100.727242,13.806842],[100.727338,13.806913],[100.727448,13.806983],[100.727565,13.80705],[100.727621,13.807081]]},"properties":{"@id":"way/713036093","bridge":"yes","colour":"#FF6610","construction":"subway","construction:electrified":"rail","construction:frequency":"0","construction:railway":"subway","construction:voltage":"750","gauge":"1435","layer":"2","maxspeed":"80","name":"รถไฟฟ้ามหานคร สายสีส้ม","name:en":"MRT Orange Line","name:th":"รถไฟฟ้ามหานคร สายสีส้ม","name:zh":"曼谷地铁橙线","operator":"ทางด่วนและรถไฟฟ้ากรุงเทพ","railway":"construction","ref":"OR"},"id":"way/713036093"},{"type":"Feature","geometry":{"type":"LineString","coordinates":[[101.033797,13.383201],[101.033731,13.383105]]},"properties":{"@id":"way/718972451","bridge":"yes","electrified":"no","gauge":"1000","layer":"1","name":"ทางรถไฟสายตะวันออก","name:th":"ทางรถไฟสายตะวันออก","passenger_lines":"2","railway":"rail","railway:etcs":"1","ref":"ตะวันออก","usage":"main"},"id":"way/718972451"},{"type":"Feature","geometry":{"type":"LineString","coordinates":[[101.033772,13.383216],[101.033707,13.383121]]},"properties":{"@id":"way/718972452","bridge":"yes","electrified":"no","gauge":"1000","layer":"1","name":"ทางรถไฟสายตะวันออก","name:th":"ทางรถไฟสายตะวันออก","passenger_lines":"2","railway":"rail","railway:etcs":"1","ref":"ตะวันออก","usage":"main"},"id":"way/718972452"},{"type":"Feature","geometry":{"type":"LineString","coordinates":[[101.033707,13.383121],[101.032807,13.381803],[101.031131,13.379383],[101.028757,13.3759],[101.026744,13.372959],[101.026325,13.372401],[101.02598,13.37198],[101.025689,13.371641],[101.024566,13.370387],[101.023998,13.3698],[101.011945,13.356836],[101.010817,13.355641],[101.009121,13.353829]]},"properties":{"@id":"way/718972453","electrified":"no","gauge":"1000","name":"ทางรถไฟสายตะวันออก","name:th":"ทางรถไฟสายตะวันออก","passenger_lines":"2","railway":"rail","railway:etcs":"1","ref":"ตะวันออก","usage":"main"},"id":"way/718972453"},{"type":"Feature","geometry":{"type":"LineString","coordinates":[[101.051848,13.409504],[101.050478,13.407508],[101.049791,13.406548],[101.048011,13.403995],[101.045347,13.40003],[101.0431,13.396768],[101.040678,13.393207],[101.039087,13.390877],[101.037689,13.388901],[101.035481,13.385668],[101.033797,13.383201]]},"properties":{"@id":"way/718972454","electrified":"no","gauge":"1000","name":"ทางรถไฟสายตะวันออก","name:th":"ทางรถไฟสายตะวันออก","passenger_lines":"2","railway":"rail","railway:etcs":"1","ref":"ตะวันออก","usage":"main"},"id":"way/718972454"},{"type":"Feature","geometry":{"type":"LineString","coordinates":[[100.539285,13.799921],[100.539421,13.800136],[100.539763,13.800705],[100.540022,13.801303],[100.540094,13.801517],[100.540138,13.801633],[100.540218,13.801842]]},"properties":{"@id":"way/723512196","bridge":"viaduct","electrified":"contact_line","frequency":"50","gauge":"1000","layer":"1","level":"2","operator":"การรถไฟแห่งประเทศไทย","railway":"rail","railway:etcs":"1","tracks":"1","train":"yes","usage":"main","voltage":"25000"},"id":"way/723512196"},{"type":"Feature","geometry":{"type":"LineString","coordinates":[[100.517888,13.747787],[100.517871,13.74799],[100.517864,13.74826],[100.517884,13.74845],[100.517914,13.748726],[100.517981,13.749256],[100.518026,13.74951],[100.518076,13.749746]]},"properties":{"@id":"way/732129380","electrified":"no","gauge":"1000","maxspeed":"30","operator":"การรถไฟแห่งประเทศไทย","railway":"rail","railway:etcs":"1","usage":"main"},"id":"way/732129380"},{"type":"Feature","geometry":{"type":"LineString","coordinates":[[100.518076,13.749746],[100.51813,13.749963],[100.518213,13.750275],[100.518311,13.750605],[100.518407,13.750885],[100.518505,13.751154],[100.518632,13.751469],[100.51905,13.752493]]},"properties":{"@id":"way/732129384","electrified":"no","gauge":"1000","maxspeed":"30","operator":"การรถไฟแห่งประเทศไทย","railway":"rail","railway:etcs":"1","usage":"main"},"id":"way/732129384"},{"type":"Feature","geometry":{"type":"LineString","coordinates":[[100.519008,13.752509],[100.519129,13.752806]]},"properties":{"@id":"way/732129385","bridge":"yes","electrified":"no","gauge":"1000","layer":"1","maxspeed":"30","operator":"การรถไฟแห่งประเทศไทย","railway":"rail","railway:etcs":"1","usage":"main"},"id":"way/732129385"},{"type":"Feature","geometry":{"type":"LineString","coordinates":[[100.51905,13.752493],[100.51917,13.752794]]},"properties":{"@id":"way/732129386","bridge":"yes","electrified":"no","gauge":"1000","layer":"1","maxspeed":"30","operator":"การรถไฟแห่งประเทศไทย","railway":"rail","railway:etcs":"1"},"id":"way/732129386"},{"type":"Feature","geometry":{"type":"LineString","coordinates":[[100.520379,13.755873],[100.520305,13.755687],[100.519578,13.753913],[100.519129,13.752806]]},"properties":{"@id":"way/732129387","electrified":"no","gauge":"1000","maxspeed":"30","operator":"การรถไฟแห่งประเทศไทย","railway":"rail","railway:etcs":"1","usage":"main"},"id":"way/732129387"},{"type":"Feature","geometry":{"type":"LineString","coordinates":[[100.521028,13.757271],[100.520983,13.757195],[100.520911,13.75705],[100.520877,13.756978],[100.520852,13.756916],[100.520765,13.756719],[100.520592,13.756304],[100.519607,13.753903],[100.519577,13.753829],[100.51917,13.752794]]},"properties":{"@id":"way/732129388","electrified":"no","gauge":"1000","maxspeed":"30","operator":"การรถไฟแห่งประเทศไทย","railway":"rail","railway:etcs":"1","usage":"main"},"id":"way/732129388"},{"type":"Feature","geometry":{"type":"LineString","coordinates":[[100.554098,13.89541],[100.560143,13.893283],[100.566889,13.890912],[100.567343,13.890753],[100.57399,13.888441],[100.574134,13.888389],[100.574277,13.888331],[100.574403,13.888277],[100.574524,13.888221],[100.574645,13.88816],[100.574757,13.888101],[100.574875,13.888035],[100.575709,13.887563],[100.576114,13.887338],[100.577162,13.886755],[100.57728,13.886691],[100.577393,13.886638],[100.577496,13.886595],[100.5776,13.886559],[100.577725,13.886519],[100.577982,13.886436],[100.578087,13.886401],[100.578185,13.886365],[100.578287,13.886321],[100.578386,13.886274],[100.578475,13.886226],[100.580221,13.885258],[100.580473,13.885139],[100.580723,13.885053],[100.580847,13.88501],[100.580974,13.884962],[100.581089,13.884916],[100.581197,13.884868],[100.581299,13.884818],[100.581402,13.884764],[100.582681,13.88405],[100.583211,13.883754],[100.583325,13.883689],[100.583445,13.883617],[100.583553,13.883545],[100.583663,13.883465],[100.584445,13.88286],[100.58454,13.882786],[100.584641,13.882706],[100.584746,13.882621],[100.584854,13.882528],[100.585056,13.882346],[100.585161,13.88226],[100.585274,13.882177],[100.585375,13.882112],[100.58548,13.882054],[100.588866,13.880161],[100.58891,13.880136],[100.589283,13.879928],[100.589854,13.879609],[100.589973,13.87954],[100.59009,13.879471],[100.59021,13.879399],[100.590325,13.87933],[100.59123,13.878795],[100.591433,13.878679],[100.591647,13.878556],[100.59184,13.878447],[100.592684,13.877977]]},"properties":{"@id":"way/735263928","bridge":"viaduct","check_date":"2023-11-20","colour":"#EDA0C2","electrified":"rail","frequency":"0","layer":"2","maxspeed":"80","name":"รถไฟฟ้ามหานคร สายสีชมพู","name:en":"MRT Pink Line","name:th":"รถไฟฟ้ามหานคร สายสีชมพู","opening_date":"2023-11-21","operator":"นอร์ทเทิร์นบางกอกโมโนเรล","railway":"monorail","railway:cbtc":"uto","tracks":"2","voltage":"750","wikidata":"Q6584557","wikipedia":"en:Pink Line (Bangkok)"},"id":"way/735263928"},{"type":"Feature","geometry":{"type":"LineString","coordinates":[[100.537356,13.745022],[100.536649,13.745193]]},"properties":{"@id":"way/741671289","bridge":"yes","electrified":"rail","frequency":"0","gauge":"1435","layer":"3","maxspeed":"80","name":"จุดสับหลีกเปลี่ยนเส้นทาง สายสีลม ไป สายสุขุมวิท","name:en":"Switch track from Silom line to Sukhumvit line","name:th":"จุดสับหลีกเปลี่ยนเส้นทาง สายสีลม ไป สายสุขุมวิท","railway":"subway","service":"crossover","voltage":"750"},"id":"way/741671289"},{"type":"Feature","geometry":{"type":"LineString","coordinates":[[100.544044,13.901422],[100.543817,13.902115],[100.543762,13.902316],[100.543733,13.902456],[100.543711,13.902596],[100.543694,13.902728],[100.543683,13.902861],[100.543677,13.903029],[100.543673,13.903207],[100.543676,13.903357],[100.543712,13.903968],[100.543762,13.907077],[100.543776,13.907305],[100.5438,13.907521],[100.543994,13.90892],[100.544248,13.910445],[100.545044,13.914993],[100.545488,13.917346],[100.545652,13.918379]]},"properties":{"@id":"way/766246138","bridge":"viaduct","check_date":"2021-02-09","electrified":"rail","frequency":"0","layer":"3","name":"รถไฟฟ้าสายสีชมพู","name:en":"Pink Line","opening_date":"2025-05-20","operator":"นอร์ทเทิร์นบางกอกโมโนเรล","railway":"monorail","railway:cbtc":"uto","tracks":"2","voltage":"750","wikidata":"Q6584557","wikipedia":"en:Pink Line (Bangkok)"},"id":"way/766246138"},{"type":"Feature","geometry":{"type":"LineString","coordinates":[[100.601154,14.000113],[100.601386,13.998176],[100.601533,13.996689],[100.601556,13.99646],[100.601616,13.9958]]},"properties":{"@id":"way/783184386","bridge":"viaduct","colour":"#E10506","electrified":"contact_line","frequency":"50","gauge":"1000","layer":"2","maxspeed":"160","name":"รถไฟฟ้าชานเมืองสายสีแดงเข้ม","name:en":"Dark Red Line","oneway":"yes","opening_date":"2021","operator":"การรถไฟแห่งประเทศไทย","railway":"rail","railway:etcs":"1","tracks":"1","train":"yes","usage":"main","voltage":"25000"},"id":"way/783184386"},{"type":"Feature","geometry":{"type":"LineString","coordinates":[[100.601538,13.995483],[100.601461,13.996255],[100.601446,13.996445],[100.601273,13.998164],[100.601037,14.000098]]},"properties":{"@id":"way/783184387","bridge":"viaduct","colour":"#E10506","electrified":"contact_line","frequency":"50","gauge":"1000","layer":"2","maxspeed":"160","name":"รถไฟฟ้าชานเมืองสายสีแดงเข้ม","name:en":"Dark Red Line","oneway":"yes","opening_date":"2021","operator":"การรถไฟแห่งประเทศไทย","railway":"rail","railway:etcs":"1","tracks":"1","train":"yes","usage":"main","voltage":"25000"},"id":"way/783184387"},{"type":"Feature","geometry":{"type":"LineString","coordinates":[[100.599941,14.009403],[100.600124,14.007923],[100.600182,14.007456],[100.600657,14.003611]]},"properties":{"@id":"way/783184389","colour":"#E10506","electrified":"contact_line","frequency":"50","gauge":"1000","maxspeed":"160","name":"รถไฟฟ้าชานเมืองสายสีแดงเข้ม","name:en":"Dark Red Line","oneway":"yes","operator":"การรถไฟแห่งประเทศไทย","railway":"rail","railway:etcs":"1","tracks":"1","train":"yes","usage":"main","voltage":"25000"},"id":"way/783184389"},{"type":"Feature","geometry":{"type":"LineString","coordinates":[[100.602009,13.991915],[100.602179,13.990546],[100.602349,13.989169]]},"properties":{"@id":"way/783184391","bridge":"yes","colour":"#E10506","covered":"roof","electrified":"contact_line","frequency":"50","gauge":"1000","layer":"1","level":"2","maxspeed":"160","name":"รถไฟฟ้าชานเมืองสายสีแดงเข้ม","name:en":"Dark Red Line","oneway":"yes","opening_date":"2021","operator":"การรถไฟแห่งประเทศไทย","railway":"rail","railway:etcs":"1","railway:track_ref":"3","tracks":"1","train":"yes","usage":"main","voltage":"25000"},"id":"way/783184391"},{"type":"Feature","geometry":{"type":"LineString","coordinates":[[100.601037,14.000098],[100.600809,14.001925],[100.600608,14.003605]]},"properties":{"@id":"way/783184392","bridge":"viaduct","colour":"#E10506","electrified":"contact_line","frequency":"50","gauge":"1000","layer":"2","maxspeed":"160","name":"รถไฟฟ้าชานเมืองสายสีแดงเข้ม","name:en":"Dark Red Line","oneway":"yes","opening_date":"2021","operator":"การรถไฟแห่งประเทศไทย","railway":"rail","railway:etcs":"1","tracks":"1","train":"yes","usage":"main","voltage":"25000"},"id":"way/783184392"},{"type":"Feature","geometry":{"type":"LineString","coordinates":[[100.602652,13.987144],[100.60269,13.986757]]},"properties":{"@id":"way/783184393","bridge":"viaduct","colour":"#E10506","electrified":"contact_line","frequency":"50","gauge":"1000","layer":"2","maxspeed":"160","name":"รถไฟฟ้าชานเมืองสายสีแดงเข้ม","name:en":"Dark Red Line","opening_date":"2021","operator":"การรถไฟแห่งประเทศไทย","railway":"rail","railway:etcs":"1","tracks":"1","train":"yes","usage":"main","voltage":"25000"},"id":"way/783184393"},{"type":"Feature","geometry":{"type":"LineString","coordinates":[[100.602649,13.986749],[100.602584,13.987146]]},"properties":{"@id":"way/783184394","bridge":"viaduct","colour":"#E10506","electrified":"contact_line","frequency":"50","gauge":"1000","layer":"2","maxspeed":"160","name":"รถไฟฟ้าชานเมืองสายสีแดงเข้ม","name:en":"Dark Red Line","opening_date":"2021","operator":"การรถไฟแห่งประเทศไทย","railway":"rail","railway:etcs":"1","tracks":"1","train":"yes","usage":"main","voltage":"25000"},"id":"way/783184394"},{"type":"Feature","geometry":{"type":"LineString","coordinates":[[100.602161,13.991937],[100.602332,13.990562],[100.602502,13.989185]]},"properties":{"@id":"way/783184395","bridge":"yes","colour":"#E10506","covered":"roof","electrified":"contact_line","frequency":"50","gauge":"1000","layer":"1","level":"2","maxspeed":"160","name":"รถไฟฟ้าชานเมืองสายสีแดงเข้ม","name:en":"Dark Red Line","oneway":"yes","opening_date":"2021","operator":"การรถไฟแห่งประเทศไทย","railway":"rail","railway:etcs":"1","railway:track_ref":"4","tracks":"1","train":"yes","usage":"main","voltage":"25000"},"id":"way/783184395"},{"type":"Feature","geometry":{"type":"LineString","coordinates":[[100.602133,13.989147],[100.601973,13.990523],[100.601801,13.991894]]},"properties":{"@id":"way/783184396","bridge":"yes","colour":"#E10506","covered":"roof","electrified":"contact_line","frequency":"50","gauge":"1000","layer":"1","maxspeed":"160","name":"รถไฟฟ้าชานเมืองสายสีแดงเข้ม","name:en":"Dark Red Line","oneway":"yes","opening_date":"2021","railway":"rail","railway:etcs":"1","railway:track_ref":"1","tracks":"1","train":"yes","usage":"main","voltage":"25000"},"id":"way/783184396"},{"type":"Feature","geometry":{"type":"LineString","coordinates":[[100.602313,13.989166],[100.60214,13.990543],[100.601968,13.991911]]},"properties":{"@id":"way/783184397","bridge":"yes","colour":"#E10506","covered":"roof","electrified":"contact_line","frequency":"50","gauge":"1000","layer":"1","level":"2","maxspeed":"160","name":"รถไฟฟ้าชานเมืองสายสีแดงเข้ม","name:en":"Dark Red Line","oneway":"yes","opening_date":"2021","operator":"การรถไฟแห่งประเทศไทย","railway":"rail","railway:etcs":"1","railway:track_ref":"2","tracks":"1","train":"yes","usage":"main","voltage":"25000"},"id":"way/783184397"},{"type":"Feature","geometry":{"type":"LineString","coordinates":[[100.60269,13.986757],[100.602707,13.986661],[100.602851,13.985818],[100.602898,13.985518],[100.602946,13.985183],[100.603035,13.984511],[100.603408,13.981439]]},"properties":{"@id":"way/783184398","bridge":"viaduct","colour":"#E10506","electrified":"contact_line","frequency":"50","gauge":"1000","layer":"2","maxspeed":"160","name":"รถไฟฟ้าชานเมืองสายสีแดงเข้ม","name:en":"Dark Red Line","oneway":"yes","opening_date":"2021","operator":"การรถไฟแห่งประเทศไทย","railway":"rail","railway:etcs":"1","train":"yes","usage":"main","voltage":"25000"},"id":"way/783184398"},{"type":"Feature","geometry":{"type":"LineString","coordinates":[[100.603408,13.981439],[100.603476,13.98088]]},"properties":{"@id":"way/783184399","colour":"#E10506","electrified":"contact_line","embankment":"yes","frequency":"50","gauge":"1000","maxspeed":"160","name":"รถไฟฟ้าชานเมืองสายสีแดงเข้ม","name:en":"Dark Red Line","oneway":"yes","opening_date":"2021","operator":"การรถไฟแห่งประเทศไทย","railway":"rail","railway:etcs":"1","train":"yes","usage":"main","voltage":"25000"},"id":"way/783184399"},{"type":"Feature","geometry":{"type":"LineString","coordinates":[[100.603476,13.98088],[100.60353,13.980436]]},"properties":{"@id":"way/783184400","bridge":"yes","colour":"#E10506","electrified":"contact_line","frequency":"50","gauge":"1000","layer":"1","maxspeed":"160","name":"รถไฟฟ้าชานเมืองสายสีแดงเข้ม","name:en":"Dark Red Line","oneway":"yes","opening_date":"2021","operator":"การรถไฟแห่งประเทศไทย","railway":"rail","railway:etcs":"1","train":"yes","usage":"main","voltage":"25000"},"id":"way/783184400"},{"type":"Feature","geometry":{"type":"LineString","coordinates":[[100.60353,13.980436],[100.604035,13.976063],[100.60457,13.971813]]},"properties":{"@id":"way/783184401","colour":"#E10506","electrified":"contact_line","frequency":"50","gauge":"1000","maxspeed":"160","name":"รถไฟฟ้าชานเมืองสายสีแดงเข้ม","name:en":"Dark Red Line","oneway":"yes","opening_date":"2021","operator":"การรถไฟแห่งประเทศไทย","railway":"rail","railway:etcs":"1","tracks":"1","train":"yes","usage":"main","voltage":"25000"},"id":"way/783184401"},{"type":"Feature","geometry":{"type":"LineString","coordinates":[[100.60457,13.971813],[100.604585,13.971691]]},"properties":{"@id":"way/783184402","bridge":"yes","colour":"#E10506","electrified":"contact_line","frequency":"50","gauge":"1000","layer":"1","maxspeed":"160","name":"รถไฟฟ้าชานเมืองสายสีแดงเข้ม","name:en":"Dark Red Line","oneway":"yes","opening_date":"2021","operator":"การรถไฟแห่งประเทศไทย","railway":"rail","railway:etcs":"1","tracks":"1","train":"yes","usage":"main","voltage":"25000"},"id":"way/783184402"},{"type":"Feature","geometry":{"type":"LineString","coordinates":[[100.604585,13.971691],[100.604906,13.9694],[100.605396,13.965726],[100.606105,13.959334]]},"properties":{"@id":"way/783184403","colour":"#E10506","electrified":"contact_line","frequency":"50","gauge":"1000","maxspeed":"160","name":"รถไฟฟ้าชานเมืองสายสีแดงเข้ม","name:en":"Dark Red Line","oneway":"yes","opening_date":"2021","operator":"การรถไฟแห่งประเทศไทย","railway":"rail","railway:etcs":"1","tracks":"1","train":"yes","usage":"main","voltage":"25000"},"id":"way/783184403"},{"type":"Feature","geometry":{"type":"LineString","coordinates":[[100.607527,13.948472],[100.607544,13.948352]]},"properties":{"@id":"way/783184404","bridge":"yes","colour":"#E10506","electrified":"contact_line","frequency":"50","gauge":"1000","layer":"1","maxspeed":"160","name":"รถไฟฟ้าชานเมืองสายสีแดงเข้ม","name:en":"Dark Red Line","oneway":"yes","opening_date":"2021","operator":"การรถไฟแห่งประเทศไทย","railway":"rail","railway:etcs":"1","tracks":"1","train":"yes","usage":"main","voltage":"25000"},"id":"way/783184404"},{"type":"Feature","geometry":{"type":"LineString","coordinates":[[100.607901,13.945445],[100.607917,13.945308],[100.608344,13.941952]]},"properties":{"@id":"way/783184405","colour":"#E10506","electrified":"contact_line","embankment":"yes","frequency":"50","gauge":"1000","maxspeed":"160","name":"รถไฟฟ้าชานเมืองสายสีแดงเข้ม","name:en":"Dark Red Line","oneway":"yes","opening_date":"2021","operator":"การรถไฟแห่งประเทศไทย","railway":"rail","railway:etcs":"1","tracks":"1","train":"yes","usage":"main","voltage":"25000"},"id":"way/783184405"},{"type":"Feature","geometry":{"type":"LineString","coordinates":[[100.606105,13.959334],[100.606118,13.959212]]},"properties":{"@id":"way/783184406","bridge":"yes","colour":"#E10506","electrified":"contact_line","frequency":"50","gauge":"1000","layer":"1","maxspeed":"160","name":"รถไฟฟ้าชานเมืองสายสีแดงเข้ม","name:en":"Dark Red Line","oneway":"yes","opening_date":"2021","operator":"การรถไฟแห่งประเทศไทย","railway":"rail","tracks":"1","train":"yes","usage":"main","voltage":"25000"},"id":"way/783184406"},{"type":"Feature","geometry":{"type":"LineString","coordinates":[[100.606118,13.959212],[100.606549,13.955697],[100.607131,13.951034],[100.607267,13.950171],[100.607527,13.948472]]},"properties":{"@id":"way/783184407","colour":"#E10506","electrified":"contact_line","frequency":"50","gauge":"1000","maxspeed":"160","name":"รถไฟฟ้าชานเมืองสายสีแดงเข้ม","name:en":"Dark Red Line","oneway":"yes","opening_date":"2021","operator":"การรถไฟแห่งประเทศไทย","railway":"rail","railway:etcs":"1","tracks":"1","train":"yes","usage":"main","voltage":"25000"},"id":"way/783184407"},{"type":"Feature","geometry":{"type":"LineString","coordinates":[[100.608226,13.941936],[100.607786,13.94544]]},"properties":{"@id":"way/783184408","description":"New SRT main line","embankment":"yes","gauge":"1000","name":"ทางรถไฟสายเหนือ/ตะวันออกเฉียงเหนือ","oneway":"yes","operator":"การรถไฟแห่งประเทศไทย","railway":"rail","railway:etcs":"1","tracks":"1","train":"yes","usage":"main"},"id":"way/783184408"},{"type":"Feature","geometry":{"type":"LineString","coordinates":[[100.604099,13.925936],[100.606921,13.930961],[100.607261,13.931625],[100.607447,13.932033],[100.607635,13.93248],[100.607813,13.932947],[100.608053,13.933698],[100.608184,13.934174],[100.608336,13.934848],[100.608445,13.935439],[100.608495,13.935752],[100.608531,13.936006],[100.608557,13.93621],[100.608581,13.936419],[100.608605,13.936678],[100.608624,13.93692],[100.608643,13.937424],[100.608648,13.938035],[100.608626,13.938481],[100.608582,13.93896],[100.608226,13.941936]]},"properties":{"@id":"way/783184409","bridge":"viaduct","description":"New SRT main line","gauge":"1000","layer":"2","name":"ทางรถไฟสายเหนือ/ตะวันออกเฉียงเหนือ","oneway":"yes","operator":"การรถไฟแห่งประเทศไทย","railway":"rail","railway:etcs":"1","tracks":"1","train":"yes","usage":"main"},"id":"way/783184409"},{"type":"Feature","geometry":{"type":"LineString","coordinates":[[100.608344,13.941952],[100.608693,13.938973],[100.608737,13.93847],[100.608759,13.938035],[100.608753,13.93742],[100.608735,13.936913],[100.608716,13.936643],[100.608684,13.936286],[100.608653,13.935994],[100.608619,13.935717],[100.608576,13.935421],[100.608473,13.934826],[100.608405,13.934495],[100.608322,13.934152],[100.608178,13.933647],[100.607934,13.932909],[100.607757,13.93244],[100.607572,13.931993],[100.607387,13.931579],[100.60704,13.930907],[100.604218,13.925879]]},"properties":{"@id":"way/783184410","bridge":"viaduct","colour":"#E10506","electrified":"contact_line","frequency":"50","gauge":"1000","layer":"2","maxspeed":"160","name":"รถไฟฟ้าชานเมืองสายสีแดงเข้ม","name:en":"Dark Red Line","oneway":"yes","opening_date":"2021","operator":"การรถไฟแห่งประเทศไทย","railway":"rail","railway:etcs":"1","tracks":"1","train":"yes","usage":"main","voltage":"25000"},"id":"way/783184410"},{"type":"Feature","geometry":{"type":"LineString","coordinates":[[100.59949,13.917591],[100.600639,13.919779],[100.601321,13.920995],[100.604099,13.925936]]},"properties":{"@id":"way/783184411","bridge":"viaduct","description":"New SRT main line","electrified":"no","gauge":"1000","layer":"2","name":"ทางรถไฟสายเหนือ/ตะวันออกเฉียงเหนือ","oneway":"yes","operator":"การรถไฟแห่งประเทศไทย","railway":"rail","railway:etcs":"1","tracks":"1","train":"yes","usage":"main"},"id":"way/783184411"},{"type":"Feature","geometry":{"type":"LineString","coordinates":[[100.594898,13.909229],[100.593611,13.906958],[100.592742,13.905519],[100.59215,13.904532],[100.59068,13.901894],[100.589555,13.899751],[100.588924,13.898631],[100.586241,13.894013],[100.581987,13.886289],[100.580557,13.883755],[100.578705,13.880298],[100.576073,13.875541],[100.575295,13.874156],[100.573548,13.871039],[100.572314,13.868738],[100.570378,13.865166],[100.568824,13.86247],[100.567583,13.860182],[100.566582,13.858274],[100.565453,13.856019],[100.56367,13.852792],[100.562738,13.851184],[100.561724,13.849339],[100.558097,13.842556],[100.557551,13.841576],[100.557042,13.84063],[100.556909,13.840382],[100.556767,13.840104],[100.556582,13.839707],[100.55617,13.838823],[100.556064,13.838603],[100.554804,13.836201],[100.553691,13.834137],[100.553213,13.833357],[100.552685,13.83246],[100.552164,13.831552],[100.551555,13.830344],[100.550911,13.829158],[100.550244,13.827941],[100.549524,13.826595],[100.548828,13.825357],[100.548569,13.824849],[100.548105,13.823871],[100.547969,13.82358],[100.546986,13.821488],[100.546648,13.820736],[100.546424,13.82023],[100.546239,13.819691],[100.546057,13.81916],[100.545792,13.818303],[100.545514,13.817288],[100.545197,13.815867]]},"properties":{"@id":"way/783184412","bridge":"viaduct","colour":"#E10506","electrified":"contact_line","frequency":"50","gauge":"1000","layer":"3","level":"3","maxspeed":"160","name":"รถไฟฟ้าชานเมืองสายสีแดงเข้ม","name:en":"Dark Red Line","note":"open for limited trial service since 2021-03-26","oneway":"yes","opening_date":"2021-07-28","operator":"การรถไฟแห่งประเทศไทย","railway":"rail","railway:etcs":"1","tracks":"1","train":"yes","usage":"main","voltage":"25000"},"id":"way/783184412"},{"type":"Feature","geometry":{"type":"LineString","coordinates":[[100.594756,13.909308],[100.596044,13.911588]]},"properties":{"@id":"way/783184413","bridge":"viaduct","colour":"#E10506","electrified":"contact_line","frequency":"50","gauge":"1000","layer":"3","maxspeed":"160","name":"รถไฟฟ้าชานเมืองสายสีแดงเข้ม","name:en":"Dark Red Line","oneway":"yes","operator":"การรถไฟแห่งประเทศไทย","railway":"rail","railway:etcs":"1","tracks":"1","train":"yes","usage":"main","voltage":"25000"},"id":"way/783184413"},{"type":"Feature","geometry":{"type":"LineString","coordinates":[[100.594848,13.909257],[100.593564,13.906982],[100.59256,13.905295]]},"properties":{"@id":"way/783184414","bridge":"viaduct","description":"New SRT main line","electrified":"no","gauge":"1000","layer":"2","maxspeed":"160","name":"ทางรถไฟสายเหนือ/ตะวันออกเฉียงเหนือ","oneway":"yes","operator":"การรถไฟแห่งประเทศไทย","railway":"rail","railway:etcs":"1","tracks":"1","train":"yes","usage":"main"},"id":"way/783184414"},{"type":"Feature","geometry":{"type":"LineString","coordinates":[[100.592525,13.905308],[100.593516,13.907006],[100.594803,13.909282]]},"properties":{"@id":"way/783184415","bridge":"viaduct","description":"New SRT main line","electrified":"no","gauge":"1000","layer":"2","maxspeed":"160","name":"ทางรถไฟสายเหนือ/ตะวันออกเฉียงเหนือ","oneway":"yes","operator":"การรถไฟแห่งประเทศไทย","railway":"rail","railway:etcs":"1","tracks":"1","train":"yes","usage":"main"},"id":"way/783184415"},{"type":"Feature","geometry":{"type":"LineString","coordinates":[[100.601438,13.920939],[100.600751,13.919716],[100.600704,13.919631],[100.600013,13.918356],[100.599666,13.917715]]},"properties":{"@id":"way/783184416","bridge":"viaduct","colour":"#E10506","electrified":"contact_line","frequency":"50","gauge":"1000","layer":"3","maxspeed":"160","name":"รถไฟฟ้าชานเมืองสายสีแดงเข้ม","name:en":"Dark Red Line","oneway":"yes","opening_date":"2021","operator":"การรถไฟแห่งประเทศไทย","railway":"rail","railway:etcs":"1","tracks":"1","train":"yes","usage":"main","voltage":"25000"},"id":"way/783184416"},{"type":"Feature","geometry":{"type":"LineString","coordinates":[[100.599601,13.917752],[100.600155,13.918739],[100.600497,13.919348],[100.600715,13.919736],[100.601402,13.920958]]},"properties":{"@id":"way/783184417","bridge":"viaduct","colour":"#E10506","electrified":"contact_line","frequency":"50","gauge":"1000","layer":"3","maxspeed":"160","name":"รถไฟฟ้าชานเมืองสายสีแดงเข้ม","name:en":"Dark Red Line","oneway":"yes","opening_date":"2021","operator":"การรถไฟแห่งประเทศไทย","railway":"rail","railway:etcs":"1","tracks":"1","train":"yes","usage":"main","voltage":"25000"},"id":"way/783184417"},{"type":"Feature","geometry":{"type":"LineString","coordinates":[[100.596044,13.911588],[100.596602,13.912531],[100.596924,13.913038],[100.597854,13.914699],[100.598639,13.9161],[100.599601,13.917752]]},"properties":{"@id":"way/783184418","bridge":"viaduct","colour":"#E10506","electrified":"contact_line","frequency":"50","gauge":"1000","layer":"3","maxspeed":"160","name":"รถไฟฟ้าชานเมืองสายสีแดงเข้ม","name:en":"Dark Red Line","oneway":"yes","operator":"การรถไฟแห่งประเทศไทย","railway":"rail","railway:etcs":"1","tracks":"1","train":"yes","usage":"main","voltage":"25000"},"id":"way/783184418"},{"type":"Feature","geometry":{"type":"LineString","coordinates":[[100.596092,13.911562],[100.596915,13.913042],[100.597845,13.914704]]},"properties":{"@id":"way/783184419","bridge":"viaduct","description":"New SRT main line","electrified":"no","gauge":"1000","layer":"2","maxspeed":"160","name":"ทางรถไฟสายเหนือ/ตะวันออกเฉียงเหนือ","oneway":"yes","operator":"การรถไฟแห่งประเทศไทย","railway":"rail","railway:etcs":"1","tracks":"1","train":"yes","usage":"main"},"id":"way/783184419"},{"type":"Feature","geometry":{"type":"LineString","coordinates":[[100.604132,13.925919],[100.601353,13.920978],[100.600675,13.919759],[100.599555,13.917555]]},"properties":{"@id":"way/783184421","bridge":"viaduct","description":"New SRT main line","electrified":"no","gauge":"1000","layer":"2","name":"ทางรถไฟสายเหนือ/ตะวันออกเฉียงเหนือ","oneway":"yes","operator":"การรถไฟแห่งประเทศไทย","railway":"rail","railway:etcs":"1","tracks":"1","train":"yes","usage":"main"},"id":"way/783184421"},{"type":"Feature","geometry":{"type":"LineString","coordinates":[[100.596193,13.911514],[100.594898,13.909229]]},"properties":{"@id":"way/783184423","bridge":"viaduct","colour":"#E10506","electrified":"contact_line","frequency":"50","gauge":"1000","layer":"3","maxspeed":"160","name":"รถไฟฟ้าชานเมืองสายสีแดงเข้ม","name:en":"Dark Red Line","oneway":"yes","operator":"การรถไฟแห่งประเทศไทย","railway":"rail","railway:etcs":"1","tracks":"1","train":"yes","usage":"main","voltage":"25000"},"id":"way/783184423"},{"type":"Feature","geometry":{"type":"LineString","coordinates":[[100.599666,13.917715],[100.598676,13.916081],[100.597891,13.914679],[100.59696,13.913019],[100.596685,13.912486],[100.596193,13.911514]]},"properties":{"@id":"way/783184424","bridge":"viaduct","colour":"#E10506","electrified":"contact_line","frequency":"50","gauge":"1000","layer":"3","maxspeed":"160","name":"รถไฟฟ้าชานเมืองสายสีแดงเข้ม","name:en":"Dark Red Line","oneway":"yes","operator":"การรถไฟแห่งประเทศไทย","railway":"rail","railway:etcs":"1","tracks":"1","train":"yes","usage":"main","voltage":"25000"},"id":"way/783184424"},{"type":"Feature","geometry":{"type":"LineString","coordinates":[[100.597882,13.914684],[100.596952,13.913023],[100.596136,13.91154]]},"properties":{"@id":"way/783184428","bridge":"viaduct","description":"New SRT main line","electrified":"no","gauge":"1000","layer":"2","maxspeed":"160","name":"ทางรถไฟสายเหนือ/ตะวันออกเฉียงเหนือ","oneway":"yes","operator":"การรถไฟแห่งประเทศไทย","railway":"rail","railway:etcs":"1","tracks":"1","train":"yes","usage":"main"},"id":"way/783184428"},{"type":"Feature","geometry":{"type":"LineString","coordinates":[[100.604218,13.925879],[100.601438,13.920939]]},"properties":{"@id":"way/783184430","bridge":"viaduct","colour":"#E10506","electrified":"contact_line","frequency":"50","gauge":"1000","layer":"3","maxspeed":"160","name":"รถไฟฟ้าชานเมืองสายสีแดงเข้ม","name:en":"Dark Red Line","oneway":"yes","opening_date":"2021","operator":"การรถไฟแห่งประเทศไทย","railway":"rail","railway:etcs":"1","tracks":"1","train":"yes","usage":"main","voltage":"25000"},"id":"way/783184430"},{"type":"Feature","geometry":{"type":"LineString","coordinates":[[100.540218,13.801842],[100.540419,13.802349],[100.541135,13.804113],[100.541959,13.806144],[100.542062,13.806397]]},"properties":{"@id":"way/783248977","covered":"yes","electrified":"contact_line","frequency":"50","gauge":"1000","layer":"1","level":"2","operator":"การรถไฟแห่งประเทศไทย","railway":"rail","railway:etcs":"1","railway:track_ref":"12","tracks":"1","train":"yes","tunnel":"building_passage","usage":"main","voltage":"25000"},"id":"way/783248977"},{"type":"Feature","geometry":{"type":"LineString","coordinates":[[100.540399,13.801773],[100.5406,13.80228],[100.541316,13.804043],[100.54214,13.806075],[100.542245,13.806332]]},"properties":{"@id":"way/783248979","colour":"#E10506","covered":"yes","electrified":"contact_line","frequency":"50","gauge":"1000","layer":"1","level":"2","name":"รถไฟฟ้าชานเมืองสายสีแดงเข้ม","name:en":"Dark Red Line","operator":"การรถไฟแห่งประเทศไทย","railway":"rail","railway:etcs":"1","railway:track_ref":"10","tracks":"1","train":"yes","tunnel":"building_passage","usage":"main","voltage":"25000"},"id":"way/783248979"},{"type":"Feature","geometry":{"type":"LineString","coordinates":[[100.540539,13.80172],[100.540563,13.801778],[100.540564,13.80178],[100.540746,13.802223],[100.541462,13.803987],[100.542287,13.806019],[100.542391,13.806276]]},"properties":{"@id":"way/783248980","colour":"#E10506","covered":"yes","electrified":"contact_line","frequency":"50","gauge":"1000","layer":"1","level":"2","name":"รถไฟฟ้าชานเมืองสายสีแดงเข้ม","name:en":"Dark Red Line","operator":"การรถไฟแห่งประเทศไทย","railway":"rail","railway:etcs":"1","railway:track_ref":"9","tracks":"1","train":"yes","tunnel":"building_passage","usage":"main","voltage":"25000"},"id":"way/783248980"},{"type":"Feature","geometry":{"type":"LineString","coordinates":[[100.540725,13.801649],[100.540927,13.802154],[100.541643,13.803918],[100.542468,13.80595],[100.542572,13.806207]]},"properties":{"@id":"way/783248982","covered":"yes","electrified":"contact_line","frequency":"50","gauge":"1000","layer":"1","level":"2","operator":"การรถไฟแห่งประเทศไทย","railway":"rail","railway:etcs":"1","railway:track_ref":"7","tracks":"1","train":"yes","tunnel":"building_passage","usage":"main","voltage":"25000"},"id":"way/783248982"},{"type":"Feature","geometry":{"type":"LineString","coordinates":[[100.540942,13.801566],[100.541143,13.802072],[100.541858,13.803836],[100.542683,13.805867],[100.542788,13.806125]]},"properties":{"@id":"way/783248985","colour":"#FD5353","covered":"yes","electrified":"contact_line","frequency":"50","gauge":"1000","layer":"1","level":"2","name":"รถไฟฟ้าชานเมืองสายสีแดงอ่อน","name:en":"Light Red Line","operator":"การรถไฟแห่งประเทศไทย","railway":"rail","railway:etcs":"1","railway:track_ref":"4","tracks":"1","train":"yes","tunnel":"building_passage","usage":"main","voltage":"25000"},"id":"way/783248985"},{"type":"Feature","geometry":{"type":"LineString","coordinates":[[100.541076,13.801516],[100.541289,13.802016],[100.542004,13.80378],[100.542829,13.805811],[100.542934,13.806069]]},"properties":{"@id":"way/783248986","colour":"#FD5353","covered":"yes","electrified":"contact_line","frequency":"50","gauge":"1000","layer":"1","level":"2","name":"รถไฟฟ้าชานเมืองสายสีแดงอ่อน","name:en":"Light Red Line","operator":"การรถไฟแห่งประเทศไทย","railway":"rail","railway:etcs":"1","railway:track_ref":"3","tracks":"1","train":"yes","tunnel":"building_passage","usage":"main","voltage":"25000"},"id":"way/783248986"},{"type":"Feature","geometry":{"type":"LineString","coordinates":[[100.540539,13.80172],[100.540566,13.801785],[100.540751,13.802222],[100.541572,13.804246],[100.542291,13.806017],[100.542395,13.806274]]},"properties":{"@id":"way/783248997","construction":"rail","construction:electrified":"contact_line","construction:frequency":"50","construction:railway":"rail","construction:voltage":"25000","covered":"yes","gauge":"1435","highspeed":"yes","layer":"2","level":"3","name":"รถไฟความเร็วสูงสายใต้","name:th":"รถไฟความเร็วสูงสายใต้","railway":"construction","railway:track_ref":"21","tracks":"1","train":"yes","tunnel":"building_passage","usage":"main"},"id":"way/783248997"},{"type":"Feature","geometry":{"type":"LineString","coordinates":[[100.540399,13.801773],[100.540604,13.802278],[100.541426,13.804302],[100.542145,13.806073],[100.542249,13.80633]]},"properties":{"@id":"way/783248998","construction":"rail","construction:electrified":"contact_line","construction:frequency":"50","construction:railway":"rail","construction:voltage":"25000","covered":"yes","gauge":"1435","highspeed":"yes","layer":"2","level":"3","name":"รถไฟความเร็วสูงสายใต้","name:th":"รถไฟความเร็วสูงสายใต้","railway":"construction","railway:track_ref":"22","tracks":"1","train":"yes","tunnel":"building_passage","usage":"main"},"id":"way/783248998"},{"type":"Feature","geometry":{"type":"LineString","coordinates":[[100.539396,13.799851],[100.538961,13.799364],[100.538548,13.798919]]},"properties":{"@id":"way/783249001","bridge":"viaduct","electrified":"contact_line","frequency":"50","gauge":"1000","layer":"1","level":"2","operator":"การรถไฟแห่งประเทศไทย","railway":"rail","railway:etcs":"1","tracks":"1","train":"yes","usage":"main","voltage":"25000"},"id":"way/783249001"},{"type":"Feature","geometry":{"type":"LineString","coordinates":[[100.533953,13.789695],[100.5347,13.79155],[100.535373,13.793342],[100.535617,13.793958],[100.536331,13.795734],[100.536506,13.796126],[100.536694,13.796498],[100.536796,13.796683],[100.536909,13.796864],[100.537102,13.797165],[100.537263,13.797386],[100.537419,13.797591],[100.537555,13.797758],[100.537861,13.798131],[100.538517,13.798935],[100.538899,13.799415],[100.539326,13.799901],[100.539615,13.800256],[100.539852,13.800637],[100.540051,13.800975],[100.540227,13.801349],[100.540314,13.801559],[100.540399,13.801773]]},"properties":{"@id":"way/783249004","bridge":"viaduct","colour":"#E10506","electrified":"contact_line","frequency":"50","gauge":"1000","layer":"1","level":"2","name":"รถไฟฟ้าชานเมืองสายสีแดงเข้ม","name:en":"Dark Red Line","operator":"การรถไฟแห่งประเทศไทย","railway":"rail","railway:etcs":"1","tracks":"1","train":"yes","usage":"main","voltage":"25000"},"id":"way/783249004"},{"type":"Feature","geometry":{"type":"LineString","coordinates":[[100.534171,13.789613],[100.534851,13.791292],[100.535041,13.791821],[100.5355,13.7933],[100.535603,13.793619],[100.535716,13.793922],[100.53644,13.795695],[100.536606,13.796072],[100.536794,13.796459],[100.536901,13.79664],[100.537009,13.796818],[100.537203,13.797112],[100.53735,13.797316],[100.537503,13.797519],[100.537633,13.797674],[100.537788,13.797853],[100.537992,13.798058],[100.538727,13.798851],[100.538864,13.798999],[100.539244,13.799407],[100.539721,13.799858],[100.540045,13.800193],[100.540385,13.800589],[100.540597,13.800858],[100.540797,13.801098],[100.540957,13.801317],[100.541076,13.801516]]},"properties":{"@id":"way/783249007","bridge":"viaduct","colour":"#FD5353","electrified":"contact_line","frequency":"50","gauge":"1000","layer":"1","level":"2","name":"รถไฟฟ้าชานเมืองสายสีแดงอ่อน","name:en":"Light Red Line","operator":"การรถไฟแห่งประเทศไทย","railway":"rail","railway:etcs":"1","tracks":"1","train":"yes","usage":"main","voltage":"25000"},"id":"way/783249007"},{"type":"Feature","geometry":{"type":"LineString","coordinates":[[100.538517,13.798935],[100.538873,13.799438],[100.539285,13.799921]]},"properties":{"@id":"way/783249010","bridge":"viaduct","electrified":"contact_line","frequency":"50","gauge":"1000","layer":"1","level":"2","operator":"การรถไฟแห่งประเทศไทย","railway":"rail","railway:etcs":"1","train":"yes","usage":"main","voltage":"25000"},"id":"way/783249010"},{"type":"Feature","geometry":{"type":"LineString","coordinates":[[100.539396,13.799851],[100.539715,13.800179],[100.540005,13.800522],[100.540183,13.800748],[100.540425,13.801085],[100.540548,13.801288],[100.540635,13.801439],[100.540725,13.801649]]},"properties":{"@id":"way/783249021","bridge":"viaduct","electrified":"contact_line","frequency":"50","gauge":"1000","layer":"1","level":"2","operator":"การรถไฟแห่งประเทศไทย","railway":"rail","railway:etcs":"1","tracks":"1","train":"yes","usage":"main","voltage":"25000"},"id":"way/783249021"},{"type":"Feature","geometry":{"type":"LineString","coordinates":[[100.54257,13.807379],[100.542671,13.807619],[100.543074,13.808616],[100.543284,13.809131],[100.543596,13.809881],[100.543791,13.810397],[100.543982,13.810905],[100.544261,13.811919],[100.544683,13.814045],[100.545073,13.816014]]},"properties":{"@id":"way/783249029","bridge":"viaduct","description":"Northern/northeastern line","electrified":"contact_line","frequency":"50","gauge":"1000","layer":"1","level":"2","operator":"การรถไฟแห่งประเทศไทย","railway":"rail","railway:etcs":"1","tracks":"1","train":"yes","usage":"main","voltage":"25000"},"id":"way/783249029"},{"type":"Feature","geometry":{"type":"LineString","coordinates":[[100.551851,13.830861],[100.551654,13.830465],[100.550668,13.828656],[100.550617,13.828545],[100.550429,13.828058],[100.550362,13.827903]]},"properties":{"@id":"way/783249030","electrified":"contact_line","frequency":"50","gauge":"1000","level":"0","operator":"การรถไฟแห่งประเทศไทย","railway":"rail","railway:etcs":"1","tracks":"1","train":"yes","usage":"main","voltage":"25000"},"id":"way/783249030"},{"type":"Feature","geometry":{"type":"LineString","coordinates":[[100.551896,13.830853],[100.551683,13.830447],[100.550971,13.829132],[100.550913,13.829018],[100.550792,13.828741],[100.550683,13.828502]]},"properties":{"@id":"way/783249031","electrified":"contact_line","frequency":"50","gauge":"1000","level":"0","operator":"การรถไฟแห่งประเทศไทย","railway":"rail","railway:etcs":"1","tracks":"1","train":"yes","usage":"main","voltage":"25000"},"id":"way/783249031"},{"type":"Feature","geometry":{"type":"LineString","coordinates":[[100.545158,13.815874],[100.545165,13.81591],[100.545429,13.817304],[100.545631,13.818361],[100.54573,13.818798],[100.545851,13.819207],[100.54603,13.81974],[100.54625,13.820294],[100.546484,13.820779],[100.546848,13.821543],[100.547884,13.823754],[100.548099,13.824214],[100.548728,13.825404],[100.549424,13.826645],[100.550143,13.827994],[100.55081,13.829209],[100.551453,13.830395],[100.552062,13.831597],[100.552553,13.832527],[100.55302,13.833454],[100.554594,13.83632],[100.555514,13.83804],[100.556085,13.839101],[100.556447,13.839768],[100.556662,13.840161],[100.556939,13.840669],[100.557449,13.841626],[100.557986,13.842611],[100.561619,13.849392],[100.562542,13.851067],[100.562633,13.851232],[100.563568,13.852843],[100.565349,13.85607],[100.566475,13.858325],[100.567479,13.860232],[100.568721,13.862523],[100.570275,13.865221],[100.572213,13.868786],[100.573446,13.871089],[100.575193,13.874211],[100.575977,13.875595],[100.578595,13.880355],[100.580457,13.883808],[100.581886,13.886341],[100.586145,13.894066],[100.588823,13.898683],[100.589457,13.899803],[100.590579,13.901945],[100.592053,13.904586],[100.59264,13.905574],[100.593469,13.907029],[100.594756,13.909308]]},"properties":{"@id":"way/783249033","bridge":"viaduct","colour":"#E10506","electrified":"contact_line","frequency":"50","gauge":"1000","layer":"3","level":"3","maxspeed":"160","name":"รถไฟฟ้าชานเมืองสายสีแดงเข้ม","name:en":"Dark Red Line","note":"open for limited trial service since 2021-03-26","oneway":"yes","opening_date":"2021-07-28","operator":"การรถไฟแห่งประเทศไทย","railway":"rail","railway:etcs":"1","tracks":"1","train":"yes","usage":"main","voltage":"25000"},"id":"way/783249033"},{"type":"Feature","geometry":{"type":"LineString","coordinates":[[100.542245,13.806332],[100.542358,13.806599],[100.542589,13.807055],[100.542766,13.807454],[100.543107,13.808279],[100.543793,13.80993],[100.543939,13.810308],[100.54404,13.810565],[100.544132,13.810838],[100.544213,13.811117],[100.544395,13.811885],[100.54455,13.812692],[100.544818,13.814026],[100.545158,13.815874]]},"properties":{"@id":"way/783249037","bridge":"viaduct","colour":"#E10506","electrified":"contact_line","frequency":"50","gauge":"1000","layer":"1","level":"2","maxspeed":"160","name":"รถไฟฟ้าชานเมืองสายสีแดงเข้ม","name:en":"Dark Red Line","opening_date":"2021","operator":"การรถไฟแห่งประเทศไทย","railway":"rail","railway:etcs":"1","tracks":"1","train":"yes","usage":"main","voltage":"25000"},"id":"way/783249037"},{"type":"Feature","properties":{"@id":"way/1210018084","bridge":"yes","colour":"#FD5353","description":"Red Line/southern line","electrified":"contact_line","frequency":"50","gauge":"1000","layer":"1","level":"2","maxspeed":"90","name":"Light Red Line","name:en":"Southern Line","operator":"การรถไฟแห่งประเทศไทย","railway":"rail","railway:etcs":"1","tracks":"1","train":"yes","usage":"main","voltage":"25000","service":"crossover","name:th":"สายใต้","embankment":"yes","railway:track_ref":"2","tunnel":"building_passage"},"geometry":{"type":"MultiLineString","coordinates":[[[100.542788,13.806125],[100.542953,13.806493],[100.543178,13.807124]],[[100.543145,13.80662],[100.54304,13.806344],[100.542934,13.806069]],[[100.542953,13.806493],[100.543254,13.807103],[100.543493,13.807614],[100.543641,13.807987]],[[100.543641,13.807987],[100.543504,13.807576],[100.543327,13.807075],[100.543145,13.80662]],[[100.543178,13.807124],[100.543573,13.808158],[100.543879,13.808894]],[[100.543978,13.808982],[100.543719,13.808223],[100.543641,13.807987]],[[100.543879,13.808894],[100.544267,13.809917],[100.544459,13.810419],[100.544629,13.810971],[100.544758,13.811534],[100.544853,13.812095],[100.544926,13.812621],[100.545027,13.813435],[100.545165,13.814238],[100.545223,13.814569]],[[100.545264,13.814562],[100.545206,13.814229],[100.54507,13.813431],[100.544981,13.812616],[100.544908,13.812088],[100.544812,13.811524],[100.544682,13.810958],[100.544521,13.810396],[100.544333,13.809892],[100.543978,13.808982]],[[100.545223,13.814569],[100.545377,13.81545],[100.545424,13.815824],[100.545436,13.816303],[100.545408,13.816688],[100.545342,13.817111],[100.545287,13.817384],[100.545215,13.81765],[100.54514,13.817884],[100.545062,13.818095],[100.544971,13.818309],[100.544878,13.818513],[100.544784,13.81869],[100.544671,13.818888],[100.544524,13.819116],[100.54437,13.819336],[100.5442,13.819552],[100.543932,13.819857],[100.543745,13.820029],[100.543552,13.820211],[100.543104,13.820561],[100.54253,13.82089],[100.54204,13.821113],[100.541888,13.821178],[100.541727,13.821234],[100.541506,13.821297],[100.541127,13.821388],[100.540402,13.821502],[100.538933,13.821647],[100.536491,13.821893],[100.534211,13.822113]],[[100.545264,13.814562],[100.545418,13.815445],[100.545465,13.815821],[100.545478,13.816304],[100.545448,13.816695],[100.545382,13.817121],[100.545321,13.817399],[100.54525,13.81766],[100.545174,13.817897],[100.545095,13.818111],[100.545007,13.818317],[100.54491,13.818528],[100.54482,13.8187],[100.544703,13.818907],[100.544558,13.819133],[100.544406,13.819358],[100.544233,13.819577],[100.543962,13.819885],[100.543743,13.820087],[100.543579,13.820241],[100.543127,13.820595],[100.542549,13.820926],[100.542055,13.821151],[100.541867,13.821229],[100.541694,13.821287],[100.541518,13.821336],[100.541136,13.821427],[100.540407,13.821542],[100.538938,13.821688],[100.536495,13.821933],[100.534215,13.822154]],[[100.534211,13.822113],[100.530148,13.822501],[100.529257,13.822575],[100.528442,13.822569],[100.527745,13.822508],[100.527482,13.822476],[100.527105,13.822408],[100.52682,13.822345],[100.526548,13.822284],[100.526268,13.822206],[100.525983,13.822114],[100.525707,13.822021],[100.525466,13.821927],[100.525317,13.821867],[100.525033,13.821745],[100.524803,13.821639],[100.524555,13.82151],[100.524184,13.821307],[100.523598,13.820935],[100.52289,13.820402],[100.520381,13.81819],[100.516758,13.814954],[100.5136,13.812092],[100.511114,13.80971],[100.509748,13.808403],[100.503173,13.802441],[100.502051,13.801543],[100.50119,13.801013],[100.500483,13.800633],[100.499811,13.800316],[100.498824,13.799935],[100.49598,13.798919],[100.493897,13.798151],[100.492162,13.797511]],[[100.534215,13.822154],[100.530152,13.822546],[100.529259,13.82262],[100.52844,13.822614],[100.527739,13.822552],[100.527367,13.822498],[100.527053,13.822445],[100.526809,13.822389],[100.526538,13.822325],[100.526267,13.822251],[100.525968,13.822157],[100.525724,13.822075],[100.525522,13.821998],[100.525303,13.82191],[100.525111,13.821831],[100.524909,13.821736],[100.52464,13.82161],[100.524381,13.821469],[100.524161,13.821346],[100.523571,13.820972],[100.52286,13.820437],[100.52035,13.818223],[100.516727,13.814987],[100.513568,13.812125],[100.511082,13.809742],[100.509716,13.808436],[100.503142,13.802475],[100.502023,13.80158],[100.501166,13.801052],[100.500462,13.800673],[100.499792,13.800357],[100.498807,13.799976],[100.495964,13.798961],[100.493881,13.798193],[100.492146,13.797553]],[[100.492162,13.797511],[100.489809,13.796672],[100.486468,13.795446],[100.485208,13.794984]],[[100.492146,13.797553],[100.489792,13.796714],[100.485192,13.795026]],[[100.485192,13.795026],[100.484969,13.794946]],[[100.485208,13.794984],[100.484985,13.794904]],[[100.484969,13.794946],[100.483896,13.794544],[100.481915,13.793849],[100.479916,13.793135],[100.477418,13.792242],[100.474972,13.791367],[100.473721,13.79094],[100.472849,13.790676],[100.472147,13.790473]],[[100.472156,13.790434],[100.472887,13.790616],[100.473733,13.790864],[100.47501,13.791262],[100.477465,13.792139],[100.479957,13.793029],[100.481946,13.793764],[100.483911,13.794501],[100.484985,13.794904]],[[100.472156,13.790434],[100.47018,13.78998],[100.46677,13.789199],[100.459772,13.787521]],[[100.472147,13.790473],[100.470612,13.790121],[100.46676,13.789238],[100.459762,13.787561]],[[100.47018,13.78998],[100.470612,13.790121]],[[100.459762,13.787561],[100.45698,13.786912],[100.451863,13.785718]],[[100.459772,13.787521],[100.45645,13.786747],[100.451873,13.785679]],[[100.45645,13.786747],[100.45698,13.786912]],[[100.451863,13.785718],[100.45163,13.785664]],[[100.451873,13.785679],[100.451639,13.785625]],[[100.45163,13.785664],[100.450891,13.785492],[100.450168,13.785353],[100.449811,13.785301],[100.449389,13.78526],[100.448667,13.785243]],[[100.451639,13.785625],[100.4509,13.785452],[100.450175,13.785313],[100.449816,13.785261],[100.449391,13.78522],[100.448668,13.785202]],[[100.448423,13.785243],[100.447811,13.785266],[100.447231,13.785328],[100.446274,13.785512],[100.445425,13.785763],[100.444741,13.786031],[100.444159,13.78631],[100.443628,13.786611],[100.44302,13.787011]],[[100.448422,13.785203],[100.447808,13.785226],[100.447225,13.785288],[100.446264,13.785472],[100.445411,13.785725],[100.444724,13.785994],[100.444139,13.786275],[100.443605,13.786576],[100.442997,13.786978]],[[100.448667,13.785243],[100.448423,13.785243]],[[100.448668,13.785202],[100.448422,13.785203]],[[100.44179,13.787909],[100.442997,13.786978]],[[100.44302,13.787011],[100.44182,13.787944]],[[100.440862,13.788623],[100.44179,13.787909]],[[100.44182,13.787944],[100.440888,13.788653]],[[100.440888,13.788653],[100.440862,13.788672],[100.440786,13.788732],[100.440092,13.789288],[100.43942,13.789827]],[[100.439396,13.789798],[100.44007,13.789259],[100.440837,13.788644],[100.440862,13.788623]],[[100.43942,13.789827],[100.43932,13.789907],[100.437691,13.791265]],[[100.437657,13.791221],[100.439203,13.789955],[100.439295,13.78988],[100.439396,13.789798]]]}},{"type":"Feature","geometry":{"type":"LineString","coordinates":[[100.545318,13.815861],[100.544959,13.81401],[100.544607,13.812131],[100.544389,13.811043],[100.544246,13.810514]]},"properties":{"@id":"way/783249045","bridge":"viaduct","description":"Northern/northeastern line","electrified":"contact_line","frequency":"50","gauge":"1000","layer":"1","level":"2","operator":"การรถไฟแห่งประเทศไทย","railway":"rail","railway:etcs":"1","tracks":"1","train":"yes","usage":"main","voltage":"25000"},"id":"way/783249045"},{"type":"Feature","geometry":{"type":"LineString","coordinates":[[100.544246,13.810514],[100.54408,13.809986],[100.543558,13.808736],[100.543356,13.808226],[100.543123,13.807649],[100.542912,13.807112],[100.542758,13.806733],[100.542572,13.806207]]},"properties":{"@id":"way/783249046","bridge":"viaduct","description":"Northern/northeastern line","electrified":"contact_line","frequency":"50","gauge":"1000","layer":"1","level":"2","operator":"การรถไฟแห่งประเทศไทย","railway":"rail","railway:etcs":"1","tracks":"1","train":"yes","usage":"main","voltage":"25000"},"id":"way/783249046"},{"type":"Feature","geometry":{"type":"LineString","coordinates":[[100.545197,13.815867],[100.544862,13.814023],[100.544605,13.812685],[100.544444,13.811878],[100.544252,13.81111],[100.544175,13.810828],[100.544077,13.81055],[100.543977,13.81029],[100.543829,13.809905],[100.543436,13.80895],[100.542993,13.807856],[100.542771,13.80731],[100.542586,13.806796],[100.542391,13.806276]]},"properties":{"@id":"way/783249051","bridge":"viaduct","colour":"#E10506","electrified":"contact_line","frequency":"50","gauge":"1000","layer":"1","level":"2","maxspeed":"160","name":"รถไฟฟ้าชานเมืองสายสีแดงเข้ม","name:en":"Dark Red Line","opening_date":"2021","operator":"การรถไฟแห่งประเทศไทย","railway":"rail","railway:etcs":"1","tracks":"1","train":"yes","usage":"main","voltage":"25000"},"id":"way/783249051"},{"type":"Feature","geometry":{"type":"LineString","coordinates":[[100.542358,13.806599],[100.542656,13.807344],[100.543131,13.808595],[100.543337,13.809114],[100.543642,13.809865],[100.54382,13.810358],[100.543982,13.810905]]},"properties":{"@id":"way/783249053","bridge":"viaduct","construction":"rail","construction:electrified":"contact_line","construction:frequency":"50","construction:railway":"rail","construction:voltage":"25000","gauge":"1435","highspeed":"yes","layer":"1","railway":"construction","tracks":"1","train":"yes","usage":"main"},"id":"way/783249053"},{"type":"Feature","geometry":{"type":"LineString","coordinates":[[100.556879,13.840403],[100.556733,13.840111],[100.556512,13.83964],[100.55627,13.839122],[100.556241,13.839058],[100.556137,13.838831],[100.556032,13.838617],[100.554768,13.836223],[100.553652,13.834163],[100.553174,13.833376],[100.552655,13.832477],[100.55213,13.831567],[100.551521,13.830361],[100.550879,13.829175],[100.550209,13.827959],[100.549492,13.826614],[100.548795,13.825371],[100.548482,13.824788],[100.548179,13.824174]]},"properties":{"@id":"way/783249077","bridge":"viaduct","colour":"#E10506","description":"New SRT main line","electrified":"contact_line","frequency":"50","gauge":"1000","layer":"3","level":"3","oneway":"yes","operator":"การรถไฟแห่งประเทศไทย","railway":"rail","railway:etcs":"1","tracks":"1","train":"yes","usage":"main","voltage":"25000"},"id":"way/783249077"},{"type":"Feature","geometry":{"type":"LineString","coordinates":[[100.548154,13.824183],[100.548451,13.824799],[100.548764,13.825386],[100.54946,13.826629],[100.550178,13.827975],[100.550845,13.82919],[100.551487,13.830378],[100.552096,13.831582],[100.552586,13.83251],[100.553059,13.833434],[100.554631,13.836301],[100.555554,13.838038],[100.556111,13.839079],[100.556166,13.839179],[100.556482,13.83976],[100.556694,13.840137],[100.556841,13.840413]]},"properties":{"@id":"way/783249078","bridge":"viaduct","colour":"#E10506","description":"New SRT main line","electrified":"contact_line","frequency":"50","gauge":"1000","layer":"3","level":"3","oneway":"yes","operator":"การรถไฟแห่งประเทศไทย","railway":"rail","railway:etcs":"1","tracks":"1","train":"yes","usage":"main","voltage":"25000"},"id":"way/783249078"},{"type":"Feature","geometry":{"type":"LineString","coordinates":[[100.554724,13.83625],[100.553194,13.833364],[100.55221,13.831503],[100.551896,13.830853]]},"properties":{"@id":"way/783249082","bridge":"viaduct","electrified":"contact_line","frequency":"50","gauge":"1000","layer":"1","level":"0;1;2","operator":"การรถไฟแห่งประเทศไทย","railway":"rail","railway:etcs":"1","tracks":"1","usage":"main","voltage":"25000"},"id":"way/783249082"},{"type":"Feature","geometry":{"type":"LineString","coordinates":[[100.551851,13.830861],[100.552172,13.831519],[100.553156,13.833383],[100.554689,13.83627]]},"properties":{"@id":"way/783249083","bridge":"viaduct","electrified":"contact_line","frequency":"50","gauge":"1000","layer":"1","level":"0;1;2","operator":"การรถไฟแห่งประเทศไทย","railway":"rail","railway:etcs":"1","tracks":"1","usage":"main","voltage":"25000"},"id":"way/783249083"},{"type":"Feature","geometry":{"type":"LineString","coordinates":[[100.554689,13.83627],[100.55565,13.83809],[100.555708,13.838199]]},"properties":{"@id":"way/783249084","bridge":"viaduct","colour":"#E10506","electrified":"contact_line","frequency":"50","gauge":"1000","layer":"3","level":"2;3","railway":"rail","railway:etcs":"1","usage":"main","voltage":"25000"},"id":"way/783249084"},{"type":"Feature","geometry":{"type":"LineString","coordinates":[[100.556241,13.839058],[100.556141,13.838863],[100.556058,13.838717],[100.555856,13.838399],[100.555734,13.838181]]},"properties":{"@id":"way/783249085","bridge":"viaduct","colour":"#E10506","electrified":"contact_line","frequency":"50","gauge":"1000","layer":"3","level":"3","railway":"rail","railway:etcs":"1","usage":"main","voltage":"25000"},"id":"way/783249085"},{"type":"Feature","geometry":{"type":"LineString","coordinates":[[100.556841,13.840413],[100.556974,13.840663],[100.557481,13.841603],[100.558024,13.842592],[100.561655,13.849375],[100.562668,13.851217],[100.563601,13.852826],[100.56538,13.856056],[100.566509,13.85831],[100.567513,13.860215],[100.568754,13.862504],[100.570311,13.865202],[100.572251,13.868767],[100.573483,13.871071],[100.575225,13.874194],[100.576008,13.875577],[100.578633,13.880335],[100.580489,13.88379],[100.58192,13.886323],[100.586175,13.894048],[100.588857,13.898667],[100.589489,13.899784],[100.590613,13.901927],[100.592083,13.904567],[100.592525,13.905308]]},"properties":{"@id":"way/783249086","bridge":"viaduct","description":"New SRT main line","electrified":"contact_line","frequency":"50","gauge":"1000","layer":"3","maxspeed":"160","oneway":"yes","operator":"การรถไฟแห่งประเทศไทย","railway":"rail","railway:etcs":"1","tracks":"1","train":"yes","usage":"main","voltage":"25000"},"id":"way/783249086"},{"type":"Feature","geometry":{"type":"LineString","coordinates":[[100.545073,13.816014],[100.545268,13.816956],[100.545411,13.817514],[100.545662,13.818353],[100.54591,13.819183]]},"properties":{"@id":"way/783332272","bridge":"viaduct","colour":"#E10506","description":"New SRT main line","electrified":"contact_line","frequency":"50","gauge":"1000","layer":"2","level":"2","operator":"การรถไฟแห่งประเทศไทย","railway":"rail","railway:etcs":"1","tracks":"1","train":"yes","usage":"main","voltage":"25000"},"id":"way/783332272"},{"type":"Feature","geometry":{"type":"LineString","coordinates":[[100.54597,13.819167],[100.545787,13.818319],[100.54564,13.817455],[100.545539,13.816905],[100.545318,13.815861]]},"properties":{"@id":"way/783332273","bridge":"viaduct","colour":"#E10506","description":"New SRT main line","electrified":"contact_line","frequency":"50","gauge":"1000","layer":"2","level":"2","operator":"การรถไฟแห่งประเทศไทย","railway":"rail","railway:etcs":"1","tracks":"1","train":"yes","usage":"main","voltage":"25000"},"id":"way/783332273"},{"type":"Feature","geometry":{"type":"LineString","coordinates":[[100.594803,13.909282],[100.596092,13.911562]]},"properties":{"@id":"way/783332274","bridge":"viaduct","description":"New SRT main line","electrified":"no","gauge":"1000","layer":"2","maxspeed":"160","name":"ทางรถไฟสายเหนือ/ตะวันออกเฉียงเหนือ","oneway":"yes","operator":"การรถไฟแห่งประเทศไทย","railway":"rail","railway:etcs":"1","tracks":"1","train":"yes","usage":"main"},"id":"way/783332274"},{"type":"Feature","geometry":{"type":"LineString","coordinates":[[100.596136,13.91154],[100.594848,13.909257]]},"properties":{"@id":"way/783332275","bridge":"viaduct","description":"New SRT main line","electrified":"no","gauge":"1000","layer":"2","maxspeed":"160","name":"ทางรถไฟสายเหนือ/ตะวันออกเฉียงเหนือ","oneway":"yes","operator":"การรถไฟแห่งประเทศไทย","railway":"rail","railway:etcs":"1","tracks":"1","train":"yes","usage":"main"},"id":"way/783332275"},{"type":"Feature","geometry":{"type":"LineString","coordinates":[[100.54669,13.819178],[100.546887,13.820234],[100.547138,13.821018],[100.547489,13.821766],[100.548297,13.823408]]},"properties":{"@id":"way/783335503","bridge":"viaduct","construction":"rail","construction:electrified":"contact_line","construction:frequency":"50","construction:railway":"rail","construction:voltage":"25000","gauge":"1435","highspeed":"yes","layer":"3","name":"รถไฟความเร็วสายอีสาน","name:th":"รถไฟความเร็วสายอีสาน","railway":"construction","tracks":"1","train":"yes","usage":"main"},"id":"way/783335503"},{"type":"Feature","geometry":{"type":"LineString","coordinates":[[100.642078,13.849676],[100.642476,13.849462],[100.642869,13.84925],[100.650234,13.845243],[100.658781,13.840609],[100.661963,13.838883],[100.662129,13.83879],[100.662289,13.838696],[100.662441,13.838598],[100.662603,13.838488],[100.662755,13.838378],[100.662915,13.838257],[100.663123,13.838086],[100.663301,13.837926],[100.663464,13.837772],[100.667563,13.833766],[100.671389,13.830061],[100.677195,13.82444],[100.678212,13.823435],[100.678373,13.823276],[100.678628,13.823023],[100.678796,13.82286],[100.678983,13.822685],[100.679168,13.822513],[100.67937,13.822333],[100.679573,13.822155],[100.679765,13.821984],[100.679956,13.821818],[100.68017,13.821646],[100.680391,13.821475],[100.680615,13.821296],[100.680827,13.821104],[100.681039,13.820903],[100.681611,13.820356],[100.681796,13.820181],[100.681989,13.820002],[100.682206,13.819807],[100.682398,13.81964],[100.682612,13.819452],[100.682808,13.819271],[100.684207,13.817967],[100.684279,13.817899],[100.684354,13.817823],[100.684425,13.817748],[100.68449,13.817676],[100.684568,13.817585],[100.684666,13.817467],[100.68476,13.817361],[100.684852,13.817263],[100.684943,13.817172],[100.685641,13.81652],[100.688375,13.81394],[100.68858,13.813755],[100.688794,13.813581],[100.689021,13.813423],[100.689254,13.813279],[100.689499,13.813153],[100.689713,13.813058],[100.68991,13.81298],[100.690098,13.812915],[100.690287,13.812861],[100.690492,13.812815],[100.690698,13.812779],[100.69092,13.812754],[100.691135,13.812741],[100.69135,13.812737],[100.697173,13.812717],[100.697758,13.812716],[100.702928,13.812702],[100.712628,13.812678],[100.713561,13.812674],[100.713702,13.812672],[100.713826,13.812667],[100.713952,13.812659],[100.714096,13.812644],[100.714215,13.812628],[100.714893,13.81253],[100.715031,13.812513],[100.715174,13.8125],[100.715303,13.812493],[100.715424,13.812488],[100.717963,13.812469],[100.718157,13.812473],[100.718314,13.812481],[100.718469,13.812498],[100.71863,13.812518],[100.719017,13.812561],[100.719148,13.812575],[100.71929,13.81259],[100.719452,13.812601],[100.71961,13.812605],[100.719754,13.812605],[100.725833,13.812493],[100.728889,13.812426],[100.728994,13.812421],[100.729105,13.812411],[100.729198,13.812392],[100.729293,13.812363],[100.729372,13.812332],[100.729456,13.812288],[100.729529,13.81224],[100.729597,13.81219],[100.729662,13.812134],[100.731227,13.810778],[100.731367,13.810656],[100.731478,13.810548],[100.731585,13.810432],[100.73168,13.810321],[100.73177,13.810202],[100.731846,13.810089],[100.731914,13.809973]]},"properties":{"@id":"way/783360022","bridge":"viaduct","check_date":"2023-11-20","colour":"#EDA0C2","electrified":"rail","frequency":"0","layer":"2","maxspeed":"80","name":"รถไฟฟ้ามหานคร สายสีชมพู","name:en":"MRT Pink Line","name:th":"รถไฟฟ้ามหานคร สายสีชมพู","opening_date":"2023-11-21","operator":"นอร์ทเทิร์นบางกอกโมโนเรล","railway":"monorail","railway:cbtc":"uto","tracks":"2","voltage":"750","wikidata":"Q6584557","wikipedia":"en:Pink Line (Bangkok)"},"id":"way/783360022"},{"type":"Feature","geometry":{"type":"LineString","coordinates":[[100.59582,13.876392],[100.59592,13.876335],[100.595992,13.876289],[100.596057,13.876239],[100.596124,13.876187],[100.596171,13.876143],[100.596218,13.876094],[100.596262,13.876044],[100.596317,13.875976],[100.596387,13.875879],[100.596457,13.875771],[100.597268,13.874461],[100.597453,13.874163],[100.59752,13.874056],[100.597584,13.873956],[100.597651,13.873862],[100.597723,13.873773],[100.597801,13.873686],[100.597874,13.873623],[100.597956,13.87356],[100.598079,13.873483],[100.598196,13.873414]]},"properties":{"@id":"way/783365160","bridge":"viaduct","check_date":"2023-11-20","colour":"#EDA0C2","electrified":"rail","frequency":"0","layer":"2","maxspeed":"80","name":"รถไฟฟ้ามหานคร สายสีชมพู","name:en":"MRT Pink Line","name:th":"รถไฟฟ้ามหานคร สายสีชมพู","opening_date":"2023-11-21","operator":"นอร์ทเทิร์นบางกอกโมโนเรล","railway":"monorail","railway:cbtc":"uto","tracks":"1","usage":"main","voltage":"750","wikidata":"Q6584557","wikipedia":"en:Pink Line (Bangkok)"},"id":"way/783365160"},{"type":"Feature","geometry":{"type":"LineString","coordinates":[[100.598084,13.873239],[100.597993,13.87329],[100.5979,13.873344],[100.59782,13.873397],[100.597759,13.873444],[100.597696,13.873497],[100.597618,13.873576],[100.597543,13.873664],[100.597471,13.873769],[100.597405,13.873869],[100.597295,13.874009],[100.597078,13.87435],[100.596534,13.875208],[100.596428,13.875446],[100.596374,13.875526],[100.596321,13.875599],[100.596266,13.87567],[100.596224,13.875722],[100.596184,13.875772],[100.596142,13.87582],[100.596098,13.875868],[100.596054,13.875909],[100.596003,13.875948],[100.595944,13.875989],[100.595888,13.876022],[100.595665,13.876149]]},"properties":{"@id":"way/783365161","bridge":"viaduct","check_date":"2023-11-20","colour":"#EDA0C2","electrified":"rail","frequency":"0","layer":"2","maxspeed":"80","name":"รถไฟฟ้ามหานคร สายสีชมพู","name:en":"MRT Pink Line","name:th":"รถไฟฟ้ามหานคร สายสีชมพู","opening_date":"2023-11-21","operator":"นอร์ทเทิร์นบางกอกโมโนเรล","railway":"monorail","railway:cbtc":"uto","tracks":"1","usage":"main","voltage":"750","wikidata":"Q6584557","wikipedia":"en:Pink Line (Bangkok)"},"id":"way/783365161"},{"type":"Feature","geometry":{"type":"LineString","coordinates":[[100.542062,13.806397],[100.542185,13.806664],[100.54257,13.807379]]},"properties":{"@id":"way/783768772","bridge":"viaduct","description":"Northern/northeastern line","electrified":"contact_line","frequency":"50","gauge":"1000","layer":"1","level":"2","operator":"การรถไฟแห่งประเทศไทย","railway":"rail","railway:etcs":"1","tracks":"1","train":"yes","usage":"main","voltage":"25000"},"id":"way/783768772"},{"type":"Feature","geometry":{"type":"LineString","coordinates":[[101.100545,13.842494],[101.10057,13.842631]]},"properties":{"@id":"way/787890052","bridge":"yes","electrified":"no","gauge":"1000","layer":"1","operator":"การรถไฟแห่งประเทศไทย","passenger_lines":"1","railway":"rail","railway:etcs":"1","usage":"main"},"id":"way/787890052"},{"type":"Feature","geometry":{"type":"LineString","coordinates":[[101.10057,13.842631],[101.102128,13.850401],[101.103548,13.857463]]},"properties":{"@id":"way/787890053","electrified":"no","gauge":"1000","operator":"การรถไฟแห่งประเทศไทย","passenger_lines":"1","railway":"rail","railway:etcs":"1","usage":"main"},"id":"way/787890053"},{"type":"Feature","geometry":{"type":"LineString","coordinates":[[101.098962,13.833795],[101.099005,13.834029]]},"properties":{"@id":"way/787890054","bridge":"yes","electrified":"no","gauge":"1000","layer":"1","operator":"การรถไฟแห่งประเทศไทย","passenger_lines":"1","railway":"rail","railway:etcs":"1","usage":"main"},"id":"way/787890054"},{"type":"Feature","geometry":{"type":"LineString","coordinates":[[101.099005,13.834029],[101.100545,13.842494]]},"properties":{"@id":"way/787890055","electrified":"no","gauge":"1000","operator":"การรถไฟแห่งประเทศไทย","passenger_lines":"1","railway":"rail","railway:etcs":"1","usage":"main"},"id":"way/787890055"},{"type":"Feature","geometry":{"type":"LineString","coordinates":[[101.095103,13.812594],[101.095748,13.816441],[101.098206,13.829641],[101.098962,13.833795]]},"properties":{"@id":"way/787890056","electrified":"no","gauge":"1000","operator":"การรถไฟแห่งประเทศไทย","passenger_lines":"1","railway":"rail","railway:etcs":"1","usage":"main"},"id":"way/787890056"},{"type":"Feature","geometry":{"type":"LineString","coordinates":[[101.095081,13.812473],[101.095103,13.812594]]},"properties":{"@id":"way/787890057","bridge":"yes","electrified":"no","gauge":"1000","layer":"1","operator":"การรถไฟแห่งประเทศไทย","passenger_lines":"1","railway":"rail","railway:etcs":"1","usage":"main"},"id":"way/787890057"},{"type":"Feature","geometry":{"type":"LineString","coordinates":[[101.080127,13.693744],[101.079846,13.693592],[101.079522,13.693446],[101.079117,13.693295],[101.078769,13.693222],[101.078368,13.69317],[101.077993,13.69317],[101.07762,13.693196],[101.076805,13.693297],[101.076332,13.693355],[101.075863,13.693407],[101.074225,13.693616],[101.071597,13.693951],[101.06512,13.694774],[101.064912,13.6948],[101.064124,13.694889]]},"properties":{"@id":"way/789259544","electrified":"no","gauge":"1000","name":"ทางรถไฟสายตะวันออก","name:th":"ทางรถไฟสายตะวันออก","passenger_lines":"2","railway":"rail","railway:etcs":"1","ref":"ตะวันออก","usage":"main"},"id":"way/789259544"},{"type":"Feature","geometry":{"type":"LineString","coordinates":[[101.111665,13.896691],[101.112391,13.899981],[101.112825,13.902359],[101.112845,13.902452],[101.112876,13.9026],[101.113662,13.906339],[101.113846,13.907217],[101.114488,13.910384],[101.114723,13.911556]]},"properties":{"@id":"way/789622019","electrified":"no","gauge":"1000","operator":"การรถไฟแห่งประเทศไทย","passenger_lines":"1","railway":"rail","railway:etcs":"1","usage":"main"},"id":"way/789622019"},{"type":"Feature","geometry":{"type":"LineString","coordinates":[[101.107212,13.875233],[101.107278,13.875557]]},"properties":{"@id":"way/789622032","bridge":"yes","electrified":"no","gauge":"1000","layer":"1","operator":"การรถไฟแห่งประเทศไทย","passenger_lines":"1","railway":"rail","railway:etcs":"1","source":"Bing","usage":"main"},"id":"way/789622032"},{"type":"Feature","geometry":{"type":"LineString","coordinates":[[101.106309,13.870852],[101.107212,13.875233]]},"properties":{"@id":"way/789622052","electrified":"no","gauge":"1000","operator":"การรถไฟแห่งประเทศไทย","passenger_lines":"1","railway":"rail","railway:etcs":"1","usage":"main"},"id":"way/789622052"},{"type":"Feature","geometry":{"type":"LineString","coordinates":[[101.106245,13.870539],[101.106309,13.870852]]},"properties":{"@id":"way/789622060","bridge":"yes","electrified":"no","gauge":"1000","layer":"1","operator":"การรถไฟแห่งประเทศไทย","passenger_lines":"1","railway":"rail","railway:etcs":"1","source":"Bing","surface":"concrete","usage":"main"},"id":"way/789622060"},{"type":"Feature","geometry":{"type":"LineString","coordinates":[[100.582762,14.224272],[100.58297,14.226007]]},"properties":{"@id":"way/790019474","electrified":"no","gauge":"1000","operator":"การรถไฟแห่งประเทศไทย","passenger_lines":"2","railway":"rail","railway:etcs":"1","usage":"main"},"id":"way/790019474"},{"type":"Feature","geometry":{"type":"LineString","coordinates":[[100.582722,14.223938],[100.582762,14.224272]]},"properties":{"@id":"way/790019475","bridge":"yes","electrified":"no","gauge":"1000","layer":"1","operator":"การรถไฟแห่งประเทศไทย","passenger_lines":"2","railway":"rail","railway:etcs":"1","usage":"main"},"id":"way/790019475"},{"type":"Feature","geometry":{"type":"LineString","coordinates":[[100.582715,14.224277],[100.582919,14.226011]]},"properties":{"@id":"way/790019476","electrified":"no","gauge":"1000","operator":"การรถไฟแห่งประเทศไทย","passenger_lines":"2","railway":"rail","railway:etcs":"1","source":"GPS","usage":"main"},"id":"way/790019476"},{"type":"Feature","geometry":{"type":"LineString","coordinates":[[100.582676,14.223947],[100.582715,14.224277]]},"properties":{"@id":"way/790019477","bridge":"yes","electrified":"no","gauge":"1000","layer":"1","operator":"การรถไฟแห่งประเทศไทย","passenger_lines":"2","railway":"rail","railway:etcs":"1","source":"GPS","usage":"main"},"id":"way/790019477"},{"type":"Feature","geometry":{"type":"LineString","coordinates":[[100.599291,13.879854],[100.599356,13.880011],[100.599428,13.880165],[100.599501,13.880311],[100.599582,13.88045],[100.600418,13.881874],[100.600744,13.882428],[100.60075,13.882439],[100.601082,13.883003],[100.603943,13.887866],[100.604288,13.888441],[100.604625,13.889005],[100.608456,13.895515],[100.608765,13.896039],[100.609098,13.896604],[100.611737,13.901082],[100.613932,13.904804],[100.617087,13.910148],[100.617417,13.910705],[100.617753,13.911272],[100.621376,13.917391],[100.621713,13.917961],[100.621714,13.917962],[100.622051,13.918531],[100.625184,13.923863],[100.625855,13.925001],[100.626201,13.925589],[100.62635,13.92584],[100.626393,13.9259],[100.62647,13.92601],[100.626576,13.926153],[100.62669,13.926273],[100.626838,13.92639],[100.626995,13.926491],[100.627149,13.926575],[100.627315,13.926646],[100.627481,13.926707],[100.628071,13.926913],[100.628274,13.92698],[100.628487,13.927062],[100.628702,13.92715],[100.628865,13.927226],[100.629037,13.927306],[100.629766,13.927698],[100.630228,13.927946],[100.632752,13.929327],[100.634982,13.930549],[100.636596,13.931451],[100.636849,13.931584],[100.63701,13.931666],[100.637172,13.931748],[100.637457,13.931874],[100.637741,13.931985],[100.638021,13.932088],[100.638259,13.932163],[100.638527,13.932233],[100.638772,13.932294],[100.638983,13.93234],[100.639208,13.932381],[100.639452,13.93242],[100.639686,13.93245],[100.639929,13.93247],[100.640169,13.932483],[100.640451,13.932491],[100.640753,13.932484],[100.641915,13.932444],[100.64356,13.932414],[100.643884,13.932406],[100.644441,13.932393],[100.644804,13.932384],[100.644906,13.932383],[100.645862,13.932364],[100.646523,13.932348],[100.646538,13.932348],[100.64721,13.932331]]},"properties":{"@id":"way/791625654","bridge":"viaduct","colour":"#76B729","electrified":"rail","frequency":"0","gauge":"1435","layer":"3","maxspeed":"80","name":"รถไฟฟ้าบีทีเอส สายสุขุมวิท","name:en":"BTS Sukhumvit Line","name:th":"รถไฟฟ้าบีทีเอส สายสุขุมวิท","network":"BTS","official_name":"รถไฟฟ้าเฉลิมพระเกียรติ 6 รอบพระชนมพรรษา สาย 1","opening_date":"2020-12-16","operator":"กรุงเทพธนาคม","railway":"subway","railway:cbtc":"sto","railway:preferred_direction":"backward","railway:track_ref":"1","ref":"สุขุมวิท","tracks":"1","usage":"main","voltage":"750","wikidata":"Q4921598","wikipedia":"th:รถไฟฟ้าบีทีเอส สายสุขุมวิท"},"id":"way/791625654"},{"type":"Feature","geometry":{"type":"LineString","coordinates":[[100.588721,14.273641],[100.588951,14.275427],[100.589133,14.276959],[100.589191,14.277453],[100.589204,14.277614],[100.589213,14.277779],[100.589217,14.27803],[100.589212,14.278302],[100.589183,14.278689],[100.589153,14.279008],[100.589022,14.280113],[100.588091,14.288085],[100.586471,14.301945]]},"properties":{"@id":"way/799126004","electrified":"no","gauge":"1000","name":"ทางรถไฟสายเหนือ-ตะวันออกเฉียงเหนือ","name:en":"Northern-Northeastern Line","operator":"การรถไฟแห่งประเทศไทย","railway":"rail","railway:etcs":"1","usage":"main"},"id":"way/799126004"},{"type":"Feature","geometry":{"type":"LineString","coordinates":[[100.588613,14.273639],[100.588835,14.27544],[100.589021,14.276972],[100.589071,14.277462],[100.589092,14.277803],[100.5891,14.278032],[100.589101,14.278187],[100.589089,14.278361],[100.589069,14.278663],[100.589037,14.278998],[100.588931,14.279802],[100.588892,14.280099],[100.588655,14.282139],[100.586352,14.301935]]},"properties":{"@id":"way/799126008","electrified":"no","gauge":"1000","name":"ทางรถไฟสายเหนือ-ตะวันออกเฉียงเหนือ","name:en":"Northern-Northeastern Line","operator":"การรถไฟแห่งประเทศไทย","railway":"rail","railway:etcs":"1","usage":"main"},"id":"way/799126008"},{"type":"Feature","geometry":{"type":"LineString","coordinates":[[100.595881,13.87392],[100.594975,13.872403],[100.594795,13.872122],[100.59464,13.871927],[100.594472,13.87172],[100.59433,13.871521],[100.59419,13.871297],[100.594107,13.87116],[100.593732,13.870522],[100.592322,13.868131],[100.591993,13.867571],[100.591656,13.866999],[100.590818,13.865577],[100.589249,13.862926],[100.585942,13.857311],[100.585533,13.856601],[100.585199,13.856037],[100.584864,13.855473],[100.582165,13.850885],[100.581835,13.850317],[100.581505,13.849749],[100.5808,13.848556],[100.580475,13.848017],[100.580059,13.847262],[100.579715,13.84668],[100.57964,13.846553],[100.578442,13.844513],[100.577123,13.842302],[100.575819,13.840117],[100.573986,13.836963],[100.573648,13.836392],[100.573311,13.835821],[100.57303,13.835348],[100.572748,13.834873],[100.570558,13.831136],[100.570075,13.83031],[100.56974,13.829738],[100.569405,13.829166],[100.568983,13.82844],[100.566771,13.824675],[100.566441,13.824114],[100.566105,13.82354],[100.563296,13.818753]]},"properties":{"@id":"way/815065850","bridge":"viaduct","electrified":"rail","frequency":"0","gauge":"1435","layer":"3","maxspeed":"80","name":"รถไฟฟ้าบีทีเอส สายสุขุมวิท","name:en":"BTS Sukhumvit Line","name:th":"รถไฟฟ้าบีทีเอส สายสุขุมวิท","network":"BTS","official_name":"รถไฟฟ้าเฉลิมพระเกียรติ 6 รอบพระชนมพรรษา สาย 1","operator":"กรุงเทพธนาคม","railway":"subway","railway:cbtc":"sto","railway:preferred_direction":"forward","railway:track_ref":"1","ref":"สุขุมวิท","tracks":"1","usage":"main","voltage":"750","wikidata":"Q4921598","wikipedia":"th:รถไฟฟ้าบีทีเอส สายสุขุมวิท"},"id":"way/815065850"},{"type":"Feature","geometry":{"type":"LineString","coordinates":[[100.595857,13.873953],[100.595996,13.874196],[100.59668,13.875339],[100.597353,13.876479],[100.597505,13.876743],[100.597771,13.877206],[100.598643,13.878692],[100.598983,13.879267],[100.599068,13.879429],[100.599135,13.879582],[100.599202,13.879735],[100.59925,13.879862]]},"properties":{"@id":"way/815065851","bridge":"viaduct","electrified":"rail","frequency":"0","gauge":"1435","layer":"4","maxspeed":"80","name":"รถไฟฟ้าบีทีเอส สายสุขุมวิท","name:en":"BTS Sukhumvit Line","name:th":"รถไฟฟ้าบีทีเอส สายสุขุมวิท","network":"BTS","official_name":"รถไฟฟ้าเฉลิมพระเกียรติ 6 รอบพระชนมพรรษา สาย 1","operator":"กรุงเทพธนาคม","railway":"subway","railway:cbtc":"sto","railway:preferred_direction":"forward","railway:track_ref":"2","ref":"สุขุมวิท","tracks":"1","usage":"main","voltage":"750","wikidata":"Q4921598","wikipedia":"th:รถไฟฟ้าบีทีเอส สายสุขุมวิท"},"id":"way/815065851"},{"type":"Feature","geometry":{"type":"LineString","coordinates":[[100.675009,13.994275],[100.675008,13.994519],[100.675034,13.994618],[100.675134,13.994855],[100.675221,13.995003],[100.675226,13.995051],[100.675177,13.995109],[100.675108,13.995108],[100.675046,13.995052],[100.67503,13.99497],[100.675024,13.99489],[100.6749,13.994665],[100.674867,13.994571],[100.674874,13.99407],[100.674788,13.993919],[100.674769,13.99365],[100.674789,13.993571],[100.674843,13.993497],[100.674916,13.993471],[100.675008,13.993476],[100.675119,13.99352],[100.6752,13.993582],[100.675356,13.994004],[100.675329,13.9941],[100.675274,13.994161],[100.675173,13.994186],[100.675087,13.99419],[100.675027,13.994218],[100.675009,13.994275]]},"properties":{"@id":"way/817582929","bridge":"yes","layer":"1","railway":"monorail","usage":"tourism"},"id":"way/817582929"},{"type":"Feature","geometry":{"type":"LineString","coordinates":[[100.572297,13.76402],[100.573282,13.762862],[100.573451,13.762711],[100.573629,13.762589],[100.573813,13.762535],[100.574014,13.762531],[100.574247,13.762575],[100.576729,13.763395]]},"properties":{"@id":"way/824159877","construction":"subway","construction:frequency":"0","construction:railway":"subway","construction:voltage":"750","electrified":"rail","frequency":"0","gauge":"1435","layer":"-1","maxspeed":"80","operator":"ทางด่วนและรถไฟฟ้ากรุงเทพ","railway":"construction","tunnel":"yes","voltage":"750"},"id":"way/824159877"},{"type":"Feature","geometry":{"type":"LineString","coordinates":[[100.577325,13.763544],[100.577232,13.763506],[100.577142,13.76347],[100.576928,13.763381],[100.576813,13.763335],[100.576707,13.763296],[100.576587,13.763252],[100.576454,13.763206],[100.574608,13.762576],[100.574452,13.762512],[100.574307,13.762436],[100.574174,13.76235],[100.574054,13.762257],[100.573952,13.762173],[100.573842,13.762062],[100.573737,13.761938],[100.573672,13.761826],[100.573597,13.761701],[100.573546,13.76159],[100.573493,13.761457],[100.573455,13.761321],[100.573428,13.761204],[100.573412,13.76106],[100.573399,13.7609],[100.573406,13.76073],[100.573479,13.759772]]},"properties":{"@id":"way/824159878","bridge":"yes","construction":"subway","construction:frequency":"0","construction:railway":"subway","construction:voltage":"750","electrified":"rail","frequency":"0","gauge":"1435","layer":"1","maxspeed":"80","operator":"ทางด่วนและรถไฟฟ้ากรุงเทพ","railway":"construction","service":"yard","voltage":"750"},"id":"way/824159878"},{"type":"Feature","geometry":{"type":"LineString","coordinates":[[101.08201,13.467643],[101.081751,13.466358]]},"properties":{"@id":"way/827083997","electrified":"no","gauge":"1000","name":"ทางรถไฟสายตะวันออก","name:th":"ทางรถไฟสายตะวันออก","passenger_lines":"2","railway":"rail","railway:etcs":"1","ref":"ตะวันออก","source":"Bing","usage":"main"},"id":"way/827083997"},{"type":"Feature","geometry":{"type":"LineString","coordinates":[[101.082747,13.471347],[101.082732,13.471271],[101.082043,13.467836]]},"properties":{"@id":"way/827083998","electrified":"no","gauge":"1000","name":"ทางรถไฟสายตะวันออก","name:th":"ทางรถไฟสายตะวันออก","passenger_lines":"2","railway":"rail","railway:etcs":"1","ref":"ตะวันออก","source":"Bing","usage":"main"},"id":"way/827083998"},{"type":"Feature","geometry":{"type":"LineString","coordinates":[[101.082157,13.467857],[101.082102,13.467591]]},"properties":{"@id":"way/827083999","bridge":"yes","electrified":"no","gauge":"1000","layer":"1","name":"ทางรถไฟสายตะวันออก","name:th":"ทางรถไฟสายตะวันออก","passenger_lines":"2","railway":"rail","railway:etcs":"1","ref":"ตะวันออก","usage":"main"},"id":"way/827083999"},{"type":"Feature","geometry":{"type":"LineString","coordinates":[[101.082861,13.471344],[101.082851,13.471292],[101.082157,13.467857]]},"properties":{"@id":"way/827084000","electrified":"no","gauge":"1000","name":"ทางรถไฟสายตะวันออก","name:th":"ทางรถไฟสายตะวันออก","passenger_lines":"2","railway":"rail","railway:etcs":"1","ref":"ตะวันออก","usage":"main"},"id":"way/827084000"},{"type":"Feature","geometry":{"type":"LineString","coordinates":[[100.748086,13.682329],[100.748134,13.68252],[100.750387,13.691459],[100.750424,13.691604]]},"properties":{"@id":"way/828450090","electrified":"rail","frequency":"0","gauge":"2080","layer":"-1","name":"ระบบขนส่งผู้โดยสารอัตโนมัติท่าอากาศยานสุวรรณภูมิ","name:en":"Suvarnabhumi Airport Automated People Mover","name:th":"ระบบขนส่งผู้โดยสารอัตโนมัติท่าอากาศยานสุวรรณภูมิ","oneway":"yes","operator":"บริษัท ท่าอากาศยานไทย จำกัด (มหาชน)","railway":"light_rail","railway:cbtc":"uto","short_name":"เอพีเอ็ม สุวรรณภูมิ","tunnel":"yes","voltage":"750"},"id":"way/828450090"},{"type":"Feature","geometry":{"type":"LineString","coordinates":[[100.570083,13.766291],[100.564462,13.772007],[100.564189,13.772204],[100.563895,13.772302],[100.554282,13.773196],[100.553908,13.773088],[100.553613,13.773038],[100.553378,13.772979],[100.553098,13.772801],[100.552859,13.772505],[100.552192,13.771434],[100.55149,13.770105],[100.550723,13.768618],[100.548391,13.76512],[100.548043,13.76439],[100.547846,13.764196],[100.547489,13.763941],[100.543281,13.762945],[100.542854,13.762834],[100.54277,13.762777],[100.542714,13.762745],[100.542667,13.762661],[100.542615,13.762589],[100.542557,13.762452],[100.542492,13.762127],[100.542431,13.761841],[100.542406,13.761698],[100.542406,13.761568],[100.542406,13.760895],[100.542392,13.758224],[100.542381,13.756379],[100.542358,13.756124],[100.542299,13.755838],[100.542081,13.754923],[100.541975,13.754236],[100.541585,13.752646],[100.541468,13.752152],[100.541157,13.750817],[100.541055,13.750342],[100.54103,13.7502],[100.54098,13.750148],[100.540927,13.750125],[100.540838,13.750103],[100.540747,13.750116],[100.540353,13.750231],[100.539326,13.750589],[100.538719,13.750797],[100.537938,13.751079],[100.536911,13.751485],[100.536671,13.751609],[100.533225,13.752793],[100.531277,13.753471],[100.521117,13.757102],[100.520767,13.757155],[100.520469,13.757121],[100.520111,13.757113],[100.518188,13.75691],[100.516151,13.756699],[100.515773,13.756675],[100.512112,13.756574],[100.506445,13.756443],[100.504741,13.756363],[100.504179,13.756447],[100.502097,13.756878],[100.500099,13.757294],[100.496978,13.757937],[100.496663,13.757965],[100.496471,13.757967],[100.496044,13.757893],[100.494955,13.757698],[100.494531,13.757714],[100.494319,13.757745],[100.494134,13.757874],[100.493512,13.758549],[100.492302,13.759903],[100.491727,13.760467],[100.491546,13.760612],[100.491308,13.760687],[100.491213,13.760685],[100.49047,13.760705],[100.489428,13.760702],[100.487401,13.760731],[100.4845,13.76081],[100.483427,13.76085],[100.483036,13.760868],[100.480849,13.760806],[100.478682,13.760716],[100.476781,13.760771],[100.476165,13.760889],[100.47566,13.761043],[100.475234,13.761211],[100.474606,13.761509],[100.474059,13.761899],[100.472433,13.763187],[100.470987,13.764357],[100.469294,13.765709]]},"properties":{"@id":"way/828567473","colour":"#FF6610","construction":"subway","construction:electrified":"rail","construction:frequency":"0","construction:railway":"subway","construction:voltage":"750","electrified":"rail","frequency":"0","gauge":"1435","layer":"-2","location":"underground","maxspeed":"80","name":"รถไฟฟ้าสายสีส้มตะวันตก ช่วงศูนย์วัฒนธรรมฯ-บางขุนนนท์","name:en":"MRT Orange Line","name:th":"รถไฟฟ้าสายสีส้มตะวันตก ช่วงศูนย์วัฒนธรรมฯ-บางขุนนนท์","name:zh":"曼谷地铁橙线","operator":"ทางด่วนและรถไฟฟ้ากรุงเทพ","railway":"construction","ref":"OR","tunnel":"yes","usage":"main","voltage":"750"},"id":"way/828567473"},{"type":"Feature","geometry":{"type":"LineString","coordinates":[[100.431128,13.796522],[100.432396,13.795372],[100.43305,13.794815],[100.434109,13.793969],[100.434252,13.793834],[100.434665,13.793468],[100.435405,13.792798],[100.435868,13.79243],[100.436405,13.792004],[100.437634,13.790973],[100.438044,13.790627],[100.43861,13.790164],[100.438963,13.789897],[100.439161,13.789738],[100.439926,13.789127],[100.44127,13.788037],[100.441557,13.787827],[100.442115,13.787462],[100.442367,13.787285],[100.442719,13.787032]]},"properties":{"@id":"way/829213525","electrified":"no","gauge":"1000","name":"สายใต้","name:en":"Southern Line","name:th":"สายใต้","operator":"การรถไฟแห่งประเทศไทย","passenger_lines":"2","railway":"rail","railway:etcs":"1","railway:track_ref":"0","ref":"ใต้","tracks":"1","train":"yes","usage":"main"},"id":"way/829213525"},{"type":"Feature","geometry":{"type":"LineString","coordinates":[[100.468883,13.766097],[100.471197,13.764242],[100.472557,13.763153],[100.472859,13.762911],[100.472877,13.762896]]},"properties":{"@id":"way/830801706","electrified":"no","gauge":"1000","name":"ทางรถไฟสายใต้","name:en":"Southern Line","operator":"การรถไฟแห่งประเทศไทย","passenger_lines":"1","railway":"rail","source":"Yahoo! Image","usage":"main"},"id":"way/830801706"},{"type":"Feature","geometry":{"type":"LineString","coordinates":[[100.468834,13.766136],[100.468883,13.766097]]},"properties":{"@id":"way/830801707","bridge":"yes","electrified":"no","gauge":"1000","layer":"1","name":"ทางรถไฟสายใต้","name:en":"Southern Line","operator":"การรถไฟแห่งประเทศไทย","passenger_lines":"1","railway":"rail","source":"Yahoo! Image","usage":"main"},"id":"way/830801707"},{"type":"Feature","geometry":{"type":"LineString","coordinates":[[100.456721,13.775842],[100.458545,13.774381],[100.461348,13.772134],[100.463172,13.770673],[100.465554,13.768764]]},"properties":{"@id":"way/830801775","electrified":"no","gauge":"1000","name":"ทางรถไฟสายใต้","name:en":"Southern Line","operator":"การรถไฟแห่งประเทศไทย","passenger_lines":"1","railway":"rail","source":"Yahoo! Image","usage":"main"},"id":"way/830801775"},{"type":"Feature","geometry":{"type":"LineString","coordinates":[[100.480103,13.760604],[100.480732,13.760636],[100.481156,13.760652],[100.482415,13.760659],[100.482432,13.76066],[100.482973,13.760668]]},"properties":{"@id":"way/830801783","electrified":"no","gauge":"1000","name":"ทางรถไฟสายใต้","name:en":"Southern Line","operator":"การรถไฟแห่งประเทศไทย","passenger_lines":"1","railway":"rail","source":"Yahoo! Image","usage":"main"},"id":"way/830801783"},{"type":"Feature","geometry":{"type":"LineString","coordinates":[[100.476535,13.760849],[100.476748,13.760812]]},"properties":{"@id":"way/830801784","bridge":"yes","electrified":"no","gauge":"1000","layer":"1","name":"ทางรถไฟสายใต้","name:en":"Southern Line","operator":"การรถไฟแห่งประเทศไทย","passenger_lines":"1","railway":"rail","source":"Yahoo! Image","usage":"main"},"id":"way/830801784"},{"type":"Feature","geometry":{"type":"LineString","coordinates":[[100.428403,13.798242],[100.428972,13.797976],[100.42939,13.797753],[100.429756,13.79753],[100.430261,13.797182],[100.430834,13.796745],[100.431128,13.796522]]},"properties":{"@id":"way/830801801","electrified":"contact_line","frequency":"50","gauge":"1000","maxspeed":"90","name":"สายใต้","name:en":"Southern Line","name:th":"สายใต้","operator":"การรถไฟแห่งประเทศไทย","passenger_lines":"2","railway":"rail","railway:etcs":"1","ref":"ใต้","tracks":"1","train":"yes","usage":"main","voltage":"25000"},"id":"way/830801801"},{"type":"Feature","geometry":{"type":"LineString","coordinates":[[100.455011,13.777213],[100.456345,13.776144]]},"properties":{"@id":"way/830801805","electrified":"no","gauge":"1000","name":"ทางรถไฟสายใต้","name:en":"Southern Line","operator":"การรถไฟแห่งประเทศไทย","passenger_lines":"1","railway":"rail","source":"Yahoo! Image","usage":"main"},"id":"way/830801805"},{"type":"Feature","geometry":{"type":"LineString","coordinates":[[100.456345,13.776144],[100.456721,13.775842]]},"properties":{"@id":"way/830801808","bridge":"yes","electrified":"no","gauge":"1000","layer":"1","name":"ทางรถไฟสายใต้","name:en":"Southern Line","operator":"การรถไฟแห่งประเทศไทย","passenger_lines":"1","railway":"rail","source":"Yahoo! Image","usage":"main"},"id":"way/830801808"},{"type":"Feature","geometry":{"type":"LineString","coordinates":[[100.442719,13.787032],[100.44323,13.786626],[100.443953,13.786076],[100.444924,13.78533],[100.445933,13.784487],[100.448282,13.782595],[100.449853,13.781345],[100.45066,13.780699]]},"properties":{"@id":"way/830801809","electrified":"no","gauge":"1000","name":"ทางรถไฟสายใต้","name:en":"Southern Line","operator":"การรถไฟแห่งประเทศไทย","passenger_lines":"1","railway":"rail","source":"Yahoo! Image","usage":"main"},"id":"way/830801809"},{"type":"Feature","geometry":{"type":"LineString","coordinates":[[100.503908,13.721051],[100.503882,13.721052],[100.503716,13.721055],[100.503487,13.721059],[100.503194,13.721063]]},"properties":{"@id":"way/833535040","bridge":"viaduct","colour":"#D4AF37","covered":"yes","electrified":"rail","frequency":"0","gauge":"1600","layer":"2","name":"รถไฟฟ้าสายสีทอง","name:en":"Gold Line","name:th":"รถไฟฟ้าสายสีทอง","opening_date":"2020-12-16","operator":"กรุงเทพธนาคม","railway":"monorail","railway:cbtc":"uto","railway:track_ref":"2","subway":"yes","usage":"main","voltage":"750"},"id":"way/833535040"},{"type":"Feature","geometry":{"type":"LineString","coordinates":[[100.520583,13.756476],[100.520775,13.756945],[100.520795,13.756994],[100.520808,13.757027],[100.520831,13.757085],[100.52089,13.757241]]},"properties":{"@id":"way/835519399","electrified":"no","gauge":"1000","maxspeed":"30","operator":"การรถไฟแห่งประเทศไทย","railway":"rail","railway:etcs":"1","source":"GPS","usage":"main"},"id":"way/835519399"},{"type":"Feature","geometry":{"type":"LineString","coordinates":[[100.443464,13.679504],[100.442869,13.678966],[100.442021,13.678207],[100.441717,13.677943],[100.440934,13.677237],[100.440548,13.676913],[100.439889,13.676319],[100.439379,13.675858],[100.438861,13.675402],[100.438056,13.674687],[100.437214,13.67393],[100.436189,13.673022],[100.433546,13.670657],[100.431647,13.668942],[100.43088,13.668272],[100.430111,13.667577]]},"properties":{"@id":"way/835519434","electrified":"no","gauge":"1000","maxspeed":"80","name":"ทางรถไฟสายแม่กลอง","name:en":"Mae Klong Line","operator":"การรถไฟแห่งประเทศไทย","railway":"rail","ref":"แม่กลอง","train":"yes","usage":"main"},"id":"way/835519434"},{"type":"Feature","geometry":{"type":"LineString","coordinates":[[100.446865,13.682587],[100.446777,13.6825]]},"properties":{"@id":"way/835519435","bridge":"yes","electrified":"no","gauge":"1000","layer":"1","maxspeed":"80","name":"ทางรถไฟสายแม่กลอง","name:en":"Mae Klong Line","operator":"การรถไฟแห่งประเทศไทย","railway":"rail","ref":"แม่กลอง","train":"yes","usage":"main"},"id":"way/835519435"},{"type":"Feature","geometry":{"type":"LineString","coordinates":[[100.537624,13.798491],[100.537687,13.798675],[100.537744,13.798877],[100.537784,13.798986],[100.538129,13.799848],[100.538507,13.800747],[100.538784,13.801344]]},"properties":{"@id":"way/837411168","electrified":"no","gauge":"1000","maxspeed":"70","operator":"การรถไฟแห่งประเทศไทย","railway":"rail","railway:etcs":"1","tracks":"1","usage":"branch"},"id":"way/837411168"},{"type":"Feature","geometry":{"type":"LineString","coordinates":[[100.543354,13.812706],[100.543553,13.813169],[100.543766,13.813732],[100.544024,13.814489],[100.544229,13.815138],[100.544567,13.816183],[100.544868,13.817067]]},"properties":{"@id":"way/837411169","electrified":"no","gauge":"1000","maxspeed":"70","operator":"การรถไฟแห่งประเทศไทย","railway":"rail","railway:etcs":"1","tracks":"1","usage":"branch"},"id":"way/837411169"},{"type":"Feature","geometry":{"type":"LineString","coordinates":[[100.545022,13.817716],[100.545025,13.817836],[100.545022,13.818007],[100.545,13.818191],[100.544913,13.818512],[100.544879,13.818647],[100.544806,13.818839],[100.544714,13.819022],[100.544611,13.819194],[100.544524,13.819337],[100.544414,13.8195],[100.544325,13.819627],[100.544228,13.819749]]},"properties":{"@id":"way/837411172","electrified":"no","gauge":"1000","name":"สายใต้เดิม","name:en":"Former Southern Line","name:th":"สายใต้เดิม","operator":"การรถไฟแห่งประเทศไทย","railway":"rail","railway:etcs":"1","ref":"ใต้","tracks":"1","usage":"branch"},"id":"way/837411172"},{"type":"Feature","geometry":{"type":"LineString","coordinates":[[100.537034,13.821702],[100.537366,13.821671]]},"properties":{"@id":"way/837411173","bridge":"yes","electrified":"no","gauge":"1000","layer":"1","name":"สายใต้เดิม","name:en":"Former Southern Line","name:th":"สายใต้เดิม","operator":"การรถไฟแห่งประเทศไทย","railway":"rail","ref":"ใต้","tracks":"1","usage":"branch"},"id":"way/837411173"},{"type":"Feature","geometry":{"type":"LineString","coordinates":[[100.524218,13.821177],[100.524597,13.821387],[100.524839,13.821504],[100.525339,13.82172],[100.525606,13.821829],[100.525948,13.821953],[100.526276,13.822054],[100.526625,13.822146],[100.526985,13.822234],[100.527251,13.822283],[100.527528,13.822332],[100.527887,13.822369],[100.528354,13.822416],[100.528754,13.822429],[100.529249,13.822427],[100.529624,13.822409],[100.53006,13.822377],[100.532625,13.822131],[100.532781,13.822113],[100.536978,13.821707],[100.537034,13.821702]]},"properties":{"@id":"way/837411174","electrified":"no","gauge":"1000","name":"สายใต้เดิม","name:en":"Former Southern Line","name:th":"สายใต้เดิม","operator":"การรถไฟแห่งประเทศไทย","railway":"rail","ref":"ใต้","tracks":"1","usage":"branch"},"id":"way/837411174"},{"type":"Feature","geometry":{"type":"LineString","coordinates":[[100.537348,13.82158],[100.537018,13.821612]]},"properties":{"@id":"way/837411175","bridge":"yes","electrified":"no","gauge":"1000","layer":"1","name":"สายใต้เดิม","name:en":"Former Southern Line","name:th":"สายใต้เดิม","operator":"การรถไฟแห่งประเทศไทย","railway":"rail","ref":"ใต้","tracks":"1","usage":"branch"},"id":"way/837411175"},{"type":"Feature","geometry":{"type":"LineString","coordinates":[[100.539549,13.821362],[100.539071,13.821412],[100.539002,13.821419],[100.537348,13.82158]]},"properties":{"@id":"way/837411176","electrified":"no","gauge":"1000","name":"สายใต้เดิม","name:en":"Former Southern Line","name:th":"สายใต้เดิม","operator":"การรถไฟแห่งประเทศไทย","railway":"rail","ref":"ใต้","tracks":"1","usage":"branch"},"id":"way/837411176"},{"type":"Feature","geometry":{"type":"LineString","coordinates":[[100.665512,13.735547],[100.673188,13.734701],[100.6745,13.734554],[100.679582,13.734009],[100.683562,13.733554],[100.685072,13.733382],[100.685206,13.733366],[100.687356,13.733121]]},"properties":{"@id":"way/837929358","electrified":"no","gauge":"1000","name":"ทางรถไฟสายตะวันออก","name:th":"ทางรถไฟสายตะวันออก","operator":"การรถไฟแห่งประเทศไทย","passenger_lines":"2","railway":"rail","railway:etcs":"1","ref":"ตะวันออก","usage":"main","wikipedia":"en:State Railway of Thailand#Eastern Line"},"id":"way/837929358"},{"type":"Feature","geometry":{"type":"LineString","coordinates":[[100.656594,13.736538],[100.656684,13.736528]]},"properties":{"@id":"way/837929359","bridge":"yes","electrified":"no","gauge":"1000","layer":"1","name":"ทางรถไฟสายตะวันออก","name:th":"ทางรถไฟสายตะวันออก","operator":"การรถไฟแห่งประเทศไทย","passenger_lines":"2","railway":"rail","railway:etcs":"1","ref":"ตะวันออก","usage":"main","wikipedia":"en:State Railway of Thailand#Eastern Line"},"id":"way/837929359"},{"type":"Feature","geometry":{"type":"LineString","coordinates":[[100.598949,13.742991],[100.60018,13.742863],[100.600674,13.742805],[100.601403,13.742718],[100.601521,13.742704],[100.604884,13.742305],[100.610617,13.741679],[100.611835,13.741546],[100.616788,13.741004],[100.622711,13.74032],[100.623795,13.74022]]},"properties":{"@id":"way/837929360","electrified":"no","gauge":"1000","name":"ทางรถไฟสายตะวันออก","name:th":"ทางรถไฟสายตะวันออก","operator":"การรถไฟแห่งประเทศไทย","passenger_lines":"2","railway":"rail","ref":"ตะวันออก","usage":"main","wikipedia":"en:State Railway of Thailand#Eastern Line"},"id":"way/837929360"},{"type":"Feature","geometry":{"type":"LineString","coordinates":[[100.59836,13.743053],[100.598949,13.742991]]},"properties":{"@id":"way/837929361","bridge":"yes","electrified":"no","gauge":"1000","layer":"1","name":"ทางรถไฟสายตะวันออก","name:th":"ทางรถไฟสายตะวันออก","operator":"การรถไฟแห่งประเทศไทย","passenger_lines":"2","railway":"rail","ref":"ตะวันออก","usage":"main","wikipedia":"en:State Railway of Thailand#Eastern Line"},"id":"way/837929361"},{"type":"Feature","geometry":{"type":"LineString","coordinates":[[100.694583,13.732322],[100.694828,13.732295]]},"properties":{"@id":"way/837929362","bridge":"yes","electrified":"no","gauge":"1000","layer":"1","name":"ทางรถไฟสายตะวันออก","name:th":"ทางรถไฟสายตะวันออก","operator":"การรถไฟแห่งประเทศไทย","passenger_lines":"2","railway":"rail","railway:etcs":"1","ref":"ตะวันออก","usage":"main","wikipedia":"en:State Railway of Thailand#Eastern Line"},"id":"way/837929362"},{"type":"Feature","geometry":{"type":"LineString","coordinates":[[100.687544,13.733097],[100.68873,13.732963],[100.692039,13.732584],[100.693315,13.732453],[100.694583,13.732322]]},"properties":{"@id":"way/837929363","electrified":"no","gauge":"1000","name":"ทางรถไฟสายตะวันออก","name:th":"ทางรถไฟสายตะวันออก","operator":"การรถไฟแห่งประเทศไทย","passenger_lines":"2","railway":"rail","railway:etcs":"1","ref":"ตะวันออก","usage":"main","wikipedia":"en:State Railway of Thailand#Eastern Line"},"id":"way/837929363"},{"type":"Feature","geometry":{"type":"LineString","coordinates":[[100.694828,13.732295],[100.694909,13.732286],[100.698831,13.731856],[100.699108,13.731824],[100.705752,13.731074],[100.708186,13.730802],[100.708226,13.730798]]},"properties":{"@id":"way/837929364","electrified":"no","gauge":"1000","name":"ทางรถไฟสายตะวันออก","name:th":"ทางรถไฟสายตะวันออก","operator":"การรถไฟแห่งประเทศไทย","passenger_lines":"2","railway":"rail","railway:etcs":"1","ref":"ตะวันออก","usage":"main","wikipedia":"en:State Railway of Thailand#Eastern Line"},"id":"way/837929364"},{"type":"Feature","geometry":{"type":"LineString","coordinates":[[100.687356,13.733121],[100.687544,13.733097]]},"properties":{"@id":"way/837929365","bridge":"yes","electrified":"no","gauge":"1000","layer":"1","name":"ทางรถไฟสายตะวันออก","name:th":"ทางรถไฟสายตะวันออก","operator":"การรถไฟแห่งประเทศไทย","passenger_lines":"2","railway":"rail","railway:etcs":"1","ref":"ตะวันออก","usage":"main","wikipedia":"en:State Railway of Thailand#Eastern Line"},"id":"way/837929365"},{"type":"Feature","geometry":{"type":"LineString","coordinates":[[100.623795,13.74022],[100.623945,13.740207]]},"properties":{"@id":"way/837929366","bridge":"yes","electrified":"no","gauge":"1000","layer":"1","name":"ทางรถไฟสายตะวันออก","name:th":"ทางรถไฟสายตะวันออก","operator":"การรถไฟแห่งประเทศไทย","passenger_lines":"2","railway":"rail","ref":"ตะวันออก","usage":"main","wikipedia":"en:State Railway of Thailand#Eastern Line"},"id":"way/837929366"},{"type":"Feature","geometry":{"type":"LineString","coordinates":[[100.569669,13.748798],[100.571208,13.748449],[100.573582,13.747912],[100.578387,13.746834],[100.579349,13.746598],[100.584852,13.745389],[100.584923,13.745373],[100.589517,13.744339],[100.590567,13.744105],[100.591766,13.743805],[100.593277,13.743597],[100.596937,13.7432],[100.597043,13.743189],[100.59836,13.743053]]},"properties":{"@id":"way/837929367","electrified":"no","gauge":"1000","name":"ทางรถไฟสายตะวันออก","name:th":"ทางรถไฟสายตะวันออก","operator":"การรถไฟแห่งประเทศไทย","passenger_lines":"2","railway":"rail","ref":"ตะวันออก","usage":"main","wikipedia":"en:State Railway of Thailand#Eastern Line"},"id":"way/837929367"},{"type":"Feature","geometry":{"type":"LineString","coordinates":[[100.739106,13.727334],[100.739576,13.72732],[100.741098,13.727321],[100.74243,13.727367],[100.745696,13.727465],[100.746322,13.727479],[100.746826,13.727488],[100.748553,13.727533],[100.749938,13.72757],[100.75351,13.727654],[100.75401,13.72767]]},"properties":{"@id":"way/837929421","electrified":"no","gauge":"1000","name":"ทางรถไฟสายตะวันออก","name:th":"ทางรถไฟสายตะวันออก","operator":"การรถไฟแห่งประเทศไทย","passenger_lines":"2","railway":"rail","railway:etcs":"1","ref":"ตะวันออก","usage":"main","wikipedia":"en:State Railway of Thailand#Eastern Line"},"id":"way/837929421"},{"type":"Feature","geometry":{"type":"LineString","coordinates":[[100.708226,13.730798],[100.708422,13.730776]]},"properties":{"@id":"way/837929422","bridge":"yes","electrified":"no","gauge":"1000","layer":"1","name":"ทางรถไฟสายตะวันออก","name:th":"ทางรถไฟสายตะวันออก","operator":"การรถไฟแห่งประเทศไทย","passenger_lines":"2","railway":"rail","railway:etcs":"1","ref":"ตะวันออก","usage":"main","wikipedia":"en:State Railway of Thailand#Eastern Line"},"id":"way/837929422"},{"type":"Feature","geometry":{"type":"LineString","coordinates":[[100.504005,13.720984],[100.504052,13.720989],[100.504089,13.720995],[100.504134,13.721013],[100.504177,13.721035],[100.504228,13.721058],[100.504341,13.721098],[100.504462,13.721128]]},"properties":{"@id":"way/839826150","bridge":"viaduct","electrified":"rail","frequency":"0","gauge":"1600","layer":"2","opening_date":"2020-12-16","operator":"กรุงเทพธนาคม","railway":"monorail","railway:cbtc":"uto","service":"crossover","usage":"main","voltage":"750"},"id":"way/839826150"},{"type":"Feature","geometry":{"type":"LineString","coordinates":[[100.503487,13.721059],[100.503652,13.72099]]},"properties":{"@id":"way/839826151","bridge":"viaduct","covered":"yes","electrified":"rail","frequency":"0","layer":"2","opening_date":"2020-12-16","operator":"กรุงเทพธนาคม","railway":"monorail","railway:cbtc":"uto","service":"crossover","voltage":"750"},"id":"way/839826151"},{"type":"Feature","geometry":{"type":"LineString","coordinates":[[100.544761,13.819073],[100.544875,13.818791],[100.544919,13.818607],[100.545,13.818191]]},"properties":{"@id":"way/839883801","electrified":"no","gauge":"1000","name":"สายใต้","name:en":"Southern Line","name:th":"สายใต้","operator":"การรถไฟแห่งประเทศไทย","railway":"rail","ref":"ใต้","service":"crossover","tracks":"1","usage":"branch"},"id":"way/839883801"},{"type":"Feature","geometry":{"type":"LineString","coordinates":[[100.544033,13.820105],[100.544279,13.819814]]},"properties":{"@id":"way/839883802","bridge":"yes","electrified":"no","gauge":"1000","layer":"1","name":"สายใต้เดิม","name:en":"Former Southern Line","name:th":"สายใต้เดิม","operator":"การรถไฟแห่งประเทศไทย","railway":"rail","ref":"ใต้","tracks":"1","usage":"branch"},"id":"way/839883802"},{"type":"Feature","geometry":{"type":"LineString","coordinates":[[100.544228,13.819749],[100.543988,13.820019]]},"properties":{"@id":"way/839883803","bridge":"yes","electrified":"no","gauge":"1000","layer":"1","name":"สายใต้เดิม","name:en":"Former Southern Line","name:th":"สายใต้เดิม","operator":"การรถไฟแห่งประเทศไทย","railway":"rail","usage":"branch"},"id":"way/839883803"},{"type":"Feature","geometry":{"type":"LineString","coordinates":[[100.605968,13.9593],[100.604431,13.971662]]},"properties":{"@id":"way/839883829","electrified":"no","gauge":"1000","oneway":"yes","operator":"การรถไฟแห่งประเทศไทย","passenger_lines":"2","railway":"rail","railway:etcs":"1","source":"GPS","usage":"main"},"id":"way/839883829"},{"type":"Feature","geometry":{"type":"LineString","coordinates":[[100.72401,13.729023],[100.737999,13.727441],[100.738721,13.727359],[100.738807,13.727349]]},"properties":{"@id":"way/840975781","electrified":"no","gauge":"1000","name":"ทางรถไฟสายตะวันออก","name:th":"ทางรถไฟสายตะวันออก","operator":"การรถไฟแห่งประเทศไทย","passenger_lines":"2","railway":"rail","railway:etcs":"1","ref":"ตะวันออก","usage":"main","wikipedia":"en:State Railway of Thailand#Eastern Line"},"id":"way/840975781"},{"type":"Feature","geometry":{"type":"LineString","coordinates":[[100.723776,13.72905],[100.72401,13.729023]]},"properties":{"@id":"way/840975782","bridge":"yes","electrified":"no","gauge":"1000","layer":"1","name":"ทางรถไฟสายตะวันออก","name:th":"ทางรถไฟสายตะวันออก","operator":"การรถไฟแห่งประเทศไทย","passenger_lines":"2","railway":"rail","railway:etcs":"1","ref":"ตะวันออก","usage":"main","wikipedia":"en:State Railway of Thailand#Eastern Line"},"id":"way/840975782"},{"type":"Feature","geometry":{"type":"LineString","coordinates":[[100.738807,13.727349],[100.739106,13.727334]]},"properties":{"@id":"way/840975893","bridge":"yes","electrified":"no","gauge":"1000","layer":"1","name":"ทางรถไฟสายตะวันออก","name:th":"ทางรถไฟสายตะวันออก","operator":"การรถไฟแห่งประเทศไทย","passenger_lines":"2","railway":"rail","railway:etcs":"1","ref":"ตะวันออก","usage":"main","wikipedia":"en:State Railway of Thailand#Eastern Line"},"id":"way/840975893"},{"type":"Feature","geometry":{"type":"LineString","coordinates":[[100.708422,13.730776],[100.711571,13.730424],[100.715047,13.730032],[100.718185,13.729681],[100.719152,13.729572],[100.723776,13.72905]]},"properties":{"@id":"way/840975894","electrified":"no","gauge":"1000","name":"ทางรถไฟสายตะวันออก","name:th":"ทางรถไฟสายตะวันออก","operator":"การรถไฟแห่งประเทศไทย","passenger_lines":"2","railway":"rail","railway:etcs":"1","ref":"ตะวันออก","usage":"main","wikipedia":"en:State Railway of Thailand#Eastern Line"},"id":"way/840975894"},{"type":"Feature","geometry":{"type":"LineString","coordinates":[[101.067279,13.699032],[101.067134,13.698566]]},"properties":{"@id":"way/842624332","bridge":"yes","electrified":"no","gauge":"1000","layer":"1","railway":"rail","railway:etcs":"1","usage":"branch"},"id":"way/842624332"},{"type":"Feature","geometry":{"type":"LineString","coordinates":[[101.067134,13.698566],[101.067029,13.698145],[101.066978,13.697902],[101.066942,13.697613],[101.06694,13.697375],[101.06696,13.697176],[101.067009,13.696865],[101.067042,13.696696]]},"properties":{"@id":"way/842624333","electrified":"no","gauge":"1000","railway":"rail","railway:etcs":"1","usage":"branch"},"id":"way/842624333"},{"type":"Feature","geometry":{"type":"LineString","coordinates":[[101.067042,13.696696],[101.067133,13.696442]]},"properties":{"@id":"way/842624334","bridge":"yes","electrified":"no","gauge":"1000","layer":"1","railway":"rail","railway:etcs":"1","usage":"branch"},"id":"way/842624334"},{"type":"Feature","geometry":{"type":"LineString","coordinates":[[101.067133,13.696442],[101.067205,13.696278],[101.067283,13.6961],[101.067388,13.695927],[101.067517,13.695755],[101.067632,13.695606],[101.06778,13.695449],[101.067927,13.695321],[101.068081,13.695193],[101.068221,13.695086],[101.068401,13.694977],[101.068611,13.694866],[101.068827,13.694776],[101.06907,13.694689],[101.069297,13.694634],[101.069556,13.694584],[101.070482,13.694393],[101.071622,13.694157],[101.073005,13.693854]]},"properties":{"@id":"way/842624335","electrified":"no","gauge":"1000","railway":"rail","railway:etcs":"1","usage":"branch"},"id":"way/842624335"},{"type":"Feature","geometry":{"type":"LineString","coordinates":[[101.068637,13.704331],[101.06824,13.702394],[101.067279,13.699032]]},"properties":{"@id":"way/842624337","electrified":"no","gauge":"1000","railway":"rail","railway:etcs":"1","usage":"branch"},"id":"way/842624337"},{"type":"Feature","geometry":{"type":"LineString","coordinates":[[100.531875,13.74607],[100.532432,13.745923]]},"properties":{"@id":"way/849805645","bridge":"yes","electrified":"rail","frequency":"0","gauge":"1435","layer":"2","name":"จุดสับหลีกเปลี่ยนเส้นทาง สายสุขุมวิท ไป สายสีลม","name:en":"Switch track from Sukhumvit line to Silom line","name:th":"จุดสับหลีกเปลี่ยนเส้นทาง จากสายสุขุมวิท ไป สายสีลม","operator":"ระบบขนส่งมวลชนกรุงเทพ","operator:en":"Bangkok Mass Transit System;BTSC","railway":"subway","railway:cbtc":"sto","service":"crossover","usage":"main","voltage":"750"},"id":"way/849805645"},{"type":"Feature","geometry":{"type":"LineString","coordinates":[[100.504462,13.721128],[100.505288,13.721102],[100.505439,13.721098],[100.50551,13.721099],[100.505575,13.721108],[100.505655,13.72114],[100.505696,13.72116],[100.505784,13.721223],[100.50582,13.721259],[100.505862,13.721308],[100.50599,13.721573],[100.506023,13.721634],[100.506054,13.721682],[100.506088,13.721724],[100.50613,13.721766],[100.50617,13.721798],[100.506218,13.72183],[100.506277,13.721861],[100.506328,13.721882],[100.506381,13.721896],[100.506451,13.721904],[100.506521,13.721905],[100.506591,13.721899],[100.506663,13.721888],[100.507965,13.721638],[100.508105,13.721606],[100.508259,13.721569],[100.508399,13.72153],[100.508494,13.721506],[100.508574,13.721494],[100.508656,13.721498],[100.508732,13.721522],[100.508795,13.72156],[100.50886,13.721621],[100.508891,13.721667],[100.508915,13.721723],[100.508924,13.721791],[100.508932,13.721858],[100.508938,13.72194],[100.509017,13.723023],[100.509062,13.723738],[100.50912,13.724632],[100.509135,13.724846],[100.509137,13.725057],[100.50913,13.725311],[100.509116,13.72561],[100.509092,13.725976],[100.509052,13.726462],[100.508962,13.727493],[100.508839,13.728541],[100.508746,13.729555],[100.508733,13.729673],[100.508715,13.729736],[100.508688,13.729797],[100.508663,13.729841],[100.508612,13.729905],[100.508561,13.729952],[100.508484,13.730008],[100.508424,13.730039],[100.508314,13.730083]]},"properties":{"@id":"way/852021475","bridge":"viaduct","covered":"no","electrified":"rail","frequency":"0","gauge":"1600","layer":"2","name":"รถไฟฟ้าสายสีทอง","name:en":"Gold Line","name:th":"รถไฟฟ้าสายสีทอง","opening_date":"2020-12-16","operator":"กรุงเทพธนาคม","railway":"monorail","railway:cbtc":"uto","railway:preferred_direction":"forward","railway:track_ref":"1","subway":"yes","usage":"main","voltage":"750"},"id":"way/852021475"},{"type":"Feature","geometry":{"type":"LineString","coordinates":[[100.535191,13.745519],[100.534231,13.745684],[100.533293,13.745846],[100.532679,13.745915],[100.532017,13.746033],[100.531689,13.746091],[100.531437,13.746126],[100.531169,13.746247],[100.531063,13.746322],[100.530958,13.746422],[100.530892,13.746491],[100.530846,13.746562],[100.530804,13.746643],[100.530773,13.746724],[100.530756,13.746798],[100.530738,13.746919],[100.530736,13.747051],[100.530751,13.747179],[100.530813,13.747638],[100.530919,13.748381],[100.531072,13.749393],[100.531181,13.750162],[100.531201,13.75026],[100.531227,13.750354],[100.531338,13.750709],[100.531374,13.750844],[100.531399,13.750951],[100.531434,13.751196],[100.531533,13.751886],[100.531631,13.752564],[100.531685,13.752942],[100.531718,13.753097],[100.531744,13.753196],[100.53179,13.753324],[100.531861,13.753491],[100.531965,13.753673],[100.532306,13.754277],[100.532875,13.755316],[100.533105,13.755721],[100.533467,13.75637],[100.533807,13.756978],[100.534136,13.757566],[100.53547,13.759957],[100.536496,13.761799],[100.536727,13.762215],[100.53704,13.762768],[100.537345,13.76331],[100.537472,13.763548],[100.537535,13.763648],[100.537596,13.763728],[100.53768,13.763814],[100.537785,13.763904],[100.537868,13.763956],[100.53801,13.764017],[100.538196,13.764067],[100.538412,13.76412],[100.538523,13.764153],[100.538602,13.76419],[100.5387,13.764238],[100.538769,13.764285],[100.538831,13.764335],[100.538883,13.764387],[100.538936,13.764448],[100.538975,13.764505],[100.539013,13.764578],[100.539059,13.764685],[100.539084,13.764763],[100.5391,13.764851],[100.539107,13.764923],[100.539107,13.765011],[100.539097,13.765113],[100.53897,13.765543],[100.53893,13.765688],[100.538914,13.765799],[100.538912,13.765907],[100.538922,13.76599],[100.538947,13.766115],[100.538979,13.766209],[100.539355,13.766917],[100.540235,13.768499],[100.540689,13.769319],[100.541073,13.770023],[100.541114,13.770097],[100.54115,13.770165],[100.541208,13.770296],[100.541326,13.770618],[100.541595,13.771367],[100.54185,13.772075],[100.542053,13.772637],[100.542295,13.773307],[100.542619,13.774206],[100.542838,13.774857],[100.542992,13.775285],[100.543024,13.775371],[100.543144,13.77571],[100.543446,13.776552],[100.5437,13.777253],[100.543726,13.777324],[100.543975,13.778],[100.544185,13.778554],[100.544393,13.77914],[100.544604,13.779718],[100.544638,13.779812],[100.544818,13.780305],[100.545203,13.781389],[100.545699,13.78275],[100.546015,13.783638],[100.546366,13.784617],[100.546794,13.785806],[100.547214,13.786963],[100.547543,13.787884],[100.547873,13.7888],[100.548217,13.789741],[100.548534,13.790625],[100.548948,13.791779],[100.549356,13.792892],[100.549693,13.793831],[100.549914,13.794446],[100.55027,13.795451],[100.550486,13.796049],[100.550944,13.79731],[100.551284,13.798211],[100.551416,13.798499],[100.551564,13.798829],[100.551871,13.799371],[100.552219,13.799956],[100.552525,13.800478],[100.552803,13.800955],[100.553261,13.801741],[100.553452,13.802062],[100.553779,13.802617],[100.554129,13.80321],[100.554444,13.803735],[100.554525,13.803869],[100.554741,13.804248],[100.554878,13.804489],[100.555139,13.804949],[100.555575,13.805696],[100.555759,13.805986],[100.555823,13.8061],[100.556181,13.806733],[100.55624,13.806836],[100.55634,13.807007]]},"properties":{"@id":"way/852283472","bridge":"viaduct","electrified":"rail","frequency":"0","gauge":"1435","layer":"3","maxspeed":"80","name":"รถไฟฟ้าบีทีเอส สายสุขุมวิท","name:en":"BTS Sukhumvit Line","name:th":"รถไฟฟ้าบีทีเอส สายสุขุมวิท","network":"BTS","official_name":"รถไฟฟ้าเฉลิมพระเกียรติ 6 รอบพระชนมพรรษา สาย 1","operator":"ระบบขนส่งมวลชนกรุงเทพ","operator:en":"Bangkok Mass Transit System;BTSC","railway":"subway","railway:cbtc":"sto","railway:preferred_direction":"forward","railway:track_ref":"2","ref":"สุขุมวิท","tracks":"1","usage":"main","voltage":"750","wikidata":"Q4921598","wikipedia":"th:รถไฟฟ้าบีทีเอส สายสุขุมวิท"},"id":"way/852283472"},{"type":"Feature","geometry":{"type":"LineString","coordinates":[[100.457913,13.72006],[100.458061,13.719026],[100.45811,13.718758],[100.458151,13.718469],[100.458196,13.718274],[100.458236,13.718125],[100.45827,13.718012],[100.458336,13.717813],[100.458443,13.717576],[100.458485,13.71748],[100.458608,13.717263],[100.45883,13.716947],[100.458992,13.716726],[100.459211,13.716431],[100.459391,13.716188],[100.459635,13.715857],[100.459846,13.715608],[100.460056,13.71541],[100.460286,13.715225],[100.460496,13.715088],[100.460663,13.714987],[100.460814,13.714907],[100.461007,13.714828],[100.4612,13.714763],[100.461377,13.714714],[100.461531,13.714673],[100.461752,13.714622],[100.461876,13.714588],[100.462159,13.714517],[100.462555,13.714424],[100.462677,13.714393],[100.462992,13.714315],[100.463253,13.714269],[100.463396,13.714253],[100.46366,13.714245],[100.463861,13.714247],[100.464214,13.71428],[100.464666,13.714325],[100.464847,13.714339],[100.465044,13.714339],[100.465219,13.714338],[100.465407,13.714324],[100.465607,13.714302],[100.465788,13.714267],[100.466036,13.71421],[100.466229,13.71416],[100.466426,13.714087],[100.467297,13.713733],[100.46748,13.713649],[100.467822,13.713494],[100.468226,13.713325],[100.46892,13.71305],[100.469594,13.712784],[100.470089,13.712585],[100.470456,13.712464],[100.47084,13.712379],[100.471062,13.712329],[100.47126,13.712286],[100.471584,13.712219],[100.471783,13.712198],[100.472073,13.712189],[100.472312,13.712195],[100.472666,13.712224],[100.472968,13.712259],[100.473247,13.712302],[100.473493,13.712375],[100.473821,13.712511],[100.474335,13.71279],[100.474583,13.712938],[100.474747,13.713048],[100.474883,13.713142],[100.475055,13.713263],[100.475327,13.713464],[100.475478,13.713563],[100.475674,13.713691],[100.475808,13.71376],[100.476036,13.713892],[100.476678,13.714244],[100.477783,13.714852],[100.478664,13.715383],[100.478869,13.715504],[100.479073,13.715641],[100.479207,13.715737],[100.47952,13.716004],[100.479605,13.716085],[100.47981,13.716277],[100.479971,13.716416],[100.480046,13.716482],[100.480119,13.716543],[100.480192,13.716605],[100.480304,13.716685],[100.480423,13.716763],[100.480653,13.716897],[100.481028,13.717111],[100.481567,13.717408],[100.483105,13.71825],[100.48343,13.718423],[100.483613,13.718521],[100.483846,13.718633],[100.484221,13.718793],[100.484519,13.718897],[100.484799,13.718985],[100.485033,13.719048],[100.485268,13.719103],[100.485965,13.719267],[100.486683,13.719437],[100.486939,13.719494],[100.48719,13.719564],[100.487596,13.719701],[100.488015,13.71986],[100.488759,13.720124],[100.48925,13.720304],[100.489655,13.72043],[100.489845,13.720491],[100.490111,13.720553],[100.490495,13.720629],[100.491093,13.720729],[100.491155,13.720738]]},"properties":{"@id":"way/853439699","bridge":"viaduct","colour":"#02817D","electrified":"rail","frequency":"0","gauge":"1435","layer":"3","line":"สีลม","maxspeed":"80","name":"รถไฟฟ้าบีทีเอส สายสีลม","name:en":"BTS Silom Line","name:th":"รถไฟฟ้าบีทีเอส สายสีลม","network":"BTS","official_name":"รถไฟฟ้าเฉลิมพระเกียรติ 6 รอบพระชนมพรรษา สาย 2","operator":"กรุงเทพธนาคม","railway":"subway","railway:cbtc":"sto","railway:preferred_direction":"forward","railway:track_ref":"4","ref":"สีลม","tracks":"1","usage":"main","voltage":"750"},"id":"way/853439699"},{"type":"Feature","geometry":{"type":"LineString","coordinates":[[101.192178,14.009542],[101.192502,14.009709]]},"properties":{"@id":"way/853928209","bridge":"yes","electrified":"no","gauge":"1000","operator":"การรถไฟแห่งประเทศไทย","railway":"rail","railway:etcs":"1","usage":"main"},"id":"way/853928209"},{"type":"Feature","geometry":{"type":"LineString","coordinates":[[101.180965,14.003666],[101.181768,14.004088],[101.185386,14.005979],[101.189466,14.008122],[101.192178,14.009542]]},"properties":{"@id":"way/853928210","electrified":"no","gauge":"1000","operator":"การรถไฟแห่งประเทศไทย","railway":"rail","railway:etcs":"1","usage":"main"},"id":"way/853928210"},{"type":"Feature","geometry":{"type":"LineString","coordinates":[[101.180812,14.003585],[101.180965,14.003666]]},"properties":{"@id":"way/853928211","bridge":"yes","electrified":"no","gauge":"1000","operator":"การรถไฟแห่งประเทศไทย","railway":"rail","railway:etcs":"1","usage":"main"},"id":"way/853928211"},{"type":"Feature","geometry":{"type":"LineString","coordinates":[[101.14465,13.963764],[101.148543,13.969348],[101.149568,13.970815],[101.150445,13.972035],[101.150768,13.972484],[101.152063,13.974332],[101.154305,13.977564],[101.15609,13.980092],[101.159143,13.984505],[101.160546,13.98648],[101.162046,13.988625],[101.164882,13.992745],[101.166552,13.995105],[101.167259,13.99593],[101.167948,13.996567],[101.168757,13.997151],[101.169448,13.997544],[101.171043,13.998436],[101.172741,13.999329],[101.173128,13.999523],[101.176038,14.001053],[101.176888,14.001514],[101.178251,14.002226],[101.179922,14.003116],[101.180812,14.003585]]},"properties":{"@id":"way/853928212","electrified":"no","gauge":"1000","operator":"การรถไฟแห่งประเทศไทย","railway":"rail","railway:etcs":"1","usage":"main"},"id":"way/853928212"},{"type":"Feature","geometry":{"type":"LineString","coordinates":[[101.129386,13.941869],[101.131547,13.944968],[101.143444,13.962034]]},"properties":{"@id":"way/853928213","electrified":"no","gauge":"1000","operator":"การรถไฟแห่งประเทศไทย","railway":"rail","railway:etcs":"1","usage":"main"},"id":"way/853928213"},{"type":"Feature","geometry":{"type":"LineString","coordinates":[[101.129256,13.941682],[101.129386,13.941869]]},"properties":{"@id":"way/853928214","bridge":"yes","electrified":"no","gauge":"1000","operator":"การรถไฟแห่งประเทศไทย","railway":"rail","railway:etcs":"1","usage":"main"},"id":"way/853928214"},{"type":"Feature","geometry":{"type":"LineString","coordinates":[[101.093318,13.941052],[101.093066,13.941221]]},"properties":{"@id":"way/853928215","bridge":"yes","electrified":"no","gauge":"1000","name":"ทางรถไฟสายชุมทางคลองสิบเก้า–ชุมทางแก่งคอย","name:th":"ทางรถไฟสายชุมทางคลองสิบเก้า–ชุมทางแก่งคอย","railway":"rail","railway:etcs":"1","usage":"branch"},"id":"way/853928215"},{"type":"Feature","geometry":{"type":"LineString","coordinates":[[101.093066,13.941221],[101.091584,13.942303],[101.090166,13.943622],[101.088899,13.945131],[101.087827,13.946699],[101.086908,13.948583],[101.086647,13.949259],[101.086201,13.950665],[101.085791,13.952392]]},"properties":{"@id":"way/853928216","electrified":"no","gauge":"1000","name":"ทางรถไฟสายชุมทางคลองสิบเก้า–ชุมทางแก่งคอย","name:th":"ทางรถไฟสายชุมทางคลองสิบเก้า–ชุมทางแก่งคอย","railway":"rail","railway:etcs":"1","usage":"branch"},"id":"way/853928216"},{"type":"Feature","geometry":{"type":"LineString","coordinates":[[100.602566,13.702377],[100.60445,13.698545],[100.605318,13.696756],[100.606474,13.694392],[100.606726,13.693875],[100.607152,13.693008],[100.608299,13.690655],[100.608685,13.689867],[100.608977,13.689272],[100.609265,13.688686],[100.609552,13.68809],[100.609632,13.687924],[100.609786,13.687572],[100.609915,13.687245],[100.610032,13.686909],[100.610137,13.686561],[100.610225,13.686221],[100.610299,13.685893],[100.610363,13.685505],[100.610418,13.685097],[100.61044,13.684873],[100.610455,13.684648],[100.610472,13.684255],[100.610467,13.684031],[100.610446,13.683454],[100.610438,13.683342],[100.610387,13.682927],[100.610307,13.682438],[100.610202,13.681974],[100.610095,13.68158],[100.610017,13.68132],[100.609925,13.68107],[100.609803,13.680753],[100.609667,13.680425],[100.609447,13.679884],[100.609187,13.679242],[100.608974,13.678722],[100.608546,13.677688],[100.607759,13.675734],[100.607673,13.675524],[100.607485,13.67507],[100.607415,13.674881],[100.607355,13.674648],[100.60733,13.674537],[100.607289,13.674311],[100.607252,13.674087],[100.607192,13.673748],[100.607153,13.673581],[100.607078,13.673355],[100.606935,13.673025],[100.606856,13.672869],[100.606725,13.67266],[100.606581,13.672443],[100.606329,13.672052],[100.606258,13.671939],[100.606188,13.671828],[100.606121,13.671687],[100.606031,13.671508],[100.605986,13.671413],[100.605871,13.671135],[100.605607,13.670488],[100.605201,13.669503],[100.604873,13.668704],[100.604645,13.668148],[100.604392,13.66753],[100.604174,13.667019],[100.604108,13.666857],[100.603852,13.66626],[100.603836,13.666221],[100.603349,13.665036],[100.602998,13.664183],[100.602905,13.663959],[100.602776,13.663648],[100.602521,13.662972],[100.602217,13.66224],[100.602173,13.662132],[100.602011,13.661733],[100.601789,13.661194],[100.601522,13.660547],[100.601448,13.660367],[100.599748,13.656214],[100.599021,13.654451],[100.598167,13.652371],[100.597582,13.650936],[100.596913,13.649327],[100.596596,13.648553],[100.596386,13.648074],[100.596347,13.647999],[100.596257,13.647809],[100.596174,13.647651],[100.596064,13.647414],[100.595713,13.646523],[100.595332,13.645631],[100.595223,13.645346],[100.595151,13.645167],[100.595041,13.644842],[100.594923,13.644526],[100.594778,13.64416],[100.594751,13.644095],[100.594058,13.642397],[100.593401,13.640791],[100.593185,13.640261],[100.593055,13.639894],[100.592595,13.63878],[100.592256,13.637945],[100.59199,13.637287],[100.59151,13.636102],[100.591406,13.635851],[100.59123,13.635424],[100.591222,13.635357]]},"properties":{"@id":"way/859223069","bridge":"viaduct","electrified":"rail","frequency":"0","gauge":"1435","layer":"3","maxspeed":"80","name":"รถไฟฟ้าบีทีเอส สายสุขุมวิท","name:en":"BTS Sukhumvit Line","name:th":"รถไฟฟ้าบีทีเอส สายสุขุมวิท","network":"BTS","official_name":"รถไฟฟ้าเฉลิมพระเกียรติ 6 รอบพระชนมพรรษา สาย 1","operator":"กรุงเทพธนาคม","railway":"subway","railway:cbtc":"sto","railway:track_ref":"2","ref":"สุขุมวิท","tracks":"1","usage":"main","voltage":"750","wikidata":"Q4921598","wikipedia":"th:รถไฟฟ้าบีทีเอส สายสุขุมวิท","wikipedia:en":"en:BTS Skytrain"},"id":"way/859223069"},{"type":"Feature","geometry":{"type":"LineString","coordinates":[[100.602605,13.702392],[100.602937,13.701715],[100.603439,13.700717],[100.604067,13.699434],[100.604578,13.698384],[100.605088,13.697322],[100.605357,13.696772],[100.605629,13.696217],[100.606099,13.695265],[100.606506,13.694427],[100.60713,13.693147],[100.607786,13.691815],[100.608508,13.690337],[100.608751,13.689826],[100.609014,13.689289],[100.609616,13.688061],[100.609683,13.687914],[100.609807,13.687638],[100.609885,13.687449],[100.60995,13.687286],[100.610028,13.687063],[100.610126,13.686759],[100.61025,13.686306],[100.610314,13.68603],[100.610367,13.685775],[100.610403,13.685567],[100.610434,13.685329],[100.610483,13.684874],[100.610504,13.684522],[100.610511,13.684134],[100.610503,13.683787],[100.610493,13.683539],[100.610468,13.683281],[100.610431,13.682963],[100.610367,13.682551],[100.610308,13.682267],[100.610255,13.682037],[100.610132,13.681567],[100.610084,13.681414],[100.610023,13.681226],[100.609937,13.680984],[100.60987,13.68081],[100.60971,13.680415],[100.60949,13.679868],[100.609233,13.679227],[100.608807,13.678209],[100.608172,13.676644],[100.608043,13.676337],[100.607739,13.675607],[100.607701,13.67551],[100.607525,13.675064],[100.607435,13.67482],[100.607405,13.674694],[100.607362,13.674473],[100.607282,13.673981],[100.607228,13.673735],[100.607188,13.673562],[100.607137,13.673394],[100.60711,13.673325],[100.606968,13.673002],[100.606918,13.672903],[100.606843,13.672768],[100.606509,13.672265],[100.606317,13.67196],[100.606263,13.671867],[100.60621,13.67178],[100.606111,13.671601],[100.60595,13.671223],[100.605648,13.670493],[100.605447,13.669993],[100.605238,13.669486],[100.604905,13.668679],[100.604681,13.668136],[100.604342,13.667309],[100.604192,13.666942],[100.604081,13.666646],[100.60395,13.666301],[100.603913,13.666204],[100.603837,13.666005],[100.603579,13.665401],[100.603119,13.664276],[100.602974,13.663929],[100.602792,13.663498],[100.602742,13.66338],[100.602631,13.663145],[100.602545,13.662942],[100.60238,13.662527],[100.602344,13.662436],[100.602045,13.661717],[100.601825,13.66118],[100.601365,13.660056],[100.601223,13.659715],[100.600788,13.658644],[100.600474,13.657871],[100.600198,13.657207],[100.599813,13.656268],[100.598994,13.654269],[100.598394,13.652807],[100.597868,13.651535],[100.597556,13.650781],[100.597259,13.650054],[100.596955,13.649306],[100.596512,13.648232],[100.596464,13.648104],[100.59643,13.647995],[100.596369,13.647797],[100.596321,13.647648],[100.596262,13.647479],[100.5962,13.647301],[100.595855,13.64647],[100.595694,13.646086],[100.595612,13.645889],[100.595471,13.645551],[100.595234,13.644992],[100.595126,13.644755],[100.595013,13.644515],[100.594901,13.644269],[100.594822,13.644072],[100.594604,13.643533],[100.593454,13.640711],[100.593338,13.640427],[100.593093,13.639886],[100.592298,13.637928],[100.592027,13.637274],[100.591752,13.636611],[100.591566,13.636156],[100.591258,13.635404],[100.591222,13.635357]]},"properties":{"@id":"way/859223070","bridge":"viaduct","electrified":"rail","frequency":"0","gauge":"1435","layer":"3","maxspeed":"80","name":"รถไฟฟ้าบีทีเอส สายสุขุมวิท","name:en":"BTS Sukhumvit Line","name:th":"รถไฟฟ้าบีทีเอส สายสุขุมวิท","network":"BTS","official_name":"รถไฟฟ้าเฉลิมพระเกียรติ 6 รอบพระชนมพรรษา สาย 1","operator":"กรุงเทพธนาคม","railway":"subway","railway:cbtc":"sto","railway:track_ref":"1","ref":"สุขุมวิท","tracks":"1","usage":"main","voltage":"750","wikidata":"Q4921598","wikipedia":"th:รถไฟฟ้าบีทีเอส สายสุขุมวิท","wikipedia:en":"en:BTS Skytrain","wikipedia:th":"th:รถไฟฟ้าบีทีเอส สายสุขุมวิท"},"id":"way/859223070"},{"type":"Feature","geometry":{"type":"LineString","coordinates":[[101.10713,13.875234],[101.107198,13.875571]]},"properties":{"@id":"way/860367893","bridge":"yes","electrified":"no","gauge":"1000","layer":"1","operator":"การรถไฟแห่งประเทศไทย","passenger_lines":"1","railway":"rail","railway:etcs":"1","source":"Bing","usage":"main"},"id":"way/860367893"},{"type":"Feature","geometry":{"type":"LineString","coordinates":[[101.106228,13.870843],[101.10713,13.875234]]},"properties":{"@id":"way/860367894","electrified":"no","gauge":"1000","operator":"การรถไฟแห่งประเทศไทย","passenger_lines":"1","railway":"rail","railway:etcs":"1","usage":"main"},"id":"way/860367894"},{"type":"Feature","geometry":{"type":"LineString","coordinates":[[101.106164,13.870544],[101.106228,13.870843]]},"properties":{"@id":"way/860367895","bridge":"yes","electrified":"no","gauge":"1000","layer":"1","operator":"การรถไฟแห่งประเทศไทย","passenger_lines":"1","railway":"rail","railway:etcs":"1","source":"Bing","surface":"concrete","usage":"main"},"id":"way/860367895"},{"type":"Feature","geometry":{"type":"LineString","coordinates":[[101.111594,13.896687],[101.112311,13.899994],[101.112689,13.902027],[101.112793,13.902595],[101.112867,13.902942],[101.113587,13.906327],[101.113774,13.907229],[101.113968,13.908161]]},"properties":{"@id":"way/860367896","electrified":"no","gauge":"1000","operator":"การรถไฟแห่งประเทศไทย","passenger_lines":"1","railway":"rail","railway:etcs":"1","usage":"main"},"id":"way/860367896"},{"type":"Feature","geometry":{"type":"LineString","coordinates":[[101.103465,13.857458],[101.103574,13.85797]]},"properties":{"@id":"way/860367897","bridge":"yes","electrified":"no","gauge":"1000","layer":"1","operator":"การรถไฟแห่งประเทศไทย","passenger_lines":"1","railway":"rail","railway:etcs":"1"},"id":"way/860367897"},{"type":"Feature","geometry":{"type":"LineString","coordinates":[[101.103574,13.85797],[101.106164,13.870544]]},"properties":{"@id":"way/860367898","electrified":"no","gauge":"1000","operator":"การรถไฟแห่งประเทศไทย","passenger_lines":"1","railway":"rail","railway:etcs":"1","usage":"main"},"id":"way/860367898"},{"type":"Feature","geometry":{"type":"LineString","coordinates":[[101.100486,13.842626],[101.102023,13.850422],[101.103465,13.857458]]},"properties":{"@id":"way/860367899","electrified":"no","gauge":"1000","operator":"การรถไฟแห่งประเทศไทย","passenger_lines":"1","railway":"rail","railway:etcs":"1","usage":"main"},"id":"way/860367899"},{"type":"Feature","geometry":{"type":"LineString","coordinates":[[101.100461,13.842489],[101.100486,13.842626]]},"properties":{"@id":"way/860367900","bridge":"yes","electrified":"no","gauge":"1000","layer":"1","operator":"การรถไฟแห่งประเทศไทย","passenger_lines":"1","railway":"rail","railway:etcs":"1","usage":"main"},"id":"way/860367900"},{"type":"Feature","geometry":{"type":"LineString","coordinates":[[101.098921,13.834024],[101.100461,13.842489]]},"properties":{"@id":"way/860367901","electrified":"no","gauge":"1000","operator":"การรถไฟแห่งประเทศไทย","passenger_lines":"1","railway":"rail","railway:etcs":"1","usage":"main"},"id":"way/860367901"},{"type":"Feature","geometry":{"type":"LineString","coordinates":[[101.098883,13.833812],[101.098921,13.834024]]},"properties":{"@id":"way/860367902","bridge":"yes","electrified":"no","gauge":"1000","layer":"1","operator":"การรถไฟแห่งประเทศไทย","passenger_lines":"1","railway":"rail","railway:etcs":"1","usage":"main"},"id":"way/860367902"},{"type":"Feature","geometry":{"type":"LineString","coordinates":[[101.095011,13.812492],[101.095034,13.812613]]},"properties":{"@id":"way/860367903","bridge":"yes","electrified":"no","gauge":"1000","layer":"1","operator":"การรถไฟแห่งประเทศไทย","passenger_lines":"1","railway":"rail","railway:etcs":"1","usage":"main"},"id":"way/860367903"},{"type":"Feature","geometry":{"type":"LineString","coordinates":[[101.095034,13.812613],[101.095685,13.816475],[101.098122,13.829609],[101.098883,13.833812]]},"properties":{"@id":"way/860367904","electrified":"no","gauge":"1000","operator":"การรถไฟแห่งประเทศไทย","passenger_lines":"1","railway":"rail","railway:etcs":"1","usage":"main"},"id":"way/860367904"},{"type":"Feature","geometry":{"type":"LineString","coordinates":[[101.082022,13.750712],[101.082121,13.751059]]},"properties":{"@id":"way/860367905","bridge":"yes","electrified":"no","gauge":"1000","layer":"1","operator":"การรถไฟแห่งประเทศไทย","passenger_lines":"1","railway":"rail","railway:etcs":"1","wikipedia":"en:Suvarnabhumi Airport Link"},"id":"way/860367905"},{"type":"Feature","geometry":{"type":"LineString","coordinates":[[101.082121,13.751059],[101.082367,13.751889],[101.083122,13.754492],[101.083632,13.756266],[101.08415,13.758049],[101.085817,13.763786],[101.086419,13.765942],[101.088987,13.779671],[101.089931,13.784938]]},"properties":{"@id":"way/860367906","electrified":"no","gauge":"1000","operator":"การรถไฟแห่งประเทศไทย","passenger_lines":"1","railway":"rail","railway:etcs":"1","usage":"main"},"id":"way/860367906"},{"type":"Feature","geometry":{"type":"LineString","coordinates":[[101.074202,13.723778],[101.074232,13.723897]]},"properties":{"@id":"way/860367907","bridge":"yes","electrified":"no","gauge":"1000","layer":"1","operator":"การรถไฟแห่งประเทศไทย","passenger_lines":"1","railway":"rail","railway:etcs":"1"},"id":"way/860367907"},{"type":"Feature","geometry":{"type":"LineString","coordinates":[[101.077114,13.733855],[101.07876,13.739532],[101.080354,13.744984],[101.080405,13.745165],[101.082022,13.750712]]},"properties":{"@id":"way/860367908","electrified":"no","gauge":"1000","operator":"การรถไฟแห่งประเทศไทย","passenger_lines":"1","railway":"rail","railway:etcs":"1","usage":"main"},"id":"way/860367908"},{"type":"Feature","geometry":{"type":"LineString","coordinates":[[101.074232,13.723897],[101.075125,13.727006],[101.075223,13.727362],[101.075659,13.728848]]},"properties":{"@id":"way/860367909","electrified":"no","gauge":"1000","operator":"การรถไฟแห่งประเทศไทย","passenger_lines":"1","railway":"rail","railway:etcs":"1","usage":"main"},"id":"way/860367909"},{"type":"Feature","geometry":{"type":"LineString","coordinates":[[101.07699,13.733441],[101.077114,13.733855]]},"properties":{"@id":"way/860367910","bridge":"yes","electrified":"no","gauge":"1000","layer":"1","operator":"การรถไฟแห่งประเทศไทย","passenger_lines":"1","railway":"rail","railway:etcs":"1"},"id":"way/860367910"},{"type":"Feature","geometry":{"type":"LineString","coordinates":[[101.067028,13.699198],[101.067445,13.700611],[101.067933,13.702349],[101.068502,13.704314],[101.068927,13.705773],[101.069958,13.709237],[101.07062,13.711483],[101.071471,13.714477],[101.071871,13.715836]]},"properties":{"@id":"way/860367911","electrified":"no","gauge":"1000","operator":"การรถไฟแห่งประเทศไทย","passenger_lines":"1","railway":"rail","railway:etcs":"1","usage":"main"},"id":"way/860367911"},{"type":"Feature","geometry":{"type":"LineString","coordinates":[[101.066883,13.698671],[101.067028,13.699198]]},"properties":{"@id":"way/860367912","bridge":"yes","electrified":"no","gauge":"1000","layer":"1","operator":"การรถไฟแห่งประเทศไทย","passenger_lines":"1","railway":"rail","railway:etcs":"1"},"id":"way/860367912"},{"type":"Feature","geometry":{"type":"LineString","coordinates":[[101.061674,13.695311],[101.062372,13.695243],[101.062582,13.695229],[101.063083,13.695214],[101.06345,13.695224],[101.06386,13.695285],[101.064139,13.695361],[101.064412,13.695453],[101.064691,13.695576],[101.065022,13.695764],[101.065339,13.695972],[101.065588,13.696161],[101.065845,13.696416],[101.066054,13.696669],[101.066214,13.696908],[101.06635,13.697132],[101.066476,13.697399],[101.066574,13.697618],[101.066643,13.697856],[101.06676,13.69828],[101.066883,13.698671]]},"properties":{"@id":"way/860367913","electrified":"no","gauge":"1000","operator":"การรถไฟแห่งประเทศไทย","passenger_lines":"1","railway":"rail","railway:etcs":"1","usage":"main"},"id":"way/860367913"},{"type":"Feature","geometry":{"type":"LineString","coordinates":[[101.001141,13.702754],[101.00326,13.702489],[101.009767,13.701676],[101.018647,13.700558],[101.022198,13.70011],[101.048785,13.696783],[101.054422,13.696069],[101.054861,13.696014],[101.05545,13.695978]]},"properties":{"@id":"way/860367914","electrified":"no","gauge":"1000","name":"ทางรถไฟสายตะวันออก","name:th":"ทางรถไฟสายตะวันออก","operator":"การรถไฟแห่งประเทศไทย","passenger_lines":"2","railway":"rail","railway:etcs":"1","ref":"ตะวันออก","usage":"main"},"id":"way/860367914"},{"type":"Feature","geometry":{"type":"LineString","coordinates":[[101.001154,13.702876],[101.009735,13.701806],[101.018661,13.700683],[101.022272,13.70023],[101.044912,13.69737],[101.047758,13.697023],[101.053043,13.696355],[101.053954,13.69624]]},"properties":{"@id":"way/860367915","electrified":"no","gauge":"1000","name":"ทางรถไฟสายตะวันออก","name:th":"ทางรถไฟสายตะวันออก","operator":"การรถไฟแห่งประเทศไทย","passenger_lines":"2","railway":"rail","railway:etcs":"1","ref":"ตะวันออก","usage":"main"},"id":"way/860367915"},{"type":"Feature","geometry":{"type":"LineString","coordinates":[[101.000787,13.70292],[101.001154,13.702876]]},"properties":{"@id":"way/860367916","bridge":"yes","electrified":"no","gauge":"1000","name":"ทางรถไฟสายตะวันออก","name:th":"ทางรถไฟสายตะวันออก","operator":"การรถไฟแห่งประเทศไทย","passenger_lines":"2","railway":"rail","railway:etcs":"1","ref":"ตะวันออก","usage":"main","wikipedia":"en:Suvarnabhumi Airport Link"},"id":"way/860367916"},{"type":"Feature","geometry":{"type":"LineString","coordinates":[[101.000774,13.702797],[101.001141,13.702754]]},"properties":{"@id":"way/860367917","bridge":"yes","electrified":"no","gauge":"1000","name":"ทางรถไฟสายตะวันออก","name:th":"ทางรถไฟสายตะวันออก","operator":"การรถไฟแห่งประเทศไทย","passenger_lines":"2","railway":"rail","railway:etcs":"1","ref":"ตะวันออก","usage":"main","wikipedia":"en:Suvarnabhumi Airport Link"},"id":"way/860367917"},{"type":"Feature","geometry":{"type":"LineString","coordinates":[[100.708219,13.730844],[100.708415,13.730822]]},"properties":{"@id":"way/860367918","bridge":"yes","electrified":"no","gauge":"1000","layer":"1","name":"ทางรถไฟสายตะวันออก","name:th":"ทางรถไฟสายตะวันออก","operator":"การรถไฟแห่งประเทศไทย","passenger_lines":"2","railway":"rail","railway:etcs":"1","ref":"ตะวันออก","usage":"main","wikipedia":"en:State Railway of Thailand#Eastern Line"},"id":"way/860367918"},{"type":"Feature","geometry":{"type":"LineString","coordinates":[[100.708218,13.730755],[100.708417,13.730735]]},"properties":{"@id":"way/860367919","bridge":"yes","electrified":"no","gauge":"1000","layer":"1","name":"ทางรถไฟสายตะวันออก","name:th":"ทางรถไฟสายตะวันออก","operator":"การรถไฟแห่งประเทศไทย","passenger_lines":"2","railway":"rail","railway:etcs":"1","ref":"ตะวันออก","usage":"main","wikipedia":"en:State Railway of Thailand#Eastern Line"},"id":"way/860367919"},{"type":"Feature","geometry":{"type":"LineString","coordinates":[[100.708415,13.730822],[100.711567,13.730469],[100.715043,13.730077],[100.71818,13.729728],[100.719159,13.729617],[100.723772,13.729095]]},"properties":{"@id":"way/860367920","electrified":"no","gauge":"1000","name":"ทางรถไฟสายตะวันออก","name:th":"ทางรถไฟสายตะวันออก","operator":"การรถไฟแห่งประเทศไทย","passenger_lines":"2","railway":"rail","railway:etcs":"1","ref":"ตะวันออก","usage":"main","wikipedia":"en:State Railway of Thailand#Eastern Line"},"id":"way/860367920"},{"type":"Feature","geometry":{"type":"LineString","coordinates":[[100.723778,13.729004],[100.724012,13.728977]]},"properties":{"@id":"way/860367921","bridge":"yes","electrified":"no","gauge":"1000","layer":"1","name":"ทางรถไฟสายตะวันออก","name:th":"ทางรถไฟสายตะวันออก","operator":"การรถไฟแห่งประเทศไทย","passenger_lines":"2","railway":"rail","railway:etcs":"1","ref":"ตะวันออก","usage":"main","wikipedia":"en:State Railway of Thailand#Eastern Line"},"id":"way/860367921"},{"type":"Feature","geometry":{"type":"LineString","coordinates":[[100.708417,13.730735],[100.711573,13.730378],[100.715049,13.729986],[100.718186,13.729636],[100.719146,13.729528],[100.723778,13.729004]]},"properties":{"@id":"way/860367922","electrified":"no","gauge":"1000","name":"ทางรถไฟสายตะวันออก","name:th":"ทางรถไฟสายตะวันออก","operator":"การรถไฟแห่งประเทศไทย","passenger_lines":"2","railway":"rail","railway:etcs":"1","ref":"ตะวันออก","usage":"main","wikipedia":"en:State Railway of Thailand#Eastern Line"},"id":"way/860367922"},{"type":"Feature","geometry":{"type":"LineString","coordinates":[[100.738803,13.727396],[100.739106,13.727377]]},"properties":{"@id":"way/860367923","bridge":"yes","electrified":"no","gauge":"1000","layer":"1","name":"ทางรถไฟสายตะวันออก","name:th":"ทางรถไฟสายตะวันออก","operator":"การรถไฟแห่งประเทศไทย","passenger_lines":"2","railway":"rail","railway:etcs":"1","ref":"ตะวันออก","usage":"main","wikipedia":"en:State Railway of Thailand#Eastern Line"},"id":"way/860367923"},{"type":"Feature","geometry":{"type":"LineString","coordinates":[[100.723772,13.729095],[100.724006,13.72907]]},"properties":{"@id":"way/860367924","bridge":"yes","electrified":"no","gauge":"1000","layer":"1","name":"ทางรถไฟสายตะวันออก","name:th":"ทางรถไฟสายตะวันออก","operator":"การรถไฟแห่งประเทศไทย","passenger_lines":"2","railway":"rail","railway:etcs":"1","ref":"ตะวันออก","usage":"main","wikipedia":"en:State Railway of Thailand#Eastern Line"},"id":"way/860367924"},{"type":"Feature","geometry":{"type":"LineString","coordinates":[[100.724006,13.72907],[100.724062,13.729064],[100.738,13.727487],[100.738803,13.727396]]},"properties":{"@id":"way/860367925","electrified":"no","gauge":"1000","name":"ทางรถไฟสายตะวันออก","name:th":"ทางรถไฟสายตะวันออก","operator":"การรถไฟแห่งประเทศไทย","passenger_lines":"2","railway":"rail","railway:etcs":"1","ref":"ตะวันออก","usage":"main","wikipedia":"en:State Railway of Thailand#Eastern Line"},"id":"way/860367925"},{"type":"Feature","geometry":{"type":"LineString","coordinates":[[100.724012,13.728977],[100.737999,13.727391],[100.738813,13.727298]]},"properties":{"@id":"way/860367926","electrified":"no","gauge":"1000","name":"ทางรถไฟสายตะวันออก","name:th":"ทางรถไฟสายตะวันออก","operator":"การรถไฟแห่งประเทศไทย","passenger_lines":"2","railway":"rail","railway:etcs":"1","ref":"ตะวันออก","usage":"main","wikipedia":"en:State Railway of Thailand#Eastern Line"},"id":"way/860367926"},{"type":"Feature","geometry":{"type":"LineString","coordinates":[[100.738813,13.727298],[100.739112,13.727283]]},"properties":{"@id":"way/860367927","bridge":"yes","electrified":"no","gauge":"1000","layer":"1","name":"ทางรถไฟสายตะวันออก","name:th":"ทางรถไฟสายตะวันออก","operator":"การรถไฟแห่งประเทศไทย","passenger_lines":"2","railway":"rail","railway:etcs":"1","ref":"ตะวันออก","usage":"main","wikipedia":"en:State Railway of Thailand#Eastern Line"},"id":"way/860367927"},{"type":"Feature","geometry":{"type":"LineString","coordinates":[[100.739112,13.727283],[100.739581,13.727269],[100.741103,13.72727],[100.742435,13.727316],[100.745702,13.727414],[100.746323,13.727428],[100.746818,13.727438],[100.748557,13.727483],[100.749944,13.727519],[100.753517,13.727606],[100.754011,13.72762]]},"properties":{"@id":"way/860367928","electrified":"no","gauge":"1000","name":"ทางรถไฟสายตะวันออก","name:th":"ทางรถไฟสายตะวันออก","operator":"การรถไฟแห่งประเทศไทย","passenger_lines":"2","railway":"rail","railway:etcs":"1","ref":"ตะวันออก","usage":"main","wikipedia":"en:State Railway of Thailand#Eastern Line"},"id":"way/860367928"},{"type":"Feature","geometry":{"type":"LineString","coordinates":[[100.769031,13.727992],[100.769292,13.727996]]},"properties":{"@id":"way/860367929","bridge":"yes","electrified":"no","gauge":"1000","layer":"1","name":"ทางรถไฟสายตะวันออก","name:th":"ทางรถไฟสายตะวันออก","operator":"การรถไฟแห่งประเทศไทย","passenger_lines":"2","railway":"rail","railway:etcs":"1","ref":"ตะวันออก","source":"Bing","usage":"main","wikipedia":"en:State Railway of Thailand#Eastern Line"},"id":"way/860367929"},{"type":"Feature","geometry":{"type":"LineString","coordinates":[[100.769292,13.727996],[100.773987,13.728115],[100.77547,13.728153],[100.77687,13.728189],[100.777086,13.728195],[100.778063,13.728235],[100.779121,13.728262],[100.782905,13.728353],[100.787624,13.728467],[100.788051,13.72848],[100.791302,13.728578]]},"properties":{"@id":"way/860367930","electrified":"no","gauge":"1000","name":"ทางรถไฟสายตะวันออก","name:th":"ทางรถไฟสายตะวันออก","operator":"การรถไฟแห่งประเทศไทย","passenger_lines":"2","railway":"rail","railway:etcs":"1","ref":"ตะวันออก","usage":"main","wikipedia":"en:State Railway of Thailand#Eastern Line"},"id":"way/860367930"},{"type":"Feature","geometry":{"type":"LineString","coordinates":[[100.791302,13.728578],[100.791621,13.72858]]},"properties":{"@id":"way/860367931","bridge":"yes","electrified":"no","gauge":"1000","layer":"1","name":"ทางรถไฟสายตะวันออก","name:th":"ทางรถไฟสายตะวันออก","operator":"การรถไฟแห่งประเทศไทย","passenger_lines":"2","railway":"rail","railway:etcs":"1","ref":"ตะวันออก","source":"Bing","usage":"main","wikipedia":"en:State Railway of Thailand#Eastern Line"},"id":"way/860367931"},{"type":"Feature","geometry":{"type":"LineString","coordinates":[[100.838817,13.723001],[100.839099,13.722966]]},"properties":{"@id":"way/860367932","bridge":"yes","electrified":"no","gauge":"1000","name":"ทางรถไฟสายตะวันออก","name:th":"ทางรถไฟสายตะวันออก","operator":"การรถไฟแห่งประเทศไทย","passenger_lines":"2","railway":"rail","railway:etcs":"1","ref":"ตะวันออก","source":"Bing","usage":"main","wikipedia":"en:State Railway of Thailand#Eastern Line"},"id":"way/860367932"},{"type":"Feature","geometry":{"type":"LineString","coordinates":[[100.791621,13.72858],[100.79266,13.728582],[100.793217,13.728563],[100.793932,13.728528],[100.7946,13.728475],[100.796188,13.728278],[100.798251,13.728023],[100.800915,13.72769],[100.804464,13.727255],[100.807868,13.726829],[100.810946,13.726455],[100.811348,13.726405],[100.838817,13.723001]]},"properties":{"@id":"way/860367933","electrified":"no","gauge":"1000","name":"ทางรถไฟสายตะวันออก","name:th":"ทางรถไฟสายตะวันออก","operator":"การรถไฟแห่งประเทศไทย","passenger_lines":"2","railway":"rail","railway:etcs":"1","ref":"ตะวันออก","usage":"main","wikipedia":"en:State Railway of Thailand#Eastern Line"},"id":"way/860367933"},{"type":"Feature","geometry":{"type":"LineString","coordinates":[[100.901763,13.715177],[100.915611,13.713458],[100.915857,13.713427],[100.916936,13.713293],[100.917023,13.713285],[100.91819,13.71314],[100.922626,13.712589],[100.923027,13.712539],[100.924931,13.712302],[100.929347,13.711754],[100.932043,13.711419]]},"properties":{"@id":"way/860367935","electrified":"no","gauge":"1000","name":"ทางรถไฟสายตะวันออก","name:th":"ทางรถไฟสายตะวันออก","operator":"การรถไฟแห่งประเทศไทย","passenger_lines":"2","railway":"rail","railway:etcs":"1","ref":"ตะวันออก","usage":"main","wikipedia":"en:State Railway of Thailand#Eastern Line"},"id":"way/860367935"},{"type":"Feature","geometry":{"type":"LineString","coordinates":[[100.414152,13.653384],[100.413307,13.652629],[100.413034,13.652385],[100.40976,13.649462],[100.409671,13.649383]]},"properties":{"@id":"way/868346586","electrified":"no","gauge":"1000","maxspeed":"80","name":"ทางรถไฟสายแม่กลอง","name:en":"Mae Klong Line","name:th":"ทางรถไฟสายแม่กลอง","operator":"การรถไฟแห่งประเทศไทย","railway":"rail","ref":"แม่กลอง","train":"yes","usage":"main"},"id":"way/868346586"},{"type":"Feature","geometry":{"type":"LineString","coordinates":[[100.41431,13.653521],[100.414152,13.653384]]},"properties":{"@id":"way/868346587","bridge":"yes","electrified":"no","gauge":"1000","layer":"1","maxspeed":"80","name":"ทางรถไฟสายแม่กลอง","name:en":"Mae Klong Line","name:th":"ทางรถไฟสายแม่กลอง","operator":"การรถไฟแห่งประเทศไทย","railway":"rail","ref":"แม่กลอง","train":"yes","usage":"main"},"id":"way/868346587"},{"type":"Feature","geometry":{"type":"LineString","coordinates":[[100.644893,13.737832],[100.64854,13.737437],[100.65301,13.736921],[100.656594,13.736538]]},"properties":{"@id":"way/868403450","electrified":"no","gauge":"1000","name":"ทางรถไฟสายตะวันออก","name:th":"ทางรถไฟสายตะวันออก","operator":"การรถไฟแห่งประเทศไทย","passenger_lines":"2","railway":"rail","railway:etcs":"1","ref":"ตะวันออก","usage":"main","wikipedia":"en:State Railway of Thailand#Eastern Line"},"id":"way/868403450"},{"type":"Feature","geometry":{"type":"LineString","coordinates":[[100.644776,13.737843],[100.644893,13.737832]]},"properties":{"@id":"way/868403451","bridge":"yes","electrified":"no","gauge":"1000","layer":"1","name":"ทางรถไฟสายตะวันออก","name:th":"ทางรถไฟสายตะวันออก","operator":"การรถไฟแห่งประเทศไทย","passenger_lines":"2","railway":"rail","railway:etcs":"1","ref":"ตะวันออก","usage":"main","wikipedia":"en:State Railway of Thailand#Eastern Line"},"id":"way/868403451"},{"type":"Feature","geometry":{"type":"LineString","coordinates":[[100.348561,13.801656],[100.348634,13.801654],[100.354609,13.801428],[100.36128,13.80119],[100.364376,13.80109]]},"properties":{"@id":"way/869051521","electrified":"no","gauge":"1000","name":"สายใต้","name:en":"Southern Line","name:th":"สายใต้","operator":"การรถไฟแห่งประเทศไทย","passenger_lines":"2","railway":"rail","railway:etcs":"1","ref":"ใต้","usage":"main"},"id":"way/869051521"},{"type":"Feature","geometry":{"type":"LineString","coordinates":[[100.32863,13.802347],[100.328837,13.80234]]},"properties":{"@id":"way/869051522","bridge":"yes","electrified":"no","gauge":"1000","layer":"1","name":"สายใต้","name:en":"Southern Line","name:th":"สายใต้","operator":"การรถไฟแห่งประเทศไทย","passenger_lines":"2","railway":"rail","railway:etcs":"1","ref":"ใต้","usage":"main"},"id":"way/869051522"},{"type":"Feature","geometry":{"type":"LineString","coordinates":[[100.319,13.802744],[100.320363,13.8027],[100.323685,13.802574],[100.324211,13.802554],[100.32433,13.802549],[100.324494,13.802543],[100.325016,13.802526],[100.328483,13.802412]]},"properties":{"@id":"way/869051523","electrified":"no","gauge":"1000","name":"สายใต้","name:en":"Southern Line","name:th":"สายใต้","operator":"การรถไฟแห่งประเทศไทย","railway":"rail","railway:etcs":"1","ref":"ใต้"},"id":"way/869051523"},{"type":"Feature","geometry":{"type":"LineString","coordinates":[[100.328949,13.802397],[100.33163,13.802293],[100.331891,13.802284],[100.333189,13.802231]]},"properties":{"@id":"way/869051525","electrified":"no","gauge":"1000","name":"สายใต้","name:en":"Southern Line","name:th":"สายใต้","operator":"การรถไฟแห่งประเทศไทย","railway":"rail","railway:etcs":"1","ref":"ใต้"},"id":"way/869051525"},{"type":"Feature","geometry":{"type":"LineString","coordinates":[[100.330632,13.802273],[100.33163,13.802293]]},"properties":{"@id":"way/869051526","electrified":"no","gauge":"1000","name":"สายใต้","name:en":"Southern Line","name:th":"สายใต้","railway":"rail","railway:etcs":"1","ref":"ใต้"},"id":"way/869051526"},{"type":"Feature","geometry":{"type":"LineString","coordinates":[[100.331891,13.802284],[100.332953,13.802189]]},"properties":{"@id":"way/869051527","electrified":"no","gauge":"1000","name":"สายใต้","name:en":"Southern Line","name:th":"สายใต้","operator":"การรถไฟแห่งประเทศไทย","railway":"rail","railway:etcs":"1","ref":"ใต้","service":"crossover"},"id":"way/869051527"},{"type":"Feature","geometry":{"type":"LineString","coordinates":[[100.315463,13.802869],[100.313039,13.802952],[100.311812,13.802982],[100.311203,13.803041],[100.309677,13.803211],[100.308175,13.803353]]},"properties":{"@id":"way/869051528","electrified":"no","gauge":"1000","name":"สายใต้","name:en":"Southern Line","name:th":"สายใต้","operator":"การรถไฟแห่งประเทศไทย","railway":"rail","railway:etcs":"1","ref":"ใต้"},"id":"way/869051528"},{"type":"Feature","geometry":{"type":"LineString","coordinates":[[100.317752,13.802709],[100.318753,13.802756]]},"properties":{"@id":"way/869051529","electrified":"no","gauge":"1000","name":"สายใต้","name:en":"Southern Line","name:th":"สายใต้","operator":"การรถไฟแห่งประเทศไทย","railway":"rail","railway:etcs":"1","ref":"ใต้","service":"crossover","usage":"main"},"id":"way/869051529"},{"type":"Feature","geometry":{"type":"LineString","coordinates":[[100.315897,13.802777],[100.317752,13.802709],[100.320111,13.802639],[100.320364,13.802631],[100.320999,13.802598],[100.323684,13.802504],[100.324209,13.802486],[100.324362,13.802481],[100.324492,13.802476],[100.325017,13.80246],[100.32863,13.802347]]},"properties":{"@id":"way/869051532","electrified":"no","gauge":"1000","name":"สายใต้","name:en":"Southern Line","name:th":"สายใต้","operator":"การรถไฟแห่งประเทศไทย","passenger_lines":"2","railway":"rail","railway:etcs":"1","ref":"ใต้","usage":"main"},"id":"way/869051532"},{"type":"Feature","geometry":{"type":"LineString","coordinates":[[100.307918,13.803303],[100.308186,13.803282]]},"properties":{"@id":"way/869051533","bridge":"yes","electrified":"no","gauge":"1000","layer":"1","name":"สายใต้","name:en":"Southern Line","name:th":"สายใต้","operator":"การรถไฟแห่งประเทศไทย","passenger_lines":"2","railway":"rail","railway:etcs":"1","ref":"ใต้","usage":"main"},"id":"way/869051533"},{"type":"Feature","geometry":{"type":"LineString","coordinates":[[100.300558,13.804073],[100.300283,13.804103],[100.297708,13.804358],[100.295481,13.804581],[100.29285,13.804829],[100.290411,13.805066],[100.287818,13.805322],[100.287655,13.805338],[100.286123,13.805481],[100.286006,13.805486]]},"properties":{"@id":"way/869051535","electrified":"no","gauge":"1000","name":"สายใต้","name:en":"Southern Line","name:th":"สายใต้","operator":"การรถไฟแห่งประเทศไทย","railway":"rail","railway:etcs":"1","ref":"ใต้"},"id":"way/869051535"},{"type":"Feature","geometry":{"type":"LineString","coordinates":[[100.277287,13.806241],[100.276145,13.806446]]},"properties":{"@id":"way/869051536","electrified":"no","gauge":"1000","name":"สายใต้","name:en":"Southern Line","name:th":"สายใต้","operator":"การรถไฟแห่งประเทศไทย","railway":"rail","railway:etcs":"1","service":"crossover"},"id":"way/869051536"},{"type":"Feature","geometry":{"type":"LineString","coordinates":[[100.286447,13.80538],[100.287655,13.805338]]},"properties":{"@id":"way/869051538","electrified":"no","gauge":"1000","name":"สายใต้","name:en":"Southern Line","name:th":"สายใต้","operator":"การรถไฟแห่งประเทศไทย","railway":"rail","railway:etcs":"1","service":"crossover"},"id":"way/869051538"},{"type":"Feature","geometry":{"type":"LineString","coordinates":[[100.272438,13.806816],[100.269703,13.807069],[100.266765,13.807361],[100.264137,13.807622],[100.258493,13.808155],[100.255247,13.808469]]},"properties":{"@id":"way/869051540","electrified":"no","gauge":"1000","name":"สายใต้","name:en":"Southern Line","name:th":"สายใต้","operator":"การรถไฟแห่งประเทศไทย","railway":"rail","railway:etcs":"1","ref":"ใต้","usage":"main"},"id":"way/869051540"},{"type":"Feature","geometry":{"type":"LineString","coordinates":[[100.18684,13.806221],[100.193445,13.806628],[100.197166,13.806833],[100.200667,13.807053],[100.207671,13.807459],[100.210493,13.807623],[100.210687,13.807631],[100.212752,13.807757],[100.216047,13.807954],[100.219152,13.808138],[100.21942,13.808157]]},"properties":{"@id":"way/869051541","electrified":"no","gauge":"1000","name":"สายใต้","name:en":"Southern Line","name:th":"สายใต้","operator":"การรถไฟแห่งประเทศไทย","passenger_lines":"2","railway":"rail","railway:etcs":"1","ref":"ใต้","usage":"main"},"id":"way/869051541"},{"type":"Feature","geometry":{"type":"LineString","coordinates":[[100.244466,13.809437],[100.244633,13.80942]]},"properties":{"@id":"way/869051542","bridge":"yes","electrified":"no","gauge":"1000","layer":"1","name":"สายใต้","name:en":"Southern Line","name:th":"สายใต้","operator":"การรถไฟแห่งประเทศไทย","passenger_lines":"2","railway":"rail","railway:etcs":"1","ref":"ใต้","usage":"main"},"id":"way/869051542"},{"type":"Feature","geometry":{"type":"LineString","coordinates":[[100.244464,13.80951],[100.243575,13.809582],[100.243449,13.809584],[100.243038,13.809591],[100.242691,13.809589],[100.242437,13.809577],[100.241214,13.809511],[100.239511,13.80942],[100.23519,13.809154],[100.23468,13.80913],[100.229252,13.808812],[100.223611,13.808473],[100.220941,13.808316]]},"properties":{"@id":"way/869051543","electrified":"no","gauge":"1000","name":"สายใต้","name:en":"Southern Line","name:th":"สายใต้","operator":"การรถไฟแห่งประเทศไทย","railway":"rail","railway:etcs":"1","ref":"ใต้","usage":"main"},"id":"way/869051543"},{"type":"Feature","geometry":{"type":"LineString","coordinates":[[100.219584,13.808165],[100.220042,13.808194],[100.220943,13.808252],[100.22361,13.808405],[100.230571,13.808821],[100.239519,13.80935],[100.242629,13.809525],[100.243254,13.809521],[100.244466,13.809437]]},"properties":{"@id":"way/869051544","electrified":"no","gauge":"1000","name":"สายใต้","name:en":"Southern Line","name:th":"สายใต้","operator":"การรถไฟแห่งประเทศไทย","passenger_lines":"2","railway":"rail","railway:etcs":"1","ref":"ใต้","usage":"main"},"id":"way/869051544"},{"type":"Feature","geometry":{"type":"LineString","coordinates":[[100.21942,13.808157],[100.219584,13.808165]]},"properties":{"@id":"way/869051545","bridge":"yes","electrified":"no","gauge":"1000","layer":"1","name":"สายใต้","name:en":"Southern Line","name:th":"สายใต้","operator":"การรถไฟแห่งประเทศไทย","passenger_lines":"2","railway":"rail","ref":"ใต้","usage":"main"},"id":"way/869051545"},{"type":"Feature","geometry":{"type":"LineString","coordinates":[[100.219416,13.808225],[100.213276,13.807859],[100.209373,13.80763],[100.206289,13.807448],[100.203267,13.807278],[100.198657,13.807002],[100.197156,13.806912],[100.186715,13.806286]]},"properties":{"@id":"way/869051546","electrified":"no","gauge":"1000","name":"สายใต้","name:en":"Southern Line","name:th":"สายใต้","operator":"การรถไฟแห่งประเทศไทย","railway":"rail","railway:etcs":"1","ref":"ใต้","usage":"main"},"id":"way/869051546"},{"type":"Feature","geometry":{"type":"LineString","coordinates":[[100.210493,13.807623],[100.209373,13.80763]]},"properties":{"@id":"way/869051547","gauge":"1000","name":"สายใต้","name:en":"Southern Line","name:th":"สายใต้","operator":"การรถไฟแห่งประเทศไทย","railway":"rail","railway:etcs":"1","ref":"ใต้","service":"crossover","usage":"main"},"id":"way/869051547"},{"type":"Feature","geometry":{"type":"LineString","coordinates":[[100.186715,13.806286],[100.185471,13.806216]]},"properties":{"@id":"way/869051549","bridge":"yes","bridge:name":"สะพานเสาวภา","bridge:name:en":"Saovabha Bridge","bridge:name:th":"สะพานเสาวภา","electrified":"no","gauge":"1000","layer":"1","name":"สายใต้","name:en":"Southern Line","name:th":"สายใต้","operator":"การรถไฟแห่งประเทศไทย","railway":"rail","railway:etcs":"1","ref":"ใต้","usage":"main"},"id":"way/869051549"},{"type":"Feature","geometry":{"type":"LineString","coordinates":[[100.185471,13.806216],[100.18312,13.806076],[100.182964,13.806068],[100.181607,13.805987],[100.179962,13.805889],[100.17931,13.805871],[100.178782,13.805896],[100.176953,13.806121],[100.171083,13.806914],[100.170891,13.806941],[100.160625,13.808326],[100.157524,13.80874]]},"properties":{"@id":"way/869051550","electrified":"no","gauge":"1000","name":"สายใต้","name:en":"Southern Line","name:th":"สายใต้","operator":"การรถไฟแห่งประเทศไทย","railway":"rail","railway:etcs":"1","ref":"ใต้","usage":"main"},"id":"way/869051550"},{"type":"Feature","geometry":{"type":"LineString","coordinates":[[100.157482,13.808668],[100.160616,13.808246],[100.169823,13.807014],[100.172175,13.806699],[100.172892,13.806603],[100.176047,13.806176],[100.17771,13.805944],[100.178591,13.805843],[100.179428,13.805808],[100.18,13.805825],[100.181347,13.805905],[100.181617,13.805921],[100.181907,13.805937],[100.184216,13.806063],[100.185345,13.806136]]},"properties":{"@id":"way/869051551","electrified":"no","gauge":"1000","name":"สายใต้","name:en":"Southern Line","name:th":"สายใต้","operator":"การรถไฟแห่งประเทศไทย","passenger_lines":"2","railway":"rail","railway:etcs":"1","ref":"ใต้","usage":"main"},"id":"way/869051551"},{"type":"Feature","geometry":{"type":"LineString","coordinates":[[100.157351,13.808686],[100.157482,13.808668]]},"properties":{"@id":"way/869051552","bridge":"yes","electrified":"no","gauge":"1000","layer":"1","name":"สายใต้","name:en":"Southern Line","name:th":"สายใต้","operator":"การรถไฟแห่งประเทศไทย","passenger_lines":"2","railway":"rail","railway:etcs":"1","ref":"ใต้","usage":"main"},"id":"way/869051552"},{"type":"Feature","geometry":{"type":"LineString","coordinates":[[100.181907,13.805937],[100.182964,13.806068]]},"properties":{"@id":"way/869051553","electrified":"no","gauge":"1000","name":"สายใต้","name:en":"Southern Line","name:th":"สายใต้","operator":"การรถไฟแห่งประเทศไทย","railway":"rail","railway:etcs":"1","ref":"ใต้","service":"crossover","usage":"main"},"id":"way/869051553"},{"type":"Feature","geometry":{"type":"LineString","coordinates":[[100.18312,13.806076],[100.184216,13.806063]]},"properties":{"@id":"way/869051554","electrified":"no","gauge":"1000","name":"สายใต้","name:en":"Southern Line","name:th":"สายใต้","operator":"การรถไฟแห่งประเทศไทย","railway":"rail","railway:etcs":"1","ref":"ใต้","service":"crossover","usage":"main"},"id":"way/869051554"},{"type":"Feature","geometry":{"type":"LineString","coordinates":[[100.171083,13.806914],[100.172175,13.806699]]},"properties":{"@id":"way/869051555","electrified":"no","gauge":"1000","name":"สายใต้","name:en":"Southern Line","name:th":"สายใต้","operator":"การรถไฟแห่งประเทศไทย","railway":"rail","railway:etcs":"1","ref":"ใต้","service":"crossover","usage":"main"},"id":"way/869051555"},{"type":"Feature","geometry":{"type":"LineString","coordinates":[[100.170891,13.806941],[100.169823,13.807014]]},"properties":{"@id":"way/869051558","electrified":"no","gauge":"1000","name":"สายใต้","name:en":"Southern Line","name:th":"สายใต้","operator":"การรถไฟแห่งประเทศไทย","railway":"rail","railway:etcs":"1","ref":"ใต้","service":"crossover","usage":"main"},"id":"way/869051558"},{"type":"Feature","geometry":{"type":"LineString","coordinates":[[100.157361,13.808762],[100.157248,13.808777],[100.153808,13.809243],[100.151477,13.809566],[100.150188,13.809738],[100.147472,13.810104],[100.145318,13.810407],[100.138711,13.811294],[100.136903,13.811541],[100.134355,13.811884],[100.133748,13.811971],[100.131751,13.81224],[100.128411,13.812689],[100.128039,13.812742],[100.127923,13.812758],[100.125812,13.813052],[100.125658,13.813071],[100.124989,13.813152],[100.12454,13.813231],[100.124103,13.813326],[100.123676,13.813445],[100.123138,13.813604],[100.122742,13.81376],[100.121693,13.814283],[100.120411,13.814954],[100.119451,13.815443],[100.11711,13.816653],[100.109281,13.820709]]},"properties":{"@id":"way/869051559","electrified":"no","gauge":"1000","name":"สายใต้","name:en":"Southern Line","name:th":"สายใต้","operator":"การรถไฟแห่งประเทศไทย","railway":"rail","railway:etcs":"1","ref":"ใต้","usage":"main"},"id":"way/869051559"},{"type":"Feature","geometry":{"type":"LineString","coordinates":[[100.135513,13.811657],[100.134355,13.811884]]},"properties":{"@id":"way/869051566","electrified":"no","gauge":"1000","name":"สายใต้","name:en":"Southern Line","name:th":"สายใต้","operator":"การรถไฟแห่งประเทศไทย","railway":"rail","railway:etcs":"1","ref":"ใต้","service":"crossover","usage":"main"},"id":"way/869051566"},{"type":"Feature","geometry":{"type":"LineString","coordinates":[[100.094938,13.82576],[100.096343,13.825734]]},"properties":{"@id":"way/870016872","electrified":"no","gauge":"1000","name":"สายใต้","name:en":"Southern Line","name:th":"สายใต้","operator":"การรถไฟแห่งประเทศไทย","railway":"rail","railway:etcs":"1","ref":"ใต้","service":"crossover","usage":"main"},"id":"way/870016872"},{"type":"Feature","geometry":{"type":"LineString","coordinates":[[100.109136,13.820789],[100.108976,13.820871],[100.104523,13.823168],[100.100803,13.825063],[100.099833,13.825433],[100.098845,13.825651],[100.098272,13.825745],[100.0977,13.825802],[100.097114,13.825834],[100.094938,13.82576],[100.094738,13.825753],[100.09152,13.825645],[100.085216,13.825436],[100.085025,13.825433],[100.080563,13.825291],[100.080051,13.82527],[100.07981,13.825261],[100.076668,13.82512],[100.073491,13.825027],[100.064404,13.824735],[100.064246,13.824728],[100.061565,13.824647],[100.061453,13.824641],[100.06125,13.824634]]},"properties":{"@id":"way/870016873","electrified":"no","gauge":"1000","name":"สายใต้","name:en":"Southern Line","name:th":"สายใต้","operator":"การรถไฟแห่งประเทศไทย","railway":"rail","railway:etcs":"1","ref":"ใต้","usage":"main"},"id":"way/870016873"},{"type":"Feature","geometry":{"type":"LineString","coordinates":[[100.085025,13.825433],[100.083831,13.825298]]},"properties":{"@id":"way/870016874","electrified":"no","gauge":"1000","name":"สายใต้","name:en":"Southern Line","name:th":"สายใต้","operator":"การรถไฟแห่งประเทศไทย","railway":"rail","railway:etcs":"1","ref":"ใต้","service":"crossover","usage":"main"},"id":"way/870016874"},{"type":"Feature","geometry":{"type":"LineString","coordinates":[[100.061565,13.824647],[100.062818,13.824601]]},"properties":{"@id":"way/870016879","electrified":"no","gauge":"1000","name":"สายใต้","name:en":"Southern Line","name:th":"สายใต้","operator":"การรถไฟแห่งประเทศไทย","railway":"rail","railway:etcs":"1","ref":"ใต้","service":"crossover","usage":"main"},"id":"way/870016879"},{"type":"Feature","geometry":{"type":"LineString","coordinates":[[100.062987,13.824606],[100.064246,13.824728]]},"properties":{"@id":"way/870016880","electrified":"no","gauge":"1000","name":"สายใต้","name:en":"Southern Line","name:th":"สายใต้","operator":"การรถไฟแห่งประเทศไทย","railway":"rail","railway:etcs":"1","ref":"ใต้","service":"crossover","usage":"main"},"id":"way/870016880"},{"type":"Feature","geometry":{"type":"LineString","coordinates":[[100.050777,13.8242],[100.050924,13.824203]]},"properties":{"@id":"way/870016882","bridge":"yes","electrified":"no","gauge":"1000","layer":"1","name":"สายใต้","name:en":"Southern Line","name:th":"สายใต้","operator":"การรถไฟแห่งประเทศไทย","passenger_lines":"2","railway":"rail","railway:etcs":"1","ref":"ใต้","usage":"main"},"id":"way/870016882"},{"type":"Feature","geometry":{"type":"LineString","coordinates":[[100.06125,13.824634],[100.056701,13.82448],[100.055518,13.824442],[100.055061,13.824422],[100.054532,13.824394],[100.050919,13.824247]]},"properties":{"@id":"way/870016883","electrified":"no","gauge":"1000","name":"สายใต้","name:en":"Southern Line","name:th":"สายใต้","operator":"การรถไฟแห่งประเทศไทย","passenger_lines":"2","railway":"rail","railway:etcs":"1","ref":"ใต้","usage":"main"},"id":"way/870016883"},{"type":"Feature","geometry":{"type":"LineString","coordinates":[[100.041321,13.823887],[100.045906,13.824046],[100.046274,13.824055],[100.047231,13.824079],[100.047415,13.824085],[100.050777,13.8242]]},"properties":{"@id":"way/870016894","electrified":"no","gauge":"1000","name":"สายใต้","name:en":"Southern Line","name:th":"สายใต้","operator":"การรถไฟแห่งประเทศไทย","passenger_lines":"2","railway":"rail","railway:etcs":"1","ref":"ใต้","usage":"main"},"id":"way/870016894"},{"type":"Feature","geometry":{"type":"LineString","coordinates":[[100.348556,13.801708],[100.354607,13.801505],[100.356395,13.801427],[100.364343,13.801171]]},"properties":{"@id":"way/870016895","electrified":"no","gauge":"1000","name":"สายใต้","name:en":"Southern Line","name:th":"สายใต้","operator":"การรถไฟแห่งประเทศไทย","railway":"rail","railway:etcs":"1","ref":"ใต้"},"id":"way/870016895"},{"type":"Feature","geometry":{"type":"LineString","coordinates":[[100.364612,13.801162],[100.36766,13.801047]]},"properties":{"@id":"way/870016896","electrified":"no","gauge":"1000","name":"สายใต้","name:en":"Southern Line","name:th":"สายใต้","operator":"การรถไฟแห่งประเทศไทย","railway":"rail","railway:etcs":"1","ref":"ใต้"},"id":"way/870016896"},{"type":"Feature","geometry":{"type":"LineString","coordinates":[[100.364343,13.801171],[100.364612,13.801162]]},"properties":{"@id":"way/870016897","bridge":"yes","electrified":"no","gauge":"1000","layer":"1","name":"สายใต้","name:en":"Southern Line","name:th":"สายใต้","operator":"การรถไฟแห่งประเทศไทย","railway":"rail","railway:etcs":"1","ref":"ใต้"},"id":"way/870016897"},{"type":"Feature","geometry":{"type":"LineString","coordinates":[[100.36766,13.801047],[100.368746,13.800935]]},"properties":{"@id":"way/870016898","electrified":"no","gauge":"1000","name":"สายใต้","name:en":"Southern Line","name:th":"สายใต้","operator":"การรถไฟแห่งประเทศไทย","railway":"rail","railway:etcs":"1","ref":"ใต้"},"id":"way/870016898"},{"type":"Feature","geometry":{"type":"LineString","coordinates":[[100.380446,13.800599],[100.380848,13.800585],[100.39302,13.800158],[100.393409,13.800144],[100.394444,13.800104],[100.396132,13.80004],[100.396834,13.800013],[100.397661,13.799985],[100.398652,13.799951],[100.401355,13.799858],[100.401379,13.799857]]},"properties":{"@id":"way/870016899","electrified":"no","gauge":"1000","name":"สายใต้","name:en":"Southern Line","name:th":"สายใต้","operator":"การรถไฟแห่งประเทศไทย","passenger_lines":"2","railway":"rail","railway:etcs":"1","ref":"ใต้","usage":"main"},"id":"way/870016899"},{"type":"Feature","geometry":{"type":"LineString","coordinates":[[100.368989,13.800991],[100.369101,13.800987],[100.371284,13.800916],[100.373287,13.800851],[100.374174,13.80082],[100.37464,13.800804],[100.375233,13.800783],[100.378028,13.800686],[100.378985,13.800652],[100.379155,13.800646],[100.380175,13.800609]]},"properties":{"@id":"way/870016900","electrified":"no","gauge":"1000","name":"สายใต้","name:en":"Southern Line","name:th":"สายใต้","operator":"การรถไฟแห่งประเทศไทย","railway":"rail","railway:etcs":"1","ref":"ใต้","usage":"main"},"id":"way/870016900"},{"type":"Feature","geometry":{"type":"LineString","coordinates":[[100.380175,13.800609],[100.380446,13.800599]]},"properties":{"@id":"way/870016901","bridge":"yes","electrified":"no","gauge":"1000","layer":"1","name":"สายใต้","name:en":"Southern Line","name:th":"สายใต้","operator":"การรถไฟแห่งประเทศไทย","railway":"rail","railway:etcs":"1","ref":"ใต้","usage":"main"},"id":"way/870016901"},{"type":"Feature","geometry":{"type":"LineString","coordinates":[[100.416478,13.799346],[100.420645,13.799199],[100.425035,13.799045],[100.425284,13.799032]]},"properties":{"@id":"way/870016902","electrified":"no","gauge":"1000","name":"สายใต้","name:en":"Southern Line","name:th":"สายใต้","operator":"การรถไฟแห่งประเทศไทย","railway":"rail","railway:etcs":"1","ref":"ใต้","usage":"main"},"id":"way/870016902"},{"type":"Feature","geometry":{"type":"LineString","coordinates":[[100.416178,13.799356],[100.416478,13.799346]]},"properties":{"@id":"way/870016903","bridge":"yes","electrified":"no","gauge":"1000","layer":"1","name":"สายใต้","name:en":"Southern Line","name:th":"สายใต้","operator":"การรถไฟแห่งประเทศไทย","railway":"rail","railway:etcs":"1","ref":"ใต้","usage":"main"},"id":"way/870016903"},{"type":"Feature","geometry":{"type":"LineString","coordinates":[[100.401663,13.799847],[100.402152,13.799831],[100.408991,13.799611],[100.414236,13.799417],[100.416178,13.799356]]},"properties":{"@id":"way/870016904","electrified":"no","gauge":"1000","name":"สายใต้","name:en":"Southern Line","name:th":"สายใต้","operator":"การรถไฟแห่งประเทศไทย","passenger_lines":"2","railway":"rail","railway:etcs":"1","ref":"ใต้","usage":"main"},"id":"way/870016904"},{"type":"Feature","geometry":{"type":"LineString","coordinates":[[100.401379,13.799857],[100.401663,13.799847]]},"properties":{"@id":"way/870016905","bridge":"yes","layer":"1","name":"สายใต้","name:en":"Southern Line","name:th":"สายใต้","operator":"การรถไฟแห่งประเทศไทย","passenger_lines":"2","railway":"rail","railway:etcs":"1","ref":"ใต้","usage":"main"},"id":"way/870016905"},{"type":"Feature","geometry":{"type":"LineString","coordinates":[[100.377911,13.800618],[100.379155,13.800646]]},"properties":{"@id":"way/870016907","electrified":"no","gauge":"1000","name":"สายใต้","name:en":"Southern Line","name:th":"สายใต้","operator":"การรถไฟแห่งประเทศไทย","railway":"rail","railway:etcs":"1"},"id":"way/870016907"},{"type":"Feature","geometry":{"type":"LineString","coordinates":[[100.473497,13.730534],[100.473432,13.730758],[100.473423,13.730795],[100.473417,13.730823],[100.473401,13.730918],[100.473352,13.731138],[100.473306,13.7313]]},"properties":{"@id":"way/884163801","bridge":"viaduct","electrified":"rail","frequency":"0","gauge":"1435","layer":"4","maxspeed":"80","name":"รถไฟฟ้ามหานคร สายสีน้ำเงิน","name:en":"MRT Blue Line","name:th":"รถไฟฟ้ามหานคร สายสีน้ำเงิน","official_name":"รถไฟฟ้ามหานคร สายเฉลิมรัชมงคล","official_name:en":"MRT Chaloem Ratchamongkhon Line","operator":"ทางด่วนและรถไฟฟ้ากรุงเทพ","railway":"subway","railway:atc":"yes","ref":"BL","service":"crossover","voltage":"750"},"id":"way/884163801"},{"type":"Feature","geometry":{"type":"LineString","coordinates":[[100.473135,13.731245],[100.473248,13.731089],[100.473317,13.731003],[100.473401,13.730918],[100.473671,13.730573]]},"properties":{"@id":"way/884163802","bridge":"viaduct","electrified":"rail","frequency":"0","gauge":"1435","layer":"4","maxspeed":"80","name":"รถไฟฟ้ามหานคร สายสีน้ำเงิน","name:en":"MRT Blue Line","name:th":"รถไฟฟ้ามหานคร สายสีน้ำเงิน","official_name":"รถไฟฟ้ามหานคร สายเฉลิมรัชมงคล","official_name:en":"MRT Chaloem Ratchamongkhon Line","operator":"ทางด่วนและรถไฟฟ้ากรุงเทพ","railway":"subway","railway:atc":"yes","ref":"BL","service":"crossover","voltage":"750"},"id":"way/884163802"},{"type":"Feature","geometry":{"type":"LineString","coordinates":[[100.597457,13.710704],[100.598253,13.710149]]},"properties":{"@id":"way/884165264","bridge":"viaduct","electrified":"rail","frequency":"0","gauge":"1435","layer":"2","maxspeed":"80","name":"รถไฟฟ้าบีทีเอส สายสุขุมวิท","name:en":"BTS Sukhumvit Line","name:th":"รถไฟฟ้าบีทีเอส สายสุขุมวิท","network":"BTS","official_name":"รถไฟฟ้าเฉลิมพระเกียรติ 6 รอบพระชนมพรรษา สาย 1","operator":"ระบบขนส่งมวลชนกรุงเทพ","operator:en":"Bangkok Mass Transit System;BTSC","railway":"subway","railway:cbtc":"sto","railway:track_ref":"2","ref":"สุขุมวิท","tracks":"1","usage":"main","voltage":"750","wikidata":"Q4921598","wikipedia":"th:รถไฟฟ้าบีทีเอส สายสุขุมวิท","wikipedia:en":"en:BTS Skytrain"},"id":"way/884165264"},{"type":"Feature","geometry":{"type":"LineString","coordinates":[[100.599291,13.879854],[100.599234,13.87971],[100.599167,13.879545],[100.5991,13.87941],[100.599018,13.87926],[100.597809,13.877215],[100.597584,13.876697],[100.597499,13.876468],[100.597376,13.876183],[100.597275,13.875996],[100.597226,13.875903],[100.59682,13.875222],[100.596676,13.874971],[100.596447,13.874587],[100.596311,13.874402],[100.596177,13.874262],[100.596014,13.874085],[100.595881,13.87392]]},"properties":{"@id":"way/884167052","bridge":"viaduct","electrified":"rail","frequency":"0","gauge":"1435","layer":"4","maxspeed":"80","name":"รถไฟฟ้าบีทีเอส สายสุขุมวิท","name:en":"BTS Sukhumvit Line","name:th":"รถไฟฟ้าบีทีเอส สายสุขุมวิท","network":"BTS","official_name":"รถไฟฟ้าเฉลิมพระเกียรติ 6 รอบพระชนมพรรษา สาย 1","opening_date":"2020-12-16","operator":"กรุงเทพธนาคม","railway":"subway","railway:cbtc":"sto","railway:preferred_direction":"forward","railway:track_ref":"1","ref":"สุขุมวิท","tracks":"1","usage":"main","voltage":"750","wikidata":"Q4921598","wikipedia":"th:รถไฟฟ้าบีทีเอส สายสุขุมวิท"},"id":"way/884167052"},{"type":"Feature","geometry":{"type":"LineString","coordinates":[[100.328647,13.802407],[100.328864,13.8024]]},"properties":{"@id":"way/891436021","bridge":"yes","electrified":"no","gauge":"1000","layer":"1","name":"สายใต้","name:en":"Southern Line","name:th":"สายใต้","operator":"การรถไฟแห่งประเทศไทย","railway":"rail","railway:etcs":"1","ref":"ใต้"},"id":"way/891436021"},{"type":"Feature","geometry":{"type":"LineString","coordinates":[[100.328864,13.8024],[100.328949,13.802397]]},"properties":{"@id":"way/891436022","electrified":"no","gauge":"1000","name":"สายใต้","name:en":"Southern Line","name:th":"สายใต้","operator":"การรถไฟแห่งประเทศไทย","railway":"rail","railway:etcs":"1","ref":"ใต้"},"id":"way/891436022"},{"type":"Feature","geometry":{"type":"LineString","coordinates":[[100.328483,13.802412],[100.328528,13.802411],[100.328647,13.802407]]},"properties":{"@id":"way/891436023","electrified":"no","gauge":"1000","name":"สายใต้","name:en":"Southern Line","name:th":"สายใต้","operator":"การรถไฟแห่งประเทศไทย","railway":"rail","railway:etcs":"1","ref":"ใต้"},"id":"way/891436023"},{"type":"Feature","geometry":{"type":"LineString","coordinates":[[100.328842,13.802307],[100.329905,13.802255],[100.330419,13.802274]]},"properties":{"@id":"way/891436024","electrified":"no","gauge":"1000","name":"สายใต้","name:en":"Southern Line","name:th":"สายใต้","railway":"rail","railway:etcs":"1","ref":"ใต้"},"id":"way/891436024"},{"type":"Feature","geometry":{"type":"LineString","coordinates":[[100.328614,13.802312],[100.328842,13.802307]]},"properties":{"@id":"way/891436025","bridge":"yes","electrified":"no","gauge":"1000","layer":"1","name":"สายใต้","name:en":"Southern Line","name:th":"สายใต้","railway":"rail","railway:etcs":"1","ref":"ใต้"},"id":"way/891436025"},{"type":"Feature","geometry":{"type":"LineString","coordinates":[[101.053954,13.69624],[101.054625,13.696156],[101.059106,13.695601],[101.060799,13.69539]]},"properties":{"@id":"way/891534264","electrified":"no","gauge":"1000","name":"ทางรถไฟสายตะวันออก","name:th":"ทางรถไฟสายตะวันออก","railway":"rail","railway:etcs":"1","ref":"ตะวันออก"},"id":"way/891534264"},{"type":"Feature","geometry":{"type":"LineString","coordinates":[[100.109281,13.820709],[100.109241,13.820731],[100.109185,13.820761],[100.109136,13.820789]]},"properties":{"@id":"way/892581390","bridge":"yes","electrified":"no","gauge":"1000","layer":"1","name":"สายใต้","name:en":"Southern Line","name:th":"สายใต้","operator":"การรถไฟแห่งประเทศไทย","railway":"rail","railway:etcs":"1","ref":"ใต้","usage":"main"},"id":"way/892581390"},{"type":"Feature","geometry":{"type":"LineString","coordinates":[[100.157524,13.80874],[100.157361,13.808762]]},"properties":{"@id":"way/892581392","bridge":"yes","electrified":"no","gauge":"1000","layer":"1","name":"สายใต้","name:en":"Southern Line","name:th":"สายใต้","operator":"การรถไฟแห่งประเทศไทย","railway":"rail","railway:etcs":"1","ref":"ใต้","usage":"main"},"id":"way/892581392"},{"type":"Feature","geometry":{"type":"LineString","coordinates":[[100.220941,13.808316],[100.219603,13.808235]]},"properties":{"@id":"way/892581393","electrified":"no","gauge":"1000","name":"สายใต้","name:en":"Southern Line","name:th":"สายใต้","operator":"การรถไฟแห่งประเทศไทย","railway":"rail","railway:etcs":"1","ref":"ใต้","usage":"main"},"id":"way/892581393"},{"type":"Feature","geometry":{"type":"LineString","coordinates":[[100.219603,13.808235],[100.219517,13.80823],[100.219416,13.808225]]},"properties":{"@id":"way/892581394","bridge":"yes","electrified":"no","gauge":"1000","layer":"1","name":"สายใต้","name:en":"Southern Line","name:th":"สายใต้","operator":"การรถไฟแห่งประเทศไทย","railway":"rail","railway:etcs":"1","ref":"ใต้","usage":"main"},"id":"way/892581394"},{"type":"Feature","geometry":{"type":"LineString","coordinates":[[100.255161,13.808479],[100.250354,13.808959],[100.244632,13.809496]]},"properties":{"@id":"way/892581395","electrified":"no","gauge":"1000","name":"สายใต้","name:en":"Southern Line","name:th":"สายใต้","operator":"การรถไฟแห่งประเทศไทย","railway":"rail","railway:etcs":"1","ref":"ใต้","usage":"main"},"id":"way/892581395"},{"type":"Feature","geometry":{"type":"LineString","coordinates":[[100.244632,13.809496],[100.244567,13.809502],[100.244464,13.80951]]},"properties":{"@id":"way/892581396","bridge":"yes","electrified":"no","gauge":"1000","layer":"1","name":"สายใต้","name:en":"Southern Line","name:th":"สายใต้","operator":"การรถไฟแห่งประเทศไทย","railway":"rail","railway:etcs":"1","ref":"ใต้","usage":"main"},"id":"way/892581396"},{"type":"Feature","geometry":{"type":"LineString","coordinates":[[100.285805,13.805503],[100.277489,13.806311],[100.276145,13.806446],[100.272533,13.806807]]},"properties":{"@id":"way/892581397","electrified":"no","gauge":"1000","name":"สายใต้","name:en":"Southern Line","name:th":"สายใต้","operator":"การรถไฟแห่งประเทศไทย","railway":"rail","railway:etcs":"1","ref":"ใต้","usage":"main"},"id":"way/892581397"},{"type":"Feature","geometry":{"type":"LineString","coordinates":[[100.286006,13.805486],[100.285943,13.805489],[100.285805,13.805503]]},"properties":{"@id":"way/892581398","bridge":"yes","electrified":"no","gauge":"1000","layer":"1","name":"สายใต้","name:en":"Southern Line","name:th":"สายใต้","operator":"การรถไฟแห่งประเทศไทย","railway":"rail","railway:etcs":"1","ref":"ใต้"},"id":"way/892581398"},{"type":"Feature","geometry":{"type":"LineString","coordinates":[[100.285986,13.805425],[100.286447,13.80538],[100.300566,13.803997]]},"properties":{"@id":"way/892581399","electrified":"no","gauge":"1000","name":"สายใต้","name:en":"Southern Line","name:th":"สายใต้","operator":"การรถไฟแห่งประเทศไทย","passenger_lines":"2","railway":"rail","railway:etcs":"1","ref":"ใต้","usage":"main"},"id":"way/892581399"},{"type":"Feature","geometry":{"type":"LineString","coordinates":[[100.285819,13.80544],[100.285929,13.80543],[100.285986,13.805425]]},"properties":{"@id":"way/892581400","bridge":"yes","electrified":"no","gauge":"1000","layer":"1","name":"สายใต้","name:en":"Southern Line","name:th":"สายใต้","operator":"การรถไฟแห่งประเทศไทย","passenger_lines":"2","railway":"rail","railway:etcs":"1","ref":"ใต้","usage":"main"},"id":"way/892581400"},{"type":"Feature","geometry":{"type":"LineString","coordinates":[[100.308175,13.803353],[100.308058,13.803364],[100.307928,13.803377]]},"properties":{"@id":"way/892581402","bridge":"yes","electrified":"no","gauge":"1000","layer":"1","name":"สายใต้","name:en":"Southern Line","name:th":"สายใต้","operator":"การรถไฟแห่งประเทศไทย","railway":"rail","railway:etcs":"1","ref":"ใต้"},"id":"way/892581402"},{"type":"Feature","geometry":{"type":"LineString","coordinates":[[100.731914,13.809973],[100.732307,13.809159],[100.732674,13.808402]]},"properties":{"@id":"way/901894727","bridge":"viaduct","check_date":"2023-11-20","colour":"#EDA0C2","electrified":"rail","frequency":"0","layer":"2","maxspeed":"80","name":"รถไฟฟ้ามหานคร สายสีชมพู","name:en":"MRT Pink Line","name:th":"รถไฟฟ้ามหานคร สายสีชมพู","opening_date":"2023-11-21","operator":"นอร์ทเทิร์นบางกอกโมโนเรล","railway":"monorail","railway:cbtc":"uto","tracks":"2","voltage":"750","wikidata":"Q6584557","wikipedia":"en:Pink Line (Bangkok)"},"id":"way/901894727"},{"type":"Feature","geometry":{"type":"LineString","coordinates":[[100.727621,13.807081],[100.728479,13.807548],[100.730486,13.808653],[100.732313,13.809651],[100.733699,13.810405],[100.734901,13.811059],[100.735895,13.811606],[100.736192,13.811766],[100.736924,13.812171],[100.737622,13.812558],[100.739603,13.813633],[100.73985,13.813776],[100.740253,13.813989],[100.740861,13.814322],[100.741993,13.81494],[100.743127,13.815558],[100.743281,13.815647]]},"properties":{"@id":"way/901894729","bridge":"yes","colour":"#FF6610","construction":"subway","construction:electrified":"rail","construction:frequency":"0","construction:railway":"subway","construction:voltage":"750","gauge":"1435","layer":"3","maxspeed":"80","name":"รถไฟฟ้ามหานคร สายสีส้ม","name:en":"MRT Orange Line","name:th":"รถไฟฟ้ามหานคร สายสีส้ม","name:zh":"曼谷地铁橙线","operator":"ทางด่วนและรถไฟฟ้ากรุงเทพ","railway":"construction","ref":"OR"},"id":"way/901894729"},{"type":"Feature","geometry":{"type":"LineString","coordinates":[[100.997171,14.273104],[100.996926,14.276731],[100.996843,14.277944],[100.996772,14.278662],[100.996702,14.279305],[100.996534,14.280323],[100.996361,14.281175],[100.996071,14.282123],[100.995792,14.282921],[100.994877,14.285133],[100.991798,14.292158],[100.990158,14.295849],[100.989434,14.297438],[100.986371,14.30432],[100.983003,14.312058]]},"properties":{"@id":"way/906022628","electrified":"no","gauge":"1000","name":"ทางรถไฟสายชุมทางคลองสิบเก้า–ชุมทางแก่งคอย","name:th":"ทางรถไฟสายชุมทางคลองสิบเก้า–ชุมทางแก่งคอย","railway":"rail","railway:etcs":"1","usage":"branch"},"id":"way/906022628"},{"type":"Feature","geometry":{"type":"LineString","coordinates":[[100.982958,14.312045],[100.983156,14.311611],[100.983648,14.31048],[100.986373,14.304255],[100.987298,14.302173],[100.990114,14.295824],[100.991751,14.292105],[100.994013,14.28693],[100.995495,14.283547],[100.995766,14.282871],[100.995946,14.282361],[100.99612,14.281753],[100.996297,14.281083],[100.996458,14.28037],[100.996595,14.279583],[100.996672,14.279084],[100.996758,14.278221],[100.996884,14.276073],[100.997069,14.273457],[100.997091,14.273106]]},"properties":{"@id":"way/906022630","electrified":"no","gauge":"1000","name":"ทางรถไฟสายชุมทางคลองสิบเก้า–ชุมทางแก่งคอย","name:th":"ทางรถไฟสายชุมทางคลองสิบเก้า–ชุมทางแก่งคอย","railway":"rail","railway:etcs":"1","usage":"branch"},"id":"way/906022630"},{"type":"Feature","geometry":{"type":"LineString","coordinates":[[100.999872,14.229996],[100.999884,14.229815],[101.000207,14.224261],[101.000673,14.217524],[101.000768,14.215732],[101.000782,14.214795],[101.000737,14.213917],[101.000603,14.212621],[101.000503,14.211994],[101.000386,14.211455],[101.000151,14.210606],[100.999782,14.209513],[100.998124,14.205069],[100.996479,14.200786],[100.995403,14.197874],[100.995031,14.196867],[100.992503,14.190129]]},"properties":{"@id":"way/906106385","electrified":"no","gauge":"1000","name":"ทางรถไฟสายชุมทางคลองสิบเก้า–ชุมทางแก่งคอย","name:th":"ทางรถไฟสายชุมทางคลองสิบเก้า–ชุมทางแก่งคอย","railway":"rail","railway:etcs":"1","usage":"branch"},"id":"way/906106385"},{"type":"Feature","geometry":{"type":"LineString","coordinates":[[100.999838,14.230769],[100.999872,14.229996]]},"properties":{"@id":"way/906106386","bridge":"yes","electrified":"no","gauge":"1000","layer":"1","name":"ทางรถไฟสายชุมทางคลองสิบเก้า–ชุมทางแก่งคอย","name:th":"ทางรถไฟสายชุมทางคลองสิบเก้า–ชุมทางแก่งคอย","railway":"rail","railway:etcs":"1","usage":"branch"},"id":"way/906106386"},{"type":"Feature","geometry":{"type":"LineString","coordinates":[[100.999896,14.230783],[100.999708,14.234215],[100.998891,14.245943],[100.998465,14.252912],[100.99846,14.253023],[100.998432,14.253404],[100.998351,14.254855],[100.998022,14.260096]]},"properties":{"@id":"way/906107161","electrified":"no","gauge":"1000","name":"ทางรถไฟสายชุมทางคลองสิบเก้า–ชุมทางแก่งคอย","name:th":"ทางรถไฟสายชุมทางคลองสิบเก้า–ชุมทางแก่งคอย","railway":"rail","railway:etcs":"1","usage":"branch"},"id":"way/906107161"},{"type":"Feature","geometry":{"type":"LineString","coordinates":[[100.998022,14.260096],[100.998,14.260478]]},"properties":{"@id":"way/906107162","bridge":"yes","electrified":"no","gauge":"1000","layer":"1","name":"ทางรถไฟสายชุมทางคลองสิบเก้า–ชุมทางแก่งคอย","name:th":"ทางรถไฟสายชุมทางคลองสิบเก้า–ชุมทางแก่งคอย","railway":"rail","railway:etcs":"1","usage":"branch"},"id":"way/906107162"},{"type":"Feature","geometry":{"type":"LineString","coordinates":[[100.997936,14.260054],[100.997968,14.259674],[100.998079,14.257775],[100.998202,14.255774],[100.99832,14.253982],[100.998375,14.253044],[100.998382,14.252932],[100.99848,14.251295],[100.998763,14.24703],[100.998835,14.245949],[100.99904,14.242927],[100.999583,14.235061],[100.999789,14.231685],[100.999838,14.230769]]},"properties":{"@id":"way/906107165","electrified":"no","gauge":"1000","name":"ทางรถไฟสายชุมทางคลองสิบเก้า–ชุมทางแก่งคอย","name:th":"ทางรถไฟสายชุมทางคลองสิบเก้า–ชุมทางแก่งคอย","railway":"rail","railway:etcs":"1","usage":"branch"},"id":"way/906107165"},{"type":"Feature","geometry":{"type":"LineString","coordinates":[[100.99773,14.26296],[100.997737,14.262861]]},"properties":{"@id":"way/906107166","bridge":"yes","electrified":"no","gauge":"1000","layer":"1","name":"ทางรถไฟสายชุมทางคลองสิบเก้า–ชุมทางแก่งคอย","name:th":"ทางรถไฟสายชุมทางคลองสิบเก้า–ชุมทางแก่งคอย","railway":"rail","railway:etcs":"1","usage":"branch"},"id":"way/906107166"},{"type":"Feature","geometry":{"type":"LineString","coordinates":[[100.998,14.260478],[100.99784,14.262886]]},"properties":{"@id":"way/906107167","electrified":"no","gauge":"1000","name":"ทางรถไฟสายชุมทางคลองสิบเก้า–ชุมทางแก่งคอย","name:th":"ทางรถไฟสายชุมทางคลองสิบเก้า–ชุมทางแก่งคอย","railway":"rail","railway:etcs":"1","usage":"branch"},"id":"way/906107167"},{"type":"Feature","geometry":{"type":"LineString","coordinates":[[100.99784,14.262886],[100.997833,14.262986]]},"properties":{"@id":"way/906107168","bridge":"yes","electrified":"no","gauge":"1000","layer":"1","name":"ทางรถไฟสายชุมทางคลองสิบเก้า–ชุมทางแก่งคอย","name:th":"ทางรถไฟสายชุมทางคลองสิบเก้า–ชุมทางแก่งคอย","railway":"rail","railway:etcs":"1","usage":"branch"},"id":"way/906107168"},{"type":"Feature","geometry":{"type":"LineString","coordinates":[[100.997737,14.262861],[100.99779,14.262021],[100.997911,14.260457]]},"properties":{"@id":"way/906107169","electrified":"no","gauge":"1000","name":"ทางรถไฟสายชุมทางคลองสิบเก้า–ชุมทางแก่งคอย","name:th":"ทางรถไฟสายชุมทางคลองสิบเก้า–ชุมทางแก่งคอย","railway":"rail","railway:etcs":"1","usage":"branch"},"id":"way/906107169"},{"type":"Feature","geometry":{"type":"LineString","coordinates":[[100.997911,14.260457],[100.997936,14.260054]]},"properties":{"@id":"way/906107170","bridge":"yes","electrified":"no","gauge":"1000","layer":"1","name":"ทางรถไฟสายชุมทางคลองสิบเก้า–ชุมทางแก่งคอย","name:th":"ทางรถไฟสายชุมทางคลองสิบเก้า–ชุมทางแก่งคอย","railway":"rail","railway:etcs":"1","usage":"branch"},"id":"way/906107170"},{"type":"Feature","geometry":{"type":"LineString","coordinates":[[100.991108,14.186429],[100.986578,14.174323],[100.985714,14.17212],[100.985308,14.170988],[100.984584,14.169095],[100.984276,14.168289],[100.984152,14.167925],[100.98395,14.167242],[100.983776,14.166562],[100.983656,14.165979],[100.983536,14.165018],[100.983461,14.164342],[100.98338,14.163422],[100.983331,14.162633],[100.983316,14.161806],[100.983231,14.160159],[100.983189,14.158556],[100.983115,14.15705],[100.983058,14.155135],[100.982991,14.152849],[100.982846,14.149792],[100.9828,14.148226]]},"properties":{"@id":"way/906212691","electrified":"no","gauge":"1000","name":"ทางรถไฟสายชุมทางคลองสิบเก้า–ชุมทางแก่งคอย","name:th":"ทางรถไฟสายชุมทางคลองสิบเก้า–ชุมทางแก่งคอย","railway":"rail","railway:etcs":"1","usage":"branch"},"id":"way/906212691"},{"type":"Feature","geometry":{"type":"LineString","coordinates":[[100.992503,14.190129],[100.991108,14.186429]]},"properties":{"@id":"way/906212693","bridge":"yes","electrified":"no","gauge":"1000","layer":"1","name":"ทางรถไฟสายชุมทางคลองสิบเก้า–ชุมทางแก่งคอย","name:th":"ทางรถไฟสายชุมทางคลองสิบเก้า–ชุมทางแก่งคอย","railway":"rail","railway:etcs":"1","usage":"branch"},"id":"way/906212693"},{"type":"Feature","geometry":{"type":"LineString","coordinates":[[100.984641,14.136829],[100.98445,14.137293]]},"properties":{"@id":"way/906224114","electrified":"no","gauge":"1000","railway":"rail","service":"crossover","usage":"branch"},"id":"way/906224114"},{"type":"Feature","geometry":{"type":"LineString","coordinates":[[101.012855,14.087394],[101.013308,14.086596],[101.016707,14.080606],[101.024051,14.067719],[101.025907,14.0645],[101.027464,14.061808]]},"properties":{"@id":"way/906224115","electrified":"no","gauge":"1000","name":"ทางรถไฟสายชุมทางคลองสิบเก้า–ชุมทางแก่งคอย","name:th":"ทางรถไฟสายชุมทางคลองสิบเก้า–ชุมทางแก่งคอย","railway":"rail","railway:etcs":"1","usage":"branch"},"id":"way/906224115"},{"type":"Feature","geometry":{"type":"LineString","coordinates":[[100.988208,14.130516],[100.991216,14.125271],[100.992492,14.123082]]},"properties":{"@id":"way/906224116","electrified":"no","gauge":"1000","name":"ทางรถไฟสายชุมทางคลองสิบเก้า–ชุมทางแก่งคอย","name:th":"ทางรถไฟสายชุมทางคลองสิบเก้า–ชุมทางแก่งคอย","railway":"rail","railway:etcs":"1","usage":"branch"},"id":"way/906224116"},{"type":"Feature","geometry":{"type":"LineString","coordinates":[[100.992492,14.123082],[100.996553,14.115962]]},"properties":{"@id":"way/906224117","bridge":"yes","electrified":"no","gauge":"1000","layer":"1","name":"ทางรถไฟสายชุมทางคลองสิบเก้า–ชุมทางแก่งคอย","name:th":"ทางรถไฟสายชุมทางคลองสิบเก้า–ชุมทางแก่งคอย","railway":"rail","railway:etcs":"1","usage":"branch"},"id":"way/906224117"},{"type":"Feature","geometry":{"type":"LineString","coordinates":[[100.996553,14.115962],[100.997583,14.114162],[100.998594,14.112383],[100.9999,14.110126],[101.002388,14.105721],[101.003602,14.103602],[101.004584,14.101844]]},"properties":{"@id":"way/906224118","electrified":"no","gauge":"1000","name":"ทางรถไฟสายชุมทางคลองสิบเก้า–ชุมทางแก่งคอย","name:th":"ทางรถไฟสายชุมทางคลองสิบเก้า–ชุมทางแก่งคอย","railway":"rail","railway:etcs":"1","usage":"branch"},"id":"way/906224118"},{"type":"Feature","geometry":{"type":"LineString","coordinates":[[101.004584,14.101844],[101.004727,14.101567]]},"properties":{"@id":"way/906224119","bridge":"yes","electrified":"no","gauge":"1000","layer":"1","name":"ทางรถไฟสายชุมทางคลองสิบเก้า–ชุมทางแก่งคอย","name:th":"ทางรถไฟสายชุมทางคลองสิบเก้า–ชุมทางแก่งคอย","railway":"rail","railway:etcs":"1","usage":"branch"},"id":"way/906224119"},{"type":"Feature","geometry":{"type":"LineString","coordinates":[[101.004727,14.101567],[101.004858,14.101313],[101.005043,14.100992],[101.007326,14.097031],[101.00972,14.092839],[101.01166,14.089407]]},"properties":{"@id":"way/906224122","electrified":"no","gauge":"1000","name":"ทางรถไฟสายชุมทางคลองสิบเก้า–ชุมทางแก่งคอย","name:th":"ทางรถไฟสายชุมทางคลองสิบเก้า–ชุมทางแก่งคอย","railway":"rail","railway:etcs":"1","usage":"branch"},"id":"way/906224122"},{"type":"Feature","geometry":{"type":"LineString","coordinates":[[101.01166,14.089407],[101.012855,14.087394]]},"properties":{"@id":"way/906224123","bridge":"yes","electrified":"no","gauge":"1000","layer":"1","name":"ทางรถไฟสายชุมทางคลองสิบเก้า–ชุมทางแก่งคอย","name:th":"ทางรถไฟสายชุมทางคลองสิบเก้า–ชุมทางแก่งคอย","railway":"rail","railway:etcs":"1","usage":"branch"},"id":"way/906224123"},{"type":"Feature","geometry":{"type":"LineString","coordinates":[[101.093288,13.940917],[101.094978,13.939731],[101.111646,13.928321],[101.112692,13.927433],[101.113178,13.926854],[101.113779,13.926042],[101.114278,13.925167],[101.114632,13.92435],[101.114916,13.92348],[101.115131,13.9226],[101.115197,13.922117],[101.11526,13.921533],[101.115255,13.92113]]},"properties":{"@id":"way/906224124","electrified":"no","gauge":"1000","name":"ทางรถไฟสายชุมทางคลองสิบเก้า–ชุมทางแก่งคอย","name:th":"ทางรถไฟสายชุมทางคลองสิบเก้า–ชุมทางแก่งคอย","railway":"rail","railway:etcs":"1","usage":"branch"},"id":"way/906224124"},{"type":"Feature","geometry":{"type":"LineString","coordinates":[[101.027464,14.061808],[101.027935,14.060952]]},"properties":{"@id":"way/906224125","bridge":"yes","electrified":"no","gauge":"1000","layer":"1","name":"ทางรถไฟสายชุมทางคลองสิบเก้า–ชุมทางแก่งคอย","name:th":"ทางรถไฟสายชุมทางคลองสิบเก้า–ชุมทางแก่งคอย","railway":"rail","railway:etcs":"1","usage":"branch"},"id":"way/906224125"},{"type":"Feature","geometry":{"type":"LineString","coordinates":[[101.011786,14.089396],[101.00513,14.10103],[101.004819,14.101576]]},"properties":{"@id":"way/906224126","electrified":"no","gauge":"1000","name":"ทางรถไฟสายชุมทางคลองสิบเก้า–ชุมทางแก่งคอย","name:th":"ทางรถไฟสายชุมทางคลองสิบเก้า–ชุมทางแก่งคอย","railway":"rail","railway:etcs":"1","usage":"branch"},"id":"way/906224126"},{"type":"Feature","geometry":{"type":"LineString","coordinates":[[101.004819,14.101576],[101.004655,14.101859]]},"properties":{"@id":"way/906224127","bridge":"yes","electrified":"no","gauge":"1000","layer":"1","name":"ทางรถไฟสายชุมทางคลองสิบเก้า–ชุมทางแก่งคอย","name:th":"ทางรถไฟสายชุมทางคลองสิบเก้า–ชุมทางแก่งคอย","railway":"rail","railway:etcs":"1","usage":"branch"},"id":"way/906224127"},{"type":"Feature","geometry":{"type":"LineString","coordinates":[[101.027935,14.060952],[101.028903,14.059284],[101.031091,14.055412],[101.042522,14.035386]]},"properties":{"@id":"way/906260246","electrified":"no","gauge":"1000","name":"ทางรถไฟสายชุมทางคลองสิบเก้า–ชุมทางแก่งคอย","name:th":"ทางรถไฟสายชุมทางคลองสิบเก้า–ชุมทางแก่งคอย","railway":"rail","railway:etcs":"1","usage":"branch"},"id":"way/906260246"},{"type":"Feature","geometry":{"type":"LineString","coordinates":[[101.042522,14.035386],[101.043067,14.034431]]},"properties":{"@id":"way/906260247","bridge":"yes","electrified":"no","gauge":"1000","layer":"1","name":"ทางรถไฟสายชุมทางคลองสิบเก้า–ชุมทางแก่งคอย","name:th":"ทางรถไฟสายชุมทางคลองสิบเก้า–ชุมทางแก่งคอย","railway":"rail","railway:etcs":"1","usage":"branch"},"id":"way/906260247"},{"type":"Feature","geometry":{"type":"LineString","coordinates":[[101.043067,14.034431],[101.044194,14.032492],[101.045916,14.029444],[101.047397,14.026992],[101.048628,14.025138],[101.05066,14.022125],[101.052607,14.019136],[101.059646,14.008516],[101.061485,14.005753]]},"properties":{"@id":"way/906260248","electrified":"no","gauge":"1000","name":"ทางรถไฟสายชุมทางคลองสิบเก้า–ชุมทางแก่งคอย","name:th":"ทางรถไฟสายชุมทางคลองสิบเก้า–ชุมทางแก่งคอย","railway":"rail","railway:etcs":"1","usage":"branch"},"id":"way/906260248"},{"type":"Feature","geometry":{"type":"LineString","coordinates":[[101.061485,14.005753],[101.062086,14.004835]]},"properties":{"@id":"way/906260249","bridge":"yes","electrified":"no","gauge":"1000","layer":"1","name":"ทางรถไฟสายชุมทางคลองสิบเก้า–ชุมทางแก่งคอย","name:th":"ทางรถไฟสายชุมทางคลองสิบเก้า–ชุมทางแก่งคอย","railway":"rail","railway:etcs":"1","usage":"branch"},"id":"way/906260249"},{"type":"Feature","geometry":{"type":"LineString","coordinates":[[101.062086,14.004835],[101.062273,14.004552],[101.064335,14.001448],[101.068374,13.995367],[101.073255,13.987995]]},"properties":{"@id":"way/906260250","electrified":"no","gauge":"1000","name":"ทางรถไฟสายชุมทางคลองสิบเก้า–ชุมทางแก่งคอย","name:th":"ทางรถไฟสายชุมทางคลองสิบเก้า–ชุมทางแก่งคอย","railway":"rail","railway:etcs":"1","usage":"branch"},"id":"way/906260250"},{"type":"Feature","geometry":{"type":"LineString","coordinates":[[101.073255,13.987995],[101.073796,13.987164]]},"properties":{"@id":"way/906260251","bridge":"yes","electrified":"no","gauge":"1000","layer":"1","name":"ทางรถไฟสายชุมทางคลองสิบเก้า–ชุมทางแก่งคอย","name:th":"ทางรถไฟสายชุมทางคลองสิบเก้า–ชุมทางแก่งคอย","railway":"rail","railway:etcs":"1","usage":"branch"},"id":"way/906260251"},{"type":"Feature","geometry":{"type":"LineString","coordinates":[[101.073796,13.987164],[101.074151,13.986641],[101.078937,13.979371],[101.079329,13.978615],[101.079577,13.978066],[101.079737,13.977609],[101.07987,13.977171],[101.08011,13.976252]]},"properties":{"@id":"way/906260252","electrified":"no","gauge":"1000","name":"ทางรถไฟสายชุมทางคลองสิบเก้า–ชุมทางแก่งคอย","name:th":"ทางรถไฟสายชุมทางคลองสิบเก้า–ชุมทางแก่งคอย","railway":"rail","railway:etcs":"1","usage":"branch"},"id":"way/906260252"},{"type":"Feature","geometry":{"type":"LineString","coordinates":[[101.08011,13.976252],[101.08054,13.974462]]},"properties":{"@id":"way/906260253","bridge":"yes","electrified":"no","gauge":"1000","layer":"1","name":"ทางรถไฟสายชุมทางคลองสิบเก้า–ชุมทางแก่งคอย","name:th":"ทางรถไฟสายชุมทางคลองสิบเก้า–ชุมทางแก่งคอย","railway":"rail","railway:etcs":"1","usage":"branch"},"id":"way/906260253"},{"type":"Feature","geometry":{"type":"LineString","coordinates":[[101.08054,13.974462],[101.083782,13.960433],[101.08469,13.956561],[101.085195,13.954405],[101.085449,13.953262]]},"properties":{"@id":"way/906260256","electrified":"no","gauge":"1000","name":"ทางรถไฟสายชุมทางคลองสิบเก้า–ชุมทางแก่งคอย","name:th":"ทางรถไฟสายชุมทางคลองสิบเก้า–ชุมทางแก่งคอย","railway":"rail","railway:etcs":"1","usage":"branch"},"id":"way/906260256"},{"type":"Feature","geometry":{"type":"LineString","coordinates":[[101.085449,13.953262],[101.08566,13.952374]]},"properties":{"@id":"way/906260257","bridge":"yes","electrified":"no","gauge":"1000","layer":"1","name":"ทางรถไฟสายชุมทางคลองสิบเก้า–ชุมทางแก่งคอย","name:th":"ทางรถไฟสายชุมทางคลองสิบเก้า–ชุมทางแก่งคอย","railway":"rail","railway:etcs":"1","usage":"branch"},"id":"way/906260257"},{"type":"Feature","geometry":{"type":"LineString","coordinates":[[100.503192,13.721172],[100.503579,13.72117],[100.503714,13.721168],[100.503919,13.721164]]},"properties":{"@id":"way/909460168","bridge":"viaduct","covered":"yes","electrified":"rail","frequency":"0","gauge":"1600","layer":"2","name":"รถไฟฟ้าสายสีทอง","name:en":"Gold Line","name:th":"รถไฟฟ้าสายสีทอง","opening_date":"2020-12-16","operator":"กรุงเทพธนาคม","railway":"monorail","railway:cbtc":"uto","railway:preferred_direction":"both","railway:track_ref":"1","subway":"yes","usage":"main","voltage":"750"},"id":"way/909460168"},{"type":"Feature","geometry":{"type":"LineString","coordinates":[[100.473306,13.7313],[100.473154,13.731591],[100.473092,13.731711],[100.472989,13.731889],[100.472867,13.732084],[100.472684,13.732388],[100.472533,13.732688]]},"properties":{"@id":"way/909682545","alt_name":"รถไฟฟ้า MRT สายสีน้ำเงิน","bridge":"viaduct","electrified":"rail","frequency":"0","gauge":"1435","layer":"4","maxspeed":"80","name":"รถไฟฟ้ามหานคร สายสีน้ำเงิน","name:en":"MRT Blue Line","name:th":"รถไฟฟ้ามหานคร สายสีน้ำเงิน","network":"MRT","official_name":"รถไฟฟ้ามหานคร สายเฉลิมรัชมงคล","official_name:en":"MRT Chaloem Ratchamongkhon Line","operator":"ทางด่วนและรถไฟฟ้ากรุงเทพ","railway":"subway","railway:atc":"yes","ref":"BL","usage":"main","voltage":"750"},"id":"way/909682545"},{"type":"Feature","geometry":{"type":"LineString","coordinates":[[100.535829,13.804982],[100.535576,13.805105],[100.535212,13.805257],[100.535005,13.805338],[100.534311,13.805582],[100.533643,13.805768],[100.533366,13.805832],[100.533182,13.80587],[100.531864,13.80605],[100.530776,13.806198],[100.529993,13.806304],[100.529362,13.806394],[100.529148,13.806413],[100.528936,13.806421],[100.528713,13.806425],[100.527493,13.80643],[100.527237,13.806431],[100.525464,13.806439],[100.524013,13.806441],[100.521986,13.806446],[100.521026,13.80645],[100.520202,13.806453],[100.519945,13.806441],[100.519776,13.806421],[100.519385,13.806321],[100.518932,13.8062],[100.517384,13.805814],[100.516569,13.805615],[100.515023,13.805219],[100.513846,13.804909],[100.513591,13.804813],[100.513403,13.804718],[100.513022,13.804502],[100.51256,13.804208],[100.512383,13.804074],[100.512174,13.803884],[100.512021,13.8037],[100.511918,13.803541],[100.51184,13.803388],[100.511758,13.803196],[100.511701,13.802991],[100.511652,13.802753],[100.511524,13.802063],[100.511424,13.801666],[100.51134,13.801416],[100.511249,13.801188],[100.511092,13.800849],[100.510998,13.800685],[100.510895,13.800528],[100.510577,13.800081],[100.50976,13.799001],[100.509327,13.798429],[100.507898,13.796493],[100.506062,13.794033],[100.504859,13.79242],[100.504173,13.791499],[100.504005,13.791271],[100.503445,13.790527],[100.503319,13.790381],[100.503124,13.790177],[100.502921,13.789991],[100.502715,13.789823],[100.502536,13.789691],[100.502376,13.789581],[100.501936,13.789307],[100.501864,13.789262],[100.500259,13.788266],[100.499311,13.787672],[100.498805,13.787354],[100.494818,13.784842],[100.493306,13.783893],[100.492693,13.783508],[100.491484,13.782737],[100.49132,13.782635],[100.49025,13.781966],[100.488777,13.781041],[100.488078,13.780584],[100.487885,13.780431],[100.487759,13.780322],[100.487605,13.78018],[100.487502,13.780079],[100.487274,13.77982],[100.486635,13.779072],[100.485867,13.778162],[100.485231,13.777413],[100.484765,13.776865],[100.484356,13.776329],[100.48342,13.775037],[100.483114,13.77456],[100.483005,13.774399],[100.482899,13.774263],[100.482291,13.773547],[100.481705,13.772848],[100.481323,13.772395],[100.481129,13.772158],[100.480946,13.77198],[100.480491,13.771584],[100.480357,13.771451],[100.480026,13.771089],[100.479397,13.770405],[100.478817,13.769773],[100.478207,13.769098],[100.476812,13.767481],[100.475833,13.766326],[100.475402,13.765823],[100.473918,13.76409],[100.473274,13.763344],[100.472833,13.762833],[100.472059,13.761901],[100.471848,13.761653],[100.470837,13.760463],[100.469711,13.759133],[100.469582,13.758956],[100.46947,13.758754],[100.469382,13.758573],[100.469316,13.758419],[100.469275,13.758281],[100.469231,13.758098],[100.469201,13.757939],[100.469168,13.757729],[100.469159,13.757559],[100.469163,13.757427],[100.469212,13.756776],[100.469299,13.755796],[100.469577,13.752669],[100.469853,13.749573],[100.470034,13.747595],[100.470273,13.744857],[100.47057,13.741546],[100.470688,13.740179],[100.470689,13.740166],[100.470735,13.739634],[100.470938,13.737433],[100.471075,13.735965],[100.471108,13.735791],[100.471213,13.735359],[100.47131,13.735062],[100.471371,13.734907],[100.471616,13.734377],[100.472257,13.733115],[100.47258,13.732488],[100.472716,13.732153],[100.472808,13.731926],[100.472904,13.731703],[100.472967,13.73156],[100.473135,13.731245]]},"properties":{"@id":"way/909682546","alt_name":"รถไฟฟ้า MRT สายสีน้ำเงิน","bridge":"viaduct","electrified":"rail","frequency":"0","gauge":"1435","layer":"4","maxspeed":"80","name":"รถไฟฟ้ามหานคร สายสีน้ำเงิน","name:en":"MRT Blue Line","name:th":"รถไฟฟ้ามหานคร สายสีน้ำเงิน","network":"MRT","official_name":"รถไฟฟ้ามหานคร สายเฉลิมรัชมงคล","official_name:en":"MRT Chaloem Ratchamongkhon Line","operator":"ทางด่วนและรถไฟฟ้ากรุงเทพ","railway":"subway","railway:atc":"yes","ref":"BL","usage":"main","voltage":"750"},"id":"way/909682546"},{"type":"Feature","geometry":{"type":"LineString","coordinates":[[100.47343,13.729297],[100.474052,13.729628],[100.47475,13.730005],[100.47522,13.730273],[100.476357,13.730874],[100.476788,13.731097],[100.477102,13.73128],[100.477371,13.731471],[100.477556,13.731635],[100.477615,13.731695],[100.477768,13.731844]]},"properties":{"@id":"way/909682551","alt_name":"รถไฟฟ้า MRT สายสีน้ำเงิน","bridge":"viaduct","electrified":"rail","frequency":"0","gauge":"1435","layer":"3","maxspeed":"80","name":"รถไฟฟ้ามหานคร สายสีน้ำเงิน","name:en":"MRT Blue Line","name:th":"รถไฟฟ้ามหานคร สายสีน้ำเงิน","network":"MRT","note":"Approximate","official_name":"รถไฟฟ้ามหานคร สายเฉลิมรัชมงคล","official_name:en":"MRT Chaloem Ratchamongkhon Line","operator":"ทางด่วนและรถไฟฟ้ากรุงเทพ","railway":"subway","railway:atc":"yes","ref":"BL","tracks":"2","usage":"main","voltage":"750"},"id":"way/909682551"},{"type":"Feature","geometry":{"type":"LineString","coordinates":[[100.473671,13.730573],[100.473306,13.7313]]},"properties":{"@id":"way/909682553","alt_name":"รถไฟฟ้า MRT สายสีน้ำเงิน","bridge":"viaduct","colour":"blue","electrified":"rail","frequency":"0","gauge":"1435","layer":"4","maxspeed":"80","name":"รถไฟฟ้ามหานคร สายสีน้ำเงิน","name:en":"MRT Blue Line","name:th":"รถไฟฟ้ามหานคร สายสีน้ำเงิน","network":"MRT","official_name":"รถไฟฟ้ามหานคร สายเฉลิมรัชมงคล","official_name:en":"MRT Chaloem Ratchamongkhon Line","operator":"ทางด่วนและรถไฟฟ้ากรุงเทพ","railway":"subway","railway:atc":"yes","ref":"BL","usage":"main","voltage":"750"},"id":"way/909682553"},{"type":"Feature","geometry":{"type":"LineString","coordinates":[[100.275956,13.545926],[100.275796,13.54585],[100.275442,13.545681]]},"properties":{"@id":"way/922235525","electrified":"no","gauge":"1000","operator":"การรถไฟแห่งประเทศไทย","railway":"rail","ref":"แม่กลอง","usage":"main"},"id":"way/922235525"},{"type":"Feature","geometry":{"type":"LineString","coordinates":[[100.473671,13.730573],[100.47412,13.729694]]},"properties":{"@id":"way/926655582","alt_name":"รถไฟฟ้า MRT สายสีน้ำเงิน","bridge":"viaduct","electrified":"rail","frequency":"0","gauge":"1435","layer":"4","maxspeed":"80","name":"รถไฟฟ้ามหานคร สายสีน้ำเงิน","name:en":"MRT Blue Line","name:th":"รถไฟฟ้ามหานคร สายสีน้ำเงิน","network":"MRT","official_name":"รถไฟฟ้ามหานคร สายเฉลิมรัชมงคล","official_name:en":"MRT Chaloem Ratchamongkhon Line","operator":"ทางด่วนและรถไฟฟ้ากรุงเทพ","railway":"subway","railway:atc":"yes","ref":"BL","usage":"main","voltage":"750"},"id":"way/926655582"},{"type":"Feature","geometry":{"type":"LineString","coordinates":[[100.982623,14.142832],[100.98263,14.142426],[100.982669,14.141921],[100.982765,14.141209],[100.982913,14.140512],[100.9831,14.139877],[100.983302,14.139359],[100.983564,14.138779],[100.983876,14.138205],[100.984289,14.137463],[100.984641,14.136829],[100.984969,14.136225],[100.985849,14.134703],[100.988208,14.130516]]},"properties":{"@id":"way/938276842","electrified":"no","gauge":"1000","name":"ทางรถไฟสายชุมทางคลองสิบเก้า–ชุมทางแก่งคอย","name:th":"ทางรถไฟสายชุมทางคลองสิบเก้า–ชุมทางแก่งคอย","railway":"rail","railway:etcs":"1","usage":"branch"},"id":"way/938276842"},{"type":"Feature","geometry":{"type":"LineString","coordinates":[[100.982724,14.142825],[100.982841,14.146512],[100.982844,14.146598],[100.982894,14.148216]]},"properties":{"@id":"way/938276849","bridge":"yes","electrified":"no","gauge":"1000","layer":"1","name":"ทางรถไฟสายชุมทางคลองสิบเก้า–ชุมทางแก่งคอย","name:th":"ทางรถไฟสายชุมทางคลองสิบเก้า–ชุมทางแก่งคอย","railway":"rail","railway:etcs":"1","source":"Bing","usage":"branch"},"id":"way/938276849"},{"type":"Feature","geometry":{"type":"LineString","coordinates":[[100.9828,14.148226],[100.982743,14.146509],[100.982623,14.142832]]},"properties":{"@id":"way/938276850","bridge":"yes","electrified":"no","gauge":"1000","layer":"1","name":"ทางรถไฟสายชุมทางคลองสิบเก้า–ชุมทางแก่งคอย","name:th":"ทางรถไฟสายชุมทางคลองสิบเก้า–ชุมทางแก่งคอย","railway":"rail","railway:etcs":"1","usage":"branch"},"id":"way/938276850"},{"type":"Feature","geometry":{"type":"LineString","coordinates":[[101.087195,13.493515],[101.087162,13.493365],[101.086149,13.487969],[101.085293,13.483801],[101.083918,13.477063]]},"properties":{"@id":"way/939616809","electrified":"no","gauge":"1000","name":"ทางรถไฟสายตะวันออก","name:th":"ทางรถไฟสายตะวันออก","oneway":"no","passenger_lines":"2","railway":"rail","railway:etcs":"1","ref":"ตะวันออก","usage":"main"},"id":"way/939616809"},{"type":"Feature","geometry":{"type":"LineString","coordinates":[[101.087226,13.493651],[101.087195,13.493515]]},"properties":{"@id":"way/939616810","bridge":"yes","electrified":"no","gauge":"1000","layer":"1","name":"ทางรถไฟสายตะวันออก","name:th":"ทางรถไฟสายตะวันออก","oneway":"no","passenger_lines":"2","railway":"rail","railway:etcs":"1","ref":"ตะวันออก","usage":"main"},"id":"way/939616810"},{"type":"Feature","geometry":{"type":"LineString","coordinates":[[100.574808,13.806991],[100.574754,13.805929],[100.574751,13.805848],[100.574757,13.805766],[100.574771,13.805696],[100.574791,13.805629],[100.574812,13.805572],[100.574846,13.805507],[100.574888,13.805447],[100.574935,13.805393],[100.574989,13.805343],[100.575045,13.8053],[100.575116,13.805254],[100.575192,13.805208],[100.575304,13.805143],[100.584217,13.800171],[100.594465,13.794431],[100.60759,13.787103],[100.613605,13.783753],[100.623187,13.778377],[100.629803,13.774678],[100.639756,13.769098],[100.64494,13.766165],[100.645022,13.766117],[100.645097,13.766067],[100.645155,13.766022],[100.645208,13.765969],[100.645253,13.765915],[100.64529,13.765855],[100.645315,13.765808],[100.64534,13.765747],[100.645356,13.765688],[100.645367,13.76563],[100.645541,13.764293],[100.645557,13.764157],[100.645572,13.764005],[100.645584,13.763873],[100.645595,13.763734],[100.645601,13.763586],[100.645605,13.763454],[100.645607,13.763313],[100.645607,13.763177],[100.645608,13.763039],[100.645606,13.762891],[100.645601,13.762729],[100.645595,13.762587],[100.645589,13.76245],[100.64558,13.762294],[100.645552,13.761844],[100.645515,13.761291],[100.645506,13.761127],[100.645502,13.760906],[100.64551,13.760679],[100.645526,13.760455],[100.64592,13.756367],[100.645939,13.756129],[100.64595,13.755893],[100.645955,13.755654],[100.645952,13.755412],[100.645943,13.755185],[100.645924,13.754957],[100.645901,13.754727],[100.645812,13.754074],[100.645782,13.753863],[100.645743,13.753652],[100.645689,13.753446],[100.645459,13.752662]]},"properties":{"@id":"way/941378129","bridge":"viaduct","electrified":"rail","frequency":"0","layer":"3","maxspeed":"80","name":"รถไฟฟ้ามหานคร สายสีเหลือง","name:en":"MRT Yellow Line","name:zh":"曼谷单轨黄线","name:zh-Hant":"曼谷單軌黃線","official_name":"รถไฟฟ้ามหานคร สายนัคราพิพัฒน์","official_name:en":"MRT Nakkhara Phiphat Line","operator":"อีสเทิร์นบางกอกโมโนเรล","operator:en":"Eastern Bangkok Monorail","operator:th":"อีสเทิร์นบางกอกโมโนเรล","railway":"monorail","railway:cbtc":"uto","usage":"main","voltage":"750","wikidata":"Q14784897","wikimedia_commons":"File:Bombardier Innovia Monorail 300 YellowLine.jpg","wikipedia":"en:Yellow Line (Bangkok)"},"id":"way/941378129"},{"type":"Feature","geometry":{"type":"LineString","coordinates":[[100.642285,13.740533],[100.642232,13.740263],[100.642178,13.739995],[100.642121,13.739723],[100.642061,13.739453],[100.641999,13.73919],[100.641933,13.738922],[100.641866,13.738656],[100.641819,13.738471],[100.64169,13.738002],[100.641447,13.73718],[100.641413,13.737074],[100.641377,13.73697],[100.641312,13.736798]]},"properties":{"@id":"way/941378130","bridge":"viaduct","electrified":"rail","frequency":"0","layer":"3","maxspeed":"80","name":"รถไฟฟ้ามหานคร สายสีเหลือง","name:en":"MRT Yellow Line","name:zh":"曼谷单轨黄线","name:zh-Hant":"曼谷單軌黃線","official_name":"รถไฟฟ้ามหานคร สายนัคราพิพัฒน์","official_name:en":"MRT Nakkhara Phiphat Line","operator":"อีสเทิร์นบางกอกโมโนเรล","operator:en":"Eastern Bangkok Monorail","operator:th":"อีสเทิร์นบางกอกโมโนเรล","railway":"monorail","railway:cbtc":"uto","usage":"main","voltage":"750","wikidata":"Q14784897","wikimedia_commons":"File:Bombardier Innovia Monorail 300 YellowLine.jpg","wikipedia":"en:Yellow Line (Bangkok)"},"id":"way/941378130"},{"type":"Feature","geometry":{"type":"LineString","coordinates":[[100.641312,13.736798],[100.641353,13.736999],[100.641375,13.737095],[100.641398,13.737194],[100.641619,13.738014],[100.641748,13.73849],[100.641797,13.738676],[100.641864,13.738938],[100.641931,13.739205],[100.641994,13.739466],[100.642062,13.739739],[100.642132,13.740007],[100.642205,13.740273],[100.642285,13.740533]]},"properties":{"@id":"way/941378131","bridge":"viaduct","colour":"#FFCC33","electrified":"rail","frequency":"0","layer":"3","maxspeed":"80","name":"รถไฟฟ้ามหานคร สายสีเหลือง","name:en":"MRT Yellow Line","name:zh":"曼谷单轨黄线","name:zh-Hant":"曼谷單軌黃線","official_name":"รถไฟฟ้ามหานคร สายนัคราพิพัฒน์","official_name:en":"MRT Nakkhara Phiphat Line","operator":"อีสเทิร์นบางกอกโมโนเรล","operator:en":"Eastern Bangkok Monorail","operator:th":"อีสเทิร์นบางกอกโมโนเรล","railway":"monorail","railway:cbtc":"uto","usage":"main","voltage":"750","wikidata":"Q14784897","wikimedia_commons":"File:Bombardier Innovia Monorail 300 YellowLine.jpg","wikipedia":"en:Yellow Line (Bangkok)"},"id":"way/941378131"},{"type":"Feature","geometry":{"type":"LineString","coordinates":[[100.645041,13.751222],[100.644812,13.750433],[100.644033,13.747719],[100.643959,13.747455],[100.64389,13.747191],[100.643823,13.746924],[100.642544,13.74161]]},"properties":{"@id":"way/941378132","bridge":"viaduct","electrified":"rail","frequency":"0","layer":"3","maxspeed":"80","name":"รถไฟฟ้ามหานคร สายสีเหลือง","name:en":"MRT Yellow Line","name:zh":"曼谷单轨黄线","name:zh-Hant":"曼谷單軌黃線","official_name":"รถไฟฟ้ามหานคร สายนัคราพิพัฒน์","official_name:en":"MRT Nakkhara Phiphat Line","operator":"อีสเทิร์นบางกอกโมโนเรล","operator:en":"Eastern Bangkok Monorail","operator:th":"อีสเทิร์นบางกอกโมโนเรล","railway":"monorail","railway:cbtc":"uto","usage":"main","voltage":"750","wikidata":"Q14784897","wikimedia_commons":"File:Bombardier Innovia Monorail 300 YellowLine.jpg","wikipedia":"en:Yellow Line (Bangkok)"},"id":"way/941378132"},{"type":"Feature","geometry":{"type":"LineString","coordinates":[[100.645459,13.752662],[100.645041,13.751222]]},"properties":{"@id":"way/941378133","bridge":"viaduct","electrified":"rail","frequency":"0","layer":"4","maxspeed":"80","name":"รถไฟฟ้ามหานคร สายสีเหลือง","name:en":"MRT Yellow Line","name:zh":"曼谷单轨黄线","name:zh-Hant":"曼谷單軌黃線","official_name":"รถไฟฟ้ามหานคร สายนัคราพิพัฒน์","official_name:en":"MRT Nakkhara Phiphat Line","operator":"อีสเทิร์นบางกอกโมโนเรล","operator:en":"Eastern Bangkok Monorail","operator:th":"อีสเทิร์นบางกอกโมโนเรล","railway":"monorail","railway:cbtc":"uto","usage":"main","voltage":"750","wikidata":"Q14784897","wikimedia_commons":"File:Bombardier Innovia Monorail 300 YellowLine.jpg","wikipedia":"en:Yellow Line (Bangkok)"},"id":"way/941378133"},{"type":"Feature","geometry":{"type":"LineString","coordinates":[[100.641312,13.736798],[100.641138,13.736148],[100.64097,13.735501],[100.640955,13.735423],[100.640948,13.735347],[100.640948,13.735262],[100.640958,13.735178],[100.640971,13.735086],[100.641019,13.734873],[100.641044,13.734772],[100.641064,13.734681],[100.641083,13.734572],[100.641098,13.734452],[100.641388,13.730667],[100.641411,13.730372],[100.641761,13.725803],[100.641796,13.725343],[100.641831,13.724882],[100.642211,13.719796],[100.642232,13.719614],[100.642261,13.719418],[100.642295,13.719224],[100.642336,13.71901],[100.642376,13.718811],[100.642484,13.718334],[100.642499,13.718245],[100.64251,13.718157],[100.642516,13.718078],[100.642555,13.717552],[100.642561,13.717437],[100.642569,13.717343],[100.642578,13.717257],[100.64259,13.717171],[100.642606,13.717087],[100.643007,13.715332],[100.643037,13.715201],[100.643072,13.715061],[100.643108,13.714939],[100.643152,13.714809],[100.643206,13.714667],[100.643371,13.714252],[100.643419,13.714135],[100.643462,13.714024],[100.6435,13.713916],[100.643531,13.713816],[100.644158,13.711144],[100.646484,13.701115],[100.647263,13.697749],[100.647332,13.697452],[100.647391,13.697132],[100.647432,13.696854],[100.647459,13.696576],[100.64747,13.696403],[100.647477,13.696286],[100.647486,13.695992],[100.64748,13.695734],[100.647466,13.695453],[100.647441,13.69515],[100.647103,13.690864],[100.646568,13.684105],[100.646561,13.683895],[100.646557,13.683716],[100.646555,13.683535],[100.646557,13.683324],[100.646576,13.682268],[100.64658,13.682076],[100.64658,13.681903],[100.646573,13.681706],[100.646559,13.681489],[100.646171,13.676638],[100.645819,13.672253],[100.64578,13.671799],[100.645706,13.670889],[100.645687,13.670674],[100.645666,13.670472],[100.645636,13.670263],[100.645598,13.670049],[100.645557,13.669825],[100.64551,13.669601],[100.645358,13.668913],[100.645204,13.668219],[100.645081,13.667664],[100.644786,13.666313]]},"properties":{"@id":"way/941766421","bridge":"viaduct","electrified":"rail","frequency":"0","layer":"4","maxspeed":"60","name":"รถไฟฟ้ามหานคร สายสีเหลือง","name:en":"MRT Yellow Line","name:zh":"曼谷单轨黄线","name:zh-Hant":"曼谷單軌黃線","official_name":"รถไฟฟ้ามหานคร สายนัคราพิพัฒน์","official_name:en":"MRT Nakkhara Phiphat Line","operator":"อีสเทิร์นบางกอกโมโนเรล","operator:en":"Eastern Bangkok Monorail","operator:th":"อีสเทิร์นบางกอกโมโนเรล","railway":"monorail","railway:cbtc":"uto","usage":"main","voltage":"750","wikidata":"Q14784897","wikimedia_commons":"File:Bombardier Innovia Monorail 300 YellowLine.jpg","wikipedia":"en:Yellow Line (Bangkok)"},"id":"way/941766421"},{"type":"Feature","geometry":{"type":"LineString","coordinates":[[100.644786,13.666313],[100.644552,13.665245]]},"properties":{"@id":"way/941766422","bridge":"viaduct","electrified":"rail","frequency":"0","layer":"2","maxspeed":"80","name":"รถไฟฟ้ามหานคร สายสีเหลือง","name:en":"MRT Yellow Line","name:zh":"曼谷单轨黄线","name:zh-Hant":"曼谷單軌黃線","official_name":"รถไฟฟ้ามหานคร สายนัคราพิพัฒน์","official_name:en":"MRT Nakkhara Phiphat Line","operator":"อีสเทิร์นบางกอกโมโนเรล","operator:en":"Eastern Bangkok Monorail","operator:th":"อีสเทิร์นบางกอกโมโนเรล","railway":"monorail","railway:cbtc":"uto","usage":"main","voltage":"750","wikidata":"Q14784897","wikimedia_commons":"File:Bombardier Innovia Monorail 300 YellowLine.jpg","wikipedia":"en:Yellow Line (Bangkok)"},"id":"way/941766422"},{"type":"Feature","geometry":{"type":"LineString","coordinates":[[100.642544,13.74161],[100.642412,13.741063]]},"properties":{"@id":"way/943857567","bridge":"viaduct","electrified":"rail","frequency":"0","layer":"3","material":"steel","maxspeed":"80","name":"รถไฟฟ้ามหานคร สายสีเหลือง","name:en":"MRT Yellow Line","name:zh":"曼谷单轨黄线","name:zh-Hant":"曼谷單軌黃線","official_name":"รถไฟฟ้ามหานคร สายนัคราพิพัฒน์","official_name:en":"MRT Nakkhara Phiphat Line","operator":"อีสเทิร์นบางกอกโมโนเรล","operator:en":"Eastern Bangkok Monorail","operator:th":"อีสเทิร์นบางกอกโมโนเรล","railway":"monorail","railway:cbtc":"uto","usage":"main","voltage":"750","wikidata":"Q14784897","wikimedia_commons":"File:Bombardier Innovia Monorail 300 YellowLine.jpg","wikipedia":"en:Yellow Line (Bangkok)"},"id":"way/943857567"},{"type":"Feature","geometry":{"type":"LineString","coordinates":[[100.642412,13.741063],[100.642285,13.740533]]},"properties":{"@id":"way/943857568","bridge":"viaduct","electrified":"rail","frequency":"0","layer":"3","maxspeed":"80","name":"รถไฟฟ้ามหานคร สายสีเหลือง","name:en":"MRT Yellow Line","name:zh":"曼谷单轨黄线","name:zh-Hant":"曼谷單軌黃線","official_name":"รถไฟฟ้ามหานคร สายนัคราพิพัฒน์","official_name:en":"MRT Nakkhara Phiphat Line","operator":"อีสเทิร์นบางกอกโมโนเรล","operator:en":"Eastern Bangkok Monorail","operator:th":"อีสเทิร์นบางกอกโมโนเรล","railway":"monorail","railway:cbtc":"uto","usage":"main","voltage":"750","wikidata":"Q14784897","wikimedia_commons":"File:Bombardier Innovia Monorail 300 YellowLine.jpg","wikipedia":"en:Yellow Line (Bangkok)"},"id":"way/943857568"},{"type":"Feature","geometry":{"type":"LineString","coordinates":[[101.112689,13.902027],[101.112825,13.902359]]},"properties":{"@id":"way/949624681","electrified":"no","gauge":"1000","railway":"rail","railway:etcs":"1"},"id":"way/949624681"},{"type":"Feature","geometry":{"type":"LineString","coordinates":[[101.112845,13.902452],[101.112867,13.902942]]},"properties":{"@id":"way/949624682","electrified":"no","gauge":"1000","railway":"rail","railway:etcs":"1"},"id":"way/949624682"},{"type":"Feature","geometry":{"type":"LineString","coordinates":[[101.067236,13.69904],[101.067974,13.701602],[101.068049,13.701869],[101.068137,13.702252],[101.068307,13.703125],[101.068359,13.703375]]},"properties":{"@id":"way/949633207","electrified":"no","gauge":"1000","railway":"rail","railway:etcs":"1"},"id":"way/949633207"},{"type":"Feature","geometry":{"type":"LineString","coordinates":[[101.07217,13.693953],[101.071612,13.694071],[101.069328,13.694558],[101.06908,13.694615],[101.068857,13.694685],[101.068615,13.694775],[101.068341,13.694921],[101.068114,13.695053],[101.067857,13.695256],[101.067656,13.695451],[101.067512,13.695598],[101.067392,13.695762],[101.067281,13.695946],[101.067189,13.696125],[101.067089,13.696338],[101.067059,13.696422]]},"properties":{"@id":"way/949633208","electrified":"no","gauge":"1000","railway":"rail","railway:etcs":"1"},"id":"way/949633208"},{"type":"Feature","geometry":{"type":"LineString","coordinates":[[101.067059,13.696422],[101.067044,13.696471],[101.066987,13.696651]]},"properties":{"@id":"way/949633209","bridge":"yes","electrified":"no","gauge":"1000","layer":"1","railway":"rail","railway:etcs":"1"},"id":"way/949633209"},{"type":"Feature","geometry":{"type":"LineString","coordinates":[[101.066987,13.696651],[101.066937,13.696883],[101.066909,13.697111],[101.066888,13.697343],[101.066888,13.69757],[101.066902,13.697784],[101.066951,13.698047],[101.067036,13.698366],[101.067095,13.69858]]},"properties":{"@id":"way/949633210","electrified":"no","gauge":"1000","railway":"rail","railway:etcs":"1"},"id":"way/949633210"},{"type":"Feature","geometry":{"type":"LineString","coordinates":[[101.067095,13.69858],[101.067236,13.69904]]},"properties":{"@id":"way/949633211","bridge":"yes","electrified":"no","gauge":"1000","layer":"1","railway":"rail","railway:etcs":"1"},"id":"way/949633211"},{"type":"Feature","geometry":{"type":"LineString","coordinates":[[101.073416,13.693801],[101.074225,13.693616]]},"properties":{"@id":"way/949633212","railway":"rail"},"id":"way/949633212"},{"type":"Feature","geometry":{"type":"LineString","coordinates":[[101.064365,13.694936],[101.06512,13.694774]]},"properties":{"@id":"way/949634453","electrified":"no","gauge":"1000","railway":"rail","railway:etcs":"1"},"id":"way/949634453"},{"type":"Feature","geometry":{"type":"LineString","coordinates":[[101.060799,13.69539],[101.061186,13.695343],[101.061962,13.695237],[101.062366,13.695181],[101.062486,13.695164],[101.062874,13.695148]]},"properties":{"@id":"way/949639127","electrified":"no","gauge":"1000","name":"ทางรถไฟสายตะวันออก","name:th":"ทางรถไฟสายตะวันออก","operator":"การรถไฟแห่งประเทศไทย","passenger_lines":"2","railway":"rail","railway:etcs":"1","ref":"ตะวันออก","usage":"main"},"id":"way/949639127"},{"type":"Feature","geometry":{"type":"LineString","coordinates":[[101.061186,13.695343],[101.059997,13.695391]]},"properties":{"@id":"way/949639131","electrified":"no","gauge":"1000","railway":"rail","railway:etcs":"1"},"id":"way/949639131"},{"type":"Feature","geometry":{"type":"LineString","coordinates":[[101.04655,13.6971],[101.05545,13.695978],[101.058933,13.695521],[101.059096,13.695501],[101.059566,13.695442],[101.059997,13.695391]]},"properties":{"@id":"way/949645930","electrified":"no","gauge":"1000","name":"ทางรถไฟสายตะวันออก","name:th":"ทางรถไฟสายตะวันออก","operator":"การรถไฟแห่งประเทศไทย","passenger_lines":"2","railway":"rail","railway:etcs":"1","ref":"ตะวันออก","usage":"main"},"id":"way/949645930"},{"type":"Feature","geometry":{"type":"LineString","coordinates":[[101.053619,13.696329],[101.053043,13.696355]]},"properties":{"@id":"way/949645931","electrified":"no","gauge":"1000","railway":"rail","railway:etcs":"1"},"id":"way/949645931"},{"type":"Feature","geometry":{"type":"LineString","coordinates":[[101.068723,13.704628],[101.068927,13.705773]]},"properties":{"@id":"way/949767567","electrified":"no","gauge":"1000","railway":"rail","railway:etcs":"1"},"id":"way/949767567"},{"type":"Feature","geometry":{"type":"LineString","coordinates":[[101.081618,13.465241],[101.081751,13.466358]]},"properties":{"@id":"way/952681528","electrified":"no","gauge":"1000","railway":"rail","railway:etcs":"1","service":"crossover","usage":"main"},"id":"way/952681528"},{"type":"Feature","geometry":{"type":"LineString","coordinates":[[101.079741,13.455893],[101.079397,13.454748]]},"properties":{"@id":"way/952681534","railway":"rail"},"id":"way/952681534"},{"type":"Feature","geometry":{"type":"LineString","coordinates":[[100.517105,13.741993],[100.517132,13.742238],[100.51714,13.742312],[100.517155,13.742518],[100.517139,13.74279],[100.517119,13.743211],[100.517137,13.743492]]},"properties":{"@id":"way/952685094","electrified":"no","gauge":"1000","operator":"การรถไฟแห่งประเทศไทย","railway":"rail","railway:etcs":"1","usage":"main"},"id":"way/952685094"},{"type":"Feature","geometry":{"type":"LineString","coordinates":[[100.517082,13.743068],[100.517137,13.743492]]},"properties":{"@id":"way/952685095","electrified":"no","gauge":"1000","railway":"rail"},"id":"way/952685095"},{"type":"Feature","geometry":{"type":"LineString","coordinates":[[100.517112,13.743711],[100.517173,13.744082],[100.517192,13.744195],[100.517298,13.744959],[100.517508,13.746389],[100.517528,13.746517],[100.517536,13.746567]]},"properties":{"@id":"way/952685096","electrified":"no","gauge":"1000","maxspeed":"30","operator":"การรถไฟแห่งประเทศไทย","railway":"rail","railway:etcs":"1","usage":"main"},"id":"way/952685096"},{"type":"Feature","geometry":{"type":"LineString","coordinates":[[100.517225,13.743873],[100.517187,13.743714],[100.517145,13.743553]]},"properties":{"@id":"way/952685103","electrified":"no","gauge":"1000","operator":"การรถไฟแห่งประเทศไทย","railway":"rail","usage":"main"},"id":"way/952685103"},{"type":"Feature","geometry":{"type":"LineString","coordinates":[[100.517137,13.743492],[100.517145,13.743553]]},"properties":{"@id":"way/952685104","electrified":"no","gauge":"1000","railway":"rail","railway:etcs":"1","source":"GPS","usage":"main"},"id":"way/952685104"},{"type":"Feature","geometry":{"type":"LineString","coordinates":[[100.517734,13.744067],[100.517684,13.743881],[100.517573,13.743485],[100.517515,13.74329],[100.517443,13.743012],[100.517405,13.742834],[100.516988,13.740025]]},"properties":{"@id":"way/952685116","electrified":"no","gauge":"1000","operator":"การรถไฟแห่งประเทศไทย","railway":"rail","railway:etcs":"1","railway:track_ref":"4","usage":"main"},"id":"way/952685116"},{"type":"Feature","geometry":{"type":"LineString","coordinates":[[99.98985,13.822132],[99.992511,13.822231],[99.993359,13.822253],[99.995913,13.822335],[99.998005,13.822398],[99.999191,13.822433],[99.999665,13.822453],[100.002538,13.822578],[100.004092,13.822672],[100.007926,13.822793],[100.041321,13.823887]]},"properties":{"@id":"way/956529154","electrified":"no","gauge":"1000","name":"สายใต้","name:en":"Southern Line","name:th":"สายใต้","operator":"การรถไฟแห่งประเทศไทย","passenger_lines":"2","railway":"rail","railway:etcs":"1","ref":"ใต้","usage":"main"},"id":"way/956529154"},{"type":"Feature","geometry":{"type":"LineString","coordinates":[[99.989835,13.8222],[99.99297,13.822305],[99.995929,13.822402],[99.997441,13.822458],[99.998764,13.822507],[99.998957,13.822514],[100.005311,13.822756],[100.007934,13.822859],[100.028233,13.823518],[100.033586,13.823698],[100.038404,13.823854],[100.040632,13.823932],[100.042445,13.824003],[100.045562,13.824108],[100.045917,13.824124],[100.046342,13.824144],[100.046412,13.824139],[100.046773,13.82411],[100.050773,13.824241]]},"properties":{"@id":"way/956529160","electrified":"no","gauge":"1000","name":"สายใต้","name:en":"Southern Line","name:th":"สายใต้","operator":"การรถไฟแห่งประเทศไทย","passenger_lines":"2","railway":"rail","railway:etcs":"1","ref":"ใต้","usage":"main"},"id":"way/956529160"},{"type":"Feature","geometry":{"type":"LineString","coordinates":[[100.050773,13.824241],[100.050807,13.824242],[100.050919,13.824247]]},"properties":{"@id":"way/956529161","bridge":"yes","electrified":"no","gauge":"1000","layer":"1","name":"สายใต้","name:en":"Southern Line","name:th":"สายใต้","operator":"การรถไฟแห่งประเทศไทย","passenger_lines":"2","railway":"rail","railway:etcs":"1","ref":"ใต้","usage":"main"},"id":"way/956529161"},{"type":"Feature","geometry":{"type":"LineString","coordinates":[[100.220941,13.808316],[100.220042,13.808194]]},"properties":{"@id":"way/956534739","electrified":"no","gauge":"1000","name":"สายใต้","name:en":"Southern Line","name:th":"สายใต้","operator":"การรถไฟแห่งประเทศไทย","railway":"rail","railway:etcs":"1","ref":"ใต้","service":"crossover","usage":"main"},"id":"way/956534739"},{"type":"Feature","geometry":{"type":"LineString","coordinates":[[100.269957,13.54254],[100.269964,13.542509],[100.269998,13.54237],[100.270005,13.542258],[100.270012,13.542091],[100.270004,13.541916],[100.269987,13.541796],[100.26996,13.541655],[100.269928,13.541543],[100.269543,13.540623],[100.269359,13.540051],[100.269239,13.539751],[100.269166,13.539568],[100.268956,13.539091],[100.268833,13.538789],[100.268266,13.537441],[100.268137,13.537132],[100.26798,13.536769],[100.267556,13.535732],[100.267484,13.535571],[100.267403,13.535398],[100.267198,13.534999],[100.267074,13.53478],[100.266807,13.53437],[100.266618,13.534095],[100.26653,13.53398],[100.266442,13.533871],[100.266289,13.533681],[100.266115,13.533463],[100.265918,13.53324],[100.265746,13.53306],[100.265505,13.532824],[100.265213,13.532565],[100.264997,13.532384],[100.26482,13.532246],[100.264393,13.53193],[100.264254,13.53183],[100.264149,13.531767],[100.264013,13.531681],[100.263812,13.531563],[100.263654,13.531474],[100.263566,13.53142],[100.263529,13.531397],[100.263408,13.531329],[100.263246,13.531245],[100.263103,13.531181],[100.263017,13.531142],[100.262777,13.531036],[100.262613,13.530966],[100.262434,13.530894],[100.262183,13.530806],[100.261896,13.530716],[100.261496,13.530605],[100.260354,13.530282],[100.259682,13.530107],[100.254287,13.528616],[100.247987,13.526892],[100.24677,13.526558],[100.245997,13.526331],[100.243375,13.525615],[100.242927,13.525501]]},"properties":{"@id":"way/958543920","electrified":"no","gauge":"1000","name":"ทางรถไฟสายแม่กลอง","name:en":"Maeklong railway","name:th":"ทางรถไฟสายแม่กลอง","operator":"การรถไฟแห่งประเทศไทย","railway":"rail","ref":"แม่กลอง","usage":"main"},"id":"way/958543920"},{"type":"Feature","geometry":{"type":"LineString","coordinates":[[100.242927,13.525501],[100.242849,13.52548]]},"properties":{"@id":"way/958543921","bridge":"yes","electrified":"no","gauge":"1000","layer":"1","name":"ทางรถไฟสายแม่กลอง","name:en":"Mae Klong Line","name:th":"ทางรถไฟสายแม่กลอง","operator":"การรถไฟแห่งประเทศไทย","railway":"rail","ref":"แม่กลอง","usage":"main"},"id":"way/958543921"},{"type":"Feature","geometry":{"type":"LineString","coordinates":[[100.269515,13.540423],[100.269646,13.540646],[100.26972,13.540781]]},"properties":{"@id":"way/958556818","electrified":"no","gauge":"1000","operator":"การรถไฟแห่งประเทศไทย","railway":"rail","ref":"แม่กลอง","usage":"main"},"id":"way/958556818"},{"type":"Feature","geometry":{"type":"LineString","coordinates":[[100.242849,13.52548],[100.240463,13.524824],[100.240265,13.524768],[100.238786,13.52438],[100.234734,13.523241],[100.234399,13.523145],[100.234323,13.523124],[100.233439,13.522888],[100.230843,13.522182],[100.228378,13.521502],[100.227782,13.521346],[100.227365,13.521223],[100.227012,13.521111],[100.226672,13.520991],[100.222175,13.519098],[100.221184,13.51869],[100.21939,13.517935],[100.218881,13.517725]]},"properties":{"@id":"way/958559863","electrified":"no","gauge":"1000","name":"ทางรถไฟสายแม่กลอง","name:en":"Mae Klong Line","name:th":"ทางรถไฟสายแม่กลอง","operator":"การรถไฟแห่งประเทศไทย","railway":"rail","ref":"แม่กลอง","usage":"main"},"id":"way/958559863"},{"type":"Feature","geometry":{"type":"LineString","coordinates":[[100.218881,13.517725],[100.21876,13.517674]]},"properties":{"@id":"way/958559864","bridge":"yes","electrified":"no","gauge":"1000","layer":"1","name":"ทางรถไฟสายแม่กลอง","name:en":"Mae Klong Line","name:th":"ทางรถไฟสายแม่กลอง","operator":"การรถไฟแห่งประเทศไทย","railway":"rail","ref":"แม่กลอง","usage":"main"},"id":"way/958559864"},{"type":"Feature","geometry":{"type":"LineString","coordinates":[[100.21876,13.517674],[100.21431,13.515796],[100.214201,13.515751],[100.214098,13.515705],[100.212939,13.51522],[100.21291,13.515208],[100.211877,13.514777],[100.20333,13.511193],[100.200459,13.509987]]},"properties":{"@id":"way/958589380","electrified":"no","gauge":"1000","name":"ทางรถไฟสายแม่กลอง","name:en":"Mae Klong Line","name:th":"ทางรถไฟสายแม่กลอง","operator":"การรถไฟแห่งประเทศไทย","railway":"rail","ref":"แม่กลอง","usage":"main"},"id":"way/958589380"},{"type":"Feature","geometry":{"type":"LineString","coordinates":[[100.200459,13.509987],[100.200329,13.509927]]},"properties":{"@id":"way/958589381","bridge":"yes","electrified":"no","gauge":"1000","layer":"1","name":"ทางรถไฟสายแม่กลอง","name:en":"Mae Klong Line","name:th":"ทางรถไฟสายแม่กลอง","operator":"การรถไฟแห่งประเทศไทย","railway":"rail","ref":"แม่กลอง","usage":"main"},"id":"way/958589381"},{"type":"Feature","geometry":{"type":"LineString","coordinates":[[100.437657,13.791221],[100.437507,13.791352],[100.437017,13.791736],[100.434676,13.793621],[100.434178,13.79404],[100.432994,13.794984],[100.432862,13.795088],[100.431839,13.795899],[100.431128,13.796522]]},"properties":{"@id":"way/970143603","colour":"#FD5353","electrified":"contact_line","frequency":"50","gauge":"1000","maxspeed":"90","name":"สายใต้","name:en":"Southern Line","name:th":"สายใต้","operator":"การรถไฟแห่งประเทศไทย","railway":"rail","railway:etcs":"1","tracks":"1","train":"yes","usage":"main","voltage":"25000"},"id":"way/970143603"},{"type":"Feature","geometry":{"type":"LineString","coordinates":[[100.537503,13.797632],[100.537861,13.798131]]},"properties":{"@id":"way/970976949","bridge":"viaduct","electrified":"contact_line","frequency":"50","gauge":"1000","layer":"1","railway":"rail","service":"crossover","tracks":"1","train":"yes","voltage":"25000"},"id":"way/970976949"},{"type":"Feature","geometry":{"type":"LineString","coordinates":[[100.536241,13.795399],[100.536156,13.795141],[100.536063,13.794861]]},"properties":{"@id":"way/970976950","bridge":"viaduct","electrified":"contact_line","frequency":"50","gauge":"1000","layer":"1","railway":"rail","service":"crossover","train":"yes","voltage":"25000"},"id":"way/970976950"},{"type":"Feature","geometry":{"type":"LineString","coordinates":[[100.536027,13.794874],[100.536156,13.795141],[100.536276,13.795391]]},"properties":{"@id":"way/970976951","bridge":"viaduct","electrified":"contact_line","frequency":"50","gauge":"1000","layer":"1","railway":"rail","service":"crossover","train":"yes","voltage":"25000"},"id":"way/970976951"},{"type":"Feature","geometry":{"type":"LineString","coordinates":[[100.535682,13.793936],[100.535716,13.793922]]},"properties":{"@id":"way/970976952","bridge":"viaduct","electrified":"contact_line","gauge":"1000","layer":"1","railway":"rail","service":"crossover","tracks":"1","train":"yes"},"id":"way/970976952"},{"type":"Feature","geometry":{"type":"LineString","coordinates":[[100.535617,13.793958],[100.535647,13.793944]]},"properties":{"@id":"way/970976953","bridge":"viaduct","electrified":"contact_line","gauge":"1000","layer":"1","railway":"rail","service":"crossover","tracks":"1","train":"yes"},"id":"way/970976953"},{"type":"Feature","geometry":{"type":"LineString","coordinates":[[100.600497,13.919348],[100.600704,13.919631]]},"properties":{"@id":"way/970976959","bridge":"viaduct","electrified":"contact_line","gauge":"1000","layer":"3","opening_date":"2021","operator":"การรถไฟแห่งประเทศไทย","railway":"rail","service":"crossover","tracks":"1","train":"yes"},"id":"way/970976959"},{"type":"Feature","geometry":{"type":"LineString","coordinates":[[100.600013,13.918356],[100.600155,13.918739]]},"properties":{"@id":"way/970976960","bridge":"viaduct","electrified":"contact_line","gauge":"1000","layer":"3","opening_date":"2021","railway":"rail","railway:etcs":"1","service":"crossover","tracks":"1","train":"yes"},"id":"way/970976960"},{"type":"Feature","geometry":{"type":"LineString","coordinates":[[100.601402,13.920958],[100.604181,13.925898]]},"properties":{"@id":"way/970976961","bridge":"viaduct","colour":"#E10506","electrified":"contact_line","frequency":"50","gauge":"1000","layer":"3","maxspeed":"160","name":"รถไฟฟ้าชานเมืองสายสีแดงเข้ม","name:en":"Dark Red Line","oneway":"yes","opening_date":"2021","operator":"การรถไฟแห่งประเทศไทย","railway":"rail","railway:etcs":"1","tracks":"1","train":"yes","usage":"main","voltage":"25000"},"id":"way/970976961"},{"type":"Feature","geometry":{"type":"LineString","coordinates":[[100.604181,13.925898],[100.607002,13.930925],[100.607349,13.931596],[100.607534,13.932008],[100.607718,13.932455],[100.607895,13.932922],[100.608138,13.933658],[100.608281,13.934162],[100.608365,13.93451],[100.608432,13.934834],[100.608535,13.935428],[100.608579,13.935734],[100.608612,13.935999],[100.608647,13.936344],[100.608693,13.936916],[100.608712,13.937421],[100.608717,13.938034],[100.608697,13.938492],[100.608656,13.938967],[100.608302,13.941947]]},"properties":{"@id":"way/970976962","bridge":"viaduct","colour":"#E10506","electrified":"contact_line","frequency":"50","gauge":"1000","layer":"2","maxspeed":"160","name":"รถไฟฟ้าชานเมืองสายสีแดงเข้ม","name:en":"Dark Red Line","oneway":"yes","opening_date":"2021","operator":"การรถไฟแห่งประเทศไทย","railway":"rail","railway:etcs":"1","tracks":"1","train":"yes","usage":"main","voltage":"25000"},"id":"way/970976962"},{"type":"Feature","geometry":{"type":"LineString","coordinates":[[100.602727,13.986296],[100.602707,13.986661]]},"properties":{"@id":"way/970976963","bridge":"viaduct","electrified":"contact_line","gauge":"1000","layer":"2","opening_date":"2021","railway":"rail","service":"crossover","tracks":"1","train":"yes"},"id":"way/970976963"},{"type":"Feature","geometry":{"type":"LineString","coordinates":[[100.603366,13.981434],[100.602993,13.984506],[100.602904,13.985178],[100.602857,13.985512],[100.60281,13.985812],[100.602727,13.986296],[100.602649,13.986749]]},"properties":{"@id":"way/970976964","bridge":"viaduct","colour":"#E10506","electrified":"contact_line","frequency":"50","gauge":"1000","layer":"2","maxspeed":"160","name":"รถไฟฟ้าชานเมืองสายสีแดงเข้ม","name:en":"Dark Red Line","oneway":"yes","opening_date":"2021","operator":"การรถไฟแห่งประเทศไทย","railway":"rail","railway:etcs":"1","train":"yes","usage":"main","voltage":"25000"},"id":"way/970976964"},{"type":"Feature","geometry":{"type":"LineString","coordinates":[[100.603435,13.980875],[100.603366,13.981434]]},"properties":{"@id":"way/970976965","colour":"#E10506","electrified":"contact_line","embankment":"yes","frequency":"50","gauge":"1000","maxspeed":"160","name":"รถไฟฟ้าชานเมืองสายสีแดงเข้ม","name:en":"Dark Red Line","oneway":"yes","opening_date":"2021","operator":"การรถไฟแห่งประเทศไทย","railway":"rail","railway:etcs":"1","train":"yes","usage":"main","voltage":"25000"},"id":"way/970976965"},{"type":"Feature","geometry":{"type":"LineString","coordinates":[[100.603489,13.980432],[100.603435,13.980875]]},"properties":{"@id":"way/970976966","bridge":"yes","colour":"#E10506","electrified":"contact_line","frequency":"50","gauge":"1000","layer":"1","maxspeed":"160","name":"รถไฟฟ้าชานเมืองสายสีแดงเข้ม","name:en":"Dark Red Line","oneway":"yes","opening_date":"2021","operator":"การรถไฟแห่งประเทศไทย","railway":"rail","railway:etcs":"1","train":"yes","usage":"main","voltage":"25000"},"id":"way/970976966"},{"type":"Feature","geometry":{"type":"LineString","coordinates":[[100.604529,13.971808],[100.603994,13.976059],[100.603489,13.980432]]},"properties":{"@id":"way/970976967","colour":"#E10506","electrified":"contact_line","frequency":"50","gauge":"1000","maxspeed":"160","name":"รถไฟฟ้าชานเมืองสายสีแดงเข้ม","name:en":"Dark Red Line","oneway":"yes","opening_date":"2021","operator":"การรถไฟแห่งประเทศไทย","railway":"rail","railway:etcs":"1","tracks":"1","train":"yes","usage":"main","voltage":"25000"},"id":"way/970976967"},{"type":"Feature","geometry":{"type":"LineString","coordinates":[[100.604544,13.971686],[100.604529,13.971808]]},"properties":{"@id":"way/970976968","bridge":"yes","colour":"#E10506","electrified":"contact_line","frequency":"50","gauge":"1000","layer":"1","maxspeed":"160","name":"รถไฟฟ้าชานเมืองสายสีแดงเข้ม","name:en":"Dark Red Line","oneway":"yes","opening_date":"2021","operator":"การรถไฟแห่งประเทศไทย","railway":"rail","railway:etcs":"1","tracks":"1","train":"yes","usage":"main","voltage":"25000"},"id":"way/970976968"},{"type":"Feature","geometry":{"type":"LineString","coordinates":[[100.606064,13.95933],[100.605355,13.965721],[100.604865,13.969395],[100.604544,13.971686]]},"properties":{"@id":"way/970976969","colour":"#E10506","electrified":"contact_line","frequency":"50","gauge":"1000","maxspeed":"160","name":"รถไฟฟ้าชานเมืองสายสีแดงเข้ม","name:en":"Dark Red Line","oneway":"yes","opening_date":"2021","operator":"การรถไฟแห่งประเทศไทย","railway":"rail","railway:etcs":"1","tracks":"1","train":"yes","usage":"main","voltage":"25000"},"id":"way/970976969"},{"type":"Feature","geometry":{"type":"LineString","coordinates":[[100.606077,13.959208],[100.606064,13.95933]]},"properties":{"@id":"way/970976970","bridge":"yes","colour":"#E10506","electrified":"contact_line","frequency":"50","gauge":"1000","layer":"1","maxspeed":"160","name":"รถไฟฟ้าชานเมืองสายสีแดงเข้ม","name:en":"Dark Red Line","oneway":"yes","opening_date":"2021","operator":"การรถไฟแห่งประเทศไทย","railway":"rail","tracks":"1","train":"yes","usage":"main","voltage":"25000"},"id":"way/970976970"},{"type":"Feature","geometry":{"type":"LineString","coordinates":[[100.607486,13.948466],[100.607226,13.950165],[100.60709,13.951029],[100.606507,13.955692],[100.606077,13.959208]]},"properties":{"@id":"way/970976971","colour":"#E10506","electrified":"contact_line","frequency":"50","gauge":"1000","maxspeed":"160","name":"รถไฟฟ้าชานเมืองสายสีแดงเข้ม","name:en":"Dark Red Line","oneway":"yes","opening_date":"2021","operator":"การรถไฟแห่งประเทศไทย","railway":"rail","railway:etcs":"1","tracks":"1","train":"yes","usage":"main","voltage":"25000"},"id":"way/970976971"},{"type":"Feature","geometry":{"type":"LineString","coordinates":[[100.607503,13.948347],[100.607486,13.948466]]},"properties":{"@id":"way/970976972","bridge":"yes","colour":"#E10506","electrified":"contact_line","frequency":"50","gauge":"1000","layer":"1","maxspeed":"160","name":"รถไฟฟ้าชานเมืองสายสีแดงเข้ม","name:en":"Dark Red Line","oneway":"yes","opening_date":"2021","operator":"การรถไฟแห่งประเทศไทย","railway":"rail","railway:etcs":"1","tracks":"1","train":"yes","usage":"main","voltage":"25000"},"id":"way/970976972"},{"type":"Feature","geometry":{"type":"LineString","coordinates":[[100.608302,13.941947],[100.607876,13.945303],[100.607859,13.945444]]},"properties":{"@id":"way/970976973","colour":"#E10506","electrified":"contact_line","embankment":"yes","frequency":"50","gauge":"1000","maxspeed":"160","name":"รถไฟฟ้าชานเมืองสายสีแดงเข้ม","name:en":"Dark Red Line","oneway":"yes","opening_date":"2021","operator":"การรถไฟแห่งประเทศไทย","railway":"rail","railway:etcs":"1","tracks":"1","train":"yes","usage":"main","voltage":"25000"},"id":"way/970976973"},{"type":"Feature","geometry":{"type":"LineString","coordinates":[[100.601292,13.997182],[100.60128,13.997776]]},"properties":{"@id":"way/970976974","gauge":"1000","opening_date":"2021","operator":"การรถไฟแห่งประเทศไทย","railway":"rail","railway:etcs":"1","service":"crossover","tracks":"1","train":"yes","usage":"main"},"id":"way/970976974"},{"type":"Feature","geometry":{"type":"LineString","coordinates":[[100.601925,13.991905],[100.601689,13.993954],[100.601656,13.994223],[100.601539,13.995206],[100.601455,13.995918],[100.601292,13.997182]]},"properties":{"@id":"way/970976975","electrified":"no","gauge":"1000","level":"0","name":"ทางรถไฟสายเหนือ/ตะวันออกฉียงเหนือ","oneway":"yes","opening_date":"2021","operator":"การรถไฟแห่งประเทศไทย","passenger_lines":"2","railway":"rail","railway:etcs":"1","railway:track_ref":"6","source":"GPS","tracks":"1","train":"yes","usage":"main"},"id":"way/970976975"},{"type":"Feature","geometry":{"type":"LineString","coordinates":[[100.604473,13.971662],[100.605685,13.96199],[100.606014,13.959313]]},"properties":{"@id":"way/970976976","electrified":"no","gauge":"1000","name":"ทางรถไฟสายเหนือ/ตะวันออกเฉียงเหนือ","oneway":"yes","opening_date":"2021","operator":"การรถไฟแห่งประเทศไทย","railway":"rail","railway:etcs":"1","source":"GPS","tracks":"1","train":"yes","usage":"main"},"id":"way/970976976"},{"type":"Feature","geometry":{"type":"LineString","coordinates":[[100.602583,13.986786],[100.6025,13.987497]]},"properties":{"@id":"way/970976977","electrified":"no","gauge":"1000","oneway":"yes","opening_date":"2021","operator":"การรถไฟแห่งประเทศไทย","railway":"rail","railway:etcs":"1","source":"GPS","tracks":"1","train":"yes","usage":"main"},"id":"way/970976977"},{"type":"Feature","geometry":{"type":"LineString","coordinates":[[100.603321,13.980818],[100.603202,13.981867],[100.602583,13.986786]]},"properties":{"@id":"way/970976982","electrified":"no","gauge":"1000","name":"ทางรถไฟสายเหนือ/ตะวันออกฉียงเหนือ","oneway":"yes","operator":"การรถไฟแห่งประเทศไทย","passenger_lines":"2","railway":"rail","railway:etcs":"1","source":"GPS","usage":"main"},"id":"way/970976982"},{"type":"Feature","geometry":{"type":"LineString","coordinates":[[100.600178,14.007096],[100.600182,14.007456]]},"properties":{"@id":"way/970976985","electrified":"contact_line","gauge":"1000","railway":"rail","service":"crossover","tracks":"1","train":"yes"},"id":"way/970976985"},{"type":"Feature","geometry":{"type":"LineString","coordinates":[[100.600608,14.003605],[100.600178,14.007096],[100.599895,14.009398]]},"properties":{"@id":"way/970976986","colour":"#E10506","electrified":"contact_line","frequency":"50","gauge":"1000","maxspeed":"160","name":"รถไฟฟ้าชานเมืองสายสีแดงเข้ม","name:en":"Dark Red Line","oneway":"yes","operator":"การรถไฟแห่งประเทศไทย","railway":"rail","railway:etcs":"1","tracks":"1","train":"yes","usage":"main","voltage":"25000"},"id":"way/970976986"},{"type":"Feature","geometry":{"type":"LineString","coordinates":[[100.607824,13.945441],[100.608263,13.94194]]},"properties":{"@id":"way/971385284","description":"New SRT main line","embankment":"yes","gauge":"1000","name":"ทางรถไฟสายเหนือ/ตะวันออกเฉียงเหนือ","oneway":"yes","operator":"การรถไฟแห่งประเทศไทย","railway":"rail","railway:etcs":"1","tracks":"1","train":"yes","usage":"main"},"id":"way/971385284"},{"type":"Feature","geometry":{"type":"LineString","coordinates":[[100.608263,13.94194],[100.608619,13.938967],[100.608661,13.938489],[100.608685,13.938036],[100.60868,13.937423],[100.608661,13.936918],[100.608642,13.936664],[100.608613,13.936388],[100.608567,13.936001],[100.608533,13.935747],[100.608482,13.935433],[100.608433,13.935131],[100.60838,13.934836],[100.608317,13.934533],[100.60822,13.934166],[100.608089,13.933688],[100.607848,13.932936],[100.607669,13.932467],[100.607481,13.932019],[100.607295,13.93161],[100.606954,13.930944],[100.604132,13.925919]]},"properties":{"@id":"way/971385285","bridge":"viaduct","description":"New SRT main line","gauge":"1000","layer":"2","name":"ทางรถไฟสายเหนือ/ตะวันออกเฉียงเหนือ","oneway":"yes","operator":"การรถไฟแห่งประเทศไทย","railway":"rail","railway:etcs":"1","tracks":"1","train":"yes","usage":"main"},"id":"way/971385285"},{"type":"Feature","geometry":{"type":"LineString","coordinates":[[100.59256,13.905295],[100.59253,13.905245],[100.592115,13.90455],[100.590645,13.90191],[100.589522,13.899767],[100.588889,13.898649],[100.586208,13.89403],[100.581952,13.886306],[100.580522,13.883773],[100.578665,13.880319],[100.57604,13.87556],[100.575257,13.874176],[100.573515,13.871054],[100.572284,13.86875],[100.570343,13.865185],[100.568787,13.862486],[100.567546,13.860199],[100.566542,13.858294],[100.565413,13.856039],[100.563633,13.852809],[100.5627,13.8512],[100.561688,13.849358],[100.558057,13.842575],[100.557514,13.841586],[100.557002,13.840638],[100.556879,13.840403]]},"properties":{"@id":"way/971385287","bridge":"viaduct","description":"New SRT main line","electrified":"contact_line","frequency":"50","gauge":"1000","layer":"3","maxspeed":"160","oneway":"yes","operator":"การรถไฟแห่งประเทศไทย","railway":"rail","railway:etcs":"1","tracks":"1","train":"yes","usage":"main","voltage":"25000"},"id":"way/971385287"},{"type":"Feature","geometry":{"type":"LineString","coordinates":[[100.478981,13.72107],[100.480465,13.721474],[100.482303,13.722006]]},"properties":{"@id":"way/980128238","abandoned:electrified":"contact_line","electrified":"no","gauge":"1000","maxspeed":"80","name":"ทางรถไฟสายแม่กลอง","name:en":"Mae Klong Line","name:th":"ทางรถไฟสายแม่กลอง","operator":"การรถไฟแห่งประเทศไทย","railway":"rail","ref":"แม่กลอง","train":"yes","usage":"main"},"id":"way/980128238"},{"type":"Feature","geometry":{"type":"LineString","coordinates":[[100.482303,13.722006],[100.482451,13.722048]]},"properties":{"@id":"way/980128239","abandoned:electrified":"contact_line","bridge":"yes","electrified":"no","gauge":"1000","layer":"1","maxspeed":"80","name":"ทางรถไฟสายแม่กลอง","name:en":"Mae Klong Line","name:th":"ทางรถไฟสายแม่กลอง","operator":"การรถไฟแห่งประเทศไทย","railway":"rail","ref":"แม่กลอง","train":"yes","usage":"main"},"id":"way/980128239"},{"type":"Feature","geometry":{"type":"LineString","coordinates":[[100.474908,13.717337],[100.474972,13.717479]]},"properties":{"@id":"way/980128241","abandoned:electrified":"contact_line","bridge":"yes","electrified":"no","gauge":"1000","layer":"1","maxspeed":"80","name":"ทางรถไฟสายแม่กลอง","name:en":"Mae Klong Line","name:th":"ทางรถไฟสายแม่กลอง","operator":"การรถไฟแห่งประเทศไทย","railway":"rail","ref":"แม่กลอง","train":"yes","usage":"main"},"id":"way/980128241"},{"type":"Feature","geometry":{"type":"LineString","coordinates":[[100.470402,13.707783],[100.470313,13.707588]]},"properties":{"@id":"way/980128243","abandoned:electrified":"contact_line","bridge":"yes","electrified":"no","gauge":"1000","layer":"1","maxspeed":"80","name":"ทางรถไฟสายแม่กลอง","name:en":"Mae Klong Line","name:th":"ทางรถไฟสายแม่กลอง","operator":"การรถไฟแห่งประเทศไทย","railway":"rail","ref":"แม่กลอง","source":"Yahoo! aerial imagery","train":"yes","usage":"main"},"id":"way/980128243"},{"type":"Feature","geometry":{"type":"LineString","coordinates":[[100.466794,13.702495],[100.46686,13.702536]]},"properties":{"@id":"way/980128245","abandoned:electrified":"contact_line","bridge":"yes","electrified":"no","gauge":"1000","layer":"1","maxspeed":"80","name":"ทางรถไฟสายแม่กลอง","name:en":"Mae Klong Line","name:th":"ทางรถไฟสายแม่กลอง","operator":"การรถไฟแห่งประเทศไทย","railway":"rail","ref":"แม่กลอง","train":"yes","usage":"main"},"id":"way/980128245"},{"type":"Feature","geometry":{"type":"LineString","coordinates":[[100.446777,13.6825],[100.446594,13.68232],[100.446111,13.681867],[100.445894,13.681665],[100.445421,13.681239],[100.445325,13.681157],[100.444675,13.680579],[100.443652,13.679667],[100.443584,13.679601]]},"properties":{"@id":"way/980128246","electrified":"no","gauge":"1000","maxspeed":"80","name":"ทางรถไฟสายแม่กลอง","name:en":"Mae Klong Line","operator":"การรถไฟแห่งประเทศไทย","railway":"rail","ref":"แม่กลอง","train":"yes","usage":"main"},"id":"way/980128246"},{"type":"Feature","geometry":{"type":"LineString","coordinates":[[100.443584,13.679601],[100.443464,13.679504]]},"properties":{"@id":"way/980128247","bridge":"yes","electrified":"no","gauge":"1000","layer":"1","maxspeed":"80","name":"ทางรถไฟสายแม่กลอง","name:en":"Mae Klong Line","operator":"การรถไฟแห่งประเทศไทย","railway":"rail","ref":"แม่กลอง","train":"yes","usage":"main"},"id":"way/980128247"},{"type":"Feature","geometry":{"type":"LineString","coordinates":[[100.482451,13.722048],[100.483362,13.722296],[100.484586,13.722655]]},"properties":{"@id":"way/980128248","abandoned:electrified":"contact_line","electrified":"no","gauge":"1000","maxspeed":"80","name":"ทางรถไฟสายแม่กลอง","name:en":"Mae Klong Line","name:th":"ทางรถไฟสายแม่กลอง","operator":"การรถไฟแห่งประเทศไทย","railway":"rail","ref":"แม่กลอง","train":"yes","usage":"main"},"id":"way/980128248"},{"type":"Feature","geometry":{"type":"LineString","coordinates":[[100.484586,13.722655],[100.484644,13.722671]]},"properties":{"@id":"way/980128249","abandoned:electrified":"contact_line","bridge":"yes","electrified":"no","gauge":"1000","layer":"1","maxspeed":"80","name":"ทางรถไฟสายแม่กลอง","name:en":"Mae Klong Line","name:th":"ทางรถไฟสายแม่กลอง","operator":"การรถไฟแห่งประเทศไทย","railway":"rail","ref":"แม่กลอง","train":"yes","usage":"main"},"id":"way/980128249"},{"type":"Feature","geometry":{"type":"LineString","coordinates":[[100.45963,13.69509],[100.45949,13.694864]]},"properties":{"@id":"way/980128251","abandoned:electrified":"contact_line","bridge":"yes","electrified":"no","gauge":"1000","layer":"1","maxspeed":"80","name":"ทางรถไฟสายแม่กลอง","name:en":"Mae Klong Line","name:th":"ทางรถไฟสายแม่กลอง","operator":"การรถไฟแห่งประเทศไทย","railway":"rail","ref":"แม่กลอง","train":"yes","usage":"main"},"id":"way/980128251"},{"type":"Feature","geometry":{"type":"LineString","coordinates":[[100.478792,13.721017],[100.478981,13.72107]]},"properties":{"@id":"way/980128253","abandoned:electrified":"contact_line","bridge":"yes","electrified":"no","gauge":"1000","layer":"1","maxspeed":"80","name":"ทางรถไฟสายแม่กลอง","name:en":"Mae Klong Line","name:th":"ทางรถไฟสายแม่กลอง","operator":"การรถไฟแห่งประเทศไทย","railway":"rail","ref":"แม่กลอง","train":"yes","usage":"main"},"id":"way/980128253"},{"type":"Feature","geometry":{"type":"LineString","coordinates":[[100.453793,13.68819],[100.453531,13.687972],[100.453047,13.6876],[100.452644,13.687257],[100.452227,13.686917],[100.451939,13.686681],[100.451416,13.686264],[100.451045,13.685959],[100.450832,13.685789],[100.449812,13.684961],[100.448992,13.684308],[100.448646,13.684004],[100.447779,13.683303],[100.447673,13.683217],[100.446985,13.68266],[100.446892,13.682605],[100.446865,13.682587]]},"properties":{"@id":"way/980128254","abandoned:electrified":"contact_line","electrified":"no","gauge":"1000","maxspeed":"80","name":"ทางรถไฟสายแม่กลอง","name:en":"Mae Klong Line","name:th":"ทางรถไฟสายแม่กลอง","operator":"การรถไฟแห่งประเทศไทย","railway":"rail","ref":"แม่กลอง","train":"yes","usage":"main"},"id":"way/980128254"},{"type":"Feature","geometry":{"type":"LineString","coordinates":[[100.453891,13.688266],[100.453793,13.68819]]},"properties":{"@id":"way/980128255","abandoned:electrified":"contact_line","bridge":"yes","electrified":"no","gauge":"1000","layer":"1","maxspeed":"80","name":"ทางรถไฟสายแม่กลอง","name:en":"Mae Klong Line","name:th":"ทางรถไฟสายแม่กลอง","operator":"การรถไฟแห่งประเทศไทย","railway":"rail","ref":"แม่กลอง","train":"yes","usage":"main"},"id":"way/980128255"},{"type":"Feature","geometry":{"type":"LineString","coordinates":[[100.476748,13.760812],[100.47681,13.760801],[100.477089,13.760777],[100.477589,13.760729],[100.478694,13.760663],[100.480103,13.760604]]},"properties":{"@id":"way/992794016","electrified":"no","gauge":"1000","name":"ทางรถไฟสายใต้","name:en":"Southern Line","operator":"การรถไฟแห่งประเทศไทย","passenger_lines":"1","railway":"rail","source":"Yahoo! Image","usage":"main"},"id":"way/992794016"},{"type":"Feature","geometry":{"type":"LineString","coordinates":[[100.520917,13.757227],[100.52086,13.757072],[100.520833,13.757007],[100.520826,13.75699],[100.520803,13.756934],[100.520379,13.755873]]},"properties":{"@id":"way/1038307917","gauge":"1000","maxspeed":"30","operator":"การรถไฟแห่งประเทศไทย","railway":"rail","railway:etcs":"1","source":"Yahoo! Aerial Imagery","usage":"main"},"id":"way/1038307917"},{"type":"Feature","geometry":{"type":"LineString","coordinates":[[100.527757,13.774076],[100.526329,13.770446],[100.52629,13.770337],[100.526244,13.770234],[100.526098,13.769876],[100.526082,13.769837],[100.526003,13.769643],[100.52588,13.769342],[100.525344,13.768027],[100.524568,13.766126],[100.523671,13.763927],[100.523542,13.763612],[100.523522,13.763562],[100.523316,13.763056],[100.523277,13.762969],[100.523229,13.762851],[100.523195,13.76276],[100.520954,13.75731],[100.520917,13.757227]]},"properties":{"@id":"way/1038307918","gauge":"1000","maxspeed":"30","operator":"การรถไฟแห่งประเทศไทย","passenger_lines":"1","railway":"rail","railway:etcs":"1","tracks":"1","usage":"main"},"id":"way/1038307918"},{"type":"Feature","geometry":{"type":"LineString","coordinates":[[100.537224,13.797449],[100.535228,13.792435],[100.533068,13.787067],[100.53172,13.783727],[100.531695,13.783664],[100.530804,13.781559],[100.530706,13.781335],[100.530037,13.779643],[100.529954,13.77944],[100.528603,13.776152],[100.528565,13.776058],[100.528542,13.776002],[100.527952,13.774559],[100.527914,13.774465]]},"properties":{"@id":"way/1038307919","electrified":"no","gauge":"1000","maxspeed":"30","operator":"การรถไฟแห่งประเทศไทย","passenger_lines":"1","railway":"rail","railway:etcs":"1","tracks":"1","usage":"main"},"id":"way/1038307919"},{"type":"Feature","geometry":{"type":"LineString","coordinates":[[100.527914,13.774465],[100.527757,13.774076]]},"properties":{"@id":"way/1038307920","bridge":"yes","gauge":"1000","layer":"1","maxspeed":"30","operator":"การรถไฟแห่งประเทศไทย","passenger_lines":"1","railway":"rail","railway:etcs":"1","tracks":"1","usage":"main"},"id":"way/1038307920"},{"type":"Feature","geometry":{"type":"LineString","coordinates":[[100.525958,13.769642],[100.526082,13.769837]]},"properties":{"@id":"way/1038307921","railway":"rail"},"id":"way/1038307921"},{"type":"Feature","geometry":{"type":"LineString","coordinates":[[100.526098,13.769876],[100.526145,13.770107]]},"properties":{"@id":"way/1038307922","railway":"rail"},"id":"way/1038307922"},{"type":"Feature","geometry":{"type":"LineString","coordinates":[[100.525937,13.769589],[100.52588,13.769342]]},"properties":{"@id":"way/1038307923","operator":"การรถไฟแห่งประเทศไทย","railway":"rail"},"id":"way/1038307923"},{"type":"Feature","geometry":{"type":"LineString","coordinates":[[100.523448,13.763273],[100.523522,13.763562]]},"properties":{"@id":"way/1038309021","railway":"rail"},"id":"way/1038309021"},{"type":"Feature","geometry":{"type":"LineString","coordinates":[[100.523542,13.763612],[100.523626,13.763909]]},"properties":{"@id":"way/1038309022","railway":"rail"},"id":"way/1038309022"},{"type":"Feature","geometry":{"type":"LineString","coordinates":[[100.523671,13.763927],[100.523825,13.764208]]},"properties":{"@id":"way/1038309023","railway":"rail"},"id":"way/1038309023"},{"type":"Feature","geometry":{"type":"LineString","coordinates":[[100.537562,13.79826],[100.537436,13.79795]]},"properties":{"@id":"way/1038790098","electrified":"no","gauge":"1000","maxspeed":"70","operator":"การรถไฟแห่งประเทศไทย","passenger_lines":"1","railway":"rail","railway:etcs":"1","tracks":"1","usage":"branch"},"id":"way/1038790098"},{"type":"Feature","geometry":{"type":"LineString","coordinates":[[100.537436,13.79795],[100.537224,13.797449]]},"properties":{"@id":"way/1038790099","bridge":"yes","gauge":"1000","layer":"1","maxspeed":"70","operator":"การรถไฟแห่งประเทศไทย","passenger_lines":"1","railway":"rail","railway:etcs":"1","tracks":"1","usage":"branch"},"id":"way/1038790099"},{"type":"Feature","geometry":{"type":"LineString","coordinates":[[100.583906,14.234266],[100.584037,14.235393],[100.584385,14.238278],[100.584514,14.239361],[100.585133,14.244447],[100.585365,14.246528],[100.585384,14.246695]]},"properties":{"@id":"way/1038796003","electrified":"no","gauge":"1000","operator":"การรถไฟแห่งประเทศไทย","passenger_lines":"2","railway":"rail","railway:etcs":"1","source":"GPS","usage":"main"},"id":"way/1038796003"},{"type":"Feature","geometry":{"type":"LineString","coordinates":[[100.583981,14.233955],[100.583822,14.232591],[100.583129,14.226895]]},"properties":{"@id":"way/1038796005","electrified":"no","gauge":"1000","operator":"การรถไฟแห่งประเทศไทย","railway":"rail","railway:etcs":"1","usage":"main"},"id":"way/1038796005"},{"type":"Feature","geometry":{"type":"LineString","coordinates":[[100.582816,14.224267],[100.582779,14.22392]]},"properties":{"@id":"way/1038796006","bridge":"yes","electrified":"no","gauge":"1000","layer":"1","operator":"การรถไฟแห่งประเทศไทย","railway":"rail","railway:etcs":"1"},"id":"way/1038796006"},{"type":"Feature","geometry":{"type":"LineString","coordinates":[[100.585384,14.246695],[100.585878,14.250753],[100.586787,14.258257],[100.58698,14.259887],[100.587192,14.261599],[100.587351,14.262906],[100.587528,14.264415],[100.587723,14.266044],[100.587885,14.267423],[100.588052,14.268795],[100.588225,14.27025],[100.588381,14.271608],[100.588506,14.272714]]},"properties":{"@id":"way/1038796007","electrified":"no","gauge":"1000","name":"ทางรถไฟสายเหนือ-ตะวันออกเฉียงเหนือ","name:en":"Northern-Northeastern Line","operator":"การรถไฟแห่งประเทศไทย","railway":"rail","railway:etcs":"1","usage":"main"},"id":"way/1038796007"},{"type":"Feature","geometry":{"type":"LineString","coordinates":[[100.588506,14.272714],[100.588613,14.273639]]},"properties":{"@id":"way/1038796008","bridge":"yes","electrified":"no","gauge":"1000","layer":"1","name":"ทางรถไฟสายเหนือ-ตะวันออกเฉียงเหนือ","name:en":"Northern-Northeastern Line","operator":"การรถไฟแห่งประเทศไทย","railway":"rail","railway:etcs":"1","usage":"main"},"id":"way/1038796008"},{"type":"Feature","geometry":{"type":"LineString","coordinates":[[100.588488,14.271601],[100.588621,14.272716]]},"properties":{"@id":"way/1038796009","electrified":"no","gauge":"1000","name":"ทางรถไฟสายเหนือ-ตะวันออกเฉียงเหนือ","name:en":"Northern-Northeastern Line","railway":"rail","railway:etcs":"1","usage":"main"},"id":"way/1038796009"},{"type":"Feature","geometry":{"type":"LineString","coordinates":[[100.588621,14.272716],[100.588721,14.273641]]},"properties":{"@id":"way/1038796010","bridge":"yes","electrified":"no","gauge":"1000","layer":"1","name":"ทางรถไฟสายเหนือ-ตะวันออกเฉียงเหนือ","name:en":"Northern-Northeastern Line","operator":"การรถไฟแห่งประเทศไทย","railway":"rail","railway:etcs":"1","usage":"main"},"id":"way/1038796010"},{"type":"Feature","geometry":{"type":"LineString","coordinates":[[100.583028,14.226003],[100.582816,14.224267]]},"properties":{"@id":"way/1038796011","electrified":"no","gauge":"1000","operator":"การรถไฟแห่งประเทศไทย","railway":"rail","railway:etcs":"1"},"id":"way/1038796011"},{"type":"Feature","geometry":{"type":"LineString","coordinates":[[100.583129,14.226895],[100.583028,14.226003]]},"properties":{"@id":"way/1038796012","bridge":"yes","electrified":"no","gauge":"1000","layer":"1","operator":"การรถไฟแห่งประเทศไทย","railway":"rail","railway:etcs":"1","usage":"main"},"id":"way/1038796012"},{"type":"Feature","geometry":{"type":"LineString","coordinates":[[100.577657,14.180597],[100.577132,14.17612],[100.577083,14.175691],[100.57706,14.175432],[100.577042,14.175179],[100.57703,14.174918],[100.577014,14.17436],[100.577014,14.174171],[100.577011,14.17398],[100.577012,14.173792],[100.577017,14.17362],[100.577026,14.173412],[100.577037,14.173234],[100.577063,14.172998],[100.577114,14.17243],[100.578949,14.157054],[100.580626,14.142704],[100.581502,14.135165],[100.581806,14.132656],[100.581967,14.131335],[100.582279,14.128783]]},"properties":{"@id":"way/1038804737","electrified":"no","gauge":"1000","operator":"การรถไฟแห่งประเทศไทย","railway":"rail","railway:etcs":"1","usage":"main"},"id":"way/1038804737"},{"type":"Feature","geometry":{"type":"LineString","coordinates":[[100.577713,14.180338],[100.577223,14.176245],[100.57717,14.175858],[100.577133,14.175543],[100.577109,14.175177],[100.577085,14.174771],[100.577085,14.174404],[100.577076,14.173955],[100.577076,14.173612],[100.577093,14.173296],[100.577125,14.172894],[100.578105,14.164687],[100.578524,14.161089],[100.57893,14.157647],[100.579235,14.155069],[100.580861,14.141563],[100.581329,14.137479],[100.581406,14.136758],[100.581577,14.135366],[100.581719,14.134112],[100.581896,14.132664],[100.581977,14.131999],[100.582073,14.131216],[100.582215,14.1301],[100.582264,14.129559],[100.58235,14.128782]]},"properties":{"@id":"way/1038812609","electrified":"no","gauge":"1000","operator":"การรถไฟแห่งประเทศไทย","railway":"rail","railway:etcs":"1","usage":"main"},"id":"way/1038812609"},{"type":"Feature","geometry":{"type":"LineString","coordinates":[[100.582372,14.128586],[100.582379,14.128521],[100.582486,14.127591],[100.58254,14.127127],[100.58309,14.122656]]},"properties":{"@id":"way/1038812610","electrified":"no","gauge":"1000","operator":"การรถไฟแห่งประเทศไทย","railway":"rail","railway:etcs":"1","usage":"main"},"id":"way/1038812610"},{"type":"Feature","geometry":{"type":"LineString","coordinates":[[100.58235,14.128782],[100.582372,14.128586]]},"properties":{"@id":"way/1038812611","bridge":"yes","electrified":"no","gauge":"1000","layer":"1","operator":"การรถไฟแห่งประเทศไทย","railway":"rail","railway:etcs":"1","usage":"main"},"id":"way/1038812611"},{"type":"Feature","geometry":{"type":"LineString","coordinates":[[100.582305,14.128555],[100.583038,14.122573],[100.583394,14.119446],[100.584003,14.114307],[100.58408,14.113682],[100.584131,14.113268],[100.584269,14.112005],[100.584525,14.109889],[100.584671,14.108705],[100.586136,14.096214]]},"properties":{"@id":"way/1038812612","electrified":"no","gauge":"1000","operator":"การรถไฟแห่งประเทศไทย","railway":"rail","railway:etcs":"1","usage":"main"},"id":"way/1038812612"},{"type":"Feature","geometry":{"type":"LineString","coordinates":[[100.582279,14.128783],[100.582305,14.128555]]},"properties":{"@id":"way/1038812613","bridge":"yes","electrified":"no","gauge":"1000","layer":"1","operator":"การรถไฟแห่งประเทศไทย","railway":"rail","railway:etcs":"1","usage":"main"},"id":"way/1038812613"},{"type":"Feature","geometry":{"type":"LineString","coordinates":[[100.586099,14.096208],[100.584032,14.113682],[100.582271,14.128546]]},"properties":{"@id":"way/1038951399","electrified":"no","gauge":"1000","operator":"การรถไฟแห่งประเทศไทย","passenger_lines":"2","railway":"rail","railway:etcs":"1","source":"GPS","usage":"main"},"id":"way/1038951399"},{"type":"Feature","geometry":{"type":"LineString","coordinates":[[100.58611,14.096099],[100.586099,14.096208]]},"properties":{"@id":"way/1038951400","bridge":"yes","electrified":"no","gauge":"1000","layer":"1","operator":"การรถไฟแห่งประเทศไทย","passenger_lines":"2","railway":"rail","railway:etcs":"1","source":"GPS","usage":"main"},"id":"way/1038951400"},{"type":"Feature","geometry":{"type":"LineString","coordinates":[[100.607726,13.567706],[100.611553,13.559593],[100.611671,13.55935],[100.61231,13.558016]]},"properties":{"@id":"way/1039086310","bridge":"viaduct","colour":"#76B729","electrified":"rail","frequency":"0","gauge":"1435","layer":"3","maxspeed":"80","name":"รถไฟฟ้าบีทีเอส สายสุขุมวิท","name:en":"BTS Sukhumvit Line","name:th":"รถไฟฟ้าบีทีเอส สายสุขุมวิท","network":"BTS","official_name":"รถไฟฟ้าเฉลิมพระเกียรติ 6 รอบพระชนมพรรษา สาย 1","operator":"กรุงเทพธนาคม","railway":"subway","railway:cbtc":"sto","tracks":"2","usage":"main","voltage":"750","wikipedia:en":"en:BTS Skytrain","wikipedia:th":"th:รถไฟฟ้าบีทีเอส สายสุขุมวิท"},"id":"way/1039086310"},{"type":"Feature","geometry":{"type":"LineString","coordinates":[[100.591846,14.058217],[100.592286,14.055391],[100.592542,14.053744],[100.592947,14.051064],[100.593026,14.050573],[100.593093,14.050241],[100.593167,14.049837],[100.593226,14.049538],[100.593297,14.049192],[100.593371,14.048815],[100.593602,14.047697],[100.593818,14.046542],[100.594545,14.042961],[100.59577,14.036948],[100.597157,14.029994],[100.597208,14.029754],[100.597273,14.029468],[100.597321,14.029202],[100.597388,14.02876],[100.597917,14.024594],[100.598659,14.018657]]},"properties":{"@id":"way/1039115473","electrified":"no","gauge":"1000","name":"ทางรถไฟสายเหนือ/ตะวันออกฉียงเหนือ","oneway":"yes","operator":"การรถไฟแห่งประเทศไทย","railway":"rail","railway:etcs":"1","usage":"main"},"id":"way/1039115473"},{"type":"Feature","geometry":{"type":"LineString","coordinates":[[100.601292,13.997182],[100.600514,14.003478],[100.600066,14.007084],[100.599638,14.010545],[100.598642,14.018481]]},"properties":{"@id":"way/1039115474","electrified":"no","gauge":"1000","level":"0","name":"ทางรถไฟสายเหนือ/ตะวันออกฉียงเหนือ","oneway":"yes","opening_date":"2021","operator":"การรถไฟแห่งประเทศไทย","passenger_lines":"2","railway":"rail","railway:etcs":"1","source":"GPS","tracks":"1","usage":"main"},"id":"way/1039115474"},{"type":"Feature","geometry":{"type":"LineString","coordinates":[[100.598642,14.018481],[100.598623,14.018641]]},"properties":{"@id":"way/1039115475","bridge":"yes","electrified":"no","gauge":"1000","layer":"1","oneway":"yes","operator":"การรถไฟแห่งประเทศไทย","passenger_lines":"2","railway":"rail","railway:etcs":"1","source":"GPS","usage":"main"},"id":"way/1039115475"},{"type":"Feature","geometry":{"type":"LineString","coordinates":[[100.586136,14.096214],[100.586148,14.096106]]},"properties":{"@id":"way/1039115477","bridge":"yes","electrified":"no","gauge":"1000","layer":"1","operator":"การรถไฟแห่งประเทศไทย","railway":"rail","railway:etcs":"1"},"id":"way/1039115477"},{"type":"Feature","geometry":{"type":"LineString","coordinates":[[100.586148,14.096106],[100.586817,14.090526],[100.586854,14.09023],[100.586894,14.089943],[100.586946,14.089624],[100.58792,14.083408],[100.588464,14.079907],[100.588519,14.079547],[100.588549,14.07934],[100.588657,14.078628],[100.590252,14.068475],[100.59102,14.063502],[100.591295,14.061712]]},"properties":{"@id":"way/1039115480","electrified":"no","gauge":"1000","operator":"การรถไฟแห่งประเทศไทย","railway":"rail","railway:etcs":"1"},"id":"way/1039115480"},{"type":"Feature","geometry":{"type":"LineString","coordinates":[[100.591295,14.061712],[100.59139,14.061142]]},"properties":{"@id":"way/1039115481","bridge":"yes","electrified":"no","gauge":"1000","layer":"1","operator":"การรถไฟแห่งประเทศไทย","railway":"rail","railway:etcs":"1"},"id":"way/1039115481"},{"type":"Feature","geometry":{"type":"LineString","coordinates":[[100.591445,14.061155],[100.591609,14.060097],[100.591896,14.058275],[100.593004,14.051246],[100.593103,14.0506],[100.593237,14.049766],[100.593793,14.046954],[100.593854,14.046661],[100.593953,14.046135],[100.594055,14.045612],[100.594566,14.043095],[100.597327,14.029491],[100.597396,14.029113],[100.597469,14.028651],[100.597555,14.028123],[100.598352,14.021784],[100.59873,14.018657]]},"properties":{"@id":"way/1039131339","electrified":"no","gauge":"1000","name":"ทางรถไฟสายเหนือ/ตะวันออกฉียงเหนือ","operator":"การรถไฟแห่งประเทศไทย","railway":"rail","railway:etcs":"1","usage":"main"},"id":"way/1039131339"},{"type":"Feature","geometry":{"type":"LineString","coordinates":[[100.58309,14.122656],[100.583335,14.120457],[100.583635,14.117984],[100.583918,14.115554],[100.584139,14.113696],[100.585223,14.104635],[100.586206,14.096235]]},"properties":{"@id":"way/1039131340","electrified":"no","gauge":"1000","operator":"การรถไฟแห่งประเทศไทย","railway":"rail","railway:etcs":"1","usage":"main"},"id":"way/1039131340"},{"type":"Feature","geometry":{"type":"LineString","coordinates":[[100.586206,14.096235],[100.586224,14.096098]]},"properties":{"@id":"way/1039131341","bridge":"yes","electrified":"no","gauge":"1000","layer":"1","operator":"การรถไฟแห่งประเทศไทย","railway":"rail","railway:etcs":"1"},"id":"way/1039131341"},{"type":"Feature","geometry":{"type":"LineString","coordinates":[[100.586224,14.096098],[100.586942,14.090115],[100.58701,14.089678],[100.58713,14.088916],[100.588586,14.079563],[100.588592,14.079527],[100.589079,14.0764],[100.591357,14.061723]]},"properties":{"@id":"way/1039131342","electrified":"no","gauge":"1000","operator":"การรถไฟแห่งประเทศไทย","railway":"rail","railway:etcs":"1"},"id":"way/1039131342"},{"type":"Feature","geometry":{"type":"LineString","coordinates":[[100.591357,14.061723],[100.591445,14.061155]]},"properties":{"@id":"way/1039131343","bridge":"yes","electrified":"no","gauge":"1000","layer":"1","operator":"การรถไฟแห่งประเทศไทย","railway":"rail","railway:etcs":"1"},"id":"way/1039131343"},{"type":"Feature","geometry":{"type":"LineString","coordinates":[[100.598753,14.018467],[100.599156,14.015249],[100.599773,14.010448],[100.599825,14.009884],[100.59983,14.009274]]},"properties":{"@id":"way/1039131344","electrified":"no","gauge":"1000","name":"ทางรถไฟสายเหนือ/ตะวันออกเฉียงเหนือ","operator":"การรถไฟแห่งประเทศไทย","railway":"rail","railway:etcs":"1","usage":"main"},"id":"way/1039131344"},{"type":"Feature","geometry":{"type":"LineString","coordinates":[[100.59873,14.018657],[100.598753,14.018467]]},"properties":{"@id":"way/1039131345","bridge":"yes","electrified":"no","gauge":"1000","layer":"1","operator":"การรถไฟแห่งประเทศไทย","railway":"rail","railway:etcs":"1","usage":"main"},"id":"way/1039131345"},{"type":"Feature","geometry":{"type":"LineString","coordinates":[[100.598681,14.018474],[100.59983,14.009274],[100.60128,13.997776],[100.601539,13.995949]]},"properties":{"@id":"way/1039131347","electrified":"no","gauge":"1000","name":"ทางรถไฟสายเหนือ/ตะวันออกเฉียงเหนือ","oneway":"yes","operator":"การรถไฟแห่งประเทศไทย","railway":"rail","railway:etcs":"1","tracks":"1","usage":"main"},"id":"way/1039131347"},{"type":"Feature","geometry":{"type":"LineString","coordinates":[[100.598659,14.018657],[100.598681,14.018474]]},"properties":{"@id":"way/1039131348","bridge":"yes","electrified":"no","gauge":"1000","layer":"1","oneway":"yes","operator":"การรถไฟแห่งประเทศไทย","railway":"rail","railway:etcs":"1","usage":"main"},"id":"way/1039131348"},{"type":"Feature","geometry":{"type":"LineString","coordinates":[[100.60237,13.989172],[100.60254,13.987796],[100.602565,13.987503],[100.602648,13.986546],[100.603367,13.980825]]},"properties":{"@id":"way/1041853829","electrified":"no","gauge":"1000","level":"0","name":"ทางรถไฟสายเหนือ/ตะวันออกเฉียงเหนือ","oneway":"yes","opening_date":"2021","operator":"การรถไฟแห่งประเทศไทย","railway":"rail","railway:etcs":"1","railway:track_ref":"7","source":"GPS","train":"yes","usage":"main"},"id":"way/1041853829"},{"type":"Feature","geometry":{"type":"LineString","coordinates":[[100.603367,13.980825],[100.603416,13.980439]]},"properties":{"@id":"way/1041853830","bridge":"yes","electrified":"no","gauge":"1000","layer":"1","name":"ทางรถไฟสายเหนือ/ตะวันออกเฉียงเหนือ","oneway":"yes","opening_date":"2021","operator":"การรถไฟแห่งประเทศไทย","railway":"rail","railway:etcs":"1","source":"GPS","train":"yes","usage":"main"},"id":"way/1041853830"},{"type":"Feature","geometry":{"type":"LineString","coordinates":[[100.607677,13.94631],[100.607685,13.946006],[100.607703,13.945696],[100.607712,13.945509],[100.607738,13.945262],[100.608112,13.942213],[100.608545,13.938749],[100.608577,13.938477],[100.608611,13.938158],[100.608634,13.937906],[100.608657,13.937537],[100.608686,13.937069],[100.608696,13.936724],[100.608694,13.936258],[100.608682,13.935922],[100.608648,13.935507],[100.608599,13.935085],[100.608487,13.934417],[100.608393,13.933951],[100.608332,13.933706],[100.608262,13.933431],[100.608135,13.932993],[100.608096,13.932877],[100.608027,13.932668],[100.607862,13.932227],[100.607712,13.931847],[100.607556,13.931511],[100.60731,13.931014],[100.607016,13.930461],[100.606645,13.929805],[100.601995,13.921559],[100.601716,13.921061],[100.601297,13.920311],[100.600652,13.919157],[100.598916,13.916078],[100.598833,13.91593],[100.592959,13.90549],[100.584506,13.890467]]},"properties":{"@id":"way/1041858296","electrified":"no","gauge":"1000","name":"ทางรถไฟสายเหนือ/ตะวันออกเฉียงเหนือเดิม","name:en":"Former North/North East Railway","name:th":"ทางรถไฟสายเหนือ/ตะวันออกเฉียงเหนือเดิม","oneway":"yes","operator":"การรถไฟแห่งประเทศไทย","railway":"rail","railway:etcs":"1","usage":"branch"},"id":"way/1041858296"},{"type":"Feature","geometry":{"type":"LineString","coordinates":[[100.607623,13.947041],[100.607656,13.946474]]},"properties":{"@id":"way/1041858297","electrified":"no","gauge":"1000","oneway":"yes","railway":"rail","service":"crossover","usage":"main"},"id":"way/1041858297"},{"type":"Feature","geometry":{"type":"LineString","coordinates":[[100.607399,13.948462],[100.607353,13.948773],[100.60707,13.950501],[100.607035,13.95074],[100.606655,13.953711]]},"properties":{"@id":"way/1041858300","electrified":"no","gauge":"1000","name":"ทางรถไฟสายเหนือ/ตะวันออกเฉียงเหนือ","oneway":"yes","operator":"การรถไฟแห่งประเทศไทย","passenger_lines":"2","railway":"rail","railway:etcs":"1","source":"GPS","usage":"main"},"id":"way/1041858300"},{"type":"Feature","geometry":{"type":"LineString","coordinates":[[100.607422,13.948326],[100.607399,13.948462]]},"properties":{"@id":"way/1041858301","bridge":"yes","electrified":"no","gauge":"1000","layer":"1","name":"ทางรถไฟสายเหนือ/ตะวันออกเฉียงเหนือ","oneway":"yes","operator":"การรถไฟแห่งประเทศไทย","passenger_lines":"2","railway":"rail","railway:etcs":"1","source":"GPS","usage":"main"},"id":"way/1041858301"},{"type":"Feature","geometry":{"type":"LineString","coordinates":[[100.60746,13.948339],[100.607473,13.948259],[100.607524,13.947844],[100.607623,13.947041]]},"properties":{"@id":"way/1041858302","electrified":"no","gauge":"1000","name":"ทางรถไฟสายเหนือ/ตะวันออกเฉียงเหนือ","oneway":"yes","opening_date":"2021","operator":"การรถไฟแห่งประเทศไทย","railway":"rail","railway:etcs":"1","source":"GPS","tracks":"1","train":"yes","usage":"main"},"id":"way/1041858302"},{"type":"Feature","geometry":{"type":"LineString","coordinates":[[100.607442,13.948472],[100.60746,13.948339]]},"properties":{"@id":"way/1041858303","bridge":"yes","electrified":"no","gauge":"1000","layer":"1","name":"ทางรถไฟสายเหนือ/ตะวันออกเฉียงเหนือ","oneway":"yes","opening_date":"2021","operator":"การรถไฟแห่งประเทศไทย","railway":"rail","railway:etcs":"1","source":"GPS","tracks":"1","train":"yes","usage":"main"},"id":"way/1041858303"},{"type":"Feature","geometry":{"type":"LineString","coordinates":[[100.601995,13.921559],[100.60184,13.921348]]},"properties":{"@id":"way/1041902561","railway":"rail"},"id":"way/1041902561"},{"type":"Feature","geometry":{"type":"LineString","coordinates":[[100.601816,13.921304],[100.601716,13.921061]]},"properties":{"@id":"way/1041902562","railway":"rail"},"id":"way/1041902562"},{"type":"Feature","geometry":{"type":"LineString","coordinates":[[100.584444,13.890357],[100.583416,13.888535],[100.583374,13.88846],[100.581212,13.884619],[100.58109,13.88441],[100.580736,13.883747],[100.57672,13.876569],[100.57392,13.871568],[100.571274,13.86666],[100.571116,13.866367],[100.568989,13.862422]]},"properties":{"@id":"way/1042346305","electrified":"no","gauge":"1000","name":"ทางรถไฟสายเหนือ/ตะวันออกเฉียงเหนือเดิม","name:en":"Former North/North East Railway","name:th":"ทางรถไฟสายเหนือ/ตะวันออกเฉียงเหนือเดิม","operator":"การรถไฟแห่งประเทศไทย","railway":"rail","railway:etcs":"1","usage":"branch"},"id":"way/1042346305"},{"type":"Feature","geometry":{"type":"LineString","coordinates":[[100.584506,13.890467],[100.584469,13.890402],[100.584444,13.890357]]},"properties":{"@id":"way/1042346306","bridge":"yes","electrified":"no","gauge":"1000","layer":"1","name":"ทางรถไฟสายเหนือ/ตะวันออกเฉียงเหนือเดิม","name:en":"Former North/North East Railway","name:th":"ทางรถไฟสายเหนือ/ตะวันออกเฉียงเหนือเดิม","operator":"การรถไฟแห่งประเทศไทย","railway":"rail","railway:etcs":"1","usage":"branch"},"id":"way/1042346306"},{"type":"Feature","geometry":{"type":"LineString","coordinates":[[100.732674,13.808402],[100.733018,13.807683]]},"properties":{"@id":"way/1046912342","bridge":"viaduct","check_date":"2023-11-20","colour":"#EDA0C2","electrified":"rail","frequency":"0","layer":"2","maxspeed":"80","name":"รถไฟฟ้ามหานคร สายสีชมพู","name:en":"MRT Pink Line","name:th":"รถไฟฟ้ามหานคร สายสีชมพู","opening_date":"2023-11-21","operator":"นอร์ทเทิร์นบางกอกโมโนเรล","railway":"monorail","railway:cbtc":"uto","tracks":"2","voltage":"750","wikidata":"Q6584557","wikipedia":"en:Pink Line (Bangkok)"},"id":"way/1046912342"},{"type":"Feature","geometry":{"type":"LineString","coordinates":[[100.559186,13.844241],[100.556265,13.838798],[100.556216,13.838706],[100.550394,13.827891]]},"properties":{"@id":"way/1049680245","electrified":"no","gauge":"1000","level":"0","name":"ทางรถไฟสายเหนือ/ตะวันออกเฉียงเหนือเดิม","name:en":"Former North/North East Railway","name:th":"ทางรถไฟสายเหนือ/ตะวันออกเฉียงเหนือเดิม","operator":"การรถไฟแห่งประเทศไทย","railway":"rail","railway:etcs":"1","usage":"branch"},"id":"way/1049680245"},{"type":"Feature","geometry":{"type":"LineString","coordinates":[[100.568989,13.862422],[100.566903,13.858554],[100.56625,13.857339],[100.565605,13.856144],[100.565254,13.855504]]},"properties":{"@id":"way/1049680246","electrified":"no","gauge":"1000","name":"ทางรถไฟสายเหนือ/ตะวันออกเฉียงเหนือเดิม","name:en":"Former North/North East Railway","name:th":"ทางรถไฟสายเหนือ/ตะวันออกเฉียงเหนือเดิม","operator":"การรถไฟแห่งประเทศไทย","railway":"rail","railway:etcs":"1","usage":"branch"},"id":"way/1049680246"},{"type":"Feature","geometry":{"type":"LineString","coordinates":[[100.565254,13.855504],[100.565129,13.855273]]},"properties":{"@id":"way/1049680247","bridge":"yes","electrified":"no","gauge":"1000","layer":"1","name":"ทางรถไฟสายเหนือ/ตะวันออกเฉียงเหนือเดิม","name:en":"Former North/North East Railway","name:th":"ทางรถไฟสายเหนือ/ตะวันออกเฉียงเหนือเดิม","operator":"การรถไฟแห่งประเทศไทย","railway":"rail","railway:etcs":"1","usage":"branch"},"id":"way/1049680247"},{"type":"Feature","geometry":{"type":"LineString","coordinates":[[100.559207,13.844344],[100.56062,13.847],[100.560994,13.847684],[100.561103,13.847881],[100.563401,13.852131],[100.565151,13.855367]]},"properties":{"@id":"way/1049680248","electrified":"no","gauge":"1000","maxspeed":"120","name":"ทางรถไฟสายเหนือ/ตะวันออกเฉียงเหนือเดิม","name:en":"Former North/North East Railway","name:th":"ทางรถไฟสายเหนือ/ตะวันออกเฉียงเหนือเดิม","operator":"การรถไฟแห่งประเทศไทย","passenger_lines":"2","railway":"rail","railway:etcs":"1","source":"GPS","usage":"branch"},"id":"way/1049680248"},{"type":"Feature","geometry":{"type":"LineString","coordinates":[[100.559156,13.844246],[100.559207,13.844344]]},"properties":{"@id":"way/1049680249","bridge":"yes","electrified":"no","gauge":"1000","layer":"1","maxspeed":"120","name":"ทางรถไฟสายเหนือ/ตะวันออกเฉียงเหนือเดิม","name:en":"Former North/North East Railway","name:th":"ทางรถไฟสายเหนือ/ตะวันออกเฉียงเหนือเดิม","operator":"การรถไฟแห่งประเทศไทย","passenger_lines":"2","railway":"rail","railway:etcs":"1","source":"GPS","usage":"branch"},"id":"way/1049680249"},{"type":"Feature","geometry":{"type":"LineString","coordinates":[[100.565129,13.855273],[100.564928,13.854891],[100.56423,13.853587],[100.56342,13.852064],[100.562612,13.850584],[100.561844,13.849173],[100.561136,13.847863],[100.561025,13.847669],[100.559239,13.844336]]},"properties":{"@id":"way/1049680250","electrified":"no","gauge":"1000","name":"ทางรถไฟสายเหนือ/ตะวันออกเฉียงเหนือเดิม","name:en":"Former North/North East Railway","name:th":"ทางรถไฟสายเหนือ/ตะวันออกเฉียงเหนือเดิม","operator":"การรถไฟแห่งประเทศไทย","railway":"rail","railway:etcs":"1","usage":"branch"},"id":"way/1049680250"},{"type":"Feature","geometry":{"type":"LineString","coordinates":[[100.559239,13.844336],[100.559186,13.844241]]},"properties":{"@id":"way/1049680251","bridge":"yes","electrified":"no","gauge":"1000","layer":"1","name":"ทางรถไฟสายเหนือ/ตะวันออกเฉียงเหนือเดิม","name:en":"Former North/North East Railway","name:th":"ทางรถไฟสายเหนือ/ตะวันออกเฉียงเหนือเดิม","operator":"การรถไฟแห่งประเทศไทย","railway":"rail","railway:etcs":"1","usage":"branch"},"id":"way/1049680251"},{"type":"Feature","geometry":{"type":"LineString","coordinates":[[100.523492,13.832385],[100.524789,13.8313]]},"properties":{"@id":"way/1050570873","bridge":"viaduct","layer":"3","railway":"subway","usage":"branch"},"id":"way/1050570873"},{"type":"Feature","geometry":{"type":"LineString","coordinates":[[100.525147,13.830914],[100.524789,13.8313]]},"properties":{"@id":"way/1050570874","bridge":"viaduct","layer":"3","railway":"subway","service":"crossover","usage":"branch"},"id":"way/1050570874"},{"type":"Feature","geometry":{"type":"LineString","coordinates":[[100.524789,13.8313],[100.525231,13.831003]]},"properties":{"@id":"way/1050570875","bridge":"viaduct","layer":"3","railway":"subway","service":"crossover","usage":"branch"},"id":"way/1050570875"},{"type":"Feature","geometry":{"type":"LineString","coordinates":[[100.523492,13.832385],[100.523154,13.832582]]},"properties":{"@id":"way/1050570876","bridge":"viaduct","layer":"3","railway":"subway","service":"crossover","usage":"branch"},"id":"way/1050570876"},{"type":"Feature","geometry":{"type":"LineString","coordinates":[[100.523237,13.832672],[100.523492,13.832385]]},"properties":{"@id":"way/1050570877","bridge":"viaduct","layer":"3","railway":"subway","service":"crossover","usage":"branch"},"id":"way/1050570877"},{"type":"Feature","geometry":{"type":"LineString","coordinates":[[100.473135,13.731245],[100.473497,13.730534]]},"properties":{"@id":"way/1054370117","alt_name":"รถไฟฟ้า MRT สายสีน้ำเงิน","bridge":"viaduct","colour":"blue","electrified":"rail","frequency":"0","gauge":"1435","layer":"4","maxspeed":"80","name":"รถไฟฟ้ามหานคร สายสีน้ำเงิน","name:en":"MRT Blue Line","name:th":"รถไฟฟ้ามหานคร สายสีน้ำเงิน","network":"MRT","official_name":"รถไฟฟ้ามหานคร สายเฉลิมรัชมงคล","official_name:en":"MRT Chaloem Ratchamongkhon Line","operator":"ทางด่วนและรถไฟฟ้ากรุงเทพ","railway":"subway","railway:atc":"yes","ref":"BL","usage":"main","voltage":"750"},"id":"way/1054370117"},{"type":"Feature","geometry":{"type":"LineString","coordinates":[[101.012603,14.591708],[100.999488,14.584764],[100.984009,14.576298],[100.98289,14.575678],[100.982021,14.575097],[100.961401,14.554589],[100.959714,14.552994],[100.958039,14.551876],[100.928482,14.535464],[100.927166,14.534523],[100.926,14.533366],[100.925183,14.532183],[100.924295,14.530943],[100.924018,14.530589],[100.923752,14.530249],[100.923471,14.529922],[100.923087,14.529522],[100.922725,14.529216],[100.922323,14.528917],[100.921859,14.528639],[100.921322,14.52838],[100.920721,14.528143],[100.920104,14.527959],[100.919469,14.527832],[100.91879,14.527749],[100.83341,14.519526],[100.832171,14.519401],[100.831227,14.51924],[100.830197,14.51896],[100.828931,14.518565],[100.827643,14.518077],[100.826646,14.517578],[100.82554,14.516914],[100.756195,14.473313],[100.753444,14.471599],[100.753351,14.471541],[100.749006,14.468872],[100.728981,14.456156],[100.719931,14.450753],[100.717539,14.449288],[100.713875,14.446784],[100.70784,14.442862],[100.686886,14.429729],[100.680465,14.425609],[100.679628,14.425106],[100.678684,14.42455],[100.677697,14.424056],[100.648769,14.411001],[100.646085,14.409789],[100.644958,14.409239],[100.643515,14.408501],[100.639732,14.406517],[100.593224,14.382257],[100.592512,14.381863],[100.591921,14.381492],[100.591345,14.381058],[100.590786,14.380588],[100.5902,14.37999],[100.589802,14.379481],[100.589424,14.378913],[100.589098,14.378329],[100.588848,14.377824],[100.588598,14.377195],[100.588385,14.376498],[100.587827,14.374104],[100.587467,14.372573],[100.587202,14.371809],[100.586809,14.370927],[100.583778,14.364899],[100.583426,14.364082],[100.583119,14.363196],[100.582994,14.362622],[100.582904,14.362054],[100.582851,14.361517],[100.582829,14.360902],[100.582837,14.360227],[100.583071,14.355356],[100.583124,14.35435],[100.583236,14.353477],[100.583399,14.352735],[100.584576,14.348137],[100.584767,14.347445],[100.584896,14.346872],[100.584967,14.346313],[100.584988,14.345864],[100.584969,14.345347],[100.584913,14.344805],[100.584826,14.344323],[100.582903,14.336001],[100.582708,14.335066],[100.582604,14.334189],[100.582596,14.333298],[100.582649,14.332402],[100.583354,14.3264],[100.588826,14.279814],[100.588946,14.27848],[100.589049,14.276122],[100.589033,14.274731],[100.588897,14.273483],[100.587631,14.262363],[100.586772,14.255185],[100.585939,14.248089],[100.584796,14.238702],[100.583623,14.229091],[100.583143,14.225207],[100.582792,14.222184],[100.582229,14.217764],[100.582048,14.216028],[100.581235,14.209329],[100.579968,14.201983],[100.57696,14.176652],[100.576837,14.175318],[100.576794,14.174219],[100.576842,14.172991],[100.577008,14.171574],[100.581413,14.133899],[100.581571,14.132592],[100.586621,14.090895],[100.586772,14.08972],[100.586954,14.088373],[100.591106,14.061733],[100.59382,14.045367],[100.59412,14.043761],[100.596947,14.030147],[100.597194,14.028906],[100.597361,14.027769],[100.59919,14.012196]]},"properties":{"@id":"way/1089365831","check_date":"2026-01-22","construction":"rail","construction:electrified":"contact_line","construction:frequency":"50","construction:railway":"rail","construction:voltage":"25000","electrified":"contact_line","gauge":"1435","highspeed":"yes","maxspeed":"250","name":"รถไฟความเร็วสูง สายกรุงเทพฯ-นครราชสีมา","name:en":"Bangkok-Nakhon Ratchasima High-speed rail","name:th":"รถไฟความเร็วสูง สายกรุงเทพฯ-นครราชสีมา","operator":"การรถไฟแห่งประเทศไทย","railway":"construction","railway:ctcs":"2","usage":"main"},"id":"way/1089365831"},{"type":"Feature","geometry":{"type":"LineString","coordinates":[[100.473497,13.730534],[100.473966,13.729609]]},"properties":{"@id":"way/1104620351","alt_name":"รถไฟฟ้า MRT สายสีน้ำเงิน","bridge":"viaduct","electrified":"rail","frequency":"0","gauge":"1435","layer":"4","maxspeed":"80","name":"รถไฟฟ้ามหานคร สายสีน้ำเงิน","name:en":"MRT Blue Line","name:th":"รถไฟฟ้ามหานคร สายสีน้ำเงิน","network":"MRT","official_name":"รถไฟฟ้ามหานคร สายเฉลิมรัชมงคล","official_name:en":"MRT Chaloem Ratchamongkhon Line","operator":"ทางด่วนและรถไฟฟ้ากรุงเทพ","railway":"subway","railway:atc":"yes","ref":"BL","usage":"main","voltage":"750"},"id":"way/1104620351"},{"type":"Feature","geometry":{"type":"LineString","coordinates":[[100.450945,13.780471],[100.452139,13.779513],[100.45241,13.779296],[100.454616,13.777532],[100.455011,13.777213]]},"properties":{"@id":"way/1117294956","electrified":"no","gauge":"1000","name":"ทางรถไฟสายใต้","name:en":"Southern Line","operator":"การรถไฟแห่งประเทศไทย","passenger_lines":"1","railway":"rail","source":"Yahoo! Image","usage":"main"},"id":"way/1117294956"},{"type":"Feature","geometry":{"type":"LineString","coordinates":[[100.45066,13.780699],[100.450945,13.780471]]},"properties":{"@id":"way/1117294957","bridge":"yes","electrified":"no","gauge":"1000","layer":"1","name":"ทางรถไฟสายใต้","name:en":"Southern Line","operator":"การรถไฟแห่งประเทศไทย","passenger_lines":"1","railway":"rail","source":"Yahoo! Image","usage":"main"},"id":"way/1117294957"},{"type":"Feature","geometry":{"type":"LineString","coordinates":[[101.111527,13.896369],[101.111594,13.896687]]},"properties":{"@id":"way/1131075272","bridge":"yes","electrified":"no","gauge":"1000","layer":"1","operator":"การรถไฟแห่งประเทศไทย","passenger_lines":"1","railway":"rail","railway:etcs":"1","usage":"main"},"id":"way/1131075272"},{"type":"Feature","geometry":{"type":"LineString","coordinates":[[101.107198,13.875571],[101.10845,13.881646],[101.110765,13.892871],[101.111527,13.896369]]},"properties":{"@id":"way/1131075273","electrified":"no","gauge":"1000","operator":"การรถไฟแห่งประเทศไทย","passenger_lines":"1","railway":"rail","railway:etcs":"1","usage":"main"},"id":"way/1131075273"},{"type":"Feature","geometry":{"type":"LineString","coordinates":[[101.105683,13.585045],[101.105567,13.584434]]},"properties":{"@id":"way/1131076103","bridge":"yes","electrified":"no","gauge":"1000","layer":"1","name":"ทางรถไฟสายตะวันออก","name:th":"ทางรถไฟสายตะวันออก","oneway":"no","passenger_lines":"2","railway":"rail","railway:etcs":"1","ref":"ตะวันออก","usage":"main"},"id":"way/1131076103"},{"type":"Feature","geometry":{"type":"LineString","coordinates":[[101.110804,13.610614],[101.108878,13.601003],[101.105683,13.585045]]},"properties":{"@id":"way/1131076104","electrified":"no","gauge":"1000","name":"ทางรถไฟสายตะวันออก","name:th":"ทางรถไฟสายตะวันออก","oneway":"no","passenger_lines":"2","railway":"rail","railway:etcs":"1","ref":"ตะวันออก","usage":"main"},"id":"way/1131076104"},{"type":"Feature","geometry":{"type":"LineString","coordinates":[[101.111586,13.896335],[101.111665,13.896691]]},"properties":{"@id":"way/1131081138","bridge":"yes","electrified":"no","gauge":"1000","layer":"1","operator":"การรถไฟแห่งประเทศไทย","passenger_lines":"1","railway":"rail","railway:etcs":"1","usage":"main"},"id":"way/1131081138"},{"type":"Feature","geometry":{"type":"LineString","coordinates":[[101.107278,13.875557],[101.108528,13.881646],[101.110842,13.892858],[101.111586,13.896335]]},"properties":{"@id":"way/1131081139","electrified":"no","gauge":"1000","operator":"การรถไฟแห่งประเทศไทย","passenger_lines":"1","railway":"rail","railway:etcs":"1","usage":"main"},"id":"way/1131081139"},{"type":"Feature","geometry":{"type":"LineString","coordinates":[[101.087286,13.49336],[101.087257,13.493209],[101.086255,13.487945],[101.084003,13.476969]]},"properties":{"@id":"way/1131090956","electrified":"no","gauge":"1000","name":"ทางรถไฟสายตะวันออก","name:th":"ทางรถไฟสายตะวันออก","oneway":"no","passenger_lines":"2","railway":"rail","railway:etcs":"1","ref":"ตะวันออก","usage":"main"},"id":"way/1131090956"},{"type":"Feature","geometry":{"type":"LineString","coordinates":[[101.087324,13.493571],[101.087286,13.49336]]},"properties":{"@id":"way/1131090957","bridge":"yes","electrified":"no","gauge":"1000","layer":"1","name":"ทางรถไฟสายตะวันออก","name:th":"ทางรถไฟสายตะวันออก","oneway":"no","passenger_lines":"2","railway":"rail","railway:etcs":"1","ref":"ตะวันออก","usage":"main"},"id":"way/1131090957"},{"type":"Feature","geometry":{"type":"LineString","coordinates":[[101.105797,13.585029],[101.105661,13.584429]]},"properties":{"@id":"way/1131090958","bridge":"yes","electrified":"no","gauge":"1000","layer":"1","name":"ทางรถไฟสายตะวันออก","name:th":"ทางรถไฟสายตะวันออก","oneway":"no","passenger_lines":"2","railway":"rail","railway:etcs":"1","ref":"ตะวันออก","usage":"main"},"id":"way/1131090958"},{"type":"Feature","geometry":{"type":"LineString","coordinates":[[101.110925,13.610591],[101.108998,13.600986],[101.105797,13.585029]]},"properties":{"@id":"way/1131090959","electrified":"no","gauge":"1000","name":"ทางรถไฟสายตะวันออก","name:th":"ทางรถไฟสายตะวันออก","oneway":"no","passenger_lines":"2","railway":"rail","railway:etcs":"1","ref":"ตะวันออก","usage":"main"},"id":"way/1131090959"},{"type":"Feature","geometry":{"type":"LineString","coordinates":[[100.968908,13.706773],[100.969065,13.706753]]},"properties":{"@id":"way/1131091297","bridge":"yes","electrified":"no","gauge":"1000","layer":"1","name":"ทางรถไฟสายตะวันออก","name:th":"ทางรถไฟสายตะวันออก","operator":"การรถไฟแห่งประเทศไทย","passenger_lines":"2","railway":"rail","railway:etcs":"1","ref":"ตะวันออก","usage":"main","wikipedia":"en:State Railway of Thailand#Eastern Line"},"id":"way/1131091297"},{"type":"Feature","geometry":{"type":"LineString","coordinates":[[100.957687,13.708199],[100.966566,13.70707],[100.967849,13.706907],[100.968908,13.706773]]},"properties":{"@id":"way/1131091298","electrified":"no","gauge":"1000","name":"ทางรถไฟสายตะวันออก","name:th":"ทางรถไฟสายตะวันออก","operator":"การรถไฟแห่งประเทศไทย","passenger_lines":"2","railway":"rail","railway:etcs":"1","ref":"ตะวันออก","usage":"main","wikipedia":"en:State Railway of Thailand#Eastern Line"},"id":"way/1131091298"},{"type":"Feature","geometry":{"type":"LineString","coordinates":[[100.969065,13.706753],[100.973021,13.706252],[100.991374,13.703996],[100.992504,13.703857],[100.995129,13.70348],[101.000774,13.702797]]},"properties":{"@id":"way/1131091299","electrified":"no","gauge":"1000","name":"ทางรถไฟสายตะวันออก","name:th":"ทางรถไฟสายตะวันออก","operator":"การรถไฟแห่งประเทศไทย","passenger_lines":"2","railway":"rail","railway:etcs":"1","ref":"ตะวันออก","usage":"main","wikipedia":"en:State Railway of Thailand#Eastern Line"},"id":"way/1131091299"},{"type":"Feature","geometry":{"type":"LineString","coordinates":[[100.957563,13.708215],[100.957687,13.708199]]},"properties":{"@id":"way/1131091300","bridge":"yes","electrified":"no","gauge":"1000","layer":"1","name":"ทางรถไฟสายตะวันออก","name:th":"ทางรถไฟสายตะวันออก","operator":"การรถไฟแห่งประเทศไทย","passenger_lines":"2","railway":"rail","railway:etcs":"1","ref":"ตะวันออก","usage":"main","wikipedia":"en:State Railway of Thailand#Eastern Line"},"id":"way/1131091300"},{"type":"Feature","geometry":{"type":"LineString","coordinates":[[100.90136,13.715227],[100.901763,13.715177]]},"properties":{"@id":"way/1131091301","bridge":"yes","electrified":"no","gauge":"1000","layer":"1","name":"ทางรถไฟสายตะวันออก","name:th":"ทางรถไฟสายตะวันออก","operator":"การรถไฟแห่งประเทศไทย","passenger_lines":"2","railway":"rail","railway:etcs":"1","ref":"ตะวันออก","usage":"main","wikipedia":"en:State Railway of Thailand#Eastern Line"},"id":"way/1131091301"},{"type":"Feature","geometry":{"type":"LineString","coordinates":[[100.883353,13.717473],[100.896913,13.715786],[100.899119,13.715511],[100.90136,13.715227]]},"properties":{"@id":"way/1131091302","electrified":"no","gauge":"1000","name":"ทางรถไฟสายตะวันออก","name:th":"ทางรถไฟสายตะวันออก","operator":"การรถไฟแห่งประเทศไทย","passenger_lines":"2","railway":"rail","railway:etcs":"1","ref":"ตะวันออก","usage":"main","wikipedia":"en:State Railway of Thailand#Eastern Line"},"id":"way/1131091302"},{"type":"Feature","geometry":{"type":"LineString","coordinates":[[100.882816,13.717541],[100.883353,13.717473]]},"properties":{"@id":"way/1131091303","bridge":"yes","electrified":"no","gauge":"1000","layer":"1","name":"ทางรถไฟสายตะวันออก","name:th":"ทางรถไฟสายตะวันออก","operator":"การรถไฟแห่งประเทศไทย","passenger_lines":"2","railway":"rail","railway:etcs":"1","ref":"ตะวันออก","usage":"main","wikipedia":"en:State Railway of Thailand#Eastern Line"},"id":"way/1131091303"},{"type":"Feature","geometry":{"type":"LineString","coordinates":[[100.867615,13.719419],[100.870575,13.719063],[100.872272,13.718846],[100.878455,13.718081],[100.882574,13.717571],[100.882816,13.717541]]},"properties":{"@id":"way/1131091304","electrified":"no","gauge":"1000","name":"ทางรถไฟสายตะวันออก","name:th":"ทางรถไฟสายตะวันออก","operator":"การรถไฟแห่งประเทศไทย","passenger_lines":"2","railway":"rail","railway:etcs":"1","ref":"ตะวันออก","usage":"main","wikipedia":"en:State Railway of Thailand#Eastern Line"},"id":"way/1131091304"},{"type":"Feature","geometry":{"type":"LineString","coordinates":[[100.867367,13.719452],[100.867615,13.719419]]},"properties":{"@id":"way/1131091305","bridge":"yes","electrified":"no","gauge":"1000","layer":"1","name":"ทางรถไฟสายตะวันออก","name:th":"ทางรถไฟสายตะวันออก","operator":"การรถไฟแห่งประเทศไทย","passenger_lines":"2","railway":"rail","railway:etcs":"1","ref":"ตะวันออก","usage":"main","wikipedia":"en:State Railway of Thailand#Eastern Line"},"id":"way/1131091305"},{"type":"Feature","geometry":{"type":"LineString","coordinates":[[100.852305,13.721323],[100.855048,13.720991],[100.85558,13.720926],[100.857919,13.720643],[100.859463,13.720456],[100.861189,13.720234],[100.863052,13.72],[100.863308,13.719967],[100.86343,13.719945],[100.864599,13.719801],[100.865014,13.71975],[100.867367,13.719452]]},"properties":{"@id":"way/1131091306","electrified":"no","gauge":"1000","name":"ทางรถไฟสายตะวันออก","name:th":"ทางรถไฟสายตะวันออก","operator":"การรถไฟแห่งประเทศไทย","passenger_lines":"2","railway":"rail","railway:etcs":"1","ref":"ตะวันออก","usage":"main","wikipedia":"en:State Railway of Thailand#Eastern Line"},"id":"way/1131091306"},{"type":"Feature","geometry":{"type":"LineString","coordinates":[[100.577742,14.180593],[100.57777,14.180885]]},"properties":{"@id":"way/1131092039","bridge":"yes","electrified":"no","gauge":"1000","layer":"1","operator":"การรถไฟแห่งประเทศไทย","passenger_lines":"2","railway":"rail","railway:etcs":"1","usage":"main"},"id":"way/1131092039"},{"type":"Feature","geometry":{"type":"LineString","coordinates":[[100.577713,14.180338],[100.577742,14.180593]]},"properties":{"@id":"way/1131092040","electrified":"no","gauge":"1000","operator":"การรถไฟแห่งประเทศไทย","passenger_lines":"2","railway":"rail","railway:etcs":"1","usage":"main"},"id":"way/1131092040"},{"type":"Feature","geometry":{"type":"LineString","coordinates":[[100.665222,13.735579],[100.665512,13.735547]]},"properties":{"@id":"way/1131096407","bridge":"yes","electrified":"no","gauge":"1000","layer":"1","name":"ทางรถไฟสายตะวันออก","name:th":"ทางรถไฟสายตะวันออก","operator":"การรถไฟแห่งประเทศไทย","passenger_lines":"2","railway":"rail","railway:etcs":"1","ref":"ตะวันออก","usage":"main","wikipedia":"en:State Railway of Thailand#Eastern Line"},"id":"way/1131096407"},{"type":"Feature","geometry":{"type":"LineString","coordinates":[[100.656684,13.736528],[100.665222,13.735579]]},"properties":{"@id":"way/1131096408","electrified":"no","gauge":"1000","name":"ทางรถไฟสายตะวันออก","name:th":"ทางรถไฟสายตะวันออก","operator":"การรถไฟแห่งประเทศไทย","passenger_lines":"2","railway":"rail","railway:etcs":"1","ref":"ตะวันออก","usage":"main","wikipedia":"en:State Railway of Thailand#Eastern Line"},"id":"way/1131096408"},{"type":"Feature","geometry":{"type":"LineString","coordinates":[[100.552675,13.75265],[100.55291,13.752598]]},"properties":{"@id":"way/1131108680","bridge":"yes","electrified":"no","gauge":"1000","layer":"1","name":"ทางรถไฟสายตะวันออก","name:th":"ทางรถไฟสายตะวันออก","operator":"การรถไฟแห่งประเทศไทย","passenger_lines":"2","railway":"rail","ref":"ตะวันออก","usage":"main","wikipedia":"en:State Railway of Thailand#Eastern Line"},"id":"way/1131108680"},{"type":"Feature","geometry":{"type":"LineString","coordinates":[[100.545796,13.754189],[100.546686,13.75399],[100.547363,13.75384],[100.547964,13.753708],[100.549943,13.75326],[100.550624,13.753105],[100.552461,13.752699],[100.552675,13.75265]]},"properties":{"@id":"way/1131108681","electrified":"no","gauge":"1000","name":"ทางรถไฟสายตะวันออก","name:th":"ทางรถไฟสายตะวันออก","operator":"การรถไฟแห่งประเทศไทย","passenger_lines":"1","railway":"rail","ref":"ตะวันออก","usage":"main","wikipedia":"en:State Railway of Thailand#Eastern Line"},"id":"way/1131108681"},{"type":"Feature","geometry":{"type":"LineString","coordinates":[[101.100217,13.557393],[101.100184,13.557225]]},"properties":{"@id":"way/1132405475","bridge":"yes","electrified":"no","gauge":"1000","layer":"1","name":"ทางรถไฟสายตะวันออก","name:th":"ทางรถไฟสายตะวันออก","oneway":"no","passenger_lines":"2","railway":"rail","railway:etcs":"1","ref":"ตะวันออก","usage":"main"},"id":"way/1132405475"},{"type":"Feature","geometry":{"type":"LineString","coordinates":[[101.105661,13.584429],[101.103767,13.575005],[101.103658,13.57446],[101.1029,13.570667],[101.101225,13.562391]]},"properties":{"@id":"way/1132405476","electrified":"no","gauge":"1000","name":"ทางรถไฟสายตะวันออก","name:th":"ทางรถไฟสายตะวันออก","oneway":"no","passenger_lines":"2","railway":"rail","railway:etcs":"1","ref":"ตะวันออก","usage":"main"},"id":"way/1132405476"},{"type":"Feature","geometry":{"type":"LineString","coordinates":[[101.100103,13.557403],[101.100062,13.557195]]},"properties":{"@id":"way/1132405477","bridge":"yes","electrified":"no","gauge":"1000","layer":"1","name":"ทางรถไฟสายตะวันออก","name:th":"ทางรถไฟสายตะวันออก","oneway":"no","passenger_lines":"2","railway":"rail","railway:etcs":"1","ref":"ตะวันออก","usage":"main"},"id":"way/1132405477"},{"type":"Feature","geometry":{"type":"LineString","coordinates":[[101.105567,13.584434],[101.103675,13.575118],[101.102782,13.570688],[101.101129,13.562483]]},"properties":{"@id":"way/1132405478","electrified":"no","gauge":"1000","name":"ทางรถไฟสายตะวันออก","name:th":"ทางรถไฟสายตะวันออก","oneway":"no","passenger_lines":"2","railway":"rail","railway:etcs":"1","ref":"ตะวันออก","usage":"main"},"id":"way/1132405478"},{"type":"Feature","geometry":{"type":"LineString","coordinates":[[100.607597,13.946932],[100.607529,13.947433],[100.607491,13.947731],[100.607443,13.948166],[100.607422,13.948326]]},"properties":{"@id":"way/1133349124","electrified":"no","gauge":"1000","name":"ทางรถไฟสายเหนือ/ตะวันออกเฉียงเหนือ","oneway":"yes","operator":"การรถไฟแห่งประเทศไทย","passenger_lines":"2","railway":"rail","railway:etcs":"1","source":"GPS","usage":"main"},"id":"way/1133349124"},{"type":"Feature","geometry":{"type":"LineString","coordinates":[[100.547445,13.822377],[100.548041,13.823588],[100.548499,13.824448],[100.549878,13.827006]]},"properties":{"@id":"way/1133349125","electrified":"no","gauge":"1000","level":"0","maxspeed":"120","name":"ทางรถไฟสายเหนือ/ตะวันออกเฉียงเหนือเดิม","name:en":"Former North/North East Railway","name:th":"ทางรถไฟสายเหนือ/ตะวันออกเฉียงเหนือเดิม","operator":"การรถไฟแห่งประเทศไทย","passenger_lines":"2","railway":"rail","railway:etcs":"1","source":"GPS","usage":"branch"},"id":"way/1133349125"},{"type":"Feature","geometry":{"type":"LineString","coordinates":[[100.549913,13.826996],[100.548531,13.82442],[100.548133,13.823671],[100.547243,13.821894]]},"properties":{"@id":"way/1133349126","electrified":"no","gauge":"1000","level":"0","name":"ทางรถไฟสายเหนือ/ตะวันออกเฉียงเหนือเดิม","name:en":"Former North/North East Railway","name:th":"ทางรถไฟสายเหนือ/ตะวันออกเฉียงเหนือเดิม","operator":"การรถไฟแห่งประเทศไทย","railway":"rail","railway:etcs":"1","usage":"branch"},"id":"way/1133349126"},{"type":"Feature","geometry":{"type":"LineString","coordinates":[[100.520592,13.756304],[100.520379,13.755873]]},"properties":{"@id":"way/1133355605","gauge":"1000","maxspeed":"30","passenger_lines":"1","railway":"rail","service":"crossover"},"id":"way/1133355605"},{"type":"Feature","geometry":{"type":"LineString","coordinates":[[100.520305,13.755687],[100.520064,13.755204]]},"properties":{"@id":"way/1133355606","gauge":"1000","passenger_lines":"1","railway":"rail","railway:etcs":"1","service":"crossover"},"id":"way/1133355606"},{"type":"Feature","geometry":{"type":"LineString","coordinates":[[100.520064,13.755204],[100.520583,13.756476]]},"properties":{"@id":"way/1133355607","electrified":"no","gauge":"1000","maxspeed":"30","operator":"การรถไฟแห่งประเทศไทย","railway":"rail","railway:etcs":"1","source":"GPS","usage":"main"},"id":"way/1133355607"},{"type":"Feature","geometry":{"type":"LineString","coordinates":[[101.088205,13.497853],[101.087324,13.493571]]},"properties":{"@id":"way/1150603093","electrified":"no","gauge":"1000","name":"ทางรถไฟสายตะวันออก","name:th":"ทางรถไฟสายตะวันออก","oneway":"no","passenger_lines":"2","railway":"rail","railway:etcs":"1","ref":"ตะวันออก","usage":"main"},"id":"way/1150603093"},{"type":"Feature","geometry":{"type":"LineString","coordinates":[[101.08824,13.498036],[101.088205,13.497853]]},"properties":{"@id":"way/1150603094","bridge":"yes","electrified":"no","gauge":"1000","layer":"1","name":"ทางรถไฟสายตะวันออก","name:th":"ทางรถไฟสายตะวันออก","oneway":"no","passenger_lines":"2","railway":"rail","railway:etcs":"1","ref":"ตะวันออก","usage":"main"},"id":"way/1150603094"},{"type":"Feature","geometry":{"type":"LineString","coordinates":[[101.088077,13.497798],[101.087226,13.493651]]},"properties":{"@id":"way/1150603095","electrified":"no","gauge":"1000","name":"ทางรถไฟสายตะวันออก","name:th":"ทางรถไฟสายตะวันออก","oneway":"no","passenger_lines":"2","railway":"rail","railway:etcs":"1","ref":"ตะวันออก","usage":"main"},"id":"way/1150603095"},{"type":"Feature","geometry":{"type":"LineString","coordinates":[[101.088114,13.497985],[101.088077,13.497798]]},"properties":{"@id":"way/1150603096","bridge":"yes","electrified":"no","gauge":"1000","layer":"1","name":"ทางรถไฟสายตะวันออก","name:th":"ทางรถไฟสายตะวันออก","oneway":"no","passenger_lines":"2","railway":"rail","railway:etcs":"1","ref":"ตะวันออก","usage":"main"},"id":"way/1150603096"},{"type":"Feature","geometry":{"type":"LineString","coordinates":[[100.754302,13.727711],[100.754545,13.727715],[100.756149,13.727774],[100.757845,13.727828],[100.759574,13.727861],[100.760803,13.727926],[100.76245,13.727968],[100.763428,13.727996],[100.764097,13.728015],[100.765703,13.728051],[100.767307,13.728076],[100.769021,13.728117],[100.769042,13.728117]]},"properties":{"@id":"way/1154664001","electrified":"no","gauge":"1000","name":"ทางรถไฟสายตะวันออก","name:th":"ทางรถไฟสายตะวันออก","passenger_lines":"2","railway":"rail","railway:etcs":"1","ref":"ตะวันออก","usage":"main"},"id":"way/1154664001"},{"type":"Feature","geometry":{"type":"LineString","coordinates":[[100.75401,13.727706],[100.754064,13.727707],[100.754161,13.727708],[100.754302,13.727711]]},"properties":{"@id":"way/1154664002","bridge":"yes","electrified":"no","gauge":"1000","name":"ทางรถไฟสายตะวันออก","name:th":"ทางรถไฟสายตะวันออก","passenger_lines":"2","railway":"rail","railway:etcs":"1","ref":"ตะวันออก","usage":"main"},"id":"way/1154664002"},{"type":"Feature","geometry":{"type":"LineString","coordinates":[[100.754305,13.727678],[100.765516,13.727954],[100.769021,13.728043]]},"properties":{"@id":"way/1154664003","electrified":"no","gauge":"1000","name":"ทางรถไฟสายตะวันออก","name:th":"ทางรถไฟสายตะวันออก","operator":"การรถไฟแห่งประเทศไทย","passenger_lines":"2","railway":"rail","railway:etcs":"1","ref":"ตะวันออก","usage":"main","wikipedia":"en:State Railway of Thailand#Eastern Line"},"id":"way/1154664003"},{"type":"Feature","geometry":{"type":"LineString","coordinates":[[100.75401,13.72767],[100.754305,13.727678]]},"properties":{"@id":"way/1154664004","bridge":"yes","electrified":"no","gauge":"1000","name":"ทางรถไฟสายตะวันออก","name:th":"ทางรถไฟสายตะวันออก","operator":"การรถไฟแห่งประเทศไทย","passenger_lines":"2","railway":"rail","railway:etcs":"1","ref":"ตะวันออก","usage":"main","wikipedia":"en:State Railway of Thailand#Eastern Line"},"id":"way/1154664004"},{"type":"Feature","geometry":{"type":"LineString","coordinates":[[100.754305,13.727627],[100.765522,13.727903],[100.769021,13.727992],[100.769031,13.727992]]},"properties":{"@id":"way/1154664005","electrified":"no","gauge":"1000","name":"ทางรถไฟสายตะวันออก","name:th":"ทางรถไฟสายตะวันออก","operator":"การรถไฟแห่งประเทศไทย","passenger_lines":"2","railway":"rail","railway:etcs":"1","ref":"ตะวันออก","usage":"main","wikipedia":"en:State Railway of Thailand#Eastern Line"},"id":"way/1154664005"},{"type":"Feature","geometry":{"type":"LineString","coordinates":[[100.754011,13.72762],[100.75406,13.727621],[100.754087,13.727622],[100.754154,13.727623],[100.754305,13.727627]]},"properties":{"@id":"way/1154664006","bridge":"yes","electrified":"no","gauge":"1000","name":"ทางรถไฟสายตะวันออก","name:th":"ทางรถไฟสายตะวันออก","operator":"การรถไฟแห่งประเทศไทย","passenger_lines":"2","railway":"rail","railway:etcs":"1","ref":"ตะวันออก","usage":"main","wikipedia":"en:State Railway of Thailand#Eastern Line"},"id":"way/1154664006"},{"type":"Feature","geometry":{"type":"LineString","coordinates":[[100.475677,13.718857],[100.475497,13.718453],[100.475239,13.717913],[100.474886,13.717189],[100.474552,13.716405],[100.473933,13.715107],[100.472759,13.712602],[100.470505,13.707838],[100.469798,13.706289],[100.469123,13.704873],[100.468717,13.704187],[100.468192,13.703523],[100.467889,13.703214],[100.467262,13.702749],[100.466533,13.702306],[100.465913,13.702037],[100.465417,13.701867],[100.46519,13.70179],[100.464223,13.701388],[100.463657,13.701073],[100.463162,13.700668],[100.462691,13.700153],[100.462357,13.699645],[100.462096,13.69916],[100.458369,13.692802],[100.457531,13.691356],[100.457203,13.691001],[100.456692,13.690478],[100.456194,13.690086],[100.45565,13.689637],[100.452482,13.686854],[100.405865,13.645917],[100.357633,13.602639],[100.353112,13.59852],[100.331109,13.578744],[100.330458,13.578159],[100.322118,13.570661],[100.320588,13.569668],[100.31981,13.569548],[100.318652,13.569618],[100.317656,13.569907],[100.315613,13.571433],[100.309405,13.575315],[100.308818,13.575539],[100.308544,13.575543],[100.308268,13.575465],[100.30448,13.571886],[100.293481,13.561514],[100.283328,13.552032],[100.282765,13.551517],[100.282378,13.55132],[100.272283,13.54947],[100.267739,13.548642]]},"properties":{"@id":"way/1158608769","bridge":"viaduct","name":"สายสีแดงเข้ม ส่วนต่อขยายด้านใต้","name:en":"Dark Red Line southern extensions","name:th":"สายสีแดงเข้ม ส่วนต่อขยายด้านใต้","proposed":"railway","proposed:electrified":"contact_line","proposed:frequency":"50","proposed:railway":"rail","proposed:voltage":"25000","railway":"proposed","usage":"main","wikidata":"Q2542280","wikipedia":"th:รถไฟฟ้าชานเมือง สายสีแดง"},"id":"way/1158608769"},{"type":"Feature","geometry":{"type":"LineString","coordinates":[[100.533093,13.787556],[100.532111,13.785251],[100.531559,13.783957],[100.530577,13.781434]]},"properties":{"@id":"way/1158608770","colour":"#E10506","cutting":"yes","gauge":"1000","name":"สายสีแดงเข้ม ส่วนต่อขยายด้านใต้","name:en":"Dark Red Line southern extensions","name:th":"สายสีแดงเข้ม ส่วนต่อขยายด้านใต้","proposed":"railway","proposed:electrified":"contact_line","proposed:frequency":"50","proposed:railway":"rail","proposed:voltage":"25000","railway":"proposed","usage":"main","wikidata":"Q2542280","wikipedia":"th:รถไฟฟ้าชานเมือง สายสีแดง"},"id":"way/1158608770"},{"type":"Feature","geometry":{"type":"LineString","coordinates":[[100.496878,13.727196],[100.496422,13.727086],[100.496167,13.726985],[100.495699,13.72668],[100.494931,13.726205],[100.494094,13.72568],[100.492923,13.725115],[100.492135,13.724709],[100.49156,13.724382],[100.490896,13.724219],[100.48232,13.721877],[100.477453,13.720547],[100.47695,13.720304],[100.476834,13.720225],[100.476734,13.720153],[100.476608,13.72004],[100.476477,13.719922],[100.476349,13.719798],[100.476171,13.719613],[100.476001,13.719382],[100.475677,13.718857]]},"properties":{"@id":"way/1158608774","name":"สายสีแดงเข้ม ส่วนต่อขยายด้านใต้","name:en":"Dark Red Line southern extensions","name:th":"สายสีแดงเข้ม ส่วนต่อขยายด้านใต้","proposed":"railway","proposed:electrified":"contact_line","proposed:frequency":"50","proposed:gauge":"1000","proposed:railway":"rail","proposed:railway:etcs":"1","proposed:voltage":"25000","railway":"proposed","source":"GPS","usage":"main","wikidata":"Q2542280","wikipedia":"th:รถไฟฟ้าชานเมือง สายสีแดง"},"id":"way/1158608774"},{"type":"Feature","geometry":{"type":"LineString","coordinates":[[101.083974,13.476828],[101.082965,13.47191],[101.082963,13.4719]]},"properties":{"@id":"way/1159591855","electrified":"no","gauge":"1000","name":"ทางรถไฟสายตะวันออก","name:th":"ทางรถไฟสายตะวันออก","oneway":"no","passenger_lines":"2","railway":"rail","railway:etcs":"1","ref":"ตะวันออก","usage":"main"},"id":"way/1159591855"},{"type":"Feature","geometry":{"type":"LineString","coordinates":[[101.084003,13.476969],[101.083974,13.476828]]},"properties":{"@id":"way/1159591856","bridge":"yes","electrified":"no","gauge":"1000","layer":"1","name":"ทางรถไฟสายตะวันออก","name:th":"ทางรถไฟสายตะวันออก","oneway":"no","passenger_lines":"2","railway":"rail","railway:etcs":"1","ref":"ตะวันออก","usage":"main"},"id":"way/1159591856"},{"type":"Feature","geometry":{"type":"LineString","coordinates":[[101.083876,13.476858],[101.082886,13.472041],[101.082853,13.471878],[101.082843,13.471833]]},"properties":{"@id":"way/1159591857","electrified":"no","gauge":"1000","name":"ทางรถไฟสายตะวันออก","name:th":"ทางรถไฟสายตะวันออก","oneway":"no","passenger_lines":"2","railway":"rail","railway:etcs":"1","ref":"ตะวันออก","usage":"main"},"id":"way/1159591857"},{"type":"Feature","geometry":{"type":"LineString","coordinates":[[101.083918,13.477063],[101.083876,13.476858]]},"properties":{"@id":"way/1159591858","bridge":"yes","electrified":"no","gauge":"1000","layer":"1","name":"ทางรถไฟสายตะวันออก","name:th":"ทางรถไฟสายตะวันออก","oneway":"no","passenger_lines":"2","railway":"rail","railway:etcs":"1","ref":"ตะวันออก","usage":"main"},"id":"way/1159591858"},{"type":"Feature","geometry":{"type":"LineString","coordinates":[[100.596616,13.645044],[100.595951,13.645269]]},"properties":{"@id":"way/1164512283","bridge":"viaduct","colour":"#FFCC33","construction":"monorail","electrified":"rail","frequency":"0","layer":"3","maxspeed":"80","name":"รถไฟฟ้ามหานคร สายสีเหลือง","name:en":"MRT Yellow Line","name:zh":"曼谷单轨黄线","name:zh-Hant":"曼谷單軌黃線","opening_date":"2022","operator":"อีสเทิร์นบางกอกโมโนเรล","operator:en":"Eastern Bangkok Monorail","operator:th":"อีสเทิร์นบางกอกโมโนเรล","railway":"monorail","railway:cbtc":"uto","usage":"main","voltage":"750"},"id":"way/1164512283"},{"type":"Feature","geometry":{"type":"LineString","coordinates":[[100.574909,13.808828],[100.574854,13.807817],[100.574808,13.806991]]},"properties":{"@id":"way/1164512284","bridge":"viaduct","colour":"#FFCC33","construction":"monorail","electrified":"rail","frequency":"0","layer":"4","maxspeed":"80","name":"รถไฟฟ้ามหานคร สายสีเหลือง","name:en":"MRT Yellow Line","name:zh":"曼谷单轨黄线","name:zh-Hant":"曼谷單軌黃線","official_name":"รถไฟฟ้ามหานคร สายนัคราพิพัฒน์","official_name:en":"MRT Nakkhara Phiphat Line","opening_date":"2022","railway":"monorail","railway:cbtc":"uto","usage":"main","voltage":"750"},"id":"way/1164512284"},{"type":"Feature","geometry":{"type":"LineString","coordinates":[[100.516932,13.742744],[100.51689,13.742635],[100.5168,13.742358],[100.516764,13.74224],[100.516716,13.741998],[100.516434,13.74011]]},"properties":{"@id":"way/1165313047","electrified":"no","gauge":"1000","operator":"การรถไฟแห่งประเทศไทย","railway":"rail","railway:etcs":"1","railway:track_ref":"11","usage":"main"},"id":"way/1165313047"},{"type":"Feature","geometry":{"type":"LineString","coordinates":[[100.517805,13.744322],[100.517762,13.744105],[100.517699,13.743692],[100.517641,13.743308],[100.517573,13.742875],[100.517266,13.740758],[100.517237,13.740555]]},"properties":{"@id":"way/1165313048","electrified":"no","gauge":"1000","operator":"การรถไฟแห่งประเทศไทย","railway":"rail","railway:etcs":"1","railway:track_ref":"1","usage":"main"},"id":"way/1165313048"},{"type":"Feature","geometry":{"type":"LineString","coordinates":[[100.517162,13.744302],[100.517057,13.743627],[100.516994,13.743151],[100.516951,13.74287],[100.516763,13.742359],[100.516657,13.742145],[100.516636,13.742071],[100.516357,13.740118]]},"properties":{"@id":"way/1165313050","electrified":"no","gauge":"1000","operator":"การรถไฟแห่งประเทศไทย","railway":"rail","railway:etcs":"1","railway:track_ref":"12","usage":"main"},"id":"way/1165313050"},{"type":"Feature","geometry":{"type":"LineString","coordinates":[[100.535191,13.745532],[100.534234,13.745697],[100.533305,13.745856],[100.532697,13.745926],[100.531875,13.74607],[100.531657,13.746108],[100.53142,13.746171],[100.531186,13.746277],[100.531076,13.746351],[100.530982,13.746454],[100.53089,13.746598],[100.530823,13.746745],[100.530794,13.746927],[100.530808,13.747174],[100.53088,13.747783]]},"properties":{"@id":"way/1165313179","bridge":"viaduct","electrified":"rail","frequency":"0","gauge":"1435","layer":"2","maxspeed":"80","name":"รถไฟฟ้าบีทีเอส สายสุขุมวิท","name:en":"BTS Sukhumvit Line","name:th":"รถไฟฟ้าบีทีเอส สายสุขุมวิท","network":"BTS","official_name":"รถไฟฟ้าเฉลิมพระเกียรติ 6 รอบพระชนมพรรษา สาย 1","operator":"ระบบขนส่งมวลชนกรุงเทพ","operator:en":"Bangkok Mass Transit System;BTSC","railway":"subway","railway:cbtc":"sto","railway:preferred_direction":"backward","railway:track_ref":"1","ref":"สุขุมวิท","tracks":"1","usage":"main","voltage":"750","wikidata":"Q4921598","wikipedia":"th:รถไฟฟ้าบีทีเอส สายสุขุมวิท"},"id":"way/1165313179"},{"type":"Feature","geometry":{"type":"LineString","coordinates":[[100.529082,13.746493],[100.528161,13.746655],[100.527186,13.746826],[100.525491,13.747123]]},"properties":{"@id":"way/1165313183","bridge":"viaduct","colour":"#02817D","electrified":"rail","frequency":"0","gauge":"1435","layer":"3","line":"Silom","maxspeed":"80","name":"รถไฟฟ้าบีทีเอส สายสีลม","name:en":"BTS Silom Line","name:th":"รถไฟฟ้าบีทีเอส สายสีลม","network":"BTS","official_name":"รถไฟฟ้าเฉลิมพระเกียรติ 6 รอบพระชนมพรรษา สาย 2","operator":"ระบบขนส่งมวลชนกรุงเทพ","operator:en":"Bangkok Mass Transit System;BTSC","railway":"subway","railway:cbtc":"sto","railway:preferred_direction":"forward","railway:track_ref":"4","tracks":"1","usage":"main","voltage":"750"},"id":"way/1165313183"},{"type":"Feature","geometry":{"type":"LineString","coordinates":[[100.539138,13.802089],[100.539215,13.802352],[100.539362,13.802794],[100.539412,13.802926],[100.539444,13.803011],[100.539608,13.80337],[100.539914,13.804161],[100.540292,13.805156],[100.540407,13.805457],[100.540588,13.805922],[100.540804,13.806481],[100.541029,13.80706]]},"properties":{"@id":"way/1165532937","electrified":"no","gauge":"1000","maxspeed":"20","operator":"การรถไฟแห่งประเทศไทย","railway":"rail","railway:etcs":"1","railway:track_ref":"25","tracks":"1","usage":"branch"},"id":"way/1165532937"},{"type":"Feature","geometry":{"type":"LineString","coordinates":[[100.539138,13.802089],[100.539406,13.802686],[100.539539,13.802968],[100.539698,13.803303],[100.540009,13.804128],[100.540381,13.805116],[100.540757,13.806093],[100.540962,13.806771],[100.541067,13.807053]]},"properties":{"@id":"way/1165532938","electrified":"no","gauge":"1000","maxspeed":"20","operator":"การรถไฟแห่งประเทศไทย","railway":"rail","railway:etcs":"1","railway:track_ref":"26","tracks":"1","usage":"branch"},"id":"way/1165532938"},{"type":"Feature","geometry":{"type":"LineString","coordinates":[[100.541103,13.80705],[100.54118,13.80726],[100.541391,13.807763],[100.541998,13.809277],[100.542729,13.811074]]},"properties":{"@id":"way/1165532939","electrified":"no","gauge":"1000","maxspeed":"70","operator":"การรถไฟแห่งประเทศไทย","railway":"rail","railway:etcs":"1","tracks":"1","usage":"branch"},"id":"way/1165532939"},{"type":"Feature","geometry":{"type":"LineString","coordinates":[[100.539305,13.802033],[100.539563,13.802595],[100.539702,13.802896],[100.539706,13.802905],[100.539989,13.803688],[100.540327,13.804621],[100.54084,13.806091],[100.541002,13.806657],[100.541155,13.807038]]},"properties":{"@id":"way/1165532940","electrified":"no","gauge":"1000","maxspeed":"20","operator":"การรถไฟแห่งประเทศไทย","railway":"rail","railway:etcs":"1","railway:track_ref":"28","source":"GPS","tracks":"1","usage":"branch"},"id":"way/1165532940"},{"type":"Feature","geometry":{"type":"LineString","coordinates":[[100.537624,13.798491],[100.537864,13.799084],[100.537923,13.799231],[100.538166,13.799836],[100.538348,13.800286],[100.538586,13.800813],[100.538824,13.801327]]},"properties":{"@id":"way/1165532941","electrified":"no","gauge":"1000","maxspeed":"70","operator":"การรถไฟแห่งประเทศไทย","railway":"rail","railway:etcs":"1","tracks":"1","usage":"branch"},"id":"way/1165532941"},{"type":"Feature","geometry":{"type":"LineString","coordinates":[[100.537562,13.79826],[100.537673,13.798523],[100.537923,13.799122],[100.538007,13.799313],[100.538123,13.799572],[100.538406,13.800139],[100.538642,13.800598],[100.538956,13.801276]]},"properties":{"@id":"way/1165532942","electrified":"no","gauge":"1000","maxspeed":"70","operator":"การรถไฟแห่งประเทศไทย","railway":"rail","railway:etcs":"1","source":"GPS","tracks":"1","usage":"branch"},"id":"way/1165532942"},{"type":"Feature","geometry":{"type":"LineString","coordinates":[[100.551361,13.829499],[100.551554,13.829944]]},"properties":{"@id":"way/1167894581","electrified":"contact_line","frequency":"50","gauge":"1435","operator":"การรถไฟแห่งประเทศไทย","railway":"rail","service":"crossover","voltage":"25000"},"id":"way/1167894581"},{"type":"Feature","geometry":{"type":"LineString","coordinates":[[100.55133,13.82953],[100.551595,13.82993]]},"properties":{"@id":"way/1167894582","electrified":"contact_line","frequency":"50","gauge":"1435","operator":"การรถไฟแห่งประเทศไทย","railway":"rail","service":"crossover","voltage":"25000"},"id":"way/1167894582"},{"type":"Feature","geometry":{"type":"LineString","coordinates":[[100.64721,13.932331],[100.647646,13.932322],[100.649462,13.932285],[100.652689,13.932208],[100.653729,13.932191],[100.653858,13.932188]]},"properties":{"@id":"way/1169312718","bridge":"viaduct","colour":"#76B729","electrified":"rail","frequency":"0","gauge":"1435","layer":"3","maxspeed":"80","name":"รถไฟฟ้าบีทีเอส สายสุขุมวิท","name:en":"BTS Sukhumvit Line","name:th":"รถไฟฟ้าบีทีเอส สายสุขุมวิท","network":"BTS","official_name":"รถไฟฟ้าเฉลิมพระเกียรติ 6 รอบพระชนมพรรษา สาย 1","opening_date":"2020-12-16","operator":"กรุงเทพธนาคม","railway":"subway","railway:cbtc":"sto","railway:track_ref":"1","ref":"สุขุมวิท","tracks":"1","usage":"main","voltage":"750","wikidata":"Q4921598","wikipedia":"th:รถไฟฟ้าบีทีเอส สายสุขุมวิท"},"id":"way/1169312718"},{"type":"Feature","geometry":{"type":"LineString","coordinates":[[100.404006,13.710432],[100.404154,13.710445],[100.405671,13.710558],[100.408133,13.710741]]},"properties":{"@id":"way/1169313417","alt_name":"รถไฟฟ้า MRT สายสีน้ำเงิน","bridge":"viaduct","electrified":"rail","frequency":"0","gauge":"1435","layer":"4","maxspeed":"80","name":"รถไฟฟ้ามหานคร สายสีน้ำเงิน","name:en":"MRT Blue Line","name:th":"รถไฟฟ้ามหานคร สายสีน้ำเงิน","network":"MRT","official_name":"รถไฟฟ้ามหานคร สายเฉลิมรัชมงคล","official_name:en":"MRT Chaloem Ratchamongkhon Line","operator":"ทางด่วนและรถไฟฟ้ากรุงเทพ","railway":"subway","railway:atc":"yes","tracks":"2","usage":"main","voltage":"750"},"id":"way/1169313417"},{"type":"Feature","geometry":{"type":"LineString","coordinates":[[100.073482,13.455956],[100.073236,13.455772]]},"properties":{"@id":"way/1173187100","bridge":"yes","electrified":"no","gauge":"1000","layer":"1","name":"ทางรถไฟสายแม่กลอง","name:en":"Mae Klong Line","name:th":"ทางรถไฟสายแม่กลอง","operator":"การรถไฟแห่งประเทศไทย","railway":"rail","ref":"แม่กลอง","usage":"main"},"id":"way/1173187100"},{"type":"Feature","geometry":{"type":"LineString","coordinates":[[100.133164,13.489343],[100.132763,13.489535],[100.132559,13.489625],[100.132311,13.489717],[100.13193,13.489832],[100.131865,13.489852],[100.131547,13.489932],[100.131329,13.489984],[100.131132,13.490009],[100.130725,13.490043],[100.130461,13.490051],[100.130347,13.490055],[100.130071,13.49003],[100.128931,13.489855],[100.127911,13.489458],[100.126571,13.488797],[100.126003,13.48851],[100.121135,13.486056],[100.120846,13.485911],[100.118274,13.484626],[100.110775,13.480925],[100.106897,13.479022],[100.10594,13.478543],[100.104272,13.477714],[100.10344,13.477303],[100.102669,13.476922],[100.10254,13.476851],[100.101326,13.476267],[100.101159,13.476187],[100.100256,13.475655],[100.095452,13.471992],[100.086953,13.465817],[100.083549,13.46332]]},"properties":{"@id":"way/1173187101","electrified":"no","gauge":"1000","name":"ทางรถไฟสายแม่กลอง","name:en":"Mae Klong Line","name:th":"ทางรถไฟสายแม่กลอง","operator":"การรถไฟแห่งประเทศไทย","railway":"rail","ref":"แม่กลอง","usage":"main"},"id":"way/1173187101"},{"type":"Feature","geometry":{"type":"LineString","coordinates":[[100.882815,13.717572],[100.883359,13.717505]]},"properties":{"@id":"way/1182402690","bridge":"yes","electrified":"no","gauge":"1000","layer":"1","name":"ทางรถไฟสายตะวันออก","name:th":"ทางรถไฟสายตะวันออก","operator":"การรถไฟแห่งประเทศไทย","passenger_lines":"2","railway":"rail","railway:etcs":"1","ref":"ตะวันออก","usage":"main","wikipedia":"en:State Railway of Thailand#Eastern Line"},"id":"way/1182402690"},{"type":"Feature","geometry":{"type":"LineString","coordinates":[[100.867618,13.71945],[100.870578,13.719094],[100.872274,13.718877],[100.87847,13.718111],[100.882577,13.717602],[100.882815,13.717572]]},"properties":{"@id":"way/1182402691","electrified":"no","gauge":"1000","name":"ทางรถไฟสายตะวันออก","name:th":"ทางรถไฟสายตะวันออก","operator":"การรถไฟแห่งประเทศไทย","passenger_lines":"2","railway":"rail","railway:etcs":"1","ref":"ตะวันออก","usage":"main","wikipedia":"en:State Railway of Thailand#Eastern Line"},"id":"way/1182402691"},{"type":"Feature","geometry":{"type":"LineString","coordinates":[[100.882848,13.717662],[100.883379,13.717597]]},"properties":{"@id":"way/1182402692","bridge":"yes","electrified":"no","gauge":"1000","layer":"1","name":"ทางรถไฟสายตะวันออก","name:th":"ทางรถไฟสายตะวันออก","passenger_lines":"2","railway":"rail","railway:etcs":"1","ref":"ตะวันออก","usage":"main"},"id":"way/1182402692"},{"type":"Feature","geometry":{"type":"LineString","coordinates":[[100.867628,13.719523],[100.871782,13.719028],[100.875118,13.718617],[100.877648,13.718301],[100.878491,13.718214],[100.880413,13.717967],[100.882658,13.717692],[100.882848,13.717662]]},"properties":{"@id":"way/1182402693","electrified":"no","gauge":"1000","name":"ทางรถไฟสายตะวันออก","name:th":"ทางรถไฟสายตะวันออก","passenger_lines":"2","railway":"rail","railway:etcs":"1","ref":"ตะวันออก","usage":"main"},"id":"way/1182402693"},{"type":"Feature","geometry":{"type":"LineString","coordinates":[[100.867406,13.719552],[100.867628,13.719523]]},"properties":{"@id":"way/1182402694","bridge":"yes","electrified":"no","gauge":"1000","layer":"1","name":"ทางรถไฟสายตะวันออก","name:th":"ทางรถไฟสายตะวันออก","passenger_lines":"2","railway":"rail","railway:etcs":"1","ref":"ตะวันออก","usage":"main"},"id":"way/1182402694"},{"type":"Feature","geometry":{"type":"LineString","coordinates":[[100.852314,13.721441],[100.853977,13.721246],[100.855581,13.721037],[100.858241,13.7207],[100.863062,13.720093],[100.86483,13.71987],[100.867406,13.719552]]},"properties":{"@id":"way/1182402695","electrified":"no","gauge":"1000","name":"ทางรถไฟสายตะวันออก","name:th":"ทางรถไฟสายตะวันออก","passenger_lines":"2","railway":"rail","railway:etcs":"1","ref":"ตะวันออก","usage":"main"},"id":"way/1182402695"},{"type":"Feature","geometry":{"type":"LineString","coordinates":[[100.86737,13.719483],[100.867618,13.71945]]},"properties":{"@id":"way/1182402696","bridge":"yes","electrified":"no","gauge":"1000","layer":"1","name":"ทางรถไฟสายตะวันออก","name:th":"ทางรถไฟสายตะวันออก","operator":"การรถไฟแห่งประเทศไทย","passenger_lines":"2","railway":"rail","railway:etcs":"1","ref":"ตะวันออก","usage":"main","wikipedia":"en:State Railway of Thailand#Eastern Line"},"id":"way/1182402696"},{"type":"Feature","geometry":{"type":"LineString","coordinates":[[100.852308,13.721354],[100.85505,13.721022],[100.855583,13.720957],[100.858386,13.720618],[100.859466,13.720487],[100.861192,13.720265],[100.863055,13.720031],[100.863311,13.719999],[100.863433,13.719976],[100.864256,13.719875],[100.865017,13.719781],[100.86737,13.719483]]},"properties":{"@id":"way/1182402697","electrified":"no","gauge":"1000","name":"ทางรถไฟสายตะวันออก","name:th":"ทางรถไฟสายตะวันออก","operator":"การรถไฟแห่งประเทศไทย","passenger_lines":"2","railway":"rail","railway:etcs":"1","ref":"ตะวันออก","usage":"main","wikipedia":"en:State Railway of Thailand#Eastern Line"},"id":"way/1182402697"},{"type":"Feature","geometry":{"type":"LineString","coordinates":[[100.503919,13.721164],[100.503959,13.721163],[100.504007,13.721163],[100.504038,13.721162],[100.504072,13.721155],[100.504115,13.721143],[100.504162,13.721135],[100.504219,13.721131],[100.504277,13.721132],[100.504462,13.721128]]},"properties":{"@id":"way/1185513182","bridge":"viaduct","covered":"no","electrified":"rail","frequency":"0","gauge":"1600","layer":"2","name":"รถไฟฟ้าสายสีทอง","name:en":"Gold Line","name:th":"รถไฟฟ้าสายสีทอง","opening_date":"2020-12-16","operator":"กรุงเทพธนาคม","railway":"monorail","railway:cbtc":"uto","railway:preferred_direction":"forward","railway:track_ref":"1","subway":"yes","usage":"main","voltage":"750"},"id":"way/1185513182"},{"type":"Feature","geometry":{"type":"LineString","coordinates":[[100.508133,13.730185],[100.508197,13.730163],[100.508481,13.730056],[100.508552,13.730012],[100.508625,13.729943],[100.508705,13.729832],[100.508762,13.729711],[100.508784,13.729573],[100.508882,13.728467],[100.508916,13.728168],[100.508961,13.727759],[100.509023,13.727249],[100.509061,13.726855],[100.509093,13.726466],[100.509129,13.726021],[100.50915,13.725697],[100.50917,13.725299],[100.509181,13.724987],[100.509172,13.724707],[100.50915,13.724379],[100.509129,13.724072],[100.509096,13.723675],[100.50908,13.723431],[100.509062,13.723137],[100.509027,13.722638],[100.508981,13.722],[100.508969,13.721815],[100.508961,13.72172],[100.508939,13.721653],[100.508904,13.721593],[100.508856,13.721541],[100.508793,13.721493],[100.508728,13.721461],[100.508604,13.721445],[100.508524,13.721458],[100.508225,13.721534],[100.507773,13.721632],[100.507084,13.721761],[100.506594,13.721855],[100.506489,13.721857],[100.506391,13.721843],[100.506322,13.721815],[100.506215,13.721769],[100.506106,13.721672],[100.506014,13.721513],[100.505918,13.721302],[100.505827,13.721206],[100.505758,13.721151],[100.505698,13.721113],[100.50563,13.721086],[100.505573,13.721071],[100.505481,13.721066],[100.505387,13.721067],[100.50528,13.72107],[100.504341,13.721098]]},"properties":{"@id":"way/1185513184","bridge":"viaduct","covered":"no","electrified":"rail","frequency":"0","gauge":"1600","layer":"2","name":"รถไฟฟ้าสายสีทอง","name:en":"Gold Line","name:th":"รถไฟฟ้าสายสีทอง","opening_date":"2020-12-16","operator":"กรุงเทพธนาคม","railway":"monorail","railway:cbtc":"uto","railway:preferred_direction":"forward","railway:track_ref":"2","subway":"yes","usage":"main","voltage":"750"},"id":"way/1185513184"},{"type":"Feature","geometry":{"type":"LineString","coordinates":[[100.503919,13.721164],[100.504021,13.721137],[100.504341,13.721098]]},"properties":{"@id":"way/1185513186","bridge":"viaduct","covered":"no","electrified":"rail","frequency":"0","gauge":"1600","layer":"2","opening_date":"2020-12-16","operator":"กรุงเทพธนาคม","railway":"monorail","railway:cbtc":"uto","railway:preferred_direction":"backward","service":"crossover","usage":"main","voltage":"750"},"id":"way/1185513186"},{"type":"Feature","geometry":{"type":"LineString","coordinates":[[100.503908,13.721051],[100.503972,13.721055],[100.504015,13.721059],[100.504074,13.72107],[100.504157,13.721084],[100.504341,13.721098]]},"properties":{"@id":"way/1185513187","bridge":"viaduct","colour":"#D4AF37","covered":"no","electrified":"rail","frequency":"0","gauge":"1600","layer":"2","name":"รถไฟฟ้าสายสีทอง","name:en":"Gold Line","name:th":"รถไฟฟ้าสายสีทอง","opening_date":"2020-12-16","operator":"กรุงเทพธนาคม","railway":"monorail","railway:cbtc":"uto","railway:track_ref":"2","subway":"yes","usage":"main","voltage":"750"},"id":"way/1185513187"},{"type":"Feature","geometry":{"type":"LineString","coordinates":[[100.507522,13.730397],[100.50672,13.730676],[100.5066,13.730718],[100.506531,13.730744]]},"properties":{"@id":"way/1185513191","bridge":"viaduct","covered":"no","electrified":"rail","frequency":"0","gauge":"1600","layer":"2","name":"รถไฟฟ้าสายสีทอง","name:en":"Gold Line","name:th":"รถไฟฟ้าสายสีทอง","opening_date":"2020-12-16","operator":"กรุงเทพธนาคม","railway":"monorail","railway:cbtc":"uto","railway:preferred_direction":"both","railway:track_ref":"2","subway":"yes","usage":"main","voltage":"750"},"id":"way/1185513191"},{"type":"Feature","geometry":{"type":"LineString","coordinates":[[100.507511,13.730363],[100.50659,13.730686],[100.506521,13.730712]]},"properties":{"@id":"way/1185513193","bridge":"viaduct","covered":"no","electrified":"rail","frequency":"0","gauge":"1600","layer":"2","name":"รถไฟฟ้าสายสีทอง","name:en":"Gold Line","name:th":"รถไฟฟ้าสายสีทอง","opening_date":"2020-12-16","operator":"กรุงเทพธนาคม","railway":"monorail","railway:cbtc":"uto","railway:track_ref":"1","subway":"yes","usage":"main","voltage":"750"},"id":"way/1185513193"},{"type":"Feature","geometry":{"type":"LineString","coordinates":[[100.508314,13.730083],[100.508202,13.730146],[100.508133,13.730185]]},"properties":{"@id":"way/1185513196","bridge":"viaduct","covered":"no","electrified":"rail","frequency":"0","gauge":"1600","layer":"2","name":"รถไฟฟ้าสายสีทอง","name:en":"Gold Line","name:th":"รถไฟฟ้าสายสีทอง","opening_date":"2020-12-16","operator":"กรุงเทพธนาคม","railway":"monorail","railway:cbtc":"uto","railway:preferred_direction":"forward","railway:track_ref":"2","service":"crossover","subway":"yes","usage":"main","voltage":"750"},"id":"way/1185513196"},{"type":"Feature","geometry":{"type":"LineString","coordinates":[[100.508314,13.730083],[100.508192,13.730131],[100.507922,13.730223]]},"properties":{"@id":"way/1185513197","bridge":"viaduct","covered":"no","electrified":"rail","frequency":"0","gauge":"1600","layer":"2","name":"รถไฟฟ้าสายสีทอง","name:en":"Gold Line","name:th":"รถไฟฟ้าสายสีทอง","opening_date":"2020-12-16","operator":"กรุงเทพธนาคม","railway":"monorail","railway:cbtc":"uto","railway:track_ref":"1","subway":"yes","usage":"main","voltage":"750"},"id":"way/1185513197"},{"type":"Feature","geometry":{"type":"LineString","coordinates":[[100.508133,13.730185],[100.507977,13.730239],[100.507933,13.730254]]},"properties":{"@id":"way/1185513198","bridge":"viaduct","covered":"no","electrified":"rail","frequency":"0","gauge":"1600","layer":"2","name":"รถไฟฟ้าสายสีทอง","name:en":"Gold Line","name:th":"รถไฟฟ้าสายสีทอง","opening_date":"2020-12-16","operator":"กรุงเทพธนาคม","railway":"monorail","railway:cbtc":"uto","railway:preferred_direction":"both","railway:track_ref":"2","subway":"yes","usage":"main","voltage":"750"},"id":"way/1185513198"},{"type":"Feature","geometry":{"type":"LineString","coordinates":[[100.883359,13.717505],[100.896914,13.715816],[100.899138,13.715539],[100.901408,13.715256]]},"properties":{"@id":"way/1185651864","electrified":"no","gauge":"1000","name":"ทางรถไฟสายตะวันออก","name:th":"ทางรถไฟสายตะวันออก","operator":"การรถไฟแห่งประเทศไทย","passenger_lines":"2","railway":"rail","railway:etcs":"1","ref":"ตะวันออก","usage":"main","wikipedia":"en:State Railway of Thailand#Eastern Line"},"id":"way/1185651864"},{"type":"Feature","geometry":{"type":"LineString","coordinates":[[100.901408,13.715256],[100.901735,13.715216]]},"properties":{"@id":"way/1185651865","bridge":"yes","electrified":"no","gauge":"1000","layer":"1","name":"ทางรถไฟสายตะวันออก","name:th":"ทางรถไฟสายตะวันออก","operator":"การรถไฟแห่งประเทศไทย","passenger_lines":"2","railway":"rail","railway:etcs":"1","ref":"ตะวันออก","usage":"main","wikipedia":"en:State Railway of Thailand#Eastern Line"},"id":"way/1185651865"},{"type":"Feature","geometry":{"type":"LineString","coordinates":[[100.883379,13.717597],[100.886172,13.717253],[100.889447,13.716844],[100.891107,13.716641],[100.896045,13.716009],[100.896921,13.715901],[100.899197,13.715628],[100.901496,13.715342]]},"properties":{"@id":"way/1185651866","electrified":"no","gauge":"1000","name":"ทางรถไฟสายตะวันออก","name:th":"ทางรถไฟสายตะวันออก","passenger_lines":"2","railway":"rail","railway:etcs":"1","ref":"ตะวันออก","usage":"main"},"id":"way/1185651866"},{"type":"Feature","geometry":{"type":"LineString","coordinates":[[100.901496,13.715342],[100.901824,13.715301]]},"properties":{"@id":"way/1185651867","bridge":"yes","electrified":"no","gauge":"1000","layer":"1","name":"ทางรถไฟสายตะวันออก","name:th":"ทางรถไฟสายตะวันออก","passenger_lines":"2","railway":"rail","railway:etcs":"1","ref":"ตะวันออก","usage":"main"},"id":"way/1185651867"},{"type":"Feature","geometry":{"type":"LineString","coordinates":[[100.969069,13.706827],[100.973057,13.706335],[100.991382,13.704066],[100.992524,13.703925],[100.995136,13.703566],[101.000787,13.70292]]},"properties":{"@id":"way/1185651868","electrified":"no","gauge":"1000","name":"ทางรถไฟสายตะวันออก","name:th":"ทางรถไฟสายตะวันออก","passenger_lines":"2","railway":"rail","railway:etcs":"1","ref":"ตะวันออก","usage":"main"},"id":"way/1185651868"},{"type":"Feature","geometry":{"type":"LineString","coordinates":[[100.957555,13.708324],[100.957683,13.708307]]},"properties":{"@id":"way/1185651869","bridge":"yes","electrified":"no","gauge":"1000","layer":"1","name":"ทางรถไฟสายตะวันออก","name:th":"ทางรถไฟสายตะวันออก","passenger_lines":"2","railway":"rail","railway:etcs":"1","ref":"ตะวันออก","usage":"main"},"id":"way/1185651869"},{"type":"Feature","geometry":{"type":"LineString","coordinates":[[100.969064,13.706784],[100.973024,13.706283],[100.991377,13.704027],[100.992506,13.703888],[100.995131,13.703511],[101.000776,13.702826]]},"properties":{"@id":"way/1185651870","electrified":"no","gauge":"1000","name":"ทางรถไฟสายตะวันออก","name:th":"ทางรถไฟสายตะวันออก","operator":"การรถไฟแห่งประเทศไทย","passenger_lines":"2","railway":"rail","railway:etcs":"1","ref":"ตะวันออก","usage":"main","wikipedia":"en:State Railway of Thailand#Eastern Line"},"id":"way/1185651870"},{"type":"Feature","geometry":{"type":"LineString","coordinates":[[100.957552,13.708247],[100.957683,13.708231]]},"properties":{"@id":"way/1185651871","bridge":"yes","electrified":"no","gauge":"1000","layer":"1","name":"ทางรถไฟสายตะวันออก","name:th":"ทางรถไฟสายตะวันออก","operator":"การรถไฟแห่งประเทศไทย","passenger_lines":"2","railway":"rail","railway:etcs":"1","ref":"ตะวันออก","usage":"main","wikipedia":"en:State Railway of Thailand#Eastern Line"},"id":"way/1185651871"},{"type":"Feature","geometry":{"type":"LineString","coordinates":[[100.957683,13.708231],[100.96657,13.707101],[100.967854,13.706938],[100.968933,13.706801]]},"properties":{"@id":"way/1185651872","electrified":"no","gauge":"1000","name":"ทางรถไฟสายตะวันออก","name:th":"ทางรถไฟสายตะวันออก","operator":"การรถไฟแห่งประเทศไทย","passenger_lines":"2","railway":"rail","railway:etcs":"1","ref":"ตะวันออก","usage":"main","wikipedia":"en:State Railway of Thailand#Eastern Line"},"id":"way/1185651872"},{"type":"Feature","geometry":{"type":"LineString","coordinates":[[100.968933,13.706801],[100.969064,13.706784]]},"properties":{"@id":"way/1185651873","bridge":"yes","electrified":"no","gauge":"1000","layer":"1","name":"ทางรถไฟสายตะวันออก","name:th":"ทางรถไฟสายตะวันออก","operator":"การรถไฟแห่งประเทศไทย","passenger_lines":"2","railway":"rail","railway:etcs":"1","ref":"ตะวันออก","usage":"main","wikipedia":"en:State Railway of Thailand#Eastern Line"},"id":"way/1185651873"},{"type":"Feature","geometry":{"type":"LineString","coordinates":[[100.957683,13.708307],[100.959184,13.708112],[100.966575,13.707144],[100.967862,13.706976],[100.968909,13.706847]]},"properties":{"@id":"way/1185651874","electrified":"no","gauge":"1000","name":"ทางรถไฟสายตะวันออก","name:th":"ทางรถไฟสายตะวันออก","passenger_lines":"2","railway":"rail","railway:etcs":"1","ref":"ตะวันออก","usage":"main"},"id":"way/1185651874"},{"type":"Feature","geometry":{"type":"LineString","coordinates":[[100.968909,13.706847],[100.969069,13.706827]]},"properties":{"@id":"way/1185651875","bridge":"yes","electrified":"no","gauge":"1000","layer":"1","name":"ทางรถไฟสายตะวันออก","name:th":"ทางรถไฟสายตะวันออก","passenger_lines":"2","railway":"rail","railway:etcs":"1","ref":"ตะวันออก","usage":"main"},"id":"way/1185651875"},{"type":"Feature","geometry":{"type":"LineString","coordinates":[[100.516555,13.739434],[100.516605,13.739767],[100.516653,13.740084]]},"properties":{"@id":"way/1186500325","electrified":"no","gauge":"1000","operator":"การรถไฟแห่งประเทศไทย","railway":"rail","railway:etcs":"1","railway:track_ref":"7","tunnel":"building_passage","usage":"main"},"id":"way/1186500325"},{"type":"Feature","geometry":{"type":"LineString","coordinates":[[100.51653,13.739437],[100.516579,13.739769],[100.516626,13.740087]]},"properties":{"@id":"way/1186500326","electrified":"no","gauge":"1000","operator":"การรถไฟแห่งประเทศไทย","railway":"rail","railway:etcs":"1","railway:track_ref":"8","tunnel":"building_passage","usage":"main"},"id":"way/1186500326"},{"type":"Feature","geometry":{"type":"LineString","coordinates":[[100.516443,13.739451],[100.516495,13.739777],[100.516547,13.740099]]},"properties":{"@id":"way/1186500327","electrified":"no","gauge":"1000","operator":"การรถไฟแห่งประเทศไทย","railway":"rail","railway:etcs":"1","railway:track_ref":"9","tunnel":"building_passage","usage":"main"},"id":"way/1186500327"},{"type":"Feature","geometry":{"type":"LineString","coordinates":[[100.516419,13.739455],[100.516469,13.739779],[100.516518,13.740098]]},"properties":{"@id":"way/1186500328","electrified":"no","gauge":"1000","operator":"การรถไฟแห่งประเทศไทย","railway":"rail","railway:etcs":"1","railway:track_ref":"10","tunnel":"building_passage","usage":"main"},"id":"way/1186500328"},{"type":"Feature","geometry":{"type":"LineString","coordinates":[[100.516434,13.74011],[100.516385,13.739786],[100.516346,13.739521]]},"properties":{"@id":"way/1186500329","electrified":"no","gauge":"1000","operator":"การรถไฟแห่งประเทศไทย","railway":"rail","railway:etcs":"1","railway:track_ref":"11","tunnel":"building_passage","usage":"main"},"id":"way/1186500329"},{"type":"Feature","geometry":{"type":"LineString","coordinates":[[100.516694,13.739418],[100.516738,13.739728],[100.516741,13.739756],[100.516784,13.740053]]},"properties":{"@id":"way/1186500330","electrified":"no","gauge":"1000","operator":"การรถไฟแห่งประเทศไทย","railway":"rail","railway:etcs":"1","railway:track_ref":"6","source":"GPS","tunnel":"building_passage","usage":"main"},"id":"way/1186500330"},{"type":"Feature","geometry":{"type":"LineString","coordinates":[[100.516727,13.739412],[100.516777,13.739753],[100.516821,13.740049]]},"properties":{"@id":"way/1186500331","electrified":"no","gauge":"1000","operator":"การรถไฟแห่งประเทศไทย","railway":"rail","railway:etcs":"1","railway:track_ref":"5","source":"GPS","tunnel":"building_passage","usage":"main"},"id":"way/1186500331"},{"type":"Feature","geometry":{"type":"LineString","coordinates":[[100.516907,13.739452],[100.516947,13.739738],[100.516988,13.740025]]},"properties":{"@id":"way/1186500332","electrified":"no","gauge":"1000","operator":"การรถไฟแห่งประเทศไทย","railway":"rail","railway:etcs":"1","railway:track_ref":"4","tunnel":"building_passage","usage":"main"},"id":"way/1186500332"},{"type":"Feature","geometry":{"type":"LineString","coordinates":[[100.517017,13.740021],[100.516975,13.739736],[100.516933,13.739448]]},"properties":{"@id":"way/1186500333","electrified":"no","gauge":"1000","operator":"การรถไฟแห่งประเทศไทย","railway":"rail","railway:etcs":"1","railway:track_ref":"3","tunnel":"building_passage","usage":"main"},"id":"way/1186500333"},{"type":"Feature","geometry":{"type":"LineString","coordinates":[[100.516357,13.740118],[100.51631,13.739792],[100.516272,13.739521]]},"properties":{"@id":"way/1186500334","electrified":"no","gauge":"1000","railway":"rail","railway:etcs":"1","railway:track_ref":"12","tunnel":"building_passage","usage":"main"},"id":"way/1186500334"},{"type":"Feature","geometry":{"type":"LineString","coordinates":[[100.573479,13.759772],[100.573638,13.758044],[100.573686,13.757771],[100.573723,13.757643]]},"properties":{"@id":"way/1189695842","construction":"subway","construction:frequency":"0","construction:railway":"subway","construction:voltage":"750","covered":"yes","electrified":"rail","frequency":"0","gauge":"1435","maxspeed":"80","operator":"ทางด่วนและรถไฟฟ้ากรุงเทพ","railway":"construction","service":"yard","voltage":"750"},"id":"way/1189695842"},{"type":"Feature","geometry":{"type":"LineString","coordinates":[[100.573723,13.757643],[100.573841,13.757315],[100.574048,13.756942],[100.574279,13.756669],[100.574579,13.75634],[100.574777,13.756047]]},"properties":{"@id":"way/1189695843","construction":"subway","construction:frequency":"0","construction:railway":"subway","construction:voltage":"750","electrified":"rail","frequency":"0","gauge":"1435","layer":"-1","maxspeed":"80","operator":"ทางด่วนและรถไฟฟ้ากรุงเทพ","railway":"construction","service":"yard","tunnel":"yes","voltage":"750"},"id":"way/1189695843"},{"type":"Feature","geometry":{"type":"LineString","coordinates":[[100.46533,13.701884],[100.465404,13.701909],[100.465861,13.702078],[100.466027,13.702134],[100.466157,13.702185],[100.466325,13.702256],[100.466463,13.702316],[100.466594,13.702387],[100.466794,13.702495]]},"properties":{"@id":"way/1193318048","abandoned:electrified":"contact_line","electrified":"no","gauge":"1000","maxspeed":"80","name":"ทางรถไฟสายแม่กลอง","name:en":"Mae Klong Line","name:th":"ทางรถไฟสายแม่กลอง","operator":"การรถไฟแห่งประเทศไทย","railway":"rail","ref":"แม่กลอง","train":"yes","usage":"main"},"id":"way/1193318048"},{"type":"Feature","geometry":{"type":"LineString","coordinates":[[100.465023,13.701775],[100.465145,13.701819],[100.46533,13.701884]]},"properties":{"@id":"way/1193318049","abandoned:electrified":"contact_line","bridge":"yes","electrified":"no","gauge":"1000","layer":"1","maxspeed":"80","name":"ทางรถไฟสายแม่กลอง","name:en":"Mae Klong Line","name:th":"ทางรถไฟสายแม่กลอง","operator":"การรถไฟแห่งประเทศไทย","railway":"rail","ref":"แม่กลอง","train":"yes","usage":"main"},"id":"way/1193318049"},{"type":"Feature","geometry":{"type":"LineString","coordinates":[[100.687386,13.733077],[100.687355,13.73308],[100.684503,13.733397],[100.684309,13.733418],[100.67449,13.734508],[100.665518,13.735506]]},"properties":{"@id":"way/1197268201","electrified":"no","gauge":"1000","name":"ทางรถไฟสายตะวันออก","name:th":"ทางรถไฟสายตะวันออก","railway":"rail","railway:etcs":"1","ref":"ตะวันออก"},"id":"way/1197268201"},{"type":"Feature","geometry":{"type":"LineString","coordinates":[[100.644777,13.737816],[100.644668,13.737827],[100.641812,13.738143],[100.641611,13.738165],[100.641571,13.738169],[100.64073,13.738261],[100.639738,13.738368],[100.637574,13.738603],[100.635231,13.738868],[100.634662,13.739004]]},"properties":{"@id":"way/1197268202","electrified":"no","gauge":"1000","name":"ทางรถไฟสายตะวันออก","name:th":"ทางรถไฟสายตะวันออก","railway":"rail","railway:etcs":"1","ref":"ตะวันออก"},"id":"way/1197268202"},{"type":"Feature","geometry":{"type":"LineString","coordinates":[[100.644899,13.737802],[100.644777,13.737816]]},"properties":{"@id":"way/1197268203","bridge":"yes","electrified":"no","gauge":"1000","layer":"1","name":"ทางรถไฟสายตะวันออก","name:th":"ทางรถไฟสายตะวันออก","railway":"rail","railway:etcs":"1","ref":"ตะวันออก"},"id":"way/1197268203"},{"type":"Feature","geometry":{"type":"LineString","coordinates":[[100.656578,13.736504],[100.652999,13.736902],[100.64805,13.737452],[100.644899,13.737802]]},"properties":{"@id":"way/1197268204","electrified":"no","gauge":"1000","name":"ทางรถไฟสายตะวันออก","name:th":"ทางรถไฟสายตะวันออก","railway":"rail","railway:etcs":"1","ref":"ตะวันออก"},"id":"way/1197268204"},{"type":"Feature","geometry":{"type":"LineString","coordinates":[[100.65668,13.736493],[100.656578,13.736504]]},"properties":{"@id":"way/1197268205","bridge":"yes","electrified":"no","gauge":"1000","layer":"1","name":"ทางรถไฟสายตะวันออก","name:th":"ทางรถไฟสายตะวันออก","railway":"rail","railway:etcs":"1","ref":"ตะวันออก"},"id":"way/1197268205"},{"type":"Feature","geometry":{"type":"LineString","coordinates":[[100.665236,13.73554],[100.65668,13.736493]]},"properties":{"@id":"way/1197268208","electrified":"no","name":"ทางรถไฟสายตะวันออก","name:th":"ทางรถไฟสายตะวันออก","railway":"rail","railway:etcs":"1","ref":"ตะวันออก"},"id":"way/1197268208"},{"type":"Feature","geometry":{"type":"LineString","coordinates":[[100.665518,13.735506],[100.665236,13.73554]]},"properties":{"@id":"way/1197268209","bridge":"yes","electrified":"no","layer":"1","name":"ทางรถไฟสายตะวันออก","name:th":"ทางรถไฟสายตะวันออก","railway":"rail","railway:etcs":"1","ref":"ตะวันออก"},"id":"way/1197268209"},{"type":"Feature","geometry":{"type":"LineString","coordinates":[[100.708218,13.730755],[100.708181,13.730759],[100.698828,13.731812],[100.694902,13.732254],[100.694829,13.732262]]},"properties":{"@id":"way/1197268210","electrified":"no","gauge":"1000","name":"ทางรถไฟสายตะวันออก","name:th":"ทางรถไฟสายตะวันออก","railway":"rail","railway:etcs":"1","ref":"ตะวันออก"},"id":"way/1197268210"},{"type":"Feature","geometry":{"type":"LineString","coordinates":[[100.687547,13.733058],[100.687386,13.733077]]},"properties":{"@id":"way/1197268211","bridge":"yes","electrified":"no","gauge":"1000","layer":"1","name":"ทางรถไฟสายตะวันออก","name:th":"ทางรถไฟสายตะวันออก","railway":"rail","railway:etcs":"1","ref":"ตะวันออก"},"id":"way/1197268211"},{"type":"Feature","geometry":{"type":"LineString","coordinates":[[100.69458,13.732284],[100.692794,13.732465],[100.692559,13.732491],[100.687547,13.733058]]},"properties":{"@id":"way/1197268212","electrified":"no","gauge":"1000","name":"ทางรถไฟสายตะวันออก","name:th":"ทางรถไฟสายตะวันออก","railway":"rail","railway:etcs":"1","ref":"ตะวันออก"},"id":"way/1197268212"},{"type":"Feature","geometry":{"type":"LineString","coordinates":[[100.694829,13.732262],[100.69458,13.732284]]},"properties":{"@id":"way/1197268213","bridge":"yes","electrified":"no","gauge":"1000","layer":"1","name":"ทางรถไฟสายตะวันออก","name:th":"ทางรถไฟสายตะวันออก","railway":"rail","railway:etcs":"1","ref":"ตะวันออก"},"id":"way/1197268213"},{"type":"Feature","geometry":{"type":"LineString","coordinates":[[100.687387,13.733181],[100.687361,13.733185],[100.685919,13.733341],[100.683256,13.733631],[100.676671,13.734363],[100.665478,13.735602]]},"properties":{"@id":"way/1197269978","electrified":"no","gauge":"1000","name":"ทางรถไฟสายตะวันออก","name:th":"ทางรถไฟสายตะวันออก","railway":"rail","railway:etcs":"1","ref":"ตะวันออก"},"id":"way/1197269978"},{"type":"Feature","geometry":{"type":"LineString","coordinates":[[100.644796,13.737913],[100.644676,13.737924],[100.643938,13.738016],[100.643266,13.738098],[100.641833,13.738257],[100.641641,13.738275],[100.641606,13.738279],[100.640784,13.738372],[100.638041,13.738675],[100.637237,13.738765],[100.636262,13.738868],[100.635368,13.738975],[100.634703,13.739047],[100.634093,13.739091]]},"properties":{"@id":"way/1197269980","electrified":"no","gauge":"1000","name":"ทางรถไฟสายตะวันออก","name:th":"ทางรถไฟสายตะวันออก","railway":"rail","railway:etcs":"1","ref":"ตะวันออก"},"id":"way/1197269980"},{"type":"Feature","geometry":{"type":"LineString","coordinates":[[100.644892,13.737902],[100.644796,13.737913]]},"properties":{"@id":"way/1197269981","bridge":"yes","electrified":"no","gauge":"1000","layer":"1","name":"ทางรถไฟสายตะวันออก","name:th":"ทางรถไฟสายตะวันออก","railway":"rail","railway:etcs":"1","ref":"ตะวันออก"},"id":"way/1197269981"},{"type":"Feature","geometry":{"type":"LineString","coordinates":[[100.656593,13.736591],[100.653051,13.736981],[100.648876,13.737476],[100.647033,13.73768],[100.644892,13.737902]]},"properties":{"@id":"way/1197269982","electrified":"no","gauge":"1000","name":"ทางรถไฟสายตะวันออก","name:th":"ทางรถไฟสายตะวันออก","railway":"rail","railway:etcs":"1","ref":"ตะวันออก"},"id":"way/1197269982"},{"type":"Feature","geometry":{"type":"LineString","coordinates":[[100.656712,13.736578],[100.656593,13.736591]]},"properties":{"@id":"way/1197269983","bridge":"yes","electrified":"no","gauge":"1000","layer":"1","name":"ทางรถไฟสายตะวันออก","name:th":"ทางรถไฟสายตะวันออก","railway":"rail","railway:etcs":"1","ref":"ตะวันออก"},"id":"way/1197269983"},{"type":"Feature","geometry":{"type":"LineString","coordinates":[[100.665258,13.735627],[100.659434,13.73628],[100.656712,13.736578]]},"properties":{"@id":"way/1197269984","electrified":"no","name":"ทางรถไฟสายตะวันออก","name:th":"ทางรถไฟสายตะวันออก","railway":"rail","railway:etcs":"1","ref":"ตะวันออก"},"id":"way/1197269984"},{"type":"Feature","geometry":{"type":"LineString","coordinates":[[100.665478,13.735602],[100.665258,13.735627]]},"properties":{"@id":"way/1197269985","bridge":"yes","electrified":"no","layer":"1","name":"ทางรถไฟสายตะวันออก","name:th":"ทางรถไฟสายตะวันออก","railway":"rail","railway:etcs":"1","ref":"ตะวันออก"},"id":"way/1197269985"},{"type":"Feature","geometry":{"type":"LineString","coordinates":[[100.708219,13.730844],[100.708192,13.730847],[100.706604,13.731034],[100.698835,13.7319],[100.694921,13.732336],[100.694847,13.732344]]},"properties":{"@id":"way/1197269986","electrified":"no","gauge":"1000","name":"ทางรถไฟสายตะวันออก","name:th":"ทางรถไฟสายตะวันออก","railway":"rail","railway:etcs":"1","ref":"ตะวันออก"},"id":"way/1197269986"},{"type":"Feature","geometry":{"type":"LineString","coordinates":[[100.687526,13.733168],[100.687387,13.733181]]},"properties":{"@id":"way/1197269987","bridge":"yes","electrified":"no","gauge":"1000","layer":"1","name":"ทางรถไฟสายตะวันออก","name:th":"ทางรถไฟสายตะวันออก","railway":"rail","railway:etcs":"1","ref":"ตะวันออก"},"id":"way/1197269987"},{"type":"Feature","geometry":{"type":"LineString","coordinates":[[100.69461,13.732368],[100.687526,13.733168]]},"properties":{"@id":"way/1197269988","electrified":"no","gauge":"1000","name":"ทางรถไฟสายตะวันออก","name:th":"ทางรถไฟสายตะวันออก","railway":"rail","railway:etcs":"1","ref":"ตะวันออก"},"id":"way/1197269988"},{"type":"Feature","geometry":{"type":"LineString","coordinates":[[100.694847,13.732344],[100.69461,13.732368]]},"properties":{"@id":"way/1197269989","bridge":"yes","electrified":"no","gauge":"1000","layer":"1","name":"ทางรถไฟสายตะวันออก","name:th":"ทางรถไฟสายตะวันออก","railway":"rail","railway:etcs":"1","ref":"ตะวันออก"},"id":"way/1197269989"},{"type":"Feature","geometry":{"type":"LineString","coordinates":[[100.640228,13.738387],[100.640784,13.738372]]},"properties":{"@id":"way/1197270338","railway":"rail"},"id":"way/1197270338"},{"type":"Feature","geometry":{"type":"LineString","coordinates":[[100.640222,13.738269],[100.64073,13.738261]]},"properties":{"@id":"way/1197270339","railway":"rail"},"id":"way/1197270339"},{"type":"Feature","geometry":{"type":"LineString","coordinates":[[100.685919,13.733341],[100.685206,13.733366]]},"properties":{"@id":"way/1197270687","railway":"rail"},"id":"way/1197270687"},{"type":"Feature","geometry":{"type":"LineString","coordinates":[[100.685072,13.733382],[100.684503,13.733397]]},"properties":{"@id":"way/1197270688","railway":"rail"},"id":"way/1197270688"},{"type":"Feature","geometry":{"type":"LineString","coordinates":[[100.684309,13.733418],[100.683562,13.733554]]},"properties":{"@id":"way/1197270689","railway":"rail"},"id":"way/1197270689"},{"type":"Feature","geometry":{"type":"LineString","coordinates":[[100.692039,13.732584],[100.692559,13.732491]]},"properties":{"@id":"way/1197270690","railway":"rail"},"id":"way/1197270690"},{"type":"Feature","geometry":{"type":"LineString","coordinates":[[100.692794,13.732465],[100.693315,13.732453]]},"properties":{"@id":"way/1197270691","railway":"rail"},"id":"way/1197270691"},{"type":"Feature","geometry":{"type":"LineString","coordinates":[[100.255247,13.808469],[100.255161,13.808479]]},"properties":{"@id":"way/1199940375","bridge":"yes","electrified":"no","gauge":"1000","layer":"1","name":"สายใต้","name:en":"Southern Line","name:th":"สายใต้","operator":"การรถไฟแห่งประเทศไทย","railway":"rail","railway:etcs":"1","ref":"ใต้","usage":"main"},"id":"way/1199940375"},{"type":"Feature","geometry":{"type":"LineString","coordinates":[[100.244633,13.80942],[100.245721,13.809308],[100.249814,13.808897],[100.251666,13.808729],[100.25515,13.808397]]},"properties":{"@id":"way/1199940376","electrified":"no","gauge":"1000","name":"สายใต้","name:en":"Southern Line","name:th":"สายใต้","operator":"การรถไฟแห่งประเทศไทย","passenger_lines":"2","railway":"rail","railway:etcs":"1","ref":"ใต้","usage":"main"},"id":"way/1199940376"},{"type":"Feature","geometry":{"type":"LineString","coordinates":[[100.25515,13.808397],[100.255241,13.808388]]},"properties":{"@id":"way/1199940377","bridge":"yes","electrified":"no","gauge":"1000","layer":"1","name":"สายใต้","name:en":"Southern Line","name:th":"สายใต้","operator":"การรถไฟแห่งประเทศไทย","passenger_lines":"2","railway":"rail","railway:etcs":"1","ref":"ใต้","usage":"main"},"id":"way/1199940377"},{"type":"Feature","geometry":{"type":"LineString","coordinates":[[100.272516,13.806729],[100.277287,13.806241],[100.277477,13.806227],[100.2778,13.806199],[100.278424,13.806145],[100.283425,13.805675],[100.284478,13.80556],[100.285708,13.80545],[100.285819,13.80544]]},"properties":{"@id":"way/1199940381","electrified":"no","gauge":"1000","name":"สายใต้","name:en":"Southern Line","name:th":"สายใต้","operator":"การรถไฟแห่งประเทศไทย","passenger_lines":"2","railway":"rail","railway:etcs":"1","ref":"ใต้","usage":"main"},"id":"way/1199940381"},{"type":"Feature","geometry":{"type":"LineString","coordinates":[[100.272448,13.806734],[100.272516,13.806729]]},"properties":{"@id":"way/1199940382","bridge":"yes","electrified":"no","gauge":"1000","layer":"1","name":"สายใต้","name:en":"Southern Line","name:th":"สายใต้","operator":"การรถไฟแห่งประเทศไทย","passenger_lines":"2","railway":"rail","railway:etcs":"1","ref":"ใต้","usage":"main"},"id":"way/1199940382"},{"type":"Feature","geometry":{"type":"LineString","coordinates":[[100.272533,13.806807],[100.272438,13.806816]]},"properties":{"@id":"way/1199940383","bridge":"yes","electrified":"no","gauge":"1000","layer":"1","name":"สายใต้","name:en":"Southern Line","name:th":"สายใต้","operator":"การรถไฟแห่งประเทศไทย","railway":"rail","railway:etcs":"1","ref":"ใต้","usage":"main"},"id":"way/1199940383"},{"type":"Feature","geometry":{"type":"LineString","coordinates":[[100.36766,13.801047],[100.368865,13.800994]]},"properties":{"@id":"way/1200862871","electrified":"no","gauge":"1000","name":"สายใต้","name:en":"Southern Line","name:th":"สายใต้","operator":"การรถไฟแห่งประเทศไทย","railway":"rail","railway:etcs":"1","ref":"ใต้"},"id":"way/1200862871"},{"type":"Feature","geometry":{"type":"LineString","coordinates":[[100.368865,13.800994],[100.368989,13.800991]]},"properties":{"@id":"way/1200862872","bridge":"yes","electrified":"no","gauge":"1000","layer":"1","name":"สายใต้","name:en":"Southern Line","name:th":"สายใต้","operator":"การรถไฟแห่งประเทศไทย","railway":"rail","railway:etcs":"1","ref":"ใต้"},"id":"way/1200862872"},{"type":"Feature","geometry":{"type":"LineString","coordinates":[[100.364533,13.801084],[100.368746,13.800935],[100.36887,13.80093]]},"properties":{"@id":"way/1200862873","electrified":"no","gauge":"1000","name":"สายใต้","name:en":"Southern Line","name:th":"สายใต้","operator":"การรถไฟแห่งประเทศไทย","passenger_lines":"2","railway":"rail","railway:etcs":"1","ref":"ใต้","usage":"main"},"id":"way/1200862873"},{"type":"Feature","geometry":{"type":"LineString","coordinates":[[100.36887,13.80093],[100.369002,13.800924]]},"properties":{"@id":"way/1200862874","bridge":"yes","electrified":"no","gauge":"1000","layer":"1","name":"สายใต้","name:en":"Southern Line","name:th":"สายใต้","operator":"การรถไฟแห่งประเทศไทย","passenger_lines":"2","railway":"rail","railway:etcs":"1","ref":"ใต้","usage":"main"},"id":"way/1200862874"},{"type":"Feature","geometry":{"type":"LineString","coordinates":[[100.333284,13.802223],[100.335382,13.802144],[100.336465,13.802111]]},"properties":{"@id":"way/1200879861","electrified":"no","gauge":"1000","name":"สายใต้","name:en":"Southern Line","name:th":"สายใต้","operator":"การรถไฟแห่งประเทศไทย","railway":"rail","railway:etcs":"1","ref":"ใต้"},"id":"way/1200879861"},{"type":"Feature","geometry":{"type":"LineString","coordinates":[[100.333189,13.802231],[100.333284,13.802223]]},"properties":{"@id":"way/1200879862","bridge":"yes","electrified":"no","gauge":"1000","layer":"1","name":"สายใต้","name:en":"Southern Line","name:th":"สายใต้","operator":"การรถไฟแห่งประเทศไทย","railway":"rail","railway:etcs":"1"},"id":"way/1200879862"},{"type":"Feature","geometry":{"type":"LineString","coordinates":[[100.328837,13.80234],[100.328926,13.802338],[100.330419,13.802274],[100.330632,13.802273],[100.332953,13.802189],[100.333183,13.802176]]},"properties":{"@id":"way/1200879863","electrified":"no","gauge":"1000","name":"สายใต้","name:en":"Southern Line","name:th":"สายใต้","operator":"การรถไฟแห่งประเทศไทย","passenger_lines":"2","railway":"rail","railway:etcs":"1","ref":"ใต้","usage":"main"},"id":"way/1200879863"},{"type":"Feature","geometry":{"type":"LineString","coordinates":[[100.333183,13.802176],[100.333278,13.802168]]},"properties":{"@id":"way/1200879864","bridge":"yes","electrified":"no","gauge":"1000","layer":"1","name":"สายใต้","name:en":"Southern Line","name:th":"สายใต้","operator":"การรถไฟแห่งประเทศไทย","passenger_lines":"2","railway":"rail","railway:etcs":"1","ref":"ใต้","usage":"main"},"id":"way/1200879864"},{"type":"Feature","geometry":{"type":"LineString","coordinates":[[100.336465,13.802111],[100.336559,13.802109]]},"properties":{"@id":"way/1200879869","bridge":"yes","electrified":"no","gauge":"1000","layer":"1","name":"สายใต้","name:en":"Southern Line","name:th":"สายใต้","operator":"การรถไฟแห่งประเทศไทย","railway":"rail","railway:etcs":"1","ref":"ใต้"},"id":"way/1200879869"},{"type":"Feature","geometry":{"type":"LineString","coordinates":[[100.333278,13.802168],[100.33538,13.802092],[100.336459,13.802053]]},"properties":{"@id":"way/1200879870","electrified":"no","gauge":"1000","name":"สายใต้","name:en":"Southern Line","name:th":"สายใต้","operator":"การรถไฟแห่งประเทศไทย","passenger_lines":"2","railway":"rail","railway:etcs":"1","ref":"ใต้","usage":"main"},"id":"way/1200879870"},{"type":"Feature","geometry":{"type":"LineString","coordinates":[[100.336459,13.802053],[100.336569,13.802052]]},"properties":{"@id":"way/1200879871","bridge":"yes","electrified":"no","gauge":"1000","layer":"1","name":"สายใต้","name:en":"Southern Line","name:th":"สายใต้","operator":"การรถไฟแห่งประเทศไทย","passenger_lines":"2","railway":"rail","railway:etcs":"1","ref":"ใต้","usage":"main"},"id":"way/1200879871"},{"type":"Feature","geometry":{"type":"LineString","coordinates":[[100.336559,13.802109],[100.348472,13.80171]]},"properties":{"@id":"way/1200879873","electrified":"no","gauge":"1000","name":"สายใต้","name:en":"Southern Line","name:th":"สายใต้","operator":"การรถไฟแห่งประเทศไทย","railway":"rail","railway:etcs":"1","ref":"ใต้"},"id":"way/1200879873"},{"type":"Feature","geometry":{"type":"LineString","coordinates":[[100.348472,13.80171],[100.348556,13.801708]]},"properties":{"@id":"way/1200879874","bridge":"yes","electrified":"no","gauge":"1000","layer":"1","name":"สายใต้","name:en":"Southern Line","name:th":"สายใต้","operator":"การรถไฟแห่งประเทศไทย","railway":"rail","railway:etcs":"1","ref":"ใต้"},"id":"way/1200879874"},{"type":"Feature","geometry":{"type":"LineString","coordinates":[[100.336569,13.802052],[100.348477,13.801659]]},"properties":{"@id":"way/1200879875","electrified":"no","gauge":"1000","name":"สายใต้","name:en":"Southern Line","name:th":"สายใต้","operator":"การรถไฟแห่งประเทศไทย","passenger_lines":"2","railway":"rail","railway:etcs":"1","ref":"ใต้","usage":"main"},"id":"way/1200879875"},{"type":"Feature","geometry":{"type":"LineString","coordinates":[[100.348477,13.801659],[100.348561,13.801656]]},"properties":{"@id":"way/1200879876","bridge":"yes","electrified":"no","gauge":"1000","layer":"1","name":"สายใต้","name:en":"Southern Line","name:th":"สายใต้","operator":"การรถไฟแห่งประเทศไทย","passenger_lines":"2","railway":"rail","railway:etcs":"1","ref":"ใต้","usage":"main"},"id":"way/1200879876"},{"type":"Feature","geometry":{"type":"LineString","coordinates":[[100.200329,13.509927],[100.199063,13.509398],[100.197823,13.508882],[100.197488,13.508742],[100.197164,13.508602],[100.194536,13.507487],[100.191919,13.506422],[100.188267,13.504848],[100.187671,13.5046]]},"properties":{"@id":"way/1207828263","electrified":"no","gauge":"1000","name":"ทางรถไฟสายแม่กลอง","name:en":"Mae Klong Line","name:th":"ทางรถไฟสายแม่กลอง","operator":"การรถไฟแห่งประเทศไทย","railway":"rail","ref":"แม่กลอง","usage":"main"},"id":"way/1207828263"},{"type":"Feature","geometry":{"type":"LineString","coordinates":[[100.183042,13.502663],[100.182966,13.50263]]},"properties":{"@id":"way/1207828264","bridge":"yes","electrified":"no","gauge":"1000","layer":"1","name":"ทางรถไฟสายแม่กลอง","name:en":"Mae Klong Line","name:th":"ทางรถไฟสายแม่กลอง","operator":"การรถไฟแห่งประเทศไทย","railway":"rail","ref":"แม่กลอง","usage":"main"},"id":"way/1207828264"},{"type":"Feature","geometry":{"type":"LineString","coordinates":[[100.187594,13.504568],[100.18607,13.503934],[100.184542,13.503301],[100.183757,13.502965],[100.183042,13.502663]]},"properties":{"@id":"way/1207828269","electrified":"no","gauge":"1000","name":"ทางรถไฟสายแม่กลอง","name:en":"Mae Klong Line","name:th":"ทางรถไฟสายแม่กลอง","operator":"การรถไฟแห่งประเทศไทย","railway":"rail","ref":"แม่กลอง","usage":"main"},"id":"way/1207828269"},{"type":"Feature","geometry":{"type":"LineString","coordinates":[[100.187671,13.5046],[100.187594,13.504568]]},"properties":{"@id":"way/1207828270","bridge":"yes","electrified":"no","gauge":"1000","layer":"1","name":"ทางรถไฟสายแม่กลอง","name:en":"Mae Klong Line","name:th":"ทางรถไฟสายแม่กลอง","operator":"การรถไฟแห่งประเทศไทย","railway":"rail","ref":"แม่กลอง","usage":"main"},"id":"way/1207828270"},{"type":"Feature","geometry":{"type":"LineString","coordinates":[[100.298883,13.556076],[100.297795,13.555597],[100.294798,13.554276],[100.294375,13.554079],[100.293642,13.553756],[100.293285,13.553596],[100.292959,13.553456],[100.292592,13.553287],[100.292308,13.553165],[100.292199,13.553118],[100.291496,13.552813],[100.291089,13.552621],[100.290745,13.552477],[100.290276,13.552266],[100.289152,13.551767],[100.288828,13.551622],[100.288817,13.551618],[100.288116,13.55131],[100.288025,13.551267],[100.28774,13.551135],[100.287306,13.550947],[100.286982,13.550803],[100.286785,13.550722],[100.286322,13.550514],[100.28597,13.550355],[100.285747,13.550258],[100.284718,13.549808],[100.284117,13.549538],[100.283198,13.549131],[100.282825,13.548962],[100.28258,13.548851],[100.282183,13.548681],[100.282085,13.548644],[100.28114,13.548255],[100.281017,13.548198],[100.280845,13.548112],[100.279573,13.547534],[100.278804,13.547184],[100.278552,13.547076],[100.278076,13.546871],[100.277152,13.546473],[100.277102,13.546451]]},"properties":{"@id":"way/1209489632","electrified":"no","gauge":"1000","maxspeed":"80","name":"ทางรถไฟสายแม่กลอง","name:en":"Mae Klong Line","operator":"การรถไฟแห่งประเทศไทย","railway":"rail","ref":"แม่กลอง","train":"yes","usage":"main"},"id":"way/1209489632"},{"type":"Feature","geometry":{"type":"LineString","coordinates":[[100.304079,13.558377],[100.304003,13.558342]]},"properties":{"@id":"way/1209489633","bridge":"yes","electrified":"no","gauge":"1000","layer":"1","maxspeed":"80","name":"ทางรถไฟสายแม่กลอง","name:en":"Mae Klong Line","operator":"การรถไฟแห่งประเทศไทย","railway":"rail","ref":"แม่กลอง","train":"yes","usage":"main"},"id":"way/1209489633"},{"type":"Feature","geometry":{"type":"LineString","coordinates":[[100.424346,13.799001],[100.424808,13.798985],[100.425308,13.798964],[100.425582,13.798953],[100.425878,13.798924],[100.426132,13.798893],[100.426386,13.798853],[100.426589,13.79882],[100.426807,13.798767],[100.427108,13.798683],[100.427339,13.798614],[100.427583,13.798546],[100.427852,13.798458],[100.428127,13.798355],[100.428403,13.798242]]},"properties":{"@id":"way/1210018077","electrified":"contact_line","frequency":"50","gauge":"1000","maxspeed":"90","name":"สายใต้","name:en":"Southern Line","name:th":"สายใต้","operator":"การรถไฟแห่งประเทศไทย","passenger_lines":"2","railway":"rail","railway:etcs":"1","ref":"ใต้","tracks":"1","train":"yes","usage":"main","voltage":"25000"},"id":"way/1210018077"},{"type":"Feature","geometry":{"type":"LineString","coordinates":[[100.601801,13.991894],[100.60155,13.993931],[100.601522,13.994208],[100.601512,13.99501],[100.601538,13.995483]]},"properties":{"@id":"way/1210513272","bridge":"viaduct","colour":"#E10506","electrified":"contact_line","frequency":"50","gauge":"1000","layer":"2","maxspeed":"160","name":"รถไฟฟ้าชานเมืองสายสีแดงเข้ม","name:en":"Dark Red Line","oneway":"yes","opening_date":"2021","operator":"การรถไฟแห่งประเทศไทย","railway":"rail","railway:etcs":"1","railway:track_ref":"1","tracks":"1","train":"yes","usage":"main","voltage":"25000"},"id":"way/1210513272"},{"type":"Feature","geometry":{"type":"LineString","coordinates":[[100.601968,13.991911],[100.60171,13.993957],[100.601677,13.994226],[100.601585,13.995025],[100.601557,13.995299],[100.601538,13.995483]]},"properties":{"@id":"way/1210513274","bridge":"viaduct","colour":"#E10506","electrified":"contact_line","frequency":"50","gauge":"1000","level":"2","maxspeed":"160","name":"รถไฟฟ้าชานเมืองสายสีแดงเข้ม","name:en":"Dark Red Line","oneway":"yes","opening_date":"2021","operator":"การรถไฟแห่งประเทศไทย","railway":"rail","railway:etcs":"1","railway:track_ref":"2","tracks":"1","train":"yes","usage":"main","voltage":"25000"},"id":"way/1210513274"},{"type":"Feature","geometry":{"type":"LineString","coordinates":[[100.602265,13.989161],[100.602092,13.990539],[100.601983,13.991409],[100.601925,13.991905]]},"properties":{"@id":"way/1210513275","covered":"building_passage","gauge":"1000","level":"0","oneway":"yes","opening_date":"2021","operator":"การรถไฟแห่งประเทศไทย","railway":"rail","railway:etcs":"1","railway:track_ref":"6","tracks":"1","train":"yes","usage":"main"},"id":"way/1210513275"},{"type":"Feature","geometry":{"type":"LineString","coordinates":[[100.601616,13.9958],[100.601657,13.995031],[100.601723,13.994232],[100.601756,13.993965],[100.602009,13.991915]]},"properties":{"@id":"way/1210513276","bridge":"viaduct","colour":"#E10506","electrified":"contact_line","frequency":"50","gauge":"1000","level":"2","maxspeed":"160","name":"รถไฟฟ้าชานเมืองสายสีแดงเข้ม","name:en":"Dark Red Line","oneway":"yes","opening_date":"2021","operator":"การรถไฟแห่งประเทศไทย","railway":"rail","railway:etcs":"1","railway:track_ref":"3","tracks":"1","train":"yes","usage":"main","voltage":"25000"},"id":"way/1210513276"},{"type":"Feature","geometry":{"type":"LineString","coordinates":[[100.601539,13.995949],[100.601744,13.994234],[100.601778,13.993967],[100.602031,13.99192]]},"properties":{"@id":"way/1210513277","electrified":"no","gauge":"1000","level":"0","name":"ทางรถไฟสายเหนือ/ตะวันออกเฉียงเหนือ","oneway":"yes","opening_date":"2021","operator":"การรถไฟแห่งประเทศไทย","railway":"rail","railway:etcs":"1","railway:track_ref":"7","source":"GPS","tracks":"1","train":"yes","usage":"main"},"id":"way/1210513277"},{"type":"Feature","geometry":{"type":"LineString","coordinates":[[100.601616,13.9958],[100.601716,13.995364],[100.601816,13.994594],[100.601861,13.994257],[100.601907,13.993989],[100.602161,13.991937]]},"properties":{"@id":"way/1210513279","bridge":"viaduct","colour":"#E10506","electrified":"contact_line","frequency":"50","gauge":"1000","layer":"1","level":"2","maxspeed":"160","name":"รถไฟฟ้าชานเมืองสายสีแดงเข้ม","name:en":"Dark Red Line","oneway":"yes","opening_date":"2021","operator":"การรถไฟแห่งประเทศไทย","railway":"rail","railway:etcs":"1","railway:track_ref":"4","tracks":"1","train":"yes","usage":"main","voltage":"25000"},"id":"way/1210513279"},{"type":"Feature","geometry":{"type":"LineString","coordinates":[[100.602502,13.989185],[100.60254,13.988882],[100.602565,13.988599],[100.602652,13.987144]]},"properties":{"@id":"way/1210513280","bridge":"viaduct","colour":"#E10506","electrified":"contact_line","frequency":"50","gauge":"1000","layer":"1","level":"2","maxspeed":"160","name":"รถไฟฟ้าชานเมืองสายสีแดงเข้ม","name:en":"Dark Red Line","opening_date":"2021","operator":"การรถไฟแห่งประเทศไทย","railway":"rail","railway:etcs":"1","railway:track_ref":"4","tracks":"1","train":"yes","usage":"main","voltage":"25000"},"id":"way/1210513280"},{"type":"Feature","geometry":{"type":"LineString","coordinates":[[100.602031,13.99192],[100.602092,13.991422],[100.6022,13.990551],[100.60237,13.989172]]},"properties":{"@id":"way/1210513282","covered":"building_passage","electrified":"no","gauge":"1000","level":"0","name":"ทางรถไฟสายเหนือ/ตะวันออกเฉียงเหนือ","oneway":"yes","opening_date":"2021","operator":"การรถไฟแห่งประเทศไทย","railway":"rail","railway:etcs":"1","railway:track_ref":"7","source":"GPS","tracks":"1","train":"yes","usage":"main"},"id":"way/1210513282"},{"type":"Feature","geometry":{"type":"LineString","coordinates":[[100.602349,13.989169],[100.602519,13.987793],[100.602652,13.987144]]},"properties":{"@id":"way/1210513283","bridge":"viaduct","colour":"#E10506","electrified":"contact_line","frequency":"50","gauge":"1000","level":"2","maxspeed":"160","name":"รถไฟฟ้าชานเมืองสายสีแดงเข้ม","name:en":"Dark Red Line","opening_date":"2021","operator":"การรถไฟแห่งประเทศไทย","railway":"rail","railway:etcs":"1","railway:track_ref":"3","tracks":"1","train":"yes","usage":"main","voltage":"25000"},"id":"way/1210513283"},{"type":"Feature","geometry":{"type":"LineString","coordinates":[[100.602584,13.987146],[100.602486,13.987787],[100.602313,13.989166]]},"properties":{"@id":"way/1210513284","bridge":"viaduct","colour":"#E10506","electrified":"contact_line","frequency":"50","gauge":"1000","level":"2","maxspeed":"160","name":"รถไฟฟ้าชานเมืองสายสีแดงเข้ม","name:en":"Dark Red Line","opening_date":"2021","operator":"การรถไฟแห่งประเทศไทย","railway":"rail","railway:etcs":"1","railway:track_ref":"2","tracks":"1","train":"yes","usage":"main","voltage":"25000"},"id":"way/1210513284"},{"type":"Feature","geometry":{"type":"LineString","coordinates":[[100.6025,13.987497],[100.602432,13.987885],[100.602397,13.988113],[100.602265,13.989161]]},"properties":{"@id":"way/1210513285","gauge":"1000","level":"0","oneway":"yes","opening_date":"2021","operator":"การรถไฟแห่งประเทศไทย","railway":"rail","railway:etcs":"1","railway:track_ref":"6","tracks":"1","train":"yes","usage":"main"},"id":"way/1210513285"},{"type":"Feature","geometry":{"type":"LineString","coordinates":[[100.602584,13.987146],[100.602237,13.988507],[100.602182,13.988837],[100.602133,13.989147]]},"properties":{"@id":"way/1210513287","bridge":"viaduct","colour":"#E10506","electrified":"contact_line","frequency":"50","gauge":"1000","layer":"2","maxspeed":"160","name":"รถไฟฟ้าชานเมืองสายสีแดงเข้ม","name:en":"Dark Red Line","opening_date":"2021","operator":"การรถไฟแห่งประเทศไทย","railway":"rail","railway:etcs":"1","railway:track_ref":"1","tracks":"1","train":"yes","usage":"main","voltage":"25000"},"id":"way/1210513287"},{"type":"Feature","geometry":{"type":"LineString","coordinates":[[100.518106,13.8597],[100.52079,13.859342],[100.52092,13.85933],[100.521044,13.859328],[100.521157,13.859339],[100.52125,13.859366],[100.521334,13.859398],[100.52143,13.859453],[100.521505,13.859517],[100.521574,13.859586],[100.521632,13.859675],[100.521671,13.859771],[100.521699,13.859887],[100.521708,13.860007],[100.521698,13.860105],[100.521675,13.860198],[100.521634,13.8603],[100.521427,13.860708],[100.521364,13.860831],[100.521305,13.860947],[100.521246,13.861074],[100.521192,13.8612],[100.520806,13.862211],[100.520642,13.86264],[100.520477,13.863076],[100.516472,13.873664],[100.516307,13.8741],[100.516147,13.874521],[100.510729,13.888822],[100.510563,13.889258],[100.510402,13.889689],[100.507235,13.89812],[100.507079,13.898537],[100.506918,13.898965],[100.504938,13.904242],[100.5049,13.904345],[100.504867,13.904444],[100.504844,13.904547],[100.504828,13.904655],[100.504818,13.904756],[100.50482,13.904892],[100.504837,13.90502],[100.504864,13.905136],[100.5049,13.90525],[100.50495,13.905364],[100.505007,13.905473],[100.505067,13.905575],[100.5054,13.906148],[100.50572,13.906697],[100.505789,13.906811],[100.505846,13.906898],[100.505897,13.906964],[100.505948,13.907027],[100.505963,13.907041],[100.506018,13.907092],[100.50609,13.907149],[100.506165,13.907197],[100.506245,13.907235],[100.506347,13.907268],[100.506436,13.90728],[100.506539,13.907282],[100.50665,13.907276],[100.507012,13.907243]]},"properties":{"@id":"way/1225451148","bridge":"viaduct","check_date":"2023-11-22","colour":"#EDA0C2","electrified":"rail","frequency":"0","layer":"3","maxspeed":"80","name":"รถไฟฟ้ามหานคร สายสีชมพู","name:en":"MRT Pink Line","name:th":"รถไฟฟ้ามหานคร สายสีชมพู","opening_date":"2023-11-21","operator":"นอร์ทเทิร์นบางกอกโมโนเรล","railway":"monorail","railway:cbtc":"uto","tracks":"2","voltage":"750","wikidata":"Q6584557","wikipedia":"en:Pink Line (Bangkok)"},"id":"way/1225451148"},{"type":"Feature","geometry":{"type":"LineString","coordinates":[[100.507012,13.907243],[100.515073,13.90652],[100.515558,13.906477],[100.516028,13.906434],[100.524223,13.905689],[100.524517,13.905655],[100.524788,13.905614],[100.525074,13.905555],[100.525299,13.905499],[100.525497,13.905442],[100.525726,13.905369],[100.525956,13.905292],[100.528819,13.904294],[100.529267,13.904138],[100.53254,13.902972],[100.532674,13.902926],[100.532812,13.902883],[100.532959,13.902841],[100.533117,13.9028],[100.533937,13.902605],[100.534134,13.902557],[100.53432,13.902507],[100.5345,13.902455],[100.534663,13.902402],[100.536679,13.901698],[100.538127,13.901192]]},"properties":{"@id":"way/1225451149","bridge":"viaduct","check_date":"2023-11-22","colour":"#EDA0C2","electrified":"rail","frequency":"0","layer":"3","maxspeed":"80","name":"รถไฟฟ้ามหานคร สายสีชมพู","name:en":"MRT Pink Line","name:th":"รถไฟฟ้ามหานคร สายสีชมพู","opening_date":"2023-11-21","operator":"นอร์ทเทิร์นบางกอกโมโนเรล","railway":"monorail","railway:cbtc":"uto","tracks":"2","voltage":"750","wikidata":"Q6584557","wikipedia":"en:Pink Line (Bangkok)"},"id":"way/1225451149"},{"type":"Feature","geometry":{"type":"LineString","coordinates":[[100.542142,13.899183],[100.542132,13.899336],[100.542126,13.899394],[100.542117,13.899443],[100.542103,13.8995],[100.542081,13.899561],[100.542052,13.899615],[100.542016,13.899669],[100.541974,13.899719],[100.541918,13.899771],[100.541858,13.899819],[100.541784,13.899864],[100.541704,13.899901],[100.541614,13.899936],[100.539985,13.900509],[100.538571,13.901007],[100.538501,13.901032],[100.538427,13.901062],[100.538346,13.901096],[100.538127,13.901192]]},"properties":{"@id":"way/1225451150","bridge":"viaduct","electrified":"rail","layer":"2","name":"รถไฟฟ้ามหานคร สายสีชมพู","name:en":"MRT Pink Line","name:th":"รถไฟฟ้ามหานคร สายสีชมพู","operator":"นอร์ทเทิร์นบางกอกโมโนเรล","railway":"monorail","railway:cbtc":"uto"},"id":"way/1225451150"},{"type":"Feature","geometry":{"type":"LineString","coordinates":[[100.538127,13.901192],[100.538665,13.901064],[100.538838,13.901024],[100.538964,13.900994],[100.53908,13.900963],[100.539205,13.900924],[100.540031,13.900636],[100.541638,13.900074],[100.541746,13.900033],[100.541846,13.899984],[100.541936,13.899923],[100.542016,13.89985],[100.542084,13.89977],[100.542121,13.899703],[100.542152,13.899636],[100.542169,13.899587],[100.542183,13.899542],[100.542194,13.899474],[100.542196,13.899415],[100.542191,13.899356],[100.542182,13.899299],[100.542168,13.89925],[100.542142,13.899183]]},"properties":{"@id":"way/1225451151","bridge":"viaduct","check_date":"10/2019","colour":"#EDA0C2","electrified":"rail","frequency":"0","layer":"2","maxspeed":"80","name":"รถไฟฟ้ามหานคร สายสีชมพู","name:en":"MRT Pink Line","name:th":"รถไฟฟ้ามหานคร สายสีชมพู","opening_date":"2025","operator":"นอร์ทเทิร์นบางกอกโมโนเรล","railway":"monorail","railway:cbtc":"uto","tracks":"2","voltage":"750","wikidata":"Q6584557","wikipedia":"en:Pink Line (Bangkok)"},"id":"way/1225451151"},{"type":"Feature","geometry":{"type":"LineString","coordinates":[[100.542142,13.899183],[100.542092,13.898907],[100.542077,13.898787],[100.542072,13.898681],[100.542076,13.898587],[100.542092,13.89849],[100.542123,13.898378],[100.542167,13.89828],[100.542212,13.898203],[100.542271,13.89812],[100.542353,13.898027],[100.54242,13.897968],[100.54251,13.897905],[100.542603,13.897855],[100.542689,13.897821],[100.542783,13.897794],[100.542886,13.897772],[100.542992,13.897764],[100.543102,13.897768],[100.543233,13.897785],[100.54334,13.897817],[100.543448,13.897861],[100.544447,13.898367],[100.544539,13.89841],[100.544634,13.898447],[100.544726,13.898475],[100.544819,13.898495],[100.544907,13.898508],[100.545,13.898513],[100.545087,13.898512],[100.545177,13.898502],[100.545251,13.898488],[100.545332,13.898468],[100.545417,13.898441],[100.546928,13.897909],[100.547028,13.897875],[100.547138,13.897838],[100.547589,13.897692],[100.547685,13.89766],[100.547783,13.897626],[100.547878,13.897593],[100.548436,13.897398],[100.549871,13.896885],[100.552263,13.896053]]},"properties":{"@id":"way/1225451152","bridge":"viaduct","check_date":"10/2019","colour":"#EDA0C2","electrified":"rail","frequency":"0","layer":"2","maxspeed":"80","name":"รถไฟฟ้ามหานคร สายสีชมพู","name:en":"MRT Pink Line","name:th":"รถไฟฟ้ามหานคร สายสีชมพู","opening_date":"2025","operator":"นอร์ทเทิร์นบางกอกโมโนเรล","railway":"monorail","railway:cbtc":"uto","tracks":"2","voltage":"750","wikidata":"Q6584557","wikipedia":"en:Pink Line (Bangkok)"},"id":"way/1225451152"},{"type":"Feature","geometry":{"type":"LineString","coordinates":[[100.552263,13.896053],[100.552765,13.895898],[100.552888,13.895858],[100.553015,13.895815],[100.553377,13.895687],[100.553499,13.895642],[100.553623,13.895594],[100.554098,13.89541]]},"properties":{"@id":"way/1225451153","bridge":"viaduct","check_date":"10/2019","colour":"#EDA0C2","electrified":"rail","frequency":"0","layer":"2","maxspeed":"80","name":"รถไฟฟ้ามหานคร สายสีชมพู","name:en":"MRT Pink Line","name:th":"รถไฟฟ้ามหานคร สายสีชมพู","opening_date":"2023","operator":"นอร์ทเทิร์นบางกอกโมโนเรล","railway":"monorail","railway:cbtc":"uto","tracks":"1","voltage":"750","wikidata":"Q6584557","wikipedia":"en:Pink Line (Bangkok)"},"id":"way/1225451153"},{"type":"Feature","geometry":{"type":"LineString","coordinates":[[100.554098,13.89541],[100.553604,13.895556],[100.553481,13.895596],[100.553358,13.895639],[100.552997,13.895768],[100.552874,13.895813],[100.55275,13.89586],[100.552263,13.896053]]},"properties":{"@id":"way/1225451154","bridge":"viaduct","colour":"#EDA0C2","electrified":"rail","frequency":"0","layer":"2","maxspeed":"80","name":"รถไฟฟ้ามหานคร สายสีชมพู","name:en":"MRT Pink Line","name:th":"รถไฟฟ้ามหานคร สายสีชมพู","opening_date":"2023","operator":"นอร์ทเทิร์นบางกอกโมโนเรล","railway":"monorail","railway:cbtc":"uto","tracks":"1","voltage":"750","wikidata":"Q6584557","wikipedia":"en:Pink Line (Bangkok)"},"id":"way/1225451154"},{"type":"Feature","geometry":{"type":"LineString","coordinates":[[100.592684,13.877977],[100.592962,13.87787],[100.593049,13.87784],[100.593136,13.87781],[100.593298,13.877759],[100.593378,13.877731],[100.593457,13.877701],[100.593527,13.877671],[100.59359,13.877642],[100.593654,13.877609],[100.59582,13.876392]]},"properties":{"@id":"way/1225470378","bridge":"viaduct","check_date":"2023-11-20","colour":"#EDA0C2","electrified":"rail","frequency":"0","layer":"3","maxspeed":"80","name":"รถไฟฟ้ามหานคร สายสีชมพู","name:en":"MRT Pink Line","name:th":"รถไฟฟ้ามหานคร สายสีชมพู","opening_date":"2023-11-21","operator":"นอร์ทเทิร์นบางกอกโมโนเรล","railway":"monorail","railway:cbtc":"uto","tracks":"1","usage":"main","voltage":"750","wikidata":"Q6584557","wikipedia":"en:Pink Line (Bangkok)"},"id":"way/1225470378"},{"type":"Feature","geometry":{"type":"LineString","coordinates":[[100.595665,13.876149],[100.593848,13.877184],[100.593731,13.87725],[100.59361,13.877322],[100.593473,13.877408],[100.59335,13.877491],[100.592684,13.877977]]},"properties":{"@id":"way/1225470379","bridge":"viaduct","check_date":"2023-11-20","colour":"#EDA0C2","electrified":"rail","frequency":"0","layer":"3","maxspeed":"80","name":"รถไฟฟ้ามหานคร สายสีชมพู","name:en":"MRT Pink Line","name:th":"รถไฟฟ้ามหานคร สายสีชมพู","opening_date":"2023-11-21","operator":"นอร์ทเทิร์นบางกอกโมโนเรล","railway":"monorail","railway:cbtc":"uto","tracks":"1","usage":"main","voltage":"750","wikidata":"Q6584557","wikipedia":"en:Pink Line (Bangkok)"},"id":"way/1225470379"},{"type":"Feature","geometry":{"type":"LineString","coordinates":[[100.598196,13.873414],[100.5996,13.87265],[100.599705,13.872593],[100.599827,13.872525],[100.599947,13.872457],[100.600066,13.872388],[100.600187,13.872315],[100.600315,13.872235],[100.600438,13.872161],[100.60056,13.872085],[100.600685,13.872006],[100.600828,13.871914],[100.600976,13.871819]]},"properties":{"@id":"way/1225470380","bridge":"viaduct","check_date":"2023-11-20","colour":"#EDA0C2","electrified":"rail","frequency":"0","layer":"3","maxspeed":"80","name":"รถไฟฟ้ามหานคร สายสีชมพู","name:en":"MRT Pink Line","name:th":"รถไฟฟ้ามหานคร สายสีชมพู","opening_date":"2023-11-21","operator":"นอร์ทเทิร์นบางกอกโมโนเรล","railway":"monorail","railway:cbtc":"uto","tracks":"1","usage":"main","voltage":"750","wikidata":"Q6584557","wikipedia":"en:Pink Line (Bangkok)"},"id":"way/1225470380"},{"type":"Feature","geometry":{"type":"LineString","coordinates":[[100.600976,13.871819],[100.600796,13.871885],[100.600655,13.871945],[100.60024,13.872127],[100.600103,13.872187],[100.599965,13.872247],[100.599842,13.8723],[100.59973,13.872356],[100.59961,13.87242],[100.599489,13.872484],[100.598084,13.873239]]},"properties":{"@id":"way/1225470381","bridge":"viaduct","check_date":"2023-11-20","colour":"#EDA0C2","electrified":"rail","frequency":"0","layer":"3","maxspeed":"80","name":"รถไฟฟ้ามหานคร สายสีชมพู","name:en":"MRT Pink Line","name:th":"รถไฟฟ้ามหานคร สายสีชมพู","opening_date":"2023-11-21","operator":"นอร์ทเทิร์นบางกอกโมโนเรล","railway":"monorail","railway:cbtc":"uto","tracks":"1","usage":"main","voltage":"750","wikidata":"Q6584557","wikipedia":"en:Pink Line (Bangkok)"},"id":"way/1225470381"},{"type":"Feature","geometry":{"type":"LineString","coordinates":[[100.600976,13.871819],[100.602604,13.870939],[100.617802,13.862778],[100.621354,13.860863],[100.626119,13.858291],[100.632213,13.855001],[100.638744,13.851476]]},"properties":{"@id":"way/1225470382","bridge":"viaduct","check_date":"2023-11-20","colour":"#EDA0C2","electrified":"rail","frequency":"0","layer":"2","maxspeed":"80","name":"รถไฟฟ้ามหานคร สายสีชมพู","name:en":"MRT Pink Line","name:th":"รถไฟฟ้ามหานคร สายสีชมพู","opening_date":"2023-11-21","operator":"นอร์ทเทิร์นบางกอกโมโนเรล","railway":"monorail","railway:cbtc":"uto","tracks":"2","voltage":"750","wikidata":"Q6584557","wikipedia":"en:Pink Line (Bangkok)"},"id":"way/1225470382"},{"type":"Feature","geometry":{"type":"LineString","coordinates":[[100.638744,13.851476],[100.642078,13.849676]]},"properties":{"@id":"way/1225470383","bridge":"viaduct","check_date":"2023-11-20","colour":"#EDA0C2","electrified":"rail","frequency":"0","layer":"3","maxspeed":"80","name":"รถไฟฟ้ามหานคร สายสีชมพู","name:en":"MRT Pink Line","name:th":"รถไฟฟ้ามหานคร สายสีชมพู","opening_date":"2023-11-21","operator":"นอร์ทเทิร์นบางกอกโมโนเรล","railway":"monorail","railway:cbtc":"uto","tracks":"2","voltage":"750","wikidata":"Q6584557","wikipedia":"en:Pink Line (Bangkok)"},"id":"way/1225470383"},{"type":"Feature","geometry":{"type":"LineString","coordinates":[[100.527186,13.746826],[100.527302,13.746816],[100.527394,13.746811],[100.527463,13.746808],[100.527551,13.746803]]},"properties":{"@id":"way/1238318570","bridge":"yes","colour":"#02817D","electrified":"rail","frequency":"0","gauge":"1435","layer":"3","line":"Silom","maxspeed":"80","name":"รถไฟฟ้าบีทีเอส สายสีลม","name:en":"BTS Silom Line","name:th":"รถไฟฟ้าบีทีเอส สายสีลม","network":"BTS","official_name":"รถไฟฟ้าเฉลิมพระเกียรติ 6 รอบพระชนมพรรษา สาย 2","operator":"ระบบขนส่งมวลชนกรุงเทพ","operator:en":"Bangkok Mass Transit System;BTSC","railway":"subway","service":"crossover","tracks":"1","usage":"main","voltage":"750"},"id":"way/1238318570"},{"type":"Feature","geometry":{"type":"LineString","coordinates":[[100.527781,13.746762],[100.527888,13.746736],[100.527978,13.746709],[100.528071,13.746681],[100.528161,13.746655]]},"properties":{"@id":"way/1238318571","bridge":"yes","colour":"#02817D","electrified":"rail","frequency":"0","gauge":"1435","layer":"3","line":"Silom","maxspeed":"80","name":"รถไฟฟ้าบีทีเอส สายสีลม","name:en":"BTS Silom Line","name:th":"รถไฟฟ้าบีทีเอส สายสีลม","network":"BTS","official_name":"รถไฟฟ้าเฉลิมพระเกียรติ 6 รอบพระชนมพรรษา สาย 2","operator":"ระบบขนส่งมวลชนกรุงเทพ","operator:en":"Bangkok Mass Transit System;BTSC","railway":"subway","service":"crossover","tracks":"1","usage":"main","voltage":"750"},"id":"way/1238318571"},{"type":"Feature","geometry":{"type":"LineString","coordinates":[[100.518158,13.815912],[100.51367,13.811889],[100.513095,13.811368],[100.51139,13.809801],[100.510095,13.808614]]},"properties":{"@id":"way/1249155395","bridge":"yes","electrified":"no","gauge":"1000","layer":"1","name":"สายใต้เดิม","name:en":"Former Southern Line","name:th":"สายใต้เดิม","operator":"การรถไฟแห่งประเทศไทย","railway":"rail","ref":"ใต้","usage":"branch"},"id":"way/1249155395"},{"type":"Feature","geometry":{"type":"LineString","coordinates":[[100.513893,13.812041],[100.513694,13.811854]]},"properties":{"@id":"way/1249155396","bridge":"yes","electrified":"no","gauge":"1000","layer":"1","name":"สายใต้เดิม","name:en":"Former Southern Line","name:th":"สายใต้เดิม","operator":"การรถไฟแห่งประเทศไทย","railway":"rail","ref":"ใต้","start_date":"1927-01-01","usage":"branch","wikidata":"Q1538802"},"id":"way/1249155396"},{"type":"Feature","geometry":{"type":"LineString","coordinates":[[100.510095,13.808614],[100.502917,13.802067],[100.502658,13.80184],[100.502396,13.801631],[100.501934,13.801301],[100.501586,13.801077],[100.500671,13.80061],[100.500163,13.800356],[100.498756,13.799793],[100.497777,13.799441],[100.496211,13.798884],[100.496119,13.798851],[100.495063,13.798475],[100.489963,13.796656],[100.486991,13.795583],[100.485223,13.79495]]},"properties":{"@id":"way/1249155397","electrified":"no","gauge":"1000","name":"สายใต้เดิม","name:en":"Former Southern Line","name:th":"สายใต้เดิม","operator":"การรถไฟแห่งประเทศไทย","railway":"rail","ref":"ใต้","usage":"branch"},"id":"way/1249155397"},{"type":"Feature","geometry":{"type":"LineString","coordinates":[[100.839111,13.723086],[100.840944,13.722853],[100.844211,13.722452],[100.847537,13.722041],[100.852126,13.721465]]},"properties":{"@id":"way/1252490023","electrified":"no","gauge":"1000","name":"ทางรถไฟสายตะวันออก","name:th":"ทางรถไฟสายตะวันออก","passenger_lines":"2","railway":"rail","railway:etcs":"1","ref":"ตะวันออก","usage":"main"},"id":"way/1252490023"},{"type":"Feature","geometry":{"type":"LineString","coordinates":[[100.852126,13.721465],[100.852314,13.721441]]},"properties":{"@id":"way/1252490024","bridge":"yes","electrified":"no","gauge":"1000","layer":"1","name":"ทางรถไฟสายตะวันออก","name:th":"ทางรถไฟสายตะวันออก","passenger_lines":"2","railway":"rail","railway:etcs":"1","ref":"ตะวันออก","usage":"main"},"id":"way/1252490024"},{"type":"Feature","geometry":{"type":"LineString","coordinates":[[100.839101,13.722998],[100.842976,13.722517],[100.847219,13.72199],[100.851422,13.721465],[100.85211,13.72138]]},"properties":{"@id":"way/1252490025","electrified":"no","gauge":"1000","name":"ทางรถไฟสายตะวันออก","name:th":"ทางรถไฟสายตะวันออก","operator":"การรถไฟแห่งประเทศไทย","passenger_lines":"2","railway":"rail","railway:etcs":"1","ref":"ตะวันออก","usage":"main","wikipedia":"en:State Railway of Thailand#Eastern Line"},"id":"way/1252490025"},{"type":"Feature","geometry":{"type":"LineString","coordinates":[[100.85211,13.72138],[100.852308,13.721354]]},"properties":{"@id":"way/1252490026","bridge":"yes","electrified":"no","gauge":"1000","layer":"1","name":"ทางรถไฟสายตะวันออก","name:th":"ทางรถไฟสายตะวันออก","operator":"การรถไฟแห่งประเทศไทย","passenger_lines":"2","railway":"rail","railway:etcs":"1","ref":"ตะวันออก","usage":"main","wikipedia":"en:State Railway of Thailand#Eastern Line"},"id":"way/1252490026"},{"type":"Feature","geometry":{"type":"LineString","coordinates":[[100.839099,13.722966],[100.842973,13.722486],[100.847217,13.721959],[100.851419,13.721434],[100.852107,13.721349]]},"properties":{"@id":"way/1252490027","electrified":"no","gauge":"1000","name":"ทางรถไฟสายตะวันออก","name:th":"ทางรถไฟสายตะวันออก","operator":"การรถไฟแห่งประเทศไทย","passenger_lines":"2","railway":"rail","railway:etcs":"1","ref":"ตะวันออก","usage":"main","wikipedia":"en:State Railway of Thailand#Eastern Line"},"id":"way/1252490027"},{"type":"Feature","geometry":{"type":"LineString","coordinates":[[100.852107,13.721349],[100.852305,13.721323]]},"properties":{"@id":"way/1252490028","bridge":"yes","electrified":"no","gauge":"1000","layer":"1","name":"ทางรถไฟสายตะวันออก","name:th":"ทางรถไฟสายตะวันออก","operator":"การรถไฟแห่งประเทศไทย","passenger_lines":"2","railway":"rail","railway:etcs":"1","ref":"ตะวันออก","usage":"main","wikipedia":"en:State Railway of Thailand#Eastern Line"},"id":"way/1252490028"},{"type":"Feature","geometry":{"type":"LineString","coordinates":[[100.919479,13.713093],[100.918513,13.713131]]},"properties":{"@id":"way/1252495782","railway":"rail"},"id":"way/1252495782"},{"type":"Feature","geometry":{"type":"LineString","coordinates":[[100.920883,13.712915],[100.921784,13.712725]]},"properties":{"@id":"way/1252495785","railway":"rail"},"id":"way/1252495785"},{"type":"Feature","geometry":{"type":"LineString","coordinates":[[100.915857,13.713427],[100.916518,13.713376]]},"properties":{"@id":"way/1252495787","railway":"rail"},"id":"way/1252495787"},{"type":"Feature","geometry":{"type":"LineString","coordinates":[[100.928026,13.712001],[100.928694,13.711866]]},"properties":{"@id":"way/1252495788","railway":"rail"},"id":"way/1252495788"},{"type":"Feature","geometry":{"type":"LineString","coordinates":[[100.77687,13.728189],[100.776463,13.728233]]},"properties":{"@id":"way/1253301947","railway":"rail"},"id":"way/1253301947"},{"type":"Feature","geometry":{"type":"LineString","coordinates":[[100.777086,13.728195],[100.777578,13.728262]]},"properties":{"@id":"way/1253301948","railway":"rail"},"id":"way/1253301948"},{"type":"Feature","geometry":{"type":"LineString","coordinates":[[100.777497,13.728338],[100.776986,13.72837]]},"properties":{"@id":"way/1253301949","railway":"rail"},"id":"way/1253301949"},{"type":"Feature","geometry":{"type":"LineString","coordinates":[[100.779775,13.728398],[100.780405,13.728468]]},"properties":{"@id":"way/1253301950","railway":"rail"},"id":"way/1253301950"},{"type":"Feature","geometry":{"type":"LineString","coordinates":[[100.787624,13.728467],[100.787182,13.728492]]},"properties":{"@id":"way/1253301951","railway":"rail"},"id":"way/1253301951"},{"type":"Feature","geometry":{"type":"LineString","coordinates":[[100.788051,13.72848],[100.788442,13.728526]]},"properties":{"@id":"way/1253301952","railway":"rail"},"id":"way/1253301952"},{"type":"Feature","geometry":{"type":"LineString","coordinates":[[100.857919,13.720643],[100.858386,13.720618]]},"properties":{"@id":"way/1253302943","railway":"rail"},"id":"way/1253302943"},{"type":"Feature","geometry":{"type":"LineString","coordinates":[[100.864599,13.719801],[100.864256,13.719875]]},"properties":{"@id":"way/1253302944","railway":"rail"},"id":"way/1253302944"},{"type":"Feature","geometry":{"type":"LineString","coordinates":[[100.915611,13.713458],[100.915159,13.713545]]},"properties":{"@id":"way/1253305657","railway":"rail"},"id":"way/1253305657"},{"type":"Feature","geometry":{"type":"LineString","coordinates":[[100.922626,13.712589],[100.922108,13.712684]]},"properties":{"@id":"way/1253305658","railway":"rail"},"id":"way/1253305658"},{"type":"Feature","geometry":{"type":"LineString","coordinates":[[100.929017,13.711826],[100.929347,13.711754]]},"properties":{"@id":"way/1253305659","railway":"rail"},"id":"way/1253305659"},{"type":"Feature","geometry":{"type":"LineString","coordinates":[[100.304003,13.558342],[100.303023,13.557901],[100.302801,13.557807],[100.302406,13.557626],[100.301655,13.557303],[100.301382,13.557181],[100.301293,13.557136],[100.3008,13.55693],[100.299998,13.556568],[100.299148,13.556193]]},"properties":{"@id":"way/1266398602","electrified":"no","gauge":"1000","maxspeed":"80","name":"ทางรถไฟสายแม่กลอง","name:en":"Mae Klong Line","operator":"การรถไฟแห่งประเทศไทย","railway":"rail","ref":"แม่กลอง","train":"yes","usage":"main"},"id":"way/1266398602"},{"type":"Feature","geometry":{"type":"LineString","coordinates":[[100.299148,13.556193],[100.298883,13.556076]]},"properties":{"@id":"way/1266398603","bridge":"yes","electrified":"no","gauge":"1000","layer":"1","maxspeed":"80","name":"ทางรถไฟสายแม่กลอง","name:en":"Mae Klong Line","operator":"การรถไฟแห่งประเทศไทย","railway":"rail","ref":"แม่กลอง","train":"yes","usage":"main"},"id":"way/1266398603"},{"type":"Feature","geometry":{"type":"LineString","coordinates":[[100.599124,14.012189],[100.597295,14.027761],[100.597129,14.028896],[100.596882,14.030134],[100.594055,14.043749],[100.593755,14.045357],[100.59104,14.061723],[100.586888,14.088364],[100.586706,14.089712],[100.586556,14.090887],[100.581565,14.132092],[100.581347,14.133891],[100.576943,14.171567],[100.576776,14.172987],[100.576728,14.174219],[100.576771,14.175322],[100.576894,14.176659],[100.578419,14.18983],[100.579867,14.201981],[100.581145,14.209347],[100.581951,14.215859],[100.582172,14.217781],[100.582731,14.222203],[100.583076,14.225216],[100.583562,14.229111],[100.584721,14.238699],[100.585843,14.248113],[100.586667,14.255126],[100.58756,14.262432],[100.588821,14.273491],[100.588948,14.27452],[100.588937,14.276706],[100.588891,14.2777],[100.588857,14.278581],[100.58876,14.279808],[100.583289,14.326393],[100.582583,14.332397],[100.58253,14.333296],[100.582538,14.334193],[100.582642,14.335076],[100.582838,14.336014],[100.584761,14.344335],[100.584847,14.344813],[100.584903,14.345351],[100.584922,14.345863],[100.584901,14.346308],[100.584831,14.346861],[100.584702,14.34743],[100.584512,14.348121],[100.583334,14.352721],[100.583171,14.353466],[100.583058,14.354345],[100.583004,14.355353],[100.582771,14.360225],[100.582763,14.360903],[100.582784,14.361522],[100.582838,14.362062],[100.582929,14.362634],[100.583055,14.363213],[100.583364,14.364104],[100.583718,14.364925],[100.586749,14.370954],[100.58714,14.371832],[100.587403,14.37259],[100.587763,14.374118],[100.588321,14.376514],[100.588535,14.377215],[100.588787,14.377849],[100.589039,14.378359],[100.589367,14.378946],[100.589747,14.379517],[100.59015,14.380032],[100.59074,14.380635],[100.591303,14.381107],[100.591883,14.381544],[100.592478,14.381918],[100.593191,14.382313],[100.639701,14.406573],[100.643486,14.408558],[100.644927,14.409297],[100.646055,14.409849],[100.648738,14.411059],[100.677667,14.424115],[100.678651,14.424607],[100.679593,14.425162],[100.680428,14.425665],[100.686849,14.429784],[100.707802,14.442917],[100.713836,14.446839],[100.717501,14.449343],[100.719895,14.450809],[100.728944,14.456211],[100.748969,14.468927],[100.753315,14.471597],[100.756158,14.473368],[100.825504,14.516969],[100.826612,14.517636],[100.827615,14.518137],[100.828908,14.518627],[100.830177,14.519023],[100.831212,14.519304],[100.832161,14.519466],[100.833403,14.519591],[100.918783,14.527814],[100.919458,14.527897],[100.920087,14.528023],[100.920698,14.528205],[100.921294,14.52844],[100.921825,14.528697],[100.922284,14.528971],[100.922682,14.529267],[100.92304,14.529569],[100.92342,14.529965],[100.923699,14.53029],[100.923964,14.530629],[100.92424,14.530981],[100.925126,14.53222],[100.925947,14.533408],[100.927121,14.534572],[100.928445,14.535519],[100.958002,14.551932],[100.95967,14.553045],[100.961352,14.554635],[100.981977,14.575147],[100.982857,14.575719],[100.984005,14.576349],[100.999455,14.584822],[101.01257,14.591766]]},"properties":{"@id":"way/1271542486","check_date":"2026-01-22","construction":"rail","construction:electrified":"contact_line","construction:frequency":"50","construction:railway":"rail","construction:voltage":"25000","electrified":"contact_line","gauge":"1435","highspeed":"yes","maxspeed":"250","name":"รถไฟความเร็วสูง สายกรุงเทพฯ-นครราชสีมา","name:en":"Bangkok-Nakhon Ratchasima High-speed rail","name:th":"รถไฟความเร็วสูง สายกรุงเทพฯ-นครราชสีมา","operator":"การรถไฟแห่งประเทศไทย","railway":"construction","railway:ctcs":"2","usage":"main"},"id":"way/1271542486"},{"type":"Feature","geometry":{"type":"LineString","coordinates":[[100.54843,13.824118],[100.548133,13.823671]]},"properties":{"@id":"way/1271681716","electrified":"contact_line","frequency":"50","gauge":"1000","operator":"การรถไฟแห่งประเทศไทย","railway":"rail","service":"crossover","voltage":"25000"},"id":"way/1271681716"},{"type":"Feature","geometry":{"type":"LineString","coordinates":[[100.550633,13.828411],[100.550683,13.828502]]},"properties":{"@id":"way/1271681718","electrified":"contact_line","frequency":"50","gauge":"1000","level":"0","maxspeed":"120","name":"ทางรถไฟสายเหนือ/ตะวันออกเฉียงเหนือเดิม","name:en":"Former North/North East Railway","name:th":"ทางรถไฟสายเหนือ/ตะวันออกเฉียงเหนือเดิม","operator":"การรถไฟแห่งประเทศไทย","passenger_lines":"2","railway":"rail","railway:etcs":"1","source":"GPS","usage":"branch","voltage":"25000"},"id":"way/1271681718"},{"type":"Feature","geometry":{"type":"LineString","coordinates":[[100.550362,13.827903],[100.550633,13.828411]]},"properties":{"@id":"way/1271681719","electrified":"contact_line","frequency":"50","gauge":"1000","level":"0","maxspeed":"120","name":"ทางรถไฟสายเหนือ/ตะวันออกเฉียงเหนือเดิม","name:en":"Former North/North East Railway","name:th":"ทางรถไฟสายเหนือ/ตะวันออกเฉียงเหนือเดิม","operator":"การรถไฟแห่งประเทศไทย","passenger_lines":"2","railway":"rail","railway:etcs":"1","source":"GPS","usage":"branch","voltage":"25000"},"id":"way/1271681719"},{"type":"Feature","geometry":{"type":"LineString","coordinates":[[100.550633,13.828411],[100.550394,13.827891]]},"properties":{"@id":"way/1271681720","electrified":"contact_line","frequency":"50","gauge":"1000","level":"0","railway":"rail","railway:etcs":"1","service":"crossover","train":"yes","voltage":"25000"},"id":"way/1271681720"},{"type":"Feature","geometry":{"type":"LineString","coordinates":[[100.517101,13.743625],[100.517092,13.743371],[100.517082,13.743068]]},"properties":{"@id":"way/1271763809","electrified":"no","gauge":"1000","railway":"rail","service":"crossover"},"id":"way/1271763809"},{"type":"Feature","geometry":{"type":"LineString","coordinates":[[100.518958,13.752527],[100.518555,13.751488],[100.518432,13.751191],[100.518333,13.750934],[100.518234,13.750642],[100.518137,13.750299],[100.518051,13.749979],[100.517993,13.749763],[100.517945,13.749514],[100.517726,13.7481],[100.517707,13.747892],[100.517669,13.747501],[100.517536,13.746567]]},"properties":{"@id":"way/1271763814","electrified":"no","gauge":"1000","maxspeed":"30","operator":"การรถไฟแห่งประเทศไทย","railway":"rail","railway:etcs":"1","source":"GPS","usage":"main"},"id":"way/1271763814"},{"type":"Feature","geometry":{"type":"LineString","coordinates":[[100.530577,13.781434],[100.530181,13.780415],[100.529186,13.777867],[100.527695,13.774267],[100.526058,13.770213],[100.522903,13.762433],[100.520473,13.756471],[100.518716,13.752013],[100.518302,13.751043],[100.518107,13.750365],[100.518004,13.749917],[100.517895,13.749367],[100.517817,13.748852],[100.51771,13.748111],[100.517356,13.745788],[100.517109,13.745062],[100.516804,13.744384],[100.516479,13.743439],[100.515948,13.739061],[100.515675,13.737294],[100.515551,13.736319],[100.515414,13.733745],[100.515205,13.732698],[100.514804,13.731954],[100.514403,13.7316],[100.507802,13.729825],[100.496878,13.727196]]},"properties":{"@id":"way/1271763817","name":"สายสีแดงเข้ม ส่วนต่อขยายด้านใต้","name:en":"Dark Red Line southern extensions","name:th":"สายสีแดงเข้ม ส่วนต่อขยายด้านใต้","proposed":"railway","proposed:electrified":"contact_line","proposed:frequency":"50","proposed:gauge":"1000","proposed:railway":"rail","proposed:railway:etcs":"1","proposed:voltage":"25000","railway":"proposed","source":"GPS","tunnel":"yes","usage":"main","wikidata":"Q2542280","wikipedia":"th:รถไฟฟ้าชานเมือง สายสีแดง"},"id":"way/1271763817"},{"type":"Feature","geometry":{"type":"LineString","coordinates":[[100.518091,13.74997],[100.518178,13.750289],[100.518273,13.750617],[100.518371,13.750914],[100.518466,13.751173],[100.518592,13.751482],[100.519008,13.752509]]},"properties":{"@id":"way/1271763818","electrified":"no","gauge":"1000","maxspeed":"30","operator":"การรถไฟแห่งประเทศไทย","railway":"rail","railway:etcs":"1","usage":"main"},"id":"way/1271763818"},{"type":"Feature","geometry":{"type":"LineString","coordinates":[[100.518091,13.74997],[100.518041,13.749755],[100.517984,13.749513],[100.517878,13.748824],[100.517851,13.748646],[100.517824,13.748267],[100.51782,13.748137],[100.517825,13.747943],[100.517847,13.747763],[100.518043,13.746034],[100.51806,13.745879],[100.518065,13.745711],[100.518056,13.74551],[100.518012,13.745191],[100.517974,13.744957],[100.517922,13.744746],[100.517805,13.744322],[100.517763,13.744172],[100.517734,13.744067]]},"properties":{"@id":"way/1271763820","electrified":"no","gauge":"1000","maxspeed":"30","operator":"การรถไฟแห่งประเทศไทย","railway":"rail","railway:etcs":"1","source":"GPS","usage":"main"},"id":"way/1271763820"},{"type":"Feature","geometry":{"type":"LineString","coordinates":[[100.517981,13.749256],[100.517878,13.748824]]},"properties":{"@id":"way/1271763821","electrified":"no","gauge":"1000","maxspeed":"30","railway":"rail","railway:etcs":"1","service":"crossover"},"id":"way/1271763821"},{"type":"Feature","geometry":{"type":"LineString","coordinates":[[100.537405,13.797961],[100.537562,13.79826]]},"properties":{"@id":"way/1271763824","electrified":"no","gauge":"1000","maxspeed":"70","operator":"การรถไฟแห่งประเทศไทย","railway":"rail","railway:etcs":"1","source":"GPS","tracks":"1","usage":"branch"},"id":"way/1271763824"},{"type":"Feature","geometry":{"type":"LineString","coordinates":[[100.555708,13.838199],[100.555814,13.838414],[100.556111,13.839079]]},"properties":{"@id":"way/1271763825","bridge":"viaduct","colour":"#E10506","electrified":"contact_line","frequency":"50","gauge":"1000","layer":"3","level":"3","railway":"rail","railway:etcs":"1","usage":"main","voltage":"25000"},"id":"way/1271763825"},{"type":"Feature","geometry":{"type":"LineString","coordinates":[[100.555734,13.838181],[100.555394,13.837543],[100.554724,13.83625]]},"properties":{"@id":"way/1271763826","bridge":"viaduct","colour":"#E10506","electrified":"contact_line","frequency":"50","gauge":"1000","layer":"3","level":"2;3","railway":"rail","railway:etcs":"1","usage":"main","voltage":"25000"},"id":"way/1271763826"},{"type":"Feature","geometry":{"type":"LineString","coordinates":[[100.548179,13.824174],[100.546934,13.821497],[100.54658,13.82074],[100.54636,13.820257],[100.546154,13.819707],[100.54597,13.819167]]},"properties":{"@id":"way/1271763827","bridge":"viaduct","colour":"#E10506","description":"New SRT main line","electrified":"contact_line","frequency":"50","gauge":"1000","layer":"3","level":"2;3","oneway":"yes","operator":"การรถไฟแห่งประเทศไทย","railway":"rail","railway:etcs":"1","tracks":"1","train":"yes","usage":"main","voltage":"25000"},"id":"way/1271763827"},{"type":"Feature","geometry":{"type":"LineString","coordinates":[[100.54591,13.819183],[100.546115,13.819718],[100.546322,13.82027],[100.546545,13.820756],[100.5469,13.821513],[100.548154,13.824183]]},"properties":{"@id":"way/1271763828","bridge":"viaduct","colour":"#E10506","description":"New SRT main line","electrified":"contact_line","frequency":"50","gauge":"1000","layer":"3","level":"2;3","oneway":"yes","operator":"การรถไฟแห่งประเทศไทย","railway":"rail","railway:etcs":"1","tracks":"1","train":"yes","usage":"main","voltage":"25000"},"id":"way/1271763828"},{"type":"Feature","geometry":{"type":"LineString","coordinates":[[100.538246,13.798392],[100.538727,13.798851]]},"properties":{"@id":"way/1271763833","bridge":"viaduct","gauge":"1000","layer":"1","level":"2","railway":"rail","service":"crossover","train":"yes"},"id":"way/1271763833"},{"type":"Feature","geometry":{"type":"LineString","coordinates":[[100.537923,13.799231],[100.538129,13.799848]]},"properties":{"@id":"way/1271763834","electrified":"no","gauge":"1000","railway":"rail","service":"crossover"},"id":"way/1271763834"},{"type":"Feature","geometry":{"type":"LineString","coordinates":[[100.537864,13.799084],[100.537673,13.798523]]},"properties":{"@id":"way/1271763836","electrified":"no","gauge":"1000","operator":"การรถไฟแห่งประเทศไทย","railway":"rail","service":"crossover"},"id":"way/1271763836"},{"type":"Feature","geometry":{"type":"LineString","coordinates":[[100.580264,13.746476],[100.579646,13.746647]]},"properties":{"@id":"way/1271817793","alt_name":"รถไฟฟ้าแอร์พอร์ต เรล ลิงก์","alt_name:en":"Airport Rail Link","alt_name:th":"รถไฟฟ้าแอร์พอร์ต เรล ลิงก์","bridge":"viaduct","electrified":"contact_line","frequency":"50","gauge":"1435","highspeed":"yes","layer":"4","level":"4","loc_name":"แอร์พอร์ตลิงก์","loc_name:en":"Airport Link","loc_name:th":"แอร์พอร์ตลิงก์","name":"รถไฟฟ้าเอราวัน","name:en":"AERA1 SkyTrain","name:th":"รถไฟฟ้าเอราวัน","network":"ARL","official_name":"รถไฟฟ้าเชื่อมท่าอากาศยานสุวรรณภูมิ","operator":"เอเชียเอราวัน","operator:en":"Asia Era One Company Limited","railway":"rail","usage":"main","voltage":"25000","wikidata":"Q1133704","wikipedia":"en:Airport Rail Link (Bangkok)"},"id":"way/1271817793"},{"type":"Feature","geometry":{"type":"LineString","coordinates":[[100.083296,13.463142],[100.081751,13.462],[100.081433,13.461779],[100.07748,13.458924],[100.074935,13.457073],[100.074488,13.456748],[100.073857,13.456237],[100.073581,13.456031],[100.073538,13.455998],[100.073482,13.455956]]},"properties":{"@id":"way/1289403530","electrified":"no","gauge":"1000","name":"ทางรถไฟสายแม่กลอง","name:en":"Mae Klong Line","name:th":"ทางรถไฟสายแม่กลอง","operator":"การรถไฟแห่งประเทศไทย","railway":"rail","ref":"แม่กลอง","usage":"main"},"id":"way/1289403530"},{"type":"Feature","geometry":{"type":"LineString","coordinates":[[100.083549,13.46332],[100.083296,13.463142]]},"properties":{"@id":"way/1289403531","bridge":"yes","electrified":"no","gauge":"1000","layer":"1","name":"ทางรถไฟสายแม่กลอง","name:en":"Mae Klong Line","name:th":"ทางรถไฟสายแม่กลอง","operator":"การรถไฟแห่งประเทศไทย","railway":"rail","ref":"แม่กลอง","usage":"main"},"id":"way/1289403531"},{"type":"Feature","geometry":{"type":"LineString","coordinates":[[101.101084,13.562255],[101.100103,13.557403]]},"properties":{"@id":"way/1305509357","electrified":"no","gauge":"1000","name":"ทางรถไฟสายตะวันออก","name:th":"ทางรถไฟสายตะวันออก","oneway":"no","passenger_lines":"2","railway":"rail","railway:etcs":"1","ref":"ตะวันออก","usage":"main"},"id":"way/1305509357"},{"type":"Feature","geometry":{"type":"LineString","coordinates":[[101.101129,13.562483],[101.101084,13.562255]]},"properties":{"@id":"way/1305509358","bridge":"yes","electrified":"no","gauge":"1000","layer":"1","name":"ทางรถไฟสายตะวันออก","name:th":"ทางรถไฟสายตะวันออก","oneway":"no","passenger_lines":"2","railway":"rail","railway:etcs":"1","ref":"ตะวันออก","usage":"main"},"id":"way/1305509358"},{"type":"Feature","geometry":{"type":"LineString","coordinates":[[101.101194,13.562239],[101.100699,13.559792],[101.100217,13.557393]]},"properties":{"@id":"way/1305509359","electrified":"no","gauge":"1000","name":"ทางรถไฟสายตะวันออก","name:th":"ทางรถไฟสายตะวันออก","oneway":"no","passenger_lines":"2","railway":"rail","railway:etcs":"1","ref":"ตะวันออก","usage":"main"},"id":"way/1305509359"},{"type":"Feature","geometry":{"type":"LineString","coordinates":[[101.101225,13.562391],[101.101194,13.562239]]},"properties":{"@id":"way/1305509360","bridge":"yes","electrified":"no","gauge":"1000","layer":"1","name":"ทางรถไฟสายตะวันออก","name:th":"ทางรถไฟสายตะวันออก","oneway":"no","passenger_lines":"2","railway":"rail","railway:etcs":"1","ref":"ตะวันออก","usage":"main"},"id":"way/1305509360"},{"type":"Feature","geometry":{"type":"LineString","coordinates":[[100.597483,13.710749],[100.596591,13.711385],[100.595403,13.712238],[100.593855,13.713346],[100.591888,13.714733],[100.591248,13.715189],[100.590743,13.715549],[100.589255,13.716621],[100.587585,13.717802],[100.5857,13.719138],[100.585128,13.719552],[100.584557,13.719965],[100.583446,13.720758],[100.581791,13.721944],[100.581018,13.722495],[100.579646,13.723473],[100.57853,13.724257],[100.57796,13.724657],[100.576858,13.725433],[100.575904,13.726109],[100.57475,13.726922],[100.573814,13.727588],[100.571975,13.728876],[100.570862,13.729656],[100.570303,13.73005],[100.569724,13.730452],[100.569132,13.730863],[100.568537,13.731282],[100.567653,13.731918],[100.566558,13.7327],[100.565966,13.733121],[100.565773,13.73326],[100.564965,13.733823],[100.564359,13.734271],[100.563413,13.734937],[100.562782,13.735367],[100.562644,13.735465],[100.562512,13.735558],[100.562103,13.735847],[100.561841,13.736024],[100.561376,13.736347],[100.561026,13.736596],[100.560956,13.736646],[100.560364,13.737068],[100.559818,13.737458],[100.559019,13.738021],[100.558018,13.73873],[100.557144,13.739351],[100.556012,13.740155],[100.555443,13.740555],[100.554945,13.740904],[100.554584,13.741158],[100.554177,13.741454],[100.554023,13.741564],[100.553776,13.741724],[100.553545,13.741859],[100.553354,13.741967],[100.553151,13.742065],[100.553039,13.742121],[100.552885,13.742184],[100.552616,13.742293],[100.552389,13.742374],[100.552089,13.742469],[100.5519,13.742526],[100.551734,13.742566],[100.551442,13.742617],[100.551182,13.742662],[100.551012,13.742696],[100.550507,13.742812],[100.550296,13.742855],[100.549701,13.742964],[100.548979,13.74309],[100.5483,13.743209],[100.546713,13.743489],[100.543743,13.744004],[100.543073,13.744119],[100.542469,13.744224],[100.541828,13.744339]]},"properties":{"@id":"way/1306290560","bridge":"viaduct","electrified":"rail","frequency":"0","gauge":"1435","layer":"3","maxspeed":"80","name":"รถไฟฟ้าบีทีเอส สายสุขุมวิท","name:en":"BTS Sukhumvit Line","name:th":"รถไฟฟ้าบีทีเอส สายสุขุมวิท","network":"BTS","official_name":"รถไฟฟ้าเฉลิมพระเกียรติ 6 รอบพระชนมพรรษา สาย 1","operator":"ระบบขนส่งมวลชนกรุงเทพ","operator:en":"Bangkok Mass Transit System;BTSC","railway":"subway","railway:cbtc":"sto","railway:track_ref":"1","ref":"สุขุมวิท","tracks":"1","usage":"main","voltage":"750","wikidata":"Q4921598","wikipedia":"th:รถไฟฟ้าบีทีเอส สายสุขุมวิท","wikipedia:en":"en:BTS Skytrain"},"id":"way/1306290560"},{"type":"Feature","geometry":{"type":"LineString","coordinates":[[100.750602,13.691553],[100.750566,13.69141],[100.748299,13.682489],[100.748248,13.682287]]},"properties":{"@id":"way/1313664216","electrified":"rail","frequency":"0","gauge":"2080","layer":"-1","name":"ระบบขนส่งผู้โดยสารอัตโนมัติท่าอากาศยานสุวรรณภูมิ","name:en":"Suvarnabhumi Airport Automated People Mover","name:th":"ระบบขนส่งผู้โดยสารอัตโนมัติท่าอากาศยานสุวรรณภูมิ","oneway":"yes","operator":"บริษัท ท่าอากาศยานไทย จำกัด (มหาชน)","railway":"light_rail","railway:cbtc":"uto","short_name":"เอพีเอ็ม สุวรรณภูมิ","tunnel":"yes","voltage":"750"},"id":"way/1313664216"},{"type":"Feature","geometry":{"type":"LineString","coordinates":[[100.932413,13.711472],[100.932432,13.71147],[100.934459,13.711217],[100.935515,13.711076],[100.944217,13.71003],[100.945785,13.709841],[100.9478,13.709588],[100.951062,13.709166],[100.957555,13.708324]]},"properties":{"@id":"way/1318801615","electrified":"no","gauge":"1000","name":"ทางรถไฟสายตะวันออก","name:th":"ทางรถไฟสายตะวันออก","passenger_lines":"2","railway":"rail","railway:etcs":"1","ref":"ตะวันออก","usage":"main"},"id":"way/1318801615"},{"type":"Feature","geometry":{"type":"LineString","coordinates":[[100.932377,13.711409],[100.945771,13.709745],[100.945809,13.70974],[100.957552,13.708247]]},"properties":{"@id":"way/1318801616","electrified":"no","gauge":"1000","name":"ทางรถไฟสายตะวันออก","name:th":"ทางรถไฟสายตะวันออก","operator":"การรถไฟแห่งประเทศไทย","passenger_lines":"2","railway":"rail","railway:etcs":"1","ref":"ตะวันออก","usage":"main","wikipedia":"en:State Railway of Thailand#Eastern Line"},"id":"way/1318801616"},{"type":"Feature","geometry":{"type":"LineString","coordinates":[[100.932355,13.71138],[100.945768,13.709714],[100.945806,13.709709],[100.957563,13.708215]]},"properties":{"@id":"way/1318801617","electrified":"no","gauge":"1000","name":"ทางรถไฟสายตะวันออก","name:th":"ทางรถไฟสายตะวันออก","operator":"การรถไฟแห่งประเทศไทย","passenger_lines":"2","railway":"rail","railway:etcs":"1","ref":"ตะวันออก","usage":"main","wikipedia":"en:State Railway of Thailand#Eastern Line"},"id":"way/1318801617"},{"type":"Feature","geometry":{"type":"LineString","coordinates":[[100.932043,13.711419],[100.932355,13.71138]]},"properties":{"@id":"way/1318801618","bridge":"yes","electrified":"no","gauge":"1000","layer":"1","name":"ทางรถไฟสายตะวันออก","name:th":"ทางรถไฟสายตะวันออก","operator":"การรถไฟแห่งประเทศไทย","passenger_lines":"2","railway":"rail","railway:etcs":"1","ref":"ตะวันออก","usage":"main","wikipedia":"en:State Railway of Thailand#Eastern Line"},"id":"way/1318801618"},{"type":"Feature","geometry":{"type":"LineString","coordinates":[[100.932065,13.711447],[100.932377,13.711409]]},"properties":{"@id":"way/1318801619","bridge":"yes","electrified":"no","gauge":"1000","layer":"1","name":"ทางรถไฟสายตะวันออก","name:th":"ทางรถไฟสายตะวันออก","operator":"การรถไฟแห่งประเทศไทย","passenger_lines":"2","railway":"rail","railway:etcs":"1","ref":"ตะวันออก","usage":"main","wikipedia":"en:State Railway of Thailand#Eastern Line"},"id":"way/1318801619"},{"type":"Feature","geometry":{"type":"LineString","coordinates":[[100.932086,13.711513],[100.932413,13.711472]]},"properties":{"@id":"way/1318801620","bridge":"yes","electrified":"no","gauge":"1000","layer":"1","name":"ทางรถไฟสายตะวันออก","name:th":"ทางรถไฟสายตะวันออก","passenger_lines":"2","railway":"rail","railway:etcs":"1","ref":"ตะวันออก","usage":"main"},"id":"way/1318801620"},{"type":"Feature","geometry":{"type":"LineString","coordinates":[[100.76476,13.730944],[100.764701,13.73144]]},"properties":{"@id":"way/1322746761","electrified":"no","gauge":"1000","name":"ทางรถไฟไอซีดีลาดกระบัง","railway":"rail","service":"crossover","usage":"industrial"},"id":"way/1322746761"},{"type":"Feature","geometry":{"type":"LineString","coordinates":[[100.764701,13.731538],[100.764755,13.731854]]},"properties":{"@id":"way/1322746762","electrified":"no","gauge":"1000","name":"ทางรถไฟไอซีดีลาดกระบัง","railway":"rail","service":"crossover","usage":"industrial"},"id":"way/1322746762"},{"type":"Feature","geometry":{"type":"LineString","coordinates":[[100.764695,13.732152],[100.76475,13.732765]]},"properties":{"@id":"way/1322746763","electrified":"no","gauge":"1000","name":"ทางรถไฟไอซีดีลาดกระบัง","railway":"rail","service":"crossover","usage":"industrial"},"id":"way/1322746763"},{"type":"Feature","geometry":{"type":"LineString","coordinates":[[100.764748,13.73587],[100.764682,13.736616]]},"properties":{"@id":"way/1322746764","electrified":"no","gauge":"1000","name":"ทางรถไฟไอซีดีลาดกระบัง","railway":"rail","service":"crossover","usage":"industrial"},"id":"way/1322746764"},{"type":"Feature","geometry":{"type":"LineString","coordinates":[[100.764782,13.737279],[100.764742,13.73677]]},"properties":{"@id":"way/1322811832","electrified":"no","gauge":"1000","name":"ทางรถไฟไอซีดีลาดกระบัง","railway":"rail","service":"crossover","usage":"industrial"},"id":"way/1322811832"},{"type":"Feature","geometry":{"type":"LineString","coordinates":[[100.76468,13.736764],[100.764645,13.737282]]},"properties":{"@id":"way/1322811833","electrified":"no","gauge":"1000","name":"ทางรถไฟไอซีดีลาดกระบัง","railway":"rail","service":"crossover","usage":"industrial"},"id":"way/1322811833"},{"type":"Feature","geometry":{"type":"LineString","coordinates":[[101.091555,13.515043],[101.09096,13.512075],[101.089642,13.505554],[101.089217,13.503514],[101.088898,13.501847],[101.088385,13.499309],[101.088114,13.497985]]},"properties":{"@id":"way/1327200351","electrified":"no","gauge":"1000","name":"ทางรถไฟสายตะวันออก","name:th":"ทางรถไฟสายตะวันออก","oneway":"no","passenger_lines":"2","railway":"rail","railway:etcs":"1","ref":"ตะวันออก","usage":"main"},"id":"way/1327200351"},{"type":"Feature","geometry":{"type":"LineString","coordinates":[[101.091586,13.515195],[101.091555,13.515043]]},"properties":{"@id":"way/1327200352","bridge":"yes","electrified":"no","gauge":"1000","layer":"1","name":"ทางรถไฟสายตะวันออก","name:th":"ทางรถไฟสายตะวันออก","oneway":"no","passenger_lines":"2","railway":"rail","railway:etcs":"1","ref":"ตะวันออก","usage":"main"},"id":"way/1327200352"},{"type":"Feature","geometry":{"type":"LineString","coordinates":[[101.091668,13.515014],[101.091078,13.512089],[101.089803,13.505753],[101.089351,13.503596],[101.089066,13.502115],[101.088528,13.499466],[101.08824,13.498036]]},"properties":{"@id":"way/1327200353","electrified":"no","gauge":"1000","name":"ทางรถไฟสายตะวันออก","name:th":"ทางรถไฟสายตะวันออก","oneway":"no","passenger_lines":"2","railway":"rail","railway:etcs":"1","ref":"ตะวันออก","usage":"main"},"id":"way/1327200353"},{"type":"Feature","geometry":{"type":"LineString","coordinates":[[101.0917,13.515175],[101.091668,13.515014]]},"properties":{"@id":"way/1327200354","bridge":"yes","electrified":"no","gauge":"1000","layer":"1","name":"ทางรถไฟสายตะวันออก","name:th":"ทางรถไฟสายตะวันออก","oneway":"no","passenger_lines":"2","railway":"rail","railway:etcs":"1","ref":"ตะวันออก","usage":"main"},"id":"way/1327200354"},{"type":"Feature","geometry":{"type":"LineString","coordinates":[[100.465625,13.768707],[100.466596,13.767929],[100.467793,13.76697],[100.468834,13.766136]]},"properties":{"@id":"way/1347945755","electrified":"no","gauge":"1000","name":"ทางรถไฟสายใต้","name:en":"Southern Line","operator":"การรถไฟแห่งประเทศไทย","passenger_lines":"1","railway":"rail","source":"Yahoo! Image","usage":"main"},"id":"way/1347945755"},{"type":"Feature","geometry":{"type":"LineString","coordinates":[[100.465554,13.768764],[100.465625,13.768707]]},"properties":{"@id":"way/1347945756","bridge":"yes","electrified":"no","gauge":"1000","layer":"1","name":"ทางรถไฟสายใต้","name:en":"Southern Line","operator":"การรถไฟแห่งประเทศไทย","passenger_lines":"1","railway":"rail","source":"Yahoo! Image","usage":"main"},"id":"way/1347945756"},{"type":"Feature","geometry":{"type":"LineString","coordinates":[[100.676505,13.820853],[100.676982,13.819606],[100.677087,13.819393],[100.677208,13.81927],[100.677343,13.819221],[100.677474,13.819216],[100.677603,13.819246],[100.677669,13.819292],[100.677753,13.819393],[100.677778,13.819448],[100.6778,13.819527],[100.677807,13.819603],[100.677791,13.819698],[100.677647,13.820068],[100.6774,13.820686],[100.677221,13.821153],[100.677131,13.821248],[100.676991,13.821306],[100.676863,13.821315],[100.67676,13.8213],[100.676643,13.821243],[100.676557,13.821147],[100.676507,13.821013],[100.67649,13.820933],[100.676505,13.820853]]},"properties":{"@id":"way/1355621957","bridge":"yes","layer":"1","railway":"monorail"},"id":"way/1355621957"},{"type":"Feature","geometry":{"type":"LineString","coordinates":[[100.67137,13.775778],[100.669386,13.774676],[100.667175,13.773452],[100.66623,13.772943],[100.665611,13.772569],[100.664816,13.772065],[100.661548,13.769969],[100.66075,13.769473],[100.660074,13.769031],[100.657531,13.767371],[100.655553,13.76616],[100.654899,13.765802],[100.652604,13.764627],[100.651557,13.764096],[100.650303,13.763524],[100.649646,13.763268],[100.649013,13.763081],[100.648554,13.762988],[100.647801,13.762886],[100.64487,13.762539],[100.641529,13.762173],[100.637727,13.761772],[100.632676,13.761191],[100.6282,13.760679],[100.623858,13.760147],[100.620067,13.759742],[100.619731,13.759696],[100.619452,13.75962],[100.61863,13.759253],[100.617735,13.758874],[100.617048,13.758492],[100.61648,13.758107],[100.615946,13.757737],[100.612893,13.754688],[100.60831,13.750061],[100.607013,13.748734],[100.606386,13.748114],[100.605917,13.747777],[100.605515,13.747651],[100.605338,13.747642],[100.605112,13.747679],[100.604856,13.747726],[100.60343,13.748238],[100.59268,13.752063],[100.588678,13.753369],[100.585453,13.754386],[100.584673,13.75461],[100.584503,13.754638],[100.583318,13.754803],[100.580461,13.755204],[100.579106,13.755296],[100.576886,13.755452],[100.575888,13.755519],[100.575622,13.755554],[100.575409,13.755606],[100.575083,13.755736],[100.574623,13.756018],[100.574091,13.75645],[100.573685,13.757214],[100.573584,13.75746],[100.573483,13.757864],[100.573378,13.758715],[100.573191,13.762117],[100.57307,13.762805],[100.572984,13.763024],[100.572875,13.763176],[100.570891,13.765274],[100.569998,13.766207]]},"properties":{"@id":"way/1362600703","colour":"#FF6610","construction":"subway","construction:electrified":"rail","construction:frequency":"0","construction:railway":"subway","construction:voltage":"750","gauge":"1435","layer":"-1","maxspeed":"80","name":"รถไฟฟ้ามหานคร สายสีส้ม","name:en":"MRT Orange Line","name:th":"รถไฟฟ้ามหานคร สายสีส้ม","name:zh":"曼谷地铁橙线","operator":"ทางด่วนและรถไฟฟ้ากรุงเทพ","railway":"construction","ref":"OR","tunnel":"yes"},"id":"way/1362600703"},{"type":"Feature","geometry":{"type":"LineString","coordinates":[[100.538956,13.801276],[100.53908,13.801546],[100.539092,13.801572],[100.539305,13.802033]]},"properties":{"@id":"way/1362817756","electrified":"no","gauge":"1000","maxspeed":"40","operator":"การรถไฟแห่งประเทศไทย","railway":"rail","railway:etcs":"1","source":"GPS","tracks":"1","usage":"branch"},"id":"way/1362817756"},{"type":"Feature","geometry":{"type":"LineString","coordinates":[[100.538824,13.801327],[100.538845,13.801373],[100.538962,13.801615],[100.538969,13.801628],[100.539173,13.802072]]},"properties":{"@id":"way/1362817757","electrified":"no","gauge":"1000","maxspeed":"40","operator":"การรถไฟแห่งประเทศไทย","railway":"rail","railway:etcs":"1","tracks":"1","usage":"branch"},"id":"way/1362817757"},{"type":"Feature","geometry":{"type":"LineString","coordinates":[[100.538784,13.801344],[100.538921,13.801639],[100.538935,13.801668],[100.539138,13.802089]]},"properties":{"@id":"way/1362817758","electrified":"no","gauge":"1000","maxspeed":"40","operator":"การรถไฟแห่งประเทศไทย","railway":"rail","railway:etcs":"1","tracks":"1","usage":"branch"},"id":"way/1362817758"},{"type":"Feature","geometry":{"type":"LineString","coordinates":[[100.307928,13.803377],[100.306909,13.803472],[100.304997,13.803653],[100.304076,13.803747],[100.302352,13.80391],[100.300783,13.804055]]},"properties":{"@id":"way/1364273194","electrified":"no","gauge":"1000","name":"สายใต้","name:en":"Southern Line","name:th":"สายใต้","operator":"การรถไฟแห่งประเทศไทย","railway":"rail","railway:etcs":"1","ref":"ใต้"},"id":"way/1364273194"},{"type":"Feature","geometry":{"type":"LineString","coordinates":[[100.300783,13.804055],[100.300558,13.804073]]},"properties":{"@id":"way/1364273195","bridge":"yes","electrified":"no","gauge":"1000","layer":"1","name":"สายใต้","name:en":"Southern Line","name:th":"สายใต้","operator":"การรถไฟแห่งประเทศไทย","railway":"rail","railway:etcs":"1","ref":"ใต้"},"id":"way/1364273195"},{"type":"Feature","geometry":{"type":"LineString","coordinates":[[100.300695,13.803985],[100.304068,13.803655],[100.306631,13.8034],[100.307918,13.803303]]},"properties":{"@id":"way/1364273196","electrified":"no","gauge":"1000","name":"สายใต้","name:en":"Southern Line","name:th":"สายใต้","operator":"การรถไฟแห่งประเทศไทย","passenger_lines":"2","railway":"rail","railway:etcs":"1","ref":"ใต้","usage":"main"},"id":"way/1364273196"},{"type":"Feature","geometry":{"type":"LineString","coordinates":[[100.300566,13.803997],[100.300695,13.803985]]},"properties":{"@id":"way/1364273197","bridge":"yes","electrified":"no","gauge":"1000","layer":"1","name":"สายใต้","name:en":"Southern Line","name:th":"สายใต้","operator":"การรถไฟแห่งประเทศไทย","passenger_lines":"2","railway":"rail","railway:etcs":"1","ref":"ใต้","usage":"main"},"id":"way/1364273197"},{"type":"Feature","geometry":{"type":"LineString","coordinates":[[100.127048,13.812813],[100.127923,13.812758]]},"properties":{"@id":"way/1364273199","electrified":"no","gauge":"1000","name":"สายใต้","name:en":"Southern Line","name:th":"สายใต้","operator":"การรถไฟแห่งประเทศไทย","railway":"rail","railway:etcs":"1","ref":"ใต้","service":"crossover","usage":"main"},"id":"way/1364273199"},{"type":"Feature","geometry":{"type":"LineString","coordinates":[[100.569998,13.766207],[100.56952,13.766706],[100.568248,13.767954],[100.566603,13.769651],[100.565156,13.771141],[100.564403,13.771876],[100.564142,13.772065],[100.564019,13.772134],[100.563832,13.772192],[100.560761,13.772461],[100.55862,13.7727],[100.556524,13.772923],[100.554364,13.773116],[100.55415,13.773091],[100.554092,13.773053],[100.553739,13.772946],[100.553489,13.772867],[100.553253,13.772745],[100.553158,13.772641],[100.552302,13.771029],[100.551518,13.76978],[100.550823,13.768479],[100.548632,13.764965],[100.54823,13.764253],[100.548069,13.764058],[100.5479,13.76395],[100.547569,13.763835],[100.546978,13.763714],[100.545978,13.763414],[100.543468,13.7627],[100.543055,13.762575],[100.542906,13.762474],[100.542855,13.762438],[100.5428,13.76238],[100.542752,13.762301],[100.542698,13.762215],[100.542675,13.762123],[100.542637,13.761846],[100.54261,13.76165],[100.542564,13.761045],[100.542548,13.758766],[100.542533,13.757485],[100.542504,13.756408],[100.542503,13.756313],[100.542437,13.755878],[100.542286,13.755296],[100.542136,13.754707],[100.542019,13.754263],[100.541627,13.752602],[100.541521,13.75216],[100.541361,13.751491],[100.541146,13.750559],[100.541112,13.75033],[100.541095,13.750242],[100.541064,13.750182],[100.541022,13.750132],[100.540969,13.750096],[100.540892,13.75007],[100.540837,13.750063],[100.540743,13.750062],[100.540661,13.750076],[100.540554,13.750117],[100.540333,13.750195],[100.539315,13.750553],[100.538712,13.750784],[100.537929,13.751059],[100.53689,13.751427],[100.536561,13.751475],[100.533889,13.752412],[100.531606,13.753214],[100.528616,13.754253],[100.525599,13.755327],[100.523875,13.75596],[100.521438,13.756651],[100.520514,13.756992],[100.520375,13.75701],[100.519976,13.756975],[100.516806,13.75659],[100.514668,13.756485],[100.512152,13.756444],[100.509206,13.756375],[100.507315,13.756341],[100.506463,13.756325],[100.505232,13.756204],[100.504942,13.756214],[100.504171,13.756349],[100.502162,13.756765],[100.496946,13.757827],[100.496753,13.757861],[100.496458,13.757843],[100.495949,13.75774],[100.494966,13.757559],[100.494601,13.757569],[100.494311,13.757646],[100.494036,13.757824],[100.493805,13.758042],[100.492475,13.759536],[100.491676,13.760268],[100.491442,13.760498],[100.491305,13.760557],[100.491149,13.760587],[100.490871,13.760604],[100.490557,13.760594],[100.49019,13.760602],[100.484502,13.760802],[100.483426,13.760839],[100.483014,13.760851],[100.481295,13.760788],[100.478336,13.760616]]},"properties":{"@id":"way/1364323527","colour":"#FF6610","construction":"subway","construction:electrified":"rail","construction:frequency":"0","construction:railway":"subway","construction:voltage":"750","electrified":"rail","frequency":"0","gauge":"1435","layer":"-2","location":"underground","maxspeed":"80","name":"รถไฟฟ้าสายสีส้มตะวันตก ช่วงศูนย์วัฒนธรรมฯ-บางขุนนนท์","name:en":"MRT Orange Line","name:th":"รถไฟฟ้าสายสีส้มตะวันตก ช่วงศูนย์วัฒนธรรมฯ-บางขุนนนท์","name:zh":"曼谷地铁橙线","operator":"ทางด่วนและรถไฟฟ้ากรุงเทพ","railway":"construction","ref":"OR","tunnel":"yes","usage":"main","voltage":"750"},"id":"way/1364323527"},{"type":"Feature","geometry":{"type":"LineString","coordinates":[[100.478336,13.760616],[100.477955,13.760624],[100.477228,13.760653],[100.476756,13.760686],[100.47641,13.760718],[100.475734,13.760877],[100.475088,13.761051],[100.474509,13.761403],[100.47387,13.761893],[100.472661,13.762786],[100.471286,13.763918],[100.46915,13.765626]]},"properties":{"@id":"way/1364323536","colour":"#FF6610","construction":"subway","construction:electrified":"rail","construction:frequency":"0","construction:railway":"subway","construction:voltage":"750","electrified":"rail","frequency":"0","gauge":"1435","layer":"-1","location":"underground","name":"รถไฟฟ้าสายสีส้มตะวันตก ช่วงศูนย์วัฒนธรรมฯ-บางขุนนนท์","name:en":"MRT Orange Line","name:th":"รถไฟฟ้าสายสีส้มตะวันตก ช่วงศูนย์วัฒนธรรมฯ-บางขุนนนท์","name:zh":"曼谷地铁橙线","operator":"ทางด่วนและรถไฟฟ้ากรุงเทพ","railway":"construction","ref":"OR","tunnel":"yes","usage":"main","voltage":"750"},"id":"way/1364323536"},{"type":"Feature","geometry":{"type":"LineString","coordinates":[[100.407158,13.903588],[100.407168,13.903494],[100.407367,13.901656],[100.407406,13.901256],[100.407616,13.899101],[100.407768,13.897924],[100.407801,13.897578],[100.408115,13.894244],[100.408161,13.893755]]},"properties":{"@id":"way/1372248220","alt_name":"รถไฟฟ้า MRT สายสีม่วง","bridge":"viaduct","colour":"purple","electrified":"rail","frequency":"0","gauge":"1435","layer":"3","name":"รถไฟฟ้ามหานคร สายสีม่วง","name:en":"MRT Purple Line","name:th":"รถไฟฟ้ามหานคร สายสีม่วง","network":"MRT","official_name":"รถไฟฟ้ามหานคร สายฉลองรัชธรรม","official_name:en":"MRT Chalong Ratchadham Line","oneway":"yes","operator":"ทางด่วนและรถไฟฟ้ากรุงเทพ","railway":"subway","railway:cbtc":"sto","ref":"PP","tracks":"1","usage":"main","voltage":"750"},"id":"way/1372248220"},{"type":"Feature","geometry":{"type":"LineString","coordinates":[[100.408032,13.893742],[100.407946,13.894658],[100.407944,13.894678],[100.407709,13.897174],[100.407639,13.897912],[100.40757,13.899097],[100.407292,13.90195],[100.407134,13.903489],[100.407124,13.903587]]},"properties":{"@id":"way/1372248221","alt_name":"รถไฟฟ้า MRT สายสีม่วง","bridge":"viaduct","colour":"purple","electrified":"rail","frequency":"0","gauge":"1435","layer":"3","name":"รถไฟฟ้ามหานคร สายสีม่วง","name:en":"MRT Purple Line","name:th":"รถไฟฟ้ามหานคร สายสีม่วง","network":"MRT","official_name":"รถไฟฟ้ามหานคร สายฉลองรัชธรรม","official_name:en":"MRT Chalong Ratchadham Line","oneway":"yes","operator":"ทางด่วนและรถไฟฟ้ากรุงเทพ","railway":"subway","railway:cbtc":"sto","ref":"PP","tracks":"1","usage":"main","voltage":"750"},"id":"way/1372248221"},{"type":"Feature","geometry":{"type":"LineString","coordinates":[[100.607623,13.947041],[100.607824,13.945441]]},"properties":{"@id":"way/1372897848","description":"New SRT main line","gauge":"1000","name":"ทางรถไฟสายเหนือ/ตะวันออกเฉียงเหนือ","oneway":"yes","operator":"การรถไฟแห่งประเทศไทย","railway":"rail","railway:etcs":"1","tracks":"1","train":"yes","usage":"main"},"id":"way/1372897848"},{"type":"Feature","geometry":{"type":"LineString","coordinates":[[100.607786,13.94544],[100.607677,13.94631]]},"properties":{"@id":"way/1372897849","description":"New SRT main line","gauge":"1000","name":"ทางรถไฟสายเหนือ/ตะวันออกเฉียงเหนือ","oneway":"yes","operator":"การรถไฟแห่งประเทศไทย","railway":"rail","railway:etcs":"1","tracks":"1","train":"yes","usage":"main"},"id":"way/1372897849"},{"type":"Feature","geometry":{"type":"LineString","coordinates":[[100.607859,13.945444],[100.607822,13.94575],[100.607503,13.948347]]},"properties":{"@id":"way/1372897850","colour":"#E10506","electrified":"contact_line","frequency":"50","gauge":"1000","maxspeed":"160","name":"รถไฟฟ้าชานเมืองสายสีแดงเข้ม","name:en":"Dark Red Line","oneway":"yes","opening_date":"2021","operator":"การรถไฟแห่งประเทศไทย","railway":"rail","railway:etcs":"1","tracks":"1","train":"yes","usage":"main","voltage":"25000"},"id":"way/1372897850"},{"type":"Feature","geometry":{"type":"LineString","coordinates":[[100.607544,13.948352],[100.607864,13.945754],[100.607901,13.945445]]},"properties":{"@id":"way/1372897851","colour":"#E10506","electrified":"contact_line","frequency":"50","gauge":"1000","maxspeed":"160","name":"รถไฟฟ้าชานเมืองสายสีแดงเข้ม","name:en":"Dark Red Line","oneway":"yes","opening_date":"2021","operator":"การรถไฟแห่งประเทศไทย","railway":"rail","railway:etcs":"1","tracks":"1","train":"yes","usage":"main","voltage":"25000"},"id":"way/1372897851"},{"type":"Feature","geometry":{"type":"LineString","coordinates":[[100.54492,13.817036],[100.545419,13.818223],[100.545889,13.819168],[100.546984,13.821369],[100.547243,13.821894]]},"properties":{"@id":"way/1372897852","electrified":"no","gauge":"1000","maxspeed":"70","name":"ทางรถไฟสายเหนือ/ตะวันออกเฉียงเหนือเดิม","name:en":"Former North/North East Railway","name:th":"ทางรถไฟสายเหนือ/ตะวันออกเฉียงเหนือเดิม","operator":"การรถไฟแห่งประเทศไทย","railway":"rail","railway:etcs":"1","source":"GPS","tracks":"1","usage":"branch"},"id":"way/1372897852"},{"type":"Feature","geometry":{"type":"LineString","coordinates":[[100.544868,13.817067],[100.544973,13.817396],[100.545004,13.817554],[100.545022,13.817716]]},"properties":{"@id":"way/1372897853","electrified":"no","gauge":"1000","maxspeed":"70","name":"สายใต้","name:en":"Southern Line","name:th":"สายใต้","operator":"การรถไฟแห่งประเทศไทย","railway":"rail","railway:etcs":"1","ref":"ใต้","tracks":"1","usage":"branch"},"id":"way/1372897853"},{"type":"Feature","geometry":{"type":"LineString","coordinates":[[100.544279,13.819814],[100.544372,13.819697],[100.544454,13.819581],[100.544542,13.819456],[100.544618,13.81933],[100.544695,13.819199],[100.544761,13.819073]]},"properties":{"@id":"way/1372897854","electrified":"no","gauge":"1000","name":"สายใต้","name:en":"Southern Line","name:th":"สายใต้","operator":"การรถไฟแห่งประเทศไทย","railway":"rail","ref":"ใต้","tracks":"1","usage":"branch"},"id":"way/1372897854"},{"type":"Feature","geometry":{"type":"LineString","coordinates":[[100.432824,13.795172],[100.431128,13.796522]]},"properties":{"@id":"way/1372897855","colour":"#FD5353","electrified":"contact_line","frequency":"50","gauge":"1000","maxspeed":"90","name":"สายใต้","name:en":"Southern Line","name:th":"สายใต้","operator":"การรถไฟแห่งประเทศไทย","railway":"rail","railway:etcs":"1","service":"crossover","tracks":"1","train":"yes","usage":"main","voltage":"25000"},"id":"way/1372897855"},{"type":"Feature","geometry":{"type":"LineString","coordinates":[[101.113915,13.908176],[101.113787,13.907541],[101.112909,13.903388],[101.112793,13.902595]]},"properties":{"@id":"way/1374329389","electrified":"no","gauge":"1000","railway":"rail","railway:etcs":"1"},"id":"way/1374329389"},{"type":"Feature","geometry":{"type":"LineString","coordinates":[[101.113968,13.908161],[101.114241,13.909475],[101.114695,13.911663],[101.114745,13.911943]]},"properties":{"@id":"way/1374329390","electrified":"no","gauge":"1000","operator":"การรถไฟแห่งประเทศไทย","passenger_lines":"1","railway":"rail","railway:etcs":"1","usage":"main"},"id":"way/1374329390"},{"type":"Feature","geometry":{"type":"LineString","coordinates":[[101.115248,13.920571],[101.115238,13.919814],[101.115282,13.915968],[101.115243,13.915173],[101.115162,13.91446],[101.11511,13.914082],[101.113915,13.908176]]},"properties":{"@id":"way/1374329391","electrified":"no","gauge":"1000","name":"ทางรถไฟสายชุมทางคลองสิบเก้า–ชุมทางแก่งคอย","name:th":"ทางรถไฟสายชุมทางคลองสิบเก้า–ชุมทางแก่งคอย","railway":"rail","railway:etcs":"1","usage":"branch"},"id":"way/1374329391"},{"type":"Feature","geometry":{"type":"LineString","coordinates":[[101.115255,13.92113],[101.115248,13.920571]]},"properties":{"@id":"way/1374329392","bridge":"yes","electrified":"no","gauge":"1000","layer":"1","name":"ทางรถไฟสายชุมทางคลองสิบเก้า–ชุมทางแก่งคอย","name:th":"ทางรถไฟสายชุมทางคลองสิบเก้า–ชุมทางแก่งคอย","railway":"rail","railway:etcs":"1","usage":"branch"},"id":"way/1374329392"},{"type":"Feature","geometry":{"type":"LineString","coordinates":[[101.08566,13.952374],[101.086002,13.950805],[101.086292,13.94974],[101.086795,13.948428],[101.087779,13.946573],[101.088649,13.945241],[101.089527,13.944107],[101.09083,13.942829],[101.091601,13.942101],[101.092998,13.941121]]},"properties":{"@id":"way/1374329393","electrified":"no","gauge":"1000","name":"ทางรถไฟสายชุมทางคลองสิบเก้า–ชุมทางแก่งคอย","name:th":"ทางรถไฟสายชุมทางคลองสิบเก้า–ชุมทางแก่งคอย","railway":"rail","railway:etcs":"1","usage":"branch"},"id":"way/1374329393"},{"type":"Feature","geometry":{"type":"LineString","coordinates":[[101.092998,13.941121],[101.093288,13.940917]]},"properties":{"@id":"way/1374329394","bridge":"yes","electrified":"no","gauge":"1000","layer":"1","name":"ทางรถไฟสายชุมทางคลองสิบเก้า–ชุมทางแก่งคอย","name:th":"ทางรถไฟสายชุมทางคลองสิบเก้า–ชุมทางแก่งคอย","railway":"rail","railway:etcs":"1","usage":"branch"},"id":"way/1374329394"},{"type":"Feature","geometry":{"type":"LineString","coordinates":[[100.478666,13.733281],[100.480451,13.73614],[100.481017,13.737023],[100.481158,13.737207],[100.481417,13.737458],[100.481679,13.73768],[100.482041,13.737917],[100.482481,13.7381],[100.483016,13.73826],[100.483356,13.738342],[100.483577,13.738352],[100.484778,13.738365],[100.485698,13.738399],[100.486048,13.738412],[100.487035,13.738438],[100.488345,13.73848],[100.489969,13.738538],[100.490166,13.738559],[100.490471,13.738591],[100.490719,13.738647],[100.490825,13.738671],[100.490874,13.738682],[100.491475,13.738894],[100.491495,13.738902],[100.492103,13.739158],[100.492511,13.739405],[100.492865,13.739687],[100.493126,13.739895],[100.493355,13.740128],[100.493962,13.740882],[100.494255,13.741336],[100.494449,13.741681],[100.494654,13.742284],[100.494752,13.742885],[100.494758,13.743102],[100.494714,13.743303],[100.494555,13.744318],[100.494355,13.745736],[100.494323,13.745987],[100.494338,13.746309],[100.494383,13.74655],[100.494439,13.746755],[100.49453,13.74693],[100.494665,13.747129],[100.494808,13.747238],[100.495098,13.747405],[100.495916,13.747373],[100.498257,13.747188],[100.499612,13.747133],[100.500591,13.747093],[100.500912,13.747075],[100.501966,13.747026],[100.502302,13.747019],[100.503091,13.747001],[100.503155,13.746993],[100.50333,13.746953],[100.503726,13.746866],[100.504092,13.746788],[100.504189,13.746761],[100.504228,13.746741],[100.504678,13.746395],[100.506186,13.745221],[100.507702,13.743968],[100.509738,13.742354],[100.509916,13.742217],[100.511052,13.741342],[100.513077,13.73979],[100.514837,13.738428],[100.515248,13.738237],[100.516809,13.73782],[100.517192,13.737675],[100.517382,13.737604],[100.51883,13.73698],[100.525047,13.734248],[100.525742,13.73396],[100.526179,13.733773],[100.526802,13.733509],[100.528549,13.732738],[100.529921,13.732158],[100.530129,13.732079],[100.531537,13.73155],[100.532221,13.731283],[100.537075,13.729222],[100.537268,13.729148],[100.540023,13.727987],[100.541867,13.727255]]},"properties":{"@id":"way/1382560869","alt_name":"รถไฟฟ้า MRT สายสีน้ำเงิน","electrified":"rail","frequency":"0","gauge":"1435","layer":"-2","maxspeed":"80","name":"รถไฟฟ้ามหานคร สายสีน้ำเงิน","name:en":"MRT Blue Line","name:th":"รถไฟฟ้ามหานคร สายสีน้ำเงิน","network":"MRT","note":"Approximate","official_name":"รถไฟฟ้ามหานคร สายเฉลิมรัชมงคล","official_name:en":"MRT Chaloem Ratchamongkhon Line","operator":"ทางด่วนและรถไฟฟ้ากรุงเทพ","railway":"subway","railway:atc":"yes","ref":"BL","tunnel":"yes","usage":"main","voltage":"750"},"id":"way/1382560869"},{"type":"Feature","geometry":{"type":"LineString","coordinates":[[100.409482,13.710912],[100.411223,13.711056],[100.411729,13.711098],[100.412763,13.711184],[100.415277,13.711396],[100.415337,13.711401],[100.415489,13.711414],[100.417982,13.711612],[100.422332,13.711968],[100.423139,13.712034],[100.428794,13.712497],[100.430643,13.712636],[100.434281,13.712937],[100.434326,13.71294],[100.437387,13.713181],[100.438108,13.713253],[100.438312,13.71328],[100.438508,13.713318],[100.438718,13.713374],[100.440212,13.713861],[100.44159,13.714311],[100.442244,13.714527],[100.444292,13.715201],[100.445442,13.715577],[100.445909,13.71573],[100.447362,13.716197],[100.447837,13.716356],[100.44791,13.71638],[100.448497,13.716573],[100.450169,13.717115],[100.450928,13.717367],[100.451136,13.71743],[100.45124,13.717461],[100.452424,13.717856],[100.452579,13.717918],[100.45291,13.718082],[100.45396,13.718644],[100.454258,13.718804],[100.455985,13.719758],[100.456323,13.719936],[100.457005,13.720315],[100.457517,13.7206],[100.460485,13.722174],[100.461554,13.722746],[100.46377,13.723958],[100.464833,13.724512],[100.465068,13.72464],[100.466489,13.725407],[100.467053,13.725705],[100.46753,13.725981],[100.468196,13.726341],[100.468372,13.72645],[100.468559,13.72655],[100.47022,13.72745],[100.470875,13.727805],[100.471339,13.728056],[100.47139,13.728084],[100.471465,13.728126],[100.471951,13.728476],[100.47239,13.728801],[100.472566,13.728915],[100.472785,13.729031],[100.473403,13.72935],[100.474025,13.729667],[100.47407,13.72969],[100.474886,13.730136],[100.47552,13.730472],[100.476497,13.73099],[100.476981,13.731249],[100.477044,13.731287],[100.477197,13.731386],[100.477381,13.731525],[100.477527,13.731652],[100.477676,13.731806],[100.477731,13.731873]]},"properties":{"@id":"way/1382560870","alt_name":"รถไฟฟ้า MRT สายสีน้ำเงิน","bridge":"viaduct","electrified":"rail","frequency":"0","gauge":"1435","layer":"3","maxspeed":"80","name":"รถไฟฟ้ามหานคร สายสีน้ำเงิน","name:en":"MRT Blue Line","name:th":"รถไฟฟ้ามหานคร สายสีน้ำเงิน","network":"MRT","note":"Approximate","official_name":"รถไฟฟ้ามหานคร สายเฉลิมรัชมงคล","official_name:en":"MRT Chaloem Ratchamongkhon Line","operator":"ทางด่วนและรถไฟฟ้ากรุงเทพ","railway":"subway","railway:atc":"yes","ref":"BL","tracks":"2","usage":"main","voltage":"750"},"id":"way/1382560870"},{"type":"Feature","geometry":{"type":"LineString","coordinates":[[100.477731,13.731873],[100.478666,13.733281]]},"properties":{"@id":"way/1382560873","alt_name":"รถไฟฟ้า MRT สายสีน้ำเงิน","covered":"yes","electrified":"rail","frequency":"0","gauge":"1435","maxspeed":"80","name":"รถไฟฟ้ามหานคร สายสีน้ำเงิน","name:en":"MRT Blue Line","name:th":"รถไฟฟ้ามหานคร สายสีน้ำเงิน","network":"MRT","note":"Approximate","official_name":"รถไฟฟ้ามหานคร สายเฉลิมรัชมงคล","official_name:en":"MRT Chaloem Ratchamongkhon Line","operator":"ทางด่วนและรถไฟฟ้ากรุงเทพ","railway":"subway","ref":"BL","usage":"main","voltage":"750"},"id":"way/1382560873"},{"type":"Feature","geometry":{"type":"LineString","coordinates":[[100.411223,13.711056],[100.411494,13.711051],[100.411828,13.711044]]},"properties":{"@id":"way/1382560880","bridge":"viaduct","electrified":"rail","frequency":"0","gauge":"1435","layer":"3","railway":"subway","service":"crossover","usage":"main","voltage":"750"},"id":"way/1382560880"},{"type":"Feature","geometry":{"type":"LineString","coordinates":[[100.411217,13.710995],[100.411494,13.711051],[100.411729,13.711098]]},"properties":{"@id":"way/1382560881","bridge":"viaduct","electrified":"rail","frequency":"0","gauge":"1435","layer":"3","railway":"subway","service":"crossover","usage":"main","voltage":"750"},"id":"way/1382560881"},{"type":"Feature","geometry":{"type":"LineString","coordinates":[[100.405671,13.710558],[100.406168,13.710644]]},"properties":{"@id":"way/1382560882","bridge":"viaduct","electrified":"rail","frequency":"0","gauge":"1435","layer":"4","railway":"subway","service":"crossover","usage":"main","voltage":"750"},"id":"way/1382560882"},{"type":"Feature","geometry":{"type":"LineString","coordinates":[[100.415277,13.711396],[100.415799,13.711389]]},"properties":{"@id":"way/1382560883","bridge":"viaduct","electrified":"rail","frequency":"0","gauge":"1435","layer":"3","railway":"subway","service":"crossover","usage":"main","voltage":"750"},"id":"way/1382560883"},{"type":"Feature","geometry":{"type":"LineString","coordinates":[[100.441889,13.714358],[100.442244,13.714527]]},"properties":{"@id":"way/1382560888","bridge":"viaduct","electrified":"rail","gauge":"1435","layer":"3","railway":"subway","service":"crossover","usage":"main"},"id":"way/1382560888"},{"type":"Feature","geometry":{"type":"LineString","coordinates":[[100.441236,13.714152],[100.441577,13.714217]]},"properties":{"@id":"way/1382560889","bridge":"viaduct","electrified":"rail","gauge":"1435","layer":"3","railway":"subway","service":"crossover","usage":"main"},"id":"way/1382560889"},{"type":"Feature","geometry":{"type":"LineString","coordinates":[[100.440212,13.713861],[100.440493,13.713906]]},"properties":{"@id":"way/1382560890","bridge":"viaduct","electrified":"rail","gauge":"1435","layer":"3","railway":"subway","service":"crossover","usage":"main"},"id":"way/1382560890"},{"type":"Feature","geometry":{"type":"LineString","coordinates":[[100.44791,13.71638],[100.448312,13.716469]]},"properties":{"@id":"way/1382560893","bridge":"viaduct","electrified":"rail","gauge":"1435","layer":"3","railway":"subway","service":"crossover","usage":"main"},"id":"way/1382560893"},{"type":"Feature","geometry":{"type":"LineString","coordinates":[[100.448729,13.716559],[100.449132,13.71674]]},"properties":{"@id":"way/1382560894","bridge":"viaduct","electrified":"rail","gauge":"1435","layer":"3","railway":"subway","service":"crossover","usage":"main"},"id":"way/1382560894"},{"type":"Feature","geometry":{"type":"LineString","coordinates":[[100.450744,13.717262],[100.451136,13.71743]]},"properties":{"@id":"way/1382560895","bridge":"viaduct","electrified":"rail","frequency":"0","gauge":"1435","layer":"3","railway":"subway","service":"crossover","usage":"main","voltage":"750"},"id":"way/1382560895"},{"type":"Feature","geometry":{"type":"LineString","coordinates":[[100.473966,13.729609],[100.474137,13.729263],[100.474752,13.728063]]},"properties":{"@id":"way/1382560902","alt_name":"รถไฟฟ้า MRT สายสีน้ำเงิน","bridge":"viaduct","colour":"blue","electrified":"rail","frequency":"0","gauge":"1435","layer":"4","maxspeed":"80","name":"รถไฟฟ้ามหานคร สายสีน้ำเงิน","name:en":"MRT Blue Line","name:th":"รถไฟฟ้ามหานคร สายสีน้ำเงิน","network":"MRT","official_name":"รถไฟฟ้ามหานคร สายเฉลิมรัชมงคล","official_name:en":"MRT Chaloem Ratchamongkhon Line","operator":"ทางด่วนและรถไฟฟ้ากรุงเทพ","railway":"subway","railway:atc":"yes","ref":"BL","usage":"main","voltage":"750"},"id":"way/1382560902"},{"type":"Feature","geometry":{"type":"LineString","coordinates":[[100.47412,13.729694],[100.474432,13.729083],[100.474539,13.728863],[100.474656,13.728581],[100.474766,13.728302],[100.474866,13.728085],[100.475022,13.727747]]},"properties":{"@id":"way/1382560903","alt_name":"รถไฟฟ้า MRT สายสีน้ำเงิน","bridge":"viaduct","colour":"blue","electrified":"rail","frequency":"0","gauge":"1435","layer":"4","maxspeed":"80","name":"รถไฟฟ้ามหานคร สายสีน้ำเงิน","name:en":"MRT Blue Line","name:th":"รถไฟฟ้ามหานคร สายสีน้ำเงิน","network":"MRT","official_name":"รถไฟฟ้ามหานคร สายเฉลิมรัชมงคล","official_name:en":"MRT Chaloem Ratchamongkhon Line","operator":"ทางด่วนและรถไฟฟ้ากรุงเทพ","railway":"subway","railway:atc":"yes","ref":"BL","usage":"main","voltage":"750"},"id":"way/1382560903"},{"type":"Feature","geometry":{"type":"LineString","coordinates":[[100.471848,13.761653],[100.472105,13.761881]]},"properties":{"@id":"way/1382574064","bridge":"viaduct","electrified":"rail","frequency":"0","gauge":"1435","layer":"4","railway":"subway","service":"crossover","usage":"main","voltage":"750"},"id":"way/1382574064"},{"type":"Feature","geometry":{"type":"LineString","coordinates":[[100.475193,13.765496],[100.475402,13.765823]]},"properties":{"@id":"way/1382574069","bridge":"viaduct","electrified":"rail","frequency":"0","gauge":"1435","operator":"ทางด่วนและรถไฟฟ้ากรุงเทพ","railway":"subway","usage":"main","voltage":"750"},"id":"way/1382574069"},{"type":"Feature","geometry":{"type":"LineString","coordinates":[[100.49132,13.782635],[100.49165,13.782798]]},"properties":{"@id":"way/1382574074","bridge":"viaduct","electrified":"rail","frequency":"0","gauge":"1435","layer":"4","operator":"ทางด่วนและรถไฟฟ้ากรุงเทพ","railway":"subway","service":"crossover","usage":"main","voltage":"750"},"id":"way/1382574074"},{"type":"Feature","geometry":{"type":"LineString","coordinates":[[100.499311,13.787672],[100.499378,13.787683],[100.499445,13.787718],[100.499655,13.787851],[100.499995,13.788067],[100.500397,13.788322],[100.501349,13.788904],[100.501736,13.78914],[100.501843,13.789222],[100.501936,13.789307]]},"properties":{"@id":"way/1382574077","bridge":"viaduct","electrified":"rail","frequency":"0","gauge":"1435","layer":"3","railway":"subway","service":"crossover","usage":"main","voltage":"750"},"id":"way/1382574077"},{"type":"Feature","geometry":{"type":"LineString","coordinates":[[100.499728,13.787836],[100.499821,13.787928],[100.5004,13.788302],[100.501554,13.788992],[100.501611,13.789023],[100.501851,13.789153]]},"properties":{"@id":"way/1382574078","bridge":"viaduct","electrified":"rail","frequency":"0","gauge":"1435","layer":"3","railway":"subway","service":"crossover","usage":"main","voltage":"750"},"id":"way/1382574078"},{"type":"Feature","geometry":{"type":"LineString","coordinates":[[100.501349,13.788904],[100.501611,13.789023]]},"properties":{"@id":"way/1382574079","bridge":"viaduct","electrified":"rail","frequency":"0","gauge":"1435","layer":"3","railway":"subway","service":"crossover","usage":"main","voltage":"750"},"id":"way/1382574079"},{"type":"Feature","geometry":{"type":"LineString","coordinates":[[100.499821,13.787928],[100.499995,13.788067]]},"properties":{"@id":"way/1382574080","bridge":"viaduct","electrified":"rail","frequency":"0","gauge":"1435","layer":"3","railway":"subway","service":"crossover","usage":"main","voltage":"750"},"id":"way/1382574080"},{"type":"Feature","geometry":{"type":"LineString","coordinates":[[100.526739,13.806382],[100.527237,13.806431]]},"properties":{"@id":"way/1382574085","bridge":"viaduct","electrified":"rail","frequency":"0","gauge":"1435","layer":"4","railway":"subway","usage":"main","voltage":"750"},"id":"way/1382574085"},{"type":"Feature","geometry":{"type":"LineString","coordinates":[[100.54347,13.726526],[100.544058,13.726283],[100.545087,13.72585],[100.545718,13.725594],[100.54824,13.72457],[100.550203,13.723744],[100.551888,13.723016],[100.553225,13.722472],[100.554306,13.722053],[100.554493,13.721982],[100.556252,13.72132],[100.557796,13.720655],[100.557982,13.720594],[100.55868,13.720618],[100.558978,13.720729],[100.559331,13.720887],[100.559578,13.72116],[100.559641,13.721297],[100.559783,13.721748],[100.560067,13.722622],[100.560235,13.723139],[100.560389,13.723742],[100.5605,13.724304],[100.560572,13.724869],[100.560569,13.725217],[100.560524,13.725753],[100.560482,13.72611],[100.560289,13.727334],[100.560141,13.728538],[100.560054,13.729217],[100.560016,13.729463],[100.559967,13.729837],[100.559931,13.730956],[100.559931,13.732467],[100.559972,13.732957],[100.560024,13.733162],[100.56018,13.733477],[100.560556,13.734142],[100.561017,13.734879],[100.561262,13.735464],[100.56145,13.73646],[100.561609,13.737472],[100.561731,13.738323],[100.561819,13.739114],[100.561876,13.739545],[100.561916,13.739945],[100.562027,13.741418],[100.562103,13.742502],[100.562188,13.743302],[100.562202,13.743415],[100.562352,13.744046],[100.56273,13.745716],[100.563111,13.747383],[100.563368,13.748635],[100.563483,13.749177],[100.563917,13.75122],[100.564462,13.75354],[100.564851,13.75543],[100.565249,13.757407],[100.565499,13.75849],[100.565785,13.759582],[100.565992,13.760217],[100.566182,13.760622],[100.566347,13.760971],[100.566476,13.761219],[100.566626,13.761468],[100.567438,13.762603],[100.568331,13.763741],[100.569008,13.764619],[100.569578,13.765308],[100.570037,13.765902],[100.570879,13.766992],[100.571452,13.767729],[100.571801,13.76818],[100.572258,13.768763],[100.572481,13.769084],[100.572694,13.769431],[100.572828,13.769693],[100.573097,13.770371],[100.573232,13.770936],[100.573269,13.771109],[100.573292,13.771335],[100.573362,13.772357],[100.57342,13.77396],[100.573536,13.776273],[100.573659,13.778675],[100.573757,13.78072],[100.573823,13.781919],[100.57391,13.784302],[100.574006,13.786134],[100.57409,13.787875],[100.574179,13.789787],[100.574276,13.792032],[100.574384,13.794247],[100.574475,13.795991],[100.574582,13.798225],[100.574637,13.799447],[100.574796,13.802552],[100.574864,13.804399],[100.574843,13.804539],[100.574789,13.804718],[100.574645,13.804999],[100.574514,13.805302],[100.57419,13.805687],[100.573944,13.805912],[100.573717,13.806068],[100.573086,13.806455],[100.572223,13.806933],[100.570979,13.807601],[100.569317,13.808561],[100.567353,13.809639],[100.564646,13.811168],[100.563667,13.811712],[100.56236,13.812456],[100.560966,13.813275],[100.560473,13.813548],[100.559855,13.813896],[100.559663,13.81393],[100.559314,13.813939],[100.558948,13.813857],[100.558698,13.813761],[100.558312,13.813526],[100.558134,13.813354],[100.557876,13.812968],[100.557716,13.812609],[100.557611,13.812301],[100.557146,13.810337],[100.557004,13.809987],[100.55673,13.809366],[100.556309,13.808352],[100.555856,13.807525],[100.555289,13.806532],[100.554695,13.805527],[100.554125,13.804518],[100.553395,13.80327],[100.552811,13.802287],[100.552311,13.801466],[100.551918,13.800779],[100.551043,13.799281],[100.550722,13.798939],[100.550365,13.798569],[100.549909,13.798369],[100.54922,13.798114],[100.548541,13.79808],[100.546774,13.797981],[100.546587,13.798013],[100.546111,13.798176],[100.545921,13.798341],[100.54559,13.798957],[100.544968,13.800123],[100.544723,13.800545],[100.544665,13.800628],[100.544588,13.800697],[100.544538,13.800743],[100.54448,13.800797],[100.544393,13.800855],[100.544243,13.800938],[100.543785,13.801163],[100.541937,13.802051],[100.54106,13.802427],[100.538043,13.803788]]},"properties":{"@id":"way/1382574086","alt_name":"รถไฟฟ้า MRT สายสีน้ำเงิน","electrified":"rail","frequency":"0","gauge":"1435","layer":"-2","maxspeed":"80","name":"รถไฟฟ้ามหานคร สายสีน้ำเงิน","name:en":"MRT Blue Line","name:th":"รถไฟฟ้ามหานคร สายสีน้ำเงิน","network":"MRT","note":"approximate","official_name":"รถไฟฟ้ามหานคร สายเฉลิมรัชมงคล","official_name:en":"MRT Chaloem Ratchamongkhon Line","operator":"ทางด่วนและรถไฟฟ้ากรุงเทพ","railway":"subway","railway:atc":"yes","ref":"BL","tracks":"1","tunnel":"yes","usage":"main","voltage":"750"},"id":"way/1382574086"},{"type":"Feature","geometry":{"type":"LineString","coordinates":[[100.536387,13.804683],[100.535829,13.804982]]},"properties":{"@id":"way/1382574087","alt_name":"รถไฟฟ้า MRT สายสีน้ำเงิน","bridge":"viaduct","covered":"yes","electrified":"rail","frequency":"0","gauge":"1435","layer":"1","maxspeed":"80","name":"รถไฟฟ้ามหานคร สายสีน้ำเงิน","name:en":"MRT Blue Line","name:th":"รถไฟฟ้ามหานคร สายสีน้ำเงิน","network":"MRT","note":"approximate","official_name":"รถไฟฟ้ามหานคร สายเฉลิมรัชมงคล","official_name:en":"MRT Chaloem Ratchamongkhon Line","operator":"ทางด่วนและรถไฟฟ้ากรุงเทพ","railway":"subway","railway:atc":"yes","ref":"BL","tracks":"1","usage":"main","voltage":"750"},"id":"way/1382574087"},{"type":"Feature","geometry":{"type":"LineString","coordinates":[[100.538043,13.803788],[100.537408,13.8041],[100.536387,13.804683]]},"properties":{"@id":"way/1382574091","alt_name":"รถไฟฟ้า MRT สายสีน้ำเงิน","covered":"yes","electrified":"rail","frequency":"0","gauge":"1435","maxspeed":"80","name":"รถไฟฟ้ามหานคร สายสีน้ำเงิน","name:en":"MRT Blue Line","name:th":"รถไฟฟ้ามหานคร สายสีน้ำเงิน","network":"MRT","note":"approximate","official_name":"รถไฟฟ้ามหานคร สายเฉลิมรัชมงคล","official_name:en":"MRT Chaloem Ratchamongkhon Line","operator":"ทางด่วนและรถไฟฟ้ากรุงเทพ","railway":"subway","railway:atc":"yes","ref":"BL","tracks":"1","usage":"main","voltage":"750"},"id":"way/1382574091"},{"type":"Feature","geometry":{"type":"LineString","coordinates":[[100.517047,13.737408],[100.518291,13.736944],[100.520018,13.736244],[100.525033,13.734179],[100.525704,13.733905],[100.526236,13.733665],[100.52672,13.73349],[100.528548,13.732712],[100.530114,13.732046],[100.531531,13.731521],[100.532199,13.731272],[100.533597,13.730678],[100.533969,13.73052],[100.534205,13.730413],[100.534917,13.730106],[100.536055,13.729599],[100.537068,13.729174],[100.539995,13.727962],[100.541841,13.72721],[100.542663,13.726862],[100.54347,13.726526]]},"properties":{"@id":"way/1382577452","alt_name":"รถไฟฟ้า MRT สายสีน้ำเงิน","electrified":"rail","frequency":"0","gauge":"1435","layer":"-3","maxspeed":"80","name":"รถไฟฟ้ามหานคร สายสีน้ำเงิน","name:en":"MRT Blue Line","name:th":"รถไฟฟ้ามหานคร สายสีน้ำเงิน","network":"MRT","official_name":"รถไฟฟ้ามหานคร สายเฉลิมรัชมงคล","official_name:en":"MRT Chaloem Ratchamongkhon Line","operator":"ทางด่วนและรถไฟฟ้ากรุงเทพ","railway":"subway","railway:atc":"yes","ref":"BL","tracks":"2","tunnel":"yes","usage":"main","voltage":"750"},"id":"way/1382577452"},{"type":"Feature","geometry":{"type":"LineString","coordinates":[[100.541867,13.727255],[100.543482,13.726564]]},"properties":{"@id":"way/1382577453","alt_name":"รถไฟฟ้า MRT สายสีน้ำเงิน","electrified":"rail","frequency":"0","gauge":"1435","layer":"-1","maxspeed":"80","name":"รถไฟฟ้ามหานคร สายสีน้ำเงิน","name:en":"MRT Blue Line","name:th":"รถไฟฟ้ามหานคร สายสีน้ำเงิน","network":"MRT","note":"approximate","official_name":"รถไฟฟ้ามหานคร สายเฉลิมรัชมงคล","official_name:en":"MRT Chaloem Ratchamongkhon Line","operator":"ทางด่วนและรถไฟฟ้ากรุงเทพ","railway":"subway","railway:atc":"yes","ref":"BL","tracks":"1","tunnel":"yes","usage":"main","voltage":"750"},"id":"way/1382577453"},{"type":"Feature","geometry":{"type":"LineString","coordinates":[[100.404007,13.710474],[100.404144,13.710485],[100.406168,13.710644],[100.407517,13.71075],[100.408135,13.710801]]},"properties":{"@id":"way/1382582103","alt_name":"รถไฟฟ้า MRT สายสีน้ำเงิน","bridge":"viaduct","electrified":"rail","frequency":"0","gauge":"1435","layer":"4","maxspeed":"80","name":"รถไฟฟ้ามหานคร สายสีน้ำเงิน","name:en":"MRT Blue Line","name:th":"รถไฟฟ้ามหานคร สายสีน้ำเงิน","network":"MRT","note":"Approximate","official_name":"รถไฟฟ้ามหานคร สายเฉลิมรัชมงคล","official_name:en":"MRT Chaloem Ratchamongkhon Line","operator":"ทางด่วนและรถไฟฟ้ากรุงเทพ","railway":"subway","railway:atc":"yes","ref":"BL","tracks":"2","usage":"main","voltage":"750"},"id":"way/1382582103"},{"type":"Feature","geometry":{"type":"LineString","coordinates":[[100.408133,13.710741],[100.409493,13.710856]]},"properties":{"@id":"way/1382582104","alt_name":"รถไฟฟ้า MRT สายสีน้ำเงิน","bridge":"viaduct","electrified":"rail","frequency":"0","gauge":"1435","layer":"3","maxspeed":"80","name":"รถไฟฟ้ามหานคร สายสีน้ำเงิน","name:en":"MRT Blue Line","name:th":"รถไฟฟ้ามหานคร สายสีน้ำเงิน","network":"MRT","official_name":"รถไฟฟ้ามหานคร สายเฉลิมรัชมงคล","official_name:en":"MRT Chaloem Ratchamongkhon Line","operator":"ทางด่วนและรถไฟฟ้ากรุงเทพ","railway":"subway","railway:atc":"yes","ref":"BL","surface":"asphalt","tracks":"2","usage":"main","voltage":"750"},"id":"way/1382582104"},{"type":"Feature","geometry":{"type":"LineString","coordinates":[[100.548487,13.897541],[100.547667,13.89783],[100.547616,13.897845],[100.547561,13.897857],[100.547509,13.897866],[100.547458,13.897873],[100.547411,13.89788],[100.547209,13.897905],[100.547164,13.897913],[100.547116,13.897922],[100.547078,13.89793],[100.547031,13.897942],[100.546981,13.897958],[100.546928,13.897975],[100.545072,13.898627]]},"properties":{"@id":"way/1387844925","bridge":"viaduct","check_date":"2025-05-19","colour":"#EDA0C2","electrified":"rail","frequency":"0","layer":"2","name":"รถไฟฟ้าสายสีชมพู","name:en":"Pink Line","opening_date":"2025-05-20","operator":"นอร์ทเทิร์นบางกอกโมโนเรล","railway":"monorail","railway:cbtc":"uto","tracks":"1","voltage":"750","wikidata":"Q6584557","wikipedia":"en:Pink Line (Bangkok)"},"id":"way/1387844925"},{"type":"Feature","geometry":{"type":"LineString","coordinates":[[100.545072,13.898627],[100.544515,13.898818],[100.54448,13.898832],[100.544448,13.898848],[100.544417,13.898866],[100.544379,13.898895],[100.544347,13.898925],[100.544308,13.89897],[100.544277,13.899013],[100.544245,13.89907],[100.544222,13.899124],[100.54421,13.899175],[100.544202,13.899229],[100.544199,13.899288],[100.544203,13.899346],[100.54421,13.899406],[100.544224,13.899466],[100.544244,13.899526],[100.544302,13.899669],[100.544327,13.899736],[100.544346,13.899802],[100.544361,13.899863],[100.544372,13.899926],[100.544378,13.900001],[100.544381,13.900093],[100.544381,13.900196],[100.544374,13.900278],[100.544363,13.900357],[100.544347,13.900434],[100.544325,13.900524],[100.544221,13.900836],[100.544044,13.901422]]},"properties":{"@id":"way/1387844926","bridge":"viaduct","check_date":"2021-02-09","colour":"#EDA0C2","electrified":"rail","frequency":"0","layer":"2","name":"รถไฟฟ้าสายสีชมพู","name:en":"Pink Line","opening_date":"2025-05-20","operator":"นอร์ทเทิร์นบางกอกโมโนเรล","railway":"monorail","railway:cbtc":"uto","tracks":"2","voltage":"750","wikidata":"Q6584557","wikipedia":"en:Pink Line (Bangkok)"},"id":"way/1387844926"},{"type":"Feature","geometry":{"type":"LineString","coordinates":[[100.549871,13.896885],[100.549585,13.89709],[100.549533,13.897128],[100.549489,13.897158],[100.549444,13.897184],[100.549388,13.897214],[100.549339,13.897237],[100.549287,13.897259],[100.548487,13.897541]]},"properties":{"@id":"way/1387993082","bridge":"viaduct","check_date":"2025-05-19","colour":"#EDA0C2","electrified":"rail","frequency":"0","layer":"2","name":"รถไฟฟ้าสายสีชมพู","name:en":"Pink Line","opening_date":"2025-05-20","operator":"นอร์ทเทิร์นบางกอกโมโนเรล","railway":"monorail","railway:cbtc":"uto","tracks":"1","voltage":"750","wikidata":"Q6584557","wikipedia":"en:Pink Line (Bangkok)"},"id":"way/1387993082"},{"type":"Feature","geometry":{"type":"LineString","coordinates":[[100.545652,13.918379],[100.545753,13.918945]]},"properties":{"@id":"way/1388027479","bridge":"viaduct","check_date":"2021-02-09","colour":"#EDA0C2","electrified":"rail","frequency":"0","layer":"3","name":"รถไฟฟ้าสายสีชมพู","name:en":"Pink Line","opening_date":"2025-05-20","operator":"นอร์ทเทิร์นบางกอกโมโนเรล","railway":"monorail","railway:cbtc":"uto","tracks":"2","voltage":"750","wikidata":"Q6584557","wikipedia":"en:Pink Line (Bangkok)"},"id":"way/1388027479"},{"type":"Feature","geometry":{"type":"LineString","coordinates":[[100.522389,13.719524],[100.522656,13.719651]]},"properties":{"@id":"way/1391977403","bridge":"viaduct","electrified":"rail","frequency":"0","gauge":"1435","layer":"3","operator":"ระบบขนส่งมวลชนกรุงเทพ","operator:en":"Bangkok Mass Transit System;BTSC","railway":"subway","service":"crossover","tracks":"1","usage":"main","voltage":"750"},"id":"way/1391977403"},{"type":"Feature","geometry":{"type":"LineString","coordinates":[[100.512818,13.719172],[100.5131,13.719101],[100.514223,13.718813],[100.514697,13.718694],[100.515897,13.718378]]},"properties":{"@id":"way/1391977406","bridge":"viaduct","colour":"#02817D","electrified":"rail","frequency":"0","gauge":"1435","layer":"3","line":"สีลม","maxspeed":"80","name":"รถไฟฟ้าบีทีเอส สายสีลม","name:en":"BTS Silom Line","name:th":"รถไฟฟ้าบีทีเอส สายสีลม","network":"BTS","official_name":"รถไฟฟ้าเฉลิมพระเกียรติ 6 รอบพระชนมพรรษา สาย 2","operator":"ระบบขนส่งมวลชนกรุงเทพ","operator:en":"Bangkok Mass Transit System;BTSC","railway":"subway","railway:cbtc":"sto","railway:preferred_direction":"both","railway:track_ref":"3;4","ref":"สีลม","tracks":"1","usage":"main","voltage":"750"},"id":"way/1391977406"},{"type":"Feature","geometry":{"type":"LineString","coordinates":[[100.457869,13.720061],[100.457964,13.719454],[100.458077,13.718732],[100.45816,13.718265],[100.458216,13.718046],[100.458393,13.717586],[100.458475,13.717433],[100.458543,13.717313],[100.458643,13.717144],[100.459079,13.716557],[100.45935,13.716173],[100.459662,13.715775],[100.459821,13.715582],[100.460047,13.715367],[100.460326,13.715154],[100.460502,13.71504],[100.460702,13.714929],[100.460868,13.714851],[100.461042,13.714785],[100.461206,13.714723],[100.461462,13.714647],[100.462119,13.714486],[100.462854,13.714297],[100.463103,13.714254],[100.463343,13.71422],[100.463522,13.714206],[100.463725,13.714206],[100.463947,13.714215],[100.46422,13.71424],[100.464735,13.714294],[100.464953,13.714304],[100.46514,13.714303],[100.465296,13.7143],[100.465447,13.714288],[100.465618,13.714263],[100.465825,13.714228],[100.466017,13.714184],[100.466137,13.714151],[100.466247,13.714114],[100.466369,13.714066],[100.466829,13.713888],[100.467267,13.713703],[100.467401,13.713645],[100.467672,13.713522],[100.467858,13.713437],[100.468237,13.713275],[100.468901,13.713013],[100.469564,13.712752],[100.470033,13.712569],[100.470313,13.712477],[100.470488,13.712421],[100.471431,13.712213],[100.471562,13.712191],[100.471786,13.712165],[100.471922,13.712157],[100.472099,13.71215],[100.472318,13.712158],[100.472875,13.712205],[100.473142,13.712247],[100.473333,13.712291],[100.473626,13.712391],[100.47383,13.712482],[100.474127,13.712638],[100.474388,13.712776],[100.474673,13.712956],[100.474919,13.71312],[100.475316,13.713413],[100.475549,13.713567],[100.475633,13.713622],[100.475754,13.713688],[100.476057,13.713853],[100.476699,13.714207],[100.477305,13.71454],[100.478238,13.715086],[100.478998,13.715544],[100.479155,13.715649],[100.479244,13.715716],[100.479381,13.715826],[100.479586,13.71601],[100.479937,13.716333],[100.480092,13.71647],[100.480218,13.716575],[100.480311,13.716644],[100.480446,13.716731],[100.480887,13.716982],[100.481706,13.717433],[100.482629,13.71794],[100.483639,13.718494],[100.483854,13.718596],[100.484157,13.718729],[100.484234,13.71876],[100.484358,13.718807],[100.48457,13.718878],[100.484746,13.718935],[100.484897,13.718974],[100.485025,13.719007],[100.485276,13.719068],[100.485975,13.719229],[100.486689,13.719393],[100.487,13.719466],[100.487226,13.719537],[100.487411,13.719595],[100.487904,13.719771],[100.489097,13.720208],[100.489587,13.720371],[100.489753,13.720425],[100.490053,13.720502],[100.490241,13.720545],[100.490535,13.720592],[100.491147,13.720694]]},"properties":{"@id":"way/1391977407","bridge":"viaduct","colour":"#02817D","electrified":"rail","frequency":"0","gauge":"1435","layer":"3","line":"สีลม","maxspeed":"80","name":"รถไฟฟ้าบีทีเอส สายสีลม","name:en":"BTS Silom Line","name:th":"รถไฟฟ้าบีทีเอส สายสีลม","network":"BTS","official_name":"รถไฟฟ้าเฉลิมพระเกียรติ 6 รอบพระชนมพรรษา สาย 2","operator":"กรุงเทพธนาคม","railway":"subway","railway:cbtc":"sto","railway:preferred_direction":"backward","railway:track_ref":"3","ref":"สีลม","tracks":"1","usage":"main","voltage":"750"},"id":"way/1391977407"},{"type":"Feature","geometry":{"type":"LineString","coordinates":[[100.511588,13.719428],[100.511931,13.719389]]},"properties":{"@id":"way/1391977408","bridge":"viaduct","electrified":"contact_line","frequency":"0","gauge":"1435","layer":"3","line":"สีลม","maxspeed":"80","operator":"ระบบขนส่งมวลชนกรุงเทพ","operator:en":"Bangkok Mass Transit System;BTSC","railway":"subway","service":"crossover","tracks":"1","usage":"main","voltage":"750"},"id":"way/1391977408"},{"type":"Feature","geometry":{"type":"LineString","coordinates":[[100.497652,13.721079],[100.498198,13.721023]]},"properties":{"@id":"way/1391977411","bridge":"viaduct","electrified":"rail","gauge":"1435","layer":"3","operator":"ระบบขนส่งมวลชนกรุงเทพ","operator:en":"Bangkok Mass Transit System;BTSC","railway":"subway","service":"crossover","usage":"main","voltage":"750"},"id":"way/1391977411"},{"type":"Feature","geometry":{"type":"LineString","coordinates":[[100.493781,13.721043],[100.494119,13.721094]]},"properties":{"@id":"way/1391977412","bridge":"viaduct","colour":"#02817D","electrified":"rail","frequency":"0","gauge":"1435","layer":"3","network":"BTS","operator":"ระบบขนส่งมวลชนกรุงเทพ","operator:en":"Bangkok Mass Transit System;BTSC","railway":"subway","ref":"สีลม","service":"crossover","tracks":"1","usage":"main","voltage":"750"},"id":"way/1391977412"},{"type":"Feature","geometry":{"type":"LineString","coordinates":[[100.457662,13.721761],[100.457699,13.721526],[100.457805,13.720796]]},"properties":{"@id":"way/1391980683","bridge":"viaduct","colour":"#02817D","electrified":"rail","frequency":"0","gauge":"1435","layer":"2","line":"สีลม","maxspeed":"80","name":"รถไฟฟ้าบีทีเอส สายสีลม","name:en":"BTS Silom Line","name:th":"รถไฟฟ้าบีทีเอส สายสีลม","network":"BTS","official_name":"รถไฟฟ้าเฉลิมพระเกียรติ 6 รอบพระชนมพรรษา สาย 2","operator":"กรุงเทพธนาคม","railway":"subway","railway:cbtc":"sto","railway:preferred_direction":"forward","railway:track_ref":"4","ref":"สีลม","tracks":"1","usage":"main","voltage":"750"},"id":"way/1391980683"},{"type":"Feature","geometry":{"type":"LineString","coordinates":[[100.457622,13.721749],[100.457653,13.721548],[100.457763,13.720787]]},"properties":{"@id":"way/1391980684","bridge":"viaduct","colour":"#02817D","electrified":"rail","frequency":"0","gauge":"1435","layer":"2","line":"สีลม","maxspeed":"80","name":"รถไฟฟ้าบีทีเอส สายสีลม","name:en":"BTS Silom Line","name:th":"รถไฟฟ้าบีทีเอส สายสีลม","network":"BTS","official_name":"รถไฟฟ้าเฉลิมพระเกียรติ 6 รอบพระชนมพรรษา สาย 2","operator":"กรุงเทพธนาคม","railway":"subway","railway:cbtc":"sto","railway:preferred_direction":"backward","railway:track_ref":"3","ref":"สีลม","tracks":"1","usage":"main","voltage":"750"},"id":"way/1391980684"},{"type":"Feature","geometry":{"type":"LineString","coordinates":[[100.543024,13.775371],[100.54312,13.775552],[100.543123,13.775558],[100.543627,13.776941],[100.543736,13.77724]]},"properties":{"@id":"way/1392012992","bridge":"viaduct","electrified":"rail","frequency":"0","gauge":"1435","layer":"3","operator":"ระบบขนส่งมวลชนกรุงเทพ","operator:en":"Bangkok Mass Transit System;BTSC","railway":"subway","service":"crossover","tracks":"1","usage":"main","voltage":"750"},"id":"way/1392012992"},{"type":"Feature","geometry":{"type":"LineString","coordinates":[[100.54312,13.775552],[100.54308,13.775332]]},"properties":{"@id":"way/1392012993","bridge":"viaduct","electrified":"rail","frequency":"0","gauge":"1435","layer":"3","operator":"ระบบขนส่งมวลชนกรุงเทพ","operator:en":"Bangkok Mass Transit System;BTSC","railway":"subway","service":"crossover","tracks":"1","usage":"main","voltage":"750"},"id":"way/1392012993"},{"type":"Feature","geometry":{"type":"LineString","coordinates":[[100.5437,13.777253],[100.543627,13.776941]]},"properties":{"@id":"way/1392012994","bridge":"viaduct","electrified":"rail","frequency":"0","gauge":"1435","layer":"3","operator":"ระบบขนส่งมวลชนกรุงเทพ","operator:en":"Bangkok Mass Transit System;BTSC","railway":"subway","service":"crossover","tracks":"1","usage":"main","voltage":"750"},"id":"way/1392012994"},{"type":"Feature","geometry":{"type":"LineString","coordinates":[[100.543627,13.776941],[100.543758,13.777191]]},"properties":{"@id":"way/1392012995","bridge":"viaduct","electrified":"rail","frequency":"0","gauge":"1435","layer":"3","operator":"ระบบขนส่งมวลชนกรุงเทพ","operator:en":"Bangkok Mass Transit System;BTSC","railway":"subway","service":"crossover","tracks":"1","usage":"main","voltage":"750"},"id":"way/1392012995"},{"type":"Feature","geometry":{"type":"LineString","coordinates":[[100.561291,13.815621],[100.560973,13.814953],[100.560733,13.814449],[100.560605,13.81421]]},"properties":{"@id":"way/1392013004","bridge":"viaduct","electrified":"rail","frequency":"0","gauge":"1435","layer":"3","operator":"กรุงเทพธนาคม","railway":"subway","railway:cbtc":"sto","service":"crossover","usage":"main","voltage":"750"},"id":"way/1392013004"},{"type":"Feature","geometry":{"type":"LineString","coordinates":[[100.563266,13.818765],[100.563412,13.819029],[100.563906,13.819876],[100.565435,13.82247],[100.565877,13.823221],[100.566076,13.823555],[100.566409,13.824128],[100.566742,13.824701],[100.567731,13.826385],[100.567975,13.8268],[100.568335,13.827416],[100.568908,13.828393],[100.569372,13.829192],[100.569704,13.829758],[100.570045,13.830336],[100.570687,13.831427],[100.571045,13.832044],[100.571463,13.832756],[100.571881,13.833477],[100.57232,13.834221],[100.572729,13.834925],[100.572951,13.835305],[100.57327,13.83585],[100.573609,13.836419],[100.573968,13.837023],[100.574755,13.838359],[100.5752,13.839121],[100.575772,13.840116],[100.576261,13.840919],[100.576749,13.841756],[100.577087,13.842326],[100.577425,13.842896],[100.577916,13.843743],[100.578124,13.844123],[100.578404,13.844595],[100.578518,13.844789],[100.578828,13.845315],[100.579322,13.846153],[100.579598,13.846619],[100.5797,13.84679],[100.579989,13.847289],[100.580221,13.847666],[100.58046,13.848062],[100.580774,13.848599],[100.581466,13.849775],[100.581797,13.850335],[100.582154,13.850938],[100.582713,13.85189],[100.583211,13.852746],[100.583995,13.85408],[100.58447,13.854883],[100.584823,13.855489],[100.585159,13.856061],[100.585494,13.856632],[100.58664,13.858573],[100.587285,13.859653],[100.58791,13.860724],[100.588337,13.86145],[100.588684,13.862038],[100.589163,13.862857],[100.589744,13.863837],[100.590235,13.864678],[100.590779,13.865601],[100.59143,13.866686],[100.591616,13.867016],[100.591953,13.867586],[100.592296,13.868168],[100.592937,13.869257],[100.593509,13.870225],[100.594072,13.871177],[100.594336,13.871595],[100.594398,13.871688],[100.594521,13.871844],[100.594652,13.872005],[100.594754,13.872136],[100.594889,13.872338],[100.595293,13.873003],[100.595857,13.873953]]},"properties":{"@id":"way/1392013005","bridge":"viaduct","electrified":"rail","frequency":"0","gauge":"1435","layer":"3","maxspeed":"80","name":"รถไฟฟ้าบีทีเอส สายสุขุมวิท","name:en":"BTS Sukhumvit Line","name:th":"รถไฟฟ้าบีทีเอส สายสุขุมวิท","network":"BTS","official_name":"รถไฟฟ้าเฉลิมพระเกียรติ 6 รอบพระชนมพรรษา สาย 1","operator":"กรุงเทพธนาคม","railway":"subway","railway:cbtc":"sto","railway:preferred_direction":"forward","railway:track_ref":"2","ref":"สุขุมวิท","tracks":"1","usage":"main","voltage":"750","wikidata":"Q4921598","wikipedia":"th:รถไฟฟ้าบีทีเอส สายสุขุมวิท"},"id":"way/1392013005"},{"type":"Feature","geometry":{"type":"LineString","coordinates":[[100.562695,13.817602],[100.56282,13.817878],[100.563015,13.818285],[100.563073,13.818436]]},"properties":{"@id":"way/1392013007","bridge":"viaduct","electrified":"rail","frequency":"0","gauge":"1435","layer":"3","operator":"กรุงเทพธนาคม","railway":"subway","railway:cbtc":"sto","service":"crossover","usage":"main","voltage":"750"},"id":"way/1392013007"},{"type":"Feature","geometry":{"type":"LineString","coordinates":[[100.557605,13.80916],[100.557776,13.80946],[100.558071,13.809991],[100.55838,13.810533],[100.55863,13.810959],[100.558863,13.811355],[100.558973,13.811556],[100.559097,13.811814],[100.559205,13.812058],[100.559285,13.812226],[100.559364,13.812369],[100.559514,13.812614],[100.559805,13.813063],[100.560151,13.813595],[100.560421,13.814002],[100.560569,13.814245],[100.560678,13.814442],[100.560765,13.814609],[100.561087,13.815259],[100.561197,13.815479],[100.561291,13.815621],[100.561352,13.815713],[100.561583,13.816114],[100.561943,13.816725],[100.562313,13.817352],[100.562449,13.817586],[100.562594,13.817794],[100.562718,13.817944],[100.562857,13.818117],[100.562987,13.818301],[100.563073,13.818436],[100.563156,13.818566],[100.563266,13.818765]]},"properties":{"@id":"way/1392013008","bridge":"viaduct","electrified":"rail","frequency":"0","gauge":"1435","layer":"4","maxspeed":"80","name":"รถไฟฟ้าบีทีเอส สายสุขุมวิท","name:en":"BTS Sukhumvit Line","name:th":"รถไฟฟ้าบีทีเอส สายสุขุมวิท","network":"BTS","official_name":"รถไฟฟ้าเฉลิมพระเกียรติ 6 รอบพระชนมพรรษา สาย 1","operator":"กรุงเทพธนาคม","railway":"subway","railway:cbtc":"sto","railway:preferred_direction":"forward","railway:track_ref":"2","ref":"สุขุมวิท","tracks":"1","usage":"main","voltage":"750","wikidata":"Q4921598","wikipedia":"th:รถไฟฟ้าบีทีเอส สายสุขุมวิท"},"id":"way/1392013008"},{"type":"Feature","geometry":{"type":"LineString","coordinates":[[100.557642,13.809138],[100.557359,13.80868],[100.557208,13.808412],[100.557121,13.808265]]},"properties":{"@id":"way/1392013009","bridge":"viaduct","electrified":"rail","frequency":"0","gauge":"1435","layer":"3","maxspeed":"80","name":"รถไฟฟ้าบีทีเอส สายสุขุมวิท","name:en":"BTS Sukhumvit Line","name:th":"รถไฟฟ้าบีทีเอส สายสุขุมวิท","network":"BTS","official_name":"รถไฟฟ้าเฉลิมพระเกียรติ 6 รอบพระชนมพรรษา สาย 1","operator":"กรุงเทพธนาคม","railway":"subway","railway:cbtc":"sto","railway:preferred_direction":"forward","railway:track_ref":"1","ref":"สุขุมวิท","tracks":"1","usage":"main","voltage":"750"},"id":"way/1392013009"},{"type":"Feature","geometry":{"type":"LineString","coordinates":[[100.554444,13.803735],[100.554602,13.803934]]},"properties":{"@id":"way/1392013010","bridge":"viaduct","electrified":"rail","frequency":"0","gauge":"1435","layer":"3","operator":"ระบบขนส่งมวลชนกรุงเทพ","operator:en":"Bangkok Mass Transit System;BTSC","railway":"subway","service":"crossover","usage":"main","voltage":"750"},"id":"way/1392013010"},{"type":"Feature","geometry":{"type":"LineString","coordinates":[[100.554878,13.804489],[100.554734,13.804153]]},"properties":{"@id":"way/1392013011","bridge":"viaduct","electrified":"rail","frequency":"0","gauge":"1435","layer":"3","operator":"ระบบขนส่งมวลชนกรุงเทพ","operator:en":"Bangkok Mass Transit System;BTSC","railway":"subway","service":"crossover","usage":"main","voltage":"750"},"id":"way/1392013011"},{"type":"Feature","geometry":{"type":"LineString","coordinates":[[100.557458,13.80876],[100.557108,13.808165],[100.556699,13.807471],[100.556466,13.807081],[100.556382,13.806988]]},"properties":{"@id":"way/1392013013","bridge":"viaduct","electrified":"rail","frequency":"0","gauge":"1435","layer":"3","operator":"กรุงเทพธนาคม","railway":"subway","railway:cbtc":"sto","service":"crossover","usage":"main","voltage":"750"},"id":"way/1392013013"},{"type":"Feature","geometry":{"type":"LineString","coordinates":[[100.578541,13.844756],[100.578908,13.845377],[100.579531,13.846427],[100.579653,13.846632]]},"properties":{"@id":"way/1392013022","bridge":"viaduct","electrified":"rail","frequency":"0","gauge":"1435","layer":"3","network":"BTS","operator":"กรุงเทพธนาคม","railway":"subway","service":"crossover","tracks":"1","usage":"main","voltage":"750"},"id":"way/1392013022"},{"type":"Feature","geometry":{"type":"LineString","coordinates":[[100.579531,13.846427],[100.579598,13.846619]]},"properties":{"@id":"way/1392013023","bridge":"viaduct","electrified":"rail","frequency":"0","gauge":"1435","layer":"3","network":"BTS","operator":"กรุงเทพธนาคม","railway":"subway","service":"crossover","tracks":"1","usage":"main","voltage":"750"},"id":"way/1392013023"},{"type":"Feature","geometry":{"type":"LineString","coordinates":[[100.579531,13.846427],[100.57964,13.846553]]},"properties":{"@id":"way/1392013024","bridge":"viaduct","electrified":"rail","frequency":"0","gauge":"1435","layer":"3","network":"BTS","operator":"กรุงเทพธนาคม","railway":"subway","service":"crossover","tracks":"1","usage":"main","voltage":"750"},"id":"way/1392013024"},{"type":"Feature","geometry":{"type":"LineString","coordinates":[[100.578541,13.844756],[100.578404,13.844595]]},"properties":{"@id":"way/1392013025","bridge":"viaduct","electrified":"rail","frequency":"0","gauge":"1435","layer":"3","network":"BTS","operator":"กรุงเทพธนาคม","railway":"subway","service":"crossover","tracks":"1","usage":"main","voltage":"750"},"id":"way/1392013025"},{"type":"Feature","geometry":{"type":"LineString","coordinates":[[100.578442,13.844513],[100.578541,13.844756]]},"properties":{"@id":"way/1392013026","bridge":"viaduct","electrified":"rail","frequency":"0","gauge":"1435","layer":"3","network":"BTS","operator":"กรุงเทพธนาคม","railway":"subway","service":"crossover","tracks":"1","usage":"main","voltage":"750"},"id":"way/1392013026"},{"type":"Feature","geometry":{"type":"LineString","coordinates":[[100.59925,13.879862],[100.599367,13.880142],[100.599511,13.880418],[100.599765,13.880853],[100.600384,13.881895],[100.600712,13.882458],[100.601049,13.883035],[100.601597,13.883976],[100.60242,13.885348],[100.603344,13.886929],[100.603912,13.887889],[100.604244,13.888452],[100.604249,13.888461],[100.604586,13.889033],[100.605663,13.89087],[100.607182,13.893438],[100.607997,13.894813],[100.608559,13.895776],[100.608728,13.896066],[100.609057,13.896622],[100.609399,13.897201],[100.610065,13.898333],[100.610604,13.899253],[100.611087,13.900057],[100.611552,13.900849],[100.612052,13.901701],[100.612486,13.902442],[100.613137,13.903532],[100.613784,13.904638],[100.614311,13.905527],[100.614827,13.906406],[100.615411,13.90739],[100.616016,13.908414],[100.616497,13.90923],[100.617049,13.910174],[100.617375,13.910723],[100.617718,13.9113],[100.618486,13.912592],[100.619167,13.913745],[100.619719,13.91468],[100.620362,13.915767],[100.620896,13.916667],[100.621331,13.917411],[100.621668,13.917981],[100.622005,13.918551],[100.623777,13.921562],[100.62498,13.923593],[100.625143,13.923869],[100.625489,13.924469],[100.62582,13.925024],[100.62617,13.925612],[100.626353,13.925911],[100.626462,13.92607],[100.626557,13.926193],[100.626762,13.926382],[100.626919,13.926496],[100.627269,13.926677],[100.627868,13.926881],[100.628314,13.927038],[100.628658,13.927174],[100.62897,13.927315],[100.62961,13.927652],[100.630104,13.92793],[100.630766,13.928286],[100.631221,13.928533],[100.631796,13.928852],[100.632193,13.929068],[100.632741,13.929375],[100.633317,13.929687],[100.634215,13.930181],[100.635515,13.93089],[100.636346,13.931351],[100.636998,13.931702],[100.637275,13.931837],[100.637577,13.931963],[100.637919,13.932094],[100.638188,13.932184],[100.638592,13.932294],[100.638987,13.932381],[100.639375,13.932441],[100.639779,13.932493],[100.640112,13.932513],[100.640357,13.932518],[100.640987,13.932511],[100.642651,13.932474],[100.643915,13.932441],[100.644736,13.932423],[100.645864,13.932398],[100.646523,13.932384],[100.64721,13.932369]]},"properties":{"@id":"way/1392015020","bridge":"viaduct","electrified":"rail","frequency":"0","gauge":"1435","layer":"3","maxspeed":"80","name":"รถไฟฟ้าบีทีเอส สายสุขุมวิท","name:en":"BTS Sukhumvit Line","name:th":"รถไฟฟ้าบีทีเอส สายสุขุมวิท","network":"BTS","official_name":"รถไฟฟ้าเฉลิมพระเกียรติ 6 รอบพระชนมพรรษา สาย 1","opening_date":"2020-12-16","operator":"กรุงเทพธนาคม","railway":"subway","railway:cbtc":"sto","railway:preferred_direction":"forward","railway:track_ref":"2","ref":"สุขุมวิท","tracks":"1","usage":"main","voltage":"750","wikidata":"Q4921598","wikipedia":"th:รถไฟฟ้าบีทีเอส สายสุขุมวิท"},"id":"way/1392015020"},{"type":"Feature","geometry":{"type":"LineString","coordinates":[[100.608559,13.895776],[100.608456,13.895515]]},"properties":{"@id":"way/1392015027","bridge":"viaduct","electrified":"rail","frequency":"0","gauge":"1435","layer":"3","network":"BTS","operator":"ระบบขนส่งมวลชนกรุงเทพ","operator:en":"Bangkok Mass Transit System;BTSC","railway":"subway","service":"crossover","usage":"main","voltage":"750"},"id":"way/1392015027"},{"type":"Feature","geometry":{"type":"LineString","coordinates":[[100.62498,13.923593],[100.625184,13.923863]]},"properties":{"@id":"way/1392016660","bridge":"viaduct","electrified":"rail","frequency":"0","gauge":"1435","layer":"3","network":"BTS","operator":"ระบบขนส่งมวลชนกรุงเทพ","operator:en":"Bangkok Mass Transit System;BTSC","railway":"subway","service":"crossover","tracks":"1","usage":"main","voltage":"750"},"id":"way/1392016660"},{"type":"Feature","geometry":{"type":"LineString","coordinates":[[100.644546,13.932353],[100.644906,13.932383]]},"properties":{"@id":"way/1392016664","bridge":"viaduct","electrified":"rail","frequency":"0","gauge":"1435","layer":"3","network":"BTS","operator":"กรุงเทพธนาคม","railway":"subway","service":"crossover","tracks":"1","usage":"main","voltage":"750"},"id":"way/1392016664"},{"type":"Feature","geometry":{"type":"LineString","coordinates":[[100.644441,13.932393],[100.644736,13.932423]]},"properties":{"@id":"way/1392016665","bridge":"viaduct","electrified":"rail","frequency":"0","gauge":"1435","layer":"3","network":"BTS","operator":"กรุงเทพธนาคม","railway":"subway","service":"crossover","tracks":"1","usage":"main","voltage":"750"},"id":"way/1392016665"},{"type":"Feature","geometry":{"type":"LineString","coordinates":[[100.647646,13.932322],[100.647958,13.932352]]},"properties":{"@id":"way/1392039121","bridge":"viaduct","electrified":"rail","frequency":"0","gauge":"1435","layer":"3","network":"BTS","operator":"กรุงเทพธนาคม","railway":"subway","ref":"สุขุมวิท","service":"crossover","tracks":"1","usage":"main","voltage":"750"},"id":"way/1392039121"},{"type":"Feature","geometry":{"type":"LineString","coordinates":[[100.64721,13.932369],[100.647958,13.932352],[100.649667,13.932313],[100.653729,13.932222],[100.653857,13.932218]]},"properties":{"@id":"way/1392039122","bridge":"viaduct","electrified":"rail","frequency":"0","gauge":"1435","layer":"3","name":"รถไฟฟ้าบีทีเอส สายสุขุมวิท","name:en":"BTS Sukhumvit Line","name:th":"รถไฟฟ้าบีทีเอส สายสุขุมวิท","network":"BTS","official_name":"รถไฟฟ้าเฉลิมพระเกียรติ 6 รอบพระชนมพรรษา สาย 1","opening_date":"2020-12-16","operator":"กรุงเทพธนาคม","railway":"subway","railway:cbtc":"sto","railway:track_ref":"2","ref":"สุขุมวิท","tracks":"1","usage":"main","voltage":"750","wikidata":"Q4921598","wikipedia":"th:รถไฟฟ้าบีทีเอส สายสุขุมวิท"},"id":"way/1392039122"},{"type":"Feature","geometry":{"type":"LineString","coordinates":[[100.541828,13.744339],[100.541266,13.744438],[100.54075,13.74452],[100.540546,13.744565],[100.540138,13.744672],[100.539955,13.744712],[100.539676,13.744764],[100.53922,13.744815],[100.538888,13.74483],[100.538646,13.744854],[100.538256,13.744921],[100.536067,13.74531],[100.535841,13.745362],[100.535524,13.745457],[100.535333,13.745507],[100.535191,13.745532]]},"properties":{"@id":"way/1392287981","bridge":"viaduct","electrified":"rail","frequency":"0","gauge":"1435","layer":"2","maxspeed":"80","name":"รถไฟฟ้าบีทีเอส สายสุขุมวิท","name:en":"BTS Sukhumvit Line","name:th":"รถไฟฟ้าบีทีเอส สายสุขุมวิท","network":"BTS","official_name":"รถไฟฟ้าเฉลิมพระเกียรติ 6 รอบพระชนมพรรษา สาย 1","operator":"ระบบขนส่งมวลชนกรุงเทพ","operator:en":"Bangkok Mass Transit System;BTSC","railway":"subway","railway:cbtc":"sto","railway:track_ref":"1","ref":"สุขุมวิท","tracks":"1","usage":"main","voltage":"750","wikidata":"Q4921598","wikipedia":"th:รถไฟฟ้าบีทีเอส สายสุขุมวิท"},"id":"way/1392287981"},{"type":"Feature","geometry":{"type":"LineString","coordinates":[[100.564288,13.73427],[100.564231,13.73431],[100.562844,13.735287],[100.562829,13.735298],[100.562562,13.735489],[100.562543,13.735502]]},"properties":{"@id":"way/1392287988","bridge":"viaduct","electrified":"rail","frequency":"0","gauge":"1435","layer":"3","network":"BTS","operator":"ระบบขนส่งมวลชนกรุงเทพ","operator:en":"Bangkok Mass Transit System;BTSC","railway":"subway","service":"crossover","tracks":"1","usage":"main","voltage":"750"},"id":"way/1392287988"},{"type":"Feature","geometry":{"type":"LineString","coordinates":[[100.562467,13.735507],[100.562844,13.735287]]},"properties":{"@id":"way/1392287989","bridge":"viaduct","electrified":"rail","frequency":"0","gauge":"1435","layer":"3","network":"BTS","operator":"ระบบขนส่งมวลชนกรุงเทพ","operator:en":"Bangkok Mass Transit System;BTSC","railway":"subway","service":"crossover","tracks":"1","usage":"main","voltage":"750"},"id":"way/1392287989"},{"type":"Feature","geometry":{"type":"LineString","coordinates":[[100.562844,13.735287],[100.562512,13.735558]]},"properties":{"@id":"way/1392287990","bridge":"viaduct","electrified":"rail","frequency":"0","gauge":"1435","layer":"3","network":"BTS","operator":"ระบบขนส่งมวลชนกรุงเทพ","operator:en":"Bangkok Mass Transit System;BTSC","railway":"subway","service":"crossover","tracks":"1","usage":"main","voltage":"750"},"id":"way/1392287990"},{"type":"Feature","geometry":{"type":"LineString","coordinates":[[100.598275,13.710187],[100.598218,13.710229],[100.597483,13.710749]]},"properties":{"@id":"way/1392287999","bridge":"viaduct","electrified":"rail","frequency":"0","gauge":"1435","layer":"2","maxspeed":"80","name":"รถไฟฟ้าบีทีเอส สายสุขุมวิท","name:en":"BTS Sukhumvit Line","name:th":"รถไฟฟ้าบีทีเอส สายสุขุมวิท","network":"BTS","official_name":"รถไฟฟ้าเฉลิมพระเกียรติ 6 รอบพระชนมพรรษา สาย 1","operator":"ระบบขนส่งมวลชนกรุงเทพ","operator:en":"Bangkok Mass Transit System;BTSC","railway":"subway","railway:cbtc":"sto","railway:track_ref":"1","ref":"สุขุมวิท","tracks":"1","usage":"main","voltage":"750","wikidata":"Q4921598","wikipedia":"th:รถไฟฟ้าบีทีเอส สายสุขุมวิท","wikipedia:en":"en:BTS Skytrain"},"id":"way/1392287999"},{"type":"Feature","geometry":{"type":"LineString","coordinates":[[100.60144,13.704771],[100.601547,13.704457]]},"properties":{"@id":"way/1392288000","bridge":"viaduct","electrified":"rail","frequency":"0","gauge":"1435","layer":"3","network":"BTS","operator":"ระบบขนส่งมวลชนกรุงเทพ","operator:en":"Bangkok Mass Transit System;BTSC","railway":"subway","service":"crossover","tracks":"1","usage":"main","voltage":"750"},"id":"way/1392288000"},{"type":"Feature","geometry":{"type":"LineString","coordinates":[[100.601597,13.704353],[100.601814,13.70401]]},"properties":{"@id":"way/1392288001","bridge":"viaduct","electrified":"rail","frequency":"0","gauge":"1435","layer":"3","network":"BTS","operator":"ระบบขนส่งมวลชนกรุงเทพ","operator:en":"Bangkok Mass Transit System;BTSC","railway":"subway","service":"crossover","tracks":"1","usage":"main","voltage":"750"},"id":"way/1392288001"},{"type":"Feature","geometry":{"type":"LineString","coordinates":[[100.602173,13.662132],[100.602344,13.662436]]},"properties":{"@id":"way/1392288014","bridge":"viaduct","electrified":"rail","frequency":"0","gauge":"1435","layer":"3","network":"BTS","operator":"กรุงเทพธนาคม","railway":"subway","service":"crossover","tracks":"1","usage":"main","voltage":"750"},"id":"way/1392288014"},{"type":"Feature","geometry":{"type":"LineString","coordinates":[[100.602918,13.66389],[100.60295,13.663966],[100.603092,13.664312],[100.60371,13.665819],[100.603863,13.666192],[100.60389,13.666258]]},"properties":{"@id":"way/1392288015","bridge":"viaduct","electrified":"rail","frequency":"0","gauge":"1435","layer":"3","network":"BTS","operator":"กรุงเทพธนาคม","railway":"subway","service":"crossover","tracks":"1","usage":"main","voltage":"750"},"id":"way/1392288015"},{"type":"Feature","geometry":{"type":"LineString","coordinates":[[100.60371,13.665819],[100.603913,13.666204]]},"properties":{"@id":"way/1392288016","bridge":"viaduct","electrified":"rail","frequency":"0","gauge":"1435","layer":"3","network":"BTS","operator":"กรุงเทพธนาคม","railway":"subway","service":"crossover","tracks":"1","usage":"main","voltage":"750"},"id":"way/1392288016"},{"type":"Feature","geometry":{"type":"LineString","coordinates":[[100.603836,13.666221],[100.60371,13.665819]]},"properties":{"@id":"way/1392288017","bridge":"viaduct","electrified":"rail","frequency":"0","gauge":"1435","layer":"3","network":"BTS","operator":"กรุงเทพธนาคม","railway":"subway","service":"crossover","tracks":"1","usage":"main","voltage":"750"},"id":"way/1392288017"},{"type":"Feature","geometry":{"type":"LineString","coordinates":[[100.603092,13.664312],[100.602974,13.663929]]},"properties":{"@id":"way/1392288018","bridge":"viaduct","electrified":"rail","frequency":"0","gauge":"1435","layer":"3","network":"BTS","operator":"ระบบขนส่งมวลชนกรุงเทพ","operator:en":"Bangkok Mass Transit System;BTSC","railway":"subway","service":"crossover","tracks":"1","usage":"main","voltage":"750"},"id":"way/1392288018"},{"type":"Feature","geometry":{"type":"LineString","coordinates":[[100.602905,13.663959],[100.603092,13.664312]]},"properties":{"@id":"way/1392288019","bridge":"viaduct","electrified":"rail","frequency":"0","gauge":"1435","layer":"3","network":"BTS","operator":"ระบบขนส่งมวลชนกรุงเทพ","operator:en":"Bangkok Mass Transit System;BTSC","railway":"subway","service":"crossover","tracks":"1","usage":"main","voltage":"750"},"id":"way/1392288019"},{"type":"Feature","geometry":{"type":"LineString","coordinates":[[100.601448,13.660367],[100.601365,13.660056]]},"properties":{"@id":"way/1392288020","bridge":"viaduct","electrified":"rail","frequency":"0","gauge":"1435","layer":"3","network":"BTS","operator":"ระบบขนส่งมวลชนกรุงเทพ","operator:en":"Bangkok Mass Transit System;BTSC","railway":"subway","service":"crossover","tracks":"1","usage":"main","voltage":"750"},"id":"way/1392288020"},{"type":"Feature","geometry":{"type":"LineString","coordinates":[[100.593303,13.640441],[100.59336,13.640581],[100.593567,13.641091],[100.59406,13.642301],[100.594633,13.643707],[100.594824,13.644178],[100.594878,13.644311]]},"properties":{"@id":"way/1392288023","bridge":"viaduct","electrified":"rail","frequency":"0","gauge":"1435","layer":"3","network":"BTS","operator":"กรุงเทพธนาคม","railway":"subway","service":"crossover","tracks":"1","usage":"main","voltage":"750"},"id":"way/1392288023"},{"type":"Feature","geometry":{"type":"LineString","coordinates":[[100.593567,13.641091],[100.593454,13.640711]]},"properties":{"@id":"way/1392288024","bridge":"viaduct","electrified":"rail","frequency":"0","gauge":"1435","layer":"3","network":"BTS","operator":"กรุงเทพธนาคม","railway":"subway","service":"crossover","tracks":"1","usage":"main","voltage":"750"},"id":"way/1392288024"},{"type":"Feature","geometry":{"type":"LineString","coordinates":[[100.593401,13.640791],[100.593567,13.641091]]},"properties":{"@id":"way/1392288025","bridge":"viaduct","electrified":"rail","frequency":"0","gauge":"1435","layer":"3","network":"BTS","operator":"กรุงเทพธนาคม","railway":"subway","service":"crossover","tracks":"1","usage":"main","voltage":"750"},"id":"way/1392288025"},{"type":"Feature","geometry":{"type":"LineString","coordinates":[[100.594633,13.643707],[100.594822,13.644072]]},"properties":{"@id":"way/1392288026","bridge":"viaduct","electrified":"rail","frequency":"0","gauge":"1435","layer":"3","network":"BTS","operator":"กรุงเทพธนาคม","railway":"subway","service":"crossover","tracks":"1","usage":"main","voltage":"750"},"id":"way/1392288026"},{"type":"Feature","geometry":{"type":"LineString","coordinates":[[100.594751,13.644095],[100.594633,13.643707]]},"properties":{"@id":"way/1392288027","bridge":"viaduct","electrified":"rail","frequency":"0","gauge":"1435","layer":"3","network":"BTS","operator":"กรุงเทพธนาคม","railway":"subway","service":"crossover","tracks":"1","usage":"main","voltage":"750"},"id":"way/1392288027"},{"type":"Feature","geometry":{"type":"LineString","coordinates":[[100.591406,13.635851],[100.591566,13.636156]]},"properties":{"@id":"way/1392288030","bridge":"viaduct","electrified":"rail","frequency":"0","gauge":"1435","layer":"3","network":"BTS","operator":"กรุงเทพธนาคม","railway":"subway","service":"crossover","tracks":"1","usage":"main","voltage":"750"},"id":"way/1392288030"},{"type":"Feature","geometry":{"type":"LineString","coordinates":[[100.591222,13.635357],[100.590843,13.634382],[100.590774,13.634219],[100.590719,13.634088],[100.590591,13.633803],[100.590461,13.633546],[100.59036,13.633371],[100.590247,13.63319],[100.590159,13.633059],[100.590048,13.632906],[100.589924,13.632744],[100.58895,13.631581],[100.588759,13.631347],[100.588578,13.631114],[100.588432,13.630898],[100.588311,13.630692],[100.588203,13.630485],[100.58811,13.630268],[100.588026,13.630028],[100.58795,13.629785],[100.587888,13.629528],[100.587847,13.629259],[100.587829,13.628985],[100.587823,13.628695],[100.587829,13.628467],[100.587849,13.628249],[100.58788,13.628023],[100.587926,13.627809],[100.587963,13.627646],[100.588013,13.627477],[100.58808,13.627274],[100.590161,13.621541],[100.59494,13.608433],[100.595728,13.606254],[100.596601,13.603874],[100.596696,13.603609],[100.59678,13.603371],[100.596863,13.603109],[100.596941,13.602838],[100.597137,13.602095],[100.597422,13.600943],[100.597475,13.600761],[100.597542,13.600578],[100.597598,13.600468],[100.597722,13.600326],[100.597834,13.600221],[100.5981,13.600053],[100.605794,13.596404],[100.60638,13.596126],[100.60672,13.595837],[100.606962,13.59557],[100.608965,13.592054],[100.608985,13.592018],[100.609626,13.590865],[100.609759,13.590587],[100.609846,13.590267],[100.609864,13.590042],[100.609857,13.58969],[100.609785,13.589277],[100.607861,13.584235],[100.605467,13.577872],[100.604862,13.576264],[100.60476,13.575938],[100.604702,13.57565],[100.604654,13.575042],[100.604721,13.574334],[100.604994,13.573441],[100.607726,13.567706]]},"properties":{"@id":"way/1392288031","bridge":"viaduct","electrified":"rail","frequency":"0","gauge":"1435","layer":"3","maxspeed":"80","name":"รถไฟฟ้าบีทีเอส สายสุขุมวิท","name:en":"BTS Sukhumvit Line","name:th":"รถไฟฟ้าบีทีเอส สายสุขุมวิท","network":"BTS","official_name":"รถไฟฟ้าเฉลิมพระเกียรติ 6 รอบพระชนมพรรษา สาย 1","operator":"กรุงเทพธนาคม","railway":"subway","railway:cbtc":"sto","railway:track_ref":"1","ref":"สุขุมวิท","tracks":"2","usage":"main","voltage":"750","wikidata":"Q4921598","wikipedia":"th:รถไฟฟ้าบีทีเอส สายสุขุมวิท","wikipedia:en":"en:BTS Skytrain","wikipedia:th":"th:รถไฟฟ้าบีทีเอส สายสุขุมวิท"},"id":"way/1392288031"},{"type":"Feature","geometry":{"type":"LineString","coordinates":[[100.570083,13.766291],[100.572297,13.76402],[100.572559,13.763699],[100.5728,13.763409],[100.573013,13.763122],[100.573045,13.762963],[100.573145,13.762803],[100.57325,13.762377],[100.573292,13.761977],[100.573313,13.7614],[100.573416,13.759612],[100.573444,13.759093],[100.573449,13.758403],[100.573497,13.758015],[100.573581,13.757719],[100.573649,13.757504],[100.573767,13.757191],[100.57393,13.75691],[100.574101,13.75669],[100.574251,13.75649],[100.574499,13.756251],[100.574777,13.756047],[100.574992,13.755928],[100.57549,13.755718],[100.575919,13.755616],[100.576286,13.755556],[100.576764,13.755501],[100.580289,13.75529],[100.584594,13.75473],[100.591642,13.752589],[100.600134,13.749576],[100.602608,13.748607],[100.603796,13.748204],[100.604469,13.747966],[100.604984,13.747807],[100.605485,13.74779],[100.605847,13.747955],[100.606258,13.748347],[100.606854,13.748945]]},"properties":{"@id":"way/1408738391","colour":"#FF6610","construction":"subway","construction:electrified":"rail","construction:frequency":"0","construction:railway":"subway","construction:voltage":"750","gauge":"1435","layer":"-1","maxspeed":"80","name":"รถไฟฟ้ามหานคร สายสีส้ม","name:en":"MRT Orange Line","name:th":"รถไฟฟ้ามหานคร สายสีส้ม","name:zh":"曼谷地铁橙线","operator":"ทางด่วนและรถไฟฟ้ากรุงเทพ","railway":"construction","ref":"OR","tunnel":"yes"},"id":"way/1408738391"},{"type":"Feature","geometry":{"type":"LineString","coordinates":[[100.72762,13.80704],[100.727381,13.806896],[100.727297,13.806832],[100.727179,13.806749],[100.72708,13.80666],[100.726999,13.806581],[100.726894,13.806477],[100.726655,13.806203],[100.726225,13.805694],[100.725716,13.805096],[100.725361,13.804681],[100.725256,13.804561],[100.725177,13.804493],[100.725062,13.804389],[100.724948,13.804306],[100.724867,13.804244],[100.724745,13.804169],[100.724543,13.804056],[100.724127,13.803848],[100.721798,13.802693],[100.720912,13.802249],[100.719152,13.801373],[100.71806,13.800831],[100.717447,13.800526],[100.716522,13.800078],[100.715409,13.799522],[100.714343,13.798989],[100.713908,13.798768],[100.71175,13.797683],[100.710422,13.797018],[100.708524,13.796077],[100.706156,13.794884],[100.705304,13.794438],[100.700833,13.792004],[100.699524,13.791279],[100.697618,13.790249],[100.696597,13.789695],[100.696258,13.789501],[100.695599,13.789123],[100.694944,13.788763],[100.693959,13.788213],[100.693377,13.787899],[100.69313,13.787756],[100.692508,13.787436],[100.690743,13.786474],[100.687212,13.784522],[100.686561,13.784168],[100.682925,13.782172],[100.681566,13.781404],[100.680003,13.780544],[100.677476,13.779155],[100.676529,13.778635],[100.675219,13.777906],[100.674241,13.777363],[100.673029,13.776678]]},"properties":{"@id":"way/1408738392","bridge":"yes","colour":"#FF6610","construction":"subway","construction:electrified":"rail","construction:frequency":"0","construction:railway":"subway","construction:voltage":"750","gauge":"1435","layer":"2","maxspeed":"80","name":"รถไฟฟ้ามหานคร สายสีส้ม","name:en":"MRT Orange Line","name:th":"รถไฟฟ้ามหานคร สายสีส้ม","name:zh":"曼谷地铁橙线","operator":"ทางด่วนและรถไฟฟ้ากรุงเทพ","railway":"construction","ref":"OR"},"id":"way/1408738392"},{"type":"Feature","geometry":{"type":"LineString","coordinates":[[100.673029,13.776678],[100.67137,13.775778]]},"properties":{"@id":"way/1408738393","colour":"#FF6610","construction":"subway","construction:electrified":"rail","construction:frequency":"0","construction:railway":"subway","construction:voltage":"750","cutting":"yes","gauge":"1435","maxspeed":"80","name":"รถไฟฟ้ามหานคร สายสีส้ม","name:en":"MRT Orange Line","name:th":"รถไฟฟ้ามหานคร สายสีส้ม","name:zh":"曼谷地铁橙线","operator":"ทางด่วนและรถไฟฟ้ากรุงเทพ","railway":"construction","ref":"OR"},"id":"way/1408738393"},{"type":"Feature","geometry":{"type":"LineString","coordinates":[[100.695738,13.789231],[100.695537,13.789123],[100.695219,13.788945],[100.694432,13.788516],[100.693652,13.788089],[100.693266,13.787876],[100.693155,13.787812]]},"properties":{"@id":"way/1408738394","bridge":"yes","colour":"#FF6610","construction":"subway","construction:electrified":"rail","construction:frequency":"0","construction:railway":"subway","construction:voltage":"750","gauge":"1435","layer":"2","maxspeed":"80","name":"รถไฟฟ้ามหานคร สายสีส้ม","name:en":"MRT Orange Line","name:th":"รถไฟฟ้ามหานคร สายสีส้ม","name:zh":"曼谷地铁橙线","railway":"construction","ref":"OR","service":"crossover"},"id":"way/1408738394"},{"type":"Feature","geometry":{"type":"LineString","coordinates":[[100.695219,13.788945],[100.695599,13.789123]]},"properties":{"@id":"way/1408738395","bridge":"yes","colour":"#FF6610","construction":"subway","construction:electrified":"rail","construction:frequency":"0","construction:railway":"subway","construction:voltage":"750","gauge":"1435","layer":"2","maxspeed":"80","name":"รถไฟฟ้ามหานคร สายสีส้ม","name:en":"MRT Orange Line","name:th":"รถไฟฟ้ามหานคร สายสีส้ม","name:zh":"曼谷地铁橙线","railway":"construction","ref":"OR","service":"crossover"},"id":"way/1408738395"},{"type":"Feature","geometry":{"type":"LineString","coordinates":[[100.695558,13.789181],[100.695219,13.788945]]},"properties":{"@id":"way/1408738396","bridge":"yes","colour":"#FF6610","construction":"subway","construction:electrified":"rail","construction:frequency":"0","construction:railway":"subway","construction:voltage":"750","gauge":"1435","layer":"2","maxspeed":"80","name":"รถไฟฟ้ามหานคร สายสีส้ม","name:en":"MRT Orange Line","name:th":"รถไฟฟ้ามหานคร สายสีส้ม","name:zh":"曼谷地铁橙线","railway":"construction","ref":"OR","service":"crossover"},"id":"way/1408738396"},{"type":"Feature","geometry":{"type":"LineString","coordinates":[[100.693452,13.788015],[100.693652,13.788089]]},"properties":{"@id":"way/1408738397","bridge":"yes","colour":"#FF6610","construction":"subway","construction:electrified":"rail","construction:frequency":"0","construction:railway":"subway","construction:voltage":"750","gauge":"1435","layer":"2","maxspeed":"80","name":"รถไฟฟ้ามหานคร สายสีส้ม","name:en":"MRT Orange Line","name:th":"รถไฟฟ้ามหานคร สายสีส้ม","name:zh":"曼谷地铁橙线","railway":"construction","ref":"OR","service":"crossover"},"id":"way/1408738397"},{"type":"Feature","geometry":{"type":"LineString","coordinates":[[100.693652,13.788089],[100.693377,13.787899]]},"properties":{"@id":"way/1408738398","bridge":"yes","colour":"#FF6610","construction":"subway","construction:electrified":"rail","construction:frequency":"0","construction:railway":"subway","construction:voltage":"750","gauge":"1435","layer":"2","maxspeed":"80","name":"รถไฟฟ้ามหานคร สายสีส้ม","name:en":"MRT Orange Line","name:th":"รถไฟฟ้ามหานคร สายสีส้ม","name:zh":"曼谷地铁橙线","railway":"construction","ref":"OR","service":"crossover"},"id":"way/1408738398"},{"type":"Feature","geometry":{"type":"LineString","coordinates":[[100.743308,13.81562],[100.743148,13.815529],[100.742013,13.814908],[100.740514,13.814096],[100.740163,13.813894],[100.739696,13.813643],[100.738023,13.812733],[100.737061,13.812205],[100.735896,13.811565],[100.73501,13.811084],[100.733728,13.810389],[100.732327,13.809621],[100.730497,13.808619],[100.728489,13.807519],[100.727993,13.807243],[100.72762,13.80704]]},"properties":{"@id":"way/1408738399","bridge":"yes","colour":"#FF6610","construction":"subway","construction:electrified":"rail","construction:frequency":"0","construction:railway":"subway","construction:voltage":"750","gauge":"1435","layer":"3","maxspeed":"80","name":"รถไฟฟ้ามหานคร สายสีส้ม","name:en":"MRT Orange Line","name:th":"รถไฟฟ้ามหานคร สายสีส้ม","name:zh":"曼谷地铁橙线","operator":"ทางด่วนและรถไฟฟ้ากรุงเทพ","railway":"construction","ref":"OR"},"id":"way/1408738399"},{"type":"Feature","geometry":{"type":"LineString","coordinates":[[100.737622,13.812558],[100.738023,13.812733]]},"properties":{"@id":"way/1408738400","bridge":"yes","colour":"#FF6610","construction":"subway","construction:electrified":"rail","construction:frequency":"0","construction:railway":"subway","construction:voltage":"750","gauge":"1435","layer":"3","maxspeed":"80","name":"รถไฟฟ้ามหานคร สายสีส้ม","name:en":"MRT Orange Line","name:th":"รถไฟฟ้ามหานคร สายสีส้ม","name:zh":"曼谷地铁橙线","railway":"construction","ref":"OR","service":"crossover"},"id":"way/1408738400"},{"type":"Feature","geometry":{"type":"LineString","coordinates":[[100.73985,13.813776],[100.740163,13.813894]]},"properties":{"@id":"way/1408738943","bridge":"yes","colour":"#FF6610","construction":"subway","construction:electrified":"rail","construction:frequency":"0","construction:railway":"subway","construction:voltage":"750","gauge":"1435","layer":"3","maxspeed":"80","name":"รถไฟฟ้ามหานคร สายสีส้ม","name:en":"MRT Orange Line","name:th":"รถไฟฟ้ามหานคร สายสีส้ม","name:zh":"曼谷地铁橙线","railway":"construction","ref":"OR","service":"crossover"},"id":"way/1408738943"},{"type":"Feature","geometry":{"type":"LineString","coordinates":[[100.740514,13.814096],[100.740861,13.814322]]},"properties":{"@id":"way/1408738944","bridge":"yes","colour":"#FF6610","construction":"subway","construction:electrified":"rail","construction:frequency":"0","construction:railway":"subway","construction:voltage":"750","gauge":"1435","layer":"3","maxspeed":"80","name":"รถไฟฟ้ามหานคร สายสีส้ม","name:en":"MRT Orange Line","name:th":"รถไฟฟ้ามหานคร สายสีส้ม","name:zh":"曼谷地铁橙线","railway":"construction","ref":"OR","service":"crossover"},"id":"way/1408738944"},{"type":"Feature","geometry":{"type":"LineString","coordinates":[[100.518158,13.815912],[100.522051,13.819504],[100.522745,13.820143],[100.523231,13.820545],[100.523987,13.821049],[100.524039,13.821078]]},"properties":{"@id":"way/1411871162","electrified":"no","gauge":"1000","name":"สายใต้เดิม","name:en":"Former Southern Line","name:th":"สายใต้เดิม","operator":"การรถไฟแห่งประเทศไทย","railway":"rail","ref":"ใต้","tracks":"1","usage":"branch"},"id":"way/1411871162"},{"type":"Feature","geometry":{"type":"LineString","coordinates":[[100.524039,13.821078],[100.524218,13.821177]]},"properties":{"@id":"way/1411871163","bridge":"yes","electrified":"no","gauge":"1000","layer":"1","name":"สายใต้เดิม","name:en":"Former Southern Line","name:th":"สายใต้เดิม","operator":"การรถไฟแห่งประเทศไทย","railway":"rail","ref":"ใต้","tracks":"1","usage":"branch"},"id":"way/1411871163"},{"type":"Feature","geometry":{"type":"LineString","coordinates":[[100.524082,13.821023],[100.524024,13.820991],[100.523277,13.820485],[100.522055,13.819431],[100.519185,13.816767]]},"properties":{"@id":"way/1411871164","electrified":"no","gauge":"1000","name":"สายใต้เดิม","name:en":"Former Southern Line","name:th":"สายใต้เดิม","operator":"การรถไฟแห่งประเทศไทย","railway":"rail","ref":"ใต้","tracks":"1","usage":"branch"},"id":"way/1411871164"},{"type":"Feature","geometry":{"type":"LineString","coordinates":[[100.524202,13.821089],[100.524082,13.821023]]},"properties":{"@id":"way/1411871165","bridge":"yes","electrified":"no","gauge":"1000","layer":"1","name":"สายใต้เดิม","name:en":"Former Southern Line","name:th":"สายใต้เดิม","operator":"การรถไฟแห่งประเทศไทย","railway":"rail","ref":"ใต้","tracks":"1","usage":"branch"},"id":"way/1411871165"},{"type":"Feature","geometry":{"type":"LineString","coordinates":[[100.623945,13.740207],[100.625783,13.740037],[100.625968,13.740016],[100.632075,13.739303],[100.634093,13.739091]]},"properties":{"@id":"way/1416223310","electrified":"no","gauge":"1000","name":"ทางรถไฟสายตะวันออก","name:th":"ทางรถไฟสายตะวันออก","operator":"การรถไฟแห่งประเทศไทย","passenger_lines":"2","railway":"rail","ref":"ตะวันออก","usage":"main","wikipedia":"en:State Railway of Thailand#Eastern Line"},"id":"way/1416223310"},{"type":"Feature","geometry":{"type":"LineString","coordinates":[[100.578951,14.19112],[100.578981,14.192016]]},"properties":{"@id":"way/1416228378","electrified":"no","gauge":"1000","passenger_lines":"2","railway":"rail","railway:etcs":"1","service":"crossover","usage":"main"},"id":"way/1416228378"},{"type":"Feature","geometry":{"type":"LineString","coordinates":[[101.07307,13.719936],[101.073655,13.721963],[101.074202,13.723778]]},"properties":{"@id":"way/1416285328","electrified":"no","gauge":"1000","operator":"การรถไฟแห่งประเทศไทย","passenger_lines":"1","railway":"rail","railway:etcs":"1","usage":"main"},"id":"way/1416285328"},{"type":"Feature","geometry":{"type":"LineString","coordinates":[[101.071871,13.715836],[101.071921,13.716009]]},"properties":{"@id":"way/1416285329","bridge":"yes","electrified":"no","gauge":"1000","layer":"1","operator":"การรถไฟแห่งประเทศไทย","passenger_lines":"1","railway":"rail","railway:etcs":"1","usage":"main"},"id":"way/1416285329"},{"type":"Feature","geometry":{"type":"LineString","coordinates":[[101.072023,13.715986],[101.072726,13.718395],[101.073096,13.719714]]},"properties":{"@id":"way/1416285330","electrified":"no","gauge":"1000","operator":"การรถไฟแห่งประเทศไทย","passenger_lines":"1","railway":"rail","railway:etcs":"1","usage":"main"},"id":"way/1416285330"},{"type":"Feature","geometry":{"type":"LineString","coordinates":[[101.07197,13.715804],[101.072023,13.715986]]},"properties":{"@id":"way/1416285331","bridge":"yes","electrified":"no","gauge":"1000","layer":"1","operator":"การรถไฟแห่งประเทศไทย","passenger_lines":"1","railway":"rail","railway:etcs":"1","usage":"main"},"id":"way/1416285331"},{"type":"Feature","geometry":{"type":"LineString","coordinates":[[101.071921,13.716009],[101.072258,13.717153],[101.072627,13.718404],[101.07301,13.719728]]},"properties":{"@id":"way/1416285332","electrified":"no","gauge":"1000","operator":"การรถไฟแห่งประเทศไทย","passenger_lines":"1","railway":"rail","railway:etcs":"1","usage":"main"},"id":"way/1416285332"},{"type":"Feature","geometry":{"type":"LineString","coordinates":[[101.07301,13.719728],[101.07307,13.719936]]},"properties":{"@id":"way/1416285333","bridge":"yes","electrified":"no","gauge":"1000","layer":"1","operator":"การรถไฟแห่งประเทศไทย","passenger_lines":"1","railway":"rail","railway:etcs":"1","usage":"main"},"id":"way/1416285333"},{"type":"Feature","geometry":{"type":"LineString","coordinates":[[101.073157,13.71993],[101.073724,13.721946],[101.074271,13.723761]]},"properties":{"@id":"way/1416285334","electrified":"no","gauge":"1000","operator":"การรถไฟแห่งประเทศไทย","passenger_lines":"1","railway":"rail","railway:etcs":"1","usage":"main"},"id":"way/1416285334"},{"type":"Feature","geometry":{"type":"LineString","coordinates":[[101.073096,13.719714],[101.073157,13.71993]]},"properties":{"@id":"way/1416285335","bridge":"yes","electrified":"no","gauge":"1000","layer":"1","operator":"การรถไฟแห่งประเทศไทย","passenger_lines":"1","railway":"rail","railway:etcs":"1","usage":"main"},"id":"way/1416285335"},{"type":"Feature","geometry":{"type":"LineString","coordinates":[[101.075795,13.729061],[101.076384,13.73107],[101.076482,13.731435],[101.077058,13.733424]]},"properties":{"@id":"way/1416285336","electrified":"no","gauge":"1000","operator":"การรถไฟแห่งประเทศไทย","passenger_lines":"1","railway":"rail","railway:etcs":"1","usage":"main"},"id":"way/1416285336"},{"type":"Feature","geometry":{"type":"LineString","coordinates":[[101.075733,13.728849],[101.075795,13.729061]]},"properties":{"@id":"way/1416285337","bridge":"yes","electrified":"no","gauge":"1000","layer":"1","operator":"การรถไฟแห่งประเทศไทย","passenger_lines":"1","railway":"rail","railway:etcs":"1","usage":"main"},"id":"way/1416285337"},{"type":"Feature","geometry":{"type":"LineString","coordinates":[[101.075724,13.72907],[101.076316,13.731087],[101.076413,13.731439],[101.07699,13.733441]]},"properties":{"@id":"way/1416285338","electrified":"no","gauge":"1000","operator":"การรถไฟแห่งประเทศไทย","passenger_lines":"1","railway":"rail","railway:etcs":"1","usage":"main"},"id":"way/1416285338"},{"type":"Feature","geometry":{"type":"LineString","coordinates":[[101.075659,13.728848],[101.075724,13.72907]]},"properties":{"@id":"way/1416285339","bridge":"yes","electrified":"no","gauge":"1000","layer":"1","operator":"การรถไฟแห่งประเทศไทย","passenger_lines":"1","railway":"rail","railway:etcs":"1","usage":"main"},"id":"way/1416285339"},{"type":"Feature","geometry":{"type":"LineString","coordinates":[[101.089977,13.785194],[101.090553,13.788031],[101.090732,13.788983],[101.092845,13.800604],[101.095011,13.812492]]},"properties":{"@id":"way/1416285340","electrified":"no","gauge":"1000","operator":"การรถไฟแห่งประเทศไทย","passenger_lines":"1","railway":"rail","railway:etcs":"1","usage":"main"},"id":"way/1416285340"},{"type":"Feature","geometry":{"type":"LineString","coordinates":[[101.089931,13.784938],[101.089977,13.785194]]},"properties":{"@id":"way/1416285341","bridge":"yes","electrified":"no","gauge":"1000","layer":"1","operator":"การรถไฟแห่งประเทศไทย","passenger_lines":"1","railway":"rail","railway:etcs":"1","usage":"main"},"id":"way/1416285341"},{"type":"Feature","geometry":{"type":"LineString","coordinates":[[101.090063,13.785186],[101.090622,13.788012],[101.090802,13.788964],[101.092921,13.800608],[101.095081,13.812473]]},"properties":{"@id":"way/1416285342","electrified":"no","gauge":"1000","operator":"การรถไฟแห่งประเทศไทย","passenger_lines":"1","railway":"rail","railway:etcs":"1","usage":"main"},"id":"way/1416285342"},{"type":"Feature","geometry":{"type":"LineString","coordinates":[[101.09001,13.784923],[101.090063,13.785186]]},"properties":{"@id":"way/1416285343","bridge":"yes","electrified":"no","gauge":"1000","layer":"1","operator":"การรถไฟแห่งประเทศไทย","passenger_lines":"1","railway":"rail","railway:etcs":"1","usage":"main"},"id":"way/1416285343"},{"type":"Feature","geometry":{"type":"LineString","coordinates":[[100.997113,14.272755],[100.997229,14.270919],[100.99773,14.26296]]},"properties":{"@id":"way/1416285344","electrified":"no","gauge":"1000","name":"ทางรถไฟสายชุมทางคลองสิบเก้า–ชุมทางแก่งคอย","name:th":"ทางรถไฟสายชุมทางคลองสิบเก้า–ชุมทางแก่งคอย","railway":"rail","railway:etcs":"1","usage":"branch"},"id":"way/1416285344"},{"type":"Feature","geometry":{"type":"LineString","coordinates":[[100.997833,14.262986],[100.997195,14.27275]]},"properties":{"@id":"way/1416285345","electrified":"no","gauge":"1000","name":"ทางรถไฟสายชุมทางคลองสิบเก้า–ชุมทางแก่งคอย","name:th":"ทางรถไฟสายชุมทางคลองสิบเก้า–ชุมทางแก่งคอย","railway":"rail","railway:etcs":"1","usage":"branch"},"id":"way/1416285345"},{"type":"Feature","geometry":{"type":"LineString","coordinates":[[100.997195,14.27275],[100.997189,14.272843],[100.997171,14.273104]]},"properties":{"@id":"way/1416285346","bridge":"yes","electrified":"no","gauge":"1000","layer":"1","name":"ทางรถไฟสายชุมทางคลองสิบเก้า–ชุมทางแก่งคอย","name:th":"ทางรถไฟสายชุมทางคลองสิบเก้า–ชุมทางแก่งคอย","railway":"rail","railway:etcs":"1","usage":"branch"},"id":"way/1416285346"},{"type":"Feature","geometry":{"type":"LineString","coordinates":[[100.997091,14.273106],[100.997113,14.272755]]},"properties":{"@id":"way/1416285347","bridge":"yes","electrified":"no","gauge":"1000","layer":"1","name":"ทางรถไฟสายชุมทางคลองสิบเก้า–ชุมทางแก่งคอย","name:th":"ทางรถไฟสายชุมทางคลองสิบเก้า–ชุมทางแก่งคอย","railway":"rail","railway:etcs":"1","usage":"branch"},"id":"way/1416285347"},{"type":"Feature","geometry":{"type":"LineString","coordinates":[[100.593509,13.870225],[100.593732,13.870522]]},"properties":{"@id":"way/1417571713","bridge":"yes","electrified":"rail","gauge":"1435","layer":"3","name":"รถไฟฟ้าบีทีเอส สายสุขุมวิท","name:en":"BTS Sukhumvit Line","name:th":"รถไฟฟ้าบีทีเอส สายสุขุมวิท","official_name":"รถไฟฟ้าเฉลิมพระเกียรติ 6 รอบพระชนมพรรษา สาย 1","operator":"ระบบขนส่งมวลชนกรุงเทพ","operator:en":"Bangkok Mass Transit System;BTSC","railway":"subway","service":"crossover","voltage":"750","wikidata":"Q4921598","wikipedia":"th:รถไฟฟ้าบีทีเอส สายสุขุมวิท","wikipedia:en":"Sukhumvit line"},"id":"way/1417571713"},{"type":"Feature","geometry":{"type":"LineString","coordinates":[[100.502718,13.720913],[100.503271,13.7209],[100.503528,13.720892],[100.504342,13.720874],[100.504868,13.720839],[100.50558,13.720768],[100.505904,13.720723],[100.506435,13.720638],[100.50668,13.720594],[100.507359,13.720447],[100.509039,13.720047],[100.510488,13.719693],[100.511588,13.719428],[100.512085,13.719308],[100.512535,13.719203],[100.512818,13.719172]]},"properties":{"@id":"way/1418574207","bridge":"viaduct","colour":"#02817D","electrified":"rail","frequency":"0","gauge":"1435","layer":"3","line":"สีลม","maxspeed":"80","name":"รถไฟฟ้าบีทีเอส สายสีลม","name:en":"BTS Silom Line","name:th":"รถไฟฟ้าบีทีเอส สายสีลม","network":"BTS","official_name":"รถไฟฟ้าเฉลิมพระเกียรติ 6 รอบพระชนมพรรษา สาย 2","operator":"ระบบขนส่งมวลชนกรุงเทพ","operator:en":"Bangkok Mass Transit System;BTSC","railway":"subway","railway:cbtc":"sto","railway:preferred_direction":"backward","railway:track_ref":"3","ref":"สีลม","tracks":"1","usage":"main","voltage":"750"},"id":"way/1418574207"},{"type":"Feature","geometry":{"type":"LineString","coordinates":[[100.502718,13.720956],[100.50273,13.720956],[100.503278,13.720942],[100.504114,13.720924],[100.50436,13.720913],[100.504651,13.720898],[100.50499,13.72087],[100.505341,13.720835],[100.505764,13.720782],[100.506134,13.720727],[100.506477,13.720671],[100.506811,13.720609],[100.507174,13.720534],[100.507969,13.720348],[100.511814,13.719418],[100.511931,13.719389],[100.512818,13.719172]]},"properties":{"@id":"way/1418574208","bridge":"viaduct","colour":"#02817D","electrified":"rail","frequency":"0","gauge":"1435","layer":"3","line":"สีลม","maxspeed":"80","name":"รถไฟฟ้าบีทีเอส สายสีลม","name:en":"BTS Silom Line","name:th":"รถไฟฟ้าบีทีเอส สายสีลม","network":"BTS","official_name":"รถไฟฟ้าเฉลิมพระเกียรติ 6 รอบพระชนมพรรษา สาย 2","operator":"ระบบขนส่งมวลชนกรุงเทพ","operator:en":"Bangkok Mass Transit System;BTSC","railway":"subway","railway:cbtc":"sto","railway:preferred_direction":"forward","railway:track_ref":"4","ref":"สีลม","tracks":"1","usage":"main","voltage":"750"},"id":"way/1418574208"},{"type":"Feature","geometry":{"type":"LineString","coordinates":[[100.457805,13.720796],[100.457913,13.72006]]},"properties":{"@id":"way/1418574505","bridge":"viaduct","colour":"#02817D","electrified":"rail","frequency":"0","gauge":"1435","layer":"2","line":"สีลม","maxspeed":"80","name":"รถไฟฟ้าบีทีเอส สายสีลม","name:en":"BTS Silom Line","name:th":"รถไฟฟ้าบีทีเอส สายสีลม","network":"BTS","official_name":"รถไฟฟ้าเฉลิมพระเกียรติ 6 รอบพระชนมพรรษา สาย 2","operator":"กรุงเทพธนาคม","railway":"subway","railway:cbtc":"sto","railway:preferred_direction":"forward","railway:track_ref":"4","ref":"สีลม","tracks":"1","usage":"main","voltage":"750"},"id":"way/1418574505"},{"type":"Feature","geometry":{"type":"LineString","coordinates":[[100.457763,13.720787],[100.457864,13.720098],[100.457869,13.720061]]},"properties":{"@id":"way/1418574506","bridge":"viaduct","colour":"#02817D","electrified":"rail","frequency":"0","gauge":"1435","layer":"2","line":"สีลม","maxspeed":"80","name":"รถไฟฟ้าบีทีเอส สายสีลม","name:en":"BTS Silom Line","name:th":"รถไฟฟ้าบีทีเอส สายสีลม","network":"BTS","official_name":"รถไฟฟ้าเฉลิมพระเกียรติ 6 รอบพระชนมพรรษา สาย 2","operator":"กรุงเทพธนาคม","railway":"subway","railway:cbtc":"sto","railway:preferred_direction":"backward","railway:track_ref":"3","ref":"สีลม","tracks":"1","usage":"main","voltage":"750"},"id":"way/1418574506"},{"type":"Feature","geometry":{"type":"LineString","coordinates":[[100.466725,13.789045],[100.469304,13.789648],[100.471925,13.790239]]},"properties":{"@id":"way/1422794639","electrified":"no","embankment":"yes","gauge":"1000","name":"สายใต้เดิม","name:en":"Former Southern Line","name:th":"สายใต้เดิม","operator":"การรถไฟแห่งประเทศไทย","railway":"rail","railway:etcs:start_date":"1","ref":"ใต้","usage":"branch"},"id":"way/1422794639"},{"type":"Feature","geometry":{"type":"LineString","coordinates":[[100.471925,13.790239],[100.47206,13.790269]]},"properties":{"@id":"way/1422794640","bridge":"yes","electrified":"no","gauge":"1000","layer":"1","name":"สายใต้เดิม","name:en":"Former Southern Line","name:th":"สายใต้เดิม","operator":"การรถไฟแห่งประเทศไทย","railway":"rail","railway:etcs:start_date":"1","ref":"ใต้","usage":"branch"},"id":"way/1422794640"},{"type":"Feature","geometry":{"type":"LineString","coordinates":[[100.606655,13.953711],[100.60598,13.9592]]},"properties":{"@id":"way/1444703144","electrified":"no","gauge":"1000","oneway":"yes","operator":"การรถไฟแห่งประเทศไทย","passenger_lines":"2","railway":"rail","railway:etcs":"1","source":"GPS","usage":"main"},"id":"way/1444703144"},{"type":"Feature","geometry":{"type":"LineString","coordinates":[[100.60598,13.9592],[100.605968,13.9593]]},"properties":{"@id":"way/1444703145","bridge":"yes","electrified":"no","gauge":"1000","layer":"1","oneway":"yes","operator":"การรถไฟแห่งประเทศไทย","passenger_lines":"2","railway":"rail","railway:etcs":"1","source":"GPS","usage":"main"},"id":"way/1444703145"},{"type":"Feature","geometry":{"type":"LineString","coordinates":[[100.606027,13.95921],[100.606306,13.956937],[100.607076,13.950773],[100.607124,13.950473],[100.607423,13.948594],[100.607442,13.948472]]},"properties":{"@id":"way/1444703146","electrified":"no","gauge":"1000","name":"ทางรถไฟสายเหนือ/ตะวันออกเฉียงเหนือ","oneway":"yes","opening_date":"2021","operator":"การรถไฟแห่งประเทศไทย","railway":"rail","railway:etcs":"1","source":"GPS","tracks":"1","train":"yes","usage":"main"},"id":"way/1444703146"},{"type":"Feature","geometry":{"type":"LineString","coordinates":[[100.606014,13.959313],[100.606027,13.95921]]},"properties":{"@id":"way/1444703147","bridge":"yes","electrified":"no","gauge":"1000","layer":"1","name":"ทางรถไฟสายเหนือ/ตะวันออกเฉียงเหนือ","oneway":"yes","opening_date":"2021","operator":"การรถไฟแห่งประเทศไทย","railway":"rail","railway:etcs":"1","source":"GPS","tracks":"1","train":"yes","usage":"main"},"id":"way/1444703147"},{"type":"Feature","geometry":{"type":"LineString","coordinates":[[100.604416,13.971788],[100.60337,13.980427]]},"properties":{"@id":"way/1444703152","electrified":"no","gauge":"1000","oneway":"yes","operator":"การรถไฟแห่งประเทศไทย","passenger_lines":"2","railway":"rail","railway:etcs":"1","source":"GPS","usage":"main"},"id":"way/1444703152"},{"type":"Feature","geometry":{"type":"LineString","coordinates":[[100.604431,13.971662],[100.604416,13.971788]]},"properties":{"@id":"way/1444703153","bridge":"yes","electrified":"no","gauge":"1000","layer":"1","oneway":"yes","operator":"การรถไฟแห่งประเทศไทย","passenger_lines":"2","railway":"rail","railway:etcs":"1","source":"GPS","usage":"main"},"id":"way/1444703153"},{"type":"Feature","geometry":{"type":"LineString","coordinates":[[100.603416,13.980439],[100.603854,13.976798],[100.604457,13.971794]]},"properties":{"@id":"way/1444703154","electrified":"no","gauge":"1000","name":"ทางรถไฟสายเหนือ/ตะวันออกเฉียงเหนือ","oneway":"yes","opening_date":"2021","operator":"การรถไฟแห่งประเทศไทย","railway":"rail","railway:etcs":"1","source":"GPS","tracks":"1","train":"yes","usage":"main"},"id":"way/1444703154"},{"type":"Feature","geometry":{"type":"LineString","coordinates":[[100.604457,13.971794],[100.604473,13.971662]]},"properties":{"@id":"way/1444703155","bridge":"yes","electrified":"no","gauge":"1000","layer":"1","name":"ทางรถไฟสายเหนือ/ตะวันออกเฉียงเหนือ","oneway":"yes","opening_date":"2021","operator":"การรถไฟแห่งประเทศไทย","railway":"rail","railway:etcs":"1","source":"GPS","tracks":"1","train":"yes","usage":"main"},"id":"way/1444703155"},{"type":"Feature","geometry":{"type":"LineString","coordinates":[[100.556382,13.806988],[100.556503,13.80719],[100.55694,13.807963],[100.557121,13.808265]]},"properties":{"@id":"way/1449600340","bridge":"viaduct","electrified":"rail","frequency":"0","gauge":"1435","layer":"3","maxspeed":"80","name":"รถไฟฟ้าบีทีเอส สายสุขุมวิท","name:en":"BTS Sukhumvit Line","name:th":"รถไฟฟ้าบีทีเอส สายสุขุมวิท","network":"BTS","official_name":"รถไฟฟ้าเฉลิมพระเกียรติ 6 รอบพระชนมพรรษา สาย 1","operator":"กรุงเทพธนาคม","railway":"subway","railway:cbtc":"sto","railway:preferred_direction":"backward","railway:track_ref":"1","ref":"สุขุมวิท","tracks":"1","usage":"main","voltage":"750","wikidata":"Q4921598","wikipedia":"th:รถไฟฟ้าบีทีเอส สายสุขุมวิท"},"id":"way/1449600340"},{"type":"Feature","geometry":{"type":"LineString","coordinates":[[100.556382,13.806988],[100.556181,13.806733]]},"properties":{"@id":"way/1449600341","bridge":"viaduct","electrified":"rail","frequency":"0","gauge":"1435","layer":"3","operator":"ระบบขนส่งมวลชนกรุงเทพ","operator:en":"Bangkok Mass Transit System;BTSC","railway":"subway","railway:cbtc":"sto","service":"crossover","usage":"main","voltage":"750"},"id":"way/1449600341"},{"type":"Feature","geometry":{"type":"LineString","coordinates":[[100.55634,13.807007],[100.556497,13.807276],[100.556933,13.808011],[100.557255,13.808567],[100.557605,13.80916]]},"properties":{"@id":"way/1449600342","bridge":"viaduct","electrified":"rail","frequency":"0","gauge":"1435","layer":"3","maxspeed":"80","name":"รถไฟฟ้าบีทีเอส สายสุขุมวิท","name:en":"BTS Sukhumvit Line","name:th":"รถไฟฟ้าบีทีเอส สายสุขุมวิท","network":"BTS","official_name":"รถไฟฟ้าเฉลิมพระเกียรติ 6 รอบพระชนมพรรษา สาย 1","operator":"กรุงเทพธนาคม","railway":"subway","railway:cbtc":"sto","railway:preferred_direction":"forward","railway:track_ref":"2","ref":"สุขุมวิท","tracks":"1","usage":"main","voltage":"750","wikidata":"Q4921598","wikipedia":"th:รถไฟฟ้าบีทีเอส สายสุขุมวิท"},"id":"way/1449600342"},{"type":"Feature","geometry":{"type":"LineString","coordinates":[[100.491155,13.720738],[100.492166,13.720891],[100.492775,13.720993],[100.493283,13.721046],[100.493847,13.721087],[100.494119,13.721094],[100.494369,13.721101],[100.49457,13.721104],[100.495156,13.721109],[100.495806,13.721114],[100.496255,13.721116],[100.496636,13.721103],[100.497652,13.721079],[100.498324,13.721063],[100.50052,13.721012],[100.50197,13.720973],[100.502718,13.720956]]},"properties":{"@id":"way/1449601865","bridge":"viaduct","colour":"#02817D","electrified":"rail","frequency":"0","gauge":"1435","layer":"3","line":"สีลม","maxspeed":"80","name":"รถไฟฟ้าบีทีเอส สายสีลม","name:en":"BTS Silom Line","name:th":"รถไฟฟ้าบีทีเอส สายสีลม","network":"BTS","official_name":"รถไฟฟ้าเฉลิมพระเกียรติ 6 รอบพระชนมพรรษา สาย 2","operator":"ระบบขนส่งมวลชนกรุงเทพ","operator:en":"Bangkok Mass Transit System;BTSC","railway":"subway","railway:cbtc":"sto","railway:preferred_direction":"forward","railway:track_ref":"4","ref":"สีลม","tracks":"1","usage":"main","voltage":"750"},"id":"way/1449601865"},{"type":"Feature","geometry":{"type":"LineString","coordinates":[[100.491147,13.720694],[100.491566,13.720763],[100.492552,13.720919],[100.492742,13.720943],[100.492881,13.720965],[100.493221,13.721002],[100.493593,13.721034],[100.493781,13.721043],[100.493927,13.721051],[100.494099,13.721058],[100.494254,13.721063],[100.494574,13.721061],[100.495156,13.721069],[100.495809,13.721077],[100.496259,13.721073],[100.497455,13.72104],[100.498198,13.721023],[100.498746,13.72101],[100.500816,13.720957],[100.501982,13.72093],[100.502718,13.720913]]},"properties":{"@id":"way/1449601866","bridge":"viaduct","colour":"#02817D","electrified":"rail","frequency":"0","gauge":"1435","layer":"3","line":"สีลม","maxspeed":"80","name":"รถไฟฟ้าบีทีเอส สายสีลม","name:en":"BTS Silom Line","name:th":"รถไฟฟ้าบีทีเอส สายสีลม","network":"BTS","official_name":"รถไฟฟ้าเฉลิมพระเกียรติ 6 รอบพระชนมพรรษา สาย 2","operator":"ระบบขนส่งมวลชนกรุงเทพ","operator:en":"Bangkok Mass Transit System;BTSC","railway":"subway","railway:cbtc":"sto","railway:preferred_direction":"backward","railway:track_ref":"3","ref":"สีลม","tracks":"1","usage":"main","voltage":"750"},"id":"way/1449601866"},{"type":"Feature","geometry":{"type":"LineString","coordinates":[[100.598275,13.710187],[100.598439,13.710066],[100.598598,13.709938],[100.598849,13.7097],[100.59907,13.709445],[100.599336,13.709061],[100.599514,13.708754],[100.599708,13.708361],[100.600745,13.706207],[100.601023,13.705632],[100.601392,13.704869],[100.60144,13.704771],[100.601814,13.70401],[100.60206,13.703508],[100.602605,13.702392]]},"properties":{"@id":"way/1449603200","bridge":"viaduct","electrified":"rail","frequency":"0","gauge":"1435","layer":"3","maxspeed":"80","name":"รถไฟฟ้าบีทีเอส สายสุขุมวิท","name:en":"BTS Sukhumvit Line","name:th":"รถไฟฟ้าบีทีเอส สายสุขุมวิท","network":"BTS","official_name":"รถไฟฟ้าเฉลิมพระเกียรติ 6 รอบพระชนมพรรษา สาย 1","operator":"ระบบขนส่งมวลชนกรุงเทพ","operator:en":"Bangkok Mass Transit System;BTSC","railway":"subway","railway:cbtc":"sto","railway:track_ref":"1","ref":"สุขุมวิท","tracks":"1","usage":"main","voltage":"750","wikidata":"Q4921598","wikipedia":"th:รถไฟฟ้าบีทีเอส สายสุขุมวิท","wikipedia:en":"en:BTS Skytrain","wikipedia:th":"th:รถไฟฟ้าบีทีเอส สายสุขุมวิท"},"id":"way/1449603200"},{"type":"Feature","geometry":{"type":"LineString","coordinates":[[100.598253,13.710149],[100.598432,13.710022],[100.598568,13.709913],[100.598748,13.709734],[100.598922,13.709553],[100.59906,13.709384],[100.599198,13.709189],[100.599346,13.70896],[100.599455,13.708768],[100.599852,13.707957],[100.600706,13.706189],[100.600983,13.705619],[100.601547,13.704457],[100.601597,13.704353],[100.601827,13.703881],[100.602566,13.702377]]},"properties":{"@id":"way/1449603201","bridge":"viaduct","electrified":"rail","frequency":"0","gauge":"1435","layer":"3","maxspeed":"80","name":"รถไฟฟ้าบีทีเอส สายสุขุมวิท","name:en":"BTS Sukhumvit Line","name:th":"รถไฟฟ้าบีทีเอส สายสุขุมวิท","network":"BTS","official_name":"รถไฟฟ้าเฉลิมพระเกียรติ 6 รอบพระชนมพรรษา สาย 1","operator":"ระบบขนส่งมวลชนกรุงเทพ","operator:en":"Bangkok Mass Transit System;BTSC","railway":"subway","railway:cbtc":"sto","railway:track_ref":"2","ref":"สุขุมวิท","tracks":"1","usage":"main","voltage":"750","wikidata":"Q4921598","wikipedia":"th:รถไฟฟ้าบีทีเอส สายสุขุมวิท","wikipedia:en":"en:BTS Skytrain"},"id":"way/1449603201"},{"type":"Feature","geometry":{"type":"LineString","coordinates":[[100.484966,13.794858],[100.483225,13.794168],[100.481383,13.793439],[100.480892,13.793255],[100.480436,13.793085],[100.478416,13.792364],[100.477511,13.792039],[100.475156,13.791195],[100.474351,13.790905],[100.474088,13.790828],[100.472842,13.790517],[100.472065,13.790322]]},"properties":{"@id":"way/1453506622","electrified":"no","gauge":"1000","name":"สายใต้เดิม","name:en":"Former Southern Line","name:th":"สายใต้เดิม","operator":"การรถไฟแห่งประเทศไทย","railway":"rail","ref":"ใต้","usage":"branch"},"id":"way/1453506622"},{"type":"Feature","geometry":{"type":"LineString","coordinates":[[100.485223,13.79495],[100.484966,13.794858]]},"properties":{"@id":"way/1453506623","bridge":"yes","electrified":"no","gauge":"1000","layer":"1","name":"สายใต้เดิม","name:en":"Former Southern Line","name:th":"สายใต้เดิม","operator":"การรถไฟแห่งประเทศไทย","railway":"rail","ref":"ใต้","usage":"branch"},"id":"way/1453506623"},{"type":"Feature","geometry":{"type":"LineString","coordinates":[[100.480545,13.793076],[100.480892,13.793255]]},"properties":{"@id":"way/1453506624","electrified":"no","gauge":"1000","operator":"การรถไฟแห่งประเทศไทย","railway":"rail","railway:etcs:start_date":"1","ref":"ใต้","service":"crossover","usage":"branch"},"id":"way/1453506624"},{"type":"Feature","geometry":{"type":"LineString","coordinates":[[100.471909,13.790283],[100.4713,13.790137],[100.46805,13.789395],[100.466712,13.789087]]},"properties":{"@id":"way/1453506625","electrified":"no","embankment":"yes","gauge":"1000","name":"สายใต้เดิม","name:en":"Former Southern Line","name:th":"สายใต้เดิม","operator":"การรถไฟแห่งประเทศไทย","railway":"rail","ref":"ใต้","usage":"branch"},"id":"way/1453506625"},{"type":"Feature","geometry":{"type":"LineString","coordinates":[[100.472065,13.790322],[100.471909,13.790283]]},"properties":{"@id":"way/1453506626","electrified":"no","gauge":"1000","name":"สายใต้เดิม","name:en":"Former Southern Line","name:th":"สายใต้เดิม","operator":"การรถไฟแห่งประเทศไทย","railway":"rail","ref":"ใต้","usage":"branch"},"id":"way/1453506626"},{"type":"Feature","geometry":{"type":"LineString","coordinates":[[100.465232,13.788742],[100.464401,13.788549],[100.461227,13.787801],[100.459788,13.787466],[100.459099,13.787306],[100.457705,13.786971],[100.456506,13.786697],[100.454711,13.78627],[100.452969,13.785878],[100.451882,13.785621]]},"properties":{"@id":"way/1453506627","electrified":"no","embankment":"yes","gauge":"1000","name":"สายใต้เดิม","name:en":"Former Southern Line","name:th":"สายใต้เดิม","operator":"การรถไฟแห่งประเทศไทย","railway":"rail","ref":"ใต้","usage":"branch"},"id":"way/1453506627"},{"type":"Feature","geometry":{"type":"LineString","coordinates":[[100.466712,13.789087],[100.465676,13.788846]]},"properties":{"@id":"way/1453506628","bridge":"yes","electrified":"no","gauge":"1000","layer":"1","name":"สายใต้เดิม","name:en":"Former Southern Line","name:th":"สายใต้เดิม","operator":"การรถไฟแห่งประเทศไทย","railway":"rail","ref":"ใต้","usage":"branch"},"id":"way/1453506628"},{"type":"Feature","geometry":{"type":"LineString","coordinates":[[100.465676,13.788846],[100.465359,13.788772]]},"properties":{"@id":"way/1453506629","electrified":"no","embankment":"yes","gauge":"1000","name":"สายใต้เดิม","name:en":"Former Southern Line","name:th":"สายใต้เดิม","operator":"การรถไฟแห่งประเทศไทย","railway":"rail","ref":"ใต้","usage":"branch"},"id":"way/1453506629"},{"type":"Feature","geometry":{"type":"LineString","coordinates":[[100.465359,13.788772],[100.465232,13.788742]]},"properties":{"@id":"way/1453506630","bridge":"yes","electrified":"no","gauge":"1000","layer":"1","name":"สายใต้เดิม","name:en":"Former Southern Line","name:th":"สายใต้เดิม","operator":"การรถไฟแห่งประเทศไทย","railway":"rail","ref":"ใต้","usage":"branch"},"id":"way/1453506630"},{"type":"Feature","geometry":{"type":"LineString","coordinates":[[100.451655,13.785568],[100.45133,13.785491],[100.450968,13.785396],[100.450719,13.785339],[100.450192,13.78524],[100.449342,13.785153],[100.448861,13.78514],[100.448671,13.785143]]},"properties":{"@id":"way/1453506631","electrified":"no","embankment":"yes","gauge":"1000","name":"สายใต้เดิม","name:en":"Former Southern Line","name:th":"สายใต้เดิม","operator":"การรถไฟแห่งประเทศไทย","railway":"rail","ref":"ใต้","usage":"branch"},"id":"way/1453506631"},{"type":"Feature","geometry":{"type":"LineString","coordinates":[[100.451882,13.785621],[100.451655,13.785568]]},"properties":{"@id":"way/1453506632","bridge":"yes","electrified":"no","gauge":"1000","layer":"1","name":"สายใต้เดิม","name:en":"Former Southern Line","name:th":"สายใต้เดิม","operator":"การรถไฟแห่งประเทศไทย","railway":"rail","ref":"ใต้","usage":"branch"},"id":"way/1453506632"},{"type":"Feature","geometry":{"type":"LineString","coordinates":[[100.448417,13.785148],[100.448336,13.78515],[100.447654,13.785177],[100.447516,13.785189],[100.447141,13.785232],[100.446701,13.785301],[100.445986,13.785495],[100.445577,13.785612],[100.445082,13.785792],[100.444255,13.786149],[100.443993,13.786259],[100.443817,13.786343],[100.443564,13.786486],[100.443292,13.78667],[100.442517,13.787213],[100.442101,13.787509],[100.441586,13.787853],[100.441023,13.788298],[100.4392,13.789783],[100.438627,13.790228],[100.438131,13.790615],[100.43722,13.791389],[100.436457,13.792011],[100.434287,13.793872],[100.433844,13.794248],[100.43302,13.794922],[100.432862,13.795088]]},"properties":{"@id":"way/1453506633","electrified":"no","gauge":"1000","name":"สายใต้เดิม","name:en":"Former Southern Line","name:th":"สายใต้เดิม","operator":"การรถไฟแห่งประเทศไทย","railway":"rail","ref":"ใต้","usage":"branch"},"id":"way/1453506633"},{"type":"Feature","geometry":{"type":"LineString","coordinates":[[100.448671,13.785143],[100.448417,13.785148]]},"properties":{"@id":"way/1453506634","bridge":"yes","electrified":"no","gauge":"1000","layer":"1","name":"สายใต้เดิม","name:en":"Former Southern Line","name:th":"สายใต้เดิม","operator":"การรถไฟแห่งประเทศไทย","railway":"rail","ref":"ใต้","usage":"branch"},"id":"way/1453506634"},{"type":"Feature","geometry":{"type":"LineString","coordinates":[[100.531252,13.810242],[100.531245,13.809837]]},"properties":{"@id":"way/1456298137","bridge":"viaduct","colour":"purple","electrified":"rail","frequency":"0","gauge":"1435","layer":"3","name":"รถไฟฟ้ามหานคร สายสีม่วง","name:en":"MRT Purple Line","official_name":"รถไฟฟ้ามหานคร สายฉลองรัชธรรม","official_name:en":"MRT Chalong Ratchadham Line","operator":"ทางด่วนและรถไฟฟ้ากรุงเทพ","operator:en":"ฺBangkok Expressway and Metro","railway":"subway","railway:cbtc":"sto","ref":"PP","service":"crossover","usage":"main","voltage":"750","wikidata":"Q6584549"},"id":"way/1456298137"},{"type":"Feature","geometry":{"type":"LineString","coordinates":[[100.531092,13.80891],[100.531191,13.809384]]},"properties":{"@id":"way/1456298138","bridge":"viaduct","colour":"purple","electrified":"rail","frequency":"0","gauge":"1435","layer":"3","name":"รถไฟฟ้ามหานคร สายสีม่วง","name:en":"MRT Purple Line","official_name":"รถไฟฟ้ามหานคร สายฉลองรัชธรรม","official_name:en":"MRT Chalong Ratchadham Line","operator":"ทางด่วนและรถไฟฟ้ากรุงเทพ","operator:en":"Bangkok Expressway and Metro","railway":"subway","railway:cbtc":"sto","ref":"PP","service":"crossover","usage":"main","voltage":"750","wikidata":"Q6584549"},"id":"way/1456298138"},{"type":"Feature","geometry":{"type":"LineString","coordinates":[[100.277102,13.546451],[100.276632,13.546238],[100.276218,13.546052]]},"properties":{"@id":"way/1467326698","electrified":"no","gauge":"1000","maxspeed":"80","name":"ทางรถไฟสายแม่กลอง","name:en":"Mae Klong Line","operator":"การรถไฟแห่งประเทศไทย","railway":"rail","ref":"แม่กลอง","train":"yes","tunnel":"building_passage","usage":"main"},"id":"way/1467326698"},{"type":"Feature","geometry":{"type":"LineString","coordinates":[[100.276218,13.546052],[100.275956,13.545926]]},"properties":{"@id":"way/1467326706","electrified":"no","gauge":"1000","operator":"การรถไฟแห่งประเทศไทย","railway":"rail","ref":"แม่กลอง","usage":"main"},"id":"way/1467326706"},{"type":"Feature","geometry":{"type":"LineString","coordinates":[[100.581565,14.132092],[100.581482,14.132186],[100.581449,14.132448],[100.581635,14.132954],[100.58187,14.133765],[100.581931,14.134127],[100.581969,14.134509],[100.581981,14.134874],[100.581976,14.135162],[100.581955,14.13545],[100.581921,14.135782],[100.581823,14.136559],[100.58174,14.137184],[100.581715,14.137382],[100.581699,14.137535],[100.581694,14.137721],[100.581691,14.138034],[100.581694,14.138396]]},"properties":{"@id":"way/1469115941","check_date":"2026-01-22","construction":"rail","construction:electrified":"contact_line","construction:frequency":"50","construction:railway":"rail","construction:voltage":"25000","electrified":"contact_line","gauge":"1435","highspeed":"yes","operator":"การรถไฟแห่งประเทศไทย","railway":"construction","railway:ctcs":"2","usage":"main"},"id":"way/1469115941"},{"type":"Feature","geometry":{"type":"LineString","coordinates":[[100.581571,14.132592],[100.581681,14.132912],[100.581936,14.133737],[100.582032,14.13451],[100.582044,14.134876],[100.582039,14.135164],[100.582018,14.135452],[100.581984,14.135784],[100.581886,14.136561],[100.581803,14.137186],[100.581778,14.137384],[100.581762,14.137537],[100.581757,14.137723],[100.581754,14.138036],[100.581757,14.138397]]},"properties":{"@id":"way/1469115942","check_date":"2026-01-22","construction":"rail","construction:electrified":"contact_line","construction:frequency":"50","construction:railway":"rail","construction:voltage":"25000","electrified":"contact_line","gauge":"1435","highspeed":"yes","operator":"การรถไฟแห่งประเทศไทย","railway":"construction","railway:ctcs":"2","usage":"main"},"id":"way/1469115942"},{"type":"Feature","geometry":{"type":"LineString","coordinates":[[100.607656,13.946474],[100.607597,13.946932]]},"properties":{"@id":"way/1470184009","description":"New SRT main line","gauge":"1000","name":"ทางรถไฟสายเหนือ/ตะวันออกเฉียงเหนือ","oneway":"yes","operator":"การรถไฟแห่งประเทศไทย","railway":"rail","railway:etcs":"1","tracks":"1","train":"yes","usage":"main"},"id":"way/1470184009"},{"type":"Feature","geometry":{"type":"LineString","coordinates":[[100.607677,13.94631],[100.607656,13.946474]]},"properties":{"@id":"way/1470184010","description":"New SRT main line","gauge":"1000","name":"ทางรถไฟสายเหนือ/ตะวันออกเฉียงเหนือ","oneway":"no","operator":"การรถไฟแห่งประเทศไทย","railway":"rail","railway:etcs":"1","tracks":"1","train":"yes","usage":"main"},"id":"way/1470184010"},{"type":"Feature","geometry":{"type":"LineString","coordinates":[[100.319,13.802744],[100.318852,13.802752],[100.318753,13.802756],[100.315896,13.802854]]},"properties":{"@id":"way/1472636810","electrified":"no","gauge":"1000","name":"สายใต้","name:en":"Southern Line","name:th":"สายใต้","operator":"การรถไฟแห่งประเทศไทย","railway":"rail","railway:etcs":"1","ref":"ใต้"},"id":"way/1472636810"},{"type":"Feature","geometry":{"type":"LineString","coordinates":[[100.315896,13.802854],[100.315463,13.802869]]},"properties":{"@id":"way/1472636811","bridge":"yes","electrified":"no","gauge":"1000","layer":"1","name":"สายใต้","name:en":"Southern Line","name:th":"สายใต้","operator":"การรถไฟแห่งประเทศไทย","railway":"rail","railway:etcs":"1","ref":"ใต้"},"id":"way/1472636811"},{"type":"Feature","geometry":{"type":"LineString","coordinates":[[100.308186,13.803282],[100.308245,13.803278],[100.310947,13.803005],[100.311635,13.802938],[100.312104,13.802904],[100.313034,13.802886],[100.313613,13.802861],[100.315454,13.802793]]},"properties":{"@id":"way/1472636812","electrified":"no","gauge":"1000","name":"สายใต้","name:en":"Southern Line","name:th":"สายใต้","operator":"การรถไฟแห่งประเทศไทย","passenger_lines":"2","railway":"rail","railway:etcs":"1","ref":"ใต้","usage":"main"},"id":"way/1472636812"},{"type":"Feature","geometry":{"type":"LineString","coordinates":[[100.315454,13.802793],[100.315897,13.802777]]},"properties":{"@id":"way/1472636813","bridge":"yes","electrified":"no","gauge":"1000","layer":"1","name":"สายใต้","name:en":"Southern Line","name:th":"สายใต้","operator":"การรถไฟแห่งประเทศไทย","passenger_lines":"2","railway":"rail","railway:etcs":"1","ref":"ใต้","usage":"main"},"id":"way/1472636813"},{"type":"Feature","geometry":{"type":"LineString","coordinates":[[100.533953,13.789695],[100.533898,13.789444],[100.533619,13.788791]]},"properties":{"@id":"way/1472970730","bridge":"viaduct","colour":"#E10506","gauge":"1000","name":"สายสีแดงเข้ม ส่วนต่อขยายด้านใต้","name:en":"Dark Red Line southern extensions","name:th":"สายสีแดงเข้ม ส่วนต่อขยายด้านใต้","proposed":"railway","proposed:electrified":"contact_line","proposed:frequency":"50","proposed:railway":"rail","proposed:voltage":"25000","railway":"proposed","usage":"main","wikidata":"Q2542280","wikipedia":"th:รถไฟฟ้าชานเมือง สายสีแดง"},"id":"way/1472970730"},{"type":"Feature","geometry":{"type":"LineString","coordinates":[[100.533619,13.788791],[100.533093,13.787556]]},"properties":{"@id":"way/1472970731","colour":"#E10506","gauge":"1000","name":"สายสีแดงเข้ม ส่วนต่อขยายด้านใต้","name:en":"Dark Red Line southern extensions","name:th":"สายสีแดงเข้ม ส่วนต่อขยายด้านใต้","proposed":"railway","proposed:electrified":"contact_line","proposed:frequency":"50","proposed:railway":"rail","proposed:voltage":"25000","railway":"proposed","usage":"main","wikidata":"Q2542280","wikipedia":"th:รถไฟฟ้าชานเมือง สายสีแดง"},"id":"way/1472970731"},{"type":"Feature","geometry":{"type":"LineString","coordinates":[[100.550394,13.827891],[100.549913,13.826996]]},"properties":{"@id":"way/1476225936","electrified":"contact_line","frequency":"50","gauge":"1000","level":"0","name":"ทางรถไฟสายเหนือ/ตะวันออกเฉียงเหนือเดิม","name:en":"Former North/North East Railway","name:th":"ทางรถไฟสายเหนือ/ตะวันออกเฉียงเหนือเดิม","operator":"การรถไฟแห่งประเทศไทย","railway":"rail","railway:etcs":"1","usage":"branch","voltage":"25000"},"id":"way/1476225936"},{"type":"Feature","geometry":{"type":"LineString","coordinates":[[100.549878,13.827006],[100.550362,13.827903]]},"properties":{"@id":"way/1476225937","electrified":"contact_line","frequency":"50","gauge":"1000","level":"0","maxspeed":"120","name":"ทางรถไฟสายเหนือ/ตะวันออกเฉียงเหนือเดิม","name:en":"Former North/North East Railway","name:th":"ทางรถไฟสายเหนือ/ตะวันออกเฉียงเหนือเดิม","operator":"การรถไฟแห่งประเทศไทย","passenger_lines":"2","railway":"rail","railway:etcs":"1","source":"GPS","usage":"branch","voltage":"25000"},"id":"way/1476225937"},{"type":"Feature","geometry":{"type":"LineString","coordinates":[[100.407946,13.894658],[100.40797,13.895051]]},"properties":{"@id":"way/1476227845","bridge":"viaduct","colour":"purple","electrified":"rail","frequency":"0","gauge":"1435","layer":"3","operator":"ทางด่วนและรถไฟฟ้ากรุงเทพ","railway":"subway","railway:cbtc":"sto","service":"crossover","tracks":"1","usage":"main","voltage":"750"},"id":"way/1476227845"},{"type":"Feature","geometry":{"type":"LineString","coordinates":[[100.407996,13.894753],[100.408115,13.894244]]},"properties":{"@id":"way/1476227846","bridge":"viaduct","colour":"purple","electrified":"rail","frequency":"0","gauge":"1435","layer":"3","operator":"ทางด่วนและรถไฟฟ้ากรุงเทพ","railway":"subway","railway:cbtc":"sto","service":"crossover","tracks":"1","usage":"main","voltage":"750"},"id":"way/1476227846"},{"type":"Feature","geometry":{"type":"LineString","coordinates":[[100.407801,13.897578],[100.407774,13.897114]]},"properties":{"@id":"way/1476227847","bridge":"viaduct","colour":"purple","electrified":"rail","frequency":"0","gauge":"1435","layer":"3","operator":"ทางด่วนและรถไฟฟ้ากรุงเทพ","railway":"subway","railway:cbtc":"sto","service":"crossover","tracks":"1","usage":"main","voltage":"750"},"id":"way/1476227847"},{"type":"Feature","geometry":{"type":"LineString","coordinates":[[100.407709,13.897174],[100.407817,13.896675]]},"properties":{"@id":"way/1476227848","bridge":"viaduct","colour":"purple","electrified":"rail","frequency":"0","gauge":"1435","layer":"3","operator":"ทางด่วนและรถไฟฟ้ากรุงเทพ","railway":"subway","railway:cbtc":"sto","service":"crossover","tracks":"1","usage":"main","voltage":"750"},"id":"way/1476227848"},{"type":"Feature","geometry":{"type":"LineString","coordinates":[[100.408135,13.710801],[100.409482,13.710912]]},"properties":{"@id":"way/1483261859","alt_name":"รถไฟฟ้า MRT สายสีน้ำเงิน","bridge":"viaduct","electrified":"rail","frequency":"0","gauge":"1435","layer":"3","maxspeed":"80","name":"รถไฟฟ้ามหานคร สายสีน้ำเงิน","name:en":"MRT Blue Line","name:th":"รถไฟฟ้ามหานคร สายสีน้ำเงิน","network":"MRT","note":"Approximate","official_name":"รถไฟฟ้ามหานคร สายเฉลิมรัชมงคล","official_name:en":"MRT Chaloem Ratchamongkhon Line","operator":"ทางด่วนและรถไฟฟ้ากรุงเทพ","railway":"subway","railway:atc":"yes","ref":"BL","tracks":"2","usage":"main","voltage":"750"},"id":"way/1483261859"},{"type":"Feature","geometry":{"type":"LineString","coordinates":[[100.597845,13.914704],[100.59863,13.916105],[100.59949,13.917591]]},"properties":{"@id":"way/1501665576","bridge":"viaduct","description":"New SRT main line","electrified":"no","gauge":"1000","layer":"2","maxspeed":"160","name":"ทางรถไฟสายเหนือ/ตะวันออกเฉียงเหนือ","oneway":"yes","operator":"การรถไฟแห่งประเทศไทย","railway":"rail","railway:etcs":"1","tracks":"1","train":"yes","usage":"main"},"id":"way/1501665576"},{"type":"Feature","geometry":{"type":"LineString","coordinates":[[100.599555,13.917555],[100.598667,13.916086],[100.597882,13.914684]]},"properties":{"@id":"way/1501665577","bridge":"viaduct","description":"New SRT main line","electrified":"no","gauge":"1000","layer":"2","maxspeed":"160","name":"ทางรถไฟสายเหนือ/ตะวันออกเฉียงเหนือ","oneway":"yes","operator":"การรถไฟแห่งประเทศไทย","railway":"rail","railway:etcs":"1","tracks":"1","train":"yes","usage":"main"},"id":"way/1501665577"},{"type":"Feature","geometry":{"type":"LineString","coordinates":[[100.591883,14.057754],[100.591846,14.058217]]},"properties":{"@id":"way/1501665581","railway":"rail","service":"crossover"},"id":"way/1501665581"},{"type":"Feature","geometry":{"type":"LineString","coordinates":[[100.591883,14.057754],[100.591341,14.061128]]},"properties":{"@id":"way/1501665582","electrified":"no","gauge":"1000","name":"ทางรถไฟสายเหนือ/ตะวันออกฉียงเหนือ","oneway":"yes","operator":"การรถไฟแห่งประเทศไทย","passenger_lines":"2","railway":"rail","railway:etcs":"1","source":"GPS","usage":"main"},"id":"way/1501665582"},{"type":"Feature","geometry":{"type":"LineString","coordinates":[[100.59139,14.061142],[100.5915,14.060442],[100.591846,14.058217]]},"properties":{"@id":"way/1501665583","electrified":"no","gauge":"1000","name":"ทางรถไฟสายเหนือ/ตะวันออกฉียงเหนือ","operator":"การรถไฟแห่งประเทศไทย","railway":"rail","railway:etcs":"1","usage":"main"},"id":"way/1501665583"},{"type":"Feature","geometry":{"type":"Point","coordinates":[100.529937,13.779445]},"properties":{"@id":"node/70753469","name":"สามเสน","name:en":"Sam Sen","name:th":"สามเสน","public_transport":"station","railway":"station","railway:ref":"สส","railway:station_category":"1","ref":"สส.","ref:station":"1004","source":"GPS;sign","train":"yes","wikidata":"Q6895741"},"id":"node/70753469"},{"type":"Feature","geometry":{"type":"Point","coordinates":[100.578298,14.185874]},"properties":{"@id":"node/236480470","name":"คลองพุทรา","name:en":"Khlong Phutsa","name:th":"คลองพุทรา","operator":"การรถไฟแห่งประเทศไทย","public_transport":"station","railway":"station","railway:ref":"พซ","railway:station_category":"3","ref":"พซ.","ref:station":"1026","source":"GPS","train":"yes","wikidata":"Q13015621"},"id":"node/236480470"},{"type":"Feature","geometry":{"type":"Point","coordinates":[100.324362,13.802481]},"properties":{"@id":"node/249644272","name":"ศาลายา","name:en":"Sala Ya","name:th":"ศาลายา","public_transport":"station","railway":"station","railway:ref":"ลย","ref":"ลย.","srt_code":"SLY","train":"yes","wikidata":"Q13021768"},"id":"node/249644272"},{"type":"Feature","geometry":{"type":"Point","coordinates":[100.521462,13.719268]},"properties":{"@id":"node/257066779","air_conditioning":"no","name":"สุรศักดิ์","name:en":"Surasak","name:th":"สุรศักดิ์","network":"BTS","operator":"ระบบขนส่งมวลชนกรุงเทพ","operator:en":"Bangkok Mass Transit System;BTSC","public_transport":"station","railway":"station","ref":"S5","station":"subway","subway":"yes","wheelchair":"limited","wikidata":"Q1030152"},"id":"node/257066779"},{"type":"Feature","geometry":{"type":"Point","coordinates":[100.529325,13.723797]},"properties":{"@id":"node/257066790","name":"ช่องนนทรี","name:en":"Chong Nonsi","name:th":"ช่องนนทรี","operator":"ระบบขนส่งมวลชนกรุงเทพ","public_transport":"station","railway":"station","ref":"S3","station":"subway","subway":"yes","wheelchair":"yes","wikidata":"Q1030199","wikipedia":"th:สถานีช่องนนทรี"},"id":"node/257066790"},{"type":"Feature","geometry":{"type":"Point","coordinates":[100.53945,13.739471]},"properties":{"@id":"node/257066809","name":"ราชดำริ","name:en":"Ratchadamri","name:th":"ราชดำริ","operator":"ระบบขนส่งมวลชนกรุงเทพ","operator:en":"Bangkok Mass Transit System;BTSC","public_transport":"station","railway":"station","ref":"S1","station":"subway","subway":"yes","wheelchair":"yes","wikidata":"Q1030185"},"id":"node/257066809"},{"type":"Feature","geometry":{"type":"Point","coordinates":[100.514223,13.718813]},"properties":{"@id":"node/257067085","name":"สะพานตากสิน","name:de":"Saphan Taksin","name:en":"Saphan Taksin","name:fr":"Saphan Taksin","name:th":"สะพานตากสิน","operator":"ระบบขนส่งมวลชนกรุงเทพ","public_transport":"station","railway":"station","ref":"S6","station":"subway","subway":"yes","wikidata":"Q1021944"},"id":"node/257067085"},{"type":"Feature","geometry":{"type":"Point","coordinates":[100.584589,14.239351]},"properties":{"@id":"node/259723388","name":"บางปะอิน","name:en":"Bang Pa-in","name:th":"บางปะอิน","operator":"การรถไฟแห่งประเทศไทย","public_transport":"station","railway":"station","railway:ref":"บอ","railway:station_category":"1","ref":"บอ.","ref:station":"1028","train":"yes","wikidata":"Q6633334","wikimedia_commons":"File:Bang Pa-In Station.jpg"},"id":"node/259723388"},{"type":"Feature","geometry":{"type":"Point","coordinates":[100.582006,14.131336]},"properties":{"@id":"node/259723390","name":"เชียงรากน้อย","name:en":"Chiang Rak Noi","name:th":"เชียงรากน้อย","network":"การรถไฟแห่งประเทศไทย","network:en":"State Railway of Thailand","network:th":"การรถไฟแห่งประเทศไทย","network:wikidata":"Q2165702","operator":"การรถไฟแห่งประเทศไทย","public_transport":"station","railway":"station","railway:ref":"ชน","railway:station_category":"2","ref":"ชน.","ref:station":"1023","train":"yes","wikidata":"Q13021807"},"id":"node/259723390"},{"type":"Feature","geometry":{"type":"Point","coordinates":[100.592385,14.055337]},"properties":{"@id":"node/259723391","name":"เชียงราก","name:en":"Chiang Rak","name:th":"เชียงราก","network":"การรถไฟแห่งประเทศไทย","network:en":"State Railway of Thailand","network:th":"การรถไฟแห่งประเทศไทย","network:wikidata":"Q2165702","operator":"การรถไฟแห่งประเทศไทย","public_transport":"station","railway":"station","railway:ref":"ชร","railway:station_category":"2","ref":"ชร.","ref:station":"1022","train":"yes","wikidata":"Q15044034"},"id":"node/259723391"},{"type":"Feature","geometry":{"type":"Point","coordinates":[100.524707,13.766539]},"properties":{"@id":"node/259723396","access":"no","name":"จิตรลดา","name:en":"Chitlada","name:th":"จิตรลดา","public_transport":"station","railway":"station","railway:ref":"จล","railway:ref:en":"CLD","railway:station_category":"พิเศษ","ref":"จล.","ref:station":"1003","srt_code":"1003","train":"yes","wikidata":"Q6633293"},"id":"node/259723396"},{"type":"Feature","geometry":{"type":"Point","coordinates":[100.059343,13.824503]},"properties":{"@id":"node/259729390","name":"นครปฐม","name:en":"Nakhon Pathom","name:th":"นครปฐม","name:zh":"佛統","public_transport":"station","railway":"station","railway:ref":"คฐ.","ref":"คฐ.","train":"yes","wikidata":"Q6633314"},"id":"node/259729390"},{"type":"Feature","geometry":{"type":"Point","coordinates":[100.546865,13.785936]},"properties":{"@id":"node/270666805","construction":"station","name":"เสนาร่วม","name:en":"Sena Ruam","name:th":"เสนาร่วม","network":"BTS","operator":"ระบบขนส่งมวลชนกรุงเทพ","operator:en":"Bangkok Mass Transit System;BTSC","public_transport":"station","railway":"construction","ref":"N6","train":"yes","wheelchair":"yes","wikidata":"Q16307686","wikipedia":"th:สถานีเสนาร่วม"},"id":"node/270666805"},{"type":"Feature","geometry":{"type":"Point","coordinates":[100.517135,13.737571]},"properties":{"@id":"node/280179404","name":"หัวลำโพง","name:en":"Hua Lamphong","name:th":"หัวลำโพง","name:zh":"華喃峰","operator":"ทางด่วนและรถไฟฟ้ากรุงเทพ","public_transport":"station","railway":"station","ref":"BL28","station":"subway","subway":"yes","wikidata":"Q13021858","wikipedia":"th:สถานีหัวลำโพง"},"id":"node/280179404"},{"type":"Feature","geometry":{"type":"Point","coordinates":[100.565277,13.757817]},"properties":{"@id":"node/280179427","name":"พระราม 9","name:en":"Phra Ram 9","name:fr":"Phra Ram 9","name:th":"พระราม 9","name:zh":"帕蓝9站","operator":"ทางด่วนและรถไฟฟ้ากรุงเทพ","public_transport":"station","railway":"station","ref":"BL20","station":"subway","subway":"yes","wheelchair":"yes","wikidata":"Q1036857"},"id":"node/280179427"},{"type":"Feature","geometry":{"type":"Point","coordinates":[100.559913,13.722673]},"properties":{"@id":"node/280179448","name":"ศูนย์การประชุมแห่งชาติสิริกิติ์","name:en":"Queen Sirikit National Convention Centre","name:th":"ศูนย์การประชุมแห่งชาติสิริกิติ์","operator":"ทางด่วนและรถไฟฟ้ากรุงเทพ","public_transport":"station","railway":"station","ref":"BL23","short_name":"ศูนย์สิริกิติ์","short_name:en":"Sirikit Centre","short_name:th":"ศูนย์สิริกิติ์","station":"subway","subway":"yes","wheelchair":"yes","wikidata":"Q4921067"},"id":"node/280179448"},{"type":"Feature","geometry":{"type":"Point","coordinates":[100.545725,13.725607]},"properties":{"@id":"node/280222462","name":"ลุมพินี","name:en":"Lumphini","name:th":"ลุมพินี","operator":"ทางด่วนและรถไฟฟ้ากรุงเทพ","public_transport":"station","railway":"station","ref":"BL25","station":"subway","subway":"yes","wikidata":"Q4923316"},"id":"node/280222462"},{"type":"Feature","geometry":{"type":"Point","coordinates":[100.573566,13.778688]},"properties":{"@id":"node/280239009","name":"ห้วยขวาง","name:en":"Huai Khwang","name:th":"ห้วยขวาง","name:zh":"汇权","operator":"ทางด่วนและรถไฟฟ้ากรุงเทพ","public_transport":"station","railway":"station","ref":"BL18","station":"subway","subway":"yes","wikidata":"Q13021853"},"id":"node/280239009"},{"type":"Feature","geometry":{"type":"Point","coordinates":[100.57408,13.789488]},"properties":{"@id":"node/280239362","name":"สุทธิสาร","name:en":"Sutthisan","name:th":"สุทธิสาร","name:zh":"素铁讪","operator":"ทางด่วนและรถไฟฟ้ากรุงเทพ","public_transport":"station","railway":"station","ref":"BL17","station":"subway","subway":"yes","wikidata":"Q4923841"},"id":"node/280239362"},{"type":"Feature","geometry":{"type":"Point","coordinates":[100.574554,13.798971]},"properties":{"@id":"node/280239363","name":"รัชดาภิเษก","name:en":"Ratchadaphisek","name:th":"รัชดาภิเษก","name:zh":"叻猜拉披色","operator":"ทางด่วนและรถไฟฟ้ากรุงเทพ","public_transport":"station","railway":"station","ref":"BL16","station":"subway","subway":"yes","wikidata":"Q4924317"},"id":"node/280239363"},{"type":"Feature","geometry":{"type":"Point","coordinates":[100.570083,13.766291]},"properties":{"@id":"node/280240574","name":"ศูนย์วัฒนธรรมแห่งประเทศไทย","name:en":"Thailand Cultural Centre","name:th":"ศูนย์วัฒนธรรมแห่งประเทศไทย","name:zh":"泰国文化中心","operator":"ทางด่วนและรถไฟฟ้ากรุงเทพ","public_transport":"station","railway":"station","ref":"BL19","station":"subway","subway":"yes","wikidata":"Q6633637"},"id":"node/280240574"},{"type":"Feature","geometry":{"type":"Point","coordinates":[100.57287,13.806503]},"properties":{"@id":"node/280240577","name":"ลาดพร้าว","name:en":"Lat Phrao","name:th":"ลาดพร้าว","name:zh":"叻抛","operator":"ทางด่วนและรถไฟฟ้ากรุงเทพ","public_transport":"station","railway":"station","ref":"BL15","station":"subway","subway":"yes","wikidata":"Q4923372"},"id":"node/280240577"},{"type":"Feature","geometry":{"type":"Point","coordinates":[100.561463,13.812881]},"properties":{"@id":"node/280240580","name":"พหลโยธิน","name:en":"Phahon Yothin","name:ja":"パホンヨーティン駅","name:th":"พหลโยธิน","name:zh":"帕凤裕庭","operator":"ทางด่วนและรถไฟฟ้ากรุงเทพ","public_transport":"station","railway":"station","ref":"BL14","station":"subway","subway":"yes","wikidata":"Q4919752","wikipedia":"th:สถานีพหลโยธิน (รถไฟฟ้ามหานคร)"},"id":"node/280240580"},{"type":"Feature","geometry":{"type":"Point","coordinates":[100.553285,13.802964]},"properties":{"@id":"node/280240585","name":"สวนจตุจักร","name:en":"Chatuchak Park","name:th":"สวนจตุจักร","name:zh":"乍都节公园","network":"MRT","operator":"ทางด่วนและรถไฟฟ้ากรุงเทพ","public_transport":"station","railway":"station","ref":"BL13","station":"subway","subway":"yes","wikidata":"Q6633742"},"id":"node/280240585"},{"type":"Feature","geometry":{"type":"Point","coordinates":[100.547884,13.797948]},"properties":{"@id":"node/280240589","name":"กำแพงเพชร","name:en":"Kamphaeng Phet","name:th":"กำแพงเพชร","name:zh":"甘烹碧车站","operator":"ทางด่วนและรถไฟฟ้ากรุงเทพ","public_transport":"station","railway":"station","ref":"BL12","station":"subway","subway":"yes","wikidata":"Q13590884"},"id":"node/280240589"},{"type":"Feature","geometry":{"type":"Point","coordinates":[100.55437,13.722126]},"properties":{"@id":"node/280729450","name":"คลองเตย","name:en":"Khlong Toei","name:th":"คลองเตย","operator":"ทางด่วนและรถไฟฟ้ากรุงเทพ","public_transport":"station","railway":"station","ref":"BL24","station":"subway","subway":"yes","wheelchair":"yes","wikidata":"Q4920172"},"id":"node/280729450"},{"type":"Feature","geometry":{"type":"Point","coordinates":[100.485968,13.719243]},"properties":{"@id":"node/305693940","name":"โพธิ์นิมิตร","name:en":"Pho Nimit","name:th":"โพธิ์นิมิตร","network":"BTS","operator":"กรุงเทพธนาคม","public_transport":"station","railway":"station","ref":"S9","start_date":"2013-01-12","station":"subway","subway":"yes","wheelchair":"yes","wikidata":"Q18388309"},"id":"node/305693940"},{"type":"Feature","geometry":{"type":"Point","coordinates":[100.476691,13.71422]},"properties":{"@id":"node/340133002","name":"ตลาดพลู","name:en":"Talat Phlu","name:th":"ตลาดพลู","network":"BTS","operator":"กรุงเทพธนาคม","public_transport":"station","railway":"station","ref":"S10","start_date":"2013-01-12","station":"subway","subway":"yes","wikidata":"Q18393239","wikipedia":"th:สถานีตลาดพลู"},"id":"node/340133002"},{"type":"Feature","geometry":{"type":"Point","coordinates":[100.521474,13.758628]},"properties":{"@id":"node/358613848","name":"ยมราช","name:en":"Yommarat","name:th":"ยมราช","public_transport":"station","railway":"halt","railway:ref":"ยช","railway:station_category":"ป้ายหยุดรถ","ref":"ยช.","ref:station":"1002","train":"yes","wikidata":"Q13563190"},"id":"node/358613848"},{"type":"Feature","geometry":{"type":"Point","coordinates":[100.525505,13.768507]},"properties":{"@id":"node/360166991","name":"โรงพยาบาลรามาธิบดี","name:en":"Ramathibodi Hospital","name:th":"โรงพยาบาลรามาธิบดี","public_transport":"station","railway":"halt","railway:ref":"รธ","railway:station_category":"ป้ายหยุดรถ","ref":"รธ.","ref:station":"1232","train":"yes","wikidata":"Q17057655"},"id":"node/360166991"},{"type":"Feature","geometry":{"type":"Point","coordinates":[100.495159,13.721082]},"properties":{"@id":"node/443815142","name":"วงเวียนใหญ่","name:en":"Wongwian Yai","name:th":"วงเวียนใหญ่","network":"BTS","operator":"ระบบขนส่งมวลชนกรุงเทพ","operator:en":"Bangkok Mass Transit System;BTSC","public_transport":"station","railway":"station","ref":"S8","station":"subway","subway":"yes","wikidata":"Q13021824","wikipedia":"th:สถานีวงเวียนใหญ่"},"id":"node/443815142"},{"type":"Feature","geometry":{"type":"Point","coordinates":[100.502718,13.720931]},"properties":{"@id":"node/443815144","name":"กรุงธนบุรี","name:en":"Krung Thon Buri","name:ja":"クルントンブリー","name:th":"กรุงธนบุรี","network":"BTS","operator":"ระบบขนส่งมวลชนกรุงเทพ","operator:en":"Bangkok Mass Transit System;BTSC","public_transport":"station","railway":"station","ref":"S7","short_name":"กรุงธน","short_name:en":"Kring Thon","short_name:th":"กรุงธน","station":"subway","subway":"yes","wikidata":"Q11299499","wikipedia":"th:สถานีกรุงธนบุรี"},"id":"node/443815144"},{"type":"Feature","geometry":{"type":"Point","coordinates":[100.68873,13.732963]},"properties":{"@id":"node/444979563","name":"บ้านทับช้าง","name:en":"Ban Thap Chang","name:th":"บ้านทับช้าง","network":"การรถไฟแห่งประเทศไทย","network:en":"State Railway of Thailand","network:th":"การรถไฟแห่งประเทศไทย","network:wikidata":"Q2165702","public_transport":"station","railway":"station","railway:ref":"ทช","railway:ref:en":"BTC","railway:station_category":"2","ref":"ทช.","ref:station":"3012","train":"yes"},"id":"node/444979563"},{"type":"Feature","geometry":{"type":"Point","coordinates":[100.534342,13.728568]},"properties":{"@id":"node/451697335","addr:district":"บางรัก","addr:postcode":"10500","addr:province":"กรุงเทพมหานคร","addr:street":"ถนนสีลม","addr:subdistrict":"สีลม","internet_access":"no","name":"ศาลาแดง","name:en":"Sala Daeng","name:th":"ศาลาแดง","operator":"ระบบขนส่งมวลชนกรุงเทพ","operator:en":"Bangkok Mass Transit System;BTSC","public_transport":"station","railway":"station","ref":"S2","station":"subway","subway":"yes","wikidata":"Q13021833","wikipedia":"th:สถานีศาลาแดง"},"id":"node/451697335"},{"type":"Feature","geometry":{"type":"Point","coordinates":[101.149568,13.970815]},"properties":{"@id":"node/475004895","name":"โยทะกา","name:en":"Yothaka","public_transport":"station","railway":"station","railway:ref":"ยท","railway:station_category":"3","ref":"ยท.","ref:station":"3059","train":"yes"},"id":"node/475004895"},{"type":"Feature","geometry":{"type":"Point","coordinates":[100.276623,13.546251]},"properties":{"@id":"node/674670262","name":"มหาชัย","name:en":"Maha Chai","name:th":"มหาชัย","network":"การรถไฟแห่งประเทศไทย","network:en":"State Railway of Thailand","network:th":"การรถไฟแห่งประเทศไทย","network:wikidata":"Q2165702","operator":"การรถไฟแห่งประเทศไทย","public_transport":"station","railway":"station","railway:ref":"ชั","ref":"ชั.","train":"yes","wheelchair":"no","wikidata":"Q6633385","wikipedia":"th:สถานีรถไฟมหาชัย"},"id":"node/674670262"},{"type":"Feature","geometry":{"type":"Point","coordinates":[100.313526,13.563026]},"properties":{"@id":"node/674670271","internet_access":"no","name":"บ้านขอม","name:en":"Ban Khom","name:th":"บ้านขอม","operator":"การรถไฟแห่งประเทศไทย","public_transport":"station","railway":"halt","railway:ref":"ขม","ref":"ขม.","train":"yes","wikidata":"Q16307547"},"id":"node/674670271"},{"type":"Feature","geometry":{"type":"Point","coordinates":[100.378014,13.620983]},"properties":{"@id":"node/674670279","name":"พรมแดน","name:en":"Phrom Daen","name:th":"พรมแดน","operator":"การรถไฟแห่งประเทศไทย","public_transport":"station","railway":"halt","railway:ref":"พแ","ref":"พแ.","train":"yes","wikidata":"Q13021749"},"id":"node/674670279"},{"type":"Feature","geometry":{"type":"Point","coordinates":[100.447658,13.683249]},"properties":{"@id":"node/674670289","name":"วัดสิงห์","name:en":"Wat Sing","name:th":"วัดสิงห์","network":"การรถไฟแห่งประเทศไทย","network:en":"State Railway of Thailand","network:th":"การรถไฟแห่งประเทศไทย","network:wikidata":"Q2165702","operator":"การรถไฟแห่งประเทศไทย","public_transport":"station","railway":"station","railway:ref":"สิ","ref":"สิ.","train":"yes","wikidata":"Q6895740","wikimedia_commons":"Category:Wat Sing Railway Station"},"id":"node/674670289"},{"type":"Feature","geometry":{"type":"Point","coordinates":[100.45756,13.691559]},"properties":{"@id":"node/674670294","name":"วัดไทร","name:en":"Wat Sai","name:th":"วัดไทร","operator":"การรถไฟแห่งประเทศไทย","public_transport":"station","railway":"halt","railway:ref":"วซ","ref":"วซ.","source":"survey;schedule of Railway of Thailand","train":"yes","wikidata":"Q137787105"},"id":"node/674670294"},{"type":"Feature","geometry":{"type":"Point","coordinates":[100.478018,13.720819]},"properties":{"@id":"node/674670328","name":"ตลาดพลู","name:en":"Talat Phlu","name:th":"ตลาดพลู","network":"การรถไฟแห่งประเทศไทย","network:en":"State Railway of Thailand","network:th":"การรถไฟแห่งประเทศไทย","network:wikidata":"Q2165702","operator":"การรถไฟแห่งประเทศไทย","public_transport":"station","railway":"station","railway:ref":"ลู","ref":"ลู.","train":"yes","wikidata":"Q13021691"},"id":"node/674670328"},{"type":"Feature","geometry":{"type":"Point","coordinates":[100.491232,13.724393]},"properties":{"@id":"node/674670334","name":"วงเวียนใหญ่","name:en":"Wongwian Yai","name:th":"วงเวียนใหญ่","network":"การรถไฟแห่งประเทศไทย","network:en":"State Railway of Thailand","network:th":"การรถไฟแห่งประเทศไทย","network:wikidata":"Q2165702","operator":"การรถไฟแห่งประเทศไทย","public_transport":"station","railway":"station","railway:ref":"งญ","ref":"งญ.","train":"yes","wikidata":"Q5979361","wikipedia":"th:สถานีรถไฟวงเวียนใหญ่"},"id":"node/674670334"},{"type":"Feature","geometry":{"type":"Point","coordinates":[100.13767,13.487259]},"properties":{"@id":"node/872526510","name":"บ้านกาหลง","name:en":"Ban Ka Long","name:th":"บ้านกาหลง","public_transport":"station","railway":"halt","ref":"กห.","train":"yes"},"id":"node/872526510"},{"type":"Feature","geometry":{"type":"Point","coordinates":[100.21431,13.515796]},"properties":{"@id":"node/872526566","name":"บางสีคต","name:en":"Bang Si Khot","name:th":"บางสีคต","public_transport":"station","railway":"halt","ref":"บี.","train":"yes"},"id":"node/872526566"},{"type":"Feature","geometry":{"type":"Point","coordinates":[100.645262,13.738017]},"properties":{"@id":"node/970112998","int_name":"Hua Mak","name":"หัวหมาก","name:en":"Hua Mak","name:th":"หัวหมาก","network":"ARL","public_transport":"station","railway":"station","ref":"A4","train":"yes","wheelchair":"yes","wikidata":"Q6633722","wikipedia":"th:สถานีหัวหมาก"},"id":"node/970112998"},{"type":"Feature","geometry":{"type":"Point","coordinates":[100.340105,13.586954]},"properties":{"@id":"node/1103023738","name":"คอกควาย","name:en":"Khok Khwai","name:th":"คอกควาย","operator":"การรถไฟแห่งประเทศไทย","public_transport":"station","railway":"halt","railway:ref":"วา","ref":"วา.","train":"yes","wikidata":"Q6578810"},"id":"node/1103023738"},{"type":"Feature","geometry":{"type":"Point","coordinates":[100.468903,13.713023]},"properties":{"@id":"node/1113055052","name":"วุฒากาศ","name:en":"Wutthakat","name:th":"วุฒากาศ","operator":"กรุงเทพธนาคม","public_transport":"station","railway":"station","ref":"S11","station":"subway","subway":"yes","wikidata":"Q13021838"},"id":"node/1113055052"},{"type":"Feature","geometry":{"type":"Point","coordinates":[100.240265,13.524768]},"properties":{"@id":"node/1183545535","name":"บ้านชีผ้าขาว","name:en":"Ban Chi Pha Khao","name:th":"บ้านชีผ้าขาว","public_transport":"station","railway":"halt","ref":"ผา.","train":"yes"},"id":"node/1183545535"},{"type":"Feature","geometry":{"type":"Point","coordinates":[100.270004,13.541916]},"properties":{"@id":"node/1183545603","name":"บ้านแหลม","name:de":"Ban Laem","name:en":"Ban Laem","name:th":"บ้านแหลม","network":"การรถไฟแห่งประเทศไทย","network:en":"State Railway of Thailand","network:th":"การรถไฟแห่งประเทศไทย","network:wikidata":"Q2165702","operator":"การรถไฟแห่งประเทศไทย","public_transport":"station","railway":"station","ref":"แห.","train":"yes","wikidata":"Q6633353","wikipedia":"th:สถานีรถไฟบ้านแหลม"},"id":"node/1183545603"},{"type":"Feature","geometry":{"type":"Point","coordinates":[100.428825,13.66651]},"properties":{"@id":"node/1183545716","name":"บางบอน","name:en":"Bang Bon","name:th":"บางบอน","operator":"การรถไฟแห่งประเทศไทย","public_transport":"station","railway":"halt","railway:ref":"าา","ref":"าา.","train":"yes","wikidata":"Q16306299"},"id":"node/1183545716"},{"type":"Feature","geometry":{"type":"Point","coordinates":[100.39823,13.639139]},"properties":{"@id":"node/1183545761","name":"รางโพธิ์","name:en":"Rang Pho","name:th":"รางโพธิ์","network":"การรถไฟแห่งประเทศไทย","network:en":"State Railway of Thailand","network:th":"การรถไฟแห่งประเทศไทย","network:wikidata":"Q2165702","operator":"การรถไฟแห่งประเทศไทย","public_transport":"station","railway":"station","railway:ref":"รโ","ref":"รโ.","train":"yes","wikidata":"Q6633388"},"id":"node/1183545761"},{"type":"Feature","geometry":{"type":"Point","coordinates":[100.180441,13.501548]},"properties":{"@id":"node/1183545831","name":"บ้านบ่อ","name:en":"Ban Bo","name:th":"บ้านบ่อ","public_transport":"station","railway":"halt","ref":"บ่.","train":"yes"},"id":"node/1183545831"},{"type":"Feature","geometry":{"type":"Point","coordinates":[100.197488,13.508742]},"properties":{"@id":"node/1183545897","name":"บางกระเจ้า","name:en":"Bang Krachao","name:th":"บางกระเจ้า","public_transport":"station","railway":"halt","ref":"ะจ.","train":"yes"},"id":"node/1183545897"},{"type":"Feature","geometry":{"type":"Point","coordinates":[100.36027,13.605119]},"properties":{"@id":"node/1183545948","name":"บางน้ำจืด","name:en":"Bang Nam Chuet","name:th":"บางน้ำจืด","operator":"การรถไฟแห่งประเทศไทย","public_transport":"station","railway":"halt","railway:ref":"นจ","ref":"นจ.","train":"yes","wikidata":"Q6633333"},"id":"node/1183545948"},{"type":"Feature","geometry":{"type":"Point","coordinates":[100.222175,13.519098]},"properties":{"@id":"node/1183545994","name":"คลองนกเล็ก","name:en":"Khlong Nok Lek","name:th":"คลองนกเล็ก","public_transport":"station","railway":"halt","ref":"ลเ.","train":"yes"},"id":"node/1183545994"},{"type":"Feature","geometry":{"type":"Point","coordinates":[100.263529,13.531397]},"properties":{"@id":"node/1183546111","name":"ท่าฉลอม","name:en":"Ta Chalom","name:th":"ท่าฉลอม","public_transport":"station","railway":"halt","ref":"ฉอ.","train":"yes"},"id":"node/1183546111"},{"type":"Feature","geometry":{"type":"Point","coordinates":[100.074488,13.456748]},"properties":{"@id":"node/1183546250","name":"เขตเมือง","name:en":"Khet Mueang","name:th":"เขตเมือง","public_transport":"station","railway":"halt","ref":"ดเ.","train":"yes"},"id":"node/1183546250"},{"type":"Feature","geometry":{"type":"Point","coordinates":[100.10254,13.476851]},"properties":{"@id":"node/1183546260","name":"บ้านนาโคก","name:en":"Ban Na Khok","name:th":"บ้านนาโคก","public_transport":"station","railway":"halt","ref":"าโ.","train":"yes"},"id":"node/1183546260"},{"type":"Feature","geometry":{"type":"Point","coordinates":[100.121135,13.486056]},"properties":{"@id":"node/1183546266","name":"บ้านนาขวาง","name:en":"Ban Na Khwang","name:th":"บ้านนาขวาง","public_transport":"station","railway":"halt","ref":"บ้.","train":"yes"},"id":"node/1183546266"},{"type":"Feature","geometry":{"type":"Point","coordinates":[100.045171,13.435914]},"properties":{"@id":"node/1183546273","name":"ลาดใหญ่","name:en":"Lat Yai","name:th":"ลาดใหญ่","public_transport":"station","railway":"halt","ref":"ลญ.","train":"yes","wikidata":"Q99695344"},"id":"node/1183546273"},{"type":"Feature","geometry":{"type":"Point","coordinates":[100.160094,13.494248]},"properties":{"@id":"node/1183546297","name":"บางโทรัด","name:en":"Bang Tho Rat","name:th":"บางโทรัด","public_transport":"station","railway":"halt","ref":"งโ.","train":"yes"},"id":"node/1183546297"},{"type":"Feature","geometry":{"type":"Point","coordinates":[100.41323,13.652598]},"properties":{"@id":"node/1183546364","name":"การเคหะ","name:en":"Kan Kheha","name:th":"การเคหะ","operator":"การรถไฟแห่งประเทศไทย","public_transport":"station","railway":"halt","railway:ref":"เค","ref":"เค.","train":"yes","wikidata":"Q13015608"},"id":"node/1183546364"},{"type":"Feature","geometry":{"type":"Point","coordinates":[100.368724,13.612642]},"properties":{"@id":"node/1183593073","name":"ทุ่งสีทอง","name:en":"Thung Si Thong","name:th":"ทุ่งสีทอง","operator":"การรถไฟแห่งประเทศไทย","public_transport":"station","railway":"halt","railway:ref":"ที","ref":"ที.","train":"yes","wikidata":"Q16307537"},"id":"node/1183593073"},{"type":"Feature","geometry":{"type":"Point","coordinates":[100.388366,13.630266]},"properties":{"@id":"node/1183593081","name":"สามแยก","name:en":"Sam Yaek","name:th":"สามแยก","operator":"การรถไฟแห่งประเทศไทย","public_transport":"station","railway":"halt","railway:ref":"แย","ref":"แย.","train":"yes","wikidata":"Q13021763"},"id":"node/1183593081"},{"type":"Feature","geometry":{"type":"Point","coordinates":[100.091305,13.825559]},"properties":{"@id":"node/1201599831","name":"ต้นสำโรง","name:en":"Ton Samrong","name:th":"ต้นสำโรง","public_transport":"station","railway":"station","railway:ref":"โร","ref":"โร.","train":"yes","wikidata":"Q13021694"},"id":"node/1201599831"},{"type":"Feature","geometry":{"type":"Point","coordinates":[100.549711,13.793823]},"properties":{"@id":"node/1285516977","name":"สะพานควาย","name:en":"Saphan Khwai","name:ja":"サパーンクワイ","name:th":"สะพานควาย","operator":"ระบบขนส่งมวลชนกรุงเทพ","operator:en":"Bangkok Mass Transit System;BTSC","public_transport":"station","railway":"station","ref":"N7","station":"subway","subway":"yes","wikidata":"Q873690"},"id":"node/1285516977"},{"type":"Feature","geometry":{"type":"Point","coordinates":[100.782908,13.728248]},"properties":{"@id":"node/1347844713","name":"หัวตะเข้","name:en":"Hua Takhe","name:th":"หัวตะเข้","network":"การรถไฟแห่งประเทศไทย","network:en":"State Railway of Thailand","network:th":"การรถไฟแห่งประเทศไทย","network:wikidata":"Q2165702","public_transport":"station","railway":"station","railway:ref":"หข","railway:ref:en":"HTK","railway:station_category":"1","ref:station":"3015","train":"yes","wikidata":"Q6633437"},"id":"node/1347844713"},{"type":"Feature","geometry":{"type":"Point","coordinates":[100.547366,13.753861]},"properties":{"@id":"node/1637548696","name":"มักกะสัน","name:en":"Makkasan","name:th":"มักกะสัน","network":"การรถไฟแห่งประเทศไทย","network:en":"State Railway of Thailand","network:th":"การรถไฟแห่งประเทศไทย","network:wikidata":"Q2165702","public_transport":"station","railway":"station","railway:ref":"มส","railway:ref:en":"MKS","railway:station_category":"1","ref:station":"3001","train":"yes","url":"https://youtu.be/6icVmI-m9LI","wikidata":"Q16434104","wikipedia":"th:สถานีรถไฟมักกะสัน"},"id":"node/1637548696"},{"type":"Feature","geometry":{"type":"Point","coordinates":[100.53422,13.745624]},"properties":{"@id":"node/1692209237","name":"สยาม","name:en":"Siam","name:ja":"サイアム","name:ko":"싸얌역","name:th":"สยาม","network":"BTS","operator":"ระบบขนส่งมวลชนกรุงเทพ","operator:en":"Bangkok Mass Transit System;BTSC","public_transport":"station","railway":"station","ref":"CEN","station":"subway","subway":"yes","toilets:wheelchair":"no","wheelchair":"yes","wikidata":"Q1016037","wikipedia":"th:สถานีสยาม"},"id":"node/1692209237"},{"type":"Feature","geometry":{"type":"Point","coordinates":[100.553861,13.713913]},"properties":{"@id":"node/1692810681","name":"แม่น้ำ","name:en":"Mae Nam","name:th":"แม่น้ำ","network":"การรถไฟแห่งประเทศไทย","network:en":"State Railway of Thailand","network:th":"การรถไฟแห่งประเทศไทย","network:wikidata":"Q2165702","public_transport":"station","railway":"station","railway:ref":"มน","railway:ref:en":"MAN","railway:station_category":"1","ref:station":"3002","srt_code":"MAN","train":"yes","wikidata":"Q13021806"},"id":"node/1692810681"},{"type":"Feature","geometry":{"type":"Point","coordinates":[100.533194,13.757011]},"properties":{"@id":"node/1692912081","name":"พญาไท","name:en":"Phaya Thai","name:th":"พญาไท","network":"national","public_transport":"station","railway":"halt","railway:station_category":"ป้ายหยุดรถ","ref":"ญท.","ref:station":"3103","train":"yes","wikidata":"Q109127834"},"id":"node/1692912081"},{"type":"Feature","geometry":{"type":"Point","coordinates":[100.539962,13.804142]},"properties":{"@id":"node/1724588735","name":"ชุมทางบางซื่อ","name:en":"Bang Sue Junction","name:th":"ชุมทางบางซื่อ","public_transport":"station","railway":"station","railway:ref":"บซ","railway:station_category":"1","ref":"บซ.","ref:station":"1007","source":"GPS;sign","srt_code":"BSJ","train":"yes","wikidata":"Q13021685","wikipedia":"th:สถานีรถไฟชุมทางบางซื่อ"},"id":"node/1724588735"},{"type":"Feature","geometry":{"type":"Point","coordinates":[100.748554,13.727508]},"properties":{"@id":"node/1726307666","name":"ลาดกระบัง","name:en":"Lat Krabang","name:th":"ลาดกระบัง","network":"การรถไฟแห่งประเทศไทย","network:en":"State Railway of Thailand","network:th":"การรถไฟแห่งประเทศไทย","network:wikidata":"Q2165702","public_transport":"station","railway":"station","railway:ref":"ะบ","railway:station_category":"2","ref":"ะบ.","ref:station":"3014","train":"yes"},"id":"node/1726307666"},{"type":"Feature","geometry":{"type":"Point","coordinates":[100.718185,13.729681]},"properties":{"@id":"node/1726307669","name":"ซอยวัดลานบุญ","name:en":"Soi Wat Lan Boon","name:th":"ซอยวัดลานบุญ","network":"การรถไฟแห่งประเทศไทย","network:en":"State Railway of Thailand","network:th":"การรถไฟแห่งประเทศไทย","network:wikidata":"Q2165702","public_transport":"station","railway":"stop","railway:ref":"ซว","railway:ref:en":"SWB","railway:station_category":"ป้ายหยุดรถ","ref":"ซว.","ref:station":"3013","train":"yes"},"id":"node/1726307669"},{"type":"Feature","geometry":{"type":"Point","coordinates":[100.775468,13.72818]},"properties":{"@id":"node/2013379450","name":"พระจอมเกล้า","name:en":"Phra Chom Klao","name:th":"พระจอมเกล้า","network":"การรถไฟแห่งประเทศไทย","network:en":"State Railway of Thailand","network:th":"การรถไฟแห่งประเทศไทย","network:wikidata":"Q2165702","public_transport":"station","railway":"station","railway:ref":"พม","railway:ref:en":"PCK","railway:station_category":"ป้ายหยุดรถ","ref":"พม.","ref:station":"3107","train":"yes","wikidata":"Q13017024"},"id":"node/2013379450"},{"type":"Feature","geometry":{"type":"Point","coordinates":[100.474042,13.729647]},"properties":{"@id":"node/2094758805","name":"ท่าพระ","name:en":"Tha Phra","name:th":"ท่าพระ","name:zh":"塔帕","operator":"ทางด่วนและรถไฟฟ้ากรุงเทพ","public_transport":"station","railway":"station","ref":"BL01","station":"subway","subway":"yes","wikidata":"Q13021620"},"id":"node/2094758805"},{"type":"Feature","geometry":{"type":"Point","coordinates":[100.473296,13.763325]},"properties":{"@id":"node/2094758837","name":"บางขุนนนท์","name:en":"Bang Khun Non","name:th":"บางขุนนนท์","name:zh":"曼坤暖","operator":"ทางด่วนและรถไฟฟ้ากรุงเทพ","public_transport":"station","railway":"station","ref":"BL04","station":"subway","subway":"yes","wikidata":"Q66372327"},"id":"node/2094758837"},{"type":"Feature","geometry":{"type":"Point","coordinates":[100.37074,13.800876]},"properties":{"@id":"node/2122824255","name":"ศาลาธรรมสพน์","name:en":"Sala Thammasop","public_transport":"station","railway":"station","railway:ref":"ทพ","ref":"ทพ.","train":"yes","wikidata":"Q16271193"},"id":"node/2122824255"},{"type":"Feature","geometry":{"type":"Point","coordinates":[100.131751,13.81224]},"properties":{"@id":"node/3144976437","name":"ท่าแฉลบ","name:en":"Tha Chalaep","public_transport":"station","railway":"station","railway:ref":"ฉล","ref":"ฉล.","train":"yes","wikidata":"Q13021712"},"id":"node/3144976437"},{"type":"Feature","geometry":{"type":"Point","coordinates":[100.176047,13.806176]},"properties":{"@id":"node/3144976438","name":"นครชัยศรี","name:en":"Nakhon Chai Si","public_transport":"station","railway":"station","railway:ref":"รช","ref":"รช.","train":"yes","wikidata":"Q13021707"},"id":"node/3144976438"},{"type":"Feature","geometry":{"type":"Point","coordinates":[100.216047,13.807954]},"properties":{"@id":"node/3144976439","name":"วัดงิ้วราย","name:en":"Wat Ngio Rai","public_transport":"station","railway":"station","railway:ref":"งร","ref":"งร.","train":"yes","wikidata":"Q13021755"},"id":"node/3144976439"},{"type":"Feature","geometry":{"type":"Point","coordinates":[100.283425,13.805675]},"properties":{"@id":"node/3144976440","name":"วัดสุวรรณ","name:en":"Wat Suwan","public_transport":"station","railway":"station","railway:ref":"สุ","ref":"สุ.","train":"yes","wikidata":"Q13021756"},"id":"node/3144976440"},{"type":"Feature","geometry":{"type":"Point","coordinates":[100.250731,13.808855]},"properties":{"@id":"node/3144976441","name":"คลองมหาสวัสดิ์","name:en":"Khlong Maha Sawat","public_transport":"station","railway":"halt","railway:ref":"มว","ref":"มว.","train":"yes"},"id":"node/3144976441"},{"type":"Feature","geometry":{"type":"Point","coordinates":[100.44008,13.789272]},"properties":{"@id":"node/3641278609","name":"ชุมทางตลิ่งชัน","name:en":"Taling Chan Junction","name:th":"ชุมทางตลิ่งชัน","public_transport":"station","railway":"station","railway:ref":"ตช","ref":"ตช.;RW06","srt_code":"4004","train":"yes","wikidata":"Q6633300"},"id":"node/3641278609"},{"type":"Feature","geometry":{"type":"Point","coordinates":[100.470709,13.740171]},"properties":{"@id":"node/3801037850","name":"จรัญฯ 13","name:en":"Charan 13","name:ja":"ジャラン13","name:th":"จรัญฯ 13","name:zh":"乍伦13巷","operator":"ทางด่วนและรถไฟฟ้ากรุงเทพ","public_transport":"station","railway":"station","ref":"BL02","station":"subway","subway":"yes","wikidata":"Q66088546"},"id":"node/3801037850"},{"type":"Feature","geometry":{"type":"Point","coordinates":[100.504888,13.792411]},"properties":{"@id":"node/3801037852","name":"บางพลัด","name:en":"Bang Phlat","name:th":"บางพลัด","name:zh":"曼盼","public_transport":"station","railway":"station","ref":"BL07","station":"subway","subway":"yes","wikidata":"Q95770449"},"id":"node/3801037852"},{"type":"Feature","geometry":{"type":"Point","coordinates":[100.485256,13.777382]},"properties":{"@id":"node/3801037853","name":"บางยี่ขัน","name:en":"Bang Yi Khan","name:th":"บางยี่ขัน","name:zh":"曼益康","operator":"ทางด่วนและรถไฟฟ้ากรุงเทพ","public_transport":"station","railway":"station","ref":"BL05","station":"subway","subway":"yes","wikidata":"Q66372347"},"id":"node/3801037853"},{"type":"Feature","geometry":{"type":"Point","coordinates":[100.509786,13.79898]},"properties":{"@id":"node/3801037855","name":"บางอ้อ","name:en":"Bang O","name:th":"บางอ้อ","name:zh":"曼奥","operator":"ทางด่วนและรถไฟฟ้ากรุงเทพ","public_transport":"station","railway":"station","ref":"BL08","station":"subway","subway":"yes","wikidata":"Q95770065"},"id":"node/3801037855"},{"type":"Feature","geometry":{"type":"Point","coordinates":[100.422337,13.711944]},"properties":{"@id":"node/3801037856","name":"บางแค","name:en":"Bang Khae","name:th":"บางแค","name:zh":"曼凯","operator":"ทางด่วนและรถไฟฟ้ากรุงเทพ","public_transport":"station","railway":"station","ref":"BL37","station":"subway","subway":"yes","wikidata":"Q19794085"},"id":"node/3801037856"},{"type":"Feature","geometry":{"type":"Point","coordinates":[100.52101,13.806403]},"properties":{"@id":"node/3801040557","name":"บางโพ","name:en":"Bang Pho","name:th":"บางโพ","name:zh":"曼坡","operator":"ทางด่วนและรถไฟฟ้ากรุงเทพ","public_transport":"station","railway":"station","ref":"BL09","station":"subway","subway":"yes","wikidata":"Q95769171"},"id":"node/3801040557"},{"type":"Feature","geometry":{"type":"Point","coordinates":[100.465079,13.724618]},"properties":{"@id":"node/3801040558","name":"บางไผ่","name:en":"Bang Phai","name:th":"บางไผ่","name:zh":"曼派","operator":"ทางด่วนและรถไฟฟ้ากรุงเทพ","public_transport":"station","railway":"station","ref":"BL33","station":"subway","subway":"yes","wikidata":"Q66091152"},"id":"node/3801040558"},{"type":"Feature","geometry":{"type":"Point","coordinates":[100.434326,13.712911]},"properties":{"@id":"node/3801040559","name":"ภาษีเจริญ","name:en":"Phasi Charoen","name:th":"ภาษีเจริญ","name:zh":"帕喜乍能","operator":"ทางด่วนและรถไฟฟ้ากรุงเทพ","public_transport":"station","railway":"station","ref":"BL36","station":"subway","subway":"yes","wikidata":"Q13021653"},"id":"node/3801040559"},{"type":"Feature","geometry":{"type":"Point","coordinates":[100.409485,13.710877]},"properties":{"@id":"node/3801040561","air_conditioning":"no","name":"หลักสอง","name:en":"Lak Song","name:th":"หลักสอง","name:zh":"叻松","operator":"ทางด่วนและรถไฟฟ้ากรุงเทพ","public_transport":"station","railway":"station","ref":"BL38","start_date":"2019-09-21","station":"subway","subway":"yes","wheelchair":"yes","wikidata":"Q13021860"},"id":"node/3801040561"},{"type":"Feature","geometry":{"type":"Point","coordinates":[100.445451,13.715559]},"properties":{"@id":"node/3801040564","name":"เพชรเกษม 48","name:en":"Phetkasem 48","name:th":"เพชรเกษม 48","name:zh":"碧甲盛48巷","operator":"ทางด่วนและรถไฟฟ้ากรุงเทพ","public_transport":"station","railway":"station","ref":"BL35","station":"subway","subway":"yes","wikidata":"Q16307680"},"id":"node/3801040564"},{"type":"Feature","geometry":{"type":"Point","coordinates":[100.596732,13.875277]},"properties":{"@id":"node/3805378261","name":"วัดพระศรีมหาธาตุ","name:en":"Wat Phra Sri Mahathat","network":"BTS","operator":"กรุงเทพธนาคม","public_transport":"station","railway":"station","ref":"N17","station":"subway","subway":"yes","wikidata":"Q61357968"},"id":"node/3805378261"},{"type":"Feature","geometry":{"type":"Point","coordinates":[100.477503,13.792208]},"properties":{"@id":"node/4390539966","name":"บางบำหรุ","name:en":"Bang Bamru","name:th":"บางบำหรุ","public_transport":"station","railway":"station","ref":"บำ.;RW05","srt_code":"4005","train":"yes","type":"public_transport","wikidata":"Q13021717"},"id":"node/4390539966"},{"type":"Feature","geometry":{"type":"Point","coordinates":[100.469774,13.706485]},"properties":{"@id":"node/4659143529","name":"คลองต้นไทร","name:en":"Khlong Ton Sai","name:th":"คลองต้นไทร","operator":"การรถไฟแห่งประเทศไทย","public_transport":"station","railway":"halt","railway:ref":"ไซ","ref":"ไซ.","source":"bing;survey;schedule of Railway of Thailand","train":"yes","wikidata":"Q13015613"},"id":"node/4659143529"},{"type":"Feature","geometry":{"type":"Point","coordinates":[100.465136,13.701828]},"properties":{"@id":"node/4659155415","name":"จอมทอง","name:en":"Chom Thong","name:th":"จอมทอง","operator":"การรถไฟแห่งประเทศไทย","public_transport":"station","railway":"halt","railway:ref":"ทจ","ref":"ทจ.","source":"bing;survey;schedule of Railway of Thailand","train":"yes","wikidata":"Q13017017"},"id":"node/4659155415"},{"type":"Feature","geometry":{"type":"Point","coordinates":[100.514968,13.83953]},"properties":{"@id":"node/5222817654","name":"แยกติวานนท์","name:en":"Yaek Tiwanon","name:th":"แยกติวานนท์","network":"MRT","public_transport":"station","railway":"station","ref":"PP13","station":"subway","subway":"yes","wikidata":"Q19794082"},"id":"node/5222817654"},{"type":"Feature","geometry":{"type":"Point","coordinates":[100.526496,13.829864]},"properties":{"@id":"node/5222817655","name":"วงศ์สว่าง","name:en":"Wong Sawang","name:th":"วงศ์สว่าง","public_transport":"station","railway":"station","ref":"PP14","station":"subway","subway":"yes","wikidata":"Q13021812","wikipedia":"th:สถานีวงศ์สว่าง"},"id":"node/5222817655"},{"type":"Feature","geometry":{"type":"Point","coordinates":[100.532458,13.820081]},"properties":{"@id":"node/5222817656","name":"บางซ่อน","name:en":"Bang Son","name:th":"บางซ่อน","public_transport":"station","railway":"station","ref":"PP15","station":"subway","subway":"yes"},"id":"node/5222817656"},{"type":"Feature","geometry":{"type":"Point","coordinates":[100.408216,13.892434]},"properties":{"@id":"node/5222843674","name":"คลองบางไผ่","name:en":"Khlong Bang Phai","name:th":"คลองบางไผ่","network":"MRT","public_transport":"station","railway":"station","ref":"PP1","station":"subway","subway":"yes","wikidata":"Q15379154","wikipedia":"th:สถานีคลองบางไผ่"},"id":"node/5222843674"},{"type":"Feature","geometry":{"type":"Point","coordinates":[100.409287,13.881012]},"properties":{"@id":"node/5222843675","name":"ตลาดบางใหญ่","name:en":"Talad Bang Yai","name:th":"ตลาดบางใหญ่","network":"MRT","public_transport":"station","railway":"station","ref":"PP2","station":"subway","subway":"yes","wikidata":"Q25103860","wikipedia":"th:สถานีตลาดบางใหญ่"},"id":"node/5222843675"},{"type":"Feature","geometry":{"type":"Point","coordinates":[100.419362,13.874675]},"properties":{"@id":"node/5222843676","name":"สามแยกบางใหญ่","name:en":"Sam Yaek Bang Yai","name:th":"สามแยกบางใหญ่","network":"MRT","public_transport":"station","railway":"station","ref":"PP3","station":"subway","subway":"yes","wikidata":"Q25106306","wikipedia":"th:สถานีสามแยกบางใหญ่"},"id":"node/5222843676"},{"type":"Feature","geometry":{"type":"Point","coordinates":[100.433801,13.875768]},"properties":{"@id":"node/5222843677","name":"บางพลู","name:en":"Bang Phlu","name:th":"บางพลู","network":"MRT","public_transport":"station","railway":"station","ref":"PP4","station":"subway","subway":"yes","wikidata":"Q13021635","wikipedia":"th:สถานีบางพลู"},"id":"node/5222843677"},{"type":"Feature","geometry":{"type":"Point","coordinates":[100.444936,13.876607]},"properties":{"@id":"node/5222843678","name":"บางรักใหญ่","name:en":"Bang Rak Yai","name:th":"บางรักใหญ่","network":"MRT","public_transport":"station","railway":"station","ref":"PP5","station":"subway","subway":"yes","wikidata":"Q16307495","wikipedia":"th:สถานีบางรักใหญ่"},"id":"node/5222843678"},{"type":"Feature","geometry":{"type":"Point","coordinates":[100.455965,13.874808]},"properties":{"@id":"node/5222843679","name":"บางรักน้อยท่าอิฐ","name:en":"Bang Rak Noi Tha It","name:th":"บางรักน้อยท่าอิฐ","network":"MRT","public_transport":"station","railway":"station","ref":"PP6","station":"subway","subway":"yes","wikidata":"Q73813625"},"id":"node/5222843679"},{"type":"Feature","geometry":{"type":"Point","coordinates":[100.466692,13.870511]},"properties":{"@id":"node/5222843680","name":"ไทรม้า","name:en":"Sai Ma","name:th":"ไทรม้า","network":"MRT","public_transport":"station","railway":"station","ref":"PP7","station":"subway","subway":"yes","wikidata":"Q13021885","wikipedia":"th:สถานีไทรม้า"},"id":"node/5222843680"},{"type":"Feature","geometry":{"type":"Point","coordinates":[100.480128,13.87029]},"properties":{"@id":"node/5222843681","name":"สะพานพระนั่งเกล้า","name:en":"Phra Nang Klao Bridge","name:th":"สะพานพระนั่งเกล้า","network":"MRT","public_transport":"station","railway":"station","ref":"PP8","station":"subway","subway":"yes","wikidata":"Q96419170","wikipedia":"th:สถานีสะพานพระนั่งเกล้า"},"id":"node/5222843681"},{"type":"Feature","geometry":{"type":"Point","coordinates":[100.494077,13.865961]},"properties":{"@id":"node/5222843682","name":"แยกนนทบุรี 1","name:en":"Yaek Nonthaburi 1","name:th":"แยกนนทบุรี 1","network":"MRT","public_transport":"station","railway":"station","ref":"PP9","station":"subway","subway":"yes","toilets:wheelchair":"yes","wikidata":"Q73811536","wikipedia":"th:สถานีแยกนนทบุรี 1"},"id":"node/5222843682"},{"type":"Feature","geometry":{"type":"Point","coordinates":[100.504652,13.861653]},"properties":{"@id":"node/5222843683","name":"บางกระสอ","name:en":"Bang Krasor","name:th":"บางกระสอ","network":"MRT","public_transport":"station","railway":"station","ref":"PP10","station":"subway","subway":"yes","toilets:wheelchair":"yes","wikidata":"Q13021840","wikipedia":"th:สถานีบางกระสอ"},"id":"node/5222843683"},{"type":"Feature","geometry":{"type":"Point","coordinates":[100.513067,13.860174]},"properties":{"@id":"node/5222843684","name":"ศูนย์ราชการนนทบุรี","name:en":"Nonthaburi Civic Center","network":"MRT","public_transport":"station","railway":"station","ref":"PP11","station":"subway","subway":"yes","toilets:wheelchair":"yes","wikidata":"Q25106308","wikimedia_commons":"File:Pink Line at Nonthaburi Civic Center Station 01.jpg"},"id":"node/5222843684"},{"type":"Feature","geometry":{"type":"Point","coordinates":[100.514715,13.848531]},"properties":{"@id":"node/5222843685","name":"กระทรวงสาธารณสุข","name:en":"Ministry of Public Health","name:th":"กระทรวงสาธารณสุข","network":"MRT","public_transport":"station","railway":"station","ref":"PP12","station":"subway","subway":"yes","toilets:wheelchair":"yes","wikidata":"Q96418970","wikipedia":"th:สถานีกระทรวงสาธารณสุข"},"id":"node/5222843685"},{"type":"Feature","geometry":{"type":"Point","coordinates":[100.553796,13.802605]},"properties":{"@id":"node/5388599065","name":"หมอชิต","name:en":"Mo Chit","name:ja":"モーチット","name:th":"หมอชิต","operator":"ระบบขนส่งมวลชนกรุงเทพ","operator:en":"Bangkok Mass Transit System;BTSC","public_transport":"station","railway":"station","ref":"N8","station":"subway","subway":"yes","toilets:wheelchair":"no","wheelchair":"limited","wheelchair:description":"Mochit Station This station has elevator near the stairs.","wikidata":"Q873641"},"id":"node/5388599065"},{"type":"Feature","geometry":{"type":"Point","coordinates":[100.54462,13.779708]},"properties":{"@id":"node/5388607091","name":"อารีย์","name:en":"Ari","name:th":"อารีย์","public_transport":"station","railway":"station","ref":"N5","station":"subway","subway":"yes","toilets:wheelchair":"no","wheelchair":"limited","wheelchair:description":"Ari Station","wikidata":"Q6149301"},"id":"node/5388607091"},{"type":"Feature","geometry":{"type":"Point","coordinates":[100.533821,13.756964]},"properties":{"@id":"node/5388610344","name":"พญาไท","name:en":"Phaya Thai","name:ja":"パヤタイ","name:th":"พญาไท","public_transport":"station","railway":"station","ref":"N2","station":"subway","subway":"yes","wikidata":"Q15139351","wikipedia":"th:สถานีพญาไท"},"id":"node/5388610344"},{"type":"Feature","geometry":{"type":"Point","coordinates":[100.531553,13.751861]},"properties":{"@id":"node/5388611982","name":"ราชเทวี","name:en":"Ratchathewi","name:th":"ราชเทวี","public_transport":"station","railway":"station","ref":"N1","station":"subway","subway":"yes","wikidata":"Q6633184"},"id":"node/5388611982"},{"type":"Feature","geometry":{"type":"Point","coordinates":[100.542073,13.772623]},"properties":{"@id":"node/5388638318","name":"สนามเป้า","name:en":"Sanam Pao","name:th":"สนามเป้า","public_transport":"station","railway":"station","ref":"N4","station":"subway","subway":"yes","wikidata":"Q4922512"},"id":"node/5388638318"},{"type":"Feature","geometry":{"type":"Point","coordinates":[100.601806,13.661185]},"properties":{"@id":"node/5391599348","name":"แบริ่ง","name:en":"Bearing","name:th":"แบริ่ง","operator":"กรุงเทพธนาคม","public_transport":"station","railway":"station","ref":"E14","station":"subway","subway":"yes","wikidata":"Q6633805"},"id":"node/5391599348"},{"type":"Feature","geometry":{"type":"Point","coordinates":[100.604663,13.668138]},"properties":{"@id":"node/5391610964","name":"บางนา","name:en":"Bang Na","name:th":"บางนา","operator":"กรุงเทพธนาคม","public_transport":"station","railway":"station","ref":"E13","station":"subway","subway":"yes","wikidata":"Q6633173"},"id":"node/5391610964"},{"type":"Feature","geometry":{"type":"Point","coordinates":[100.591237,13.715169]},"properties":{"@id":"node/5391610985","addr:postcode":"10110","addr:province":"กรุงเทพมหานคร","addr:street":"Sukhumvit Road","air_conditioning":"no","internet_access":"no","name":"พระโขนง","name:en":"Phra Khanong","name:th":"พระโขนง","network":"Sukhumvit Line","operator":"ระบบขนส่งมวลชนกรุงเทพ","operator:en":"Bangkok Mass Transit System;BTSC","public_transport":"station","railway":"station","ref":"E8","station":"subway","subway":"yes","wikidata":"Q4924738"},"id":"node/5391610985"},{"type":"Feature","geometry":{"type":"Point","coordinates":[100.537053,13.762759]},"properties":{"@id":"node/5391611863","name":"อนุสาวรีย์ชัยสมรภูมิ","name:en":"Victory Monument","name:th":"อนุสาวรีย์ชัยสมรภูมิ","public_transport":"station","railway":"station","ref":"N3","station":"subway","subway":"yes","wikidata":"Q4919845"},"id":"node/5391611863"},{"type":"Feature","geometry":{"type":"Point","coordinates":[100.60947,13.679875]},"properties":{"@id":"node/5391613497","name":"อุดมสุข","name:en":"Udom Suk","name:th":"อุดมสุข","operator":"กรุงเทพธนาคม","public_transport":"station","railway":"station","ref":"E12","station":"subway","subway":"yes","wikidata":"Q13021857"},"id":"node/5391613497"},{"type":"Feature","geometry":{"type":"Point","coordinates":[100.608996,13.689279]},"properties":{"@id":"node/5391616767","name":"ปุณณวิถี","name:en":"Punnawithi","name:th":"ปุณณวิถี","operator":"กรุงเทพธนาคม","public_transport":"station","railway":"station","ref":"E11","station":"subway","subway":"yes","wikidata":"Q6633186"},"id":"node/5391616767"},{"type":"Feature","geometry":{"type":"Point","coordinates":[100.60534,13.696759]},"properties":{"@id":"node/5391618414","alt_name:en":"Bang Jak","name":"บางจาก","name:en":"Bang Chak","name:th":"บางจาก","public_transport":"station","railway":"station","ref":"E10","station":"subway","subway":"yes","wikidata":"Q6633183"},"id":"node/5391618414"},{"type":"Feature","geometry":{"type":"Point","coordinates":[100.601004,13.705625]},"properties":{"@id":"node/5391620400","name":"อ่อนนุช","name:en":"On Nut","name:th":"อ่อนนุช","public_transport":"station","railway":"station","ref":"E9","station":"subway","subway":"yes","wikidata":"Q1028755"},"id":"node/5391620400"},{"type":"Feature","geometry":{"type":"Point","coordinates":[100.560357,13.737043]},"properties":{"@id":"node/5391625873","name":"อโศก","name:en":"Asok","name:ja":"アソーク駅","name:ko":"아소크","name:th":"อโศก","operator":"ทางด่วนและรถไฟฟ้ากรุงเทพ","public_transport":"station","railway":"station","ref":"E4","station":"subway","subway":"yes","wikidata":"Q4924120"},"id":"node/5391625873"},{"type":"Feature","geometry":{"type":"Point","coordinates":[100.578505,13.724226]},"properties":{"@id":"node/5391626092","name":"ทองหล่อ","name:en":"Thong Lo","name:ja":"トンロー駅","name:th":"ทองหล่อ","public_transport":"station","railway":"station","ref":"E6","station":"subway","subway":"yes","wheelchair":"yes","wikidata":"Q4924220"},"id":"node/5391626092"},{"type":"Feature","geometry":{"type":"Point","coordinates":[100.569713,13.730435]},"properties":{"@id":"node/5391626093","name":"พร้อมพงษ์","name:en":"Phrom Phong","name:ja":"プロンポン駅","name:th":"พร้อมพงษ์","public_transport":"station","railway":"station","ref":"E5","station":"subway","subway":"yes","toilets:wheelchair":"no","wheelchair":"limited","wikidata":"Q1028691"},"id":"node/5391626093"},{"type":"Feature","geometry":{"type":"Point","coordinates":[100.555429,13.740536]},"properties":{"@id":"node/5391628766","name":"นานา","name:en":"Nana","name:ja":"ナーナー","name:th":"นานา","network":"BTS","operator":"ระบบขนส่งมวลชนกรุงเทพ","operator:en":"Bangkok Mass Transit System;BTSC","public_transport":"station","railway":"station","ref":"E3","station":"subway","subway":"yes","wikidata":"Q6633167"},"id":"node/5391628766"},{"type":"Feature","geometry":{"type":"Point","coordinates":[100.548976,13.743068]},"properties":{"@id":"node/5391631777","name":"เพลินจิต","name:en":"Phloen Chit","name:th":"เพลินจิต","network":"BTS","operator":"ระบบขนส่งมวลชนกรุงเทพ","operator:en":"Bangkok Mass Transit System;BTSC","public_transport":"station","railway":"station","ref":"E2","station":"subway","subway":"yes","wikidata":"Q4921113"},"id":"node/5391631777"},{"type":"Feature","geometry":{"type":"Point","coordinates":[100.543068,13.744097]},"properties":{"@id":"node/5391636575","name":"ชิดลม","name:en":"Chit Lom","name:th":"ชิดลม","network":"BTS","operator":"ระบบขนส่งมวลชนกรุงเทพ","operator:en":"Bangkok Mass Transit System;BTSC","public_transport":"station","railway":"station","ref":"E1","station":"subway","subway":"yes","wheelchair":"yes","wikidata":"Q6633149"},"id":"node/5391636575"},{"type":"Feature","geometry":{"type":"Point","coordinates":[100.595786,13.646488]},"properties":{"@id":"node/5391659126","name":"สำโรง","name:en":"Samrong","name:th":"สำโรง","operator":"กรุงเทพธนาคม","public_transport":"station","railway":"station","ref":"E15","station":"subway","subway":"yes","wikidata":"Q13021846","wikipedia":"th:สถานีสำโรง"},"id":"node/5391659126"},{"type":"Feature","geometry":{"type":"Point","coordinates":[100.56134,13.737395]},"properties":{"@id":"node/5391691787","name":"สุขุมวิท","name:en":"Sukhumvit","name:ja":"スクムウィット","name:th":"สุขุมวิท","public_transport":"station","railway":"station","ref":"BL22","station":"subway","subway":"yes","wikidata":"Q1036841"},"id":"node/5391691787"},{"type":"Feature","geometry":{"type":"Point","coordinates":[100.585111,13.719539]},"properties":{"@id":"node/5405616025","name":"เอกมัย","name:en":"Ekkamai","name:ja":"エカマイ","name:ru":"Эккамай","name:th":"เอกมัย","public_transport":"station","railway":"station","ref":"E7","station":"subway","subway":"yes","wheelchair":"yes","wikidata":"Q4919536"},"id":"node/5405616025"},{"type":"Feature","geometry":{"type":"Point","coordinates":[100.589517,13.744339]},"properties":{"@id":"node/5472737123","name":"คลองตัน","name:en":"Khlong Tan","name:th":"คลองตัน","operator":"การรถไฟแห่งประเทศไทย","public_transport":"station","railway":"station","railway:ref":"คต","railway:ref:en":"KOT","railway:station_category":"2","ref":"คต.","ref:station":"3009","train":"yes"},"id":"node/5472737123"},{"type":"Feature","geometry":{"type":"Point","coordinates":[100.509069,13.726462]},"properties":{"@id":"node/5812248586","monorail":"yes","name":"เจริญนคร","name:en":"Charoen Nakhon","name:ja":"チャルンナコーン","name:th":"เจริญนคร","network":"BTS","operator":"กรุงเทพธนาคม","public_transport":"station","railway":"station","ref":"G2","wikidata":"Q104212231","wikipedia":"th:สถานีเจริญนคร (รถไฟฟ้าสายสีทอง)"},"id":"node/5812248586"},{"type":"Feature","geometry":{"type":"Point","coordinates":[100.507721,13.730307]},"properties":{"@id":"node/5812248587","monorail":"yes","name":"คลองสาน","name:en":"Khlong San","name:ja":"クローンサーン","name:th":"คลองสาน","network":"BTS","operator":"กรุงเทพธนาคม","public_transport":"station","railway":"station","ref":"G3","wikidata":"Q104212244","wikipedia":"th:สถานีคลองสาน (รถไฟฟ้าสายสีทอง)"},"id":"node/5812248587"},{"type":"Feature","geometry":{"type":"Point","coordinates":[100.602154,13.990542]},"properties":{"@id":"node/6024782068","name":"รังสิต","name:en":"Rangsit","name:th":"รังสิต","name:zh":"兰实","network":"รถไฟฟ้าชานเมือง สายสีแดง","network:en":"SRT Red Lines","network:th":"รถไฟฟ้าชานเมือง สายสีแดง","network:wikidata":"Q2542280","operator":"การรถไฟแห่งประเทศไทย","public_transport":"station","railway":"station","railway:ref":"รต;RN10","railway:station_category":"1","ref":"รต.;RN10","ref:station":"1021","train":"yes","wikidata":"Q6633383"},"id":"node/6024782068"},{"type":"Feature","geometry":{"type":"Point","coordinates":[100.592006,13.637277]},"properties":{"@id":"node/6124793513","name":"ปู่เจ้า","name:en":"Pu Chao","name:th":"ปู่เจ้า","operator":"กรุงเทพธนาคม","public_transport":"station","railway":"station","ref":"E16","station":"subway","subway":"yes","wheelchair":"yes","wikidata":"Q59779848","wikipedia":"th:สถานีปู่เจ้า"},"id":"node/6124793513"},{"type":"Feature","geometry":{"type":"Point","coordinates":[100.59016,13.621594]},"properties":{"@id":"node/6124793514","name":"ช้างเอราวัณ","name:en":"Chang Erawan","name:th":"ช้างเอราวัณ","operator":"กรุงเทพธนาคม","public_transport":"station","railway":"station","ref":"E17","station":"subway","subway":"yes","wikidata":"Q13021646","wikipedia":"th:สถานีช้างเอราวัณ"},"id":"node/6124793514"},{"type":"Feature","geometry":{"type":"Point","coordinates":[100.594906,13.608409]},"properties":{"@id":"node/6124793515","name":"โรงเรียนนายเรือ","name:en":"Royal Thai Naval Academy","name:th":"โรงเรียนนายเรือ","public_transport":"station","railway":"station","ref":"E18","station":"subway","subway":"yes","wikidata":"Q60034232","wikipedia":"th:สถานีโรงเรียนนายเรือ"},"id":"node/6124793515"},{"type":"Feature","geometry":{"type":"Point","coordinates":[100.597092,13.602124]},"properties":{"@id":"node/6124793516","name":"ปากน้ำ","name:en":"Pak Nam","name:th":"ปากน้ำ","public_transport":"station","railway":"station","ref":"E19","station":"subway","subway":"yes","wikidata":"Q60034220","wikipedia":"th:สถานีปากน้ำ"},"id":"node/6124793516"},{"type":"Feature","geometry":{"type":"Point","coordinates":[100.609035,13.591997]},"properties":{"@id":"node/6124793517","name":"ศรีนครินทร์","name:en":"Srinagarindra","name:th":"ศรีนครินทร์","public_transport":"station","railway":"station","ref":"E20","station":"subway","subway":"yes","wikidata":"Q60034186","wikipedia":"th:สถานีศรีนครินทร์"},"id":"node/6124793517"},{"type":"Feature","geometry":{"type":"Point","coordinates":[100.607905,13.584192]},"properties":{"@id":"node/6124793521","name":"แพรกษา","name:en":"Phraek Sa","name:th":"แพรกษา","public_transport":"station","railway":"station","ref":"E21","station":"subway","subway":"yes","wikidata":"Q60034142","wikipedia":"th:สถานีแพรกษา"},"id":"node/6124793521"},{"type":"Feature","geometry":{"type":"Point","coordinates":[100.605461,13.577776]},"properties":{"@id":"node/6124793522","name":"สายลวด","name:en":"Sai Luat","name:th":"สายลวด","public_transport":"station","railway":"station","ref":"E22","station":"subway","subway":"yes","wikidata":"Q60034123","wikipedia":"th:สถานีสายลวด"},"id":"node/6124793522"},{"type":"Feature","geometry":{"type":"Point","coordinates":[100.607694,13.567687]},"properties":{"@id":"node/6124793523","name":"เคหะฯ","name:en":"Kheha","name:th":"เคหะฯ","public_transport":"station","railway":"station","ref":"E23","station":"subway","subway":"yes","wikidata":"Q59764824","wikipedia":"th:สถานีเคหะฯ"},"id":"node/6124793523"},{"type":"Feature","geometry":{"type":"Point","coordinates":[100.542516,13.854617]},"properties":{"@id":"node/6177765903","description":"@ลานจอดรถชั้น G ในเดอะมอลล์งามฯ\nมีสาย \n-ต.11 ปากเกร็ด\n-ต.138 บางนา, ม.ราม 2\n-ต.86 อนุสาวรีย์ชัยสมรภูมิ\n-ต.78 ตลาดบางบัวทอง\n-ต.78 หมู่บ้านบัวทอง\n-ต.65 งามวงศ์วาน-มาบุญครอง\nงามวงศ์วาน-นครปฐม (ม.ศิลปกร)\n-ต.80A เดอะมอลล์บางกะปิ","description:en":"@parking lot floor G inside The Mall Ngam Van route -ต.11 Pak Kret -ต.138 Bang Na -ต.86 Victory Monument -ต.78 Bang Bua Thong Market -ต.78 Buathong Village -ต.65 Ngamwongwan-MBK Ngamwongwan-Nakhon Pathom (Silpakorn University) -ต.80A The Mall Bangkapi","name":"สถานีรถตู้ ที่ลานจอดรถชั้น G เดอะมอลล์งามวงศ์วาน","name:en":"The Mall Ngam Wong Wan G Floor Van station","name:th":"สถานีรถตู้ ที่ลานจอดรถชั้น G เดอะมอลล์งามวงศ์วาน","opening_hours":"05:30-22:30","public_transport":"station"},"id":"node/6177765903"},{"type":"Feature","geometry":{"type":"Point","coordinates":[100.863061,13.720074]},"properties":{"@id":"node/6228668385","name":"คลองหลวงแพ่ง","name:en":"Khlong Luang Phaeng","name:th":"คลองหลวงแพ่ง","network":"การรถไฟแห่งประเทศไทย","network:en":"State Railway of Thailand","network:th":"การรถไฟแห่งประเทศไทย","network:wikidata":"Q2165702","public_transport":"station","railway":"station","railway:ref":"คพ","railway:ref:en":"KLP","railway:station_category":"3","ref":"คพ.","ref:station":"3017","train":"yes","wikidata":"Q13021666"},"id":"node/6228668385"},{"type":"Feature","geometry":{"type":"Point","coordinates":[100.924938,13.712368]},"properties":{"@id":"node/6228668386","name":"เปรง","name:en":"Preng","network":"การรถไฟแห่งประเทศไทย","network:en":"State Railway of Thailand","network:th":"การรถไฟแห่งประเทศไทย","network:wikidata":"Q2165702","old_name":"คลองเปรง","public_transport":"station","railway":"station","railway:ref":"คป","railway:ref:en":"PRE","railway:station_category":"3","ref":"คป.","ref:station":"3019","train":"yes","wikidata":"Q11335955"},"id":"node/6228668386"},{"type":"Feature","geometry":{"type":"Point","coordinates":[100.966653,13.707263]},"properties":{"@id":"node/6228668387","name":"คลองแขวงกลั่น","name:en":"Khlong Kwaeng Klan","name:th":"คลองแขวงกลั่น","public_transport":"station","railway":"halt","railway:ref":"แข","railway:ref:en":"KWK","railway:station_category":"ป้ายหยุดรถ","ref":"แข.","ref:station":"3020","train":"yes"},"id":"node/6228668387"},{"type":"Feature","geometry":{"type":"Point","coordinates":[100.896934,13.715861]},"properties":{"@id":"node/6228668485","name":"คลองอุดมชลจร","name:en":"Khlong Udom Chonlajorn","name:th":"คลองอุดมชลจร","public_transport":"station","railway":"halt","railway:ref":"ดจ","railway:ref:en":"KUC","railway:station_category":"ป้ายหยุดรถ","ref":"ดจ.","ref:station":"3018","train":"yes","wikidata":"Q65051105"},"id":"node/6228668485"},{"type":"Feature","geometry":{"type":"Point","coordinates":[101.018654,13.700614]},"properties":{"@id":"node/6228668486","name":"บางเตย","name:en":"Bang Toey","name:th":"บางเตย","public_transport":"station","railway":"halt","railway:ref":"งย","railway:ref:en":"BTY","railway:station_category":"ป้ายหยุดรถ","ref":"งย.","ref:station":"3022","train":"yes"},"id":"node/6228668486"},{"type":"Feature","geometry":{"type":"Point","coordinates":[100.991395,13.704155]},"properties":{"@id":"node/6228668885","name":"คลองบางพระ","name:en":"Khlong Bang Phra","public_transport":"station","railway":"station","railway:ref":"คบ","railway:ref:en":"KBP","railway:station_category":"3","ref":"คบ.","ref:station":"3021","train":"yes"},"id":"node/6228668885"},{"type":"Feature","geometry":{"type":"Point","coordinates":[100.544461,13.790635]},"properties":{"@id":"node/6351031485","amenity":"motorcycle_station","motorcycle":"yes","name":"วินประดิพัทธ์ 17","public_transport":"station","type":"public_transport"},"id":"node/6351031485"},{"type":"Feature","geometry":{"type":"Point","coordinates":[100.493327,13.783873]},"properties":{"@id":"node/6563228219","name":"สิรินธร","name:en":"Sirindhorn","name:th":"สิรินธร","name:zh":"诗琳通","operator":"ทางด่วนและรถไฟฟ้ากรุงเทพ","public_transport":"station","railway":"station","ref":"BL06","station":"subway","subway":"yes","wikidata":"Q83555413"},"id":"node/6563228219"},{"type":"Feature","geometry":{"type":"Point","coordinates":[100.625837,13.925013]},"properties":{"@id":"node/6681609012","name":"แยก คปอ.","name:en":"Yaek Kor Por Aor","name:th":"แยก คปอ.","opening_date":"2020-12-16","operator":"กรุงเทพธนาคม","public_transport":"station","railway":"station","ref":"N23","station":"subway","subway":"yes","wikidata":"Q104211805"},"id":"node/6681609012"},{"type":"Feature","geometry":{"type":"Point","coordinates":[100.621691,13.917971]},"properties":{"@id":"node/6681609016","colour":"green","name":"พิพิธภัณฑ์กองทัพอากาศ","name:en":"Royal Thai Air Force Museum","name:th":"พิพิธภัณฑ์กองทัพอากาศ","network":"BTS","opening_date":"2020-12-16","operator":"กรุงเทพธนาคม","public_transport":"station","railway":"station","ref":"N22","station":"subway","subway":"yes","wikidata":"Q104211775"},"id":"node/6681609016"},{"type":"Feature","geometry":{"type":"Point","coordinates":[100.617396,13.910714]},"properties":{"@id":"node/6681609017","name":"โรงพยาบาลภูมิพลอดุลยเดช","name:en":"Bhumibol Adulyadej Hospital","name:th":"โรงพยาบาลภูมิพลอดุลยเดช","network":"BTS","opening_date":"2020-12-16","operator":"กรุงเทพธนาคม","public_transport":"station","railway":"station","ref":"N21","station":"subway","subway":"yes","wikidata":"Q104211764"},"id":"node/6681609017"},{"type":"Feature","geometry":{"type":"Point","coordinates":[100.609077,13.896613]},"properties":{"@id":"node/6681609018","name":"สะพานใหม่","name:en":"Saphan Mai","name:th":"สะพานใหม่","network":"BTS","opening_date":"2020-12-16","operator":"กรุงเทพธนาคม","public_transport":"station","railway":"station","ref":"N20","station":"subway","subway":"yes","wikidata":"Q104211663","wikipedia":"th:สถานีสะพานใหม่"},"id":"node/6681609018"},{"type":"Feature","geometry":{"type":"Point","coordinates":[100.604269,13.888451]},"properties":{"@id":"node/6681609019","name":"สายหยุด","name:en":"Sai Yud","name:th":"สายหยุด","opening_date":"2020-12-16","operator":"กรุงเทพธนาคม","public_transport":"station","railway":"station","ref":"N19","station":"subway","subway":"yes","wikidata":"Q104211647"},"id":"node/6681609019"},{"type":"Feature","geometry":{"type":"Point","coordinates":[100.600731,13.882448]},"properties":{"@id":"node/6681609020","name":"พหลโยธิน 59","name:en":"Phahonyothin 59","name:th":"พหลโยธิน 59","network":"BTS","opening_date":"2020-12-16","operator":"กรุงเทพธนาคม","public_transport":"station","railway":"station","ref":"N18","station":"subway","subway":"yes","wikidata":"Q104211602"},"id":"node/6681609020"},{"type":"Feature","geometry":{"type":"Point","coordinates":[100.591973,13.867578]},"properties":{"@id":"node/6681609024","name":"กรมทหารราบที่ 11","name:en":"11th Infantry Regiment","name:th":"กรมทหารราบที่ 11","network":"BTS","operator":"กรุงเทพธนาคม","public_transport":"station","railway":"station","ref":"N16","station":"subway","subway":"yes","wikidata":"Q96096780"},"id":"node/6681609024"},{"type":"Feature","geometry":{"type":"Point","coordinates":[100.585179,13.856049]},"properties":{"@id":"node/6681609025","name":"บางบัว","name:en":"Bang Bua","name:th":"บางบัว","operator":"กรุงเทพธนาคม","public_transport":"station","railway":"station","ref":"N15","station":"subway","subway":"yes","wikidata":"Q96075530"},"id":"node/6681609025"},{"type":"Feature","geometry":{"type":"Point","coordinates":[100.581816,13.850326]},"properties":{"@id":"node/6681609026","name":"กรมป่าไม้","name:en":"Royal Forest Department","name:ja":"ロイヤルフォレストデパートメント駅","name:th":"กรมป่าไม้","network":"BTS","operator":"กรุงเทพธนาคม","public_transport":"station","railway":"station","ref":"N14","station":"subway","subway":"yes","wikidata":"Q96096835"},"id":"node/6681609026"},{"type":"Feature","geometry":{"type":"Point","coordinates":[100.577105,13.842314]},"properties":{"@id":"node/6681609027","name":"มหาวิทยาลัยเกษตรศาสตร์","name:en":"Kasetsart University","name:ja":"カセサート大学駅","network":"BTS","operator":"กรุงเทพธนาคม","public_transport":"station","railway":"station","ref":"N13","station":"subway","subway":"yes","wikidata":"Q76973081"},"id":"node/6681609027"},{"type":"Feature","geometry":{"type":"Point","coordinates":[100.573629,13.836406]},"properties":{"@id":"node/6681609028","name":"เสนานิคม","name:en":"Sena Nikhom","name:ja":"セナニコム駅","name:th":"เสนานิคม","operator":"กรุงเทพธนาคม","public_transport":"station","railway":"station","ref":"N12","station":"subway","subway":"yes","wheelchair":"yes","wikidata":"Q76973119"},"id":"node/6681609028"},{"type":"Feature","geometry":{"type":"Point","coordinates":[100.569722,13.829748]},"properties":{"@id":"node/6681609029","name":"รัชโยธิน","name:en":"Ratchayothin","name:ja":"ラチャヨーティン駅","name:th":"รัชโยธิน","network":"BTS","operator":"กรุงเทพธนาคม","public_transport":"station","railway":"station","ref":"N11","station":"subway","subway":"yes","wikidata":"Q76972519"},"id":"node/6681609029"},{"type":"Feature","geometry":{"type":"Point","coordinates":[100.566425,13.824121]},"properties":{"@id":"node/6681609030","name":"พหลโยธิน 24","name:en":"Phahonyothin 24","name:ja":"パホンヨーティン24駅","name:th":"พหลโยธิน 24","network":"BTS","operator":"กรุงเทพธนาคม","public_transport":"station","railway":"station","ref":"N10","station":"subway","subway":"yes","wikidata":"Q13021643"},"id":"node/6681609030"},{"type":"Feature","geometry":{"type":"Point","coordinates":[100.691456,13.786883]},"properties":{"@id":"node/6703045990","construction":"station","name":"น้อมเกล้า","name:en":"Nom Klao","name:th":"น้อมเกล้า","network":"รถไฟฟ้ามหานคร สายสีส้ม","operator":"ทางด่วนและรถไฟฟ้ากรุงเทพ","public_transport":"station","railway":"construction","station":"subway","subway":"yes"},"id":"node/6703045990"},{"type":"Feature","geometry":{"type":"Point","coordinates":[100.711101,13.797375]},"properties":{"@id":"node/6703045993","construction":"station","name":"มีนพัฒนา","name:en":"Min Phatthana","name:th":"มีนพัฒนา","operator":"ทางด่วนและรถไฟฟ้ากรุงเทพ","public_transport":"station","railway":"construction","station":"subway","subway":"yes"},"id":"node/6703045993"},{"type":"Feature","geometry":{"type":"Point","coordinates":[100.751288,13.694267]},"properties":{"@id":"node/6711003839","int_name":"Suvarnabhumi","name":"สุวรรณภูมิ","name:en":"Suvarnabhumi","name:ko":"수완나품","name:ru":"Суварнабхуми","name:th":"สุวรรณภูมิ","network":"ARL","public_transport":"station","railway":"station","ref":"A1","train":"yes","wheelchair":"yes","wikidata":"Q6633190","wikipedia":"th:สถานีท่าอากาศยานสุวรรณภูมิ"},"id":"node/6711003839"},{"type":"Feature","geometry":{"type":"Point","coordinates":[100.600154,13.742993]},"properties":{"@id":"node/6711009224","int_name":"Ramkhamhaeng","name":"รามคำแหง","name:en":"Ramkhamhaeng","name:ja":"ラームカムヘーン","name:th":"รามคำแหง","network":"ARL","public_transport":"station","railway":"station","ref":"A5","source":"Ramkhamkhaeng","train":"yes","wikidata":"Q6633628","wikipedia":"th:สถานีรามคำแหง"},"id":"node/6711009224"},{"type":"Feature","geometry":{"type":"Point","coordinates":[100.690817,13.732888]},"properties":{"@id":"node/6711014684","name":"บ้านทับช้าง","name:en":"Ban Thap Chang","name:th":"บ้านทับช้าง","network":"ARL","public_transport":"station","railway":"station","ref":"A3","train":"yes","wikidata":"Q6895675","wikipedia":"th:สถานีบ้านทับช้าง"},"id":"node/6711014684"},{"type":"Feature","geometry":{"type":"Point","coordinates":[100.748599,13.727682]},"properties":{"@id":"node/6711016582","int_name":"Lat Krabang","name":"ลาดกระบัง","name:en":"Lat Krabang","name:th":"ลาดกระบัง","network":"ARL","public_transport":"station","railway":"station","ref":"A2","train":"yes","wikidata":"Q15283201","wikipedia":"th:สถานีลาดกระบัง"},"id":"node/6711016582"},{"type":"Feature","geometry":{"type":"Point","coordinates":[100.561143,13.750909]},"properties":{"@id":"node/6711023184","int_name":"Makkasan","name":"มักกะสัน","name:en":"Makkasan","name:th":"มักกะสัน","network":"ARL","public_transport":"station","railway":"station","ref":"A6","train":"yes","wheelchair":"yes","wikidata":"Q11340409","wikipedia":"th:สถานีรับส่งผู้โดยสารอากาศยานในเมือง"},"id":"node/6711023184"},{"type":"Feature","geometry":{"type":"Point","coordinates":[100.542124,13.755107]},"properties":{"@id":"node/6711026524","int_name":"Ratchatprarop","name":"ราชปรารภ","name:en":"Ratchaprarop","name:ja":"ラチャプラロップ","name:th":"ราชปรารภ","network":"ARL","public_transport":"station","railway":"station","ref":"A7","train":"yes","wikidata":"Q6633462","wikipedia":"th:สถานีราชปรารภ"},"id":"node/6711026524"},{"type":"Feature","geometry":{"type":"Point","coordinates":[100.534907,13.75671]},"properties":{"@id":"node/6711028526","int_name":"Phaya Thai","name":"พญาไท","name:en":"Phaya Thai","name:ja":"パヤタイ","name:th":"พญาไท","network":"ARL","public_transport":"station","railway":"station","ref":"A8","train":"yes","wikidata":"Q13021649","wikipedia":"th:สถานีพญาไท (รถไฟฟ้าเชื่อมท่าอากาศยานสุวรรณภูมิ)"},"id":"node/6711028526"},{"type":"Feature","geometry":{"type":"Point","coordinates":[100.562036,13.816681]},"properties":{"@id":"node/6966466946","alt_name":"Ladphrao Intersection;BTS ห้าแยก ลาดพร้าว","name":"ห้าแยกลาดพร้าว","name:en":"Ha Yaek Lat Phrao","name:ja":"ハーイェークラプラオ駅","operator":"กรุงเทพธนาคม","public_transport":"station","railway":"station","ref":"N9","station":"subway","subway":"yes","wikidata":"Q16307668"},"id":"node/6966466946"},{"type":"Feature","geometry":{"type":"Point","coordinates":[100.46932,13.755801]},"properties":{"@id":"node/7096345624","name":"ไฟฉาย","name:en":"Fai Chai","name:ja":"ファイチャーイ","name:th":"ไฟฉาย","name:zh":"发彩","network":"MRT","operator":"ทางด่วนและรถไฟฟ้ากรุงเทพ","public_transport":"station","railway":"station","ref":"BL03","station":"subway","subway":"yes","wikidata":"Q66087746"},"id":"node/7096345624"},{"type":"Feature","geometry":{"type":"Point","coordinates":[101.108952,13.600983]},"properties":{"@id":"node/7158053585","name":"ดอนสีนนท์","name:en":"Don Si Non","name:th":"ดอนสีนนท์","public_transport":"station","railway":"station","railway:ref":"ดอ","railway:ref:en":"DSN","railway:station_category":"3","ref":"ดอ.","ref:station":"3026","train":"yes"},"id":"node/7158053585"},{"type":"Feature","geometry":{"type":"Point","coordinates":[100.51665,13.739311]},"properties":{"@id":"node/7769630266","addr:city":"แขวงรองเมือง","addr:district":"ปทุมวัน","addr:housenumber":"1","addr:postcode":"10330","addr:province":"กรุงเทพมหานคร","addr:street":"ถนนรองเมือง","addr:subdistrict":"รองเมือง","description":"Main railway station in Bangkok. Generally known as Hua Lamphong Station.","internet_access":"wlan","internet_access:fee":"no","loc_name":"หัวลำโพง","loc_name:de":"Hua Lamphong","loc_name:en":"Hua Lamphong","loc_name:th":"หัวลำโพง","loc_name:zh":"華喃峰","name":"กรุงเทพ","name:de":"Bangkok","name:en":"Bangkok","name:es":"Bangkok","name:ru":"Бангкок","name:th":"กรุงเทพ","name:zh":"曼谷","network":"การรถไฟแห่งประเทศไทย","network:en":"State Railway of Thailand","network:th":"การรถไฟแห่งประเทศไทย","network:wikidata":"Q2165702","operator":"การรถไฟแห่งประเทศไทย","public_transport":"station","railway":"station","railway:ref":"กท.","railway:station_category":"พิเศษ","ref":"กท.","ref:station":"1001","source":"GPS;sign","train":"yes","wikidata":"Q125929","wikipedia":"th:สถานีกรุงเทพ (หัวลำโพง)"},"id":"node/7769630266"},{"type":"Feature","geometry":{"type":"Point","coordinates":[100.478747,13.760597]},"properties":{"@id":"node/7769630267","name":"ธนบุรี","name:en":"Thonburi","name:ja":"トンブリー","name:th":"ธนบุรี","public_transport":"station","railway":"station","railway:ref":"ธบ","ref":"ธบ.","srt_code":"TBR","train":"yes","wikidata":"Q6895717"},"id":"node/7769630267"},{"type":"Feature","geometry":{"type":"Point","coordinates":[100.457791,13.72079]},"properties":{"@id":"node/7769639096","name":"บางหว้า","name:en":"Bang Wa","name:th":"บางหว้า","name:zh":"曼瓦","operator":"กรุงเทพธนาคม","public_transport":"station","railway":"station","ref":"S12","station":"subway","subway":"yes"},"id":"node/7769639096"},{"type":"Feature","geometry":{"type":"Point","coordinates":[100.457023,13.72027]},"properties":{"@id":"node/7769639097","name":"บางหว้า","name:en":"Bang Wa","name:th":"บางหว้า","name:zh":"曼瓦","operator":"ทางด่วนและรถไฟฟ้ากรุงเทพ","public_transport":"station","railway":"station","ref":"BL34","station":"subway","subway":"yes","wikidata":"Q66091132"},"id":"node/7769639097"},{"type":"Feature","geometry":{"type":"Point","coordinates":[100.530775,13.806163]},"properties":{"@id":"node/7769639098","name":"เตาปูน","name:en":"Tao Poon","name:th":"เตาปูน","name:zh":"岛本站","network":"MRT","operator":"ทางด่วนและรถไฟฟ้ากรุงเทพ","public_transport":"station","railway":"station","ref":"BL10;PP16","station":"subway","subway":"yes","wikidata":"Q13021868","wikipedia":"th:สถานีเตาปูน"},"id":"node/7769639098"},{"type":"Feature","geometry":{"type":"Point","coordinates":[100.409775,13.649409]},"properties":{"@id":"node/7769639099","name":"รางสะแก","name:en":"Rang Sakae","name:th":"รางสะแก","operator":"การรถไฟแห่งประเทศไทย","public_transport":"station","railway":"halt","railway:ref":"รแ","ref":"รแ.","train":"yes","wikidata":"Q13017025"},"id":"node/7769639099"},{"type":"Feature","geometry":{"type":"Point","coordinates":[100.503714,13.721168]},"properties":{"@id":"node/7781133227","monorail":"yes","name":"กรุงธนบุรี","name:en":"Krung Thon Buri","name:th":"กรุงธนบุรี","network":"BTS","operator":"กรุงเทพธนาคม","public_transport":"stop_position","railway":"stop","ref":"1","station":"monorail"},"id":"node/7781133227"},{"type":"Feature","geometry":{"type":"Point","coordinates":[100.526686,13.720816]},"properties":{"@id":"node/7781158247","name":"เซนต์หลุยส์","name:en":"Saint Louis","name:th":"เซนต์หลุยส์","network":"BTS","operator":"ระบบขนส่งมวลชนกรุงเทพ","operator:en":"Bangkok Mass Transit System;BTSC","public_transport":"station","railway":"station","ref":"S4","station":"subway","subway":"yes","wheelchair":"yes","wikidata":"Q13021839","wikipedia":"th:สถานีเซนต์หลุยส์"},"id":"node/7781158247"},{"type":"Feature","geometry":{"type":"Point","coordinates":[100.596604,13.645016]},"properties":{"@id":"node/7781303392","monorail":"yes","name":"สำโรง","name:en":"Samrong","name:th":"สำโรง","operator":"อีสเทิร์นบางกอกโมโนเรล","operator:en":"Eastern Bangkok Monorail","operator:th":"อีสเทิร์นบางกอกโมโนเรล","public_transport":"station","railway":"station","ref":"YL23","station":"monorail","wikidata":"Q29068277","wikipedia":"th:สถานีสำโรง"},"id":"node/7781303392"},{"type":"Feature","geometry":{"type":"Point","coordinates":[100.564127,13.750029]},"properties":{"@id":"node/7787093465","name":"อโศก","name:en":"Asok","name:th":"อโศก","public_transport":"station","railway":"halt","railway:ref":"อโ","railway:station_category":"ป้ายหยุดรถ","ref":"อโ.","ref:station":"3105","train":"yes"},"id":"node/7787093465"},{"type":"Feature","geometry":{"type":"Point","coordinates":[100.541873,13.755085]},"properties":{"@id":"node/7787093466","name":"ราชปรารภ","name:en":"Ratchaprarop","name:ja":"ラチャプラロップ","name:th":"ราชปรารภ","public_transport":"station","railway":"halt","ref":"รป.","train":"yes","wikidata":"Q109128207"},"id":"node/7787093466"},{"type":"Feature","geometry":{"type":"Point","coordinates":[100.526306,13.758575]},"properties":{"@id":"node/7787093467","name":"อุรุพงษ์","name:en":"Uruphong","name:ja":"ウルポン","name:th":"อุรุพงษ์","public_transport":"station","railway":"halt","railway:ref":"รุ","railway:station_category":"ป้ายหยุดรถ","ref":"รุ.","ref:station":"3102","train":"yes","wikidata":"Q16304392"},"id":"node/7787093467"},{"type":"Feature","geometry":{"type":"Point","coordinates":[100.472582,13.763179]},"properties":{"@id":"node/7787093469","name":"จรัลสนิทวงศ์","name:en":"Charan Sanitwong","name:th":"จรัลสนิทวงศ์","operator":"การรถไฟแห่งประเทศไทย","public_transport":"station","railway":"halt","railway:ref":"รว","ref":"รว.","train":"yes","wikidata":"Q16271177","wikipedia":"th:ป้ายหยุดรถไฟจรัญสนิทวงศ์"},"id":"node/7787093469"},{"type":"Feature","geometry":{"type":"Point","coordinates":[100.453511,13.778456]},"properties":{"@id":"node/7787093470","name":"บางระมาด","name:en":"Bang Ramat","name:th":"บางระมาด","public_transport":"station","railway":"halt","railway:ref":"รม","ref":"รม.","train":"yes","wikidata":"Q13015632"},"id":"node/7787093470"},{"type":"Feature","geometry":{"type":"Point","coordinates":[100.549474,13.826618]},"properties":{"@id":"node/7787093471","name":"จตุจักร","name:en":"Chatuchak","name:th":"จตุจักร","network":"รถไฟฟ้าชานเมือง สายสีแดง","network:en":"SRT Red Lines","network:th":"รถไฟฟ้าชานเมือง สายสีแดง","network:wikidata":"Q2542280","operator":"การรถไฟแห่งประเทศไทย","public_transport":"station","railway":"station","railway:ref":"RN02","ref":"RN02","train":"yes","wikidata":"Q108596671","wikipedia":"th:สถานีจตุจักร"},"id":"node/7787093471"},{"type":"Feature","geometry":{"type":"Point","coordinates":[100.557499,13.841593]},"properties":{"@id":"node/7787093472","name":"วัดเสมียนนารี","name:en":"Wat Samian Nari","name:th":"วัดเสมียนนารี","network":"รถไฟฟ้าชานเมือง สายสีแดง","network:en":"SRT Red Lines","network:th":"รถไฟฟ้าชานเมือง สายสีแดง","network:wikidata":"Q2542280","operator":"การรถไฟแห่งประเทศไทย","public_transport":"station","railway":"station","railway:ref":"RN03","ref":"RN03","train":"yes","wikidata":"Q108596711","wikipedia":"th:สถานีวัดเสมียนนารี"},"id":"node/7787093472"},{"type":"Feature","geometry":{"type":"Point","coordinates":[100.561672,13.849366]},"properties":{"@id":"node/7787093474","name":"บางเขน","name:en":"Bang Khen","name:th":"บางเขน","network":"รถไฟฟ้าชานเมือง สายสีแดง","network:en":"SRT Red Lines","network:th":"รถไฟฟ้าชานเมือง สายสีแดง","network:wikidata":"Q2542280","operator":"การรถไฟแห่งประเทศไทย","public_transport":"station","railway":"station","railway:ref":"RN04","ref":"RN04","train":"yes","wikidata":"Q6633329","wikipedia":"th:สถานีบางเขน"},"id":"node/7787093474"},{"type":"Feature","geometry":{"type":"Point","coordinates":[100.567531,13.860206]},"properties":{"@id":"node/7787093475","name":"ทุ่งสองห้อง","name:en":"Thung Song Hong","name:th":"ทุ่งสองห้อง","network":"รถไฟฟ้าชานเมือง สายสีแดง","network:en":"SRT Red Lines","network:th":"รถไฟฟ้าชานเมือง สายสีแดง","network:wikidata":"Q2542280","operator":"การรถไฟแห่งประเทศไทย","public_transport":"station","railway":"station","railway:ref":"RN05","ref":"RN05","train":"yes","wikidata":"Q100635380","wikipedia":"th:สถานีทุ่งสองห้อง"},"id":"node/7787093475"},{"type":"Feature","geometry":{"type":"Point","coordinates":[100.581936,13.886314]},"properties":{"@id":"node/7787093476","name":"หลักสี่","name:en":"Lak Si","name:th":"หลักสี่","network":"รถไฟฟ้าชานเมือง สายสีแดง","network:en":"SRT Red Lines","network:th":"รถไฟฟ้าชานเมือง สายสีแดง","network:wikidata":"Q2542280","operator":"การรถไฟแห่งประเทศไทย","public_transport":"station","railway":"station","railway:ref":"RN06","ref":"RN06","train":"yes","wikidata":"Q6633446"},"id":"node/7787093476"},{"type":"Feature","geometry":{"type":"Point","coordinates":[100.588873,13.898657]},"properties":{"@id":"node/7787093477","name":"การเคหะ","name:en":"Kan Kheha","name:th":"การเคหะ","network":"รถไฟฟ้าชานเมือง สายสีแดง","network:en":"SRT Red Lines","network:th":"รถไฟฟ้าชานเมือง สายสีแดง","network:wikidata":"Q2542280","operator":"การรถไฟแห่งประเทศไทย","public_transport":"station","railway":"station","railway:ref":"RN07","ref":"RN07","train":"yes","wikidata":"Q107751653","wikipedia":"th:สถานีการเคหะ"},"id":"node/7787093477"},{"type":"Feature","geometry":{"type":"Point","coordinates":[100.597869,13.914688]},"properties":{"@id":"node/7787093478","name":"ดอนเมือง","name:en":"Don Muang","name:th":"ดอนเมือง","network":"รถไฟฟ้าชานเมือง สายสีแดง;การรถไฟแห่งประเทศไทย","network:en":"SRT Red Lines;State Railway of Thailand","network:th":"รถไฟฟ้าชานเมือง สายสีแดง;การรถไฟแห่งประเทศไทย","network:wikidata":"Q2542280;Q2165702","operator":"การรถไฟแห่งประเทศไทย","public_transport":"station","railway":"station","railway:ref":"ดม;RN08","railway:station_category":"1","ref":"RN08","ref:station":"1017","train":"yes","wikidata":"Q35596136","wikipedia":"th:สถานีดอนเมือง"},"id":"node/7787093478"},{"type":"Feature","geometry":{"type":"Point","coordinates":[100.605375,13.965723]},"properties":{"@id":"node/7787093479","name":"หลักหก (ม.รังสิต)","name:en":"Lak Hok (Rangsit U.)","network":"รถไฟฟ้าชานเมือง สายสีแดง","network:en":"SRT Red Lines","network:th":"รถไฟฟ้าชานเมือง สายสีแดง","network:wikidata":"Q2542280","operator":"การรถไฟแห่งประเทศไทย","public_transport":"station","railway":"station","railway:ref":"RN09","ref":"RN09","train":"yes","wikidata":"Q100631366","wikipedia":"th:สถานีหลักหก"},"id":"node/7787093479"},{"type":"Feature","geometry":{"type":"Point","coordinates":[100.420598,13.799161]},"properties":{"@id":"node/7892607486","name":"บ้านฉิมพลี","name:en":"Ban Chimphli","public_transport":"station","railway":"halt","railway:ref":"ฉพ","ref":"ฉพ.","train":"yes","wikidata":"Q13015630"},"id":"node/7892607486"},{"type":"Feature","geometry":{"type":"Point","coordinates":[100.395024,13.800051]},"properties":{"@id":"node/7892607487","name":"พุทธมณฑลสาย 2","name:en":"Phutthamonthon Sai 2","public_transport":"station","railway":"halt","railway:ref":"ทล","ref":"ทล.","train":"yes","wikidata":"Q13015636"},"id":"node/7892607487"},{"type":"Feature","geometry":{"type":"Point","coordinates":[100.598065,14.023168]},"properties":{"@id":"node/7892607490","name":"คลองหนึ่ง","name:en":"Khlong Nueng","name:th":"คลองหนึ่ง","operator":"การรถไฟแห่งประเทศไทย","public_transport":"station","railway":"halt","railway:ref":"ลห","railway:station_category":"ป้ายหยุดรถ","ref":"ลห.","ref:station":"1223","train":"yes","wikidata":"Q100604998"},"id":"node/7892607490"},{"type":"Feature","geometry":{"type":"Point","coordinates":[100.588538,14.079379]},"properties":{"@id":"node/7892607491","name":"มหาวิทยาลัยธรรมศาสตร์","name:en":"Thammasat University","name:th":"มหาวิทยาลัยธรรมศาสตร์","operator":"การรถไฟแห่งประเทศไทย","public_transport":"station","railway":"halt","railway:ref":"ธส","railway:station_category":"ที่หยุดรถ","ref":"ธส.","ref:station":"1230","train":"yes","wikidata":"Q100604976"},"id":"node/7892607491"},{"type":"Feature","geometry":{"type":"Point","coordinates":[100.584002,14.114653]},"properties":{"@id":"node/7892607492","name":"นวนคร","name:en":"Nawa Nakhon","name:th":"นวนคร","operator":"การรถไฟแห่งประเทศไทย","public_transport":"station","railway":"halt","railway:ref":"วะ","railway:station_category":"ที่หยุดรถ","ref":"วะ.","ref:station":"1023","train":"yes","wikidata":"Q100604971"},"id":"node/7892607492"},{"type":"Feature","geometry":{"type":"Point","coordinates":[100.28881,13.551665]},"properties":{"@id":"node/7896595817","name":"คลองจาก","name:en":"Khlong Chak","name:th":"คลองจาก","operator":"การรถไฟแห่งประเทศไทย","public_transport":"station","railway":"halt","railway:ref":"ลจ","ref":"ลจ.","train":"yes","wikidata":"Q13021673"},"id":"node/7896595817"},{"type":"Feature","geometry":{"type":"Point","coordinates":[100.986127,14.134319]},"properties":{"@id":"node/7896595828","addr:city":"อำเภอองครักษ์ จังหวัดนครนายก","addr:housenumber":"99/9 หมู่ 2 ตำบลบางปลากด","addr:postcode":"26120","addr:street":"ถนนรังสิต-นครนายก","name":"องครักษ์","name:en":"Ongkharak","public_transport":"station","railway":"station","railway:ref":"อษ","railway:station_category":"3","ref":"อษ.","ref:station":"3118","train":"yes"},"id":"node/7896595828"},{"type":"Feature","geometry":{"type":"Point","coordinates":[101.094369,13.808915]},"properties":{"@id":"node/7896595831","name":"โพรงอากาศ","name:en":"Phrong Akat","public_transport":"station","railway":"halt","railway:ref":"โก","railway:station_category":"ที่หยุดรถ","ref":"โก.","ref:station":"3053","train":"yes"},"id":"node/7896595831"},{"type":"Feature","geometry":{"type":"Point","coordinates":[100.723483,13.803544]},"properties":{"@id":"node/7947495107","construction":"station","name":"เคหะรามคำแหง","name:en":"Keha Ramkhamhaeng","name:th":"เคหะรามคำแหง","public_transport":"station","railway":"construction","ref":"OR27","station":"subway","subway":"yes"},"id":"node/7947495107"},{"type":"Feature","geometry":{"type":"Point","coordinates":[100.503716,13.721055]},"properties":{"@id":"node/7947551368","monorail":"yes","name":"กรุงธนบุรี","name:en":"Krung Thon Buri","name:th":"กรุงธนบุรี","network":"BTS","operator":"กรุงเทพธนาคม","public_transport":"stop_position","railway":"stop","ref":"2","station":"monorail"},"id":"node/7947551368"},{"type":"Feature","geometry":{"type":"Point","coordinates":[100.503715,13.721106]},"properties":{"@id":"node/7947551369","monorail":"yes","name":"กรุงธนบุรี","name:en":"Krung Thon Buri","name:ja":"クルントンブリー","name:th":"กรุงธนบุรี","network":"BTS","operator":"กรุงเทพธนาคม","public_transport":"station","railway":"station","ref":"G1","wikidata":"Q11299499","wikipedia":"th:สถานีกรุงธนบุรี"},"id":"node/7947551369"},{"type":"Feature","geometry":{"type":"Point","coordinates":[100.282099,13.548618]},"properties":{"@id":"node/8093933514","internet_access":"no","name":"นิคมรถไฟมหาชัย","name:en":"Nikhom Rotfai Maha Chai","name:th":"นิคมรถไฟมหาชัย","operator":"การรถไฟแห่งประเทศไทย","public_transport":"station","railway":"halt","train":"yes","wikidata":"Q137787490"},"id":"node/8093933514"},{"type":"Feature","geometry":{"type":"Point","coordinates":[100.47264,13.712541]},"properties":{"@id":"node/8093957526","name":"วุฒากาศ","name:en":"Wutthakat","name:th":"วุฒากาศ","operator":"การรถไฟแห่งประเทศไทย","public_transport":"station","railway":"halt","train":"yes","wikidata":"Q137785620"},"id":"node/8093957526"},{"type":"Feature","geometry":{"type":"Point","coordinates":[100.041321,13.823887]},"properties":{"@id":"node/8106124445","name":"พระราชวังสนามจันทร์","name:en":"Sanam Chandra Palace","name:th":"พระราชวังสนามจันทร์","public_transport":"station","railway":"halt","ref":"สจ.","train":"yes","wikidata":"Q16271187"},"id":"node/8106124445"},{"type":"Feature","geometry":{"type":"Point","coordinates":[100.646523,13.932366]},"properties":{"@id":"node/8214007176","name":"คูคต","name:en":"Khu Khot","name:th":"คูคต","opening_date":"2020-12-16","operator":"กรุงเทพธนาคม","public_transport":"station","railway":"station","ref":"N24","station":"subway","subway":"yes","wikidata":"Q66103267","wikipedia":"th:สถานีคูคต"},"id":"node/8214007176"},{"type":"Feature","geometry":{"type":"Point","coordinates":[101.076805,13.693297]},"properties":{"@id":"node/8286467706","name":"แปดริ้ว","name:en":"Paet Rio","name:th":"แปดริ้ว","network":"การรถไฟแห่งประเทศไทย","network:en":"State Railway of Thailand","network:th":"การรถไฟแห่งประเทศไทย","network:wikidata":"Q2165702","public_transport":"station","railway":"station","railway:ref":"แร","railway:ref:en":"PAR","railway:station_category":"ที่หยุดรถ","ref":"แร.","ref:station":"3025","train":"yes"},"id":"node/8286467706"},{"type":"Feature","geometry":{"type":"Point","coordinates":[100.574785,13.806983]},"properties":{"@id":"node/8717933838","monorail":"yes","name":"ลาดพร้าว","name:en":"Lat Phrao","name:th":"ลาดพร้าว","name:zh":"叻抛","operator":"อีสเทิร์นบางกอกโมโนเรล","operator:en":"Eastern Bangkok Monorail","operator:th":"อีสเทิร์นบางกอกโมโนเรล","public_transport":"station","railway":"station","station":"monorail","wikidata":"Q4923372","wikipedia":"th:สถานีลาดพร้าว"},"id":"node/8717933838"},{"type":"Feature","geometry":{"type":"Point","coordinates":[100.739025,13.813289]},"properties":{"@id":"node/8730762307","construction":"station","name":"แยกร่มเกล้า","name:en":"Yaek Rom Klao","name:th":"แยกร่มเกล้า","operator":"ทางด่วนและรถไฟฟ้ากรุงเทพ","public_transport":"station","railway":"construction","station":"subway","subway":"yes"},"id":"node/8730762307"},{"type":"Feature","geometry":{"type":"Point","coordinates":[100.733043,13.810032]},"properties":{"@id":"node/8730762313","construction":"station","name":"มีนบุรี","name:en":"Min Buri","name:th":"มีนบุรี","operator":"ทางด่วนและรถไฟฟ้ากรุงเทพ","public_transport":"station","railway":"construction","station":"subway","subway":"yes"},"id":"node/8730762313"},{"type":"Feature","geometry":{"type":"Point","coordinates":[101.127111,13.938625]},"properties":{"@id":"node/8791213688","name":"คลองยี่สิบเอ็ด","name:en":"Klong Yi Sib Et","public_transport":"station","railway":"halt","railway:ref":"เอ","railway:station_category":"ที่หยุดรถ","ref":"เอ.","ref:station":"3058","train":"yes"},"id":"node/8791213688"},{"type":"Feature","geometry":{"type":"Point","coordinates":[100.541711,13.804031]},"properties":{"@id":"node/8986366369","addr:city":"แขวงจตุจักร","addr:district":"จตุจักร","addr:housenumber":"336","addr:postcode":"10900","addr:province":"กรุงเทพมหานคร","addr:street":"ถนนเทอดดำริ","addr:subdistrict":"จตุจักร","alt_name":"สถานีกลางบางซื่อ","alt_name:en":"Bang Sue Grand Station","alt_name:th":"สถานีกลางบางซื่อ","name":"กรุงเทพอภิวัฒน์","name:en":"Krung Thep Aphiwat","name:ka":"クルンテープ・アピワット","name:ko":"끄룽텝 아피왓 중앙역","name:th":"กรุงเทพอภิวัฒน์","name:zh":"邦似中央车站","network":"การรถไฟแห่งประเทศไทย","network:en":"State Railway of Thailand","network:th":"การรถไฟแห่งประเทศไทย","network:wikidata":"Q2165702","official_name":"สถานีกลางกรุงเทพอภิวัฒน์","official_name:en":"Krung Thep Aphiwat Central Terminal","official_name:th":"สถานีกลางกรุงเทพอภิวัฒน์","operator":"การรถไฟแห่งประเทศไทย","public_transport":"station","railway":"station","railway:ref":"กภ","railway:station_category":"1","ref":"กภ.","train":"yes","wheelchair":"yes","wikidata":"Q23925684","wikipedia":"th:สถานีกลางกรุงเทพอภิวัฒน์"},"id":"node/8986366369"},{"type":"Feature","geometry":{"type":"Point","coordinates":[100.534213,13.822133]},"properties":{"@id":"node/8990382534","name":"บางซ่อน","name:en":"Bang Son","name:th":"บางซ่อน","public_transport":"station","railway":"station","ref":"ซอ;RW02","train":"yes","wikidata":"Q23869363","wikipedia":"en:Bang Son railway station"},"id":"node/8990382534"},{"type":"Feature","geometry":{"type":"Point","coordinates":[101.081113,13.462977]},"properties":{"@id":"node/9218260604","name":"พานทอง","name:en":"Phan Thong","network":"การรถไฟแห่งประเทศไทย","network:en":"State Railway of Thailand","network:th":"การรถไฟแห่งประเทศไทย","network:wikidata":"Q2165702","public_transport":"station","railway":"station","railway:ref":"งท","railway:ref:en":"PHT","railway:station_category":"3","ref":"งท.","ref:station":"3029","train":"yes"},"id":"node/9218260604"},{"type":"Feature","geometry":{"type":"Point","coordinates":[101.102,13.850057]},"properties":{"@id":"node/9218260609","name":"บางน้ำเปรี้ยว","name:en":"Bang Nam Priao","public_transport":"station","railway":"station","railway:ref":"บย","railway:station_category":"3","ref":"บย.","ref:station":"3055","train":"yes"},"id":"node/9218260609"},{"type":"Feature","geometry":{"type":"Point","coordinates":[101.113812,13.907221]},"properties":{"@id":"node/9218260610","name":"ชุมทางคลองสิบเก้า","name:en":"Khlong Sip Kao Junction","name:th":"ชุมทางคลองสิบเก้า","public_transport":"station","railway":"station","railway:ref":"สเ.","railway:station_category":"3","ref":"สเ","ref:station":"3057","srt_code":"KSI","train":"yes","wikidata":"Q6633272"},"id":"node/9218260610"},{"type":"Feature","geometry":{"type":"Point","coordinates":[100.675879,13.778291]},"properties":{"@id":"node/9697484713","construction":"station","name":"สัมมากร","name:en":"Sammakorn","name:th":"สัมมากร","operator":"ทางด่วนและรถไฟฟ้ากรุงเทพ","public_transport":"station","railway":"construction","station":"subway","subway":"yes"},"id":"node/9697484713"},{"type":"Feature","geometry":{"type":"Point","coordinates":[100.609896,13.636727]},"properties":{"@id":"node/9734008618","monorail":"yes","name":"ทิพวัล","name:en":"Thipphawan","name:th":"ทิพวัล","operator":"อีสเทิร์นบางกอกโมโนเรล","operator:en":"Eastern Bangkok Monorail","operator:th":"อีสเทิร์นบางกอกโมโนเรล","public_transport":"station","railway":"station","station":"monorail","wikidata":"Q119009751","wikipedia":"th:สถานีทิพวัล"},"id":"node/9734008618"},{"type":"Feature","geometry":{"type":"Point","coordinates":[100.622688,13.629843]},"properties":{"@id":"node/9734008619","monorail":"yes","name":"ศรีเทพา","name:en":"Si Thepha","name:th":"ศรีเทพา","operator":"อีสเทิร์นบางกอกโมโนเรล","operator:en":"Eastern Bangkok Monorail","operator:th":"อีสเทิร์นบางกอกโมโนเรล","public_transport":"station","railway":"station","station":"monorail","wikidata":"Q119009797","wikipedia":"th:สถานีศรีเทพา"},"id":"node/9734008619"},{"type":"Feature","geometry":{"type":"Point","coordinates":[100.510121,13.728861]},"properties":{"@id":"node/10599332769","historic:railway":"station","name":"สถานีปากคลองสาน","name:en":"Pak Khlong San","name:th":"สถานีปากคลองสาน","public_transport":"station","railway":"site","train":"yes","wikidata":"Q13021737","wikipedia":"th:สถานีรถไฟปากคลองสาน"},"id":"node/10599332769"},{"type":"Feature","geometry":{"type":"Point","coordinates":[100.48669,13.75982]},"properties":{"@id":"node/10610358534","historic:railway":"station","name":"ธนบุรี (เดิม)","name:en":"Thonburi (Original)","name:th":"ธนบุรี (เดิม)","public_transport":"station","railway":"site","train":"yes","wikidata":"Q130198","wikipedia":"th:พิพิธภัณฑ์ศิริราชพิมุขสถาน"},"id":"node/10610358534"},{"type":"Feature","geometry":{"type":"Point","coordinates":[100.63011,13.633102]},"properties":{"@id":"node/10830450760","monorail":"yes","name":"ศรีด่าน","name:en":"Si Dan","name:th":"ศรีด่าน","operator":"อีสเทิร์นบางกอกโมโนเรล","operator:en":"Eastern Bangkok Monorail","operator:th":"อีสเทิร์นบางกอกโมโนเรล","public_transport":"station","railway":"station","ref":"YL20","station":"monorail","wikidata":"Q119009914","wikipedia":"th:สถานีศรีด่าน"},"id":"node/10830450760"},{"type":"Feature","geometry":{"type":"Point","coordinates":[100.636274,13.643491]},"properties":{"@id":"node/10830450761","monorail":"yes","name":"ศรีแบริ่ง","name:en":"Si Bearing","name:th":"ศรีแบริ่ง","operator":"อีสเทิร์นบางกอกโมโนเรล","operator:en":"Eastern Bangkok Monorail","operator:th":"อีสเทิร์นบางกอกโมโนเรล","public_transport":"station","railway":"station","ref":"YL19","station":"monorail","wikidata":"Q119009970","wikipedia":"th:สถานีศรีแบริ่ง"},"id":"node/10830450761"},{"type":"Feature","geometry":{"type":"Point","coordinates":[100.642161,13.654975]},"properties":{"@id":"node/10830450762","monorail":"yes","name":"ศรีลาซาล","name:en":"Si La Salle","name:th":"ศรีลาซาล","operator":"อีสเทิร์นบางกอกโมโนเรล","operator:en":"Eastern Bangkok Monorail","operator:th":"อีสเทิร์นบางกอกโมโนเรล","public_transport":"station","railway":"station","ref":"YL18","station":"monorail","wikidata":"Q119010023","wikipedia":"th:สถานีศรีลาซาล"},"id":"node/10830450762"},{"type":"Feature","geometry":{"type":"Point","coordinates":[100.645068,13.667686]},"properties":{"@id":"node/10830450763","monorail":"yes","name":"ศรีเอี่ยม","name:en":"Si Iam","name:th":"ศรีเอี่ยม","operator":"อีสเทิร์นบางกอกโมโนเรล","operator:en":"Eastern Bangkok Monorail","operator:th":"อีสเทิร์นบางกอกโมโนเรล","public_transport":"station","railway":"station","ref":"YL17","station":"monorail","wikidata":"Q119010023","wikipedia":"th:สถานีศรีลาซาล"},"id":"node/10830450763"},{"type":"Feature","geometry":{"type":"Point","coordinates":[100.646171,13.676638]},"properties":{"@id":"node/10867419319","monorail":"yes","name":"ศรีอุดม","name:en":"Si Udom","name:th":"ศรีอุดม","operator":"อีสเทิร์นบางกอกโมโนเรล","operator:en":"Eastern Bangkok Monorail","operator:th":"อีสเทิร์นบางกอกโมโนเรล","public_transport":"station","railway":"station","station":"monorail","wikidata":"Q119010086","wikipedia":"th:สถานีศรีอุดม"},"id":"node/10867419319"},{"type":"Feature","geometry":{"type":"Point","coordinates":[100.647103,13.690864]},"properties":{"@id":"node/10867419320","monorail":"yes","name":"สวนหลวง ร.9","name:en":"Suan Luang Rama IX","name:th":"สวนหลวง ร.9","operator":"อีสเทิร์นบางกอกโมโนเรล","operator:en":"Eastern Bangkok Monorail","operator:th":"อีสเทิร์นบางกอกโมโนเรล","public_transport":"station","railway":"station","ref":"YL15","station":"monorail","wikidata":"Q119010410","wikipedia":"th:สถานีสวนหลวง ร.9"},"id":"node/10867419320"},{"type":"Feature","geometry":{"type":"Point","coordinates":[100.646473,13.701122]},"properties":{"@id":"node/10867419321","monorail":"yes","name":"ศรีนครินทร์ 38","name:en":"Srinagarindra 38","name:th":"ศรีนครินทร์ 38","operator":"อีสเทิร์นบางกอกโมโนเรล","operator:en":"Eastern Bangkok Monorail","operator:th":"อีสเทิร์นบางกอกโมโนเรล","public_transport":"station","railway":"station","ref":"YL14","station":"monorail","wikidata":"Q119010493","wikipedia":"th:สถานีศรีนครินทร์ 38"},"id":"node/10867419321"},{"type":"Feature","geometry":{"type":"Point","coordinates":[100.644196,13.711097]},"properties":{"@id":"node/10867419322","monorail":"yes","name":"ศรีนุช","name:en":"Si Nut","name:th":"ศรีนุช","operator":"อีสเทิร์นบางกอกโมโนเรล","operator:en":"Eastern Bangkok Monorail","operator:th":"อีสเทิร์นบางกอกโมโนเรล","public_transport":"station","railway":"station","ref":"YL13","station":"monorail","wikidata":"Q119010548","wikipedia":"th:สถานีศรีนุช"},"id":"node/10867419322"},{"type":"Feature","geometry":{"type":"Point","coordinates":[100.64178,13.725271]},"properties":{"@id":"node/10867419323","monorail":"yes","name":"กลันตัน","name:en":"Kalantan","name:th":"กลันตัน","operator":"อีสเทิร์นบางกอกโมโนเรล","operator:en":"Eastern Bangkok Monorail","operator:th":"อีสเทิร์นบางกอกโมโนเรล","public_transport":"station","railway":"station","ref":"YL12","station":"monorail","wikidata":"Q119010700","wikipedia":"th:สถานีกลันตัน"},"id":"node/10867419323"},{"type":"Feature","geometry":{"type":"Point","coordinates":[100.641138,13.736148]},"properties":{"@id":"node/10867419324","monorail":"yes","name":"หัวหมาก","name:en":"Hua Mak","name:th":"หัวหมาก","operator":"อีสเทิร์นบางกอกโมโนเรล","operator:en":"Eastern Bangkok Monorail","operator:th":"อีสเทิร์นบางกอกโมโนเรล","public_transport":"station","railway":"station","ref":"YL11","station":"monorail","wikidata":"Q109130566","wikipedia":"th:สถานีหัวหมาก"},"id":"node/10867419324"},{"type":"Feature","geometry":{"type":"Point","coordinates":[100.644788,13.750411]},"properties":{"@id":"node/10867419325","monorail":"yes","name":"ศรีกรีฑา","name:en":"Si Kritha","name:th":"ศรีกรีฑา","operator":"อีสเทิร์นบางกอกโมโนเรล","operator:en":"Eastern Bangkok Monorail","operator:th":"อีสเทิร์นบางกอกโมโนเรล","public_transport":"station","railway":"station","ref":"YL10","station":"monorail","wikidata":"Q119722574","wikipedia":"th:สถานีศรีกรีฑา"},"id":"node/10867419325"},{"type":"Feature","geometry":{"type":"Point","coordinates":[100.645572,13.761819]},"properties":{"@id":"node/10867419326","monorail":"yes","name":"แยกลำสาลี","name:en":"Yaek Lam Sali","name:th":"แยกลำสาลี","operator":"อีสเทิร์นบางกอกโมโนเรล","operator:en":"Eastern Bangkok Monorail","operator:th":"อีสเทิร์นบางกอกโมโนเรล","public_transport":"station","railway":"station","ref":"YL09","station":"monorail","wikidata":"Q119722811","wikipedia":"th:สถานีแยกลำสาลี"},"id":"node/10867419326"},{"type":"Feature","geometry":{"type":"Point","coordinates":[100.639769,13.769076]},"properties":{"@id":"node/10867419327","monorail":"yes","name":"บางกะปิ","name:en":"Bang Kapi","name:th":"บางกะปิ","operator":"อีสเทิร์นบางกอกโมโนเรล","operator:en":"Eastern Bangkok Monorail","operator:th":"อีสเทิร์นบางกอกโมโนเรล","public_transport":"station","railway":"station","ref":"YL08","station":"monorail","wikidata":"Q119723016","wikipedia":"th:สถานีบางกะปิ"},"id":"node/10867419327"},{"type":"Feature","geometry":{"type":"Point","coordinates":[100.629842,13.774633]},"properties":{"@id":"node/10867419328","monorail":"yes","name":"ลาดพร้าว 101","name:en":"Lat Phrao 101","name:th":"ลาดพร้าว 101","network":"MRT","operator":"อีสเทิร์นบางกอกโมโนเรล","operator:en":"Eastern Bangkok Monorail","operator:th":"อีสเทิร์นบางกอกโมโนเรล","public_transport":"station","railway":"station","ref":"YL07","station":"monorail","wikidata":"Q119726019","wikipedia":"th:สถานีลาดพร้าว 101"},"id":"node/10867419328"},{"type":"Feature","geometry":{"type":"Point","coordinates":[100.62316,13.778368]},"properties":{"@id":"node/10867419329","monorail":"yes","name":"มหาดไทย","name:en":"Mahatthai","name:th":"มหาดไทย","operator":"อีสเทิร์นบางกอกโมโนเรล","operator:en":"Eastern Bangkok Monorail","operator:th":"อีสเทิร์นบางกอกโมโนเรล","public_transport":"station","railway":"station","ref":"YL06","station":"monorail","wikidata":"Q119723149","wikipedia":"th:สถานีมหาดไทย"},"id":"node/10867419329"},{"type":"Feature","geometry":{"type":"Point","coordinates":[100.584195,13.800164]},"properties":{"@id":"node/10867419330","monorail":"yes","name":"ภาวนา","name:en":"Phawana","name:th":"ภาวนา","operator":"อีสเทิร์นบางกอกโมโนเรล","operator:en":"Eastern Bangkok Monorail","operator:th":"อีสเทิร์นบางกอกโมโนเรล","public_transport":"station","railway":"station","ref":"YL02","station":"monorail","wikidata":"Q16307526","wikipedia":"th:สถานีภาวนา"},"id":"node/10867419330"},{"type":"Feature","geometry":{"type":"Point","coordinates":[100.59443,13.794425]},"properties":{"@id":"node/10867419331","monorail":"yes","name":"โชคชัย 4","name:en":"Chok Chai 4","name:th":"โชคชัย 4","operator":"อีสเทิร์นบางกอกโมโนเรล","operator:en":"Eastern Bangkok Monorail","operator:th":"อีสเทิร์นบางกอกโมโนเรล","public_transport":"station","railway":"station","ref":"YL03","station":"monorail","wikidata":"Q108004772","wikipedia":"th:สถานีโชคชัย 4"},"id":"node/10867419331"},{"type":"Feature","geometry":{"type":"Point","coordinates":[100.607573,13.787092]},"properties":{"@id":"node/10867419332","monorail":"yes","name":"ลาดพร้าว 71","name:en":"Lat Phrao 71","name:th":"ลาดพร้าว 71","operator":"อีสเทิร์นบางกอกโมโนเรล","operator:en":"Eastern Bangkok Monorail","operator:th":"อีสเทิร์นบางกอกโมโนเรล","public_transport":"station","railway":"station","ref":"YL04","station":"monorail","wikidata":"Q119723265","wikipedia":"th:สถานีลาดพร้าว 71"},"id":"node/10867419332"},{"type":"Feature","geometry":{"type":"Point","coordinates":[100.613658,13.7837]},"properties":{"@id":"node/10867419333","monorail":"yes","name":"ลาดพร้าว 83","name:en":"Lat Phrao 83","name:th":"ลาดพร้าว 83","operator":"อีสเทิร์นบางกอกโมโนเรล","operator:en":"Eastern Bangkok Monorail","operator:th":"อีสเทิร์นบางกอกโมโนเรล","public_transport":"station","railway":"station","ref":"YL05","station":"monorail","wikidata":"Q119723213","wikimedia_commons":"File:Lat Phrao 83 Station 04.jpg","wikipedia":"th:สถานีลาดพร้าว 83"},"id":"node/10867419333"},{"type":"Feature","geometry":{"type":"Point","coordinates":[100.639707,13.738239]},"properties":{"@id":"node/11052599118","name":"หัวหมาก","name:en":"Hua Mak","name:th":"หัวหมาก","network":"การรถไฟแห่งประเทศไทย","network:en":"State Railway of Thailand","network:th":"การรถไฟแห่งประเทศไทย","network:wikidata":"Q2165702","public_transport":"station","railway":"station","railway:ref":"หม","railway:ref:en":"HUM","railway:station_category":"1","ref":"หม.","ref:station":"3010","train":"yes","wikidata":"Q16307590"},"id":"node/11052599118"},{"type":"Feature","geometry":{"type":"Point","coordinates":[100.518116,13.859722]},"properties":{"@id":"node/11364308559","monorail":"yes","name":"ศูนย์ราชการนนทบุรี","name:en":"Nonthaburi Civic Center","name:th":"ศูนย์ราชการนนทบุรี","network":"MRT","operator":"นอร์ทเทิร์นบางกอกโมโนเรล","operator:en":"Northern Bangkok Monorail Company Limited","public_transport":"station","railway":"station","ref":"PK01","station":"monorail","wikidata":"Q25106308","wikipedia":"th:สถานีศูนย์ราชการนนทบุรี"},"id":"node/11364308559"},{"type":"Feature","geometry":{"type":"Point","coordinates":[100.520654,13.862659]},"properties":{"@id":"node/11364361871","monorail":"yes","name":"แคราย","name:en":"Khae Rai","name:th":"แคราย","network":"MRT","operator":"นอร์ทเทิร์นบางกอกโมโนเรล","operator:en":"Northern Bangkok Monorail Company Limited","public_transport":"station","railway":"station","ref":"PK02","station":"monorail","wikidata":"Q16307698","wikipedia":"th:สถานีแคราย"},"id":"node/11364361871"},{"type":"Feature","geometry":{"type":"Point","coordinates":[100.516321,13.874136]},"properties":{"@id":"node/11364361876","monorail":"yes","name":"สนามบินน้ำ","name:en":"Sanambin Nam","name:th":"สนามบินน้ำ","network":"MRT","operator":"นอร์ทเทิร์นบางกอกโมโนเรล","operator:en":"Northern Bangkok Monorail Company Limited","public_transport":"station","railway":"station","ref":"PK03","station":"monorail","wikidata":"Q13021842","wikipedia":"th:สถานีสนามบินน้ำ"},"id":"node/11364361876"},{"type":"Feature","geometry":{"type":"Point","coordinates":[100.505395,13.906199]},"properties":{"@id":"node/11364361877","monorail":"yes","name":"แยกปากเกร็ด","name:en":"Yaek Pak Kret","name:th":"แยกปากเกร็ด","network":"MRT","operator":"นอร์ทเทิร์นบางกอกโมโนเรล","operator:en":"Northern Bangkok Monorail Company Limited","public_transport":"station","railway":"station","ref":"PK06","station":"monorail","wikidata":"Q123537238","wikipedia":"th:สถานีแยกปากเกร็ด"},"id":"node/11364361877"},{"type":"Feature","geometry":{"type":"Point","coordinates":[100.510574,13.889278]},"properties":{"@id":"node/11364361878","monorail":"yes","name":"สามัคคี","name:en":"Samakkhi","name:th":"สามัคคี","network":"MRT","operator":"นอร์ทเทิร์นบางกอกโมโนเรล","operator:en":"Northern Bangkok Monorail Company Limited","public_transport":"station","railway":"station","ref":"PK04","station":"monorail","wikidata":"Q13021845","wikipedia":"th:สถานีสามัคคี"},"id":"node/11364361878"},{"type":"Feature","geometry":{"type":"Point","coordinates":[100.507089,13.898566]},"properties":{"@id":"node/11364361879","monorail":"yes","name":"กรมชลประทาน","name:en":"Royal Irrigation Department","name:th":"กรมชลประทาน","network":"MRT","operator":"นอร์ทเทิร์นบางกอกโมโนเรล","operator:en":"Northern Bangkok Monorail Company Limited","public_transport":"station","railway":"station","ref":"PK05","station":"monorail","wikidata":"Q123537197","wikipedia":"th:สถานีกรมชลประทาน"},"id":"node/11364361879"},{"type":"Feature","geometry":{"type":"Point","coordinates":[100.515577,13.906496]},"properties":{"@id":"node/11364361880","monorail":"yes","name":"เลี่ยงเมืองปากเกร็ด","name:en":"Pak Kret Bypass","name:th":"เลี่ยงเมืองปากเกร็ด","network":"MRT","operator":"นอร์ทเทิร์นบางกอกโมโนเรล","operator:en":"Northern Bangkok Monorail Company Limited","public_transport":"station","railway":"station","ref":"PK07","station":"monorail","wikidata":"Q123537262","wikipedia":"th:สถานีเลี่ยงเมืองปากเกร็ด"},"id":"node/11364361880"},{"type":"Feature","geometry":{"type":"Point","coordinates":[100.52926,13.904158]},"properties":{"@id":"node/11364361882","monorail":"yes","name":"แจ้งวัฒนะ-ปากเกร็ด 28","name:en":"Chaeng Watthana-Pak Kret 28","name:th":"แจ้งวัฒนะ-ปากเกร็ด 28","network":"MRT","operator":"นอร์ทเทิร์นบางกอกโมโนเรล","operator:en":"Northern Bangkok Monorail Company Limited","public_transport":"station","railway":"station","ref":"PK08","station":"monorail","wikidata":"Q123537277","wikipedia":"th:สถานีแจ้งวัฒนะ-ปากเกร็ด 28"},"id":"node/11364361882"},{"type":"Feature","geometry":{"type":"Point","coordinates":[100.540009,13.900574]},"properties":{"@id":"node/11364361916","monorail":"yes","name":"ศรีรัช","name:en":"Si Rat","name:th":"ศรีรัช","network":"MRT","operator":"นอร์ทเทิร์นบางกอกโมโนเรล","operator:en":"Northern Bangkok Monorail Company Limited","public_transport":"station","railway":"station","ref":"PK09","station":"monorail","wikidata":"Q16307483","wikipedia":"th:สถานีศรีรัช"},"id":"node/11364361916"},{"type":"Feature","geometry":{"type":"Point","coordinates":[100.548447,13.897428]},"properties":{"@id":"node/11364361947","monorail":"yes","name":"เมืองทองธานี","name:en":"Muang Thong Thani","name:th":"เมืองทองธานี","network":"MRT","operator":"นอร์ทเทิร์นบางกอกโมโนเรล","operator:en":"Northern Bangkok Monorail Company Limited","public_transport":"station","railway":"station","ref":"PK10","station":"monorail","wikidata":"Q123537334","wikipedia":"th:สถานีเมืองทองธานี"},"id":"node/11364361947"},{"type":"Feature","geometry":{"type":"Point","coordinates":[100.56015,13.893304]},"properties":{"@id":"node/11364361977","monorail":"yes","name":"แจ้งวัฒนะ 14","name:en":"Chaeng Watthana 14","name:th":"แจ้งวัฒนะ 14","network":"MRT","operator":"นอร์ทเทิร์นบางกอกโมโนเรล","operator:en":"Northern Bangkok Monorail Company Limited","public_transport":"station","railway":"station","ref":"PK11","station":"monorail","wikidata":"Q123537372","wikipedia":"th:สถานีแจ้งวัฒนะ 14"},"id":"node/11364361977"},{"type":"Feature","geometry":{"type":"Point","coordinates":[100.725838,13.812513]},"properties":{"@id":"node/11364411040","monorail":"yes","name":"ตลาดมีนบุรี","name:en":"Min Buri Market","name:th":"ตลาดมีนบุรี","network":"MRT","operator":"นอร์ทเทิร์นบางกอกโมโนเรล","public_transport":"station","railway":"station","ref":"PK29","station":"monorail","wikidata":"Q123537788","wikipedia":"th:สถานีตลาดมีนบุรี"},"id":"node/11364411040"},{"type":"Feature","geometry":{"type":"Point","coordinates":[100.567352,13.890765]},"properties":{"@id":"node/11364465363","monorail":"yes","name":"ศูนย์ราชการเฉลิมพระเกียรติ","name:en":"Government Complex","name:th":"ศูนย์ราชการเฉลิมพระเกียรติ","network":"MRT","operator":"นอร์ทเทิร์นบางกอกโมโนเรล","operator:en":"Northern Bangkok Monorail Company Limited","public_transport":"station","railway":"station","ref":"PK12","station":"monorail","wikidata":"Q123537386","wikipedia":"th:สถานีศูนย์ราชการเฉลิมพระเกียรติ"},"id":"node/11364465363"},{"type":"Feature","geometry":{"type":"Point","coordinates":[100.575714,13.887576]},"properties":{"@id":"node/11364501870","monorail":"yes","name":"โทรคมนาคมแห่งชาติ","name:en":"National Telecom","name:th":"โทรคมนาคมแห่งชาติ","network":"MRT","operator":"นอร์ทเทิร์นบางกอกโมโนเรล","operator:en":"Northern Bangkok Monorail Company Limited","public_transport":"station","railway":"station","ref":"PK13","station":"monorail","wikidata":"Q123537477","wikipedia":"th:สถานีโทรคมนาคมแห่งชาติ"},"id":"node/11364501870"},{"type":"Feature","geometry":{"type":"Point","coordinates":[100.582686,13.884079]},"properties":{"@id":"node/11364501879","monorail":"yes","name":"หลักสี่","name:en":"Lak Si","name:th":"หลักสี่","network":"MRT","operator":"นอร์ทเทิร์นบางกอกโมโนเรล","operator:en":"Northern Bangkok Monorail Company Limited","public_transport":"station","railway":"station","ref":"PK14","station":"monorail","wikidata":"Q6633446"},"id":"node/11364501879"},{"type":"Feature","geometry":{"type":"Point","coordinates":[100.597205,13.874362]},"properties":{"@id":"node/11364501913","monorail":"yes","name":"วัดพระศรีมหาธาตุ","name:en":"Wat Phra Sri Mahathat","name:th":"วัดพระศรีมหาธาตุ","network":"MRT","operator":"นอร์ทเทิร์นบางกอกโมโนเรล","operator:en":"Northern Bangkok Monorail Company Limited","public_transport":"station","railway":"station","ref":"PK16","station":"monorail","wikidata":"Q61357968","wikipedia":"th:สถานีวัดพระศรีมหาธาตุ"},"id":"node/11364501913"},{"type":"Feature","geometry":{"type":"Point","coordinates":[100.589296,13.879939]},"properties":{"@id":"node/11364501914","monorail":"yes","name":"ราชภัฏพระนคร","name:en":"Rajabhat Phranakhon","name:th":"ราชภัฏพระนคร","network":"MRT","operator":"นอร์ทเทิร์นบางกอกโมโนเรล","operator:en":"Northern Bangkok Monorail Company Limited","public_transport":"station","railway":"station","ref":"PK15","station":"monorail","wikidata":"Q16307599","wikipedia":"th:สถานีราชภัฏพระนคร"},"id":"node/11364501914"},{"type":"Feature","geometry":{"type":"Point","coordinates":[100.60262,13.870954]},"properties":{"@id":"node/11364501917","monorail":"yes","name":"รามอินทรา 3","name:en":"Ram Inthra 3","name:th":"รามอินทรา 3","network":"MRT","operator":"นอร์ทเทิร์นบางกอกโมโนเรล","operator:en":"Northern Bangkok Monorail Company Limited","public_transport":"station","railway":"station","ref":"PK17","station":"monorail","wikidata":"Q123537774","wikipedia":"th:สถานีรามอินทรา 3"},"id":"node/11364501917"},{"type":"Feature","geometry":{"type":"Point","coordinates":[100.617815,13.862796]},"properties":{"@id":"node/11364501918","monorail":"yes","name":"ลาดปลาเค้า","name:en":"Lat Pla Khao","name:th":"ลาดปลาเค้า","network":"MRT","operator":"นอร์ทเทิร์นบางกอกโมโนเรล","operator:en":"Northern Bangkok Monorail Company Limited","public_transport":"station","railway":"station","ref":"PK18","station":"monorail","wikidata":"Q123537777","wikipedia":"th:สถานีลาดปลาเค้า"},"id":"node/11364501918"},{"type":"Feature","geometry":{"type":"Point","coordinates":[100.626131,13.858312]},"properties":{"@id":"node/11364501919","monorail":"yes","name":"รามอินทรา กม.4","name:en":"Ram Inthra Kor Mor 4","name:th":"รามอินทรา กม.4","network":"MRT","operator":"นอร์ทเทิร์นบางกอกโมโนเรล","operator:en":"Northern Bangkok Monorail Company Limited","public_transport":"station","railway":"station","ref":"PK19","station":"monorail","wikidata":"Q123537779","wikipedia":"th:สถานีรามอินทรา กม.4"},"id":"node/11364501919"},{"type":"Feature","geometry":{"type":"Point","coordinates":[100.632226,13.855015]},"properties":{"@id":"node/11364501920","monorail":"yes","name":"มัยลาภ","name:en":"Maiyalap","name:th":"มัยลาภ","network":"MRT","operator":"นอร์ทเทิร์นบางกอกโมโนเรล","public_transport":"station","railway":"station","ref":"PK20","station":"monorail","wikidata":"Q123537780","wikipedia":"th:สถานีมัยลาภ"},"id":"node/11364501920"},{"type":"Feature","geometry":{"type":"Point","coordinates":[100.642879,13.849264]},"properties":{"@id":"node/11364501922","monorail":"yes","name":"วัชรพล","name:en":"Vacharaphol","name:th":"วัชรพล","network":"MRT","operator":"นอร์ทเทิร์นบางกอกโมโนเรล","public_transport":"station","railway":"station","ref":"PK21","station":"monorail","wikidata":"Q123537781","wikipedia":"th:สถานีวัชรพล"},"id":"node/11364501922"},{"type":"Feature","geometry":{"type":"Point","coordinates":[100.650244,13.845267]},"properties":{"@id":"node/11364501923","monorail":"yes","name":"รามอินทรา กม.6","name:en":"Ram Inthra Kor Mor 6","name:th":"รามอินทรา กม.6","network":"MRT","operator":"นอร์ทเทิร์นบางกอกโมโนเรล","operator:en":"Northern Bangkok Monorail Company Limited","public_transport":"station","railway":"station","ref":"PK22","station":"monorail","wikidata":"Q123537782","wikipedia":"th:สถานีรามอินทรา กม.6"},"id":"node/11364501923"},{"type":"Feature","geometry":{"type":"Point","coordinates":[100.667575,13.833787]},"properties":{"@id":"node/11364501927","monorail":"yes","name":"รามอินทรา กม.9","name:en":"Ram Inthra Kor Mor 9","name:th":"รามอินทรา กม.9","network":"MRT","operator":"นอร์ทเทิร์นบางกอกโมโนเรล","operator:en":"Northern Bangkok Monorail Company Limited","public_transport":"station","railway":"station","ref":"PK24","station":"monorail","wikidata":"Q123537784","wikipedia":"th:สถานีรามอินทรา กม.9"},"id":"node/11364501927"},{"type":"Feature","geometry":{"type":"Point","coordinates":[100.658787,13.840625]},"properties":{"@id":"node/11364501928","monorail":"yes","name":"คู้บอน","name:en":"Khu Bon","name:th":"คู้บอน","network":"MRT","operator":"นอร์ทเทิร์นบางกอกโมโนเรล","public_transport":"station","railway":"station","ref":"PK23","station":"monorail","wikidata":"Q123537783","wikipedia":"th:สถานีคู้บอน"},"id":"node/11364501928"},{"type":"Feature","geometry":{"type":"Point","coordinates":[100.67721,13.824453]},"properties":{"@id":"node/11364501929","monorail":"yes","name":"วงแหวนรามอินทรา","name:en":"Outer Ring Road-Ram Inthra","name:th":"วงแหวนรามอินทรา","network":"MRT","operator":"นอร์ทเทิร์นบางกอกโมโนเรล","operator:en":"Northern Bangkok Monorail Company Limited","public_transport":"station","railway":"station","ref":"PK25","station":"monorail","wikidata":"Q123537785","wikipedia":"th:สถานีวงแหวนรามอินทรา"},"id":"node/11364501929"},{"type":"Feature","geometry":{"type":"Point","coordinates":[100.702937,13.812724]},"properties":{"@id":"node/11364501940","monorail":"yes","name":"บางชัน","name:en":"Bang Chan","name:th":"บางชัน","network":"MRT","operator":"นอร์ทเทิร์นบางกอกโมโนเรล","operator:en":"Northern Bangkok Monorail Company Limited","public_transport":"station","railway":"station","ref":"PK27","station":"monorail","wikidata":"Q123537787","wikimedia_commons":"File:MRT Pink Line Bang Chan Station 20231203-1.jpg","wikipedia":"th:สถานีบางชัน"},"id":"node/11364501940"},{"type":"Feature","geometry":{"type":"Point","coordinates":[100.685651,13.816531]},"properties":{"@id":"node/11364501941","monorail":"yes","name":"นพรัตน์","name:en":"Nopparat","name:th":"นพรัตน์","network":"MRT","operator":"นอร์ทเทิร์นบางกอกโมโนเรล","operator:en":"Northern Bangkok Monorail Company Limited","public_transport":"station","railway":"station","ref":"PK26","station":"monorail","wikidata":"Q123537786","wikimedia_commons":"File:MRT Pink Line Nopparat Station 20231203-1.jpg","wikipedia":"th:สถานีนพรัตน์"},"id":"node/11364501941"},{"type":"Feature","geometry":{"type":"Point","coordinates":[100.712629,13.812694]},"properties":{"@id":"node/11364501942","monorail":"yes","name":"เศรษฐบุตรบำเพ็ญ","name:en":"Setthabutbamphen","name:th":"เศรษฐบุตรบำเพ็ญ","operator":"นอร์ทเทิร์นบางกอกโมโนเรล","public_transport":"station","railway":"station","ref":"PK28","station":"monorail","wikidata":"Q123470968","wikipedia":"th:สถานีเศรษฐบุตรบำเพ็ญ"},"id":"node/11364501942"},{"type":"Feature","geometry":{"type":"Point","coordinates":[100.732691,13.808414]},"properties":{"@id":"node/11364501951","monorail":"yes","name":"มีนบุรี","name:en":"Min Buri","name:th":"มีนบุรี","operator":"นอร์ทเทิร์นบางกอกโมโนเรล","public_transport":"station","railway":"station","ref":"PK30","station":"monorail","wikidata":"Q123537773","wikipedia":"th:สถานีมีนบุรี"},"id":"node/11364501951"},{"type":"Feature","geometry":{"type":"Point","coordinates":[100.529086,13.74651]},"properties":{"@id":"node/11505460640","name":"สนามกีฬาแห่งชาติ","name:en":"National Stadium","name:th":"สนามกีฬาแห่งชาติ","operator":"ระบบขนส่งมวลชนกรุงเทพ","operator:en":"Bangkok Mass Transit System;BTSC","public_transport":"station","railway":"station","ref":"W1","station":"subway","subway":"yes","wikidata":"Q1030167","wikipedia":"th:สถานีสนามกีฬาแห่งชาติ"},"id":"node/11505460640"},{"type":"Feature","geometry":{"type":"Point","coordinates":[100.824379,13.724805]},"properties":{"@id":"node/12122842058","abandoned":"station","name":"สถานีคลองมอญ","railway":"halt","train":"yes"},"id":"node/12122842058"},{"type":"Feature","geometry":{"type":"Point","coordinates":[100.519481,13.795299]},"properties":{"@id":"node/12620662269","construction":"station","fixme":"update to subway stopping location when opened","name":"รัฐสภา","name:en":"Parliament House","name:th":"รัฐสภา","railway":"construction","ref":"PP17"},"id":"node/12620662269"},{"type":"Feature","geometry":{"type":"Point","coordinates":[100.512939,13.78706]},"properties":{"@id":"node/12620662270","construction":"station","fixme":"update to subway stopping location when opened","name":"ศรีย่าน","name:en":"Sri Yan","name:th":"ศรีย่าน","railway":"construction","ref":"PP18"},"id":"node/12620662270"},{"type":"Feature","geometry":{"type":"Point","coordinates":[100.508881,13.779495]},"properties":{"@id":"node/12620663626","construction":"station","fixme":"update to subway stopping location when opened","name":"วชิรพยาบาล","name:en":"Vajira Hospital","name:th":"วชิรพยาบาล","railway":"construction","ref":"PP19"},"id":"node/12620663626"},{"type":"Feature","geometry":{"type":"Point","coordinates":[100.503522,13.748581]},"properties":{"@id":"node/12620670967","construction":"station","fixme":"update to subway stopping location when opened","name":"สามยอด","name:en":"Sam Yot","name:th":"สามยอด","railway":"construction","ref":"PP23"},"id":"node/12620670967"},{"type":"Feature","geometry":{"type":"Point","coordinates":[100.50541,13.772149]},"properties":{"@id":"node/12620679797","construction":"station","fixme":"update to subway stopping location when opened","name":"หอสมุดแห่งชาติ","name:en":"National Library","name:th":"หอสมุดแห่งชาติ","railway":"construction","ref":"PP20"},"id":"node/12620679797"},{"type":"Feature","geometry":{"type":"Point","coordinates":[100.500575,13.766155]},"properties":{"@id":"node/12620703194","construction":"station","fixme":"update to subway stopping location when opened","name":"บางขุนพรหม","name:en":"Bang Khun Phrom","name:th":"บางขุนพรหม","railway":"construction","ref":"PP18"},"id":"node/12620703194"},{"type":"Feature","geometry":{"type":"Point","coordinates":[100.495101,13.732513]},"properties":{"@id":"node/12620703436","construction":"station","fixme":"update to subway stopping location when opened","name":"สะพานพุทธฯ","name:en":"Memorial Bridge","name:th":"สะพานพุทธฯ","railway":"construction","ref":"PP24"},"id":"node/12620703436"},{"type":"Feature","geometry":{"type":"Point","coordinates":[100.492303,13.724355]},"properties":{"@id":"node/12620703437","construction":"station","fixme":"update to subway stopping location when opened","name":"วงเวียนใหญ่","name:en":"Wongwian Yai","name:th":"วงเวียนใหญ่","railway":"construction","ref":"PP25"},"id":"node/12620703437"},{"type":"Feature","geometry":{"type":"Point","coordinates":[100.488035,13.711944]},"properties":{"@id":"node/12620703438","construction":"station","fixme":"update to subway stopping location when opened","name":"โรงพยาบาลสมเด็จพระปิ่นเกล้า","name:en":"Somdech Phra Pinklao Hospital","name:th":"โรงพยาบาลสมเด็จพระปิ่นเกล้า","railway":"construction","ref":"PP26"},"id":"node/12620703438"},{"type":"Feature","geometry":{"type":"Point","coordinates":[100.482445,13.695466]},"properties":{"@id":"node/12620703439","construction":"station","fixme":"update to subway stopping location when opened","name":"ดาวคะนอง","name:en":"Dao Khanong","name:th":"ดาวคะนอง","railway":"construction","ref":"PP27"},"id":"node/12620703439"},{"type":"Feature","geometry":{"type":"Point","coordinates":[100.504208,13.757478]},"properties":{"@id":"node/12620720586","construction":"station","fixme":"update to subway stopping location when opened","name":"อนุสาวรีย์ประชาธิปไตย","name:en":"Democracy Monument","name:th":"อนุสาวรีย์ประชาธิปไตย","railway":"construction","ref":"PP22"},"id":"node/12620720586"},{"type":"Feature","geometry":{"type":"Point","coordinates":[100.53707,13.729198]},"properties":{"@id":"node/12803589960","name":"สีลม","name:en":"Si Lom","name:fr":"Si Lom","name:ja":"シーロム","name:th":"สีลม","operator":"ทางด่วนและรถไฟฟ้ากรุงเทพ","public_transport":"station","railway":"station","ref":"BL26","station":"subway","subway":"yes","wikidata":"Q1036816"},"id":"node/12803589960"},{"type":"Feature","geometry":{"type":"Point","coordinates":[100.50991,13.74221]},"properties":{"@id":"node/12803915074","name":"วัดมังกร","name:en":"Wat Mangkon","name:zh":"龍蓮寺","operator":"ทางด่วนและรถไฟฟ้ากรุงเทพ","public_transport":"station","railway":"station","ref":"BL29","station":"subway","subway":"yes","wikidata":"Q13021830"},"id":"node/12803915074"},{"type":"Feature","geometry":{"type":"Point","coordinates":[100.502302,13.747]},"properties":{"@id":"node/12803915076","name":"สามยอด","name:en":"Sam Yot","operator":"ทางด่วนและรถไฟฟ้ากรุงเทพ","public_transport":"station","railway":"station","ref":"BL30","station":"subway","subway":"yes","wikidata":"Q61359058"},"id":"node/12803915076"},{"type":"Feature","geometry":{"type":"Point","coordinates":[100.494624,13.744326]},"properties":{"@id":"node/12803915077","air_conditioning":"yes","name":"สนามไชย","name:en":"Sanam Chai","name:th":"สนามไชย","operator":"ทางด่วนและรถไฟฟ้ากรุงเทพ","public_transport":"station","railway":"station","ref":"BL31","station":"subway","subway":"yes","wikidata":"Q19794088","wikipedia":"th:สถานีสนามไชย"},"id":"node/12803915077"},{"type":"Feature","geometry":{"type":"Point","coordinates":[100.530121,13.732061]},"properties":{"@id":"node/12803915078","name":"สามย่าน","name:en":"Sam Yan","name:fr":"Sam Yan","name:th":"สามย่าน","operator":"ทางด่วนและรถไฟฟ้ากรุงเทพ","public_transport":"station","railway":"station","ref":"BL27","station":"subway","subway":"yes","wikidata":"Q1039683"},"id":"node/12803915078"},{"type":"Feature","geometry":{"type":"Point","coordinates":[100.4857,13.738365]},"properties":{"@id":"node/12803915080","name":"อิสรภาพ","name:en":"Itsaraphap","operator":"ทางด่วนและรถไฟฟ้ากรุงเทพ","public_transport":"station","railway":"station","ref":"BL32","station":"subway","subway":"yes","wikidata":"Q25537502"},"id":"node/12803915080"},{"type":"Feature","geometry":{"type":"Point","coordinates":[100.541046,13.802393]},"properties":{"@id":"node/12803915082","name":"บางซื่อ","name:en":"Bang Sue","name:th":"บางซื่อ","name:zh":"挽赐站","operator":"ทางด่วนและรถไฟฟ้ากรุงเทพ","public_transport":"station","railway":"station","ref":"BL11","station":"subway","subway":"yes","wikidata":"Q4384431"},"id":"node/12803915082"},{"type":"Feature","geometry":{"type":"Point","coordinates":[100.563417,13.749185]},"properties":{"@id":"node/12805950167","alt_name":"Phetchaburi MRT station","name":"เพชรบุรี","name:en":"Phetchaburi","name:th":"เพชรบุรี","name:zh":"碧武里","operator":"ทางด่วนและรถไฟฟ้ากรุงเทพ","public_transport":"station","railway":"station","ref":"BL21","station":"subway","subway":"yes","wikidata":"Q4921013"},"id":"node/12805950167"},{"type":"Feature","geometry":{"type":"Point","coordinates":[100.54426,13.910441]},"properties":{"@id":"node/12849038005","monorail":"yes","name":"อิมแพ็ค เมืองทองธานี","name:en":"Impact Muang Thong Thani","name:th":"อิมแพ็ค เมืองทองธานี","network":"MRT","public_transport":"station","railway":"station","station":"monorail","wikidata":"Q123537775","wikipedia":"th:สถานีอิมแพ็ค เมืองทองธานี"},"id":"node/12849038005"},{"type":"Feature","geometry":{"type":"Point","coordinates":[100.545639,13.91838]},"properties":{"@id":"node/12849038006","monorail":"yes","name":"ทะเลสาบเมืองทองธานี","name:en":"Lake Muang Thong Thani","name:th":"ทะเลสาบเมืองทองธานี","network":"MRT","public_transport":"station","railway":"station","station":"monorail","wikidata":"Q123537776","wikipedia":"th:สถานีทะเลสาบเมืองทองธานี"},"id":"node/12849038006"},{"type":"Feature","geometry":{"type":"Point","coordinates":[101.059089,13.695396]},"properties":{"@id":"node/13279861391","name":"ชุมทางฉะเชิงเทรา","name:en":"Chachoengsao Junction","name:th":"ชุมทางฉะเชิงเทรา","public_transport":"station","railway":"station","railway:ref":"ฉท.","railway:ref:en":"CHJ","railway:station_category":"1","ref":"ฉท.","ref:station":"3023","train":"yes","wikidata":"Q6633237"},"id":"node/13279861391"},{"type":"Feature","geometry":{"type":"Point","coordinates":[100.750479,13.691425]},"properties":{"@id":"node/13373875189","light_rail":"yes","name":"อาคารผู้โดยสารหลัก","name:th":"อาคารผู้โดยสารหลัก","public_transport":"station","railway":"station","station":"light_rail"},"id":"node/13373875189"},{"type":"Feature","geometry":{"type":"Point","coordinates":[100.748219,13.682493]},"properties":{"@id":"node/13373875190","light_rail":"yes","name":"อาคารเทียบเครื่องบินรองหลังที่ 1","name:en":"Midfield Satellite Concourse 1","name:th":"อาคารเทียบเครื่องบินรองหลังที่ 1","public_transport":"station","railway":"station","station":"light_rail"},"id":"node/13373875190"},{"type":"Feature","geometry":{"type":"Point","coordinates":[100.70018,13.791664]},"properties":{"@id":"node/13410325190","construction":"station","name":"ราษฎร์พัฒนา","name:en":"Rat Phatthana","name:th":"ราษฎร์พัฒนา","operator":"ทางด่วนและรถไฟฟ้ากรุงเทพ","public_transport":"station","railway":"construction","station":"subway","subway":"yes"},"id":"node/13410325190"},{"type":"Feature","geometry":{"type":"Point","coordinates":[100.517969,13.748712]},"properties":{"@id":"node/13429805723","name":"ยศเส","name:en":"Yotse","name:th":"ยศเส","operator":"ระบบขนส่งมวลชนกรุงเทพ","operator:en":"Bangkok Mass Transit System;BTSC","proposed:public_transport":"station","proposed:railway":"station","proposed:station":"subway","proposed:subway":"yes","railway":"proposed","ref":"N6"},"id":"node/13429805723"},{"type":"Feature","geometry":{"type":"Point","coordinates":[100.517815,13.74876]},"properties":{"@id":"node/13429805724","name":"ยศเส","name:en":"Yotse","name:th":"ยศเส","operator":"การรถไฟแห่งประเทศไทย","proposed:public_transport":"station","proposed:railway":"station","proposed:train":"yes","railway":"proposed","ref":"N6"},"id":"node/13429805724"},{"type":"Feature","geometry":{"type":"Point","coordinates":[100.54732,13.787217]},"properties":{"@id":"node/13429824438","name":"เสนาร่วม","name:en":"Sena Ruam","name:th":"เสนาร่วม","operator":"ระบบขนส่งมวลชนกรุงเทพ","operator:en":"Bangkok Mass Transit System;BTSC","proposed:public_transport":"station","proposed:railway":"station","proposed:station":"subway","proposed:subway":"yes","railway":"proposed","ref":"N6","wikidata":"Q16307686","wikipedia":"th:สถานีเสนาร่วม"},"id":"node/13429824438"}]}