{"type":"FeatureCollection","features":[{"type":"Feature","geometry":{"type":"LineString","coordinates":[[121.509536,25.047046],[121.509618,25.047172],[121.509708,25.047295],[121.509805,25.047413],[121.509908,25.047526],[121.510018,25.047634],[121.510135,25.047737],[121.510257,25.047833],[121.510385,25.047924],[121.510518,25.048008],[121.510666,25.04809],[121.510819,25.048165],[121.510976,25.048232],[121.511137,25.04829],[121.511301,25.04834],[121.511469,25.048382],[121.511639,25.048414],[121.51181,25.048438],[121.511983,25.048452],[121.512145,25.048458],[121.512307,25.048455],[121.512811,25.048401],[121.513406,25.048304],[121.514046,25.048195],[121.51479,25.048055]]},"properties":{"@id":"way/13991375","electrified":"contact_line","frequency":"60","gauge":"1435","highspeed":"yes","layer":"-2","maxspeed":"130","name":"台灣高速鐵路","name:en":"Taiwan High Speed Rail","name:ja":"台湾高速鉄道","name:nan":"Tâi-oân-ko-sok-thih-lō͘","name:nan-Latn-pehoeji":"Tâi-oân-ko-sok-thih-lō͘","name:nan-Latn-tailo":"Tâi-uân-ko-sok-thih-lōo","name:ru":"Тайваньская высокоскоростная железная дорога","name:zh":"台灣高速鐵路","network":"台灣高鐵","network:en":"THSR","network:zh":"台灣高鐵","operator":"台灣高速鐵路股份有限公司","railway":"rail","ref":"台灣高鐵","start_date":"2007-03-02","tunnel":"yes","usage":"main","voltage":"25000","wikidata":"Q706198","wikipedia":"zh:台灣高鐵"},"id":"way/13991375"},{"type":"Feature","geometry":{"type":"LineString","coordinates":[[121.218647,25.016785],[121.217201,25.015341],[121.216932,25.015072]]},"properties":{"@id":"way/23557264","electrified":"contact_line","frequency":"60","gauge":"1435","highspeed":"yes","layer":"-1","maxspeed":"300","name":"台灣高速鐵路","name:en":"Taiwan High Speed Rail","name:ja":"台湾高速鉄道","name:nan":"Tâi-oân-ko-sok-thih-lō͘","name:nan-Latn-pehoeji":"Tâi-oân-ko-sok-thih-lō͘","name:nan-Latn-tailo":"Tâi-uân-ko-sok-thih-lōo","name:ru":"Тайваньская высокоскоростная железная дорога","name:zh":"台灣高速鐵路","network":"台灣高鐵","network:en":"THSR","network:zh":"台灣高鐵","operator":"台灣高速鐵路股份有限公司","railway":"rail","ref":"台灣高鐵","start_date":"2007-01-05","tunnel":"yes","usage":"main","voltage":"25000","wikidata":"Q706198","wikipedia":"zh:台灣高鐵"},"id":"way/23557264"},{"type":"Feature","geometry":{"type":"LineString","coordinates":[[121.043854,24.822708],[121.043652,24.821847],[121.04341,24.820614]]},"properties":{"@id":"way/23638394","electrified":"contact_line","frequency":"60","gauge":"1435","highspeed":"yes","layer":"-1","maxspeed":"300","name":"台灣高速鐵路","name:en":"Taiwan High Speed Rail","name:ja":"台湾高速鉄道","name:nan":"Tâi-oân-ko-sok-thih-lō͘","name:nan-Latn-pehoeji":"Tâi-oân-ko-sok-thih-lō͘","name:nan-Latn-tailo":"Tâi-uân-ko-sok-thih-lōo","name:ru":"Тайваньская высокоскоростная железная дорога","name:zh":"台灣高速鐵路","network":"台灣高鐵","network:en":"THSR","network:zh":"台灣高鐵","operator":"台灣高速鐵路股份有限公司","railway":"rail","ref":"台灣高鐵","start_date":"2007-01-05","tunnel":"yes","usage":"main","voltage":"25000","wikidata":"Q706198","wikipedia":"zh:台灣高鐵"},"id":"way/23638394"},{"type":"Feature","geometry":{"type":"LineString","coordinates":[[120.614688,24.099511],[120.61591,24.112103],[120.61665,24.119644]]},"properties":{"@id":"way/23638395","bridge":"viaduct","electrified":"contact_line","frequency":"60","gauge":"1435","highspeed":"yes","layer":"3","maxspeed":"300","name":"台灣高速鐵路","name:en":"Taiwan High Speed Rail","name:ja":"台湾高速鉄道","name:nan":"Tâi-oân-ko-sok-thih-lō͘","name:nan-Latn-pehoeji":"Tâi-oân-ko-sok-thih-lō͘","name:nan-Latn-tailo":"Tâi-uân-ko-sok-thih-lōo","name:ru":"Тайваньская высокоскоростная железная дорога","name:zh":"台灣高速鐵路","network":"台灣高鐵","network:en":"THSR","network:zh":"台灣高鐵","operator":"台灣高速鐵路股份有限公司","railway":"rail","ref":"台灣高鐵","start_date":"2007-01-05","usage":"main","voltage":"25000","wikidata":"Q706198","wikipedia":"zh:台灣高鐵"},"id":"way/23638395"},{"type":"Feature","geometry":{"type":"LineString","coordinates":[[120.311612,22.691099],[120.311702,22.691185],[120.313727,22.693161],[120.31416,22.693565],[120.314554,22.693957],[120.314994,22.694374],[120.316043,22.695405],[120.316787,22.696117],[120.31706,22.696374],[120.317784,22.697074],[120.31813,22.697416]]},"properties":{"@id":"way/24261746","electrified":"contact_line","frequency":"60","gauge":"1435","highspeed":"yes","maxspeed":"130","name":"台灣高速鐵路","name:en":"Taiwan High Speed Rail","name:ja":"台湾高速鉄道","name:nan":"Tâi-oân-ko-sok-thih-lō͘","name:nan-Latn-pehoeji":"Tâi-oân-ko-sok-thih-lō͘","name:nan-Latn-tailo":"Tâi-uân-ko-sok-thih-lōo","name:ru":"Тайваньская высокоскоростная железная дорога","name:zh":"台灣高速鐵路","network":"台灣高鐵","network:en":"THSR","network:zh":"台灣高鐵","operator":"台灣高速鐵路股份有限公司","railway":"rail","ref":"台灣高鐵","start_date":"2007-01-05","usage":"main","voltage":"25000","wikidata":"Q706198","wikipedia":"zh:台灣高鐵"},"id":"way/24261746"},{"type":"Feature","geometry":{"type":"LineString","coordinates":[[120.668769,24.283368],[120.669459,24.285357],[120.670138,24.287532],[120.670348,24.288281],[120.670646,24.28933],[120.670746,24.289827],[120.670865,24.290326],[120.670899,24.290477],[120.67125,24.292172],[120.671485,24.293401]]},"properties":{"@id":"way/25510246","bridge":"yes","electrified":"contact_line","frequency":"60","gauge":"1435","highspeed":"yes","maxspeed":"300","name":"台灣高速鐵路","name:en":"Taiwan High Speed Rail","name:ja":"台湾高速鉄道","name:nan":"Tâi-oân-ko-sok-thih-lō͘","name:nan-Latn-pehoeji":"Tâi-oân-ko-sok-thih-lō͘","name:nan-Latn-tailo":"Tâi-uân-ko-sok-thih-lōo","name:ru":"Тайваньская высокоскоростная железная дорога","name:zh":"台灣高速鐵路","network":"台灣高鐵","network:en":"THSR","network:zh":"台灣高鐵","operator":"台灣高速鐵路股份有限公司","railway":"rail","ref":"台灣高鐵","start_date":"2007-01-05","usage":"main","voltage":"25000","wikidata":"Q706198","wikipedia":"zh:台灣高鐵"},"id":"way/25510246"},{"type":"Feature","geometry":{"type":"LineString","coordinates":[[120.629113,24.183691],[120.631438,24.190532],[120.634536,24.198986],[120.635215,24.200948],[120.635761,24.202703],[120.63627,24.204531],[120.636923,24.207471],[120.63729,24.209489],[120.637605,24.211861],[120.637785,24.213769],[120.638039,24.217146],[120.638427,24.221968],[120.638666,24.225055],[120.63888,24.227799],[120.639012,24.229251],[120.639184,24.230675],[120.639394,24.232038],[120.639659,24.233514],[120.639997,24.235138],[120.640147,24.235779],[120.64041,24.23679],[120.640666,24.237791],[120.640909,24.238644],[120.64137,24.240081],[120.641709,24.241051],[120.64199,24.241793],[120.642481,24.243086],[120.642827,24.24395],[120.643508,24.24548],[120.644123,24.246784],[120.644561,24.247663],[120.645041,24.248588],[120.646084,24.250431],[120.646622,24.251325],[120.64774,24.253065],[120.64833,24.253939],[120.648631,24.254364],[120.649571,24.255651]]},"properties":{"@id":"way/25510250","bridge":"viaduct","electrified":"contact_line","frequency":"60","gauge":"1435","highspeed":"yes","layer":"4","maxspeed":"300","name":"台灣高速鐵路","name:en":"Taiwan High Speed Rail","name:ja":"台湾高速鉄道","name:nan":"Tâi-oân-ko-sok-thih-lō͘","name:nan-Latn-pehoeji":"Tâi-oân-ko-sok-thih-lō͘","name:nan-Latn-tailo":"Tâi-uân-ko-sok-thih-lōo","name:ru":"Тайваньская высокоскоростная железная дорога","name:zh":"台灣高速鐵路","network":"台灣高鐵","network:en":"THSR","network:zh":"台灣高鐵","operator":"台灣高速鐵路股份有限公司","railway":"rail","ref":"台灣高鐵","start_date":"2007-01-05","usage":"main","voltage":"25000","wikidata":"Q706198","wikipedia":"zh:台灣高鐵"},"id":"way/25510250"},{"type":"Feature","geometry":{"type":"LineString","coordinates":[[120.6961,24.429903],[120.696527,24.43168],[120.697526,24.43582]]},"properties":{"@id":"way/25937523","bridge":"yes","electrified":"contact_line","frequency":"60","gauge":"1435","highspeed":"yes","layer":"1","maxspeed":"300","name":"台灣高速鐵路","name:en":"Taiwan High Speed Rail","name:ja":"台湾高速鉄道","name:nan":"Tâi-oân-ko-sok-thih-lō͘","name:nan-Latn-pehoeji":"Tâi-oân-ko-sok-thih-lō͘","name:nan-Latn-tailo":"Tâi-uân-ko-sok-thih-lōo","name:ru":"Тайваньская высокоскоростная железная дорога","name:zh":"台灣高速鐵路","network":"台灣高鐵","network:en":"THSR","network:zh":"台灣高鐵","operator":"台灣高速鐵路股份有限公司","railway":"rail","ref":"台灣高鐵","start_date":"2007-01-05","usage":"main","voltage":"25000","wikidata":"Q706198","wikipedia":"zh:台灣高鐵"},"id":"way/25937523"},{"type":"Feature","geometry":{"type":"LineString","coordinates":[[120.695408,24.427082],[120.695799,24.4287]]},"properties":{"@id":"way/25937524","bridge":"yes","electrified":"contact_line","frequency":"60","gauge":"1435","highspeed":"yes","layer":"1","maxspeed":"300","name":"台灣高速鐵路","name:en":"Taiwan High Speed Rail","name:ja":"台湾高速鉄道","name:nan":"Tâi-oân-ko-sok-thih-lō͘","name:nan-Latn-pehoeji":"Tâi-oân-ko-sok-thih-lō͘","name:nan-Latn-tailo":"Tâi-uân-ko-sok-thih-lōo","name:ru":"Тайваньская высокоскоростная железная дорога","name:zh":"台灣高速鐵路","network":"台灣高鐵","network:en":"THSR","network:zh":"台灣高鐵","operator":"台灣高速鐵路股份有限公司","railway":"rail","ref":"台灣高鐵","start_date":"2007-01-05","usage":"main","voltage":"25000","wikidata":"Q706198","wikipedia":"zh:台灣高鐵"},"id":"way/25937524"},{"type":"Feature","geometry":{"type":"LineString","coordinates":[[120.697526,24.43582],[120.698083,24.437957]]},"properties":{"@id":"way/25937542","electrified":"contact_line","frequency":"60","gauge":"1435","highspeed":"yes","name":"台灣高速鐵路","name:en":"Taiwan High Speed Rail","name:ja":"台湾高速鉄道","name:nan":"Tâi-oân-ko-sok-thih-lō͘","name:nan-Latn-pehoeji":"Tâi-oân-ko-sok-thih-lō͘","name:nan-Latn-tailo":"Tâi-uân-ko-sok-thih-lōo","name:ru":"Тайваньская высокоскоростная железная дорога","name:zh":"台灣高速鐵路","network":"台灣高鐵","network:en":"THSR","network:zh":"台灣高鐵","operator":"台灣高速鐵路股份有限公司","railway":"rail","ref":"台灣高鐵","start_date":"2007-01-05","usage":"main","voltage":"25000","wikidata":"Q706198","wikipedia":"zh:台灣高鐵"},"id":"way/25937542"},{"type":"Feature","geometry":{"type":"LineString","coordinates":[[120.698083,24.437957],[120.6987,24.440674]]},"properties":{"@id":"way/25937543","electrified":"contact_line","frequency":"60","gauge":"1435","highspeed":"yes","maxspeed":"300","name":"台灣高速鐵路","name:en":"Taiwan High Speed Rail","name:ja":"台湾高速鉄道","name:nan":"Tâi-oân-ko-sok-thih-lō͘","name:nan-Latn-pehoeji":"Tâi-oân-ko-sok-thih-lō͘","name:nan-Latn-tailo":"Tâi-uân-ko-sok-thih-lōo","name:ru":"Тайваньская высокоскоростная железная дорога","name:zh":"台灣高速鐵路","network":"台灣高鐵","network:en":"THSR","network:zh":"台灣高鐵","operator":"台灣高速鐵路股份有限公司","railway":"rail","ref":"台灣高鐵","start_date":"2007-01-05","tunnel":"yes","usage":"main","voltage":"25000","wikidata":"Q706198","wikipedia":"zh:台灣高鐵"},"id":"way/25937543"},{"type":"Feature","geometry":{"type":"LineString","coordinates":[[120.673031,24.309682],[120.673492,24.314724],[120.673553,24.316241]]},"properties":{"@id":"way/27670275","bridge":"viaduct","electrified":"contact_line","frequency":"60","gauge":"1435","highspeed":"yes","name":"台灣高速鐵路","name:en":"Taiwan High Speed Rail","name:ja":"台湾高速鉄道","name:nan":"Tâi-oân-ko-sok-thih-lō͘","name:nan-Latn-pehoeji":"Tâi-oân-ko-sok-thih-lō͘","name:nan-Latn-tailo":"Tâi-uân-ko-sok-thih-lōo","name:ru":"Тайваньская высокоскоростная железная дорога","name:zh":"台灣高速鐵路","network":"台灣高鐵","network:en":"THSR","network:zh":"台灣高鐵","operator":"台灣高速鐵路股份有限公司","railway":"rail","ref":"台灣高鐵","start_date":"2007-01-05","usage":"main","voltage":"25000","wikidata":"Q706198","wikipedia":"zh:台灣高鐵"},"id":"way/27670275"},{"type":"Feature","geometry":{"type":"LineString","coordinates":[[120.674071,24.32168],[120.674254,24.324288],[120.674339,24.325037],[120.674381,24.325288]]},"properties":{"@id":"way/27670276","electrified":"contact_line","frequency":"60","gauge":"1435","highspeed":"yes","maxspeed":"300","name":"台灣高速鐵路","name:en":"Taiwan High Speed Rail","name:ja":"台湾高速鉄道","name:nan":"Tâi-oân-ko-sok-thih-lō͘","name:nan-Latn-pehoeji":"Tâi-oân-ko-sok-thih-lō͘","name:nan-Latn-tailo":"Tâi-uân-ko-sok-thih-lōo","name:ru":"Тайваньская высокоскоростная железная дорога","name:zh":"台灣高速鐵路","network":"台灣高鐵","network:en":"THSR","network:zh":"台灣高鐵","operator":"台灣高速鐵路股份有限公司","railway":"rail","ref":"台灣高鐵","start_date":"2007-01-05","usage":"main","voltage":"25000","wikidata":"Q706198","wikipedia":"zh:台灣高鐵"},"id":"way/27670276"},{"type":"Feature","geometry":{"type":"LineString","coordinates":[[120.660291,24.268593],[120.66122,24.269783]]},"properties":{"@id":"way/28780771","electrified":"contact_line","frequency":"60","gauge":"1435","highspeed":"yes","layer":"1","maxspeed":"300","name":"台灣高速鐵路","name:en":"Taiwan High Speed Rail","name:ja":"台湾高速鉄道","name:nan":"Tâi-oân-ko-sok-thih-lō͘","name:nan-Latn-pehoeji":"Tâi-oân-ko-sok-thih-lō͘","name:nan-Latn-tailo":"Tâi-uân-ko-sok-thih-lōo","name:ru":"Тайваньская высокоскоростная железная дорога","name:zh":"台灣高速鐵路","network":"台灣高鐵","network:en":"THSR","network:zh":"台灣高鐵","operator":"台灣高速鐵路股份有限公司","railway":"rail","ref":"台灣高鐵","start_date":"2007-01-05","usage":"main","voltage":"25000","wikidata":"Q706198","wikipedia":"zh:台灣高鐵"},"id":"way/28780771"},{"type":"Feature","geometry":{"type":"LineString","coordinates":[[121.065634,24.875978],[121.060445,24.868265],[121.058111,24.864795],[121.057059,24.863007],[121.056041,24.861277],[121.055802,24.860824],[121.055223,24.859724],[121.05463,24.858597],[121.054166,24.857715],[121.051199,24.850329],[121.050182,24.846959],[121.048594,24.840904]]},"properties":{"@id":"way/36943528","electrified":"contact_line","frequency":"60","gauge":"1435","highspeed":"yes","maxspeed":"300","name":"台灣高速鐵路","name:en":"Taiwan High Speed Rail","name:ja":"台湾高速鉄道","name:nan":"Tâi-oân-ko-sok-thih-lō͘","name:nan-Latn-pehoeji":"Tâi-oân-ko-sok-thih-lō͘","name:nan-Latn-tailo":"Tâi-uân-ko-sok-thih-lōo","name:ru":"Тайваньская высокоскоростная железная дорога","name:zh":"台灣高速鐵路","network":"台灣高鐵","network:en":"THSR","network:zh":"台灣高鐵","operator":"台灣高速鐵路股份有限公司","railway":"rail","ref":"台灣高鐵","start_date":"2007-01-05","tunnel":"yes","usage":"main","voltage":"25000","wikidata":"Q706198","wikipedia":"zh:台灣高鐵"},"id":"way/36943528"},{"type":"Feature","geometry":{"type":"LineString","coordinates":[[121.048594,24.840904],[121.044762,24.826135]]},"properties":{"@id":"way/36943529","bridge":"yes","electrified":"contact_line","frequency":"60","gauge":"1435","highspeed":"yes","layer":"4","maxspeed":"300","name":"台灣高速鐵路","name:en":"Taiwan High Speed Rail","name:ja":"台湾高速鉄道","name:nan":"Tâi-oân-ko-sok-thih-lō͘","name:nan-Latn-pehoeji":"Tâi-oân-ko-sok-thih-lō͘","name:nan-Latn-tailo":"Tâi-uân-ko-sok-thih-lōo","name:ru":"Тайваньская высокоскоростная железная дорога","name:zh":"台灣高速鐵路","network":"台灣高鐵","network:en":"THSR","network:zh":"台灣高鐵","operator":"台灣高速鐵路股份有限公司","railway":"rail","ref":"台灣高鐵","start_date":"2007-01-05","usage":"main","voltage":"25000","wikidata":"Q706198","wikipedia":"zh:台灣高鐵"},"id":"way/36943529"},{"type":"Feature","geometry":{"type":"LineString","coordinates":[[121.04417,24.823826],[121.043854,24.822708]]},"properties":{"@id":"way/36943530","electrified":"contact_line","frequency":"60","gauge":"1435","highspeed":"yes","layer":"-1","maxspeed":"300","name":"台灣高速鐵路","name:en":"Taiwan High Speed Rail","name:ja":"台湾高速鉄道","name:nan":"Tâi-oân-ko-sok-thih-lō͘","name:nan-Latn-pehoeji":"Tâi-oân-ko-sok-thih-lō͘","name:nan-Latn-tailo":"Tâi-uân-ko-sok-thih-lōo","name:ru":"Тайваньская высокоскоростная железная дорога","name:zh":"台灣高速鐵路","network":"台灣高鐵","network:en":"THSR","network:zh":"台灣高鐵","operator":"台灣高速鐵路股份有限公司","railway":"rail","ref":"台灣高鐵","start_date":"2007-01-05","tunnel":"yes","usage":"main","voltage":"25000","wikidata":"Q706198","wikipedia":"zh:台灣高鐵"},"id":"way/36943530"},{"type":"Feature","geometry":{"type":"LineString","coordinates":[[120.611699,24.074815],[120.612129,24.076633],[120.612507,24.078484],[120.61275,24.079943],[120.612989,24.081651]]},"properties":{"@id":"way/82258008","bridge":"viaduct","electrified":"contact_line","frequency":"60","gauge":"1435","highspeed":"yes","layer":"1","maxspeed":"300","name":"台灣高速鐵路","name:en":"Taiwan High Speed Rail","name:ja":"台湾高速鉄道","name:nan":"Tâi-oân-ko-sok-thih-lō͘","name:nan-Latn-pehoeji":"Tâi-oân-ko-sok-thih-lō͘","name:nan-Latn-tailo":"Tâi-uân-ko-sok-thih-lōo","name:ru":"Тайваньская высокоскоростная железная дорога","name:zh":"台灣高速鐵路","network":"台灣高鐵","network:en":"THSR","network:zh":"台灣高鐵","operator":"台灣高速鐵路股份有限公司","railway":"rail","ref":"台灣高鐵","start_date":"2007-01-05","usage":"main","voltage":"25000","wikidata":"Q706198","wikipedia":"zh:台灣高鐵"},"id":"way/82258008"},{"type":"Feature","geometry":{"type":"LineString","coordinates":[[120.612989,24.081651],[120.613795,24.089851]]},"properties":{"@id":"way/82258029","bridge":"viaduct","electrified":"contact_line","frequency":"60","gauge":"1435","highspeed":"yes","layer":"2","maxspeed":"300","name":"台灣高速鐵路","name:en":"Taiwan High Speed Rail","name:ja":"台湾高速鉄道","name:nan":"Tâi-oân-ko-sok-thih-lō͘","name:nan-Latn-pehoeji":"Tâi-oân-ko-sok-thih-lō͘","name:nan-Latn-tailo":"Tâi-uân-ko-sok-thih-lōo","name:ru":"Тайваньская высокоскоростная железная дорога","name:zh":"台灣高速鐵路","network":"台灣高鐵","network:en":"THSR","network:zh":"台灣高鐵","operator":"台灣高速鐵路股份有限公司","railway":"rail","ref":"台灣高鐵","start_date":"2007-01-05","usage":"main","voltage":"25000","wikidata":"Q706198","wikipedia":"zh:台灣高鐵"},"id":"way/82258029"},{"type":"Feature","geometry":{"type":"LineString","coordinates":[[120.605861,24.056168],[120.606009,24.05681],[120.606539,24.058941],[120.606849,24.060049]]},"properties":{"@id":"way/88196940","bridge":"yes","electrified":"contact_line","frequency":"60","gauge":"1435","highspeed":"yes","layer":"1","maxspeed":"300","name":"台灣高速鐵路","name:en":"Taiwan High Speed Rail","name:ja":"台湾高速鉄道","name:nan":"Tâi-oân-ko-sok-thih-lō͘","name:nan-Latn-pehoeji":"Tâi-oân-ko-sok-thih-lō͘","name:nan-Latn-tailo":"Tâi-uân-ko-sok-thih-lōo","name:ru":"Тайваньская высокоскоростная железная дорога","name:zh":"台灣高速鐵路","network":"台灣高鐵","network:en":"THSR","network:zh":"台灣高鐵","operator":"台灣高速鐵路股份有限公司","railway":"rail","ref":"台灣高鐵","start_date":"2007-01-05","usage":"main","voltage":"25000","wikidata":"Q706198","wikipedia":"zh:台灣高鐵"},"id":"way/88196940"},{"type":"Feature","geometry":{"type":"LineString","coordinates":[[120.604446,24.048206],[120.604606,24.049364],[120.604783,24.050545],[120.605189,24.052903]]},"properties":{"@id":"way/88196942","bridge":"yes","electrified":"contact_line","frequency":"60","gauge":"1435","highspeed":"yes","layer":"1","maxspeed":"300","name":"台灣高速鐵路","name:en":"Taiwan High Speed Rail","name:ja":"台湾高速鉄道","name:nan":"Tâi-oân-ko-sok-thih-lō͘","name:nan-Latn-pehoeji":"Tâi-oân-ko-sok-thih-lō͘","name:nan-Latn-tailo":"Tâi-uân-ko-sok-thih-lōo","name:ru":"Тайваньская высокоскоростная железная дорога","name:zh":"台灣高速鐵路","network":"台灣高鐵","network:en":"THSR","network:zh":"台灣高鐵","operator":"台灣高速鐵路股份有限公司","railway":"rail","ref":"台灣高鐵","start_date":"2007-01-05","usage":"main","voltage":"25000","wikidata":"Q706198","wikipedia":"zh:台灣高鐵"},"id":"way/88196942"},{"type":"Feature","geometry":{"type":"LineString","coordinates":[[120.606849,24.060049],[120.60716,24.061135],[120.60772,24.062976],[120.608023,24.063902],[120.608327,24.064827]]},"properties":{"@id":"way/88196943","electrified":"contact_line","frequency":"60","gauge":"1435","highspeed":"yes","layer":"-1","maxspeed":"300","name":"台灣高速鐵路","name:en":"Taiwan High Speed Rail","name:ja":"台湾高速鉄道","name:nan":"Tâi-oân-ko-sok-thih-lō͘","name:nan-Latn-pehoeji":"Tâi-oân-ko-sok-thih-lō͘","name:nan-Latn-tailo":"Tâi-uân-ko-sok-thih-lōo","name:ru":"Тайваньская высокоскоростная железная дорога","name:zh":"台灣高速鐵路","network":"台灣高鐵","network:en":"THSR","network:zh":"台灣高鐵","operator":"台灣高速鐵路股份有限公司","railway":"rail","ref":"台灣高鐵","start_date":"2007-01-05","tunnel":"yes","usage":"main","voltage":"25000","wikidata":"Q706198","wikipedia":"zh:台灣高鐵"},"id":"way/88196943"},{"type":"Feature","geometry":{"type":"LineString","coordinates":[[120.605189,24.052903],[120.605861,24.056168]]},"properties":{"@id":"way/88196945","electrified":"contact_line","frequency":"60","gauge":"1435","highspeed":"yes","layer":"-1","maxspeed":"300","name":"台灣高速鐵路","name:en":"Taiwan High Speed Rail","name:ja":"台湾高速鉄道","name:nan":"Tâi-oân-ko-sok-thih-lō͘","name:nan-Latn-pehoeji":"Tâi-oân-ko-sok-thih-lō͘","name:nan-Latn-tailo":"Tâi-uân-ko-sok-thih-lōo","name:ru":"Тайваньская высокоскоростная железная дорога","name:zh":"台灣高速鐵路","network":"台灣高鐵","network:en":"THSR","network:zh":"台灣高鐵","operator":"台灣高速鐵路股份有限公司","railway":"rail","ref":"台灣高鐵","start_date":"2007-01-05","tunnel":"yes","usage":"main","voltage":"25000","wikidata":"Q706198","wikipedia":"zh:台灣高鐵"},"id":"way/88196945"},{"type":"Feature","geometry":{"type":"LineString","coordinates":[[120.613979,23.953749],[120.613922,23.954244],[120.613883,23.954613],[120.613796,23.955477]]},"properties":{"@id":"way/88196947","electrified":"contact_line","frequency":"60","gauge":"1435","highspeed":"yes","layer":"1","maxspeed":"300","name":"台灣高速鐵路","name:en":"Taiwan High Speed Rail","name:ja":"台湾高速鉄道","name:nan":"Tâi-oân-ko-sok-thih-lō͘","name:nan-Latn-pehoeji":"Tâi-oân-ko-sok-thih-lō͘","name:nan-Latn-tailo":"Tâi-uân-ko-sok-thih-lōo","name:ru":"Тайваньская высокоскоростная железная дорога","name:zh":"台灣高速鐵路","network":"台灣高鐵","network:en":"THSR","network:zh":"台灣高鐵","operator":"台灣高速鐵路股份有限公司","railway":"rail","ref":"台灣高鐵","start_date":"2007-01-05","usage":"main","voltage":"25000","wikidata":"Q706198","wikipedia":"zh:台灣高鐵"},"id":"way/88196947"},{"type":"Feature","geometry":{"type":"LineString","coordinates":[[120.831658,24.608194],[120.834827,24.609572],[120.837749,24.610856],[120.847926,24.615284],[120.851577,24.616853]]},"properties":{"@id":"way/96868735","bridge":"yes","electrified":"contact_line","frequency":"60","gauge":"1435","highspeed":"yes","layer":"2","maxspeed":"300","name":"台灣高速鐵路","name:en":"Taiwan High Speed Rail","name:ja":"台湾高速鉄道","name:nan":"Tâi-oân-ko-sok-thih-lō͘","name:nan-Latn-pehoeji":"Tâi-oân-ko-sok-thih-lō͘","name:nan-Latn-tailo":"Tâi-uân-ko-sok-thih-lōo","name:ru":"Тайваньская высокоскоростная железная дорога","name:zh":"台灣高速鐵路","network":"台灣高鐵","network:en":"THSR","network:zh":"台灣高鐵","operator":"台灣高速鐵路股份有限公司","railway":"rail","ref":"台灣高鐵","start_date":"2007-01-05","usage":"main","voltage":"25000","wikidata":"Q706198","wikipedia":"zh:台灣高鐵"},"id":"way/96868735"},{"type":"Feature","geometry":{"type":"LineString","coordinates":[[120.871331,24.627594],[120.873312,24.62878]]},"properties":{"@id":"way/96868740","electrified":"contact_line","frequency":"60","gauge":"1435","highspeed":"yes","maxspeed":"300","name":"台灣高速鐵路","name:en":"Taiwan High Speed Rail","name:ja":"台湾高速鉄道","name:nan":"Tâi-oân-ko-sok-thih-lō͘","name:nan-Latn-pehoeji":"Tâi-oân-ko-sok-thih-lō͘","name:nan-Latn-tailo":"Tâi-uân-ko-sok-thih-lōo","name:ru":"Тайваньская высокоскоростная железная дорога","name:zh":"台灣高速鐵路","network":"台灣高鐵","network:en":"THSR","network:zh":"台灣高鐵","operator":"台灣高速鐵路股份有限公司","railway":"rail","ref":"台灣高鐵","start_date":"2007-01-05","usage":"main","voltage":"25000","wikidata":"Q706198","wikipedia":"zh:台灣高鐵"},"id":"way/96868740"},{"type":"Feature","geometry":{"type":"LineString","coordinates":[[120.875268,24.629767],[120.873351,24.628725]]},"properties":{"@id":"way/96868741","electrified":"contact_line","frequency":"60","gauge":"1435","highspeed":"yes","layer":"-1","maxspeed":"300","name":"台灣高速鐵路","name:en":"Taiwan High Speed Rail","name:ja":"台湾高速鉄道","name:nan":"Tâi-oân-ko-sok-thih-lō͘","name:nan-Latn-pehoeji":"Tâi-oân-ko-sok-thih-lō͘","name:nan-Latn-tailo":"Tâi-uân-ko-sok-thih-lōo","name:ru":"Тайваньская высокоскоростная железная дорога","name:zh":"台灣高速鐵路","network":"台灣高鐵","network:en":"THSR","network:zh":"台灣高鐵","operator":"台灣高速鐵路股份有限公司","railway":"rail","ref":"台灣高鐵","start_date":"2007-01-05","tunnel":"yes","usage":"main","voltage":"25000","wikidata":"Q706198","wikipedia":"zh:台灣高鐵"},"id":"way/96868741"},{"type":"Feature","geometry":{"type":"LineString","coordinates":[[120.866494,24.624717],[120.871331,24.627594]]},"properties":{"@id":"way/96868745","bridge":"viaduct","electrified":"contact_line","frequency":"60","gauge":"1435","highspeed":"yes","layer":"1","maxspeed":"300","name":"台灣高速鐵路","name:en":"Taiwan High Speed Rail","name:ja":"台湾高速鉄道","name:nan":"Tâi-oân-ko-sok-thih-lō͘","name:nan-Latn-pehoeji":"Tâi-oân-ko-sok-thih-lō͘","name:nan-Latn-tailo":"Tâi-uân-ko-sok-thih-lōo","name:ru":"Тайваньская высокоскоростная железная дорога","name:zh":"台灣高速鐵路","network":"台灣高鐵","network:en":"THSR","network:zh":"台灣高鐵","operator":"台灣高速鐵路股份有限公司","railway":"rail","ref":"台灣高鐵","start_date":"2007-01-05","usage":"main","voltage":"25000","wikidata":"Q706198","wikipedia":"zh:台灣高鐵"},"id":"way/96868745"},{"type":"Feature","geometry":{"type":"LineString","coordinates":[[120.858887,24.620358],[120.864746,24.623678],[120.866494,24.624717]]},"properties":{"@id":"way/96868748","electrified":"contact_line","frequency":"60","gauge":"1435","highspeed":"yes","maxspeed":"300","name":"台灣高速鐵路","name:en":"Taiwan High Speed Rail","name:ja":"台湾高速鉄道","name:nan":"Tâi-oân-ko-sok-thih-lō͘","name:nan-Latn-pehoeji":"Tâi-oân-ko-sok-thih-lō͘","name:nan-Latn-tailo":"Tâi-uân-ko-sok-thih-lōo","name:ru":"Тайваньская высокоскоростная железная дорога","name:zh":"台灣高速鐵路","network":"台灣高鐵","network:en":"THSR","network:zh":"台灣高鐵","operator":"台灣高速鐵路股份有限公司","railway":"rail","ref":"台灣高鐵","start_date":"2007-01-05","usage":"main","voltage":"25000","wikidata":"Q706198","wikipedia":"zh:台灣高鐵"},"id":"way/96868748"},{"type":"Feature","geometry":{"type":"LineString","coordinates":[[120.851577,24.616853],[120.855378,24.618598]]},"properties":{"@id":"way/96868751","electrified":"contact_line","frequency":"60","gauge":"1435","highspeed":"yes","layer":"-1","maxspeed":"300","name":"台灣高速鐵路","name:en":"Taiwan High Speed Rail","name:ja":"台湾高速鉄道","name:nan":"Tâi-oân-ko-sok-thih-lō͘","name:nan-Latn-pehoeji":"Tâi-oân-ko-sok-thih-lō͘","name:nan-Latn-tailo":"Tâi-uân-ko-sok-thih-lōo","name:ru":"Тайваньская высокоскоростная железная дорога","name:zh":"台灣高速鐵路","network":"台灣高鐵","network:en":"THSR","network:zh":"台灣高鐵","operator":"台灣高速鐵路股份有限公司","railway":"rail","ref":"台灣高鐵","start_date":"2007-01-05","tunnel":"yes","usage":"main","voltage":"25000","wikidata":"Q706198","wikipedia":"zh:台灣高鐵"},"id":"way/96868751"},{"type":"Feature","geometry":{"type":"LineString","coordinates":[[120.3306,23.348173],[120.328724,23.353497]]},"properties":{"@id":"way/103263340","bridge":"viaduct","electrified":"contact_line","frequency":"60","gauge":"1435","highspeed":"yes","layer":"3","maxspeed":"300","name":"台灣高速鐵路","name:en":"Taiwan High Speed Rail","name:ja":"台湾高速鉄道","name:nan":"Tâi-oân-ko-sok-thih-lō͘","name:nan-Latn-pehoeji":"Tâi-oân-ko-sok-thih-lō͘","name:nan-Latn-tailo":"Tâi-uân-ko-sok-thih-lōo","name:ru":"Тайваньская высокоскоростная железная дорога","name:zh":"台灣高速鐵路","network":"台灣高鐵","network:en":"THSR","network:zh":"台灣高鐵","operator":"台灣高速鐵路股份有限公司","railway":"rail","ref":"台灣高鐵","start_date":"2007-01-05","usage":"main","voltage":"25000","wikidata":"Q706198","wikipedia":"zh:台灣高鐵"},"id":"way/103263340"},{"type":"Feature","geometry":{"type":"LineString","coordinates":[[120.328724,23.353497],[120.327947,23.355741],[120.32714,23.357984],[120.324605,23.365321],[120.323559,23.368335],[120.322526,23.371338],[120.321408,23.375941],[120.320834,23.379573],[120.320325,23.383906],[120.320325,23.390087],[120.320898,23.401875]]},"properties":{"@id":"way/103263348","bridge":"viaduct","electrified":"contact_line","frequency":"60","gauge":"1435","highspeed":"yes","layer":"1","maxspeed":"300","name":"台灣高速鐵路","name:en":"Taiwan High Speed Rail","name:ja":"台湾高速鉄道","name:nan":"Tâi-oân-ko-sok-thih-lō͘","name:nan-Latn-pehoeji":"Tâi-oân-ko-sok-thih-lō͘","name:nan-Latn-tailo":"Tâi-uân-ko-sok-thih-lōo","name:ru":"Тайваньская высокоскоростная железная дорога","name:zh":"台灣高速鐵路","network":"台灣高鐵","network:en":"THSR","network:zh":"台灣高鐵","operator":"台灣高速鐵路股份有限公司","railway":"rail","ref":"台灣高鐵","start_date":"2007-01-05","usage":"main","voltage":"25000","wikidata":"Q706198","wikipedia":"zh:台灣高鐵"},"id":"way/103263348"},{"type":"Feature","geometry":{"type":"LineString","coordinates":[[120.665969,24.277022],[120.664413,24.273868],[120.662433,24.271319]]},"properties":{"@id":"way/103397328","electrified":"contact_line","frequency":"60","gauge":"1435","highspeed":"yes","layer":"-2","loc_name":"神岡隧道","maxspeed":"300","name":"台灣高速鐵路","name:en":"Taiwan High Speed Rail","name:ja":"台湾高速鉄道","name:nan":"Tâi-oân-ko-sok-thih-lō͘","name:nan-Latn-pehoeji":"Tâi-oân-ko-sok-thih-lō͘","name:nan-Latn-tailo":"Tâi-uân-ko-sok-thih-lōo","name:ru":"Тайваньская высокоскоростная железная дорога","name:zh":"台灣高速鐵路","network":"台灣高鐵","network:en":"THSR","network:zh":"台灣高鐵","operator":"台灣高速鐵路股份有限公司","railway":"rail","ref":"台灣高鐵","start_date":"2007-01-05","tunnel":"yes","usage":"main","voltage":"25000","wikidata":"Q706198","wikipedia":"zh:台灣高鐵"},"id":"way/103397328"},{"type":"Feature","geometry":{"type":"LineString","coordinates":[[120.66767,24.280665],[120.668769,24.283368]]},"properties":{"@id":"way/103397329","electrified":"contact_line","embankment":"yes","frequency":"60","gauge":"1435","highspeed":"yes","maxspeed":"300","name":"台灣高速鐵路","name:en":"Taiwan High Speed Rail","name:ja":"台湾高速鉄道","name:nan":"Tâi-oân-ko-sok-thih-lō͘","name:nan-Latn-pehoeji":"Tâi-oân-ko-sok-thih-lō͘","name:nan-Latn-tailo":"Tâi-uân-ko-sok-thih-lōo","name:ru":"Тайваньская высокоскоростная железная дорога","name:zh":"台灣高速鐵路","network":"台灣高鐵","network:en":"THSR","network:zh":"台灣高鐵","operator":"台灣高速鐵路股份有限公司","railway":"rail","ref":"台灣高鐵","start_date":"2007-01-05","usage":"main","voltage":"25000","wikidata":"Q706198","wikipedia":"zh:台灣高鐵"},"id":"way/103397329"},{"type":"Feature","geometry":{"type":"LineString","coordinates":[[120.666972,24.279188],[120.66767,24.280665]]},"properties":{"@id":"way/103397330","bridge":"yes","electrified":"contact_line","frequency":"60","gauge":"1435","highspeed":"yes","maxspeed":"300","name":"台灣高速鐵路","name:en":"Taiwan High Speed Rail","name:ja":"台湾高速鉄道","name:nan":"Tâi-oân-ko-sok-thih-lō͘","name:nan-Latn-pehoeji":"Tâi-oân-ko-sok-thih-lō͘","name:nan-Latn-tailo":"Tâi-uân-ko-sok-thih-lōo","name:ru":"Тайваньская высокоскоростная железная дорога","name:zh":"台灣高速鐵路","network":"台灣高鐵","network:en":"THSR","network:zh":"台灣高鐵","operator":"台灣高速鐵路股份有限公司","railway":"rail","ref":"台灣高鐵","start_date":"2007-01-05","usage":"main","voltage":"25000","wikidata":"Q706198","wikipedia":"zh:台灣高鐵"},"id":"way/103397330"},{"type":"Feature","geometry":{"type":"LineString","coordinates":[[120.671891,24.296586],[120.671926,24.296888]]},"properties":{"@id":"way/103397331","bridge":"yes","electrified":"contact_line","frequency":"60","gauge":"1435","highspeed":"yes","maxspeed":"300","name":"台灣高速鐵路","name:en":"Taiwan High Speed Rail","name:ja":"台湾高速鉄道","name:nan":"Tâi-oân-ko-sok-thih-lō͘","name:nan-Latn-pehoeji":"Tâi-oân-ko-sok-thih-lō͘","name:nan-Latn-tailo":"Tâi-uân-ko-sok-thih-lōo","name:ru":"Тайваньская высокоскоростная железная дорога","name:zh":"台灣高速鐵路","network":"台灣高鐵","network:en":"THSR","network:zh":"台灣高鐵","operator":"台灣高速鐵路股份有限公司","railway":"rail","ref":"台灣高鐵","start_date":"2007-01-05","usage":"main","voltage":"25000","wikidata":"Q706198","wikipedia":"zh:台灣高鐵"},"id":"way/103397331"},{"type":"Feature","geometry":{"type":"LineString","coordinates":[[120.671553,24.293383],[120.671299,24.292152],[120.670956,24.290427],[120.670677,24.289219],[120.67041,24.288253],[120.670186,24.287499],[120.669775,24.286174],[120.669489,24.28527],[120.669079,24.284033],[120.668832,24.283342]]},"properties":{"@id":"way/103397332","bridge":"yes","electrified":"contact_line","frequency":"60","gauge":"1435","highspeed":"yes","layer":"2","maxspeed":"300","name":"台灣高速鐵路","name:en":"Taiwan High Speed Rail","name:ja":"台湾高速鉄道","name:nan":"Tâi-oân-ko-sok-thih-lō͘","name:nan-Latn-pehoeji":"Tâi-oân-ko-sok-thih-lō͘","name:nan-Latn-tailo":"Tâi-uân-ko-sok-thih-lōo","name:ru":"Тайваньская высокоскоростная железная дорога","name:zh":"台灣高速鐵路","network":"台灣高鐵","network:en":"THSR","network:zh":"台灣高鐵","operator":"台灣高速鐵路股份有限公司","railway":"rail","ref":"台灣高鐵","start_date":"2007-01-05","usage":"main","voltage":"25000","wikidata":"Q706198","wikipedia":"zh:台灣高鐵"},"id":"way/103397332"},{"type":"Feature","geometry":{"type":"LineString","coordinates":[[120.665908,24.277049],[120.666696,24.2786],[120.666972,24.279188]]},"properties":{"@id":"way/103397333","electrified":"contact_line","embankment":"yes","frequency":"60","gauge":"1435","highspeed":"yes","maxspeed":"300","name":"台灣高速鐵路","name:en":"Taiwan High Speed Rail","name:ja":"台湾高速鉄道","name:nan":"Tâi-oân-ko-sok-thih-lō͘","name:nan-Latn-pehoeji":"Tâi-oân-ko-sok-thih-lō͘","name:nan-Latn-tailo":"Tâi-uân-ko-sok-thih-lōo","name:ru":"Тайваньская высокоскоростная железная дорога","name:zh":"台灣高速鐵路","network":"台灣高鐵","network:en":"THSR","network:zh":"台灣高鐵","operator":"台灣高速鐵路股份有限公司","railway":"rail","ref":"台灣高鐵","start_date":"2007-01-05","usage":"main","voltage":"25000","wikidata":"Q706198","wikipedia":"zh:台灣高鐵"},"id":"way/103397333"},{"type":"Feature","geometry":{"type":"LineString","coordinates":[[120.671485,24.293401],[120.671624,24.294356],[120.671654,24.29453],[120.671679,24.294845],[120.671829,24.295854],[120.671891,24.296586]]},"properties":{"@id":"way/103397334","cutting":"yes","electrified":"contact_line","embankment":"yes","frequency":"60","gauge":"1435","highspeed":"yes","maxspeed":"300","name":"台灣高速鐵路","name:en":"Taiwan High Speed Rail","name:ja":"台湾高速鉄道","name:nan":"Tâi-oân-ko-sok-thih-lō͘","name:nan-Latn-pehoeji":"Tâi-oân-ko-sok-thih-lō͘","name:nan-Latn-tailo":"Tâi-uân-ko-sok-thih-lōo","name:ru":"Тайваньская высокоскоростная железная дорога","name:zh":"台灣高速鐵路","network":"台灣高鐵","network:en":"THSR","network:zh":"台灣高鐵","operator":"台灣高速鐵路股份有限公司","railway":"rail","ref":"台灣高鐵","start_date":"2007-01-05","usage":"main","voltage":"25000","wikidata":"Q706198","wikipedia":"zh:台灣高鐵"},"id":"way/103397334"},{"type":"Feature","geometry":{"type":"LineString","coordinates":[[120.671968,24.296576],[120.671857,24.295653],[120.671716,24.294372],[120.671553,24.293383]]},"properties":{"@id":"way/103397335","cutting":"yes","electrified":"contact_line","embankment":"yes","frequency":"60","gauge":"1435","highspeed":"yes","layer":"2","maxspeed":"300","name":"台灣高速鐵路","name:en":"Taiwan High Speed Rail","name:ja":"台湾高速鉄道","name:nan":"Tâi-oân-ko-sok-thih-lō͘","name:nan-Latn-pehoeji":"Tâi-oân-ko-sok-thih-lō͘","name:nan-Latn-tailo":"Tâi-uân-ko-sok-thih-lōo","name:ru":"Тайваньская высокоскоростная железная дорога","name:zh":"台灣高速鐵路","network":"台灣高鐵","network:en":"THSR","network:zh":"台灣高鐵","operator":"台灣高速鐵路股份有限公司","railway":"rail","ref":"台灣高鐵","start_date":"2007-01-05","usage":"main","voltage":"25000","wikidata":"Q706198","wikipedia":"zh:台灣高鐵"},"id":"way/103397335"},{"type":"Feature","geometry":{"type":"LineString","coordinates":[[120.672034,24.297229],[120.671999,24.296896]]},"properties":{"@id":"way/103397336","bridge":"yes","electrified":"contact_line","frequency":"60","gauge":"1435","highspeed":"yes","layer":"2","maxspeed":"300","name":"台灣高速鐵路","name:en":"Taiwan High Speed Rail","name:ja":"台湾高速鉄道","name:nan":"Tâi-oân-ko-sok-thih-lō͘","name:nan-Latn-pehoeji":"Tâi-oân-ko-sok-thih-lō͘","name:nan-Latn-tailo":"Tâi-uân-ko-sok-thih-lōo","name:ru":"Тайваньская высокоскоростная железная дорога","name:zh":"台灣高速鐵路","network":"台灣高鐵","network:en":"THSR","network:zh":"台灣高鐵","operator":"台灣高速鐵路股份有限公司","railway":"rail","ref":"台灣高鐵","start_date":"2007-01-05","usage":"main","voltage":"25000","wikidata":"Q706198","wikipedia":"zh:台灣高鐵"},"id":"way/103397336"},{"type":"Feature","geometry":{"type":"LineString","coordinates":[[120.662433,24.271319],[120.661942,24.270566],[120.661272,24.269755]]},"properties":{"@id":"way/103397337","cutting":"yes","electrified":"contact_line","frequency":"60","gauge":"1435","highspeed":"yes","maxspeed":"300","name":"台灣高速鐵路","name:en":"Taiwan High Speed Rail","name:ja":"台湾高速鉄道","name:nan":"Tâi-oân-ko-sok-thih-lō͘","name:nan-Latn-pehoeji":"Tâi-oân-ko-sok-thih-lō͘","name:nan-Latn-tailo":"Tâi-uân-ko-sok-thih-lōo","name:ru":"Тайваньская высокоскоростная железная дорога","name:zh":"台灣高速鐵路","network":"台灣高鐵","network:en":"THSR","network:zh":"台灣高鐵","operator":"台灣高速鐵路股份有限公司","railway":"rail","ref":"台灣高鐵","start_date":"2007-01-05","usage":"main","voltage":"25000","wikidata":"Q706198","wikipedia":"zh:台灣高鐵"},"id":"way/103397337"},{"type":"Feature","geometry":{"type":"LineString","coordinates":[[120.667734,24.280643],[120.667019,24.279139]]},"properties":{"@id":"way/103397338","bridge":"yes","electrified":"contact_line","frequency":"60","gauge":"1435","highspeed":"yes","layer":"2","maxspeed":"300","name":"台灣高速鐵路","name:en":"Taiwan High Speed Rail","name:ja":"台湾高速鉄道","name:nan":"Tâi-oân-ko-sok-thih-lō͘","name:nan-Latn-pehoeji":"Tâi-oân-ko-sok-thih-lō͘","name:nan-Latn-tailo":"Tâi-uân-ko-sok-thih-lōo","name:ru":"Тайваньская высокоскоростная железная дорога","name:zh":"台灣高速鐵路","network":"台灣高鐵","network:en":"THSR","network:zh":"台灣高鐵","operator":"台灣高速鐵路股份有限公司","railway":"rail","ref":"台灣高鐵","start_date":"2007-01-05","usage":"main","voltage":"25000","wikidata":"Q706198","wikipedia":"zh:台灣高鐵"},"id":"way/103397338"},{"type":"Feature","geometry":{"type":"LineString","coordinates":[[120.662374,24.271343],[120.664351,24.273881],[120.665908,24.277049]]},"properties":{"@id":"way/103397339","electrified":"contact_line","frequency":"60","gauge":"1435","highspeed":"yes","layer":"-2","loc_name":"神岡隧道","maxspeed":"300","name":"台灣高速鐵路","name:en":"Taiwan High Speed Rail","name:ja":"台湾高速鉄道","name:nan":"Tâi-oân-ko-sok-thih-lō͘","name:nan-Latn-pehoeji":"Tâi-oân-ko-sok-thih-lō͘","name:nan-Latn-tailo":"Tâi-uân-ko-sok-thih-lōo","name:ru":"Тайваньская высокоскоростная железная дорога","name:zh":"台灣高速鐵路","network":"台灣高鐵","network:en":"THSR","network:zh":"台灣高鐵","operator":"台灣高速鐵路股份有限公司","railway":"rail","ref":"台灣高鐵","start_date":"2007-01-05","tunnel":"yes","usage":"main","voltage":"25000","wikidata":"Q706198","wikipedia":"zh:台灣高鐵"},"id":"way/103397339"},{"type":"Feature","geometry":{"type":"LineString","coordinates":[[120.667019,24.279139],[120.666637,24.278338],[120.665969,24.277022]]},"properties":{"@id":"way/103397340","electrified":"contact_line","embankment":"yes","frequency":"60","gauge":"1435","highspeed":"yes","layer":"2","maxspeed":"300","name":"台灣高速鐵路","name:en":"Taiwan High Speed Rail","name:ja":"台湾高速鉄道","name:nan":"Tâi-oân-ko-sok-thih-lō͘","name:nan-Latn-pehoeji":"Tâi-oân-ko-sok-thih-lō͘","name:nan-Latn-tailo":"Tâi-uân-ko-sok-thih-lōo","name:ru":"Тайваньская высокоскоростная железная дорога","name:zh":"台灣高速鐵路","network":"台灣高鐵","network:en":"THSR","network:zh":"台灣高鐵","operator":"台灣高速鐵路股份有限公司","railway":"rail","ref":"台灣高鐵","start_date":"2007-01-05","usage":"main","voltage":"25000","wikidata":"Q706198","wikipedia":"zh:台灣高鐵"},"id":"way/103397340"},{"type":"Feature","geometry":{"type":"LineString","coordinates":[[120.671963,24.297242],[120.672045,24.298032],[120.672155,24.299227],[120.672253,24.300381],[120.672345,24.301532],[120.672433,24.302538],[120.672558,24.304042],[120.672638,24.304955],[120.672758,24.306395],[120.672826,24.307235],[120.672892,24.308138],[120.673006,24.309289],[120.673031,24.309682]]},"properties":{"@id":"way/103397341","bridge":"viaduct","electrified":"contact_line","frequency":"60","gauge":"1435","highspeed":"yes","layer":"2","maxspeed":"300","name":"台灣高速鐵路","name:en":"Taiwan High Speed Rail","name:ja":"台湾高速鉄道","name:nan":"Tâi-oân-ko-sok-thih-lō͘","name:nan-Latn-pehoeji":"Tâi-oân-ko-sok-thih-lō͘","name:nan-Latn-tailo":"Tâi-uân-ko-sok-thih-lōo","name:ru":"Тайваньская высокоскоростная железная дорога","name:zh":"台灣高速鐵路","network":"台灣高鐵","network:en":"THSR","network:zh":"台灣高鐵","operator":"台灣高速鐵路股份有限公司","railway":"rail","ref":"台灣高鐵","start_date":"2007-01-05","usage":"main","voltage":"25000","wikidata":"Q706198","wikipedia":"zh:台灣高鐵"},"id":"way/103397341"},{"type":"Feature","geometry":{"type":"LineString","coordinates":[[120.671999,24.296896],[120.671968,24.296576]]},"properties":{"@id":"way/103397342","bridge":"yes","electrified":"contact_line","frequency":"60","gauge":"1435","highspeed":"yes","layer":"2","maxspeed":"300","name":"台灣高速鐵路","name:en":"Taiwan High Speed Rail","name:ja":"台湾高速鉄道","name:nan":"Tâi-oân-ko-sok-thih-lō͘","name:nan-Latn-pehoeji":"Tâi-oân-ko-sok-thih-lō͘","name:nan-Latn-tailo":"Tâi-uân-ko-sok-thih-lōo","name:ru":"Тайваньская высокоскоростная железная дорога","name:zh":"台灣高速鐵路","network":"台灣高鐵","network:en":"THSR","network:zh":"台灣高鐵","operator":"台灣高速鐵路股份有限公司","railway":"rail","ref":"台灣高鐵","start_date":"2007-01-05","usage":"main","voltage":"25000","wikidata":"Q706198","wikipedia":"zh:台灣高鐵"},"id":"way/103397342"},{"type":"Feature","geometry":{"type":"LineString","coordinates":[[120.671926,24.296888],[120.671932,24.296937],[120.671963,24.297242]]},"properties":{"@id":"way/103397343","bridge":"yes","electrified":"contact_line","frequency":"60","gauge":"1435","highspeed":"yes","maxspeed":"300","name":"台灣高速鐵路","name:en":"Taiwan High Speed Rail","name:ja":"台湾高速鉄道","name:nan":"Tâi-oân-ko-sok-thih-lō͘","name:nan-Latn-pehoeji":"Tâi-oân-ko-sok-thih-lō͘","name:nan-Latn-tailo":"Tâi-uân-ko-sok-thih-lōo","name:ru":"Тайваньская высокоскоростная железная дорога","name:zh":"台灣高速鐵路","network":"台灣高鐵","network:en":"THSR","network:zh":"台灣高鐵","operator":"台灣高速鐵路股份有限公司","railway":"rail","ref":"台灣高鐵","start_date":"2007-01-05","usage":"main","voltage":"25000","wikidata":"Q706198","wikipedia":"zh:台灣高鐵"},"id":"way/103397343"},{"type":"Feature","geometry":{"type":"LineString","coordinates":[[120.668832,24.283342],[120.6687,24.283009],[120.668215,24.281833],[120.667734,24.280643]]},"properties":{"@id":"way/103397345","electrified":"contact_line","embankment":"yes","frequency":"60","gauge":"1435","highspeed":"yes","layer":"2","maxspeed":"300","name":"台灣高速鐵路","name:en":"Taiwan High Speed Rail","name:ja":"台湾高速鉄道","name:nan":"Tâi-oân-ko-sok-thih-lō͘","name:nan-Latn-pehoeji":"Tâi-oân-ko-sok-thih-lō͘","name:nan-Latn-tailo":"Tâi-uân-ko-sok-thih-lōo","name:ru":"Тайваньская высокоскоростная железная дорога","name:zh":"台灣高速鐵路","network":"台灣高鐵","network:en":"THSR","network:zh":"台灣高鐵","operator":"台灣高速鐵路股份有限公司","railway":"rail","ref":"台灣高鐵","start_date":"2007-01-05","usage":"main","voltage":"25000","wikidata":"Q706198","wikipedia":"zh:台灣高鐵"},"id":"way/103397345"},{"type":"Feature","geometry":{"type":"LineString","coordinates":[[120.66122,24.269783],[120.662374,24.271343]]},"properties":{"@id":"way/103397346","cutting":"yes","electrified":"contact_line","frequency":"60","gauge":"1435","highspeed":"yes","maxspeed":"300","name":"台灣高速鐵路","name:en":"Taiwan High Speed Rail","name:ja":"台湾高速鉄道","name:nan":"Tâi-oân-ko-sok-thih-lō͘","name:nan-Latn-pehoeji":"Tâi-oân-ko-sok-thih-lō͘","name:nan-Latn-tailo":"Tâi-uân-ko-sok-thih-lōo","name:ru":"Тайваньская высокоскоростная железная дорога","name:zh":"台灣高速鐵路","network":"台灣高鐵","network:en":"THSR","network:zh":"台灣高鐵","operator":"台灣高速鐵路股份有限公司","railway":"rail","ref":"台灣高鐵","start_date":"2007-01-05","usage":"main","voltage":"25000","wikidata":"Q706198","wikipedia":"zh:台灣高鐵"},"id":"way/103397346"},{"type":"Feature","geometry":{"type":"LineString","coordinates":[[120.613795,24.089851],[120.614273,24.095349],[120.614325,24.095835],[120.614688,24.099511]]},"properties":{"@id":"way/103495680","bridge":"viaduct","electrified":"contact_line","frequency":"60","gauge":"1435","highspeed":"yes","layer":"3","maxspeed":"300","name":"台灣高速鐵路","name:en":"Taiwan High Speed Rail","name:ja":"台湾高速鉄道","name:nan":"Tâi-oân-ko-sok-thih-lō͘","name:nan-Latn-pehoeji":"Tâi-oân-ko-sok-thih-lō͘","name:nan-Latn-tailo":"Tâi-uân-ko-sok-thih-lōo","name:ru":"Тайваньская высокоскоростная железная дорога","name:zh":"台灣高速鐵路","network":"台灣高鐵","network:en":"THSR","network:zh":"台灣高鐵","operator":"台灣高速鐵路股份有限公司","railway":"rail","ref":"台灣高鐵","start_date":"2007-01-05","usage":"main","voltage":"25000","wikidata":"Q706198","wikipedia":"zh:台灣高鐵"},"id":"way/103495680"},{"type":"Feature","geometry":{"type":"LineString","coordinates":[[120.609194,24.06724],[120.609649,24.068494],[120.610409,24.070664]]},"properties":{"@id":"way/104635030","cutting":"yes","electrified":"contact_line","frequency":"60","gauge":"1435","highspeed":"yes","layer":"1","maxspeed":"300","name":"台灣高速鐵路","name:en":"Taiwan High Speed Rail","name:ja":"台湾高速鉄道","name:nan":"Tâi-oân-ko-sok-thih-lō͘","name:nan-Latn-pehoeji":"Tâi-oân-ko-sok-thih-lō͘","name:nan-Latn-tailo":"Tâi-uân-ko-sok-thih-lōo","name:ru":"Тайваньская высокоскоростная железная дорога","name:zh":"台灣高速鐵路","network":"台灣高鐵","network:en":"THSR","network:zh":"台灣高鐵","operator":"台灣高速鐵路股份有限公司","railway":"rail","ref":"台灣高鐵","start_date":"2007-01-05","usage":"main","voltage":"25000","wikidata":"Q706198","wikipedia":"zh:台灣高鐵"},"id":"way/104635030"},{"type":"Feature","geometry":{"type":"LineString","coordinates":[[120.610409,24.070664],[120.610482,24.070867],[120.610628,24.071277],[120.610779,24.071728],[120.611139,24.072809],[120.611362,24.073633],[120.611699,24.074815]]},"properties":{"@id":"way/104635032","bridge":"viaduct","electrified":"contact_line","frequency":"60","gauge":"1435","highspeed":"yes","layer":"1","maxspeed":"300","name":"台灣高速鐵路","name:en":"Taiwan High Speed Rail","name:ja":"台湾高速鉄道","name:nan":"Tâi-oân-ko-sok-thih-lō͘","name:nan-Latn-pehoeji":"Tâi-oân-ko-sok-thih-lō͘","name:nan-Latn-tailo":"Tâi-uân-ko-sok-thih-lōo","name:ru":"Тайваньская высокоскоростная железная дорога","name:zh":"台灣高速鐵路","network":"台灣高鐵","network:en":"THSR","network:zh":"台灣高鐵","operator":"台灣高速鐵路股份有限公司","railway":"rail","ref":"台灣高鐵","start_date":"2007-01-05","usage":"main","voltage":"25000","wikidata":"Q706198","wikipedia":"zh:台灣高鐵"},"id":"way/104635032"},{"type":"Feature","geometry":{"type":"LineString","coordinates":[[120.608327,24.064827],[120.608542,24.065398],[120.608745,24.066011],[120.609194,24.06724]]},"properties":{"@id":"way/104635034","bridge":"yes","electrified":"contact_line","frequency":"60","gauge":"1435","highspeed":"yes","layer":"1","maxspeed":"300","name":"台灣高速鐵路","name:en":"Taiwan High Speed Rail","name:ja":"台湾高速鉄道","name:nan":"Tâi-oân-ko-sok-thih-lō͘","name:nan-Latn-pehoeji":"Tâi-oân-ko-sok-thih-lō͘","name:nan-Latn-tailo":"Tâi-uân-ko-sok-thih-lōo","name:ru":"Тайваньская высокоскоростная железная дорога","name:zh":"台灣高速鐵路","network":"台灣高鐵","network:en":"THSR","network:zh":"台灣高鐵","operator":"台灣高速鐵路股份有限公司","railway":"rail","ref":"台灣高鐵","start_date":"2007-01-05","usage":"main","voltage":"25000","wikidata":"Q706198","wikipedia":"zh:台灣高鐵"},"id":"way/104635034"},{"type":"Feature","geometry":{"type":"LineString","coordinates":[[121.198729,24.996927],[121.192315,24.990556],[121.187634,24.985853],[121.187079,24.985283],[121.186515,24.984717],[121.185395,24.983583]]},"properties":{"@id":"way/105152714","bridge":"viaduct","electrified":"contact_line","frequency":"60","gauge":"1435","highspeed":"yes","layer":"1","maxspeed":"300","name":"台灣高速鐵路","name:en":"Taiwan High Speed Rail","name:ja":"台湾高速鉄道","name:nan":"Tâi-oân-ko-sok-thih-lō͘","name:nan-Latn-pehoeji":"Tâi-oân-ko-sok-thih-lō͘","name:nan-Latn-tailo":"Tâi-uân-ko-sok-thih-lōo","name:ru":"Тайваньская высокоскоростная железная дорога","name:zh":"台灣高速鐵路","network":"台灣高鐵","network:en":"THSR","network:zh":"台灣高鐵","operator":"台灣高速鐵路股份有限公司","railway":"rail","ref":"台灣高鐵","start_date":"2007-01-05","usage":"main","voltage":"25000","wikidata":"Q706198","wikipedia":"zh:台灣高鐵"},"id":"way/105152714"},{"type":"Feature","geometry":{"type":"LineString","coordinates":[[121.218814,25.016933],[121.218647,25.016785]]},"properties":{"@id":"way/105152718","electrified":"contact_line","frequency":"60","gauge":"1435","highspeed":"yes","layer":"-1","maxspeed":"300","name":"台灣高速鐵路","name:en":"Taiwan High Speed Rail","name:ja":"台湾高速鉄道","name:nan":"Tâi-oân-ko-sok-thih-lō͘","name:nan-Latn-pehoeji":"Tâi-oân-ko-sok-thih-lō͘","name:nan-Latn-tailo":"Tâi-uân-ko-sok-thih-lōo","name:ru":"Тайваньская высокоскоростная железная дорога","name:zh":"台灣高速鐵路","network":"台灣高鐵","network:en":"THSR","network:zh":"台灣高鐵","operator":"台灣高速鐵路股份有限公司","railway":"rail","ref":"台灣高鐵","start_date":"2007-01-05","tunnel":"yes","usage":"main","voltage":"25000","wikidata":"Q706198","wikipedia":"zh:台灣高鐵"},"id":"way/105152718"},{"type":"Feature","geometry":{"type":"LineString","coordinates":[[121.240872,25.03816],[121.240533,25.037841],[121.239796,25.037183],[121.239038,25.036492],[121.238219,25.035744],[121.237726,25.035296],[121.236857,25.034495],[121.235922,25.033622],[121.235248,25.033004],[121.234577,25.032382],[121.233768,25.03162],[121.233137,25.031049],[121.232278,25.030226],[121.231785,25.029758],[121.231137,25.029133],[121.230012,25.028039],[121.227615,25.025658],[121.227179,25.025221],[121.225717,25.023772],[121.224666,25.022716],[121.223896,25.021966],[121.223198,25.02128]]},"properties":{"@id":"way/105152723","bridge":"viaduct","electrified":"contact_line","frequency":"60","gauge":"1435","highspeed":"yes","layer":"2","maxspeed":"300","name":"台灣高速鐵路","name:en":"Taiwan High Speed Rail","name:ja":"台湾高速鉄道","name:nan":"Tâi-oân-ko-sok-thih-lō͘","name:nan-Latn-pehoeji":"Tâi-oân-ko-sok-thih-lō͘","name:nan-Latn-tailo":"Tâi-uân-ko-sok-thih-lōo","name:ru":"Тайваньская высокоскоростная железная дорога","name:zh":"台灣高速鐵路","network":"台灣高鐵","network:en":"THSR","network:zh":"台灣高鐵","operator":"台灣高速鐵路股份有限公司","railway":"rail","ref":"台灣高鐵","start_date":"2007-01-05","usage":"main","voltage":"25000","wikidata":"Q706198","wikipedia":"zh:台灣高鐵"},"id":"way/105152723"},{"type":"Feature","geometry":{"type":"LineString","coordinates":[[121.201157,24.999346],[121.198729,24.996927]]},"properties":{"@id":"way/105152756","electrified":"contact_line","frequency":"60","gauge":"1435","highspeed":"yes","maxspeed":"300","name":"台灣高速鐵路","name:en":"Taiwan High Speed Rail","name:ja":"台湾高速鉄道","name:nan":"Tâi-oân-ko-sok-thih-lō͘","name:nan-Latn-pehoeji":"Tâi-oân-ko-sok-thih-lō͘","name:nan-Latn-tailo":"Tâi-uân-ko-sok-thih-lōo","name:ru":"Тайваньская высокоскоростная железная дорога","name:zh":"台灣高速鐵路","network":"台灣高鐵","network:en":"THSR","network:zh":"台灣高鐵","operator":"台灣高速鐵路股份有限公司","railway":"rail","ref":"台灣高鐵","start_date":"2007-01-05","usage":"main","voltage":"25000","wikidata":"Q706198","wikipedia":"zh:台灣高鐵"},"id":"way/105152756"},{"type":"Feature","geometry":{"type":"LineString","coordinates":[[121.220397,25.018517],[121.219591,25.017708]]},"properties":{"@id":"way/105152778","bridge":"viaduct","cutting":"yes","electrified":"contact_line","frequency":"60","gauge":"1435","highspeed":"yes","maxspeed":"300","name":"台灣高速鐵路","name:en":"Taiwan High Speed Rail","name:ja":"台湾高速鉄道","name:nan":"Tâi-oân-ko-sok-thih-lō͘","name:nan-Latn-pehoeji":"Tâi-oân-ko-sok-thih-lō͘","name:nan-Latn-tailo":"Tâi-uân-ko-sok-thih-lōo","name:ru":"Тайваньская высокоскоростная железная дорога","name:zh":"台灣高速鐵路","network":"台灣高鐵","network:en":"THSR","network:zh":"台灣高鐵","operator":"台灣高速鐵路股份有限公司","railway":"rail","ref":"台灣高鐵","start_date":"2007-01-05","usage":"main","voltage":"25000","wikidata":"Q706198","wikipedia":"zh:台灣高鐵"},"id":"way/105152778"},{"type":"Feature","geometry":{"type":"LineString","coordinates":[[121.328808,25.045381],[121.324811,25.047649]]},"properties":{"@id":"way/105198002","electrified":"contact_line","frequency":"60","gauge":"1435","highspeed":"yes","layer":"-4","maxspeed":"300","name":"台灣高速鐵路","name:en":"Taiwan High Speed Rail","name:ja":"台湾高速鉄道","name:nan":"Tâi-oân-ko-sok-thih-lō͘","name:nan-Latn-pehoeji":"Tâi-oân-ko-sok-thih-lō͘","name:nan-Latn-tailo":"Tâi-uân-ko-sok-thih-lōo","name:ru":"Тайваньская высокоскоростная железная дорога","name:zh":"台灣高速鐵路","network":"台灣高鐵","network:en":"THSR","network:zh":"台灣高鐵","operator":"台灣高速鐵路股份有限公司","railway":"rail","ref":"台灣高鐵","start_date":"2007-01-05","tunnel":"yes","usage":"main","voltage":"25000","wikidata":"Q706198","wikipedia":"zh:台灣高鐵"},"id":"way/105198002"},{"type":"Feature","geometry":{"type":"LineString","coordinates":[[121.307741,25.056094],[121.306991,25.056346]]},"properties":{"@id":"way/105198004","bridge":"viaduct","electrified":"contact_line","frequency":"60","gauge":"1435","highspeed":"yes","layer":"1","maxspeed":"300","name":"台灣高速鐵路","name:en":"Taiwan High Speed Rail","name:ja":"台湾高速鉄道","name:nan":"Tâi-oân-ko-sok-thih-lō͘","name:nan-Latn-pehoeji":"Tâi-oân-ko-sok-thih-lō͘","name:nan-Latn-tailo":"Tâi-uân-ko-sok-thih-lōo","name:ru":"Тайваньская высокоскоростная железная дорога","name:zh":"台灣高速鐵路","network":"台灣高鐵","network:en":"THSR","network:zh":"台灣高鐵","operator":"台灣高速鐵路股份有限公司","railway":"rail","ref":"台灣高鐵","start_date":"2007-01-05","usage":"main","voltage":"25000","wikidata":"Q706198","wikipedia":"zh:台灣高鐵"},"id":"way/105198004"},{"type":"Feature","geometry":{"type":"LineString","coordinates":[[121.320897,25.049868],[121.314319,25.053413]]},"properties":{"@id":"way/105198005","electrified":"contact_line","frequency":"60","gauge":"1435","highspeed":"yes","layer":"-4","maxspeed":"300","name":"台灣高速鐵路","name:en":"Taiwan High Speed Rail","name:ja":"台湾高速鉄道","name:nan":"Tâi-oân-ko-sok-thih-lō͘","name:nan-Latn-pehoeji":"Tâi-oân-ko-sok-thih-lō͘","name:nan-Latn-tailo":"Tâi-uân-ko-sok-thih-lōo","name:ru":"Тайваньская высокоскоростная железная дорога","name:zh":"台灣高速鐵路","network":"台灣高鐵","network:en":"THSR","network:zh":"台灣高鐵","operator":"台灣高速鐵路股份有限公司","railway":"rail","ref":"台灣高鐵","start_date":"2007-01-05","tunnel":"yes","usage":"main","voltage":"25000","wikidata":"Q706198","wikipedia":"zh:台灣高鐵"},"id":"way/105198005"},{"type":"Feature","geometry":{"type":"LineString","coordinates":[[121.309061,25.055643],[121.307851,25.056054]]},"properties":{"@id":"way/105198006","electrified":"contact_line","frequency":"60","gauge":"1435","highspeed":"yes","layer":"5","maxspeed":"300","name":"台灣高速鐵路","name:en":"Taiwan High Speed Rail","name:ja":"台湾高速鉄道","name:nan":"Tâi-oân-ko-sok-thih-lō͘","name:nan-Latn-pehoeji":"Tâi-oân-ko-sok-thih-lō͘","name:nan-Latn-tailo":"Tâi-uân-ko-sok-thih-lōo","name:ru":"Тайваньская высокоскоростная железная дорога","name:zh":"台灣高速鐵路","network":"台灣高鐵","network:en":"THSR","network:zh":"台灣高鐵","operator":"台灣高速鐵路股份有限公司","railway":"rail","ref":"台灣高鐵","start_date":"2007-01-05","tunnel":"yes","usage":"main","voltage":"25000","wikidata":"Q706198","wikipedia":"zh:台灣高鐵"},"id":"way/105198006"},{"type":"Feature","geometry":{"type":"LineString","coordinates":[[121.324248,25.047972],[121.322733,25.048842],[121.321077,25.04976]]},"properties":{"@id":"way/105198008","bridge":"viaduct","electrified":"contact_line","frequency":"60","gauge":"1435","highspeed":"yes","layer":"6","maxspeed":"300","name":"台灣高速鐵路","name:en":"Taiwan High Speed Rail","name:ja":"台湾高速鉄道","name:nan":"Tâi-oân-ko-sok-thih-lō͘","name:nan-Latn-pehoeji":"Tâi-oân-ko-sok-thih-lō͘","name:nan-Latn-tailo":"Tâi-uân-ko-sok-thih-lōo","name:ru":"Тайваньская высокоскоростная железная дорога","name:zh":"台灣高速鐵路","network":"台灣高鐵","network:en":"THSR","network:zh":"台灣高鐵","operator":"台灣高速鐵路股份有限公司","railway":"rail","ref":"台灣高鐵","start_date":"2007-01-05","usage":"main","voltage":"25000","wikidata":"Q706198","wikipedia":"zh:台灣高鐵"},"id":"way/105198008"},{"type":"Feature","geometry":{"type":"LineString","coordinates":[[121.310302,25.055197],[121.309241,25.055577]]},"properties":{"@id":"way/105198010","bridge":"viaduct","electrified":"contact_line","frequency":"60","gauge":"1435","highspeed":"yes","layer":"1","maxspeed":"300","name":"台灣高速鐵路","name:en":"Taiwan High Speed Rail","name:ja":"台湾高速鉄道","name:nan":"Tâi-oân-ko-sok-thih-lō͘","name:nan-Latn-pehoeji":"Tâi-oân-ko-sok-thih-lō͘","name:nan-Latn-tailo":"Tâi-uân-ko-sok-thih-lōo","name:ru":"Тайваньская высокоскоростная железная дорога","name:zh":"台灣高速鐵路","network":"台灣高鐵","network:en":"THSR","network:zh":"台灣高鐵","operator":"台灣高速鐵路股份有限公司","railway":"rail","ref":"台灣高鐵","start_date":"2007-01-05","usage":"main","voltage":"25000","wikidata":"Q706198","wikipedia":"zh:台灣高鐵"},"id":"way/105198010"},{"type":"Feature","geometry":{"type":"LineString","coordinates":[[121.298171,25.058567],[121.29799,25.058599],[121.297009,25.058751],[121.296116,25.058883],[121.29525,25.058996],[121.294476,25.059083],[121.293304,25.059205],[121.292254,25.059289],[121.290681,25.059378],[121.289053,25.059435],[121.287842,25.059451],[121.286637,25.059445],[121.284897,25.059388],[121.284302,25.05935],[121.283636,25.059313],[121.28259,25.059236],[121.281924,25.059175],[121.280652,25.05905],[121.279378,25.058886],[121.278471,25.05876],[121.277497,25.058593],[121.276905,25.058495],[121.276115,25.058347],[121.275084,25.058143],[121.274166,25.057953],[121.273254,25.057728],[121.272153,25.057439],[121.27113,25.057177],[121.270152,25.05689],[121.269019,25.056554],[121.268124,25.056255],[121.267198,25.05594],[121.266308,25.055604],[121.265276,25.055214],[121.263816,25.054626],[121.263098,25.054308],[121.261824,25.053726],[121.260374,25.053058],[121.259145,25.052389],[121.258378,25.051984],[121.257293,25.051372],[121.256347,25.050816],[121.255119,25.05006],[121.254002,25.049333],[121.253335,25.048859],[121.252615,25.048365]]},"properties":{"@id":"way/105198011","bridge":"viaduct","electrified":"contact_line","frequency":"60","gauge":"1435","highspeed":"yes","layer":"1","maxspeed":"300","name":"台灣高速鐵路","name:en":"Taiwan High Speed Rail","name:ja":"台湾高速鉄道","name:nan":"Tâi-oân-ko-sok-thih-lō͘","name:nan-Latn-pehoeji":"Tâi-oân-ko-sok-thih-lō͘","name:nan-Latn-tailo":"Tâi-uân-ko-sok-thih-lōo","name:ru":"Тайваньская высокоскоростная железная дорога","name:zh":"台灣高速鐵路","network":"台灣高鐵","network:en":"THSR","network:zh":"台灣高鐵","operator":"台灣高速鐵路股份有限公司","railway":"rail","ref":"台灣高鐵","start_date":"2007-01-05","usage":"main","voltage":"25000","wikidata":"Q706198","wikipedia":"zh:台灣高鐵"},"id":"way/105198011"},{"type":"Feature","geometry":{"type":"LineString","coordinates":[[121.31237,25.054336],[121.31081,25.054997]]},"properties":{"@id":"way/105198023","electrified":"contact_line","frequency":"60","gauge":"1435","highspeed":"yes","layer":"5","maxspeed":"300","name":"台灣高速鐵路","name:en":"Taiwan High Speed Rail","name:ja":"台湾高速鉄道","name:nan":"Tâi-oân-ko-sok-thih-lō͘","name:nan-Latn-pehoeji":"Tâi-oân-ko-sok-thih-lō͘","name:nan-Latn-tailo":"Tâi-uân-ko-sok-thih-lōo","name:ru":"Тайваньская высокоскоростная железная дорога","name:zh":"台灣高速鐵路","network":"台灣高鐵","network:en":"THSR","network:zh":"台灣高鐵","operator":"台灣高速鐵路股份有限公司","railway":"rail","ref":"台灣高鐵","start_date":"2007-01-05","tunnel":"yes","usage":"main","voltage":"25000","wikidata":"Q706198","wikipedia":"zh:台灣高鐵"},"id":"way/105198023"},{"type":"Feature","geometry":{"type":"LineString","coordinates":[[121.306845,25.056399],[121.304547,25.0571],[121.302215,25.05771],[121.299815,25.058241]]},"properties":{"@id":"way/105198025","electrified":"contact_line","frequency":"60","gauge":"1435","highspeed":"yes","layer":"-4","maxspeed":"300","name":"台灣高速鐵路","name:en":"Taiwan High Speed Rail","name:ja":"台湾高速鉄道","name:nan":"Tâi-oân-ko-sok-thih-lō͘","name:nan-Latn-pehoeji":"Tâi-oân-ko-sok-thih-lō͘","name:nan-Latn-tailo":"Tâi-uân-ko-sok-thih-lōo","name:ru":"Тайваньская высокоскоростная железная дорога","name:zh":"台灣高速鐵路","network":"台灣高鐵","network:en":"THSR","network:zh":"台灣高鐵","operator":"台灣高速鐵路股份有限公司","railway":"rail","ref":"台灣高鐵","start_date":"2007-01-05","tunnel":"yes","usage":"main","voltage":"25000","wikidata":"Q706198","wikipedia":"zh:台灣高鐵"},"id":"way/105198025"},{"type":"Feature","geometry":{"type":"LineString","coordinates":[[121.313945,25.05359],[121.312793,25.054136]]},"properties":{"@id":"way/105198030","bridge":"viaduct","electrified":"contact_line","frequency":"60","gauge":"1435","highspeed":"yes","layer":"1","maxspeed":"300","name":"台灣高速鐵路","name:en":"Taiwan High Speed Rail","name:ja":"台湾高速鉄道","name:nan":"Tâi-oân-ko-sok-thih-lō͘","name:nan-Latn-pehoeji":"Tâi-oân-ko-sok-thih-lō͘","name:nan-Latn-tailo":"Tâi-uân-ko-sok-thih-lōo","name:ru":"Тайваньская высокоскоростная железная дорога","name:zh":"台灣高速鐵路","network":"台灣高鐵","network:en":"THSR","network:zh":"台灣高鐵","operator":"台灣高速鐵路股份有限公司","railway":"rail","ref":"台灣高鐵","start_date":"2007-01-05","usage":"main","voltage":"25000","wikidata":"Q706198","wikipedia":"zh:台灣高鐵"},"id":"way/105198030"},{"type":"Feature","geometry":{"type":"LineString","coordinates":[[121.332259,25.043453],[121.329148,25.045191]]},"properties":{"@id":"way/105198823","bridge":"viaduct","electrified":"contact_line","frequency":"60","gauge":"1435","highspeed":"yes","layer":"2","maxspeed":"300","name":"台灣高速鐵路","name:en":"Taiwan High Speed Rail","name:ja":"台湾高速鉄道","name:nan":"Tâi-oân-ko-sok-thih-lō͘","name:nan-Latn-pehoeji":"Tâi-oân-ko-sok-thih-lō͘","name:nan-Latn-tailo":"Tâi-uân-ko-sok-thih-lōo","name:ru":"Тайваньская высокоскоростная железная дорога","name:zh":"台灣高速鐵路","network":"台灣高鐵","network:en":"THSR","network:zh":"台灣高鐵","operator":"台灣高速鐵路股份有限公司","railway":"rail","ref":"台灣高鐵","start_date":"2007-01-05","usage":"main","voltage":"25000","wikidata":"Q706198","wikipedia":"zh:台灣高鐵"},"id":"way/105198823"},{"type":"Feature","geometry":{"type":"LineString","coordinates":[[120.61665,24.119644],[120.617279,24.126477],[120.617625,24.13003],[120.617738,24.131281],[120.617812,24.13187],[120.617933,24.133369],[120.618116,24.135017],[120.618256,24.13651],[120.618498,24.13863],[120.618609,24.139954],[120.618878,24.14213],[120.619066,24.143391],[120.619232,24.144481],[120.619442,24.145969],[120.619612,24.14718],[120.620006,24.149784],[120.620258,24.151396],[120.620541,24.153265],[120.620833,24.155172],[120.621022,24.15636],[120.621145,24.157235],[120.621512,24.159473],[120.621956,24.161726],[120.62235,24.163457],[120.622763,24.165116],[120.623175,24.166577],[120.623476,24.167523],[120.623936,24.168958],[120.624791,24.171546],[120.625425,24.173337],[120.626257,24.175663],[120.627149,24.17816],[120.627869,24.180226],[120.628745,24.18266],[120.629113,24.183691]]},"properties":{"@id":"way/110110044","bridge":"viaduct","electrified":"contact_line","frequency":"60","gauge":"1435","highspeed":"yes","layer":"3","maxspeed":"300","name":"台灣高速鐵路","name:en":"Taiwan High Speed Rail","name:ja":"台湾高速鉄道","name:nan":"Tâi-oân-ko-sok-thih-lō͘","name:nan-Latn-pehoeji":"Tâi-oân-ko-sok-thih-lō͘","name:nan-Latn-tailo":"Tâi-uân-ko-sok-thih-lōo","name:ru":"Тайваньская высокоскоростная железная дорога","name:zh":"台灣高速鐵路","network":"台灣高鐵","network:en":"THSR","network:zh":"台灣高鐵","operator":"台灣高速鐵路股份有限公司","railway":"rail","ref":"台灣高鐵","start_date":"2007-01-05","usage":"main","voltage":"25000","wheelchair":"yes","wikidata":"Q706198","wikipedia":"zh:台灣高鐵"},"id":"way/110110044"},{"type":"Feature","geometry":{"type":"LineString","coordinates":[[121.447007,25.004011],[121.448135,25.003949],[121.451776,25.003748]]},"properties":{"@id":"way/111449035","cutting":"yes","electrified":"contact_line","frequency":"60","gauge":"1435","highspeed":"yes","layer":"2","maxspeed":"130","name":"台灣高速鐵路","name:en":"Taiwan High Speed Rail","name:ja":"台湾高速鉄道","name:nan":"Tâi-oân-ko-sok-thih-lō͘","name:nan-Latn-pehoeji":"Tâi-oân-ko-sok-thih-lō͘","name:nan-Latn-tailo":"Tâi-uân-ko-sok-thih-lōo","name:ru":"Тайваньская высокоскоростная железная дорога","name:zh":"台灣高速鐵路","network":"台灣高鐵","network:en":"THSR","network:zh":"台灣高鐵","operator":"台灣高速鐵路股份有限公司","railway":"rail","ref":"台灣高鐵","start_date":"2007-01-05","usage":"main","voltage":"25000","wikidata":"Q706198","wikipedia":"zh:台灣高鐵"},"id":"way/111449035"},{"type":"Feature","geometry":{"type":"LineString","coordinates":[[121.439623,25.004518],[121.437859,25.004614],[121.436549,25.004669],[121.435767,25.004706],[121.435077,25.00469],[121.434617,25.004658],[121.433556,25.004561],[121.432118,25.004336],[121.430525,25.004058],[121.429159,25.003846],[121.428201,25.003748],[121.427244,25.003675],[121.426614,25.00365],[121.425448,25.00362],[121.424275,25.003625],[121.422476,25.003731],[121.420391,25.003958],[121.418441,25.004258],[121.414926,25.004794],[121.411294,25.005343]]},"properties":{"@id":"way/111449047","bridge":"viaduct","electrified":"contact_line","frequency":"60","gauge":"1435","highspeed":"yes","layer":"5","maxspeed":"200","name":"台灣高速鐵路","name:en":"Taiwan High Speed Rail","name:ja":"台湾高速鉄道","name:nan":"Tâi-oân-ko-sok-thih-lō͘","name:nan-Latn-pehoeji":"Tâi-oân-ko-sok-thih-lō͘","name:nan-Latn-tailo":"Tâi-uân-ko-sok-thih-lōo","name:ru":"Тайваньская высокоскоростная железная дорога","name:zh":"台灣高速鐵路","network":"台灣高鐵","network:en":"THSR","network:zh":"台灣高鐵","operator":"台灣高速鐵路股份有限公司","railway":"rail","ref":"台灣高鐵","start_date":"2007-01-05","usage":"main","voltage":"25000","wikidata":"Q706198","wikipedia":"zh:台灣高鐵"},"id":"way/111449047"},{"type":"Feature","geometry":{"type":"LineString","coordinates":[[120.787439,24.584636],[120.788375,24.585514],[120.789581,24.586633],[120.790893,24.587727]]},"properties":{"@id":"way/112294256","electrified":"contact_line","embankment":"yes","frequency":"60","gauge":"1435","highspeed":"yes","maxspeed":"300","name":"台灣高速鐵路","name:en":"Taiwan High Speed Rail","name:ja":"台湾高速鉄道","name:nan":"Tâi-oân-ko-sok-thih-lō͘","name:nan-Latn-pehoeji":"Tâi-oân-ko-sok-thih-lō͘","name:nan-Latn-tailo":"Tâi-uân-ko-sok-thih-lōo","name:ru":"Тайваньская высокоскоростная железная дорога","name:zh":"台灣高速鐵路","network":"台灣高鐵","network:en":"THSR","network:zh":"台灣高鐵","operator":"台灣高速鐵路股份有限公司","railway":"rail","ref":"台灣高鐵","start_date":"2007-01-05","usage":"main","voltage":"25000","wikidata":"Q706198","wikipedia":"zh:台灣高鐵"},"id":"way/112294256"},{"type":"Feature","geometry":{"type":"LineString","coordinates":[[120.795152,24.591031],[120.797341,24.592435],[120.801031,24.594536],[120.803947,24.596031],[120.805341,24.596663]]},"properties":{"@id":"way/112294270","electrified":"contact_line","frequency":"60","gauge":"1435","highspeed":"yes","layer":"-1","maxspeed":"300","name":"台灣高速鐵路","name:en":"Taiwan High Speed Rail","name:ja":"台湾高速鉄道","name:nan":"Tâi-oân-ko-sok-thih-lō͘","name:nan-Latn-pehoeji":"Tâi-oân-ko-sok-thih-lō͘","name:nan-Latn-tailo":"Tâi-uân-ko-sok-thih-lōo","name:ru":"Тайваньская высокоскоростная железная дорога","name:zh":"台灣高速鐵路","network":"台灣高鐵","network:en":"THSR","network:zh":"台灣高鐵","operator":"台灣高速鐵路股份有限公司","railway":"rail","ref":"台灣高鐵","start_date":"2007-01-05","tunnel":"yes","usage":"main","voltage":"25000","wikidata":"Q706198","wikipedia":"zh:台灣高鐵"},"id":"way/112294270"},{"type":"Feature","geometry":{"type":"LineString","coordinates":[[120.768426,24.56356],[120.76566,24.56017],[120.765067,24.559501]]},"properties":{"@id":"way/112300416","electrified":"contact_line","frequency":"60","gauge":"1435","highspeed":"yes","maxspeed":"300","name":"台灣高速鐵路","name:en":"Taiwan High Speed Rail","name:ja":"台湾高速鉄道","name:nan":"Tâi-oân-ko-sok-thih-lō͘","name:nan-Latn-pehoeji":"Tâi-oân-ko-sok-thih-lō͘","name:nan-Latn-tailo":"Tâi-uân-ko-sok-thih-lōo","name:ru":"Тайваньская высокоскоростная железная дорога","name:zh":"台灣高速鐵路","network":"台灣高鐵","network:en":"THSR","network:zh":"台灣高鐵","operator":"台灣高速鐵路股份有限公司","railway":"rail","ref":"台灣高鐵","start_date":"2007-01-05","tunnel":"yes","usage":"main","voltage":"25000","wikidata":"Q706198","wikipedia":"zh:台灣高鐵"},"id":"way/112300416"},{"type":"Feature","geometry":{"type":"LineString","coordinates":[[120.768394,24.563612],[120.772182,24.568066],[120.783786,24.580988]]},"properties":{"@id":"way/112300420","electrified":"contact_line","frequency":"60","gauge":"1435","highspeed":"yes","maxspeed":"300","name":"台灣高速鐵路","name:en":"Taiwan High Speed Rail","name:ja":"台湾高速鉄道","name:nan":"Tâi-oân-ko-sok-thih-lō͘","name:nan-Latn-pehoeji":"Tâi-oân-ko-sok-thih-lō͘","name:nan-Latn-tailo":"Tâi-uân-ko-sok-thih-lōo","name:ru":"Тайваньская высокоскоростная железная дорога","name:zh":"台灣高速鐵路","network":"台灣高鐵","network:en":"THSR","network:zh":"台灣高鐵","operator":"台灣高速鐵路股份有限公司","railway":"rail","ref":"台灣高鐵","start_date":"2007-01-05","tunnel":"yes","usage":"main","voltage":"25000","wikidata":"Q706198","wikipedia":"zh:台灣高鐵"},"id":"way/112300420"},{"type":"Feature","geometry":{"type":"LineString","coordinates":[[120.674139,24.321672],[120.674069,24.32067],[120.673825,24.318296],[120.673773,24.317715],[120.67363,24.316187],[120.673554,24.314689],[120.673392,24.312844],[120.673271,24.311573],[120.673135,24.309954],[120.67303,24.308892],[120.672899,24.307334],[120.672802,24.30619],[120.672637,24.30437],[120.672578,24.303542],[120.672442,24.302023],[120.672314,24.300437],[120.672229,24.29933],[120.672034,24.297229]]},"properties":{"@id":"way/112463657","bridge":"viaduct","electrified":"contact_line","frequency":"60","gauge":"1435","highspeed":"yes","layer":"2","maxspeed":"300","name":"台灣高速鐵路","name:en":"Taiwan High Speed Rail","name:ja":"台湾高速鉄道","name:nan":"Tâi-oân-ko-sok-thih-lō͘","name:nan-Latn-pehoeji":"Tâi-oân-ko-sok-thih-lō͘","name:nan-Latn-tailo":"Tâi-uân-ko-sok-thih-lōo","name:ru":"Тайваньская высокоскоростная железная дорога","name:zh":"台灣高速鐵路","network":"台灣高鐵","network:en":"THSR","network:zh":"台灣高鐵","operator":"台灣高速鐵路股份有限公司","railway":"rail","ref":"台灣高鐵","start_date":"2007-01-05","usage":"main","voltage":"25000","wikidata":"Q706198","wikipedia":"zh:台灣高鐵"},"id":"way/112463657"},{"type":"Feature","geometry":{"type":"LineString","coordinates":[[120.321261,22.701088],[120.321844,22.701833],[120.322027,22.702101],[120.322285,22.7025],[120.322905,22.703586],[120.323009,22.703763],[120.323138,22.703956],[120.323275,22.704143],[120.323421,22.704325],[120.323575,22.704501],[120.323737,22.704672],[120.323906,22.704835],[120.324082,22.704993],[120.324266,22.705143],[120.324455,22.705287],[120.324651,22.705423],[120.324845,22.705546],[120.325044,22.705662],[120.325248,22.705771]]},"properties":{"@id":"way/118104818","bridge":"viaduct","electrified":"contact_line","frequency":"60","gauge":"1435","highspeed":"yes","layer":"2","maxspeed":"130","name":"台灣高速鐵路","name:en":"Taiwan High Speed Rail","name:ja":"台湾高速鉄道","name:nan":"Tâi-oân-ko-sok-thih-lō͘","name:nan-Latn-pehoeji":"Tâi-oân-ko-sok-thih-lō͘","name:nan-Latn-tailo":"Tâi-uân-ko-sok-thih-lōo","name:ru":"Тайваньская высокоскоростная железная дорога","name:zh":"台灣高速鐵路","network":"台灣高鐵","network:en":"THSR","network:zh":"台灣高鐵","operator":"台灣高速鐵路股份有限公司","railway":"rail","ref":"台灣高鐵","start_date":"2007-01-05","usage":"main","voltage":"25000","wikidata":"Q706198","wikipedia":"zh:台灣高鐵"},"id":"way/118104818"},{"type":"Feature","geometry":{"type":"LineString","coordinates":[[120.284365,22.928647],[120.284284,22.928803],[120.282774,22.931733],[120.282241,22.932939],[120.281618,22.934127],[120.280149,22.937077],[120.279249,22.938807],[120.278465,22.940412],[120.277703,22.941934],[120.276494,22.944481],[120.275839,22.946033],[120.275255,22.947572],[120.274574,22.949481],[120.274159,22.950788],[120.273601,22.952839],[120.273248,22.954337],[120.273014,22.955402],[120.272708,22.956935],[120.272526,22.958069],[120.272322,22.959392],[120.272222,22.96064]]},"properties":{"@id":"way/119335392","bridge":"viaduct","electrified":"contact_line","frequency":"60","gauge":"1435","highspeed":"yes","layer":"2","maxspeed":"300","name":"台灣高速鐵路","name:en":"Taiwan High Speed Rail","name:ja":"台湾高速鉄道","name:nan":"Tâi-oân-ko-sok-thih-lō͘","name:nan-Latn-pehoeji":"Tâi-oân-ko-sok-thih-lō͘","name:nan-Latn-tailo":"Tâi-uân-ko-sok-thih-lōo","name:ru":"Тайваньская высокоскоростная железная дорога","name:zh":"台灣高速鐵路","network":"台灣高鐵","network:en":"THSR","network:zh":"台灣高鐵","operator":"台灣高速鐵路股份有限公司","railway":"rail","ref":"台灣高鐵","start_date":"2007-01-05","usage":"main","voltage":"25000","wikidata":"Q706198","wikipedia":"zh:台灣高鐵"},"id":"way/119335392"},{"type":"Feature","geometry":{"type":"LineString","coordinates":[[120.272222,22.96064],[120.27205,22.962662],[120.271971,22.964118],[120.271946,22.965707],[120.271964,22.966891],[120.271997,22.967876],[120.272059,22.969278],[120.272129,22.97046],[120.272235,22.971634],[120.27239,22.972717],[120.272527,22.973674],[120.272713,22.974873],[120.272906,22.975962],[120.273061,22.976709],[120.273348,22.978008],[120.273651,22.979181],[120.273984,22.98052],[120.274363,22.981812],[120.274788,22.983033],[120.275353,22.984606],[120.275518,22.985033],[120.27571,22.985509],[120.27591,22.985997],[120.276096,22.986443],[120.276375,22.987081],[120.276747,22.987929],[120.27723,22.98892],[120.277933,22.990475],[120.278541,22.991668],[120.279235,22.99306],[120.279788,22.994231],[120.280417,22.995505],[120.280574,22.995829],[120.280714,22.996116],[120.280998,22.996729],[120.281634,22.998058],[120.282279,22.999375],[120.283252,23.001366],[120.283855,23.002621],[120.284228,23.003405],[120.284614,23.004234],[120.285053,23.005315],[120.285443,23.006258],[120.285812,23.007183],[120.286064,23.007831],[120.286307,23.008449],[120.286618,23.009343],[120.286956,23.010399],[120.287281,23.011463],[120.287354,23.011739],[120.287455,23.012107],[120.287537,23.01242],[120.287607,23.012686],[120.287791,23.013368],[120.287857,23.01364],[120.287924,23.0139],[120.288269,23.015404],[120.288369,23.015947],[120.288471,23.016542],[120.288717,23.018003],[120.288942,23.019692],[120.289051,23.02071],[120.289143,23.021732],[120.289241,23.022814],[120.289303,23.023822],[120.289337,23.024884],[120.289366,23.025479],[120.289362,23.02608],[120.28935,23.027084],[120.289327,23.0281],[120.289282,23.029208],[120.289242,23.030268],[120.289195,23.031564],[120.289151,23.032734],[120.2891,23.033914],[120.289035,23.035126],[120.288997,23.035813],[120.288967,23.036469],[120.28885,23.039369],[120.288747,23.041463],[120.288673,23.043291],[120.288613,23.044899],[120.288547,23.046467],[120.288491,23.047877],[120.288433,23.049359],[120.288317,23.051873],[120.288226,23.054515],[120.28818,23.055445],[120.287946,23.059788],[120.28763,23.065898],[120.287592,23.067009],[120.287541,23.06953],[120.287275,23.076019]]},"properties":{"@id":"way/119335393","bridge":"viaduct","electrified":"contact_line","frequency":"60","gauge":"1435","highspeed":"yes","layer":"4","maxspeed":"300","name":"台灣高速鐵路","name:en":"Taiwan High Speed Rail","name:ja":"台湾高速鉄道","name:nan":"Tâi-oân-ko-sok-thih-lō͘","name:nan-Latn-pehoeji":"Tâi-oân-ko-sok-thih-lō͘","name:nan-Latn-tailo":"Tâi-uân-ko-sok-thih-lōo","name:ru":"Тайваньская высокоскоростная железная дорога","name:zh":"台灣高速鐵路","network":"台灣高鐵","network:en":"THSR","network:zh":"台灣高鐵","operator":"台灣高速鐵路股份有限公司","railway":"rail","ref":"台灣高鐵","start_date":"2007-01-05","usage":"main","voltage":"25000","wikidata":"Q706198","wikipedia":"zh:台灣高鐵"},"id":"way/119335393"},{"type":"Feature","geometry":{"type":"LineString","coordinates":[[121.011547,24.743405],[121.009997,24.742341],[121.009606,24.742072]]},"properties":{"@id":"way/124999317","electrified":"contact_line","frequency":"60","gauge":"1435","highspeed":"yes","maxspeed":"300","name":"台灣高速鐵路","name:en":"Taiwan High Speed Rail","name:ja":"台湾高速鉄道","name:nan":"Tâi-oân-ko-sok-thih-lō͘","name:nan-Latn-pehoeji":"Tâi-oân-ko-sok-thih-lō͘","name:nan-Latn-tailo":"Tâi-uân-ko-sok-thih-lōo","name:ru":"Тайваньская высокоскоростная железная дорога","name:zh":"台灣高速鐵路","network":"台灣高鐵","network:en":"THSR","network:zh":"台灣高鐵","operator":"台灣高速鐵路股份有限公司","railway":"rail","ref":"台灣高鐵","start_date":"2007-01-05","usage":"main","voltage":"25000","wikidata":"Q706198","wikipedia":"zh:台灣高鐵"},"id":"way/124999317"},{"type":"Feature","geometry":{"type":"LineString","coordinates":[[121.012352,24.744026],[121.012173,24.743887],[121.011547,24.743405]]},"properties":{"@id":"way/124999321","electrified":"contact_line","frequency":"60","gauge":"1435","highspeed":"yes","layer":"-1","maxspeed":"300","name":"台灣高速鐵路","name:en":"Taiwan High Speed Rail","name:ja":"台湾高速鉄道","name:nan":"Tâi-oân-ko-sok-thih-lō͘","name:nan-Latn-pehoeji":"Tâi-oân-ko-sok-thih-lō͘","name:nan-Latn-tailo":"Tâi-uân-ko-sok-thih-lōo","name:ru":"Тайваньская высокоскоростная железная дорога","name:zh":"台灣高速鐵路","network":"台灣高鐵","network:en":"THSR","network:zh":"台灣高鐵","operator":"台灣高速鐵路股份有限公司","railway":"rail","ref":"台灣高鐵","start_date":"2007-01-05","tunnel":"yes","usage":"main","voltage":"25000","wikidata":"Q706198","wikipedia":"zh:台灣高鐵"},"id":"way/124999321"},{"type":"Feature","geometry":{"type":"LineString","coordinates":[[121.026793,24.760027],[121.025871,24.758573],[121.024681,24.756773],[121.022237,24.753527]]},"properties":{"@id":"way/124999323","electrified":"contact_line","frequency":"60","gauge":"1435","highspeed":"yes","layer":"-1","maxspeed":"300","name":"台灣高速鐵路","name:en":"Taiwan High Speed Rail","name:ja":"台湾高速鉄道","name:nan":"Tâi-oân-ko-sok-thih-lō͘","name:nan-Latn-pehoeji":"Tâi-oân-ko-sok-thih-lō͘","name:nan-Latn-tailo":"Tâi-uân-ko-sok-thih-lōo","name:ru":"Тайваньская высокоскоростная железная дорога","name:zh":"台灣高速鐵路","network":"台灣高鐵","network:en":"THSR","network:zh":"台灣高鐵","operator":"台灣高速鐵路股份有限公司","railway":"rail","ref":"台灣高鐵","start_date":"2007-01-05","tunnel":"yes","usage":"main","voltage":"25000","wikidata":"Q706198","wikipedia":"zh:台灣高鐵"},"id":"way/124999323"},{"type":"Feature","geometry":{"type":"LineString","coordinates":[[121.03609,24.791864],[121.035928,24.791005]]},"properties":{"@id":"way/141727602","bridge":"viaduct","electrified":"contact_line","frequency":"60","gauge":"1435","highspeed":"yes","layer":"2","maxspeed":"300","name":"台灣高速鐵路","name:en":"Taiwan High Speed Rail","name:ja":"台湾高速鉄道","name:nan":"Tâi-oân-ko-sok-thih-lō͘","name:nan-Latn-pehoeji":"Tâi-oân-ko-sok-thih-lō͘","name:nan-Latn-tailo":"Tâi-uân-ko-sok-thih-lōo","name:ru":"Тайваньская высокоскоростная железная дорога","name:zh":"台灣高速鐵路","network":"台灣高鐵","network:en":"THSR","network:zh":"台灣高鐵","operator":"台灣高速鐵路股份有限公司","railway":"rail","ref":"台灣高鐵","start_date":"2007-01-05","usage":"main","voltage":"25000","wikidata":"Q706198","wikipedia":"zh:台灣高鐵"},"id":"way/141727602"},{"type":"Feature","geometry":{"type":"LineString","coordinates":[[121.035928,24.791005],[121.034884,24.785452],[121.033557,24.777844],[121.033281,24.776355],[121.032587,24.773619]]},"properties":{"@id":"way/141727603","bridge":"viaduct","electrified":"contact_line","frequency":"60","gauge":"1435","highspeed":"yes","maxspeed":"300","name":"台灣高速鐵路","name:en":"Taiwan High Speed Rail","name:ja":"台湾高速鉄道","name:nan":"Tâi-oân-ko-sok-thih-lō͘","name:nan-Latn-pehoeji":"Tâi-oân-ko-sok-thih-lō͘","name:nan-Latn-tailo":"Tâi-uân-ko-sok-thih-lōo","name:ru":"Тайваньская высокоскоростная железная дорога","name:zh":"台灣高速鐵路","network":"台灣高鐵","network:en":"THSR","network:zh":"台灣高鐵","operator":"台灣高速鐵路股份有限公司","railway":"rail","ref":"台灣高鐵","start_date":"2007-01-05","usage":"main","voltage":"25000","wikidata":"Q706198","wikipedia":"zh:台灣高鐵"},"id":"way/141727603"},{"type":"Feature","geometry":{"type":"LineString","coordinates":[[120.91925,24.664932],[120.917381,24.662244]]},"properties":{"@id":"way/154917588","bridge":"yes","electrified":"contact_line","frequency":"60","gauge":"1435","highspeed":"yes","layer":"1","maxspeed":"300","name":"台灣高速鐵路","name:en":"Taiwan High Speed Rail","name:ja":"台湾高速鉄道","name:nan":"Tâi-oân-ko-sok-thih-lō͘","name:nan-Latn-pehoeji":"Tâi-oân-ko-sok-thih-lō͘","name:nan-Latn-tailo":"Tâi-uân-ko-sok-thih-lōo","name:ru":"Тайваньская высокоскоростная железная дорога","name:zh":"台灣高速鐵路","network":"台灣高鐵","network:en":"THSR","network:zh":"台灣高鐵","operator":"台灣高速鐵路股份有限公司","railway":"rail","ref":"台灣高鐵","start_date":"2007-01-05","usage":"main","voltage":"25000","wikidata":"Q706198","wikipedia":"zh:台灣高鐵"},"id":"way/154917588"},{"type":"Feature","geometry":{"type":"LineString","coordinates":[[120.925456,24.674363],[120.91925,24.664932]]},"properties":{"@id":"way/154917591","electrified":"contact_line","frequency":"60","gauge":"1435","highspeed":"yes","layer":"-1","maxspeed":"300","name":"台灣高速鐵路","name:en":"Taiwan High Speed Rail","name:ja":"台湾高速鉄道","name:nan":"Tâi-oân-ko-sok-thih-lō͘","name:nan-Latn-pehoeji":"Tâi-oân-ko-sok-thih-lō͘","name:nan-Latn-tailo":"Tâi-uân-ko-sok-thih-lōo","name:ru":"Тайваньская высокоскоростная железная дорога","name:zh":"台灣高速鐵路","network":"台灣高鐵","network:en":"THSR","network:zh":"台灣高鐵","operator":"台灣高速鐵路股份有限公司","railway":"rail","ref":"台灣高鐵","start_date":"2007-01-05","tunnel":"yes","usage":"main","voltage":"25000","wikidata":"Q706198","wikipedia":"zh:台灣高鐵"},"id":"way/154917591"},{"type":"Feature","geometry":{"type":"LineString","coordinates":[[120.917381,24.662244],[120.916464,24.660981]]},"properties":{"@id":"way/154917594","electrified":"contact_line","frequency":"60","gauge":"1435","highspeed":"yes","maxspeed":"300","name":"台灣高速鐵路","name:en":"Taiwan High Speed Rail","name:ja":"台湾高速鉄道","name:nan":"Tâi-oân-ko-sok-thih-lō͘","name:nan-Latn-pehoeji":"Tâi-oân-ko-sok-thih-lō͘","name:nan-Latn-tailo":"Tâi-uân-ko-sok-thih-lōo","name:ru":"Тайваньская высокоскоростная железная дорога","name:zh":"台灣高速鐵路","network":"台灣高鐵","network:en":"THSR","network:zh":"台灣高鐵","operator":"台灣高速鐵路股份有限公司","railway":"rail","ref":"台灣高鐵","start_date":"2007-01-05","usage":"main","voltage":"25000","wikidata":"Q706198","wikipedia":"zh:台灣高鐵"},"id":"way/154917594"},{"type":"Feature","geometry":{"type":"LineString","coordinates":[[120.894979,24.64076],[120.892877,24.639435],[120.890605,24.638066]]},"properties":{"@id":"way/154917595","electrified":"contact_line","frequency":"60","gauge":"1435","highspeed":"yes","maxspeed":"300","name":"台灣高速鐵路","name:en":"Taiwan High Speed Rail","name:ja":"台湾高速鉄道","name:nan":"Tâi-oân-ko-sok-thih-lō͘","name:nan-Latn-pehoeji":"Tâi-oân-ko-sok-thih-lō͘","name:nan-Latn-tailo":"Tâi-uân-ko-sok-thih-lōo","name:ru":"Тайваньская высокоскоростная железная дорога","name:zh":"台灣高速鐵路","network":"台灣高鐵","network:en":"THSR","network:zh":"台灣高鐵","operator":"台灣高速鐵路股份有限公司","railway":"rail","ref":"台灣高鐵","start_date":"2007-01-05","usage":"main","voltage":"25000","wikidata":"Q706198","wikipedia":"zh:台灣高鐵"},"id":"way/154917595"},{"type":"Feature","geometry":{"type":"LineString","coordinates":[[120.914391,24.658344],[120.911518,24.654938],[120.910083,24.653384],[120.907188,24.650492],[120.90397,24.647566],[120.901571,24.645566]]},"properties":{"@id":"way/154917598","electrified":"contact_line","frequency":"60","gauge":"1435","highspeed":"yes","layer":"-1","maxspeed":"300","name":"台灣高速鐵路","name:en":"Taiwan High Speed Rail","name:ja":"台湾高速鉄道","name:nan":"Tâi-oân-ko-sok-thih-lō͘","name:nan-Latn-pehoeji":"Tâi-oân-ko-sok-thih-lō͘","name:nan-Latn-tailo":"Tâi-uân-ko-sok-thih-lōo","name:ru":"Тайваньская высокоскоростная железная дорога","name:zh":"台灣高速鐵路","network":"台灣高鐵","network:en":"THSR","network:zh":"台灣高鐵","operator":"台灣高速鐵路股份有限公司","railway":"rail","ref":"台灣高鐵","start_date":"2007-01-05","tunnel":"yes","usage":"main","voltage":"25000","wikidata":"Q706198","wikipedia":"zh:台灣高鐵"},"id":"way/154917598"},{"type":"Feature","geometry":{"type":"LineString","coordinates":[[120.72086,24.49575],[120.7201,24.4944],[120.718865,24.492349]]},"properties":{"@id":"way/164380432","electrified":"contact_line","frequency":"60","gauge":"1435","highspeed":"yes","maxspeed":"300","name":"台灣高速鐵路","name:en":"Taiwan High Speed Rail","name:ja":"台湾高速鉄道","name:nan":"Tâi-oân-ko-sok-thih-lō͘","name:nan-Latn-pehoeji":"Tâi-oân-ko-sok-thih-lō͘","name:nan-Latn-tailo":"Tâi-uân-ko-sok-thih-lōo","name:ru":"Тайваньская высокоскоростная железная дорога","name:zh":"台灣高速鐵路","network":"台灣高鐵","network:en":"THSR","network:zh":"台灣高鐵","operator":"台灣高速鐵路股份有限公司","railway":"rail","ref":"台灣高鐵","start_date":"2007-01-05","usage":"main","voltage":"25000","wikidata":"Q706198","wikipedia":"zh:台灣高鐵"},"id":"way/164380432"},{"type":"Feature","geometry":{"type":"LineString","coordinates":[[120.735814,24.522215],[120.733907,24.518848],[120.733301,24.517779]]},"properties":{"@id":"way/164380437","electrified":"contact_line","frequency":"60","gauge":"1435","highspeed":"yes","maxspeed":"300","name":"台灣高速鐵路","name:en":"Taiwan High Speed Rail","name:ja":"台湾高速鉄道","name:nan":"Tâi-oân-ko-sok-thih-lō͘","name:nan-Latn-pehoeji":"Tâi-oân-ko-sok-thih-lō͘","name:nan-Latn-tailo":"Tâi-uân-ko-sok-thih-lōo","name:ru":"Тайваньская высокоскоростная железная дорога","name:zh":"台灣高速鐵路","network":"台灣高鐵","network:en":"THSR","network:zh":"台灣高鐵","operator":"台灣高速鐵路股份有限公司","railway":"rail","ref":"台灣高鐵","start_date":"2007-01-05","tunnel":"yes","usage":"main","voltage":"25000","wikidata":"Q706198","wikipedia":"zh:台灣高鐵"},"id":"way/164380437"},{"type":"Feature","geometry":{"type":"LineString","coordinates":[[120.728645,24.509521],[120.727765,24.508008]]},"properties":{"@id":"way/164380441","electrified":"contact_line","frequency":"60","gauge":"1435","highspeed":"yes","maxspeed":"300","name":"台灣高速鐵路","name:en":"Taiwan High Speed Rail","name:ja":"台湾高速鉄道","name:nan":"Tâi-oân-ko-sok-thih-lō͘","name:nan-Latn-pehoeji":"Tâi-oân-ko-sok-thih-lō͘","name:nan-Latn-tailo":"Tâi-uân-ko-sok-thih-lōo","name:ru":"Тайваньская высокоскоростная железная дорога","name:zh":"台灣高速鐵路","network":"台灣高鐵","network:en":"THSR","network:zh":"台灣高鐵","operator":"台灣高速鐵路股份有限公司","railway":"rail","ref":"台灣高鐵","start_date":"2007-01-05","tunnel":"yes","usage":"main","voltage":"25000","wikidata":"Q706198","wikipedia":"zh:台灣高鐵"},"id":"way/164380441"},{"type":"Feature","geometry":{"type":"LineString","coordinates":[[120.730961,24.5136],[120.730224,24.512312],[120.729045,24.51021]]},"properties":{"@id":"way/164380444","bridge":"yes","electrified":"contact_line","frequency":"60","gauge":"1435","highspeed":"yes","maxspeed":"300","name":"台灣高速鐵路","name:en":"Taiwan High Speed Rail","name:ja":"台湾高速鉄道","name:nan":"Tâi-oân-ko-sok-thih-lō͘","name:nan-Latn-pehoeji":"Tâi-oân-ko-sok-thih-lō͘","name:nan-Latn-tailo":"Tâi-uân-ko-sok-thih-lōo","name:ru":"Тайваньская высокоскоростная железная дорога","name:zh":"台灣高速鐵路","network":"台灣高鐵","network:en":"THSR","network:zh":"台灣高鐵","operator":"台灣高速鐵路股份有限公司","railway":"rail","ref":"台灣高鐵","start_date":"2007-01-05","usage":"main","voltage":"25000","wikidata":"Q706198","wikipedia":"zh:台灣高鐵"},"id":"way/164380444"},{"type":"Feature","geometry":{"type":"LineString","coordinates":[[120.92717,24.676995],[120.925456,24.674363]]},"properties":{"@id":"way/166994641","electrified":"contact_line","frequency":"60","gauge":"1435","highspeed":"yes","maxspeed":"300","name":"台灣高速鐵路","name:en":"Taiwan High Speed Rail","name:ja":"台湾高速鉄道","name:nan":"Tâi-oân-ko-sok-thih-lō͘","name:nan-Latn-pehoeji":"Tâi-oân-ko-sok-thih-lō͘","name:nan-Latn-tailo":"Tâi-uân-ko-sok-thih-lōo","name:ru":"Тайваньская высокоскоростная железная дорога","name:zh":"台灣高速鐵路","network":"台灣高鐵","network:en":"THSR","network:zh":"台灣高鐵","operator":"台灣高速鐵路股份有限公司","railway":"rail","ref":"台灣高鐵","start_date":"2007-01-05","usage":"main","voltage":"25000","wikidata":"Q706198","wikipedia":"zh:台灣高鐵"},"id":"way/166994641"},{"type":"Feature","geometry":{"type":"LineString","coordinates":[[120.938821,24.694227],[120.937399,24.692395],[120.936065,24.690511],[120.934748,24.688515],[120.93346,24.686563],[120.92717,24.676995]]},"properties":{"@id":"way/166994642","bridge":"yes","electrified":"contact_line","frequency":"60","gauge":"1435","highspeed":"yes","layer":"1","maxspeed":"300","name":"台灣高速鐵路","name:en":"Taiwan High Speed Rail","name:ja":"台湾高速鉄道","name:nan":"Tâi-oân-ko-sok-thih-lō͘","name:nan-Latn-pehoeji":"Tâi-oân-ko-sok-thih-lō͘","name:nan-Latn-tailo":"Tâi-uân-ko-sok-thih-lōo","name:ru":"Тайваньская высокоскоростная железная дорога","name:zh":"台灣高速鐵路","network":"台灣高鐵","network:en":"THSR","network:zh":"台灣高鐵","operator":"台灣高速鐵路股份有限公司","railway":"rail","ref":"台灣高鐵","start_date":"2007-01-05","usage":"main","voltage":"25000","wikidata":"Q706198","wikipedia":"zh:台灣高鐵"},"id":"way/166994642"},{"type":"Feature","geometry":{"type":"LineString","coordinates":[[120.956045,24.710861],[120.953896,24.709225],[120.949451,24.705559],[120.945854,24.702199]]},"properties":{"@id":"way/174415330","electrified":"contact_line","frequency":"60","gauge":"1435","highspeed":"yes","layer":"-1","maxspeed":"300","name":"台灣高速鐵路","name:en":"Taiwan High Speed Rail","name:ja":"台湾高速鉄道","name:nan":"Tâi-oân-ko-sok-thih-lō͘","name:nan-Latn-pehoeji":"Tâi-oân-ko-sok-thih-lō͘","name:nan-Latn-tailo":"Tâi-uân-ko-sok-thih-lōo","name:ru":"Тайваньская высокоскоростная железная дорога","name:zh":"台灣高速鐵路","network":"台灣高鐵","network:en":"THSR","network:zh":"台灣高鐵","operator":"台灣高速鐵路股份有限公司","railway":"rail","ref":"台灣高鐵","start_date":"2007-01-05","tunnel":"yes","usage":"main","voltage":"25000","wikidata":"Q706198","wikipedia":"zh:台灣高鐵"},"id":"way/174415330"},{"type":"Feature","geometry":{"type":"LineString","coordinates":[[120.945854,24.702199],[120.943959,24.700209],[120.942602,24.698757],[120.941315,24.697262],[120.938821,24.694227]]},"properties":{"@id":"way/174415331","electrified":"contact_line","frequency":"60","gauge":"1435","highspeed":"yes","maxspeed":"300","name":"台灣高速鐵路","name:en":"Taiwan High Speed Rail","name:ja":"台湾高速鉄道","name:nan":"Tâi-oân-ko-sok-thih-lō͘","name:nan-Latn-pehoeji":"Tâi-oân-ko-sok-thih-lō͘","name:nan-Latn-tailo":"Tâi-uân-ko-sok-thih-lōo","name:ru":"Тайваньская высокоскоростная железная дорога","name:zh":"台灣高速鐵路","network":"台灣高鐵","network:en":"THSR","network:zh":"台灣高鐵","operator":"台灣高速鐵路股份有限公司","railway":"rail","ref":"台灣高鐵","start_date":"2007-01-05","usage":"main","voltage":"25000","wikidata":"Q706198","wikipedia":"zh:台灣高鐵"},"id":"way/174415331"},{"type":"Feature","geometry":{"type":"LineString","coordinates":[[120.993977,24.73299],[120.989048,24.730168]]},"properties":{"@id":"way/188216247","electrified":"contact_line","frequency":"60","gauge":"1435","highspeed":"yes","maxspeed":"300","name":"台灣高速鐵路","name:en":"Taiwan High Speed Rail","name:ja":"台湾高速鉄道","name:nan":"Tâi-oân-ko-sok-thih-lō͘","name:nan-Latn-pehoeji":"Tâi-oân-ko-sok-thih-lō͘","name:nan-Latn-tailo":"Tâi-uân-ko-sok-thih-lōo","name:ru":"Тайваньская высокоскоростная железная дорога","name:zh":"台灣高速鐵路","network":"台灣高鐵","network:en":"THSR","network:zh":"台灣高鐵","operator":"台灣高速鐵路股份有限公司","railway":"rail","ref":"台灣高鐵","start_date":"2007-01-05","usage":"main","voltage":"25000","wikidata":"Q706198","wikipedia":"zh:台灣高鐵"},"id":"way/188216247"},{"type":"Feature","geometry":{"type":"LineString","coordinates":[[120.989048,24.730168],[120.98602,24.728433]]},"properties":{"@id":"way/188216248","electrified":"contact_line","frequency":"60","gauge":"1435","highspeed":"yes","layer":"-1","maxspeed":"300","name":"台灣高速鐵路","name:en":"Taiwan High Speed Rail","name:ja":"台湾高速鉄道","name:nan":"Tâi-oân-ko-sok-thih-lō͘","name:nan-Latn-pehoeji":"Tâi-oân-ko-sok-thih-lō͘","name:nan-Latn-tailo":"Tâi-uân-ko-sok-thih-lōo","name:ru":"Тайваньская высокоскоростная железная дорога","name:zh":"台灣高速鐵路","network":"台灣高鐵","network:en":"THSR","network:zh":"台灣高鐵","operator":"台灣高速鐵路股份有限公司","railway":"rail","ref":"台灣高鐵","start_date":"2007-01-05","tunnel":"yes","usage":"main","voltage":"25000","wikidata":"Q706198","wikipedia":"zh:台灣高鐵"},"id":"way/188216248"},{"type":"Feature","geometry":{"type":"LineString","coordinates":[[120.995086,24.733598],[120.993977,24.73299]]},"properties":{"@id":"way/188216249","electrified":"contact_line","frequency":"60","gauge":"1435","highspeed":"yes","layer":"-1","maxspeed":"300","name":"台灣高速鐵路","name:en":"Taiwan High Speed Rail","name:ja":"台湾高速鉄道","name:nan":"Tâi-oân-ko-sok-thih-lō͘","name:nan-Latn-pehoeji":"Tâi-oân-ko-sok-thih-lō͘","name:nan-Latn-tailo":"Tâi-uân-ko-sok-thih-lōo","name:ru":"Тайваньская высокоскоростная железная дорога","name:zh":"台灣高速鐵路","network":"台灣高鐵","network:en":"THSR","network:zh":"台灣高鐵","operator":"台灣高速鐵路股份有限公司","railway":"rail","ref":"台灣高鐵","start_date":"2007-01-05","tunnel":"yes","usage":"main","voltage":"25000","wikidata":"Q706198","wikipedia":"zh:台灣高鐵"},"id":"way/188216249"},{"type":"Feature","geometry":{"type":"LineString","coordinates":[[120.98602,24.728433],[120.980713,24.725474]]},"properties":{"@id":"way/188216250","electrified":"contact_line","frequency":"60","gauge":"1435","highspeed":"yes","maxspeed":"300","name":"台灣高速鐵路","name:en":"Taiwan High Speed Rail","name:ja":"台湾高速鉄道","name:nan":"Tâi-oân-ko-sok-thih-lō͘","name:nan-Latn-pehoeji":"Tâi-oân-ko-sok-thih-lō͘","name:nan-Latn-tailo":"Tâi-uân-ko-sok-thih-lōo","name:ru":"Тайваньская высокоскоростная железная дорога","name:zh":"台灣高速鐵路","network":"台灣高鐵","network:en":"THSR","network:zh":"台灣高鐵","operator":"台灣高速鐵路股份有限公司","railway":"rail","ref":"台灣高鐵","start_date":"2007-01-05","usage":"main","voltage":"25000","wikidata":"Q706198","wikipedia":"zh:台灣高鐵"},"id":"way/188216250"},{"type":"Feature","geometry":{"type":"LineString","coordinates":[[120.976723,24.723216],[120.97495,24.722212]]},"properties":{"@id":"way/188615641","electrified":"contact_line","frequency":"60","gauge":"1435","highspeed":"yes","maxspeed":"300","name":"台灣高速鐵路","name:en":"Taiwan High Speed Rail","name:ja":"台湾高速鉄道","name:nan":"Tâi-oân-ko-sok-thih-lō͘","name:nan-Latn-pehoeji":"Tâi-oân-ko-sok-thih-lō͘","name:nan-Latn-tailo":"Tâi-uân-ko-sok-thih-lōo","name:ru":"Тайваньская высокоскоростная железная дорога","name:zh":"台灣高速鐵路","network":"台灣高鐵","network:en":"THSR","network:zh":"台灣高鐵","operator":"台灣高速鐵路股份有限公司","railway":"rail","ref":"台灣高鐵","start_date":"2007-01-05","tunnel":"yes","usage":"main","voltage":"25000","wikidata":"Q706198","wikipedia":"zh:台灣高鐵"},"id":"way/188615641"},{"type":"Feature","geometry":{"type":"LineString","coordinates":[[120.978112,24.724019],[120.976723,24.723216]]},"properties":{"@id":"way/188615642","electrified":"contact_line","frequency":"60","gauge":"1435","highspeed":"yes","maxspeed":"300","name":"台灣高速鐵路","name:en":"Taiwan High Speed Rail","name:ja":"台湾高速鉄道","name:nan":"Tâi-oân-ko-sok-thih-lō͘","name:nan-Latn-pehoeji":"Tâi-oân-ko-sok-thih-lō͘","name:nan-Latn-tailo":"Tâi-uân-ko-sok-thih-lōo","name:ru":"Тайваньская высокоскоростная железная дорога","name:zh":"台灣高速鐵路","network":"台灣高鐵","network:en":"THSR","network:zh":"台灣高鐵","operator":"台灣高速鐵路股份有限公司","railway":"rail","ref":"台灣高鐵","start_date":"2007-01-05","usage":"main","voltage":"25000","wikidata":"Q706198","wikipedia":"zh:台灣高鐵"},"id":"way/188615642"},{"type":"Feature","geometry":{"type":"LineString","coordinates":[[120.965213,24.7167],[120.964023,24.716035],[120.96286,24.715344]]},"properties":{"@id":"way/188615643","electrified":"contact_line","frequency":"60","gauge":"1435","highspeed":"yes","maxspeed":"300","name":"台灣高速鐵路","name:en":"Taiwan High Speed Rail","name:ja":"台湾高速鉄道","name:nan":"Tâi-oân-ko-sok-thih-lō͘","name:nan-Latn-pehoeji":"Tâi-oân-ko-sok-thih-lō͘","name:nan-Latn-tailo":"Tâi-uân-ko-sok-thih-lōo","name:ru":"Тайваньская высокоскоростная железная дорога","name:zh":"台灣高速鐵路","network":"台灣高鐵","network:en":"THSR","network:zh":"台灣高鐵","operator":"台灣高速鐵路股份有限公司","railway":"rail","ref":"台灣高鐵","start_date":"2007-01-05","usage":"main","voltage":"25000","wikidata":"Q706198","wikipedia":"zh:台灣高鐵"},"id":"way/188615643"},{"type":"Feature","geometry":{"type":"LineString","coordinates":[[120.966879,24.717654],[120.965213,24.7167]]},"properties":{"@id":"way/188615644","electrified":"contact_line","frequency":"60","gauge":"1435","highspeed":"yes","maxspeed":"300","name":"台灣高速鐵路","name:en":"Taiwan High Speed Rail","name:ja":"台湾高速鉄道","name:nan":"Tâi-oân-ko-sok-thih-lō͘","name:nan-Latn-pehoeji":"Tâi-oân-ko-sok-thih-lō͘","name:nan-Latn-tailo":"Tâi-uân-ko-sok-thih-lōo","name:ru":"Тайваньская высокоскоростная железная дорога","name:zh":"台灣高速鐵路","network":"台灣高鐵","network:en":"THSR","network:zh":"台灣高鐵","operator":"台灣高速鐵路股份有限公司","railway":"rail","ref":"台灣高鐵","start_date":"2007-01-05","tunnel":"yes","usage":"main","voltage":"25000","wikidata":"Q706198","wikipedia":"zh:台灣高鐵"},"id":"way/188615644"},{"type":"Feature","geometry":{"type":"LineString","coordinates":[[120.969216,24.718964],[120.967434,24.717976]]},"properties":{"@id":"way/188615645","bridge":"yes","electrified":"contact_line","frequency":"60","gauge":"1435","highspeed":"yes","layer":"1","maxspeed":"300","name":"台灣高速鐵路","name:en":"Taiwan High Speed Rail","name:ja":"台湾高速鉄道","name:nan":"Tâi-oân-ko-sok-thih-lō͘","name:nan-Latn-pehoeji":"Tâi-oân-ko-sok-thih-lō͘","name:nan-Latn-tailo":"Tâi-uân-ko-sok-thih-lōo","name:ru":"Тайваньская высокоскоростная железная дорога","name:zh":"台灣高速鐵路","network":"台灣高鐵","network:en":"THSR","network:zh":"台灣高鐵","operator":"台灣高速鐵路股份有限公司","railway":"rail","ref":"台灣高鐵","start_date":"2007-01-05","usage":"main","voltage":"25000","wikidata":"Q706198","wikipedia":"zh:台灣高鐵"},"id":"way/188615645"},{"type":"Feature","geometry":{"type":"LineString","coordinates":[[120.97495,24.722212],[120.972056,24.720597]]},"properties":{"@id":"way/188615646","electrified":"contact_line","frequency":"60","gauge":"1435","highspeed":"yes","maxspeed":"300","name":"台灣高速鐵路","name:en":"Taiwan High Speed Rail","name:ja":"台湾高速鉄道","name:nan":"Tâi-oân-ko-sok-thih-lō͘","name:nan-Latn-pehoeji":"Tâi-oân-ko-sok-thih-lō͘","name:nan-Latn-tailo":"Tâi-uân-ko-sok-thih-lōo","name:ru":"Тайваньская высокоскоростная железная дорога","name:zh":"台灣高速鐵路","network":"台灣高鐵","network:en":"THSR","network:zh":"台灣高鐵","operator":"台灣高速鐵路股份有限公司","railway":"rail","ref":"台灣高鐵","start_date":"2007-01-05","usage":"main","voltage":"25000","wikidata":"Q706198","wikipedia":"zh:台灣高鐵"},"id":"way/188615646"},{"type":"Feature","geometry":{"type":"LineString","coordinates":[[120.96286,24.715344],[120.960667,24.714001]]},"properties":{"@id":"way/188615647","electrified":"contact_line","frequency":"60","gauge":"1435","highspeed":"yes","maxspeed":"300","name":"台灣高速鐵路","name:en":"Taiwan High Speed Rail","name:ja":"台湾高速鉄道","name:nan":"Tâi-oân-ko-sok-thih-lō͘","name:nan-Latn-pehoeji":"Tâi-oân-ko-sok-thih-lō͘","name:nan-Latn-tailo":"Tâi-uân-ko-sok-thih-lōo","name:ru":"Тайваньская высокоскоростная железная дорога","name:zh":"台灣高速鐵路","network":"台灣高鐵","network:en":"THSR","network:zh":"台灣高鐵","operator":"台灣高速鐵路股份有限公司","railway":"rail","ref":"台灣高鐵","start_date":"2007-01-05","tunnel":"yes","usage":"main","voltage":"25000","wikidata":"Q706198","wikipedia":"zh:台灣高鐵"},"id":"way/188615647"},{"type":"Feature","geometry":{"type":"LineString","coordinates":[[120.970163,24.719545],[120.969216,24.718964]]},"properties":{"@id":"way/188615648","electrified":"contact_line","frequency":"60","gauge":"1435","highspeed":"yes","maxspeed":"300","name":"台灣高速鐵路","name:en":"Taiwan High Speed Rail","name:ja":"台湾高速鉄道","name:nan":"Tâi-oân-ko-sok-thih-lō͘","name:nan-Latn-pehoeji":"Tâi-oân-ko-sok-thih-lō͘","name:nan-Latn-tailo":"Tâi-uân-ko-sok-thih-lōo","name:ru":"Тайваньская высокоскоростная железная дорога","name:zh":"台灣高速鐵路","network":"台灣高鐵","network:en":"THSR","network:zh":"台灣高鐵","operator":"台灣高速鐵路股份有限公司","railway":"rail","ref":"台灣高鐵","start_date":"2007-01-05","usage":"main","voltage":"25000","wikidata":"Q706198","wikipedia":"zh:台灣高鐵"},"id":"way/188615648"},{"type":"Feature","geometry":{"type":"LineString","coordinates":[[120.967434,24.717976],[120.966879,24.717654]]},"properties":{"@id":"way/188615649","electrified":"contact_line","frequency":"60","gauge":"1435","highspeed":"yes","maxspeed":"300","name":"台灣高速鐵路","name:en":"Taiwan High Speed Rail","name:ja":"台湾高速鉄道","name:nan":"Tâi-oân-ko-sok-thih-lō͘","name:nan-Latn-pehoeji":"Tâi-oân-ko-sok-thih-lō͘","name:nan-Latn-tailo":"Tâi-uân-ko-sok-thih-lōo","name:ru":"Тайваньская высокоскоростная железная дорога","name:zh":"台灣高速鐵路","network":"台灣高鐵","network:en":"THSR","network:zh":"台灣高鐵","operator":"台灣高速鐵路股份有限公司","railway":"rail","ref":"台灣高鐵","start_date":"2007-01-05","usage":"main","voltage":"25000","wikidata":"Q706198","wikipedia":"zh:台灣高鐵"},"id":"way/188615649"},{"type":"Feature","geometry":{"type":"LineString","coordinates":[[120.980713,24.725474],[120.978112,24.724019]]},"properties":{"@id":"way/188615650","bridge":"yes","electrified":"contact_line","frequency":"60","gauge":"1435","highspeed":"yes","layer":"1","maxspeed":"300","name":"台灣高速鐵路","name:en":"Taiwan High Speed Rail","name:ja":"台湾高速鉄道","name:nan":"Tâi-oân-ko-sok-thih-lō͘","name:nan-Latn-pehoeji":"Tâi-oân-ko-sok-thih-lō͘","name:nan-Latn-tailo":"Tâi-uân-ko-sok-thih-lōo","name:ru":"Тайваньская высокоскоростная железная дорога","name:zh":"台灣高速鐵路","network":"台灣高鐵","network:en":"THSR","network:zh":"台灣高鐵","operator":"台灣高速鐵路股份有限公司","railway":"rail","ref":"台灣高鐵","start_date":"2007-01-05","usage":"main","voltage":"25000","wikidata":"Q706198","wikipedia":"zh:台灣高鐵"},"id":"way/188615650"},{"type":"Feature","geometry":{"type":"LineString","coordinates":[[120.972056,24.720597],[120.970163,24.719545]]},"properties":{"@id":"way/188615653","electrified":"contact_line","frequency":"60","gauge":"1435","highspeed":"yes","maxspeed":"300","name":"台灣高速鐵路","name:en":"Taiwan High Speed Rail","name:ja":"台湾高速鉄道","name:nan":"Tâi-oân-ko-sok-thih-lō͘","name:nan-Latn-pehoeji":"Tâi-oân-ko-sok-thih-lō͘","name:nan-Latn-tailo":"Tâi-uân-ko-sok-thih-lōo","name:ru":"Тайваньская высокоскоростная железная дорога","name:zh":"台灣高速鐵路","network":"台灣高鐵","network:en":"THSR","network:zh":"台灣高鐵","operator":"台灣高速鐵路股份有限公司","railway":"rail","ref":"台灣高鐵","start_date":"2007-01-05","tunnel":"yes","usage":"main","voltage":"25000","wikidata":"Q706198","wikipedia":"zh:台灣高鐵"},"id":"way/188615653"},{"type":"Feature","geometry":{"type":"LineString","coordinates":[[120.960667,24.714001],[120.958959,24.712864]]},"properties":{"@id":"way/188615657","electrified":"contact_line","frequency":"60","gauge":"1435","highspeed":"yes","maxspeed":"300","name":"台灣高速鐵路","name:en":"Taiwan High Speed Rail","name:ja":"台湾高速鉄道","name:nan":"Tâi-oân-ko-sok-thih-lō͘","name:nan-Latn-pehoeji":"Tâi-oân-ko-sok-thih-lō͘","name:nan-Latn-tailo":"Tâi-uân-ko-sok-thih-lōo","name:ru":"Тайваньская высокоскоростная железная дорога","name:zh":"台灣高速鐵路","network":"台灣高鐵","network:en":"THSR","network:zh":"台灣高鐵","operator":"台灣高速鐵路股份有限公司","railway":"rail","ref":"台灣高鐵","start_date":"2007-01-05","usage":"main","voltage":"25000","wikidata":"Q706198","wikipedia":"zh:台灣高鐵"},"id":"way/188615657"},{"type":"Feature","geometry":{"type":"LineString","coordinates":[[120.661272,24.269755],[120.660474,24.268703]]},"properties":{"@id":"way/190387296","cutting":"yes","electrified":"contact_line","frequency":"60","gauge":"1435","highspeed":"yes","layer":"1","maxspeed":"300","name":"台灣高速鐵路","name:en":"Taiwan High Speed Rail","name:ja":"台湾高速鉄道","name:nan":"Tâi-oân-ko-sok-thih-lō͘","name:nan-Latn-pehoeji":"Tâi-oân-ko-sok-thih-lō͘","name:nan-Latn-tailo":"Tâi-uân-ko-sok-thih-lōo","name:ru":"Тайваньская высокоскоростная железная дорога","name:zh":"台灣高速鐵路","network":"台灣高鐵","network:en":"THSR","network:zh":"台灣高鐵","operator":"台灣高速鐵路股份有限公司","railway":"rail","ref":"台灣高鐵","start_date":"2007-01-05","usage":"main","voltage":"25000","wikidata":"Q706198","wikipedia":"zh:台灣高鐵"},"id":"way/190387296"},{"type":"Feature","geometry":{"type":"LineString","coordinates":[[120.703985,24.462278],[120.703262,24.459326]]},"properties":{"@id":"way/193191977","electrified":"contact_line","frequency":"60","gauge":"1435","highspeed":"yes","layer":"-1","maxspeed":"300","name":"台灣高速鐵路","name:en":"Taiwan High Speed Rail","name:ja":"台湾高速鉄道","name:nan":"Tâi-oân-ko-sok-thih-lō͘","name:nan-Latn-pehoeji":"Tâi-oân-ko-sok-thih-lō͘","name:nan-Latn-tailo":"Tâi-uân-ko-sok-thih-lōo","name:ru":"Тайваньская высокоскоростная железная дорога","name:zh":"台灣高速鐵路","network":"台灣高鐵","network:en":"THSR","network:zh":"台灣高鐵","operator":"台灣高速鐵路股份有限公司","railway":"rail","ref":"台灣高鐵","start_date":"2007-01-05","tunnel":"yes","usage":"main","voltage":"25000","wikidata":"Q706198","wikipedia":"zh:台灣高鐵"},"id":"way/193191977"},{"type":"Feature","geometry":{"type":"LineString","coordinates":[[120.703262,24.459326],[120.702277,24.455245]]},"properties":{"@id":"way/193191978","electrified":"contact_line","frequency":"60","gauge":"1435","highspeed":"yes","maxspeed":"300","name":"台灣高速鐵路","name:en":"Taiwan High Speed Rail","name:ja":"台湾高速鉄道","name:nan":"Tâi-oân-ko-sok-thih-lō͘","name:nan-Latn-pehoeji":"Tâi-oân-ko-sok-thih-lō͘","name:nan-Latn-tailo":"Tâi-uân-ko-sok-thih-lōo","name:ru":"Тайваньская высокоскоростная железная дорога","name:zh":"台灣高速鐵路","network":"台灣高鐵","network:en":"THSR","network:zh":"台灣高鐵","operator":"台灣高速鐵路股份有限公司","railway":"rail","ref":"台灣高鐵","start_date":"2007-01-05","usage":"main","voltage":"25000","wikidata":"Q706198","wikipedia":"zh:台灣高鐵"},"id":"way/193191978"},{"type":"Feature","geometry":{"type":"LineString","coordinates":[[120.866512,24.624656],[120.866323,24.624556],[120.864763,24.623631],[120.860256,24.621027],[120.858915,24.62032]]},"properties":{"@id":"way/194146294","electrified":"contact_line","frequency":"60","gauge":"1435","highspeed":"yes","maxspeed":"300","name":"台灣高速鐵路","name:en":"Taiwan High Speed Rail","name:ja":"台湾高速鉄道","name:nan":"Tâi-oân-ko-sok-thih-lō͘","name:nan-Latn-pehoeji":"Tâi-oân-ko-sok-thih-lō͘","name:nan-Latn-tailo":"Tâi-uân-ko-sok-thih-lōo","name:ru":"Тайваньская высокоскоростная железная дорога","name:zh":"台灣高速鐵路","network":"台灣高鐵","network:en":"THSR","network:zh":"台灣高鐵","operator":"台灣高速鐵路股份有限公司","railway":"rail","ref":"台灣高鐵","start_date":"2007-01-05","usage":"main","voltage":"25000","wikidata":"Q706198","wikipedia":"zh:台灣高鐵"},"id":"way/194146294"},{"type":"Feature","geometry":{"type":"LineString","coordinates":[[120.871376,24.627536],[120.866512,24.624656]]},"properties":{"@id":"way/194146296","bridge":"viaduct","electrified":"contact_line","frequency":"60","gauge":"1435","highspeed":"yes","layer":"1","maxspeed":"300","name":"台灣高速鐵路","name:en":"Taiwan High Speed Rail","name:ja":"台湾高速鉄道","name:nan":"Tâi-oân-ko-sok-thih-lō͘","name:nan-Latn-pehoeji":"Tâi-oân-ko-sok-thih-lō͘","name:nan-Latn-tailo":"Tâi-uân-ko-sok-thih-lōo","name:ru":"Тайваньская высокоскоростная железная дорога","name:zh":"台灣高速鐵路","network":"台灣高鐵","network:en":"THSR","network:zh":"台灣高鐵","operator":"台灣高速鐵路股份有限公司","railway":"rail","ref":"台灣高鐵","start_date":"2007-01-05","usage":"main","voltage":"25000","wikidata":"Q706198","wikipedia":"zh:台灣高鐵"},"id":"way/194146296"},{"type":"Feature","geometry":{"type":"LineString","coordinates":[[120.855403,24.618538],[120.8516,24.616818]]},"properties":{"@id":"way/194146310","electrified":"contact_line","frequency":"60","gauge":"1435","highspeed":"yes","layer":"-1","maxspeed":"300","name":"台灣高速鐵路","name:en":"Taiwan High Speed Rail","name:ja":"台湾高速鉄道","name:nan":"Tâi-oân-ko-sok-thih-lō͘","name:nan-Latn-pehoeji":"Tâi-oân-ko-sok-thih-lō͘","name:nan-Latn-tailo":"Tâi-uân-ko-sok-thih-lōo","name:ru":"Тайваньская высокоскоростная железная дорога","name:zh":"台灣高速鐵路","network":"台灣高鐵","network:en":"THSR","network:zh":"台灣高鐵","operator":"台灣高速鐵路股份有限公司","railway":"rail","ref":"台灣高鐵","start_date":"2007-01-05","tunnel":"yes","usage":"main","voltage":"25000","wikidata":"Q706198","wikipedia":"zh:台灣高鐵"},"id":"way/194146310"},{"type":"Feature","geometry":{"type":"LineString","coordinates":[[121.312816,25.054186],[121.313975,25.053642]]},"properties":{"@id":"way/197206560","bridge":"viaduct","electrified":"contact_line","frequency":"60","gauge":"1435","highspeed":"yes","layer":"1","maxspeed":"300","name":"台灣高速鐵路","name:en":"Taiwan High Speed Rail","name:ja":"台湾高速鉄道","name:nan":"Tâi-oân-ko-sok-thih-lō͘","name:nan-Latn-pehoeji":"Tâi-oân-ko-sok-thih-lō͘","name:nan-Latn-tailo":"Tâi-uân-ko-sok-thih-lōo","name:ru":"Тайваньская высокоскоростная железная дорога","name:zh":"台灣高速鐵路","network":"台灣高鐵","network:en":"THSR","network:zh":"台灣高鐵","operator":"台灣高速鐵路股份有限公司","railway":"rail","ref":"台灣高鐵","start_date":"2007-01-05","usage":"main","voltage":"25000","wikidata":"Q706198","wikipedia":"zh:台灣高鐵"},"id":"way/197206560"},{"type":"Feature","geometry":{"type":"LineString","coordinates":[[121.321107,25.049797],[121.322872,25.048821],[121.323511,25.048458],[121.324277,25.048016]]},"properties":{"@id":"way/197206561","bridge":"viaduct","electrified":"contact_line","frequency":"60","gauge":"1435","highspeed":"yes","layer":"6","maxspeed":"300","name":"台灣高速鐵路","name:en":"Taiwan High Speed Rail","name:ja":"台湾高速鉄道","name:nan":"Tâi-oân-ko-sok-thih-lō͘","name:nan-Latn-pehoeji":"Tâi-oân-ko-sok-thih-lō͘","name:nan-Latn-tailo":"Tâi-uân-ko-sok-thih-lōo","name:ru":"Тайваньская высокоскоростная железная дорога","name:zh":"台灣高速鐵路","network":"台灣高鐵","network:en":"THSR","network:zh":"台灣高鐵","operator":"台灣高速鐵路股份有限公司","railway":"rail","ref":"台灣高鐵","start_date":"2007-01-05","usage":"main","voltage":"25000","wikidata":"Q706198","wikipedia":"zh:台灣高鐵"},"id":"way/197206561"},{"type":"Feature","geometry":{"type":"LineString","coordinates":[[121.307004,25.056388],[121.307761,25.056141]]},"properties":{"@id":"way/197206563","bridge":"viaduct","electrified":"contact_line","frequency":"60","gauge":"1435","highspeed":"yes","layer":"1","maxspeed":"300","name":"台灣高速鐵路","name:en":"Taiwan High Speed Rail","name:ja":"台湾高速鉄道","name:nan":"Tâi-oân-ko-sok-thih-lō͘","name:nan-Latn-pehoeji":"Tâi-oân-ko-sok-thih-lō͘","name:nan-Latn-tailo":"Tâi-uân-ko-sok-thih-lōo","name:ru":"Тайваньская высокоскоростная железная дорога","name:zh":"台灣高速鐵路","network":"台灣高鐵","network:en":"THSR","network:zh":"台灣高鐵","operator":"台灣高速鐵路股份有限公司","railway":"rail","ref":"台灣高鐵","start_date":"2007-01-05","usage":"main","voltage":"25000","wikidata":"Q706198","wikipedia":"zh:台灣高鐵"},"id":"way/197206563"},{"type":"Feature","geometry":{"type":"LineString","coordinates":[[121.324834,25.047694],[121.328681,25.045545],[121.328845,25.045435]]},"properties":{"@id":"way/197206564","electrified":"contact_line","frequency":"60","gauge":"1435","highspeed":"yes","layer":"-4","maxspeed":"300","name":"台灣高速鐵路","name:en":"Taiwan High Speed Rail","name:ja":"台湾高速鉄道","name:nan":"Tâi-oân-ko-sok-thih-lō͘","name:nan-Latn-pehoeji":"Tâi-oân-ko-sok-thih-lō͘","name:nan-Latn-tailo":"Tâi-uân-ko-sok-thih-lōo","name:ru":"Тайваньская высокоскоростная железная дорога","name:zh":"台灣高速鐵路","network":"台灣高鐵","network:en":"THSR","network:zh":"台灣高鐵","operator":"台灣高速鐵路股份有限公司","railway":"rail","ref":"台灣高鐵","start_date":"2007-01-05","tunnel":"yes","usage":"main","voltage":"25000","wikidata":"Q706198","wikipedia":"zh:台灣高鐵"},"id":"way/197206564"},{"type":"Feature","geometry":{"type":"LineString","coordinates":[[121.411294,25.005389],[121.414932,25.004842],[121.418454,25.004308],[121.420428,25.004011],[121.422488,25.003777],[121.424281,25.003663],[121.425453,25.003661],[121.426615,25.003691],[121.427238,25.003716],[121.428198,25.00379],[121.429152,25.00389],[121.430512,25.004096],[121.432115,25.004386],[121.433545,25.004604],[121.434614,25.004707],[121.435077,25.004731],[121.435769,25.004749],[121.436551,25.004714],[121.437787,25.004666],[121.439633,25.004557]]},"properties":{"@id":"way/197206565","bridge":"viaduct","electrified":"contact_line","frequency":"60","gauge":"1435","highspeed":"yes","layer":"5","maxspeed":"200","name":"台灣高速鐵路","name:en":"Taiwan High Speed Rail","name:ja":"台湾高速鉄道","name:nan":"Tâi-oân-ko-sok-thih-lō͘","name:nan-Latn-pehoeji":"Tâi-oân-ko-sok-thih-lō͘","name:nan-Latn-tailo":"Tâi-uân-ko-sok-thih-lōo","name:ru":"Тайваньская высокоскоростная железная дорога","name:zh":"台灣高速鐵路","network":"台灣高鐵","network:en":"THSR","network:zh":"台灣高鐵","operator":"台灣高速鐵路股份有限公司","railway":"rail","ref":"台灣高鐵","start_date":"2007-01-05","usage":"main","voltage":"25000","wikidata":"Q706198","wikipedia":"zh:台灣高鐵"},"id":"way/197206565"},{"type":"Feature","geometry":{"type":"LineString","coordinates":[[121.307866,25.056102],[121.309081,25.055686]]},"properties":{"@id":"way/197206566","electrified":"contact_line","frequency":"60","gauge":"1435","highspeed":"yes","layer":"-1","maxspeed":"300","name":"台灣高速鐵路","name:en":"Taiwan High Speed Rail","name:ja":"台湾高速鉄道","name:nan":"Tâi-oân-ko-sok-thih-lō͘","name:nan-Latn-pehoeji":"Tâi-oân-ko-sok-thih-lō͘","name:nan-Latn-tailo":"Tâi-uân-ko-sok-thih-lōo","name:ru":"Тайваньская высокоскоростная железная дорога","name:zh":"台灣高速鐵路","network":"台灣高鐵","network:en":"THSR","network:zh":"台灣高鐵","operator":"台灣高速鐵路股份有限公司","railway":"rail","ref":"台灣高鐵","start_date":"2007-01-05","tunnel":"yes","usage":"main","voltage":"25000","wikidata":"Q706198","wikipedia":"zh:台灣高鐵"},"id":"way/197206566"},{"type":"Feature","geometry":{"type":"LineString","coordinates":[[121.310823,25.055039],[121.31238,25.05439]]},"properties":{"@id":"way/197206568","electrified":"contact_line","frequency":"60","gauge":"1435","highspeed":"yes","layer":"5","maxspeed":"300","name":"台灣高速鐵路","name:en":"Taiwan High Speed Rail","name:ja":"台湾高速鉄道","name:nan":"Tâi-oân-ko-sok-thih-lō͘","name:nan-Latn-pehoeji":"Tâi-oân-ko-sok-thih-lō͘","name:nan-Latn-tailo":"Tâi-uân-ko-sok-thih-lōo","name:ru":"Тайваньская высокоскоростная железная дорога","name:zh":"台灣高速鐵路","network":"台灣高鐵","network:en":"THSR","network:zh":"台灣高鐵","operator":"台灣高速鐵路股份有限公司","railway":"rail","ref":"台灣高鐵","start_date":"2007-01-05","tunnel":"yes","usage":"main","voltage":"25000","wikidata":"Q706198","wikipedia":"zh:台灣高鐵"},"id":"way/197206568"},{"type":"Feature","geometry":{"type":"LineString","coordinates":[[121.31434,25.05347],[121.320922,25.049898]]},"properties":{"@id":"way/197206569","electrified":"contact_line","frequency":"60","gauge":"1435","highspeed":"yes","layer":"-4","maxspeed":"300","name":"台灣高速鐵路","name:en":"Taiwan High Speed Rail","name:ja":"台湾高速鉄道","name:nan":"Tâi-oân-ko-sok-thih-lō͘","name:nan-Latn-pehoeji":"Tâi-oân-ko-sok-thih-lō͘","name:nan-Latn-tailo":"Tâi-uân-ko-sok-thih-lōo","name:ru":"Тайваньская высокоскоростная железная дорога","name:zh":"台灣高速鐵路","network":"台灣高鐵","network:en":"THSR","network:zh":"台灣高鐵","operator":"台灣高速鐵路股份有限公司","railway":"rail","ref":"台灣高鐵","start_date":"2007-01-05","tunnel":"yes","usage":"main","voltage":"25000","wikidata":"Q706198","wikipedia":"zh:台灣高鐵"},"id":"way/197206569"},{"type":"Feature","geometry":{"type":"LineString","coordinates":[[121.309254,25.055623],[121.310316,25.055238]]},"properties":{"@id":"way/197206570","bridge":"viaduct","electrified":"contact_line","frequency":"60","gauge":"1435","highspeed":"yes","layer":"1","maxspeed":"300","name":"台灣高速鐵路","name:en":"Taiwan High Speed Rail","name:ja":"台湾高速鉄道","name:nan":"Tâi-oân-ko-sok-thih-lō͘","name:nan-Latn-pehoeji":"Tâi-oân-ko-sok-thih-lō͘","name:nan-Latn-tailo":"Tâi-uân-ko-sok-thih-lōo","name:ru":"Тайваньская высокоскоростная железная дорога","name:zh":"台灣高速鐵路","network":"台灣高鐵","network:en":"THSR","network:zh":"台灣高鐵","operator":"台灣高速鐵路股份有限公司","railway":"rail","ref":"台灣高鐵","start_date":"2007-01-05","usage":"main","voltage":"25000","wikidata":"Q706198","wikipedia":"zh:台灣高鐵"},"id":"way/197206570"},{"type":"Feature","geometry":{"type":"LineString","coordinates":[[121.329279,25.045193],[121.332281,25.043508]]},"properties":{"@id":"way/197206572","bridge":"viaduct","electrified":"contact_line","frequency":"60","gauge":"1435","highspeed":"yes","layer":"2","maxspeed":"300","name":"台灣高速鐵路","name:en":"Taiwan High Speed Rail","name:ja":"台湾高速鉄道","name:nan":"Tâi-oân-ko-sok-thih-lō͘","name:nan-Latn-pehoeji":"Tâi-oân-ko-sok-thih-lō͘","name:nan-Latn-tailo":"Tâi-uân-ko-sok-thih-lōo","name:ru":"Тайваньская высокоскоростная железная дорога","name:zh":"台灣高速鐵路","network":"台灣高鐵","network:en":"THSR","network:zh":"台灣高鐵","operator":"台灣高速鐵路股份有限公司","railway":"rail","ref":"台灣高鐵","start_date":"2007-01-05","usage":"main","voltage":"25000","wikidata":"Q706198","wikipedia":"zh:台灣高鐵"},"id":"way/197206572"},{"type":"Feature","geometry":{"type":"LineString","coordinates":[[120.287291,22.922889],[120.286272,22.924883],[120.285262,22.926891],[120.284365,22.928647]]},"properties":{"@id":"way/197614576","bridge":"viaduct","electrified":"contact_line","frequency":"60","gauge":"1435","highspeed":"yes","layer":"2","maxspeed":"300","name":"台灣高速鐵路","name:en":"Taiwan High Speed Rail","name:ja":"台湾高速鉄道","name:nan":"Tâi-oân-ko-sok-thih-lō͘","name:nan-Latn-pehoeji":"Tâi-oân-ko-sok-thih-lō͘","name:nan-Latn-tailo":"Tâi-uân-ko-sok-thih-lōo","name:ru":"Тайваньская высокоскоростная железная дорога","name:zh":"台灣高速鐵路","network":"台灣高鐵","network:en":"THSR","network:zh":"台灣高鐵","operator":"台灣高速鐵路股份有限公司","railway":"rail","ref":"台灣高鐵","start_date":"2007-01-05","usage":"main","voltage":"25000","wikidata":"Q706198","wikipedia":"zh:台灣高鐵"},"id":"way/197614576"},{"type":"Feature","geometry":{"type":"LineString","coordinates":[[120.288744,22.920023],[120.288191,22.921128],[120.287949,22.921609],[120.287291,22.922889]]},"properties":{"@id":"way/197614580","bridge":"viaduct","electrified":"contact_line","frequency":"60","gauge":"1435","highspeed":"yes","layer":"2","maxspeed":"300","name":"台灣高速鐵路","name:en":"Taiwan High Speed Rail","name:ja":"台湾高速鉄道","name:nan":"Tâi-oân-ko-sok-thih-lō͘","name:nan-Latn-pehoeji":"Tâi-oân-ko-sok-thih-lō͘","name:nan-Latn-tailo":"Tâi-uân-ko-sok-thih-lōo","name:ru":"Тайваньская высокоскоростная железная дорога","name:zh":"台灣高速鐵路","network":"台灣高鐵","network:en":"THSR","network:zh":"台灣高鐵","operator":"台灣高速鐵路股份有限公司","railway":"rail","ref":"台灣高鐵","start_date":"2007-01-05","usage":"main","voltage":"25000","wikidata":"Q706198","wikipedia":"zh:台灣高鐵"},"id":"way/197614580"},{"type":"Feature","geometry":{"type":"LineString","coordinates":[[120.307311,22.878108],[120.306833,22.880437],[120.306251,22.882805],[120.305594,22.885068],[120.304857,22.887222],[120.303961,22.889471],[120.302866,22.891927],[120.30167,22.894385],[120.300565,22.896505],[120.298149,22.901482],[120.297812,22.902155],[120.296943,22.903769],[120.296752,22.904123],[120.295191,22.907298],[120.29492,22.907729],[120.294187,22.909234],[120.293367,22.910791],[120.292038,22.913474],[120.289311,22.918864],[120.288744,22.920023]]},"properties":{"@id":"way/197614583","bridge":"viaduct","electrified":"contact_line","frequency":"60","gauge":"1435","highspeed":"yes","layer":"2","maxspeed":"300","name":"台灣高速鐵路","name:en":"Taiwan High Speed Rail","name:ja":"台湾高速鉄道","name:nan":"Tâi-oân-ko-sok-thih-lō͘","name:nan-Latn-pehoeji":"Tâi-oân-ko-sok-thih-lō͘","name:nan-Latn-tailo":"Tâi-uân-ko-sok-thih-lōo","name:ru":"Тайваньская высокоскоростная железная дорога","name:zh":"台灣高速鐵路","network":"台灣高鐵","network:en":"THSR","network:zh":"台灣高鐵","operator":"台灣高速鐵路股份有限公司","railway":"rail","ref":"台灣高鐵","start_date":"2007-01-05","usage":"main","voltage":"25000","wikidata":"Q706198","wikipedia":"zh:台灣高鐵"},"id":"way/197614583"},{"type":"Feature","geometry":{"type":"LineString","coordinates":[[120.284407,22.928667],[120.284876,22.927955],[120.285374,22.926918],[120.286383,22.924904],[120.286491,22.924699],[120.287402,22.922923],[120.287429,22.922869],[120.287855,22.922031],[120.288064,22.921491]]},"properties":{"@id":"way/197614585","bridge":"viaduct","electrified":"contact_line","frequency":"60","gauge":"1435","layer":"2","name":"台灣高速鐵路","name:en":"Taiwan High Speed Rail","name:ja":"台湾高速鉄道","name:nan":"Tâi-oân-ko-sok-thih-lō͘","name:nan-Latn-pehoeji":"Tâi-oân-ko-sok-thih-lō͘","name:nan-Latn-tailo":"Tâi-uân-ko-sok-thih-lōo","name:ru":"Тайваньская высокоскоростная железная дорога","name:zh":"台灣高速鐵路","network":"台灣高鐵","network:en":"THSR","network:zh":"台灣高鐵","operator":"台灣高速鐵路股份有限公司","railway":"rail","service":"siding","voltage":"25000","wikidata":"Q706198","wikipedia":"zh:台灣高鐵"},"id":"way/197614585"},{"type":"Feature","geometry":{"type":"LineString","coordinates":[[120.288744,22.920023],[120.288222,22.920932],[120.288071,22.921221],[120.28633,22.924638],[120.286219,22.924859],[120.285605,22.926102],[120.285158,22.927006],[120.284676,22.927892],[120.284365,22.928647]]},"properties":{"@id":"way/197614588","bridge":"viaduct","electrified":"contact_line","frequency":"60","gauge":"1435","highspeed":"yes","layer":"2","maxspeed":"300","name":"台灣高速鐵路","name:en":"Taiwan High Speed Rail","name:ja":"台湾高速鉄道","name:nan":"Tâi-oân-ko-sok-thih-lō͘","name:nan-Latn-pehoeji":"Tâi-oân-ko-sok-thih-lō͘","name:nan-Latn-tailo":"Tâi-uân-ko-sok-thih-lōo","name:ru":"Тайваньская высокоскоростная железная дорога","name:zh":"台灣高速鐵路","network":"台灣高鐵","network:en":"THSR","network:zh":"台灣高鐵","operator":"台灣高速鐵路股份有限公司","railway":"rail","service":"siding","voltage":"25000","wikidata":"Q706198","wikipedia":"zh:台灣高鐵"},"id":"way/197614588"},{"type":"Feature","geometry":{"type":"LineString","coordinates":[[120.614191,23.950933],[120.614097,23.951866]]},"properties":{"@id":"way/197638298","electrified":"contact_line","frequency":"60","gauge":"1435","highspeed":"yes","layer":"1","maxspeed":"300","name":"台灣高速鐵路","name:en":"Taiwan High Speed Rail","name:ja":"台湾高速鉄道","name:nan":"Tâi-oân-ko-sok-thih-lō͘","name:nan-Latn-pehoeji":"Tâi-oân-ko-sok-thih-lō͘","name:nan-Latn-tailo":"Tâi-uân-ko-sok-thih-lōo","name:ru":"Тайваньская высокоскоростная железная дорога","name:zh":"台灣高速鐵路","network":"台灣高鐵","network:en":"THSR","network:zh":"台灣高鐵","operator":"台灣高速鐵路股份有限公司","railway":"rail","ref":"台灣高鐵","start_date":"2007-01-05","usage":"main","voltage":"25000","wikidata":"Q706198","wikipedia":"zh:台灣高鐵"},"id":"way/197638298"},{"type":"Feature","geometry":{"type":"LineString","coordinates":[[120.614097,23.951866],[120.614034,23.952792],[120.613979,23.953749]]},"properties":{"@id":"way/197638299","bridge":"yes","electrified":"contact_line","frequency":"60","gauge":"1435","highspeed":"yes","layer":"1","maxspeed":"300","name":"台灣高速鐵路","name:en":"Taiwan High Speed Rail","name:ja":"台湾高速鉄道","name:nan":"Tâi-oân-ko-sok-thih-lō͘","name:nan-Latn-pehoeji":"Tâi-oân-ko-sok-thih-lō͘","name:nan-Latn-tailo":"Tâi-uân-ko-sok-thih-lōo","name:ru":"Тайваньская высокоскоростная железная дорога","name:zh":"台灣高速鐵路","network":"台灣高鐵","network:en":"THSR","network:zh":"台灣高鐵","operator":"台灣高速鐵路股份有限公司","railway":"rail","ref":"台灣高鐵","start_date":"2007-01-05","usage":"main","voltage":"25000","wikidata":"Q706198","wikipedia":"zh:台灣高鐵"},"id":"way/197638299"},{"type":"Feature","geometry":{"type":"LineString","coordinates":[[120.614339,23.949607],[120.614342,23.949532],[120.614388,23.948995],[120.614522,23.947329]]},"properties":{"@id":"way/197638300","electrified":"contact_line","frequency":"60","gauge":"1435","highspeed":"yes","layer":"1","maxspeed":"300","name":"台灣高速鐵路","name:en":"Taiwan High Speed Rail","name:ja":"台湾高速鉄道","name:nan":"Tâi-oân-ko-sok-thih-lō͘","name:nan-Latn-pehoeji":"Tâi-oân-ko-sok-thih-lō͘","name:nan-Latn-tailo":"Tâi-uân-ko-sok-thih-lōo","name:ru":"Тайваньская высокоскоростная железная дорога","name:zh":"台灣高速鐵路","network":"台灣高鐵","network:en":"THSR","network:zh":"台灣高鐵","operator":"台灣高速鐵路股份有限公司","railway":"rail","ref":"台灣高鐵","start_date":"2007-01-05","usage":"main","voltage":"25000","wikidata":"Q706198","wikipedia":"zh:台灣高鐵"},"id":"way/197638300"},{"type":"Feature","geometry":{"type":"LineString","coordinates":[[120.615621,23.932493],[120.615671,23.931021],[120.615506,23.927787],[120.615421,23.926336],[120.615046,23.923028],[120.61452,23.920019],[120.613717,23.916775],[120.612958,23.914226],[120.611645,23.910538],[120.610815,23.908553],[120.609712,23.906184],[120.608333,23.903582],[120.60665,23.900769],[120.605206,23.898612],[120.602151,23.894608],[120.60032,23.892483],[120.598626,23.890718],[120.595945,23.888176],[120.59406,23.886503],[120.591362,23.884381],[120.588981,23.882704],[120.583434,23.879161],[120.583123,23.878977]]},"properties":{"@id":"way/197638301","bridge":"viaduct","electrified":"contact_line","frequency":"60","gauge":"1435","highspeed":"yes","layer":"1","maxspeed":"300","name":"台灣高速鐵路","name:en":"Taiwan High Speed Rail","name:ja":"台湾高速鉄道","name:nan":"Tâi-oân-ko-sok-thih-lō͘","name:nan-Latn-pehoeji":"Tâi-oân-ko-sok-thih-lō͘","name:nan-Latn-tailo":"Tâi-uân-ko-sok-thih-lōo","name:ru":"Тайваньская высокоскоростная железная дорога","name:zh":"台灣高速鐵路","network":"台灣高鐵","network:en":"THSR","network:zh":"台灣高鐵","operator":"台灣高速鐵路股份有限公司","railway":"rail","ref":"台灣高鐵","start_date":"2007-01-05","usage":"main","voltage":"25000","wikidata":"Q706198","wikipedia":"zh:台灣高鐵"},"id":"way/197638301"},{"type":"Feature","geometry":{"type":"LineString","coordinates":[[120.525534,23.850117],[120.529571,23.851429],[120.532487,23.852437],[120.535995,23.853803],[120.542018,23.856378],[120.548803,23.859327],[120.55013,23.859911],[120.552258,23.86088],[120.553603,23.861523],[120.555749,23.862611],[120.55748,23.86354],[120.561425,23.865779],[120.562671,23.866549],[120.564046,23.867377],[120.569286,23.870549],[120.569672,23.870785],[120.571324,23.871813]]},"properties":{"@id":"way/197638303","bridge":"viaduct","electrified":"contact_line","frequency":"60","gauge":"1435","highspeed":"yes","layer":"1","maxspeed":"300","name":"台灣高速鐵路","name:en":"Taiwan High Speed Rail","name:ja":"台湾高速鉄道","name:nan":"Tâi-oân-ko-sok-thih-lō͘","name:nan-Latn-pehoeji":"Tâi-oân-ko-sok-thih-lō͘","name:nan-Latn-tailo":"Tâi-uân-ko-sok-thih-lōo","name:ru":"Тайваньская высокоскоростная железная дорога","name:zh":"台灣高速鐵路","network":"台灣高鐵","network:en":"THSR","network:zh":"台灣高鐵","operator":"台灣高速鐵路股份有限公司","railway":"rail","ref":"台灣高鐵","start_date":"2007-01-05","usage":"main","voltage":"25000","wikidata":"Q706198","wikipedia":"zh:台灣高鐵"},"id":"way/197638303"},{"type":"Feature","geometry":{"type":"LineString","coordinates":[[120.614281,23.949609],[120.614229,23.950206],[120.614191,23.950933]]},"properties":{"@id":"way/197638305","bridge":"yes","electrified":"contact_line","frequency":"60","gauge":"1435","highspeed":"yes","layer":"1","maxspeed":"300","name":"台灣高速鐵路","name:en":"Taiwan High Speed Rail","name:ja":"台湾高速鉄道","name:nan":"Tâi-oân-ko-sok-thih-lō͘","name:nan-Latn-pehoeji":"Tâi-oân-ko-sok-thih-lō͘","name:nan-Latn-tailo":"Tâi-uân-ko-sok-thih-lōo","name:ru":"Тайваньская высокоскоростная железная дорога","name:zh":"台灣高速鐵路","network":"台灣高鐵","network:en":"THSR","network:zh":"台灣高鐵","operator":"台灣高速鐵路股份有限公司","railway":"rail","ref":"台灣高鐵","start_date":"2007-01-05","usage":"main","voltage":"25000","wikidata":"Q706198","wikipedia":"zh:台灣高鐵"},"id":"way/197638305"},{"type":"Feature","geometry":{"type":"LineString","coordinates":[[120.614522,23.947329],[120.614548,23.946407],[120.614688,23.944925],[120.614977,23.941486],[120.615158,23.939482]]},"properties":{"@id":"way/197638307","bridge":"viaduct","electrified":"contact_line","frequency":"60","gauge":"1435","highspeed":"yes","layer":"1","maxspeed":"300","name":"台灣高速鐵路","name:en":"Taiwan High Speed Rail","name:ja":"台湾高速鉄道","name:nan":"Tâi-oân-ko-sok-thih-lō͘","name:nan-Latn-pehoeji":"Tâi-oân-ko-sok-thih-lō͘","name:nan-Latn-tailo":"Tâi-uân-ko-sok-thih-lōo","name:ru":"Тайваньская высокоскоростная железная дорога","name:zh":"台灣高速鐵路","network":"台灣高鐵","network:en":"THSR","network:zh":"台灣高鐵","operator":"台灣高速鐵路股份有限公司","railway":"rail","ref":"台灣高鐵","start_date":"2007-01-05","usage":"main","voltage":"25000","wikidata":"Q706198","wikipedia":"zh:台灣高鐵"},"id":"way/197638307"},{"type":"Feature","geometry":{"type":"LineString","coordinates":[[120.614227,23.950936],[120.614234,23.950881],[120.614286,23.950189],[120.614339,23.949607]]},"properties":{"@id":"way/197638309","bridge":"yes","electrified":"contact_line","frequency":"60","gauge":"1435","highspeed":"yes","layer":"1","maxspeed":"300","name":"台灣高速鐵路","name:en":"Taiwan High Speed Rail","name:ja":"台湾高速鉄道","name:nan":"Tâi-oân-ko-sok-thih-lō͘","name:nan-Latn-pehoeji":"Tâi-oân-ko-sok-thih-lō͘","name:nan-Latn-tailo":"Tâi-uân-ko-sok-thih-lōo","name:ru":"Тайваньская высокоскоростная железная дорога","name:zh":"台灣高速鐵路","network":"台灣高鐵","network:en":"THSR","network:zh":"台灣高鐵","operator":"台灣高速鐵路股份有限公司","railway":"rail","ref":"台灣高鐵","start_date":"2007-01-05","usage":"main","voltage":"25000","wikidata":"Q706198","wikipedia":"zh:台灣高鐵"},"id":"way/197638309"},{"type":"Feature","geometry":{"type":"LineString","coordinates":[[120.614025,23.953753],[120.614062,23.9532],[120.61409,23.952784],[120.614151,23.951867]]},"properties":{"@id":"way/197638310","bridge":"yes","electrified":"contact_line","frequency":"60","gauge":"1435","highspeed":"yes","layer":"1","maxspeed":"300","name":"台灣高速鐵路","name:en":"Taiwan High Speed Rail","name:ja":"台湾高速鉄道","name:nan":"Tâi-oân-ko-sok-thih-lō͘","name:nan-Latn-pehoeji":"Tâi-oân-ko-sok-thih-lō͘","name:nan-Latn-tailo":"Tâi-uân-ko-sok-thih-lōo","name:ru":"Тайваньская высокоскоростная железная дорога","name:zh":"台灣高速鐵路","network":"台灣高鐵","network:en":"THSR","network:zh":"台灣高鐵","operator":"台灣高速鐵路股份有限公司","railway":"rail","ref":"台灣高鐵","start_date":"2007-01-05","usage":"main","voltage":"25000","wikidata":"Q706198","wikipedia":"zh:台灣高鐵"},"id":"way/197638310"},{"type":"Feature","geometry":{"type":"LineString","coordinates":[[120.614477,23.947325],[120.614327,23.949001],[120.614281,23.949609]]},"properties":{"@id":"way/197638311","electrified":"contact_line","frequency":"60","gauge":"1435","highspeed":"yes","layer":"1","maxspeed":"300","name":"台灣高速鐵路","name:en":"Taiwan High Speed Rail","name:ja":"台湾高速鉄道","name:nan":"Tâi-oân-ko-sok-thih-lō͘","name:nan-Latn-pehoeji":"Tâi-oân-ko-sok-thih-lō͘","name:nan-Latn-tailo":"Tâi-uân-ko-sok-thih-lōo","name:ru":"Тайваньская высокоскоростная железная дорога","name:zh":"台灣高速鐵路","network":"台灣高鐵","network:en":"THSR","network:zh":"台灣高鐵","operator":"台灣高速鐵路股份有限公司","railway":"rail","ref":"台灣高鐵","start_date":"2007-01-05","usage":"main","voltage":"25000","wikidata":"Q706198","wikipedia":"zh:台灣高鐵"},"id":"way/197638311"},{"type":"Feature","geometry":{"type":"LineString","coordinates":[[120.578559,23.876243],[120.582142,23.878418],[120.58311,23.879017],[120.588935,23.882761],[120.591313,23.884436],[120.594008,23.886555],[120.595891,23.888226],[120.598569,23.890766],[120.60026,23.892528],[120.602089,23.89465],[120.605141,23.89865],[120.606583,23.900805],[120.608264,23.903614],[120.609641,23.906213],[120.610743,23.908579],[120.611572,23.910562],[120.612883,23.914245],[120.613642,23.916791],[120.614444,23.920032],[120.614969,23.923038],[120.615344,23.926343],[120.615428,23.92779],[120.615593,23.93102],[120.615567,23.932495]]},"properties":{"@id":"way/197638312","bridge":"viaduct","electrified":"contact_line","frequency":"60","gauge":"1435","highspeed":"yes","layer":"1","maxspeed":"300","name":"台灣高速鐵路","name:en":"Taiwan High Speed Rail","name:ja":"台湾高速鉄道","name:nan":"Tâi-oân-ko-sok-thih-lō͘","name:nan-Latn-pehoeji":"Tâi-oân-ko-sok-thih-lō͘","name:nan-Latn-tailo":"Tâi-uân-ko-sok-thih-lōo","name:ru":"Тайваньская высокоскоростная железная дорога","name:zh":"台灣高速鐵路","network":"台灣高鐵","network:en":"THSR","network:zh":"台灣高鐵","operator":"台灣高速鐵路股份有限公司","railway":"rail","ref":"台灣高鐵","start_date":"2007-01-05","usage":"main","voltage":"25000","wikidata":"Q706198","wikipedia":"zh:台灣高鐵"},"id":"way/197638312"},{"type":"Feature","geometry":{"type":"LineString","coordinates":[[120.614151,23.951867],[120.614156,23.951811],[120.614227,23.950936]]},"properties":{"@id":"way/197638313","electrified":"contact_line","frequency":"60","gauge":"1435","highspeed":"yes","layer":"1","maxspeed":"300","name":"台灣高速鐵路","name:en":"Taiwan High Speed Rail","name:ja":"台湾高速鉄道","name:nan":"Tâi-oân-ko-sok-thih-lō͘","name:nan-Latn-pehoeji":"Tâi-oân-ko-sok-thih-lō͘","name:nan-Latn-tailo":"Tâi-uân-ko-sok-thih-lōo","name:ru":"Тайваньская высокоскоростная железная дорога","name:zh":"台灣高速鐵路","network":"台灣高鐵","network:en":"THSR","network:zh":"台灣高鐵","operator":"台灣高速鐵路股份有限公司","railway":"rail","ref":"台灣高鐵","start_date":"2007-01-05","usage":"main","voltage":"25000","wikidata":"Q706198","wikipedia":"zh:台灣高鐵"},"id":"way/197638313"},{"type":"Feature","geometry":{"type":"LineString","coordinates":[[120.615105,23.939478],[120.614924,23.941482],[120.614634,23.944921],[120.614502,23.946403],[120.614477,23.947325]]},"properties":{"@id":"way/197638315","bridge":"yes","electrified":"contact_line","frequency":"60","gauge":"1435","highspeed":"yes","layer":"1","maxspeed":"300","name":"台灣高速鐵路","name:en":"Taiwan High Speed Rail","name:ja":"台湾高速鉄道","name:nan":"Tâi-oân-ko-sok-thih-lō͘","name:nan-Latn-pehoeji":"Tâi-oân-ko-sok-thih-lō͘","name:nan-Latn-tailo":"Tâi-uân-ko-sok-thih-lōo","name:ru":"Тайваньская высокоскоростная железная дорога","name:zh":"台灣高速鐵路","network":"台灣高鐵","network:en":"THSR","network:zh":"台灣高鐵","operator":"台灣高速鐵路股份有限公司","railway":"rail","ref":"台灣高鐵","start_date":"2007-01-05","usage":"main","voltage":"25000","wikidata":"Q706198","wikipedia":"zh:台灣高鐵"},"id":"way/197638315"},{"type":"Feature","geometry":{"type":"LineString","coordinates":[[120.613861,23.955482],[120.613868,23.955382],[120.613937,23.954617],[120.613976,23.954249],[120.614025,23.953753]]},"properties":{"@id":"way/197638316","electrified":"contact_line","frequency":"60","gauge":"1435","highspeed":"yes","layer":"1","maxspeed":"300","name":"台灣高速鐵路","name:en":"Taiwan High Speed Rail","name:ja":"台湾高速鉄道","name:nan":"Tâi-oân-ko-sok-thih-lō͘","name:nan-Latn-pehoeji":"Tâi-oân-ko-sok-thih-lō͘","name:nan-Latn-tailo":"Tâi-uân-ko-sok-thih-lōo","name:ru":"Тайваньская высокоскоростная железная дорога","name:zh":"台灣高速鐵路","network":"台灣高鐵","network:en":"THSR","network:zh":"台灣高鐵","operator":"台灣高速鐵路股份有限公司","railway":"rail","ref":"台灣高鐵","start_date":"2007-01-05","usage":"main","voltage":"25000","wikidata":"Q706198","wikipedia":"zh:台灣高鐵"},"id":"way/197638316"},{"type":"Feature","geometry":{"type":"LineString","coordinates":[[120.571324,23.871813],[120.572814,23.872798],[120.575131,23.874222],[120.576798,23.875243],[120.577505,23.875667],[120.577918,23.875892],[120.578559,23.876243]]},"properties":{"@id":"way/197639099","bridge":"viaduct","electrified":"contact_line","frequency":"60","gauge":"1435","highspeed":"yes","layer":"1","maxspeed":"300","name":"台灣高速鐵路","name:en":"Taiwan High Speed Rail","name:ja":"台湾高速鉄道","name:nan":"Tâi-oân-ko-sok-thih-lō͘","name:nan-Latn-pehoeji":"Tâi-oân-ko-sok-thih-lō͘","name:nan-Latn-tailo":"Tâi-uân-ko-sok-thih-lōo","name:ru":"Тайваньская высокоскоростная железная дорога","name:zh":"台灣高速鐵路","network":"台灣高鐵","network:en":"THSR","network:zh":"台灣高鐵","operator":"台灣高速鐵路股份有限公司","railway":"rail","service":"siding","voltage":"25000","wikidata":"Q706198","wikipedia":"zh:台灣高鐵"},"id":"way/197639099"},{"type":"Feature","geometry":{"type":"LineString","coordinates":[[120.583123,23.878977],[120.580941,23.87756],[120.579736,23.876817],[120.577455,23.875426],[120.576974,23.875153],[120.575227,23.874088],[120.573995,23.87333],[120.573037,23.87274],[120.57212,23.872188],[120.571351,23.871782]]},"properties":{"@id":"way/197639103","bridge":"viaduct","electrified":"contact_line","frequency":"60","gauge":"1435","layer":"1","name":"台灣高速鐵路","name:en":"Taiwan High Speed Rail","name:ja":"台湾高速鉄道","name:nan":"Tâi-oân-ko-sok-thih-lō͘","name:nan-Latn-pehoeji":"Tâi-oân-ko-sok-thih-lō͘","name:nan-Latn-tailo":"Tâi-uân-ko-sok-thih-lōo","name:ru":"Тайваньская высокоскоростная железная дорога","name:zh":"台灣高速鐵路","network":"台灣高鐵","network:en":"THSR","network:zh":"台灣高鐵","operator":"台灣高速鐵路股份有限公司","railway":"rail","service":"siding","voltage":"25000","wikidata":"Q706198","wikipedia":"zh:台灣高鐵"},"id":"way/197639103"},{"type":"Feature","geometry":{"type":"LineString","coordinates":[[120.571351,23.871782],[120.569697,23.870754],[120.568747,23.870171],[120.564062,23.867328],[120.5627,23.866488],[120.561467,23.865739],[120.557511,23.863474],[120.555785,23.862565],[120.553633,23.861469],[120.552288,23.86083],[120.550146,23.859853],[120.54885,23.859268],[120.542041,23.856329],[120.536034,23.853724],[120.532523,23.852357],[120.529603,23.851347],[120.52555,23.850082]]},"properties":{"@id":"way/197639107","bridge":"viaduct","electrified":"contact_line","frequency":"60","gauge":"1435","highspeed":"yes","layer":"1","maxspeed":"300","name":"台灣高速鐵路","name:en":"Taiwan High Speed Rail","name:ja":"台湾高速鉄道","name:nan":"Tâi-oân-ko-sok-thih-lō͘","name:nan-Latn-pehoeji":"Tâi-oân-ko-sok-thih-lō͘","name:nan-Latn-tailo":"Tâi-uân-ko-sok-thih-lōo","name:ru":"Тайваньская высокоскоростная железная дорога","name:zh":"台灣高速鐵路","network":"台灣高鐵","network:en":"THSR","network:zh":"台灣高鐵","operator":"台灣高速鐵路股份有限公司","railway":"rail","ref":"台灣高鐵","start_date":"2007-01-05","usage":"main","voltage":"25000","wikidata":"Q706198","wikipedia":"zh:台灣高鐵"},"id":"way/197639107"},{"type":"Feature","geometry":{"type":"LineString","coordinates":[[120.487129,23.841657],[120.506425,23.84564],[120.516337,23.847723],[120.521155,23.848874],[120.523441,23.849522],[120.525534,23.850117]]},"properties":{"@id":"way/197639112","bridge":"viaduct","electrified":"contact_line","frequency":"60","gauge":"1435","highspeed":"yes","layer":"1","maxspeed":"300","name":"台灣高速鐵路","name:en":"Taiwan High Speed Rail","name:ja":"台湾高速鉄道","name:nan":"Tâi-oân-ko-sok-thih-lō͘","name:nan-Latn-pehoeji":"Tâi-oân-ko-sok-thih-lō͘","name:nan-Latn-tailo":"Tâi-uân-ko-sok-thih-lōo","name:ru":"Тайваньская высокоскоростная железная дорога","name:zh":"台灣高速鐵路","network":"台灣高鐵","network:en":"THSR","network:zh":"台灣高鐵","operator":"台灣高速鐵路股份有限公司","railway":"rail","ref":"台灣高鐵","start_date":"2007-01-05","usage":"main","voltage":"25000","wikidata":"Q706198","wikipedia":"zh:台灣高鐵"},"id":"way/197639112"},{"type":"Feature","geometry":{"type":"LineString","coordinates":[[120.487139,23.841617],[120.484765,23.841153],[120.478988,23.839943],[120.47644,23.83936],[120.472903,23.838352],[120.471108,23.837805],[120.468914,23.837019],[120.466736,23.836132],[120.465696,23.835683],[120.463306,23.834562],[120.460092,23.83282],[120.457146,23.83102],[120.455828,23.83014],[120.45308,23.828158],[120.451458,23.826861],[120.449783,23.825407],[120.447855,23.8236]]},"properties":{"@id":"way/197644124","bridge":"viaduct","electrified":"contact_line","frequency":"60","gauge":"1435","highspeed":"yes","layer":"1","maxspeed":"300","name":"台灣高速鐵路","name:en":"Taiwan High Speed Rail","name:ja":"台湾高速鉄道","name:nan":"Tâi-oân-ko-sok-thih-lō͘","name:nan-Latn-pehoeji":"Tâi-oân-ko-sok-thih-lō͘","name:nan-Latn-tailo":"Tâi-uân-ko-sok-thih-lōo","name:ru":"Тайваньская высокоскоростная железная дорога","name:zh":"台灣高速鐵路","network":"台灣高鐵","network:en":"THSR","network:zh":"台灣高鐵","operator":"台灣高速鐵路股份有限公司","railway":"rail","ref":"台灣高鐵","start_date":"2007-01-05","usage":"main","voltage":"25000","wikidata":"Q706198","wikipedia":"zh:台灣高鐵"},"id":"way/197644124"},{"type":"Feature","geometry":{"type":"LineString","coordinates":[[120.447831,23.823633],[120.449742,23.825445],[120.451419,23.826899],[120.453043,23.828199],[120.455793,23.830182],[120.457113,23.831063],[120.460062,23.832865],[120.463278,23.834608],[120.465671,23.835731],[120.466712,23.83618],[120.468892,23.837068],[120.471087,23.837854],[120.472885,23.838402],[120.476424,23.83941],[120.478974,23.839994],[120.484749,23.84119],[120.487129,23.841657]]},"properties":{"@id":"way/197644125","bridge":"viaduct","electrified":"contact_line","frequency":"60","gauge":"1435","highspeed":"yes","layer":"1","maxspeed":"300","name":"台灣高速鐵路","name:en":"Taiwan High Speed Rail","name:ja":"台湾高速鉄道","name:nan":"Tâi-oân-ko-sok-thih-lō͘","name:nan-Latn-pehoeji":"Tâi-oân-ko-sok-thih-lō͘","name:nan-Latn-tailo":"Tâi-uân-ko-sok-thih-lōo","name:ru":"Тайваньская высокоскоростная железная дорога","name:zh":"台灣高速鐵路","network":"台灣高鐵","network:en":"THSR","network:zh":"台灣高鐵","operator":"台灣高速鐵路股份有限公司","railway":"rail","ref":"台灣高鐵","start_date":"2007-01-05","usage":"main","voltage":"25000","wikidata":"Q706198","wikipedia":"zh:台灣高鐵"},"id":"way/197644125"},{"type":"Feature","geometry":{"type":"LineString","coordinates":[[120.433032,23.798838],[120.433748,23.801219],[120.434214,23.802583],[120.434936,23.804426],[120.435663,23.806205],[120.436896,23.808868],[120.438135,23.811129],[120.439629,23.813559],[120.440777,23.815347],[120.442797,23.818036],[120.444887,23.820563],[120.446422,23.822201],[120.447395,23.823222],[120.447831,23.823633]]},"properties":{"@id":"way/197644126","bridge":"viaduct","electrified":"contact_line","frequency":"60","gauge":"1435","highspeed":"yes","layer":"1","maxspeed":"300","name":"台灣高速鐵路","name:en":"Taiwan High Speed Rail","name:ja":"台湾高速鉄道","name:nan":"Tâi-oân-ko-sok-thih-lō͘","name:nan-Latn-pehoeji":"Tâi-oân-ko-sok-thih-lō͘","name:nan-Latn-tailo":"Tâi-uân-ko-sok-thih-lōo","name:ru":"Тайваньская высокоскоростная железная дорога","name:zh":"台灣高速鐵路","network":"台灣高鐵","network:en":"THSR","network:zh":"台灣高鐵","operator":"台灣高速鐵路股份有限公司","railway":"rail","ref":"台灣高鐵","start_date":"2007-01-05","usage":"main","voltage":"25000","wikidata":"Q706198","wikipedia":"zh:台灣高鐵"},"id":"way/197644126"},{"type":"Feature","geometry":{"type":"LineString","coordinates":[[120.52555,23.850082],[120.523453,23.849486],[120.521166,23.848838],[120.516347,23.847686],[120.506434,23.845604],[120.487139,23.841617]]},"properties":{"@id":"way/197644127","bridge":"viaduct","electrified":"contact_line","frequency":"60","gauge":"1435","highspeed":"yes","layer":"1","maxspeed":"300","name":"台灣高速鐵路","name:en":"Taiwan High Speed Rail","name:ja":"台湾高速鉄道","name:nan":"Tâi-oân-ko-sok-thih-lō͘","name:nan-Latn-pehoeji":"Tâi-oân-ko-sok-thih-lō͘","name:nan-Latn-tailo":"Tâi-uân-ko-sok-thih-lōo","name:ru":"Тайваньская высокоскоростная железная дорога","name:zh":"台灣高速鐵路","network":"台灣高鐵","network:en":"THSR","network:zh":"台灣高鐵","operator":"台灣高速鐵路股份有限公司","railway":"rail","ref":"台灣高鐵","start_date":"2007-01-05","usage":"main","voltage":"25000","wikidata":"Q706198","wikipedia":"zh:台灣高鐵"},"id":"way/197644127"},{"type":"Feature","geometry":{"type":"LineString","coordinates":[[120.419257,23.744628],[120.422331,23.75266],[120.423861,23.756754],[120.42425,23.757928],[120.425347,23.761872],[120.425657,23.763364],[120.426815,23.769038],[120.427821,23.774014],[120.429373,23.781513],[120.43044,23.786744],[120.431816,23.79355],[120.432458,23.796524],[120.433032,23.798838]]},"properties":{"@id":"way/197649646","bridge":"viaduct","electrified":"contact_line","frequency":"60","gauge":"1435","highspeed":"yes","layer":"1","maxspeed":"300","name":"台灣高速鐵路","name:en":"Taiwan High Speed Rail","name:ja":"台湾高速鉄道","name:nan":"Tâi-oân-ko-sok-thih-lō͘","name:nan-Latn-pehoeji":"Tâi-oân-ko-sok-thih-lō͘","name:nan-Latn-tailo":"Tâi-uân-ko-sok-thih-lōo","name:ru":"Тайваньская высокоскоростная железная дорога","name:zh":"台灣高速鐵路","network":"台灣高鐵","network:en":"THSR","network:zh":"台灣高鐵","operator":"台灣高速鐵路股份有限公司","railway":"rail","ref":"台灣高鐵","start_date":"2007-01-05","usage":"main","voltage":"25000","wikidata":"Q706198","wikipedia":"zh:台灣高鐵"},"id":"way/197649646"},{"type":"Feature","geometry":{"type":"LineString","coordinates":[[120.414429,23.732058],[120.414667,23.73268]]},"properties":{"@id":"way/197649647","bridge":"viaduct","electrified":"contact_line","frequency":"60","gauge":"1435","highspeed":"yes","layer":"1","name":"台灣高速鐵路","name:en":"Taiwan High Speed Rail","name:ja":"台湾高速鉄道","name:nan":"Tâi-oân-ko-sok-thih-lō͘","name:nan-Latn-pehoeji":"Tâi-oân-ko-sok-thih-lō͘","name:nan-Latn-tailo":"Tâi-uân-ko-sok-thih-lōo","name:ru":"Тайваньская высокоскоростная железная дорога","name:zh":"台灣高速鐵路","network":"台灣高鐵","network:en":"THSR","network:zh":"台灣高鐵","operator":"台灣高速鐵路股份有限公司","railway":"rail","ref":"台灣高鐵","start_date":"2007-01-05","usage":"main","voltage":"25000","wikidata":"Q706198","wikipedia":"zh:台灣高鐵"},"id":"way/197649647"},{"type":"Feature","geometry":{"type":"LineString","coordinates":[[120.38584,23.686229],[120.388891,23.690249],[120.392781,23.695308],[120.397327,23.701253],[120.398587,23.702888],[120.401651,23.70692],[120.402414,23.707929],[120.403085,23.708797],[120.404402,23.710591],[120.405659,23.712444],[120.407912,23.716252],[120.408864,23.718141],[120.409439,23.719367],[120.410106,23.720874],[120.411341,23.723992],[120.412155,23.726062],[120.41274,23.727616],[120.41369,23.730121],[120.414429,23.732058]]},"properties":{"@id":"way/197649648","bridge":"viaduct","electrified":"contact_line","frequency":"60","gauge":"1435","highspeed":"yes","layer":"2","maxspeed":"300","name":"台灣高速鐵路","name:en":"Taiwan High Speed Rail","name:ja":"台湾高速鉄道","name:nan":"Tâi-oân-ko-sok-thih-lō͘","name:nan-Latn-pehoeji":"Tâi-oân-ko-sok-thih-lō͘","name:nan-Latn-tailo":"Tâi-uân-ko-sok-thih-lōo","name:ru":"Тайваньская высокоскоростная железная дорога","name:zh":"台灣高速鐵路","network":"台灣高鐵","network:en":"THSR","network:zh":"台灣高鐵","operator":"台灣高速鐵路股份有限公司","railway":"rail","ref":"台灣高鐵","start_date":"2007-01-05","usage":"main","voltage":"25000","wikidata":"Q706198","wikipedia":"zh:台灣高鐵"},"id":"way/197649648"},{"type":"Feature","geometry":{"type":"LineString","coordinates":[[120.414429,23.732058],[120.414724,23.732956],[120.416008,23.736309],[120.416099,23.736538],[120.417746,23.740791],[120.417976,23.741277]]},"properties":{"@id":"way/197649649","bridge":"viaduct","electrified":"contact_line","frequency":"60","gauge":"1435","highspeed":"yes","layer":"1","maxspeed":"300","name":"台灣高速鐵路","name:en":"Taiwan High Speed Rail","name:ja":"台湾高速鉄道","name:nan":"Tâi-oân-ko-sok-thih-lō͘","name:nan-Latn-pehoeji":"Tâi-oân-ko-sok-thih-lō͘","name:nan-Latn-tailo":"Tâi-uân-ko-sok-thih-lōo","name:ru":"Тайваньская высокоскоростная железная дорога","name:zh":"台灣高速鐵路","network":"台灣高鐵","network:en":"THSR","network:zh":"台灣高鐵","operator":"台灣高速鐵路股份有限公司","railway":"rail","service":"siding","voltage":"25000","wikidata":"Q706198","wikipedia":"zh:台灣高鐵"},"id":"way/197649649"},{"type":"Feature","geometry":{"type":"LineString","coordinates":[[120.414667,23.73268],[120.416047,23.736297],[120.417976,23.741277]]},"properties":{"@id":"way/197649650","bridge":"viaduct","electrified":"contact_line","frequency":"60","gauge":"1435","highspeed":"yes","layer":"1","maxspeed":"300","name":"台灣高速鐵路","name:en":"Taiwan High Speed Rail","name:ja":"台湾高速鉄道","name:nan":"Tâi-oân-ko-sok-thih-lō͘","name:nan-Latn-pehoeji":"Tâi-oân-ko-sok-thih-lō͘","name:nan-Latn-tailo":"Tâi-uân-ko-sok-thih-lōo","name:ru":"Тайваньская высокоскоростная железная дорога","name:zh":"台灣高速鐵路","network":"台灣高鐵","network:en":"THSR","network:zh":"台灣高鐵","operator":"台灣高速鐵路股份有限公司","railway":"rail","ref":"台灣高鐵","start_date":"2007-01-05","usage":"main","voltage":"25000","wikidata":"Q706198","wikipedia":"zh:台灣高鐵"},"id":"way/197649650"},{"type":"Feature","geometry":{"type":"LineString","coordinates":[[120.418363,23.742181],[120.418178,23.741557],[120.416222,23.736499],[120.416134,23.736269],[120.415122,23.733597],[120.414929,23.733237]]},"properties":{"@id":"way/197649651","bridge":"viaduct","electrified":"contact_line","frequency":"60","gauge":"1435","layer":"1","name":"台灣高速鐵路","name:en":"Taiwan High Speed Rail","name:ja":"台湾高速鉄道","name:nan":"Tâi-oân-ko-sok-thih-lō͘","name:nan-Latn-pehoeji":"Tâi-oân-ko-sok-thih-lō͘","name:nan-Latn-tailo":"Tâi-uân-ko-sok-thih-lōo","name:ru":"Тайваньская высокоскоростная железная дорога","name:zh":"台灣高速鐵路","network":"台灣高鐵","network:en":"THSR","network:zh":"台灣高鐵","operator":"台灣高速鐵路股份有限公司","railway":"rail","service":"siding","voltage":"25000","wikidata":"Q706198","wikipedia":"zh:台灣高鐵"},"id":"way/197649651"},{"type":"Feature","geometry":{"type":"LineString","coordinates":[[120.414477,23.732043],[120.414428,23.731928],[120.413737,23.730106],[120.412787,23.727601],[120.412202,23.726046],[120.411388,23.723977],[120.410153,23.720858],[120.409485,23.719349],[120.408909,23.718122],[120.407957,23.716232],[120.405703,23.712421],[120.404444,23.710566],[120.403127,23.708771],[120.402456,23.707903],[120.401693,23.706894],[120.398628,23.702862],[120.397368,23.701227],[120.392822,23.695282],[120.388932,23.690222],[120.386404,23.686892],[120.385881,23.686203]]},"properties":{"@id":"way/197649652","bridge":"viaduct","electrified":"contact_line","frequency":"60","gauge":"1435","highspeed":"yes","layer":"2","maxspeed":"300","name":"台灣高速鐵路","name:en":"Taiwan High Speed Rail","name:ja":"台湾高速鉄道","name:nan":"Tâi-oân-ko-sok-thih-lō͘","name:nan-Latn-pehoeji":"Tâi-oân-ko-sok-thih-lō͘","name:nan-Latn-tailo":"Tâi-uân-ko-sok-thih-lōo","name:ru":"Тайваньская высокоскоростная железная дорога","name:zh":"台灣高速鐵路","network":"台灣高鐵","network:en":"THSR","network:zh":"台灣高鐵","operator":"台灣高速鐵路股份有限公司","railway":"rail","ref":"台灣高鐵","start_date":"2007-01-05","usage":"main","voltage":"25000","wikidata":"Q706198","wikipedia":"zh:台灣高鐵"},"id":"way/197649652"},{"type":"Feature","geometry":{"type":"LineString","coordinates":[[120.355908,23.647028],[120.360994,23.653684],[120.364138,23.657779],[120.365988,23.660247],[120.384189,23.684063],[120.38584,23.686229]]},"properties":{"@id":"way/197649653","bridge":"viaduct","electrified":"contact_line","frequency":"60","gauge":"1435","highspeed":"yes","layer":"1","maxspeed":"300","name":"台灣高速鐵路","name:en":"Taiwan High Speed Rail","name:ja":"台湾高速鉄道","name:nan":"Tâi-oân-ko-sok-thih-lō͘","name:nan-Latn-pehoeji":"Tâi-oân-ko-sok-thih-lō͘","name:nan-Latn-tailo":"Tâi-uân-ko-sok-thih-lōo","name:ru":"Тайваньская высокоскоростная железная дорога","name:zh":"台灣高速鐵路","network":"台灣高鐵","network:en":"THSR","network:zh":"台灣高鐵","operator":"台灣高速鐵路股份有限公司","railway":"rail","ref":"台灣高鐵","start_date":"2007-01-05","usage":"main","voltage":"25000","wikidata":"Q706198","wikipedia":"zh:台灣高鐵"},"id":"way/197649653"},{"type":"Feature","geometry":{"type":"LineString","coordinates":[[120.433196,23.799191],[120.43309,23.798826],[120.432506,23.796348],[120.431874,23.793539],[120.430498,23.786735],[120.429431,23.781503],[120.427879,23.774004],[120.426873,23.769029],[120.425716,23.763354],[120.425404,23.761861],[120.424307,23.757913],[120.423918,23.756738],[120.422387,23.752642],[120.419293,23.744605]]},"properties":{"@id":"way/197649654","bridge":"viaduct","electrified":"contact_line","frequency":"60","gauge":"1435","highspeed":"yes","layer":"1","maxspeed":"300","name":"台灣高速鐵路","name:en":"Taiwan High Speed Rail","name:ja":"台湾高速鉄道","name:nan":"Tâi-oân-ko-sok-thih-lō͘","name:nan-Latn-pehoeji":"Tâi-oân-ko-sok-thih-lō͘","name:nan-Latn-tailo":"Tâi-uân-ko-sok-thih-lōo","name:ru":"Тайваньская высокоскоростная железная дорога","name:zh":"台灣高速鐵路","network":"台灣高鐵","network:en":"THSR","network:zh":"台灣高鐵","operator":"台灣高速鐵路股份有限公司","railway":"rail","ref":"台灣高鐵","start_date":"2007-01-05","usage":"main","voltage":"25000","wikidata":"Q706198","wikipedia":"zh:台灣高鐵"},"id":"way/197649654"},{"type":"Feature","geometry":{"type":"LineString","coordinates":[[120.418363,23.742181],[120.416232,23.736625],[120.4161,23.73628],[120.414929,23.733237]]},"properties":{"@id":"way/197649655","bridge":"viaduct","electrified":"contact_line","frequency":"60","gauge":"1435","highspeed":"yes","layer":"1","maxspeed":"300","name":"台灣高速鐵路","name:en":"Taiwan High Speed Rail","name:ja":"台湾高速鉄道","name:nan":"Tâi-oân-ko-sok-thih-lō͘","name:nan-Latn-pehoeji":"Tâi-oân-ko-sok-thih-lō͘","name:nan-Latn-tailo":"Tâi-uân-ko-sok-thih-lōo","name:ru":"Тайваньская высокоскоростная железная дорога","name:zh":"台灣高速鐵路","network":"台灣高鐵","network:en":"THSR","network:zh":"台灣高鐵","operator":"台灣高速鐵路股份有限公司","railway":"rail","ref":"台灣高鐵","start_date":"2007-01-05","usage":"main","voltage":"25000","wikidata":"Q706198","wikipedia":"zh:台灣高鐵"},"id":"way/197649655"},{"type":"Feature","geometry":{"type":"LineString","coordinates":[[120.447855,23.8236],[120.447451,23.823184],[120.446456,23.822174],[120.444972,23.820499],[120.442852,23.818],[120.440834,23.815314],[120.439687,23.813528],[120.438195,23.8111],[120.436957,23.808842],[120.435725,23.806182],[120.434999,23.804405],[120.434278,23.802563],[120.433812,23.801202],[120.433196,23.799191]]},"properties":{"@id":"way/197649656","bridge":"viaduct","electrified":"contact_line","frequency":"60","gauge":"1435","highspeed":"yes","layer":"1","maxspeed":"300","name":"台灣高速鐵路","name:en":"Taiwan High Speed Rail","name:ja":"台湾高速鉄道","name:nan":"Tâi-oân-ko-sok-thih-lō͘","name:nan-Latn-pehoeji":"Tâi-oân-ko-sok-thih-lō͘","name:nan-Latn-tailo":"Tâi-uân-ko-sok-thih-lōo","name:ru":"Тайваньская высокоскоростная железная дорога","name:zh":"台灣高速鐵路","network":"台灣高鐵","network:en":"THSR","network:zh":"台灣高鐵","operator":"台灣高速鐵路股份有限公司","railway":"rail","ref":"台灣高鐵","start_date":"2007-01-05","usage":"main","voltage":"25000","wikidata":"Q706198","wikipedia":"zh:台灣高鐵"},"id":"way/197649656"},{"type":"Feature","geometry":{"type":"LineString","coordinates":[[120.332296,23.574643],[120.332571,23.579751],[120.333054,23.587264],[120.333237,23.590435],[120.333584,23.596333],[120.333851,23.600025],[120.334192,23.603252],[120.334585,23.605711],[120.334792,23.606816],[120.335104,23.608464],[120.335674,23.610896],[120.33629,23.613178],[120.336911,23.615178],[120.337982,23.618353],[120.339302,23.62164],[120.340375,23.624007],[120.341844,23.626987],[120.344227,23.631143],[120.346075,23.633999],[120.348028,23.636713],[120.352422,23.642458],[120.355908,23.647028]]},"properties":{"@id":"way/197652978","bridge":"viaduct","electrified":"contact_line","frequency":"60","gauge":"1435","highspeed":"yes","layer":"1","maxspeed":"300","name":"台灣高速鐵路","name:en":"Taiwan High Speed Rail","name:ja":"台湾高速鉄道","name:nan":"Tâi-oân-ko-sok-thih-lō͘","name:nan-Latn-pehoeji":"Tâi-oân-ko-sok-thih-lō͘","name:nan-Latn-tailo":"Tâi-uân-ko-sok-thih-lōo","name:ru":"Тайваньская высокоскоростная железная дорога","name:zh":"台灣高速鐵路","network":"台灣高鐵","network:en":"THSR","network:zh":"台灣高鐵","operator":"台灣高速鐵路股份有限公司","railway":"rail","ref":"台灣高鐵","start_date":"2007-01-05","usage":"main","voltage":"25000","wikidata":"Q706198","wikipedia":"zh:台灣高鐵"},"id":"way/197652978"},{"type":"Feature","geometry":{"type":"LineString","coordinates":[[120.385881,23.686203],[120.385781,23.68606],[120.384263,23.684044],[120.366061,23.660241],[120.364181,23.657752],[120.361037,23.653656],[120.355951,23.647001]]},"properties":{"@id":"way/197652981","bridge":"viaduct","electrified":"contact_line","frequency":"60","gauge":"1435","highspeed":"yes","layer":"1","maxspeed":"300","name":"台灣高速鐵路","name:en":"Taiwan High Speed Rail","name:ja":"台湾高速鉄道","name:nan":"Tâi-oân-ko-sok-thih-lō͘","name:nan-Latn-pehoeji":"Tâi-oân-ko-sok-thih-lō͘","name:nan-Latn-tailo":"Tâi-uân-ko-sok-thih-lōo","name:ru":"Тайваньская высокоскоростная железная дорога","name:zh":"台灣高速鐵路","network":"台灣高鐵","network:en":"THSR","network:zh":"台灣高鐵","operator":"台灣高速鐵路股份有限公司","railway":"rail","ref":"台灣高鐵","start_date":"2007-01-05","usage":"main","voltage":"25000","wikidata":"Q706198","wikipedia":"zh:台灣高鐵"},"id":"way/197652981"},{"type":"Feature","geometry":{"type":"LineString","coordinates":[[120.332344,23.574635],[120.332203,23.572478],[120.331791,23.568094],[120.331304,23.564651],[120.33048,23.559227],[120.329992,23.555887],[120.329518,23.552613],[120.328523,23.545964],[120.328263,23.544103],[120.328026,23.542197],[120.327839,23.540271],[120.327694,23.53835],[120.325707,23.498187],[120.324322,23.469723]]},"properties":{"@id":"way/197653373","bridge":"viaduct","electrified":"contact_line","frequency":"60","gauge":"1435","highspeed":"yes","layer":"1","maxspeed":"300","name":"台灣高速鐵路","name:en":"Taiwan High Speed Rail","name:ja":"台湾高速鉄道","name:nan":"Tâi-oân-ko-sok-thih-lō͘","name:nan-Latn-pehoeji":"Tâi-oân-ko-sok-thih-lō͘","name:nan-Latn-tailo":"Tâi-uân-ko-sok-thih-lōo","name:ru":"Тайваньская высокоскоростная железная дорога","name:zh":"台灣高速鐵路","network":"台灣高鐵","network:en":"THSR","network:zh":"台灣高鐵","operator":"台灣高速鐵路股份有限公司","railway":"rail","ref":"台灣高鐵","start_date":"2007-01-05","usage":"main","voltage":"25000","wikidata":"Q706198","wikipedia":"zh:台灣高鐵"},"id":"way/197653373"},{"type":"Feature","geometry":{"type":"LineString","coordinates":[[120.324261,23.469726],[120.325641,23.49819],[120.327629,23.538353],[120.327773,23.540276],[120.327961,23.542203],[120.328197,23.54411],[120.328458,23.545972],[120.329453,23.552621],[120.329927,23.555895],[120.330414,23.559235],[120.331239,23.564659],[120.331725,23.568101],[120.332138,23.572483],[120.332296,23.574643]]},"properties":{"@id":"way/197653374","bridge":"viaduct","electrified":"contact_line","frequency":"60","gauge":"1435","highspeed":"yes","layer":"1","maxspeed":"300","name":"台灣高速鐵路","name:en":"Taiwan High Speed Rail","name:ja":"台湾高速鉄道","name:nan":"Tâi-oân-ko-sok-thih-lō͘","name:nan-Latn-pehoeji":"Tâi-oân-ko-sok-thih-lō͘","name:nan-Latn-tailo":"Tâi-uân-ko-sok-thih-lōo","name:ru":"Тайваньская высокоскоростная железная дорога","name:zh":"台灣高速鐵路","network":"台灣高鐵","network:en":"THSR","network:zh":"台灣高鐵","operator":"台灣高速鐵路股份有限公司","railway":"rail","ref":"台灣高鐵","start_date":"2007-01-05","usage":"main","voltage":"25000","wikidata":"Q706198","wikipedia":"zh:台灣高鐵"},"id":"way/197653374"},{"type":"Feature","geometry":{"type":"LineString","coordinates":[[120.323766,23.459247],[120.32379,23.459949],[120.323938,23.463124]]},"properties":{"@id":"way/197653375","bridge":"viaduct","electrified":"contact_line","frequency":"60","gauge":"1435","highspeed":"yes","layer":"1","maxspeed":"300","name":"台灣高速鐵路","name:en":"Taiwan High Speed Rail","name:ja":"台湾高速鉄道","name:nan":"Tâi-oân-ko-sok-thih-lō͘","name:nan-Latn-pehoeji":"Tâi-oân-ko-sok-thih-lō͘","name:nan-Latn-tailo":"Tâi-uân-ko-sok-thih-lōo","name:ru":"Тайваньская высокоскоростная железная дорога","name:zh":"台灣高速鐵路","network":"台灣高鐵","network:en":"THSR","network:zh":"台灣高鐵","operator":"台灣高速鐵路股份有限公司","railway":"rail","ref":"台灣高鐵","start_date":"2007-01-05","usage":"main","voltage":"25000","wikidata":"Q706198","wikipedia":"zh:台灣高鐵"},"id":"way/197653375"},{"type":"Feature","geometry":{"type":"LineString","coordinates":[[120.355951,23.647001],[120.355873,23.646884],[120.352461,23.642433],[120.348067,23.636688],[120.346115,23.633976],[120.344269,23.631122],[120.341887,23.626968],[120.340419,23.62399],[120.339347,23.621625],[120.338027,23.618339],[120.336956,23.615165],[120.336336,23.613167],[120.33572,23.610886],[120.335151,23.608456],[120.334839,23.606809],[120.334632,23.605704],[120.334239,23.603246],[120.333898,23.600021],[120.333631,23.59633],[120.333284,23.590433],[120.333102,23.587262],[120.332619,23.579749],[120.332344,23.574635]]},"properties":{"@id":"way/197653376","bridge":"viaduct","electrified":"contact_line","frequency":"60","gauge":"1435","highspeed":"yes","layer":"1","maxspeed":"300","name":"台灣高速鐵路","name:en":"Taiwan High Speed Rail","name:ja":"台湾高速鉄道","name:nan":"Tâi-oân-ko-sok-thih-lō͘","name:nan-Latn-pehoeji":"Tâi-oân-ko-sok-thih-lō͘","name:nan-Latn-tailo":"Tâi-uân-ko-sok-thih-lōo","name:ru":"Тайваньская высокоскоростная железная дорога","name:zh":"台灣高速鐵路","network":"台灣高鐵","network:en":"THSR","network:zh":"台灣高鐵","operator":"台灣高速鐵路股份有限公司","railway":"rail","ref":"台灣高鐵","start_date":"2007-01-05","usage":"main","voltage":"25000","wikidata":"Q706198","wikipedia":"zh:台灣高鐵"},"id":"way/197653376"},{"type":"Feature","geometry":{"type":"LineString","coordinates":[[120.324031,23.46409],[120.324051,23.463141],[120.324006,23.462139],[120.323942,23.460902],[120.323861,23.459206],[120.323798,23.457909],[120.323757,23.457051],[120.323749,23.456933],[120.323691,23.456024],[120.323606,23.455259]]},"properties":{"@id":"way/197654509","bridge":"viaduct","electrified":"contact_line","frequency":"60","gauge":"1435","layer":"1","name":"台灣高速鐵路","name:en":"Taiwan High Speed Rail","name:ja":"台湾高速鉄道","name:nan":"Tâi-oân-ko-sok-thih-lō͘","name:nan-Latn-pehoeji":"Tâi-oân-ko-sok-thih-lō͘","name:nan-Latn-tailo":"Tâi-uân-ko-sok-thih-lōo","name:ru":"Тайваньская высокоскоростная железная дорога","name:zh":"台灣高速鐵路","network":"台灣高鐵","network:en":"THSR","network:zh":"台灣高鐵","operator":"台灣高速鐵路股份有限公司","railway":"rail","service":"siding","voltage":"25000","wikidata":"Q706198","wikipedia":"zh:台灣高鐵"},"id":"way/197654509"},{"type":"Feature","geometry":{"type":"LineString","coordinates":[[120.323565,23.454594],[120.323543,23.454],[120.323485,23.452836],[120.323412,23.451209],[120.323015,23.44327],[120.322197,23.425483],[120.321427,23.4106],[120.32131,23.408946],[120.320981,23.401871]]},"properties":{"@id":"way/197654510","bridge":"viaduct","electrified":"contact_line","frequency":"60","gauge":"1435","highspeed":"yes","layer":"4","maxspeed":"300","name":"台灣高速鐵路","name:en":"Taiwan High Speed Rail","name:ja":"台湾高速鉄道","name:nan":"Tâi-oân-ko-sok-thih-lō͘","name:nan-Latn-pehoeji":"Tâi-oân-ko-sok-thih-lō͘","name:nan-Latn-tailo":"Tâi-uân-ko-sok-thih-lōo","name:ru":"Тайваньская высокоскоростная железная дорога","name:zh":"台灣高速鐵路","network":"台灣高鐵","network:en":"THSR","network:zh":"台灣高鐵","operator":"台灣高速鐵路股份有限公司","railway":"rail","ref":"台灣高鐵","start_date":"2007-01-05","usage":"main","voltage":"25000","wikidata":"Q706198","wikipedia":"zh:台灣高鐵"},"id":"way/197654510"},{"type":"Feature","geometry":{"type":"LineString","coordinates":[[120.323451,23.453062],[120.323487,23.454619],[120.323507,23.455245],[120.323547,23.456138],[120.323617,23.457176],[120.323657,23.45802],[120.323709,23.459213],[120.323766,23.460522],[120.323777,23.460771],[120.323795,23.461473],[120.323835,23.462481],[120.323938,23.463124]]},"properties":{"@id":"way/197654511","bridge":"viaduct","electrified":"contact_line","frequency":"60","gauge":"1435","highspeed":"yes","layer":"1","maxspeed":"300","name":"台灣高速鐵路","name:en":"Taiwan High Speed Rail","name:ja":"台湾高速鉄道","name:nan":"Tâi-oân-ko-sok-thih-lō͘","name:nan-Latn-pehoeji":"Tâi-oân-ko-sok-thih-lō͘","name:nan-Latn-tailo":"Tâi-uân-ko-sok-thih-lōo","name:ru":"Тайваньская высокоскоростная железная дорога","name:zh":"台灣高速鐵路","network":"台灣高鐵","network:en":"THSR","network:zh":"台灣高鐵","operator":"台灣高速鐵路股份有限公司","railway":"rail","service":"siding","voltage":"25000","wikidata":"Q706198","wikipedia":"zh:台灣高鐵"},"id":"way/197654511"},{"type":"Feature","geometry":{"type":"LineString","coordinates":[[120.323526,23.454586],[120.323766,23.459247]]},"properties":{"@id":"way/197654512","bridge":"yes","electrified":"contact_line","frequency":"60","gauge":"1435","highspeed":"yes","layer":"1","maxspeed":"300","name":"台灣高速鐵路","name:en":"Taiwan High Speed Rail","name:ja":"台湾高速鉄道","name:nan":"Tâi-oân-ko-sok-thih-lō͘","name:nan-Latn-pehoeji":"Tâi-oân-ko-sok-thih-lō͘","name:nan-Latn-tailo":"Tâi-uân-ko-sok-thih-lōo","name:ru":"Тайваньская высокоскоростная железная дорога","name:zh":"台灣高速鐵路","network":"台灣高鐵","network:en":"THSR","network:zh":"台灣高鐵","operator":"台灣高速鐵路股份有限公司","railway":"rail","ref":"台灣高鐵","start_date":"2007-01-05","usage":"main","voltage":"25000","wikidata":"Q706198","wikipedia":"zh:台灣高鐵"},"id":"way/197654512"},{"type":"Feature","geometry":{"type":"LineString","coordinates":[[120.320898,23.401875],[120.321227,23.40895],[120.321344,23.410604],[120.322156,23.425487],[120.322967,23.443274],[120.323357,23.451221],[120.323451,23.453062]]},"properties":{"@id":"way/197654513","bridge":"viaduct","electrified":"contact_line","frequency":"60","gauge":"1435","highspeed":"yes","layer":"4","maxspeed":"300","name":"台灣高速鐵路","name:en":"Taiwan High Speed Rail","name:ja":"台湾高速鉄道","name:nan":"Tâi-oân-ko-sok-thih-lō͘","name:nan-Latn-pehoeji":"Tâi-oân-ko-sok-thih-lō͘","name:nan-Latn-tailo":"Tâi-uân-ko-sok-thih-lōo","name:ru":"Тайваньская высокоскоростная железная дорога","name:zh":"台灣高速鐵路","network":"台灣高鐵","network:en":"THSR","network:zh":"台灣高鐵","operator":"台灣高速鐵路股份有限公司","railway":"rail","ref":"台灣高鐵","start_date":"2007-01-05","usage":"main","voltage":"25000","wikidata":"Q706198","wikipedia":"zh:台灣高鐵"},"id":"way/197654513"},{"type":"Feature","geometry":{"type":"LineString","coordinates":[[120.320981,23.401871],[120.321001,23.401342],[120.320444,23.390084],[120.320444,23.383912],[120.320953,23.379587],[120.321525,23.375961],[120.322641,23.371366],[120.323673,23.368368],[120.324719,23.365354],[120.327254,23.358018],[120.32806,23.355775],[120.328837,23.35353]]},"properties":{"@id":"way/197654514","bridge":"viaduct","electrified":"contact_line","frequency":"60","gauge":"1435","highspeed":"yes","layer":"1","maxspeed":"300","name":"台灣高速鐵路","name:en":"Taiwan High Speed Rail","name:ja":"台湾高速鉄道","name:nan":"Tâi-oân-ko-sok-thih-lō͘","name:nan-Latn-pehoeji":"Tâi-oân-ko-sok-thih-lō͘","name:nan-Latn-tailo":"Tâi-uân-ko-sok-thih-lōo","name:ru":"Тайваньская высокоскоростная железная дорога","name:zh":"台灣高速鐵路","network":"台灣高鐵","network:en":"THSR","network:zh":"台灣高鐵","operator":"台灣高速鐵路股份有限公司","railway":"rail","ref":"台灣高鐵","start_date":"2007-01-05","usage":"main","voltage":"25000","wikidata":"Q706198","wikipedia":"zh:台灣高鐵"},"id":"way/197654514"},{"type":"Feature","geometry":{"type":"LineString","coordinates":[[120.324322,23.469723],[120.324192,23.468085],[120.324031,23.46409]]},"properties":{"@id":"way/197654515","bridge":"viaduct","electrified":"contact_line","frequency":"60","gauge":"1435","highspeed":"yes","layer":"1","maxspeed":"300","name":"台灣高速鐵路","name:en":"Taiwan High Speed Rail","name:ja":"台湾高速鉄道","name:nan":"Tâi-oân-ko-sok-thih-lō͘","name:nan-Latn-pehoeji":"Tâi-oân-ko-sok-thih-lō͘","name:nan-Latn-tailo":"Tâi-uân-ko-sok-thih-lōo","name:ru":"Тайваньская высокоскоростная железная дорога","name:zh":"台灣高速鐵路","network":"台灣高鐵","network:en":"THSR","network:zh":"台灣高鐵","operator":"台灣高速鐵路股份有限公司","railway":"rail","ref":"台灣高鐵","start_date":"2007-01-05","usage":"main","voltage":"25000","wikidata":"Q706198","wikipedia":"zh:台灣高鐵"},"id":"way/197654515"},{"type":"Feature","geometry":{"type":"LineString","coordinates":[[120.323807,23.459231],[120.323606,23.455259]]},"properties":{"@id":"way/197654516","bridge":"viaduct","electrified":"contact_line","frequency":"60","gauge":"1435","highspeed":"yes","layer":"1","maxspeed":"300","name":"台灣高速鐵路","name:en":"Taiwan High Speed Rail","name:ja":"台湾高速鉄道","name:nan":"Tâi-oân-ko-sok-thih-lō͘","name:nan-Latn-pehoeji":"Tâi-oân-ko-sok-thih-lō͘","name:nan-Latn-tailo":"Tâi-uân-ko-sok-thih-lōo","name:ru":"Тайваньская высокоскоростная железная дорога","name:zh":"台灣高速鐵路","network":"台灣高鐵","network:en":"THSR","network:zh":"台灣高鐵","operator":"台灣高速鐵路股份有限公司","railway":"rail","ref":"台灣高鐵","start_date":"2007-01-05","usage":"main","voltage":"25000","wikidata":"Q706198","wikipedia":"zh:台灣高鐵"},"id":"way/197654516"},{"type":"Feature","geometry":{"type":"LineString","coordinates":[[120.328837,23.35353],[120.32887,23.35343],[120.330598,23.348385],[120.330697,23.348137]]},"properties":{"@id":"way/197658083","bridge":"viaduct","electrified":"contact_line","frequency":"60","gauge":"1435","highspeed":"yes","layer":"3","maxspeed":"300","name":"台灣高速鐵路","name:en":"Taiwan High Speed Rail","name:ja":"台湾高速鉄道","name:nan":"Tâi-oân-ko-sok-thih-lō͘","name:nan-Latn-pehoeji":"Tâi-oân-ko-sok-thih-lō͘","name:nan-Latn-tailo":"Tâi-uân-ko-sok-thih-lōo","name:ru":"Тайваньская высокоскоростная железная дорога","name:zh":"台灣高速鐵路","network":"台灣高鐵","network:en":"THSR","network:zh":"台灣高鐵","operator":"台灣高速鐵路股份有限公司","railway":"rail","ref":"台灣高鐵","start_date":"2007-01-05","usage":"main","voltage":"25000","wikidata":"Q706198","wikipedia":"zh:台灣高鐵"},"id":"way/197658083"},{"type":"Feature","geometry":{"type":"LineString","coordinates":[[120.288144,23.184236],[120.288682,23.185014],[120.289448,23.186022],[120.290413,23.18727],[120.3054,23.205767],[120.320745,23.224594],[120.321167,23.225115],[120.329544,23.235452],[120.33456,23.241574],[120.336821,23.244425],[120.337692,23.24561],[120.338803,23.247223],[120.339708,23.248675],[120.340308,23.249711],[120.341505,23.251901],[120.342196,23.25332],[120.342806,23.25471],[120.343433,23.256234],[120.344085,23.258039],[120.344598,23.259616],[120.344967,23.260902],[120.345384,23.262536],[120.345661,23.263823],[120.345997,23.265575],[120.346264,23.267537],[120.346388,23.268673],[120.34653,23.270451],[120.346577,23.27135],[120.346598,23.272245],[120.346599,23.273101],[120.346599,23.27363],[120.346592,23.274156],[120.346564,23.275263],[120.346477,23.276667],[120.346306,23.278394],[120.346147,23.279653],[120.345905,23.281172],[120.345454,23.283611],[120.345228,23.284835],[120.344322,23.289585],[120.343133,23.295856],[120.342993,23.296618],[120.342027,23.302007],[120.340246,23.311023],[120.338694,23.319348],[120.33805,23.323059],[120.337676,23.324829],[120.337314,23.326609],[120.337052,23.327888],[120.336768,23.329172],[120.33633,23.330897],[120.33605,23.332089],[120.335812,23.332976],[120.335545,23.333815],[120.334856,23.33585],[120.334548,23.336827],[120.333968,23.338551],[120.333468,23.340002],[120.333007,23.341403],[120.332783,23.341967],[120.332597,23.342515],[120.332376,23.343052],[120.332031,23.3441],[120.331672,23.345129],[120.331438,23.345735],[120.331014,23.34698],[120.3306,23.348173]]},"properties":{"@id":"way/197658084","bridge":"viaduct","electrified":"contact_line","frequency":"60","gauge":"1435","highspeed":"yes","layer":"4","maxspeed":"300","name":"台灣高速鐵路","name:en":"Taiwan High Speed Rail","name:ja":"台湾高速鉄道","name:nan":"Tâi-oân-ko-sok-thih-lō͘","name:nan-Latn-pehoeji":"Tâi-oân-ko-sok-thih-lō͘","name:nan-Latn-tailo":"Tâi-uân-ko-sok-thih-lōo","name:ru":"Тайваньская высокоскоростная железная дорога","name:zh":"台灣高速鐵路","network":"台灣高鐵","network:en":"THSR","network:zh":"台灣高鐵","operator":"台灣高速鐵路股份有限公司","railway":"rail","ref":"台灣高鐵","start_date":"2007-01-05","usage":"main","voltage":"25000","wikidata":"Q706198","wikipedia":"zh:台灣高鐵"},"id":"way/197658084"},{"type":"Feature","geometry":{"type":"LineString","coordinates":[[120.287275,23.076019],[120.287196,23.078121],[120.287044,23.081962],[120.286982,23.083569],[120.286887,23.085694],[120.286696,23.088914],[120.286523,23.091272],[120.286302,23.093073],[120.285884,23.095862],[120.285639,23.097314],[120.285298,23.098814],[120.285024,23.099939],[120.284429,23.102537],[120.283386,23.106518],[120.280864,23.116313],[120.280027,23.119505],[120.278443,23.12563],[120.277593,23.129145],[120.277193,23.131176],[120.277004,23.132452],[120.276772,23.134062],[120.276571,23.136022],[120.27639,23.139404],[120.276384,23.141104],[120.27644,23.142888],[120.276569,23.144774],[120.276718,23.146373],[120.276992,23.14837],[120.27734,23.150453],[120.277476,23.151251],[120.277871,23.153644],[120.278798,23.159407],[120.279134,23.16137],[120.279344,23.162429],[120.279869,23.165238],[120.280306,23.167081],[120.280994,23.169513],[120.28153,23.171033],[120.282562,23.173856],[120.283202,23.175327],[120.284235,23.177551],[120.285181,23.179428],[120.285657,23.180273],[120.287196,23.182777],[120.288144,23.184236]]},"properties":{"@id":"way/197658085","bridge":"viaduct","electrified":"contact_line","frequency":"60","gauge":"1435","highspeed":"yes","layer":"4","maxspeed":"300","name":"台灣高速鐵路","name:en":"Taiwan High Speed Rail","name:ja":"台湾高速鉄道","name:nan":"Tâi-oân-ko-sok-thih-lō͘","name:nan-Latn-pehoeji":"Tâi-oân-ko-sok-thih-lō͘","name:nan-Latn-tailo":"Tâi-uân-ko-sok-thih-lōo","name:ru":"Тайваньская высокоскоростная железная дорога","name:zh":"台灣高速鐵路","network":"台灣高鐵","network:en":"THSR","network:zh":"台灣高鐵","operator":"台灣高速鐵路股份有限公司","railway":"rail","ref":"台灣高鐵","start_date":"2007-01-05","usage":"main","voltage":"25000","wikidata":"Q706198","wikipedia":"zh:台灣高鐵"},"id":"way/197658085"},{"type":"Feature","geometry":{"type":"LineString","coordinates":[[120.28822,23.18422],[120.288003,23.183919],[120.287241,23.182752],[120.285703,23.18025],[120.285228,23.179406],[120.284283,23.177531],[120.28325,23.175308],[120.282611,23.173839],[120.28158,23.171018],[120.281044,23.169499],[120.280357,23.16707],[120.27992,23.165229],[120.279396,23.162421],[120.279186,23.161362],[120.27885,23.159399],[120.277923,23.153637],[120.277528,23.151244],[120.277392,23.150446],[120.277044,23.148364],[120.276771,23.146368],[120.276622,23.14477],[120.276493,23.142886],[120.276437,23.141104],[120.276443,23.139405],[120.276624,23.136026],[120.276824,23.134068],[120.277056,23.132459],[120.277245,23.131184],[120.277644,23.129155],[120.278494,23.125641],[120.280078,23.119516],[120.280915,23.116324],[120.283437,23.106529],[120.28448,23.102547],[120.285075,23.099949],[120.285349,23.098824],[120.285691,23.097323],[120.285936,23.095869],[120.286354,23.093079],[120.286575,23.091277],[120.286748,23.088917],[120.286939,23.085696],[120.287034,23.083571],[120.287096,23.081964],[120.287248,23.078123],[120.287328,23.076029]]},"properties":{"@id":"way/197658086","bridge":"viaduct","electrified":"contact_line","frequency":"60","gauge":"1435","highspeed":"yes","layer":"4","maxspeed":"300","name":"台灣高速鐵路","name:en":"Taiwan High Speed Rail","name:ja":"台湾高速鉄道","name:nan":"Tâi-oân-ko-sok-thih-lō͘","name:nan-Latn-pehoeji":"Tâi-oân-ko-sok-thih-lō͘","name:nan-Latn-tailo":"Tâi-uân-ko-sok-thih-lōo","name:ru":"Тайваньская высокоскоростная железная дорога","name:zh":"台灣高速鐵路","network":"台灣高鐵","network:en":"THSR","network:zh":"台灣高鐵","operator":"台灣高速鐵路股份有限公司","railway":"rail","ref":"台灣高鐵","start_date":"2007-01-05","usage":"main","voltage":"25000","wikidata":"Q706198","wikipedia":"zh:台灣高鐵"},"id":"way/197658086"},{"type":"Feature","geometry":{"type":"LineString","coordinates":[[120.330697,23.348137],[120.331074,23.346962],[120.331498,23.345717],[120.331732,23.345111],[120.332091,23.344081],[120.332436,23.343034],[120.332657,23.342497],[120.332843,23.341949],[120.333068,23.341385],[120.333528,23.339984],[120.334028,23.338533],[120.334608,23.336809],[120.334916,23.335831],[120.335605,23.333797],[120.335872,23.332957],[120.336097,23.332092],[120.33639,23.330877],[120.336829,23.329153],[120.337115,23.327888],[120.337375,23.326588],[120.337742,23.324815],[120.338111,23.323038],[120.338743,23.319349],[120.340307,23.311002],[120.342081,23.302022],[120.343035,23.296628],[120.343176,23.295863],[120.344365,23.289592],[120.344533,23.28871],[120.345271,23.284842],[120.345948,23.281178],[120.34619,23.279658],[120.346306,23.278745],[120.346323,23.278607],[120.34635,23.278398],[120.34652,23.27667],[120.346608,23.275264],[120.346636,23.274157],[120.346643,23.273631],[120.346643,23.273101],[120.346642,23.272245],[120.346621,23.271348],[120.346574,23.270448],[120.346431,23.26867],[120.346308,23.267533],[120.34604,23.265569],[120.345704,23.263815],[120.345427,23.262527],[120.345009,23.260892],[120.34464,23.259605],[120.344127,23.258027],[120.343474,23.256221],[120.342847,23.254695],[120.342237,23.253304],[120.341544,23.251884],[120.340347,23.249693],[120.339746,23.248656],[120.338841,23.247203],[120.337728,23.245588],[120.336857,23.244402],[120.334596,23.24155],[120.329579,23.235427],[120.321837,23.225873],[120.32078,23.224569],[120.305434,23.205743],[120.293478,23.190785],[120.290479,23.187239],[120.289521,23.185983],[120.288768,23.184965],[120.28822,23.18422]]},"properties":{"@id":"way/197658087","bridge":"viaduct","electrified":"contact_line","frequency":"60","gauge":"1435","highspeed":"yes","layer":"4","maxspeed":"300","name":"台灣高速鐵路","name:en":"Taiwan High Speed Rail","name:ja":"台湾高速鉄道","name:nan":"Tâi-oân-ko-sok-thih-lō͘","name:nan-Latn-pehoeji":"Tâi-oân-ko-sok-thih-lō͘","name:nan-Latn-tailo":"Tâi-uân-ko-sok-thih-lōo","name:ru":"Тайваньская высокоскоростная железная дорога","name:zh":"台灣高速鐵路","network":"台灣高鐵","network:en":"THSR","network:zh":"台灣高鐵","operator":"台灣高速鐵路股份有限公司","railway":"rail","ref":"台灣高鐵","start_date":"2007-01-05","usage":"main","voltage":"25000","wikidata":"Q706198","wikipedia":"zh:台灣高鐵"},"id":"way/197658087"},{"type":"Feature","geometry":{"type":"LineString","coordinates":[[120.287328,23.076029],[120.287594,23.069532],[120.287646,23.06701],[120.287684,23.0659],[120.288,23.05979],[120.288225,23.055447],[120.288271,23.054466],[120.288368,23.051895],[120.288477,23.049352],[120.288545,23.047882],[120.288617,23.04647],[120.288666,23.0449],[120.288724,23.043297],[120.288808,23.041462],[120.288912,23.039368],[120.289034,23.036468],[120.289061,23.035823],[120.289099,23.035128],[120.289157,23.033925],[120.289204,23.03273],[120.289292,23.030277],[120.289332,23.029186],[120.289386,23.028103],[120.289404,23.027077],[120.289417,23.026058],[120.289419,23.025488],[120.289411,23.02489],[120.289367,23.023819],[120.289285,23.022782],[120.289202,23.021706],[120.289005,23.019611],[120.288773,23.017957],[120.288526,23.016522],[120.288427,23.01593],[120.288318,23.015397],[120.287968,23.013897],[120.287909,23.013628],[120.287842,23.01336],[120.287659,23.012675],[120.287583,23.012412],[120.287506,23.0121],[120.287409,23.01173],[120.287343,23.011449],[120.287013,23.010381],[120.286683,23.009336],[120.286378,23.008446],[120.286115,23.007816],[120.285862,23.007166],[120.285494,23.006241],[120.285104,23.005298],[120.284664,23.004215],[120.284277,23.003385],[120.283902,23.002603],[120.283301,23.001346],[120.282328,22.999355],[120.281683,22.998038],[120.281047,22.996709],[120.280762,22.996095],[120.280628,22.995808],[120.280464,22.995485],[120.27982,22.994218],[120.279284,22.993041],[120.27859,22.991647],[120.277982,22.990455],[120.277279,22.9889],[120.276796,22.987909],[120.27643,22.987066],[120.276144,22.986426],[120.27596,22.985982],[120.275761,22.985494],[120.275555,22.984975],[120.275403,22.984587],[120.274841,22.983016],[120.274414,22.981799],[120.274036,22.980507],[120.273696,22.979164],[120.273408,22.977993],[120.27313,22.976703],[120.272964,22.975951],[120.272774,22.974869],[120.272582,22.973671],[120.272438,22.972715],[120.272297,22.971636],[120.272197,22.970456],[120.272117,22.969268],[120.272043,22.967882],[120.272011,22.966887],[120.272006,22.965689],[120.272022,22.964118],[120.272107,22.962649],[120.272274,22.96065]]},"properties":{"@id":"way/197658088","bridge":"viaduct","electrified":"contact_line","frequency":"60","gauge":"1435","highspeed":"yes","layer":"4","maxspeed":"300","name":"台灣高速鐵路","name:en":"Taiwan High Speed Rail","name:ja":"台湾高速鉄道","name:nan":"Tâi-oân-ko-sok-thih-lō͘","name:nan-Latn-pehoeji":"Tâi-oân-ko-sok-thih-lō͘","name:nan-Latn-tailo":"Tâi-uân-ko-sok-thih-lōo","name:ru":"Тайваньская высокоскоростная железная дорога","name:zh":"台灣高速鐵路","network":"台灣高鐵","network:en":"THSR","network:zh":"台灣高鐵","operator":"台灣高速鐵路股份有限公司","railway":"rail","ref":"台灣高鐵","start_date":"2007-01-05","usage":"main","voltage":"25000","wikidata":"Q706198","wikipedia":"zh:台灣高鐵"},"id":"way/197658088"},{"type":"Feature","geometry":{"type":"LineString","coordinates":[[120.272274,22.96065],[120.272398,22.959398],[120.272584,22.958065],[120.272759,22.956944],[120.273077,22.955401],[120.273301,22.95434],[120.273653,22.952837],[120.274204,22.9508],[120.274636,22.949491],[120.275305,22.947583],[120.275883,22.946044],[120.276565,22.944497],[120.277768,22.941944],[120.27853,22.940422],[120.279292,22.938835],[120.280191,22.937102],[120.281681,22.934151],[120.282285,22.932969],[120.282844,22.931763],[120.283899,22.929665],[120.284326,22.92883],[120.284407,22.928667]]},"properties":{"@id":"way/197663365","bridge":"viaduct","electrified":"contact_line","frequency":"60","gauge":"1435","highspeed":"yes","layer":"2","maxspeed":"300","name":"台灣高速鐵路","name:en":"Taiwan High Speed Rail","name:ja":"台湾高速鉄道","name:nan":"Tâi-oân-ko-sok-thih-lō͘","name:nan-Latn-pehoeji":"Tâi-oân-ko-sok-thih-lō͘","name:nan-Latn-tailo":"Tâi-uân-ko-sok-thih-lōo","name:ru":"Тайваньская высокоскоростная железная дорога","name:zh":"台灣高速鐵路","network":"台灣高鐵","network:en":"THSR","network:zh":"台灣高鐵","operator":"台灣高速鐵路股份有限公司","railway":"rail","ref":"台灣高鐵","start_date":"2007-01-05","usage":"main","voltage":"25000","wikidata":"Q706198","wikipedia":"zh:台灣高鐵"},"id":"way/197663365"},{"type":"Feature","geometry":{"type":"LineString","coordinates":[[120.284407,22.928667],[120.285341,22.926876],[120.286308,22.924898],[120.287344,22.922894],[120.288064,22.921491]]},"properties":{"@id":"way/197665127","bridge":"viaduct","electrified":"contact_line","frequency":"60","gauge":"1435","highspeed":"yes","layer":"2","maxspeed":"300","name":"台灣高速鐵路","name:en":"Taiwan High Speed Rail","name:ja":"台湾高速鉄道","name:nan":"Tâi-oân-ko-sok-thih-lō͘","name:nan-Latn-pehoeji":"Tâi-oân-ko-sok-thih-lō͘","name:nan-Latn-tailo":"Tâi-uân-ko-sok-thih-lōo","name:ru":"Тайваньская высокоскоростная железная дорога","name:zh":"台灣高速鐵路","network":"台灣高鐵","network:en":"THSR","network:zh":"台灣高鐵","operator":"台灣高速鐵路股份有限公司","railway":"rail","ref":"台灣高鐵","start_date":"2007-01-05","usage":"main","voltage":"25000","wikidata":"Q706198","wikipedia":"zh:台灣高鐵"},"id":"way/197665127"},{"type":"Feature","geometry":{"type":"LineString","coordinates":[[120.349771,22.76065],[120.349808,22.760566],[120.352509,22.755014],[120.353918,22.752114],[120.35503,22.7497],[120.355128,22.749462],[120.355674,22.748143],[120.355953,22.747398],[120.356459,22.745987],[120.356533,22.745727],[120.356989,22.744288],[120.357208,22.743528],[120.357628,22.741913],[120.35808,22.73985],[120.358403,22.737886],[120.358506,22.737118],[120.358717,22.73528],[120.358841,22.733543],[120.358877,22.732827],[120.358888,22.732092],[120.358911,22.731028],[120.358899,22.729191],[120.358859,22.725044],[120.358759,22.722837],[120.358762,22.720755],[120.358753,22.718629],[120.358716,22.717181]]},"properties":{"@id":"way/197665128","bridge":"viaduct","electrified":"contact_line","frequency":"60","gauge":"1435","highspeed":"yes","layer":"2","maxspeed":"300","name":"台灣高速鐵路","name:en":"Taiwan High Speed Rail","name:ja":"台湾高速鉄道","name:nan":"Tâi-oân-ko-sok-thih-lō͘","name:nan-Latn-pehoeji":"Tâi-oân-ko-sok-thih-lō͘","name:nan-Latn-tailo":"Tâi-uân-ko-sok-thih-lōo","name:ru":"Тайваньская высокоскоростная железная дорога","name:zh":"台灣高速鐵路","network":"台灣高鐵","network:en":"THSR","network:zh":"台灣高鐵","operator":"台灣高速鐵路股份有限公司","railway":"rail","ref":"台灣高鐵","start_date":"2007-01-05","usage":"main","voltage":"25000","wikidata":"Q706198","wikipedia":"zh:台灣高鐵"},"id":"way/197665128"},{"type":"Feature","geometry":{"type":"LineString","coordinates":[[120.307354,22.878118],[120.30861,22.871403],[120.310592,22.860784],[120.315018,22.836904],[120.31664,22.829962],[120.317912,22.826908],[120.319759,22.82226],[120.324609,22.813104],[120.324968,22.812396],[120.327906,22.806599]]},"properties":{"@id":"way/197665129","bridge":"viaduct","electrified":"contact_line","frequency":"60","gauge":"1435","highspeed":"yes","layer":"2","maxspeed":"300","name":"台灣高速鐵路","name:en":"Taiwan High Speed Rail","name:ja":"台湾高速鉄道","name:nan":"Tâi-oân-ko-sok-thih-lō͘","name:nan-Latn-pehoeji":"Tâi-oân-ko-sok-thih-lō͘","name:nan-Latn-tailo":"Tâi-uân-ko-sok-thih-lōo","name:ru":"Тайваньская высокоскоростная железная дорога","name:zh":"台灣高速鐵路","network":"台灣高鐵","network:en":"THSR","network:zh":"台灣高鐵","operator":"台灣高速鐵路股份有限公司","railway":"rail","ref":"台灣高鐵","start_date":"2007-01-05","usage":"main","voltage":"25000","wikidata":"Q706198","wikipedia":"zh:台灣高鐵"},"id":"way/197665129"},{"type":"Feature","geometry":{"type":"LineString","coordinates":[[120.349731,22.760614],[120.347921,22.764335],[120.344902,22.770552],[120.341472,22.777551],[120.340586,22.779421],[120.338712,22.78323],[120.336478,22.787893],[120.335132,22.790746],[120.333743,22.793789],[120.331846,22.797964],[120.330399,22.800997],[120.328192,22.805765],[120.327848,22.806578]]},"properties":{"@id":"way/197665130","bridge":"viaduct","electrified":"contact_line","frequency":"60","gauge":"1435","highspeed":"yes","layer":"2","maxspeed":"300","name":"台灣高速鐵路","name:en":"Taiwan High Speed Rail","name:ja":"台湾高速鉄道","name:nan":"Tâi-oân-ko-sok-thih-lō͘","name:nan-Latn-pehoeji":"Tâi-oân-ko-sok-thih-lō͘","name:nan-Latn-tailo":"Tâi-uân-ko-sok-thih-lōo","name:ru":"Тайваньская высокоскоростная железная дорога","name:zh":"台灣高速鐵路","network":"台灣高鐵","network:en":"THSR","network:zh":"台灣高鐵","operator":"台灣高速鐵路股份有限公司","railway":"rail","ref":"台灣高鐵","start_date":"2007-01-05","usage":"main","voltage":"25000","wikidata":"Q706198","wikipedia":"zh:台灣高鐵"},"id":"way/197665130"},{"type":"Feature","geometry":{"type":"LineString","coordinates":[[120.289075,22.91944],[120.289359,22.918859],[120.292773,22.912088],[120.294215,22.909267],[120.294982,22.907728],[120.295787,22.906258],[120.296796,22.904151],[120.296989,22.90379],[120.297854,22.902175],[120.298186,22.901499],[120.300606,22.896523],[120.301727,22.894367],[120.302906,22.891941],[120.304014,22.889484],[120.304902,22.88724],[120.305638,22.885087],[120.306297,22.882813],[120.306866,22.880457],[120.307354,22.878118]]},"properties":{"@id":"way/197665131","bridge":"viaduct","electrified":"contact_line","frequency":"60","gauge":"1435","highspeed":"yes","layer":"2","maxspeed":"300","name":"台灣高速鐵路","name:en":"Taiwan High Speed Rail","name:ja":"台湾高速鉄道","name:nan":"Tâi-oân-ko-sok-thih-lō͘","name:nan-Latn-pehoeji":"Tâi-oân-ko-sok-thih-lō͘","name:nan-Latn-tailo":"Tâi-uân-ko-sok-thih-lōo","name:ru":"Тайваньская высокоскоростная железная дорога","name:zh":"台灣高速鐵路","network":"台灣高鐵","network:en":"THSR","network:zh":"台灣高鐵","operator":"台灣高速鐵路股份有限公司","railway":"rail","ref":"台灣高鐵","start_date":"2007-01-05","usage":"main","voltage":"25000","wikidata":"Q706198","wikipedia":"zh:台灣高鐵"},"id":"way/197665131"},{"type":"Feature","geometry":{"type":"LineString","coordinates":[[120.327848,22.806578],[120.324886,22.812391],[120.324539,22.813073],[120.319687,22.822232],[120.31784,22.826883],[120.316565,22.829941],[120.315434,22.834507],[120.314969,22.836898],[120.310524,22.860762],[120.308545,22.871394],[120.307311,22.878108]]},"properties":{"@id":"way/197665132","bridge":"viaduct","electrified":"contact_line","frequency":"60","gauge":"1435","highspeed":"yes","layer":"2","maxspeed":"300","name":"台灣高速鐵路","name:en":"Taiwan High Speed Rail","name:ja":"台湾高速鉄道","name:nan":"Tâi-oân-ko-sok-thih-lō͘","name:nan-Latn-pehoeji":"Tâi-oân-ko-sok-thih-lō͘","name:nan-Latn-tailo":"Tâi-uân-ko-sok-thih-lōo","name:ru":"Тайваньская высокоскоростная железная дорога","name:zh":"台灣高速鐵路","network":"台灣高鐵","network:en":"THSR","network:zh":"台灣高鐵","operator":"台灣高速鐵路股份有限公司","railway":"rail","ref":"台灣高鐵","start_date":"2007-01-05","usage":"main","voltage":"25000","wikidata":"Q706198","wikipedia":"zh:台灣高鐵"},"id":"way/197665132"},{"type":"Feature","geometry":{"type":"LineString","coordinates":[[120.327906,22.806599],[120.32825,22.805787],[120.330456,22.801021],[120.331904,22.797987],[120.333801,22.793812],[120.33519,22.790769],[120.336536,22.787916],[120.338769,22.783254],[120.340627,22.779443],[120.341535,22.777576],[120.347961,22.76436],[120.349771,22.76065]]},"properties":{"@id":"way/197665133","bridge":"viaduct","electrified":"contact_line","frequency":"60","gauge":"1435","highspeed":"yes","layer":"2","maxspeed":"300","name":"台灣高速鐵路","name:en":"Taiwan High Speed Rail","name:ja":"台湾高速鉄道","name:nan":"Tâi-oân-ko-sok-thih-lō͘","name:nan-Latn-pehoeji":"Tâi-oân-ko-sok-thih-lō͘","name:nan-Latn-tailo":"Tâi-uân-ko-sok-thih-lōo","name:ru":"Тайваньская высокоскоростная железная дорога","name:zh":"台灣高速鐵路","network":"台灣高鐵","network:en":"THSR","network:zh":"台灣高鐵","operator":"台灣高速鐵路股份有限公司","railway":"rail","ref":"台灣高鐵","start_date":"2007-01-05","usage":"main","voltage":"25000","wikidata":"Q706198","wikipedia":"zh:台灣高鐵"},"id":"way/197665133"},{"type":"Feature","geometry":{"type":"LineString","coordinates":[[120.358675,22.717171],[120.358699,22.718616],[120.358716,22.720749],[120.358716,22.722852],[120.358825,22.725044],[120.358854,22.728817],[120.358857,22.729188],[120.358862,22.731023],[120.358848,22.732093],[120.35883,22.732814],[120.358794,22.733545],[120.35867,22.735258],[120.358462,22.737124],[120.35835,22.737904],[120.358046,22.739844],[120.357571,22.741915],[120.357164,22.743522],[120.356953,22.74426],[120.356493,22.745727],[120.356414,22.745961],[120.355913,22.747393],[120.35562,22.74814],[120.354982,22.749691],[120.353873,22.752083],[120.352433,22.75506],[120.349731,22.760614]]},"properties":{"@id":"way/197665134","bridge":"viaduct","electrified":"contact_line","frequency":"60","gauge":"1435","highspeed":"yes","layer":"2","maxspeed":"300","name":"台灣高速鐵路","name:en":"Taiwan High Speed Rail","name:ja":"台湾高速鉄道","name:nan":"Tâi-oân-ko-sok-thih-lō͘","name:nan-Latn-pehoeji":"Tâi-oân-ko-sok-thih-lō͘","name:nan-Latn-tailo":"Tâi-uân-ko-sok-thih-lōo","name:ru":"Тайваньская высокоскоростная железная дорога","name:zh":"台灣高速鐵路","network":"台灣高鐵","network:en":"THSR","network:zh":"台灣高鐵","operator":"台灣高速鐵路股份有限公司","railway":"rail","ref":"台灣高鐵","start_date":"2007-01-05","usage":"main","voltage":"25000","wikidata":"Q706198","wikipedia":"zh:台灣高鐵"},"id":"way/197665134"},{"type":"Feature","geometry":{"type":"LineString","coordinates":[[120.346596,22.705815],[120.346243,22.705798],[120.345974,22.705792],[120.345624,22.705792],[120.345226,22.705796],[120.328489,22.706453],[120.328121,22.706453],[120.327916,22.706455],[120.327711,22.706443],[120.327477,22.706423],[120.327243,22.706395],[120.327011,22.706359],[120.326781,22.706314],[120.326553,22.706261],[120.326327,22.706199],[120.326104,22.70613],[120.325884,22.706052],[120.325668,22.705966],[120.325456,22.705872],[120.325248,22.705771]]},"properties":{"@id":"way/197665135","bridge":"viaduct","electrified":"contact_line","frequency":"60","gauge":"1435","highspeed":"yes","layer":"2","maxspeed":"130","name":"台灣高速鐵路","name:en":"Taiwan High Speed Rail","name:ja":"台湾高速鉄道","name:nan":"Tâi-oân-ko-sok-thih-lō͘","name:nan-Latn-pehoeji":"Tâi-oân-ko-sok-thih-lō͘","name:nan-Latn-tailo":"Tâi-uân-ko-sok-thih-lōo","name:ru":"Тайваньская высокоскоростная железная дорога","name:zh":"台灣高速鐵路","network":"台灣高鐵","network:en":"THSR","network:zh":"台灣高鐵","operator":"台灣高速鐵路股份有限公司","railway":"rail","ref":"台灣高鐵","start_date":"2007-01-05","usage":"main","voltage":"25000","wikidata":"Q706198","wikipedia":"zh:台灣高鐵"},"id":"way/197665135"},{"type":"Feature","geometry":{"type":"LineString","coordinates":[[120.325269,22.705736],[120.325067,22.705627],[120.324869,22.705512],[120.324677,22.70539],[120.324483,22.705255],[120.324294,22.705112],[120.324112,22.704963],[120.323937,22.704807],[120.323769,22.704644],[120.323609,22.704475],[120.323456,22.7043],[120.323311,22.70412],[120.323175,22.703934],[120.323046,22.703742],[120.322945,22.703567],[120.322087,22.702101],[120.321891,22.701813],[120.321296,22.701066]]},"properties":{"@id":"way/197666420","bridge":"viaduct","electrified":"contact_line","frequency":"60","gauge":"1435","highspeed":"yes","layer":"2","maxspeed":"130","name":"台灣高速鐵路","name:en":"Taiwan High Speed Rail","name:ja":"台湾高速鉄道","name:nan":"Tâi-oân-ko-sok-thih-lō͘","name:nan-Latn-pehoeji":"Tâi-oân-ko-sok-thih-lō͘","name:nan-Latn-tailo":"Tâi-uân-ko-sok-thih-lōo","name:ru":"Тайваньская высокоскоростная железная дорога","name:zh":"台灣高速鐵路","network":"台灣高鐵","network:en":"THSR","network:zh":"台灣高鐵","operator":"台灣高速鐵路股份有限公司","railway":"rail","ref":"台灣高鐵","start_date":"2007-01-05","usage":"main","voltage":"25000","wikidata":"Q706198","wikipedia":"zh:台灣高鐵"},"id":"way/197666420"},{"type":"Feature","geometry":{"type":"LineString","coordinates":[[120.305949,22.685867],[120.307491,22.687204],[120.309098,22.688584]]},"properties":{"@id":"way/197666421","electrified":"contact_line","frequency":"60","gauge":"1435","highspeed":"yes","name":"台灣高速鐵路","name:en":"Taiwan High Speed Rail","name:ja":"台湾高速鉄道","name:nan":"Tâi-oân-ko-sok-thih-lō͘","name:nan-Latn-pehoeji":"Tâi-oân-ko-sok-thih-lō͘","name:nan-Latn-tailo":"Tâi-uân-ko-sok-thih-lōo","name:ru":"Тайваньская высокоскоростная железная дорога","name:zh":"台灣高速鐵路","network":"台灣高鐵","network:en":"THSR","network:zh":"台灣高鐵","operator":"台灣高速鐵路股份有限公司","railway":"rail","ref":"台灣高鐵","start_date":"2007-01-05","usage":"main","voltage":"25000","wikidata":"Q706198","wikipedia":"zh:台灣高鐵"},"id":"way/197666421"},{"type":"Feature","geometry":{"type":"LineString","coordinates":[[120.309098,22.688584],[120.309798,22.689281],[120.31026,22.689779],[120.310555,22.690081],[120.310886,22.690399],[120.311612,22.691099]]},"properties":{"@id":"way/197666424","electrified":"contact_line","frequency":"60","gauge":"1435","highspeed":"yes","name":"台灣高速鐵路","name:en":"Taiwan High Speed Rail","name:ja":"台湾高速鉄道","name:nan":"Tâi-oân-ko-sok-thih-lō͘","name:nan-Latn-pehoeji":"Tâi-oân-ko-sok-thih-lō͘","name:nan-Latn-tailo":"Tâi-uân-ko-sok-thih-lōo","name:ru":"Тайваньская высокоскоростная железная дорога","name:zh":"台灣高速鐵路","network":"台灣高鐵","network:en":"THSR","network:zh":"台灣高鐵","operator":"台灣高速鐵路股份有限公司","railway":"rail","ref":"台灣高鐵","start_date":"2007-01-05","usage":"main","voltage":"25000","wikidata":"Q706198","wikipedia":"zh:台灣高鐵"},"id":"way/197666424"},{"type":"Feature","geometry":{"type":"LineString","coordinates":[[120.346599,22.705774],[120.346245,22.705757],[120.345975,22.70575],[120.345624,22.705751],[120.345225,22.705755],[120.328488,22.706412],[120.328122,22.706412],[120.327917,22.706414],[120.327715,22.706402],[120.327481,22.706383],[120.32725,22.706355],[120.327019,22.706319],[120.326791,22.706275],[120.326564,22.706222],[120.32634,22.706161],[120.326119,22.706091],[120.325901,22.706014],[120.325686,22.705929],[120.325476,22.705836],[120.325269,22.705736]]},"properties":{"@id":"way/197666426","bridge":"viaduct","electrified":"contact_line","frequency":"60","gauge":"1435","highspeed":"yes","layer":"2","maxspeed":"130","name":"台灣高速鐵路","name:en":"Taiwan High Speed Rail","name:ja":"台湾高速鉄道","name:nan":"Tâi-oân-ko-sok-thih-lō͘","name:nan-Latn-pehoeji":"Tâi-oân-ko-sok-thih-lō͘","name:nan-Latn-tailo":"Tâi-uân-ko-sok-thih-lōo","name:ru":"Тайваньская высокоскоростная железная дорога","name:zh":"台灣高速鐵路","network":"台灣高鐵","network:en":"THSR","network:zh":"台灣高鐵","operator":"台灣高速鐵路股份有限公司","railway":"rail","ref":"台灣高鐵","start_date":"2007-01-05","usage":"main","voltage":"25000","wikidata":"Q706198","wikipedia":"zh:台灣高鐵"},"id":"way/197666426"},{"type":"Feature","geometry":{"type":"LineString","coordinates":[[120.318167,22.697387],[120.317808,22.697034],[120.317068,22.696316],[120.316082,22.695361],[120.315016,22.694335],[120.31458,22.693919],[120.313466,22.692836],[120.313213,22.692593],[120.312917,22.692298],[120.312506,22.691908],[120.311734,22.691158],[120.311646,22.691071]]},"properties":{"@id":"way/197666429","electrified":"contact_line","frequency":"60","gauge":"1435","highspeed":"yes","maxspeed":"130","name":"台灣高速鐵路","name:en":"Taiwan High Speed Rail","name:ja":"台湾高速鉄道","name:nan":"Tâi-oân-ko-sok-thih-lō͘","name:nan-Latn-pehoeji":"Tâi-oân-ko-sok-thih-lō͘","name:nan-Latn-tailo":"Tâi-uân-ko-sok-thih-lōo","name:ru":"Тайваньская высокоскоростная железная дорога","name:zh":"台灣高速鐵路","network":"台灣高鐵","network:en":"THSR","network:zh":"台灣高鐵","operator":"台灣高速鐵路股份有限公司","railway":"rail","ref":"台灣高鐵","start_date":"2007-01-05","usage":"main","voltage":"25000","wikidata":"Q706198","wikipedia":"zh:台灣高鐵"},"id":"way/197666429"},{"type":"Feature","geometry":{"type":"LineString","coordinates":[[121.387293,25.012572],[121.387728,25.012351],[121.38847,25.011976],[121.389453,25.011491],[121.390566,25.010984]]},"properties":{"@id":"way/198049018","bridge":"yes","electrified":"contact_line","frequency":"60","gauge":"1435","highspeed":"yes","layer":"5","maxspeed":"300","name":"台灣高速鐵路","name:en":"Taiwan High Speed Rail","name:ja":"台湾高速鉄道","name:nan":"Tâi-oân-ko-sok-thih-lō͘","name:nan-Latn-pehoeji":"Tâi-oân-ko-sok-thih-lō͘","name:nan-Latn-tailo":"Tâi-uân-ko-sok-thih-lōo","name:ru":"Тайваньская высокоскоростная железная дорога","name:zh":"台灣高速鐵路","network":"台灣高鐵","network:en":"THSR","network:zh":"台灣高鐵","operator":"台灣高速鐵路股份有限公司","railway":"rail","ref":"台灣高鐵","start_date":"2007-01-05","usage":"main","voltage":"25000","wikidata":"Q706198","wikipedia":"zh:台灣高鐵"},"id":"way/198049018"},{"type":"Feature","geometry":{"type":"LineString","coordinates":[[121.390548,25.010944],[121.389431,25.011459],[121.388445,25.011941],[121.387684,25.01233],[121.387271,25.012541]]},"properties":{"@id":"way/198049019","bridge":"yes","electrified":"contact_line","frequency":"60","gauge":"1435","highspeed":"yes","layer":"5","maxspeed":"300","name":"台灣高速鐵路","name:en":"Taiwan High Speed Rail","name:ja":"台湾高速鉄道","name:nan":"Tâi-oân-ko-sok-thih-lō͘","name:nan-Latn-pehoeji":"Tâi-oân-ko-sok-thih-lō͘","name:nan-Latn-tailo":"Tâi-uân-ko-sok-thih-lōo","name:ru":"Тайваньская высокоскоростная железная дорога","name:zh":"台灣高速鐵路","network":"台灣高鐵","network:en":"THSR","network:zh":"台灣高鐵","operator":"台灣高速鐵路股份有限公司","railway":"rail","ref":"台灣高鐵","start_date":"2007-01-05","usage":"main","voltage":"25000","wikidata":"Q706198","wikipedia":"zh:台灣高鐵"},"id":"way/198049019"},{"type":"Feature","geometry":{"type":"LineString","coordinates":[[120.615052,24.102782],[120.614506,24.097154],[120.614227,24.094148],[120.613852,24.089852]]},"properties":{"@id":"way/199770401","bridge":"viaduct","electrified":"contact_line","frequency":"60","gauge":"1435","highspeed":"yes","layer":"3","maxspeed":"300","name":"台灣高速鐵路","name:en":"Taiwan High Speed Rail","name:ja":"台湾高速鉄道","name:nan":"Tâi-oân-ko-sok-thih-lō͘","name:nan-Latn-pehoeji":"Tâi-oân-ko-sok-thih-lō͘","name:nan-Latn-tailo":"Tâi-uân-ko-sok-thih-lōo","name:ru":"Тайваньская высокоскоростная железная дорога","name:zh":"台灣高速鐵路","network":"台灣高鐵","network:en":"THSR","network:zh":"台灣高鐵","operator":"台灣高速鐵路股份有限公司","railway":"rail","ref":"台灣高鐵","start_date":"2007-01-05","usage":"main","voltage":"25000","wikidata":"Q706198","wikipedia":"zh:台灣高鐵"},"id":"way/199770401"},{"type":"Feature","geometry":{"type":"LineString","coordinates":[[120.616709,24.119638],[120.615969,24.112097],[120.615052,24.102782]]},"properties":{"@id":"way/199770402","bridge":"viaduct","electrified":"contact_line","frequency":"60","gauge":"1435","highspeed":"yes","layer":"3","maxspeed":"300","name":"台灣高速鐵路","name:en":"Taiwan High Speed Rail","name:ja":"台湾高速鉄道","name:nan":"Tâi-oân-ko-sok-thih-lō͘","name:nan-Latn-pehoeji":"Tâi-oân-ko-sok-thih-lō͘","name:nan-Latn-tailo":"Tâi-uân-ko-sok-thih-lōo","name:ru":"Тайваньская высокоскоростная железная дорога","name:zh":"台灣高速鐵路","network":"台灣高鐵","network:en":"THSR","network:zh":"台灣高鐵","operator":"台灣高速鐵路股份有限公司","railway":"rail","ref":"台灣高鐵","start_date":"2007-01-05","usage":"main","voltage":"25000","wikidata":"Q706198","wikipedia":"zh:台灣高鐵"},"id":"way/199770402"},{"type":"Feature","geometry":{"type":"LineString","coordinates":[[120.650895,24.257249],[120.649626,24.255618],[120.648683,24.254332],[120.648393,24.253907],[120.647802,24.253034],[120.646687,24.2513],[120.646157,24.25038],[120.645111,24.248565],[120.644624,24.247621],[120.64419,24.246762],[120.643564,24.245461],[120.642897,24.243944],[120.642545,24.243059],[120.642043,24.241775],[120.641714,24.240828],[120.641456,24.240059],[120.640988,24.238618],[120.640748,24.237771],[120.640478,24.236758],[120.64022,24.235755],[120.640071,24.23509],[120.639724,24.233502],[120.639464,24.231964],[120.639277,24.230673],[120.639087,24.229232],[120.638933,24.2278],[120.638715,24.225053],[120.638473,24.221967],[120.638112,24.217146],[120.637831,24.213768],[120.637651,24.211858],[120.637342,24.209481],[120.636983,24.207446],[120.636316,24.204511],[120.635822,24.202685],[120.635263,24.200936],[120.6346,24.198969],[120.631539,24.190509],[120.629196,24.183798],[120.629154,24.183676]]},"properties":{"@id":"way/199770699","bridge":"viaduct","electrified":"contact_line","frequency":"60","gauge":"1435","highspeed":"yes","layer":"4","maxspeed":"300","name":"台灣高速鐵路","name:en":"Taiwan High Speed Rail","name:ja":"台湾高速鉄道","name:nan":"Tâi-oân-ko-sok-thih-lō͘","name:nan-Latn-pehoeji":"Tâi-oân-ko-sok-thih-lō͘","name:nan-Latn-tailo":"Tâi-uân-ko-sok-thih-lōo","name:ru":"Тайваньская высокоскоростная железная дорога","name:zh":"台灣高速鐵路","network":"台灣高鐵","network:en":"THSR","network:zh":"台灣高鐵","operator":"台灣高速鐵路股份有限公司","railway":"rail","ref":"台灣高鐵","start_date":"2007-01-05","usage":"main","voltage":"25000","wikidata":"Q706198","wikipedia":"zh:台灣高鐵"},"id":"way/199770699"},{"type":"Feature","geometry":{"type":"LineString","coordinates":[[120.649571,24.255651],[120.650841,24.257287],[120.651477,24.258058],[120.652011,24.258705],[120.652863,24.259733],[120.653933,24.260995],[120.654437,24.261652],[120.657231,24.264966],[120.658819,24.266816]]},"properties":{"@id":"way/199770700","bridge":"viaduct","electrified":"contact_line","frequency":"60","gauge":"1435","highspeed":"yes","layer":"1","maxspeed":"300","name":"台灣高速鐵路","name:en":"Taiwan High Speed Rail","name:ja":"台湾高速鉄道","name:nan":"Tâi-oân-ko-sok-thih-lō͘","name:nan-Latn-pehoeji":"Tâi-oân-ko-sok-thih-lō͘","name:nan-Latn-tailo":"Tâi-uân-ko-sok-thih-lōo","name:ru":"Тайваньская высокоскоростная железная дорога","name:zh":"台灣高速鐵路","network":"台灣高鐵","network:en":"THSR","network:zh":"台灣高鐵","operator":"台灣高速鐵路股份有限公司","railway":"rail","ref":"台灣高鐵","start_date":"2007-01-05","usage":"main","voltage":"25000","wikidata":"Q706198","wikipedia":"zh:台灣高鐵"},"id":"way/199770700"},{"type":"Feature","geometry":{"type":"LineString","coordinates":[[120.658874,24.266774],[120.657225,24.264882],[120.654507,24.261602],[120.653991,24.26095],[120.652922,24.259684],[120.652063,24.25866],[120.651535,24.258022],[120.650895,24.257249]]},"properties":{"@id":"way/199770701","bridge":"viaduct","electrified":"contact_line","frequency":"60","gauge":"1435","highspeed":"yes","layer":"1","maxspeed":"300","name":"台灣高速鐵路","name:en":"Taiwan High Speed Rail","name:ja":"台湾高速鉄道","name:nan":"Tâi-oân-ko-sok-thih-lō͘","name:nan-Latn-pehoeji":"Tâi-oân-ko-sok-thih-lō͘","name:nan-Latn-tailo":"Tâi-uân-ko-sok-thih-lōo","name:ru":"Тайваньская высокоскоростная железная дорога","name:zh":"台灣高速鐵路","network":"台灣高鐵","network:en":"THSR","network:zh":"台灣高鐵","operator":"台灣高速鐵路股份有限公司","railway":"rail","ref":"台灣高鐵","start_date":"2007-01-05","usage":"main","voltage":"25000","wikidata":"Q706198","wikipedia":"zh:台灣高鐵"},"id":"way/199770701"},{"type":"Feature","geometry":{"type":"LineString","coordinates":[[121.506607,25.037006],[121.506321,25.03597],[121.506271,25.035785],[121.506204,25.035573],[121.506116,25.035364],[121.506057,25.035223],[121.50599,25.035085],[121.505915,25.034951],[121.505831,25.034821],[121.50574,25.034695],[121.505641,25.034574],[121.505536,25.034458],[121.505423,25.034347],[121.5053,25.034239],[121.50517,25.034137],[121.505034,25.034042],[121.504893,25.033954],[121.504746,25.033873],[121.504594,25.0338],[121.504438,25.033735],[121.504279,25.033678],[121.504115,25.03363],[121.504015,25.033604],[121.503912,25.03358],[121.503805,25.033556],[121.503507,25.033507],[121.502353,25.03336],[121.501527,25.033256],[121.499953,25.033144],[121.499597,25.033131],[121.497716,25.033114],[121.49754,25.033108],[121.497364,25.033094],[121.497189,25.033072],[121.497015,25.033041],[121.496844,25.033001],[121.496675,25.032953],[121.49651,25.032897],[121.496358,25.032838],[121.49621,25.032771],[121.496066,25.032698],[121.495926,25.032618],[121.49579,25.032532],[121.49566,25.03244],[121.495535,25.032342],[121.495416,25.032239],[121.491777,25.029001],[121.49159,25.028825],[121.491396,25.028656],[121.491196,25.028493],[121.49099,25.028336],[121.490778,25.028186],[121.490545,25.028032],[121.490307,25.027886],[121.490062,25.027748]]},"properties":{"@id":"way/199771198","electrified":"contact_line","frequency":"60","gauge":"1435","highspeed":"yes","layer":"-3","maxspeed":"130","name":"台灣高速鐵路","name:en":"Taiwan High Speed Rail","name:ja":"台湾高速鉄道","name:nan":"Tâi-oân-ko-sok-thih-lō͘","name:nan-Latn-pehoeji":"Tâi-oân-ko-sok-thih-lō͘","name:nan-Latn-tailo":"Tâi-uân-ko-sok-thih-lōo","name:ru":"Тайваньская высокоскоростная железная дорога","name:zh":"台灣高速鐵路","network":"台灣高鐵","network:en":"THSR","network:zh":"台灣高鐵","operator":"台灣高速鐵路股份有限公司","railway":"rail","ref":"台灣高鐵","start_date":"2007-03-02","tunnel":"yes","usage":"main","voltage":"25000","wikidata":"Q706198","wikipedia":"zh:台灣高鐵"},"id":"way/199771198"},{"type":"Feature","geometry":{"type":"LineString","coordinates":[[121.50665,25.036996],[121.506365,25.03596],[121.506314,25.035775],[121.506246,25.03556],[121.506158,25.03535],[121.506098,25.035208],[121.50603,25.035068],[121.505954,25.034932],[121.505869,25.0348],[121.505777,25.034672],[121.505677,25.034549],[121.505569,25.034431],[121.505455,25.034319],[121.50533,25.034209],[121.505198,25.034106],[121.505061,25.034009],[121.504917,25.03392],[121.504768,25.033838],[121.504614,25.033764],[121.504456,25.033698],[121.504294,25.033641],[121.504128,25.033591],[121.504027,25.033565],[121.503923,25.033541],[121.503814,25.033517],[121.503514,25.033467],[121.502359,25.03332],[121.501532,25.033216],[121.499955,25.033104],[121.499598,25.033091],[121.497717,25.033073],[121.497542,25.033068],[121.497369,25.033054],[121.497196,25.033032],[121.497025,25.033001],[121.496856,25.032962],[121.49669,25.032915],[121.496526,25.03286],[121.496377,25.032801],[121.496231,25.032735],[121.496088,25.032663],[121.49595,25.032585],[121.495817,25.0325],[121.495688,25.032409],[121.495565,25.032312],[121.495447,25.03221],[121.491809,25.028972],[121.491621,25.028797],[121.491426,25.028627],[121.491225,25.028463],[121.491018,25.028305],[121.490805,25.028154],[121.490571,25.027999],[121.490331,25.027852],[121.490085,25.027713]]},"properties":{"@id":"way/199771199","electrified":"contact_line","frequency":"60","gauge":"1435","highspeed":"yes","layer":"-3","maxspeed":"130","name":"台灣高速鐵路","name:en":"Taiwan High Speed Rail","name:ja":"台湾高速鉄道","name:nan":"Tâi-oân-ko-sok-thih-lō͘","name:nan-Latn-pehoeji":"Tâi-oân-ko-sok-thih-lō͘","name:nan-Latn-tailo":"Tâi-uân-ko-sok-thih-lōo","name:ru":"Тайваньская высокоскоростная железная дорога","name:zh":"台灣高速鐵路","network":"台灣高鐵","network:en":"THSR","network:zh":"台灣高鐵","operator":"台灣高速鐵路股份有限公司","railway":"rail","ref":"台灣高鐵","start_date":"2007-03-02","tunnel":"yes","usage":"main","voltage":"25000","wikidata":"Q706198","wikipedia":"zh:台灣高鐵"},"id":"way/199771199"},{"type":"Feature","geometry":{"type":"LineString","coordinates":[[121.506607,25.037006],[121.506736,25.037499],[121.506846,25.037875],[121.50733,25.039562],[121.507638,25.0406],[121.508218,25.042605],[121.509057,25.045617],[121.509302,25.046581],[121.50948,25.046962],[121.509536,25.047046]]},"properties":{"@id":"way/199771201","electrified":"contact_line","frequency":"60","gauge":"1435","highspeed":"yes","layer":"-3","maxspeed":"130","name":"台灣高速鐵路","name:en":"Taiwan High Speed Rail","name:ja":"台湾高速鉄道","name:nan":"Tâi-oân-ko-sok-thih-lō͘","name:nan-Latn-pehoeji":"Tâi-oân-ko-sok-thih-lō͘","name:nan-Latn-tailo":"Tâi-uân-ko-sok-thih-lōo","name:ru":"Тайваньская высокоскоростная железная дорога","name:zh":"台灣高速鐵路","name:zh-Hans":"台湾高速铁路","name:zh-Hant":"台灣高速鐵路","network":"台灣高鐵","network:en":"THSR","network:zh":"台灣高鐵","operator":"台灣高速鐵路股份有限公司","railway":"rail","ref":"台灣高鐵","start_date":"2007-03-02","tunnel":"yes","usage":"main","voltage":"25000","wikidata":"Q706198","wikipedia":"zh:台灣高鐵"},"id":"way/199771201"},{"type":"Feature","geometry":{"type":"LineString","coordinates":[[121.50959,25.047028],[121.509521,25.046932],[121.50935,25.046566],[121.5091,25.045608],[121.508743,25.04429],[121.50825,25.042592],[121.507671,25.040592],[121.50739,25.039548],[121.507339,25.039403]]},"properties":{"@id":"way/199771202","electrified":"contact_line","frequency":"60","gauge":"1435","highspeed":"yes","layer":"-3","maxspeed":"130","name":"台灣高速鐵路","name:en":"Taiwan High Speed Rail","name:ja":"台湾高速鉄道","name:nan":"Tâi-oân-ko-sok-thih-lō͘","name:nan-Latn-pehoeji":"Tâi-oân-ko-sok-thih-lō͘","name:nan-Latn-tailo":"Tâi-uân-ko-sok-thih-lōo","name:ru":"Тайваньская высокоскоростная железная дорога","name:zh":"台灣高速鐵路","name:zh-Hans":"台湾高速铁路","name:zh-Hant":"台灣高速鐵路","network":"台灣高鐵","network:en":"THSR","network:zh":"台灣高鐵","operator":"台灣高速鐵路股份有限公司","railway":"rail","ref":"台灣高鐵","tunnel":"yes","usage":"main","voltage":"25000","wikidata":"Q706198","wikipedia":"zh:台灣高鐵"},"id":"way/199771202"},{"type":"Feature","geometry":{"type":"LineString","coordinates":[[121.45269,25.003654],[121.452321,25.00367]]},"properties":{"@id":"way/199771905","bridge":"yes","electrified":"contact_line","frequency":"60","gauge":"1435","highspeed":"yes","layer":"1","maxspeed":"130","name":"台灣高速鐵路","name:en":"Taiwan High Speed Rail","name:ja":"台湾高速鉄道","name:nan":"Tâi-oân-ko-sok-thih-lō͘","name:nan-Latn-pehoeji":"Tâi-oân-ko-sok-thih-lō͘","name:nan-Latn-tailo":"Tâi-uân-ko-sok-thih-lōo","name:ru":"Тайваньская высокоскоростная железная дорога","name:zh":"台灣高速鐵路","network":"台灣高鐵","network:en":"THSR","network:zh":"台灣高鐵","operator":"台灣高速鐵路股份有限公司","railway":"rail","ref":"台灣高鐵","start_date":"2007-01-05","usage":"main","voltage":"25000","wikidata":"Q706198","wikipedia":"zh:台灣高鐵"},"id":"way/199771905"},{"type":"Feature","geometry":{"type":"LineString","coordinates":[[121.452692,25.003697],[121.453057,25.003706],[121.453524,25.003734],[121.453956,25.00379],[121.454456,25.003893],[121.454818,25.004002],[121.455175,25.004169],[121.455642,25.004436],[121.455956,25.004678],[121.456371,25.005089],[121.456575,25.005327],[121.458386,25.007376],[121.459621,25.00877],[121.460888,25.010171],[121.461079,25.010383]]},"properties":{"@id":"way/199771906","electrified":"contact_line","frequency":"60","gauge":"1435","highspeed":"yes","layer":"-2","maxspeed":"130","name":"台灣高速鐵路","name:en":"Taiwan High Speed Rail","name:ja":"台湾高速鉄道","name:nan":"Tâi-oân-ko-sok-thih-lō͘","name:nan-Latn-pehoeji":"Tâi-oân-ko-sok-thih-lō͘","name:nan-Latn-tailo":"Tâi-uân-ko-sok-thih-lōo","name:ru":"Тайваньская высокоскоростная железная дорога","name:zh":"台灣高速鐵路","network":"台灣高鐵","network:en":"THSR","network:zh":"台灣高鐵","operator":"台灣高速鐵路股份有限公司","railway":"rail","ref":"台灣高鐵","start_date":"2007-01-05","tunnel":"yes","usage":"main","voltage":"25000","wikidata":"Q706198","wikipedia":"zh:台灣高鐵"},"id":"way/199771906"},{"type":"Feature","geometry":{"type":"LineString","coordinates":[[121.461032,25.010246],[121.45966,25.008715],[121.458424,25.007316],[121.457999,25.006835],[121.456593,25.005279],[121.456389,25.00504],[121.455973,25.004628],[121.455657,25.004385],[121.455189,25.004118],[121.454831,25.003949],[121.454467,25.00384],[121.453965,25.003736],[121.453532,25.003681],[121.453063,25.003653],[121.45269,25.003654]]},"properties":{"@id":"way/199771907","electrified":"contact_line","frequency":"60","gauge":"1435","highspeed":"yes","layer":"-2","maxspeed":"130","name":"台灣高速鐵路","name:en":"Taiwan High Speed Rail","name:ja":"台湾高速鉄道","name:nan":"Tâi-oân-ko-sok-thih-lō͘","name:nan-Latn-pehoeji":"Tâi-oân-ko-sok-thih-lō͘","name:nan-Latn-tailo":"Tâi-uân-ko-sok-thih-lōo","name:ru":"Тайваньская высокоскоростная железная дорога","name:zh":"台灣高速鐵路","network":"台灣高鐵","network:en":"THSR","network:zh":"台灣高鐵","operator":"台灣高速鐵路股份有限公司","railway":"rail","ref":"台灣高鐵","start_date":"2007-01-05","tunnel":"yes","usage":"main","voltage":"25000","wikidata":"Q706198","wikipedia":"zh:台灣高鐵"},"id":"way/199771907"},{"type":"Feature","geometry":{"type":"LineString","coordinates":[[121.490085,25.027713],[121.489846,25.027599],[121.489636,25.027499],[121.489422,25.027417],[121.489204,25.027341],[121.488983,25.027271],[121.488737,25.027203],[121.48849,25.027151],[121.488191,25.027092],[121.485039,25.026612],[121.483838,25.026433],[121.483634,25.026398],[121.483404,25.026349],[121.48313,25.02629],[121.482841,25.026217],[121.482577,25.026134],[121.482319,25.026049],[121.482019,25.025935],[121.481735,25.02581],[121.481503,25.025706],[121.481317,25.025609],[121.481072,25.025474],[121.48084,25.025335],[121.477847,25.023179],[121.476099,25.021924],[121.475207,25.021289],[121.474272,25.020696],[121.471935,25.019045],[121.470777,25.018212],[121.470184,25.017824],[121.469589,25.017395],[121.469156,25.017083],[121.467795,25.01611],[121.467508,25.015921],[121.467163,25.015705]]},"properties":{"@id":"way/199771908","electrified":"contact_line","frequency":"60","gauge":"1435","highspeed":"yes","layer":"-3","maxspeed":"130","name":"台灣高速鐵路","name:en":"Taiwan High Speed Rail","name:ja":"台湾高速鉄道","name:nan":"Tâi-oân-ko-sok-thih-lō͘","name:nan-Latn-pehoeji":"Tâi-oân-ko-sok-thih-lō͘","name:nan-Latn-tailo":"Tâi-uân-ko-sok-thih-lōo","name:ru":"Тайваньская высокоскоростная железная дорога","name:zh":"台灣高速鐵路","network":"台灣高鐵","network:en":"THSR","network:zh":"台灣高鐵","note":"南向","operator":"台灣高速鐵路股份有限公司","railway":"rail","ref":"台灣高鐵","start_date":"2007-03-02","tunnel":"yes","usage":"main","voltage":"25000","wikidata":"Q706198","wikipedia":"zh:台灣高鐵"},"id":"way/199771908"},{"type":"Feature","geometry":{"type":"LineString","coordinates":[[121.466212,25.015042],[121.465788,25.014753],[121.464487,25.01385],[121.464115,25.013547],[121.462966,25.012397],[121.462783,25.012213],[121.462734,25.012157]]},"properties":{"@id":"way/199771909","description":"本路段上下兩層交疊","electrified":"contact_line","frequency":"60","gauge":"1435","highspeed":"yes","layer":"-2","level":"-2","maxspeed":"130","name":"台灣高速鐵路","name:en":"Taiwan High Speed Rail","name:ja":"台湾高速鉄道","name:nan":"Tâi-oân-ko-sok-thih-lō͘","name:nan-Latn-pehoeji":"Tâi-oân-ko-sok-thih-lō͘","name:nan-Latn-tailo":"Tâi-uân-ko-sok-thih-lōo","name:ru":"Тайваньская высокоскоростная железная дорога","name:zh":"台灣高速鐵路","network":"台灣高鐵","network:en":"THSR","network:zh":"台灣高鐵","note":"南下方向","operator":"台灣高速鐵路股份有限公司","railway":"rail","ref":"台灣高鐵","tunnel":"yes","usage":"main","voltage":"25000","wikidata":"Q706198","wikipedia":"zh:台灣高鐵"},"id":"way/199771909"},{"type":"Feature","geometry":{"type":"LineString","coordinates":[[121.466156,25.015121],[121.466763,25.015541],[121.467314,25.015891],[121.467649,25.016098],[121.467966,25.016298],[121.469131,25.017116],[121.469563,25.017428],[121.470159,25.017858],[121.470752,25.018245],[121.47191,25.019078],[121.474246,25.020729],[121.475181,25.021322],[121.476073,25.021957],[121.477821,25.023212],[121.480815,25.025368],[121.481048,25.025508],[121.481294,25.025644],[121.481482,25.025742],[121.481716,25.025846],[121.482001,25.025972],[121.482303,25.026087],[121.482562,25.026172],[121.482828,25.026256],[121.483119,25.026329],[121.483393,25.026388],[121.483625,25.026437],[121.48383,25.026473],[121.485032,25.026651],[121.48818,25.02714],[121.48848,25.027199],[121.488727,25.027251],[121.488972,25.027319],[121.489189,25.027388],[121.489403,25.027464],[121.489614,25.027547],[121.489822,25.027636],[121.490062,25.027748]]},"properties":{"@id":"way/199771910","electrified":"contact_line","frequency":"60","gauge":"1435","highspeed":"yes","layer":"-3","maxspeed":"130","name":"台灣高速鐵路","name:en":"Taiwan High Speed Rail","name:ja":"台湾高速鉄道","name:nan":"Tâi-oân-ko-sok-thih-lō͘","name:nan-Latn-pehoeji":"Tâi-oân-ko-sok-thih-lō͘","name:nan-Latn-tailo":"Tâi-uân-ko-sok-thih-lōo","name:ru":"Тайваньская высокоскоростная железная дорога","name:zh":"台灣高速鐵路","network":"台灣高鐵","network:en":"THSR","network:zh":"台灣高鐵","note":"北向","operator":"台灣高速鐵路股份有限公司","railway":"rail","ref":"台灣高鐵","start_date":"2007-03-02","tunnel":"yes","usage":"main","voltage":"25000","wikidata":"Q706198","wikipedia":"zh:台灣高鐵"},"id":"way/199771910"},{"type":"Feature","geometry":{"type":"LineString","coordinates":[[121.299826,25.058286],[121.302224,25.057744],[121.304559,25.057134],[121.30684,25.056446]]},"properties":{"@id":"way/199772822","electrified":"contact_line","frequency":"60","gauge":"1435","highspeed":"yes","layer":"-4","maxspeed":"300","name":"台灣高速鐵路","name:en":"Taiwan High Speed Rail","name:ja":"台湾高速鉄道","name:nan":"Tâi-oân-ko-sok-thih-lō͘","name:nan-Latn-pehoeji":"Tâi-oân-ko-sok-thih-lō͘","name:nan-Latn-tailo":"Tâi-uân-ko-sok-thih-lōo","name:ru":"Тайваньская высокоскоростная железная дорога","name:zh":"台灣高速鐵路","network":"台灣高鐵","network:en":"THSR","network:zh":"台灣高鐵","operator":"台灣高速鐵路股份有限公司","railway":"rail","ref":"台灣高鐵","start_date":"2007-01-05","tunnel":"yes","usage":"main","voltage":"25000","wikidata":"Q706198","wikipedia":"zh:台灣高鐵"},"id":"way/199772822"},{"type":"Feature","geometry":{"type":"LineString","coordinates":[[121.252581,25.048397],[121.253307,25.048898],[121.25397,25.049362],[121.25509,25.050095],[121.256324,25.050849],[121.257272,25.051413],[121.258343,25.052019],[121.259119,25.05243],[121.260355,25.053089],[121.261808,25.053772],[121.263081,25.054341],[121.263769,25.054657],[121.26525,25.055257],[121.266296,25.055648],[121.267159,25.055974],[121.268106,25.056297],[121.269006,25.056588],[121.27014,25.056924],[121.271118,25.057211],[121.272143,25.057474],[121.273244,25.057763],[121.274156,25.057987],[121.275059,25.058178],[121.276039,25.058385],[121.276859,25.05853],[121.277497,25.058646],[121.278444,25.058795],[121.279361,25.058927],[121.280641,25.059088],[121.281919,25.05922],[121.282575,25.059274],[121.283623,25.059357],[121.284271,25.05939],[121.284909,25.059429],[121.286634,25.059479],[121.287849,25.059487],[121.289054,25.059469],[121.290671,25.059413],[121.292263,25.059328],[121.293297,25.059241],[121.29448,25.059125],[121.295297,25.059028],[121.296103,25.058922],[121.297012,25.058786],[121.297997,25.058636],[121.298177,25.058605]]},"properties":{"@id":"way/199772823","bridge":"viaduct","electrified":"contact_line","frequency":"60","gauge":"1435","highspeed":"yes","layer":"1","maxspeed":"300","name":"台灣高速鐵路","name:en":"Taiwan High Speed Rail","name:ja":"台湾高速鉄道","name:nan":"Tâi-oân-ko-sok-thih-lō͘","name:nan-Latn-pehoeji":"Tâi-oân-ko-sok-thih-lō͘","name:nan-Latn-tailo":"Tâi-uân-ko-sok-thih-lōo","name:ru":"Тайваньская высокоскоростная железная дорога","name:zh":"台灣高速鐵路","network":"台灣高鐵","network:en":"THSR","network:zh":"台灣高鐵","operator":"台灣高速鐵路股份有限公司","railway":"rail","ref":"台灣高鐵","start_date":"2007-01-05","usage":"main","voltage":"25000","wikidata":"Q706198","wikipedia":"zh:台灣高鐵"},"id":"way/199772823"},{"type":"Feature","geometry":{"type":"LineString","coordinates":[[121.252615,25.048365],[121.251841,25.047803],[121.251123,25.047246],[121.250157,25.046482],[121.249258,25.045766],[121.248227,25.044869],[121.247193,25.043937],[121.246161,25.043009],[121.245147,25.04208],[121.241604,25.038841],[121.240872,25.03816]]},"properties":{"@id":"way/199772824","bridge":"viaduct","electrified":"contact_line","frequency":"60","gauge":"1435","highspeed":"yes","layer":"1","maxspeed":"300","name":"台灣高速鐵路","name:en":"Taiwan High Speed Rail","name:ja":"台湾高速鉄道","name:nan":"Tâi-oân-ko-sok-thih-lō͘","name:nan-Latn-pehoeji":"Tâi-oân-ko-sok-thih-lō͘","name:nan-Latn-tailo":"Tâi-uân-ko-sok-thih-lōo","name:ru":"Тайваньская высокоскоростная железная дорога","name:zh":"台灣高速鐵路","network":"台灣高鐵","network:en":"THSR","network:zh":"台灣高鐵","operator":"台灣高速鐵路股份有限公司","railway":"rail","ref":"台灣高鐵","start_date":"2007-01-05","usage":"main","voltage":"25000","wikidata":"Q706198","wikipedia":"zh:台灣高鐵"},"id":"way/199772824"},{"type":"Feature","geometry":{"type":"LineString","coordinates":[[121.240834,25.038204],[121.241574,25.038886],[121.245119,25.042105],[121.246133,25.043034],[121.247165,25.043962],[121.248199,25.044895],[121.249231,25.045793],[121.250132,25.046518],[121.251095,25.047281],[121.25182,25.047851],[121.252581,25.048397]]},"properties":{"@id":"way/199775243","bridge":"viaduct","electrified":"contact_line","frequency":"60","gauge":"1435","highspeed":"yes","layer":"1","maxspeed":"300","name":"台灣高速鐵路","name:en":"Taiwan High Speed Rail","name:ja":"台湾高速鉄道","name:nan":"Tâi-oân-ko-sok-thih-lō͘","name:nan-Latn-pehoeji":"Tâi-oân-ko-sok-thih-lō͘","name:nan-Latn-tailo":"Tâi-uân-ko-sok-thih-lōo","name:ru":"Тайваньская высокоскоростная железная дорога","name:zh":"台灣高速鐵路","network":"台灣高鐵","network:en":"THSR","network:zh":"台灣高鐵","operator":"台灣高速鐵路股份有限公司","railway":"rail","ref":"台灣高鐵","start_date":"2007-01-05","usage":"main","voltage":"25000","wikidata":"Q706198","wikipedia":"zh:台灣高鐵"},"id":"way/199775243"},{"type":"Feature","geometry":{"type":"LineString","coordinates":[[121.216891,25.015098],[121.217533,25.015735],[121.218613,25.016809]]},"properties":{"@id":"way/199775244","electrified":"contact_line","frequency":"60","gauge":"1435","highspeed":"yes","layer":"-1","maxspeed":"300","name":"台灣高速鐵路","name:en":"Taiwan High Speed Rail","name:ja":"台湾高速鉄道","name:nan":"Tâi-oân-ko-sok-thih-lō͘","name:nan-Latn-pehoeji":"Tâi-oân-ko-sok-thih-lō͘","name:nan-Latn-tailo":"Tâi-uân-ko-sok-thih-lōo","name:ru":"Тайваньская высокоскоростная железная дорога","name:zh":"台灣高速鐵路","network":"台灣高鐵","network:en":"THSR","network:zh":"台灣高鐵","operator":"台灣高速鐵路股份有限公司","railway":"rail","ref":"台灣高鐵","start_date":"2007-01-05","tunnel":"yes","usage":"main","voltage":"25000","wikidata":"Q706198","wikipedia":"zh:台灣高鐵"},"id":"way/199775244"},{"type":"Feature","geometry":{"type":"LineString","coordinates":[[121.218613,25.016809],[121.218793,25.01695]]},"properties":{"@id":"way/199775246","electrified":"contact_line","frequency":"60","gauge":"1435","highspeed":"yes","layer":"-1","maxspeed":"300","name":"台灣高速鐵路","name:en":"Taiwan High Speed Rail","name:ja":"台湾高速鉄道","name:nan":"Tâi-oân-ko-sok-thih-lō͘","name:nan-Latn-pehoeji":"Tâi-oân-ko-sok-thih-lō͘","name:nan-Latn-tailo":"Tâi-uân-ko-sok-thih-lōo","name:ru":"Тайваньская высокоскоростная железная дорога","name:zh":"台灣高速鐵路","network":"台灣高鐵","network:en":"THSR","network:zh":"台灣高鐵","operator":"台灣高速鐵路股份有限公司","railway":"rail","ref":"台灣高鐵","start_date":"2007-01-05","tunnel":"yes","usage":"main","voltage":"25000","wikidata":"Q706198","wikipedia":"zh:台灣高鐵"},"id":"way/199775246"},{"type":"Feature","geometry":{"type":"LineString","coordinates":[[121.198682,24.996959],[121.201129,24.999373]]},"properties":{"@id":"way/199775247","electrified":"contact_line","frequency":"60","gauge":"1435","highspeed":"yes","maxspeed":"300","name":"台灣高速鐵路","name:en":"Taiwan High Speed Rail","name:ja":"台湾高速鉄道","name:nan":"Tâi-oân-ko-sok-thih-lō͘","name:nan-Latn-pehoeji":"Tâi-oân-ko-sok-thih-lō͘","name:nan-Latn-tailo":"Tâi-uân-ko-sok-thih-lōo","name:ru":"Тайваньская высокоскоростная железная дорога","name:zh":"台灣高速鐵路","network":"台灣高鐵","network:en":"THSR","network:zh":"台灣高鐵","operator":"台灣高速鐵路股份有限公司","railway":"rail","ref":"台灣高鐵","start_date":"2007-01-05","usage":"main","voltage":"25000","wikidata":"Q706198","wikipedia":"zh:台灣高鐵"},"id":"way/199775247"},{"type":"Feature","geometry":{"type":"LineString","coordinates":[[121.218793,25.01695],[121.219556,25.017735]]},"properties":{"@id":"way/199775248","cutting":"yes","electrified":"contact_line","frequency":"60","gauge":"1435","highspeed":"yes","layer":"-1","maxspeed":"300","name":"台灣高速鐵路","name:en":"Taiwan High Speed Rail","name:ja":"台湾高速鉄道","name:nan":"Tâi-oân-ko-sok-thih-lō͘","name:nan-Latn-pehoeji":"Tâi-oân-ko-sok-thih-lō͘","name:nan-Latn-tailo":"Tâi-uân-ko-sok-thih-lōo","name:ru":"Тайваньская высокоскоростная железная дорога","name:zh":"台灣高速鐵路","network":"台灣高鐵","network:en":"THSR","network:zh":"台灣高鐵","operator":"台灣高速鐵路股份有限公司","railway":"rail","ref":"台灣高鐵","start_date":"2007-01-05","usage":"main","voltage":"25000","wikidata":"Q706198","wikipedia":"zh:台灣高鐵"},"id":"way/199775248"},{"type":"Feature","geometry":{"type":"LineString","coordinates":[[121.22317,25.0213],[121.223867,25.02199],[121.224636,25.02274],[121.225688,25.023796],[121.22715,25.025246],[121.227586,25.025682],[121.229983,25.028063],[121.230466,25.028533],[121.231109,25.029157],[121.231757,25.029783],[121.232249,25.030251],[121.233109,25.031074],[121.23371,25.031658],[121.234549,25.032407],[121.235204,25.03304],[121.235874,25.033665],[121.236816,25.034532],[121.237698,25.035321],[121.238187,25.035779],[121.239009,25.036518],[121.239762,25.037224],[121.240493,25.037887],[121.240834,25.038204]]},"properties":{"@id":"way/199775249","bridge":"viaduct","electrified":"contact_line","frequency":"60","gauge":"1435","highspeed":"yes","layer":"2","maxspeed":"300","name":"台灣高速鐵路","name:en":"Taiwan High Speed Rail","name:ja":"台湾高速鉄道","name:nan":"Tâi-oân-ko-sok-thih-lō͘","name:nan-Latn-pehoeji":"Tâi-oân-ko-sok-thih-lō͘","name:nan-Latn-tailo":"Tâi-uân-ko-sok-thih-lōo","name:ru":"Тайваньская высокоскоростная железная дорога","name:zh":"台灣高速鐵路","network":"台灣高鐵","network:en":"THSR","network:zh":"台灣高鐵","operator":"台灣高速鐵路股份有限公司","railway":"rail","ref":"台灣高鐵","start_date":"2007-01-05","usage":"main","voltage":"25000","wikidata":"Q706198","wikipedia":"zh:台灣高鐵"},"id":"way/199775249"},{"type":"Feature","geometry":{"type":"LineString","coordinates":[[121.212719,25.010904],[121.21233,25.01052],[121.21081,25.009022]]},"properties":{"@id":"way/199775250","electrified":"contact_line","frequency":"60","gauge":"1435","highspeed":"yes","layer":"-1","maxspeed":"300","name":"台灣高速鐵路","name:en":"Taiwan High Speed Rail","name:ja":"台湾高速鉄道","name:nan":"Tâi-oân-ko-sok-thih-lō͘","name:nan-Latn-pehoeji":"Tâi-oân-ko-sok-thih-lō͘","name:nan-Latn-tailo":"Tâi-uân-ko-sok-thih-lōo","name:ru":"Тайваньская высокоскоростная железная дорога","name:zh":"台灣高速鐵路","network":"台灣高鐵","network:en":"THSR","network:zh":"台灣高鐵","operator":"台灣高速鐵路股份有限公司","railway":"rail","ref":"台灣高鐵","start_date":"2007-01-05","tunnel":"yes","usage":"main","voltage":"25000","wikidata":"Q706198","wikipedia":"zh:台灣高鐵"},"id":"way/199775250"},{"type":"Feature","geometry":{"type":"LineString","coordinates":[[121.201129,24.999373],[121.20165,24.999913],[121.210774,25.009052]]},"properties":{"@id":"way/199775251","electrified":"contact_line","frequency":"60","gauge":"1435","highspeed":"yes","layer":"-1","maxspeed":"300","name":"台灣高速鐵路","name:en":"Taiwan High Speed Rail","name:ja":"台湾高速鉄道","name:nan":"Tâi-oân-ko-sok-thih-lō͘","name:nan-Latn-pehoeji":"Tâi-oân-ko-sok-thih-lō͘","name:nan-Latn-tailo":"Tâi-uân-ko-sok-thih-lōo","name:ru":"Тайваньская высокоскоростная железная дорога","name:zh":"台灣高速鐵路","network":"台灣高鐵","network:en":"THSR","network:zh":"台灣高鐵","operator":"台灣高速鐵路股份有限公司","railway":"rail","ref":"台灣高鐵","start_date":"2007-01-05","tunnel":"yes","usage":"main","voltage":"25000","wikidata":"Q706198","wikipedia":"zh:台灣高鐵"},"id":"way/199775251"},{"type":"Feature","geometry":{"type":"LineString","coordinates":[[121.21081,25.009022],[121.201694,24.999877],[121.201157,24.999346]]},"properties":{"@id":"way/199775252","electrified":"contact_line","frequency":"60","gauge":"1435","highspeed":"yes","layer":"-1","maxspeed":"300","name":"台灣高速鐵路","name:en":"Taiwan High Speed Rail","name:ja":"台湾高速鉄道","name:nan":"Tâi-oân-ko-sok-thih-lō͘","name:nan-Latn-pehoeji":"Tâi-oân-ko-sok-thih-lō͘","name:nan-Latn-tailo":"Tâi-uân-ko-sok-thih-lōo","name:ru":"Тайваньская высокоскоростная железная дорога","name:zh":"台灣高速鐵路","network":"台灣高鐵","network:en":"THSR","network:zh":"台灣高鐵","operator":"台灣高速鐵路股份有限公司","railway":"rail","ref":"台灣高鐵","start_date":"2007-01-05","tunnel":"yes","usage":"main","voltage":"25000","wikidata":"Q706198","wikipedia":"zh:台灣高鐵"},"id":"way/199775252"},{"type":"Feature","geometry":{"type":"LineString","coordinates":[[121.210774,25.009052],[121.211939,25.010201],[121.21269,25.010941]]},"properties":{"@id":"way/199775253","electrified":"contact_line","frequency":"60","gauge":"1435","highspeed":"yes","layer":"-1","maxspeed":"300","name":"台灣高速鐵路","name:en":"Taiwan High Speed Rail","name:ja":"台湾高速鉄道","name:nan":"Tâi-oân-ko-sok-thih-lō͘","name:nan-Latn-pehoeji":"Tâi-oân-ko-sok-thih-lō͘","name:nan-Latn-tailo":"Tâi-uân-ko-sok-thih-lōo","name:ru":"Тайваньская высокоскоростная железная дорога","name:zh":"台灣高速鐵路","network":"台灣高鐵","network:en":"THSR","network:zh":"台灣高鐵","operator":"台灣高速鐵路股份有限公司","railway":"rail","ref":"台灣高鐵","start_date":"2007-01-05","tunnel":"yes","usage":"main","voltage":"25000","wikidata":"Q706198","wikipedia":"zh:台灣高鐵"},"id":"way/199775253"},{"type":"Feature","geometry":{"type":"LineString","coordinates":[[121.220367,25.018542],[121.221461,25.019593],[121.222137,25.020286],[121.22317,25.0213]]},"properties":{"@id":"way/199775254","bridge":"viaduct","electrified":"contact_line","frequency":"60","gauge":"1435","highspeed":"yes","layer":"2","maxspeed":"300","name":"台灣高速鐵路","name:en":"Taiwan High Speed Rail","name:ja":"台湾高速鉄道","name:nan":"Tâi-oân-ko-sok-thih-lō͘","name:nan-Latn-pehoeji":"Tâi-oân-ko-sok-thih-lō͘","name:nan-Latn-tailo":"Tâi-uân-ko-sok-thih-lōo","name:ru":"Тайваньская высокоскоростная железная дорога","name:zh":"台灣高速鐵路","network":"台灣高鐵","network:en":"THSR","network:zh":"台灣高鐵","operator":"台灣高速鐵路股份有限公司","railway":"rail","ref":"台灣高鐵","start_date":"2007-01-05","usage":"main","voltage":"25000","wikidata":"Q706198","wikipedia":"zh:台灣高鐵"},"id":"way/199775254"},{"type":"Feature","geometry":{"type":"LineString","coordinates":[[121.223198,25.02128],[121.222167,25.020262],[121.221486,25.019572],[121.220397,25.018517]]},"properties":{"@id":"way/199775255","bridge":"viaduct","electrified":"contact_line","frequency":"60","gauge":"1435","highspeed":"yes","layer":"2","maxspeed":"300","name":"台灣高速鐵路","name:en":"Taiwan High Speed Rail","name:ja":"台湾高速鉄道","name:nan":"Tâi-oân-ko-sok-thih-lō͘","name:nan-Latn-pehoeji":"Tâi-oân-ko-sok-thih-lō͘","name:nan-Latn-tailo":"Tâi-uân-ko-sok-thih-lōo","name:ru":"Тайваньская высокоскоростная железная дорога","name:zh":"台灣高速鐵路","network":"台灣高鐵","network:en":"THSR","network:zh":"台灣高鐵","operator":"台灣高速鐵路股份有限公司","railway":"rail","ref":"台灣高鐵","start_date":"2007-01-05","usage":"main","voltage":"25000","wikidata":"Q706198","wikipedia":"zh:台灣高鐵"},"id":"way/199775255"},{"type":"Feature","geometry":{"type":"LineString","coordinates":[[121.185395,24.983583],[121.18319,24.981283],[121.177895,24.975711],[121.172499,24.970176],[121.17125,24.96893],[121.169902,24.967681],[121.167587,24.965702],[121.165762,24.964289],[121.16379,24.962789],[121.161614,24.96138],[121.159779,24.960254],[121.158363,24.95946],[121.156347,24.958381],[121.154258,24.957428],[121.152891,24.956755],[121.150343,24.955638],[121.145305,24.95343],[121.142438,24.95217],[121.139505,24.95089],[121.13664,24.94965],[121.133757,24.948392],[121.122841,24.943618],[121.121974,24.943235],[121.120953,24.94279],[121.118884,24.941853],[121.116943,24.940901],[121.114979,24.93988],[121.112961,24.938693],[121.110912,24.93744],[121.10976,24.936634],[121.108779,24.93596],[121.10707,24.934647],[121.106299,24.934036],[121.105304,24.933206],[121.103359,24.931519],[121.101299,24.929514],[121.09935,24.927429],[121.097586,24.925401],[121.095946,24.923248],[121.094894,24.921805],[121.094018,24.92047],[121.092527,24.918105],[121.089204,24.912436],[121.085942,24.906879],[121.082441,24.901502],[121.078876,24.896175],[121.077892,24.894657],[121.075386,24.890892],[121.072269,24.886188],[121.070776,24.883935],[121.070272,24.883112],[121.069317,24.881635],[121.06634,24.877058],[121.065773,24.87619]]},"properties":{"@id":"way/199775256","bridge":"viaduct","electrified":"contact_line","frequency":"60","gauge":"1435","highspeed":"yes","layer":"3","maxspeed":"300","name":"台灣高速鐵路","name:en":"Taiwan High Speed Rail","name:ja":"台湾高速鉄道","name:nan":"Tâi-oân-ko-sok-thih-lō͘","name:nan-Latn-pehoeji":"Tâi-oân-ko-sok-thih-lō͘","name:nan-Latn-tailo":"Tâi-uân-ko-sok-thih-lōo","name:ru":"Тайваньская высокоскоростная железная дорога","name:zh":"台灣高速鐵路","network":"台灣高鐵","network:en":"THSR","network:zh":"台灣高鐵","operator":"台灣高速鐵路股份有限公司","railway":"rail","ref":"台灣高鐵","start_date":"2007-01-05","usage":"main","voltage":"25000","wikidata":"Q706198","wikipedia":"zh:台灣高鐵"},"id":"way/199775256"},{"type":"Feature","geometry":{"type":"LineString","coordinates":[[121.185358,24.983613],[121.186478,24.984747],[121.187042,24.985313],[121.187597,24.985883],[121.192279,24.990586],[121.198682,24.996959]]},"properties":{"@id":"way/199775257","bridge":"viaduct","electrified":"contact_line","frequency":"60","gauge":"1435","highspeed":"yes","layer":"1","maxspeed":"300","name":"台灣高速鐵路","name:en":"Taiwan High Speed Rail","name:ja":"台湾高速鉄道","name:nan":"Tâi-oân-ko-sok-thih-lō͘","name:nan-Latn-pehoeji":"Tâi-oân-ko-sok-thih-lō͘","name:nan-Latn-tailo":"Tâi-uân-ko-sok-thih-lōo","name:ru":"Тайваньская высокоскоростная железная дорога","name:zh":"台灣高速鐵路","network":"台灣高鐵","network:en":"THSR","network:zh":"台灣高鐵","operator":"台灣高速鐵路股份有限公司","railway":"rail","ref":"台灣高鐵","start_date":"2007-01-05","usage":"main","voltage":"25000","wikidata":"Q706198","wikipedia":"zh:台灣高鐵"},"id":"way/199775257"},{"type":"Feature","geometry":{"type":"LineString","coordinates":[[121.065716,24.876221],[121.066293,24.877083],[121.06927,24.88166],[121.070735,24.883944],[121.072222,24.886213],[121.075339,24.890918],[121.077845,24.894683],[121.078829,24.896201],[121.082394,24.901527],[121.085894,24.906903],[121.089156,24.912459],[121.092479,24.918129],[121.093971,24.920495],[121.094848,24.921832],[121.095901,24.923276],[121.097542,24.925431],[121.099308,24.92746],[121.101258,24.929547],[121.10332,24.931553],[121.105267,24.933242],[121.106263,24.934073],[121.107034,24.934684],[121.108745,24.935999],[121.109727,24.936673],[121.11088,24.93748],[121.112931,24.938734],[121.114951,24.939922],[121.116917,24.940944],[121.11886,24.941897],[121.120929,24.942835],[121.121951,24.94328],[121.122818,24.943663],[121.133734,24.948436],[121.136616,24.949694],[121.139481,24.950934],[121.142414,24.952214],[121.145281,24.953474],[121.1503,24.955674],[121.152866,24.956799],[121.154233,24.957467],[121.156325,24.958423],[121.158348,24.959501],[121.15975,24.960296],[121.161583,24.96142],[121.163756,24.962827],[121.165723,24.964326],[121.167559,24.965729],[121.169863,24.96771],[121.171212,24.968964],[121.172459,24.970205],[121.177856,24.975745],[121.183151,24.981317],[121.185358,24.983613]]},"properties":{"@id":"way/199775633","bridge":"viaduct","electrified":"contact_line","frequency":"60","gauge":"1435","highspeed":"yes","layer":"3","maxspeed":"300","name":"台灣高速鐵路","name:en":"Taiwan High Speed Rail","name:ja":"台湾高速鉄道","name:nan":"Tâi-oân-ko-sok-thih-lō͘","name:nan-Latn-pehoeji":"Tâi-oân-ko-sok-thih-lō͘","name:nan-Latn-tailo":"Tâi-uân-ko-sok-thih-lōo","name:ru":"Тайваньская высокоскоростная железная дорога","name:zh":"台灣高速鐵路","network":"台灣高鐵","network:en":"THSR","network:zh":"台灣高鐵","operator":"台灣高速鐵路股份有限公司","railway":"rail","ref":"台灣高鐵","start_date":"2007-01-05","usage":"main","voltage":"25000","wikidata":"Q706198","wikipedia":"zh:台灣高鐵"},"id":"way/199775633"},{"type":"Feature","geometry":{"type":"LineString","coordinates":[[121.048541,24.840916],[121.050134,24.846972],[121.051153,24.850345],[121.054122,24.857734],[121.054579,24.858603],[121.055187,24.859759],[121.055743,24.860816],[121.05599,24.861286],[121.057029,24.86303],[121.058081,24.864797],[121.060415,24.868275],[121.061858,24.870439],[121.065579,24.876017]]},"properties":{"@id":"way/199775635","electrified":"contact_line","frequency":"60","gauge":"1435","highspeed":"yes","maxspeed":"300","name":"台灣高速鐵路","name:en":"Taiwan High Speed Rail","name:ja":"台湾高速鉄道","name:nan":"Tâi-oân-ko-sok-thih-lō͘","name:nan-Latn-pehoeji":"Tâi-oân-ko-sok-thih-lō͘","name:nan-Latn-tailo":"Tâi-uân-ko-sok-thih-lōo","name:ru":"Тайваньская высокоскоростная железная дорога","name:zh":"台灣高速鐵路","network":"台灣高鐵","network:en":"THSR","network:zh":"台灣高鐵","operator":"台灣高速鐵路股份有限公司","railway":"rail","ref":"台灣高鐵","start_date":"2007-01-05","tunnel":"yes","usage":"main","voltage":"25000","wikidata":"Q706198","wikipedia":"zh:台灣高鐵"},"id":"way/199775635"},{"type":"Feature","geometry":{"type":"LineString","coordinates":[[121.03586,24.791016],[121.036022,24.791855]]},"properties":{"@id":"way/199777697","bridge":"viaduct","electrified":"contact_line","frequency":"60","gauge":"1435","highspeed":"yes","layer":"2","name":"台灣高速鐵路","name:en":"Taiwan High Speed Rail","name:ja":"台湾高速鉄道","name:nan":"Tâi-oân-ko-sok-thih-lō͘","name:nan-Latn-pehoeji":"Tâi-oân-ko-sok-thih-lō͘","name:nan-Latn-tailo":"Tâi-uân-ko-sok-thih-lōo","name:ru":"Тайваньская высокоскоростная железная дорога","name:zh":"台灣高速鐵路","network":"台灣高鐵","network:en":"THSR","network:zh":"台灣高鐵","operator":"台灣高速鐵路股份有限公司","railway":"rail","ref":"台灣高鐵","start_date":"2007-01-05","usage":"main","voltage":"25000","wikidata":"Q706198","wikipedia":"zh:台灣高鐵"},"id":"way/199777697"},{"type":"Feature","geometry":{"type":"LineString","coordinates":[[121.04382,24.822716],[121.044136,24.823834]]},"properties":{"@id":"way/199777698","electrified":"contact_line","frequency":"60","gauge":"1435","highspeed":"yes","layer":"-1","maxspeed":"300","name":"台灣高速鐵路","name:en":"Taiwan High Speed Rail","name:ja":"台湾高速鉄道","name:nan":"Tâi-oân-ko-sok-thih-lō͘","name:nan-Latn-pehoeji":"Tâi-oân-ko-sok-thih-lō͘","name:nan-Latn-tailo":"Tâi-uân-ko-sok-thih-lōo","name:ru":"Тайваньская высокоскоростная железная дорога","name:zh":"台灣高速鐵路","network":"台灣高鐵","network:en":"THSR","network:zh":"台灣高鐵","operator":"台灣高速鐵路股份有限公司","railway":"rail","ref":"台灣高鐵","start_date":"2007-01-05","tunnel":"yes","usage":"main","voltage":"25000","wikidata":"Q706198","wikipedia":"zh:台灣高鐵"},"id":"way/199777698"},{"type":"Feature","geometry":{"type":"LineString","coordinates":[[121.044726,24.826142],[121.048541,24.840916]]},"properties":{"@id":"way/199777699","bridge":"yes","electrified":"contact_line","frequency":"60","gauge":"1435","highspeed":"yes","layer":"4","maxspeed":"300","name":"台灣高速鐵路","name:en":"Taiwan High Speed Rail","name:ja":"台湾高速鉄道","name:nan":"Tâi-oân-ko-sok-thih-lō͘","name:nan-Latn-pehoeji":"Tâi-oân-ko-sok-thih-lō͘","name:nan-Latn-tailo":"Tâi-uân-ko-sok-thih-lōo","name:ru":"Тайваньская высокоскоростная железная дорога","name:zh":"台灣高速鐵路","network":"台灣高鐵","network:en":"THSR","network:zh":"台灣高鐵","operator":"台灣高速鐵路股份有限公司","railway":"rail","ref":"台灣高鐵","start_date":"2007-01-05","usage":"main","voltage":"25000","wikidata":"Q706198","wikipedia":"zh:台灣高鐵"},"id":"way/199777699"},{"type":"Feature","geometry":{"type":"LineString","coordinates":[[121.043363,24.820626],[121.04382,24.822716]]},"properties":{"@id":"way/199777700","electrified":"contact_line","frequency":"60","gauge":"1435","highspeed":"yes","layer":"-1","maxspeed":"300","name":"台灣高速鐵路","name:en":"Taiwan High Speed Rail","name:ja":"台湾高速鉄道","name:nan":"Tâi-oân-ko-sok-thih-lō͘","name:nan-Latn-pehoeji":"Tâi-oân-ko-sok-thih-lō͘","name:nan-Latn-tailo":"Tâi-uân-ko-sok-thih-lōo","name:ru":"Тайваньская высокоскоростная железная дорога","name:zh":"台灣高速鐵路","network":"台灣高鐵","network:en":"THSR","network:zh":"台灣高鐵","operator":"台灣高速鐵路股份有限公司","railway":"rail","ref":"台灣高鐵","start_date":"2007-01-05","tunnel":"yes","usage":"main","voltage":"25000","wikidata":"Q706198","wikipedia":"zh:台灣高鐵"},"id":"way/199777700"},{"type":"Feature","geometry":{"type":"LineString","coordinates":[[121.032524,24.773631],[121.033212,24.776364],[121.0335,24.777851],[121.03482,24.785461],[121.03586,24.791016]]},"properties":{"@id":"way/199777701","bridge":"viaduct","electrified":"contact_line","frequency":"60","gauge":"1435","highspeed":"yes","maxspeed":"300","name":"台灣高速鐵路","name:en":"Taiwan High Speed Rail","name:ja":"台湾高速鉄道","name:nan":"Tâi-oân-ko-sok-thih-lō͘","name:nan-Latn-pehoeji":"Tâi-oân-ko-sok-thih-lō͘","name:nan-Latn-tailo":"Tâi-uân-ko-sok-thih-lōo","name:ru":"Тайваньская высокоскоростная железная дорога","name:zh":"台灣高速鐵路","network":"台灣高鐵","network:en":"THSR","network:zh":"台灣高鐵","operator":"台灣高速鐵路股份有限公司","railway":"rail","ref":"台灣高鐵","start_date":"2007-01-05","usage":"main","voltage":"25000","wikidata":"Q706198","wikipedia":"zh:台灣高鐵"},"id":"way/199777701"},{"type":"Feature","geometry":{"type":"LineString","coordinates":[[121.022186,24.753562],[121.024616,24.756821],[121.025814,24.75862],[121.026746,24.760049]]},"properties":{"@id":"way/199778748","electrified":"contact_line","frequency":"60","gauge":"1435","highspeed":"yes","layer":"-1","maxspeed":"300","name":"台灣高速鐵路","name:en":"Taiwan High Speed Rail","name:ja":"台湾高速鉄道","name:nan":"Tâi-oân-ko-sok-thih-lō͘","name:nan-Latn-pehoeji":"Tâi-oân-ko-sok-thih-lō͘","name:nan-Latn-tailo":"Tâi-uân-ko-sok-thih-lōo","name:ru":"Тайваньская высокоскоростная железная дорога","name:zh":"台灣高速鐵路","network":"台灣高鐵","network:en":"THSR","network:zh":"台灣高鐵","operator":"台灣高速鐵路股份有限公司","railway":"rail","ref":"台灣高鐵","start_date":"2007-01-05","tunnel":"yes","usage":"main","voltage":"25000","wikidata":"Q706198","wikipedia":"zh:台灣高鐵"},"id":"way/199778748"},{"type":"Feature","geometry":{"type":"LineString","coordinates":[[120.989006,24.730228],[120.993946,24.733036]]},"properties":{"@id":"way/199778749","electrified":"contact_line","frequency":"60","gauge":"1435","highspeed":"yes","maxspeed":"300","name":"台灣高速鐵路","name:en":"Taiwan High Speed Rail","name:ja":"台湾高速鉄道","name:nan":"Tâi-oân-ko-sok-thih-lō͘","name:nan-Latn-pehoeji":"Tâi-oân-ko-sok-thih-lō͘","name:nan-Latn-tailo":"Tâi-uân-ko-sok-thih-lōo","name:ru":"Тайваньская высокоскоростная железная дорога","name:zh":"台灣高速鐵路","network":"台灣高鐵","network:en":"THSR","network:zh":"台灣高鐵","operator":"台灣高速鐵路股份有限公司","railway":"rail","ref":"台灣高鐵","start_date":"2007-01-05","usage":"main","voltage":"25000","wikidata":"Q706198","wikipedia":"zh:台灣高鐵"},"id":"way/199778749"},{"type":"Feature","geometry":{"type":"LineString","coordinates":[[121.002489,24.737749],[121.001342,24.737154]]},"properties":{"@id":"way/199778750","electrified":"contact_line","frequency":"60","gauge":"1435","highspeed":"yes","maxspeed":"300","name":"台灣高速鐵路","name:en":"Taiwan High Speed Rail","name:ja":"台湾高速鉄道","name:nan":"Tâi-oân-ko-sok-thih-lō͘","name:nan-Latn-pehoeji":"Tâi-oân-ko-sok-thih-lō͘","name:nan-Latn-tailo":"Tâi-uân-ko-sok-thih-lōo","name:ru":"Тайваньская высокоскоростная железная дорога","name:zh":"台灣高速鐵路","network":"台灣高鐵","network:en":"THSR","network:zh":"台灣高鐵","operator":"台灣高速鐵路股份有限公司","railway":"rail","ref":"台灣高鐵","start_date":"2007-01-05","tunnel":"yes","usage":"main","voltage":"25000","wikidata":"Q706198","wikipedia":"zh:台灣高鐵"},"id":"way/199778750"},{"type":"Feature","geometry":{"type":"LineString","coordinates":[[120.976699,24.72325],[120.978088,24.724053]]},"properties":{"@id":"way/199778751","electrified":"contact_line","frequency":"60","gauge":"1435","highspeed":"yes","maxspeed":"300","name":"台灣高速鐵路","name:en":"Taiwan High Speed Rail","name:ja":"台湾高速鉄道","name:nan":"Tâi-oân-ko-sok-thih-lō͘","name:nan-Latn-pehoeji":"Tâi-oân-ko-sok-thih-lō͘","name:nan-Latn-tailo":"Tâi-uân-ko-sok-thih-lōo","name:ru":"Тайваньская высокоскоростная железная дорога","name:zh":"台灣高速鐵路","network":"台灣高鐵","network:en":"THSR","network:zh":"台灣高鐵","operator":"台灣高速鐵路股份有限公司","railway":"rail","ref":"台灣高鐵","start_date":"2007-01-05","usage":"main","voltage":"25000","wikidata":"Q706198","wikipedia":"zh:台灣高鐵"},"id":"way/199778751"},{"type":"Feature","geometry":{"type":"LineString","coordinates":[[121.0038,24.738567],[121.007534,24.740761]]},"properties":{"@id":"way/199778752","electrified":"contact_line","frequency":"60","gauge":"1435","highspeed":"yes","maxspeed":"300","name":"台灣高速鐵路","name:en":"Taiwan High Speed Rail","name:ja":"台湾高速鉄道","name:nan":"Tâi-oân-ko-sok-thih-lō͘","name:nan-Latn-pehoeji":"Tâi-oân-ko-sok-thih-lō͘","name:nan-Latn-tailo":"Tâi-uân-ko-sok-thih-lōo","name:ru":"Тайваньская высокоскоростная железная дорога","name:zh":"台灣高速鐵路","network":"台灣高鐵","network:en":"THSR","network:zh":"台灣高鐵","operator":"台灣高速鐵路股份有限公司","railway":"rail","ref":"台灣高鐵","start_date":"2007-01-05","tunnel":"yes","usage":"main","voltage":"25000","wikidata":"Q706198","wikipedia":"zh:台灣高鐵"},"id":"way/199778752"},{"type":"Feature","geometry":{"type":"LineString","coordinates":[[121.00245,24.737812],[121.0038,24.738567]]},"properties":{"@id":"way/199778753","electrified":"contact_line","frequency":"60","gauge":"1435","highspeed":"yes","maxspeed":"300","name":"台灣高速鐵路","name:en":"Taiwan High Speed Rail","name:ja":"台湾高速鉄道","name:nan":"Tâi-oân-ko-sok-thih-lō͘","name:nan-Latn-pehoeji":"Tâi-oân-ko-sok-thih-lō͘","name:nan-Latn-tailo":"Tâi-uân-ko-sok-thih-lōo","name:ru":"Тайваньская высокоскоростная железная дорога","name:zh":"台灣高速鐵路","network":"台灣高鐵","network:en":"THSR","network:zh":"台灣高鐵","operator":"台灣高速鐵路股份有限公司","railway":"rail","ref":"台灣高鐵","start_date":"2007-01-05","usage":"main","voltage":"25000","wikidata":"Q706198","wikipedia":"zh:台灣高鐵"},"id":"way/199778753"},{"type":"Feature","geometry":{"type":"LineString","coordinates":[[120.980689,24.725508],[120.985976,24.728499]]},"properties":{"@id":"way/199778754","electrified":"contact_line","frequency":"60","gauge":"1435","highspeed":"yes","maxspeed":"300","name":"台灣高速鐵路","name:en":"Taiwan High Speed Rail","name:ja":"台湾高速鉄道","name:nan":"Tâi-oân-ko-sok-thih-lō͘","name:nan-Latn-pehoeji":"Tâi-oân-ko-sok-thih-lō͘","name:nan-Latn-tailo":"Tâi-uân-ko-sok-thih-lōo","name:ru":"Тайваньская высокоскоростная железная дорога","name:zh":"台灣高速鐵路","network":"台灣高鐵","network:en":"THSR","network:zh":"台灣高鐵","operator":"台灣高速鐵路股份有限公司","railway":"rail","ref":"台灣高鐵","start_date":"2007-01-05","usage":"main","voltage":"25000","wikidata":"Q706198","wikipedia":"zh:台灣高鐵"},"id":"way/199778754"},{"type":"Feature","geometry":{"type":"LineString","coordinates":[[120.993946,24.733036],[120.995053,24.733648]]},"properties":{"@id":"way/199778755","electrified":"contact_line","frequency":"60","gauge":"1435","highspeed":"yes","layer":"-1","maxspeed":"300","name":"台灣高速鐵路","name:en":"Taiwan High Speed Rail","name:ja":"台湾高速鉄道","name:nan":"Tâi-oân-ko-sok-thih-lō͘","name:nan-Latn-pehoeji":"Tâi-oân-ko-sok-thih-lō͘","name:nan-Latn-tailo":"Tâi-uân-ko-sok-thih-lōo","name:ru":"Тайваньская высокоскоростная железная дорога","name:zh":"台灣高速鐵路","network":"台灣高鐵","network:en":"THSR","network:zh":"台灣高鐵","operator":"台灣高速鐵路股份有限公司","railway":"rail","ref":"台灣高鐵","start_date":"2007-01-05","tunnel":"yes","usage":"main","voltage":"25000","wikidata":"Q706198","wikipedia":"zh:台灣高鐵"},"id":"way/199778755"},{"type":"Feature","geometry":{"type":"LineString","coordinates":[[120.974926,24.722246],[120.976699,24.72325]]},"properties":{"@id":"way/199778756","electrified":"contact_line","frequency":"60","gauge":"1435","highspeed":"yes","maxspeed":"300","name":"台灣高速鐵路","name:en":"Taiwan High Speed Rail","name:ja":"台湾高速鉄道","name:nan":"Tâi-oân-ko-sok-thih-lō͘","name:nan-Latn-pehoeji":"Tâi-oân-ko-sok-thih-lō͘","name:nan-Latn-tailo":"Tâi-uân-ko-sok-thih-lōo","name:ru":"Тайваньская высокоскоростная железная дорога","name:zh":"台灣高速鐵路","network":"台灣高鐵","network:en":"THSR","network:zh":"台灣高鐵","operator":"台灣高速鐵路股份有限公司","railway":"rail","ref":"台灣高鐵","start_date":"2007-01-05","tunnel":"yes","usage":"main","voltage":"25000","wikidata":"Q706198","wikipedia":"zh:台灣高鐵"},"id":"way/199778756"},{"type":"Feature","geometry":{"type":"LineString","coordinates":[[121.001303,24.737217],[121.00245,24.737812]]},"properties":{"@id":"way/199778757","electrified":"contact_line","frequency":"60","gauge":"1435","highspeed":"yes","maxspeed":"300","name":"台灣高速鐵路","name:en":"Taiwan High Speed Rail","name:ja":"台湾高速鉄道","name:nan":"Tâi-oân-ko-sok-thih-lō͘","name:nan-Latn-pehoeji":"Tâi-oân-ko-sok-thih-lō͘","name:nan-Latn-tailo":"Tâi-uân-ko-sok-thih-lōo","name:ru":"Тайваньская высокоскоростная железная дорога","name:zh":"台灣高速鐵路","network":"台灣高鐵","network:en":"THSR","network:zh":"台灣高鐵","operator":"台灣高速鐵路股份有限公司","railway":"rail","ref":"台灣高鐵","start_date":"2007-01-05","tunnel":"yes","usage":"main","voltage":"25000","wikidata":"Q706198","wikipedia":"zh:台灣高鐵"},"id":"way/199778757"},{"type":"Feature","geometry":{"type":"LineString","coordinates":[[121.001342,24.737154],[121.001152,24.737046]]},"properties":{"@id":"way/199778758","electrified":"contact_line","frequency":"60","gauge":"1435","highspeed":"yes","maxspeed":"300","name":"台灣高速鐵路","name:en":"Taiwan High Speed Rail","name:ja":"台湾高速鉄道","name:nan":"Tâi-oân-ko-sok-thih-lō͘","name:nan-Latn-pehoeji":"Tâi-oân-ko-sok-thih-lō͘","name:nan-Latn-tailo":"Tâi-uân-ko-sok-thih-lōo","name:ru":"Тайваньская высокоскоростная железная дорога","name:zh":"台灣高速鐵路","network":"台灣高鐵","network:en":"THSR","network:zh":"台灣高鐵","operator":"台灣高速鐵路股份有限公司","railway":"rail","ref":"台灣高鐵","start_date":"2007-01-05","usage":"main","voltage":"25000","wikidata":"Q706198","wikipedia":"zh:台灣高鐵"},"id":"way/199778758"},{"type":"Feature","geometry":{"type":"LineString","coordinates":[[120.970137,24.719583],[120.97203,24.720636]]},"properties":{"@id":"way/199778759","electrified":"contact_line","frequency":"60","gauge":"1435","highspeed":"yes","maxspeed":"300","name":"台灣高速鐵路","name:en":"Taiwan High Speed Rail","name:ja":"台湾高速鉄道","name:nan":"Tâi-oân-ko-sok-thih-lō͘","name:nan-Latn-pehoeji":"Tâi-oân-ko-sok-thih-lō͘","name:nan-Latn-tailo":"Tâi-uân-ko-sok-thih-lōo","name:ru":"Тайваньская высокоскоростная железная дорога","name:zh":"台灣高速鐵路","network":"台灣高鐵","network:en":"THSR","network:zh":"台灣高鐵","operator":"台灣高速鐵路股份有限公司","railway":"rail","ref":"台灣高鐵","start_date":"2007-01-05","tunnel":"yes","usage":"main","voltage":"25000","wikidata":"Q706198","wikipedia":"zh:台灣高鐵"},"id":"way/199778759"},{"type":"Feature","geometry":{"type":"LineString","coordinates":[[120.960635,24.714041],[120.962838,24.715374]]},"properties":{"@id":"way/199778760","electrified":"contact_line","frequency":"60","gauge":"1435","highspeed":"yes","maxspeed":"300","name":"台灣高速鐵路","name:en":"Taiwan High Speed Rail","name:ja":"台湾高速鉄道","name:nan":"Tâi-oân-ko-sok-thih-lō͘","name:nan-Latn-pehoeji":"Tâi-oân-ko-sok-thih-lō͘","name:nan-Latn-tailo":"Tâi-uân-ko-sok-thih-lōo","name:ru":"Тайваньская высокоскоростная железная дорога","name:zh":"台灣高速鐵路","network":"台灣高鐵","network:en":"THSR","network:zh":"台灣高鐵","operator":"台灣高速鐵路股份有限公司","railway":"rail","ref":"台灣高鐵","start_date":"2007-01-05","tunnel":"yes","usage":"main","voltage":"25000","wikidata":"Q706198","wikipedia":"zh:台灣高鐵"},"id":"way/199778760"},{"type":"Feature","geometry":{"type":"LineString","coordinates":[[120.969188,24.719006],[120.970137,24.719583]]},"properties":{"@id":"way/199778761","electrified":"contact_line","frequency":"60","gauge":"1435","highspeed":"yes","maxspeed":"300","name":"台灣高速鐵路","name:en":"Taiwan High Speed Rail","name:ja":"台湾高速鉄道","name:nan":"Tâi-oân-ko-sok-thih-lō͘","name:nan-Latn-pehoeji":"Tâi-oân-ko-sok-thih-lō͘","name:nan-Latn-tailo":"Tâi-uân-ko-sok-thih-lōo","name:ru":"Тайваньская высокоскоростная железная дорога","name:zh":"台灣高速鐵路","network":"台灣高鐵","network:en":"THSR","network:zh":"台灣高鐵","operator":"台灣高速鐵路股份有限公司","railway":"rail","ref":"台灣高鐵","start_date":"2007-01-05","usage":"main","voltage":"25000","wikidata":"Q706198","wikipedia":"zh:台灣高鐵"},"id":"way/199778761"},{"type":"Feature","geometry":{"type":"LineString","coordinates":[[121.00383,24.738525],[121.002489,24.737749]]},"properties":{"@id":"way/199778762","electrified":"contact_line","frequency":"60","gauge":"1435","highspeed":"yes","maxspeed":"300","name":"台灣高速鐵路","name:en":"Taiwan High Speed Rail","name:ja":"台湾高速鉄道","name:nan":"Tâi-oân-ko-sok-thih-lō͘","name:nan-Latn-pehoeji":"Tâi-oân-ko-sok-thih-lō͘","name:nan-Latn-tailo":"Tâi-uân-ko-sok-thih-lōo","name:ru":"Тайваньская высокоскоростная железная дорога","name:zh":"台灣高速鐵路","network":"台灣高鐵","network:en":"THSR","network:zh":"台灣高鐵","operator":"台灣高速鐵路股份有限公司","railway":"rail","ref":"台灣高鐵","start_date":"2007-01-05","usage":"main","voltage":"25000","wikidata":"Q706198","wikipedia":"zh:台灣高鐵"},"id":"way/199778762"},{"type":"Feature","geometry":{"type":"LineString","coordinates":[[120.965192,24.71673],[120.966853,24.717692]]},"properties":{"@id":"way/199778763","electrified":"contact_line","frequency":"60","gauge":"1435","highspeed":"yes","maxspeed":"300","name":"台灣高速鐵路","name:en":"Taiwan High Speed Rail","name:ja":"台湾高速鉄道","name:nan":"Tâi-oân-ko-sok-thih-lō͘","name:nan-Latn-pehoeji":"Tâi-oân-ko-sok-thih-lō͘","name:nan-Latn-tailo":"Tâi-uân-ko-sok-thih-lōo","name:ru":"Тайваньская высокоскоростная железная дорога","name:zh":"台灣高速鐵路","network":"台灣高鐵","network:en":"THSR","network:zh":"台灣高鐵","operator":"台灣高速鐵路股份有限公司","railway":"rail","ref":"台灣高鐵","start_date":"2007-01-05","tunnel":"yes","usage":"main","voltage":"25000","wikidata":"Q706198","wikipedia":"zh:台灣高鐵"},"id":"way/199778763"},{"type":"Feature","geometry":{"type":"LineString","coordinates":[[121.007563,24.740719],[121.00383,24.738525]]},"properties":{"@id":"way/199778764","electrified":"contact_line","frequency":"60","gauge":"1435","highspeed":"yes","maxspeed":"300","name":"台灣高速鐵路","name:en":"Taiwan High Speed Rail","name:ja":"台湾高速鉄道","name:nan":"Tâi-oân-ko-sok-thih-lō͘","name:nan-Latn-pehoeji":"Tâi-oân-ko-sok-thih-lō͘","name:nan-Latn-tailo":"Tâi-uân-ko-sok-thih-lōo","name:ru":"Тайваньская высокоскоростная железная дорога","name:zh":"台灣高速鐵路","network":"台灣高鐵","network:en":"THSR","network:zh":"台灣高鐵","operator":"台灣高速鐵路股份有限公司","railway":"rail","ref":"台灣高鐵","start_date":"2007-01-05","tunnel":"yes","usage":"main","voltage":"25000","wikidata":"Q706198","wikipedia":"zh:台灣高鐵"},"id":"way/199778764"},{"type":"Feature","geometry":{"type":"LineString","coordinates":[[121.00111,24.737106],[121.001303,24.737217]]},"properties":{"@id":"way/199778765","electrified":"contact_line","frequency":"60","gauge":"1435","highspeed":"yes","maxspeed":"300","name":"台灣高速鐵路","name:en":"Taiwan High Speed Rail","name:ja":"台湾高速鉄道","name:nan":"Tâi-oân-ko-sok-thih-lō͘","name:nan-Latn-pehoeji":"Tâi-oân-ko-sok-thih-lō͘","name:nan-Latn-tailo":"Tâi-uân-ko-sok-thih-lōo","name:ru":"Тайваньская высокоскоростная железная дорога","name:zh":"台灣高速鐵路","network":"台灣高鐵","network:en":"THSR","network:zh":"台灣高鐵","operator":"台灣高速鐵路股份有限公司","railway":"rail","ref":"台灣高鐵","start_date":"2007-01-05","usage":"main","voltage":"25000","wikidata":"Q706198","wikipedia":"zh:台灣高鐵"},"id":"way/199778765"},{"type":"Feature","geometry":{"type":"LineString","coordinates":[[121.011505,24.74345],[121.012151,24.743947],[121.01231,24.74407]]},"properties":{"@id":"way/199778766","electrified":"contact_line","frequency":"60","gauge":"1435","highspeed":"yes","layer":"-1","maxspeed":"300","name":"台灣高速鐵路","name:en":"Taiwan High Speed Rail","name:ja":"台湾高速鉄道","name:nan":"Tâi-oân-ko-sok-thih-lō͘","name:nan-Latn-pehoeji":"Tâi-oân-ko-sok-thih-lō͘","name:nan-Latn-tailo":"Tâi-uân-ko-sok-thih-lōo","name:ru":"Тайваньская высокоскоростная железная дорога","name:zh":"台灣高速鐵路","network":"台灣高鐵","network:en":"THSR","network:zh":"台灣高鐵","operator":"台灣高速鐵路股份有限公司","railway":"rail","ref":"台灣高鐵","start_date":"2007-01-05","tunnel":"yes","usage":"main","voltage":"25000","wikidata":"Q706198","wikipedia":"zh:台灣高鐵"},"id":"way/199778766"},{"type":"Feature","geometry":{"type":"LineString","coordinates":[[120.985976,24.728499],[120.989006,24.730228]]},"properties":{"@id":"way/199778767","electrified":"contact_line","frequency":"60","gauge":"1435","highspeed":"yes","layer":"-1","maxspeed":"300","name":"台灣高速鐵路","name:en":"Taiwan High Speed Rail","name:ja":"台湾高速鉄道","name:nan":"Tâi-oân-ko-sok-thih-lō͘","name:nan-Latn-pehoeji":"Tâi-oân-ko-sok-thih-lō͘","name:nan-Latn-tailo":"Tâi-uân-ko-sok-thih-lōo","name:ru":"Тайваньская высокоскоростная железная дорога","name:zh":"台灣高速鐵路","network":"台灣高鐵","network:en":"THSR","network:zh":"台灣高鐵","operator":"台灣高速鐵路股份有限公司","railway":"rail","ref":"台灣高鐵","start_date":"2007-01-05","tunnel":"yes","usage":"main","voltage":"25000","wikidata":"Q706198","wikipedia":"zh:台灣高鐵"},"id":"way/199778767"},{"type":"Feature","geometry":{"type":"LineString","coordinates":[[120.966853,24.717692],[120.967405,24.718017]]},"properties":{"@id":"way/199778768","electrified":"contact_line","frequency":"60","gauge":"1435","highspeed":"yes","maxspeed":"300","name":"台灣高速鐵路","name:en":"Taiwan High Speed Rail","name:ja":"台湾高速鉄道","name:nan":"Tâi-oân-ko-sok-thih-lō͘","name:nan-Latn-pehoeji":"Tâi-oân-ko-sok-thih-lō͘","name:nan-Latn-tailo":"Tâi-uân-ko-sok-thih-lōo","name:ru":"Тайваньская высокоскоростная железная дорога","name:zh":"台灣高速鐵路","network":"台灣高鐵","network:en":"THSR","network:zh":"台灣高鐵","operator":"台灣高速鐵路股份有限公司","railway":"rail","ref":"台灣高鐵","start_date":"2007-01-05","usage":"main","voltage":"25000","wikidata":"Q706198","wikipedia":"zh:台灣高鐵"},"id":"way/199778768"},{"type":"Feature","geometry":{"type":"LineString","coordinates":[[120.97203,24.720636],[120.974926,24.722246]]},"properties":{"@id":"way/199778769","electrified":"contact_line","frequency":"60","gauge":"1435","highspeed":"yes","maxspeed":"300","name":"台灣高速鐵路","name:en":"Taiwan High Speed Rail","name:ja":"台湾高速鉄道","name:nan":"Tâi-oân-ko-sok-thih-lō͘","name:nan-Latn-pehoeji":"Tâi-oân-ko-sok-thih-lō͘","name:nan-Latn-tailo":"Tâi-uân-ko-sok-thih-lōo","name:ru":"Тайваньская высокоскоростная железная дорога","name:zh":"台灣高速鐵路","network":"台灣高鐵","network:en":"THSR","network:zh":"台灣高鐵","operator":"台灣高速鐵路股份有限公司","railway":"rail","ref":"台灣高鐵","start_date":"2007-01-05","usage":"main","voltage":"25000","wikidata":"Q706198","wikipedia":"zh:台灣高鐵"},"id":"way/199778769"},{"type":"Feature","geometry":{"type":"LineString","coordinates":[[120.978088,24.724053],[120.980689,24.725508]]},"properties":{"@id":"way/199778770","bridge":"yes","electrified":"contact_line","frequency":"60","gauge":"1435","highspeed":"yes","layer":"1","maxspeed":"300","name":"台灣高速鐵路","name:en":"Taiwan High Speed Rail","name:ja":"台湾高速鉄道","name:nan":"Tâi-oân-ko-sok-thih-lō͘","name:nan-Latn-pehoeji":"Tâi-oân-ko-sok-thih-lō͘","name:nan-Latn-tailo":"Tâi-uân-ko-sok-thih-lōo","name:ru":"Тайваньская высокоскоростная железная дорога","name:zh":"台灣高速鐵路","network":"台灣高鐵","network:en":"THSR","network:zh":"台灣高鐵","operator":"台灣高速鐵路股份有限公司","railway":"rail","ref":"台灣高鐵","start_date":"2007-01-05","usage":"main","voltage":"25000","wikidata":"Q706198","wikipedia":"zh:台灣高鐵"},"id":"way/199778770"},{"type":"Feature","geometry":{"type":"LineString","coordinates":[[120.967405,24.718017],[120.969188,24.719006]]},"properties":{"@id":"way/199778771","bridge":"yes","electrified":"contact_line","frequency":"60","gauge":"1435","highspeed":"yes","layer":"1","maxspeed":"300","name":"台灣高速鐵路","name:en":"Taiwan High Speed Rail","name:ja":"台湾高速鉄道","name:nan":"Tâi-oân-ko-sok-thih-lō͘","name:nan-Latn-pehoeji":"Tâi-oân-ko-sok-thih-lō͘","name:nan-Latn-tailo":"Tâi-uân-ko-sok-thih-lōo","name:ru":"Тайваньская высокоскоростная железная дорога","name:zh":"台灣高速鐵路","network":"台灣高鐵","network:en":"THSR","network:zh":"台灣高鐵","operator":"台灣高速鐵路股份有限公司","railway":"rail","ref":"台灣高鐵","start_date":"2007-01-05","usage":"main","voltage":"25000","wikidata":"Q706198","wikipedia":"zh:台灣高鐵"},"id":"way/199778771"},{"type":"Feature","geometry":{"type":"LineString","coordinates":[[120.962838,24.715374],[120.964002,24.716065],[120.965192,24.71673]]},"properties":{"@id":"way/199778772","electrified":"contact_line","frequency":"60","gauge":"1435","highspeed":"yes","maxspeed":"300","name":"台灣高速鐵路","name:en":"Taiwan High Speed Rail","name:ja":"台湾高速鉄道","name:nan":"Tâi-oân-ko-sok-thih-lō͘","name:nan-Latn-pehoeji":"Tâi-oân-ko-sok-thih-lō͘","name:nan-Latn-tailo":"Tâi-uân-ko-sok-thih-lōo","name:ru":"Тайваньская высокоскоростная железная дорога","name:zh":"台灣高速鐵路","network":"台灣高鐵","network:en":"THSR","network:zh":"台灣高鐵","operator":"台灣高速鐵路股份有限公司","railway":"rail","ref":"台灣高鐵","start_date":"2007-01-05","usage":"main","voltage":"25000","wikidata":"Q706198","wikipedia":"zh:台灣高鐵"},"id":"way/199778772"},{"type":"Feature","geometry":{"type":"LineString","coordinates":[[120.945813,24.702232],[120.949416,24.705598],[120.953858,24.709261],[120.956011,24.710899]]},"properties":{"@id":"way/199778773","electrified":"contact_line","frequency":"60","gauge":"1435","highspeed":"yes","layer":"-1","maxspeed":"300","name":"台灣高速鐵路","name:en":"Taiwan High Speed Rail","name:ja":"台湾高速鉄道","name:nan":"Tâi-oân-ko-sok-thih-lō͘","name:nan-Latn-pehoeji":"Tâi-oân-ko-sok-thih-lō͘","name:nan-Latn-tailo":"Tâi-uân-ko-sok-thih-lōo","name:ru":"Тайваньская высокоскоростная железная дорога","name:zh":"台灣高速鐵路","network":"台灣高鐵","network:en":"THSR","network:zh":"台灣高鐵","operator":"台灣高速鐵路股份有限公司","railway":"rail","ref":"台灣高鐵","start_date":"2007-01-05","tunnel":"yes","usage":"main","voltage":"25000","wikidata":"Q706198","wikipedia":"zh:台灣高鐵"},"id":"way/199778773"},{"type":"Feature","geometry":{"type":"LineString","coordinates":[[121.00957,24.742115],[121.00996,24.742384],[121.011505,24.74345]]},"properties":{"@id":"way/199778774","electrified":"contact_line","frequency":"60","gauge":"1435","highspeed":"yes","maxspeed":"300","name":"台灣高速鐵路","name:en":"Taiwan High Speed Rail","name:ja":"台湾高速鉄道","name:nan":"Tâi-oân-ko-sok-thih-lō͘","name:nan-Latn-pehoeji":"Tâi-oân-ko-sok-thih-lō͘","name:nan-Latn-tailo":"Tâi-uân-ko-sok-thih-lōo","name:ru":"Тайваньская высокоскоростная железная дорога","name:zh":"台灣高速鐵路","network":"台灣高鐵","network:en":"THSR","network:zh":"台灣高鐵","operator":"台灣高速鐵路股份有限公司","railway":"rail","ref":"台灣高鐵","start_date":"2007-01-05","usage":"main","voltage":"25000","wikidata":"Q706198","wikipedia":"zh:台灣高鐵"},"id":"way/199778774"},{"type":"Feature","geometry":{"type":"LineString","coordinates":[[120.958917,24.712909],[120.960635,24.714041]]},"properties":{"@id":"way/199778775","electrified":"contact_line","frequency":"60","gauge":"1435","highspeed":"yes","maxspeed":"300","name":"台灣高速鐵路","name:en":"Taiwan High Speed Rail","name:ja":"台湾高速鉄道","name:nan":"Tâi-oân-ko-sok-thih-lō͘","name:nan-Latn-pehoeji":"Tâi-oân-ko-sok-thih-lō͘","name:nan-Latn-tailo":"Tâi-uân-ko-sok-thih-lōo","name:ru":"Тайваньская высокоскоростная железная дорога","name:zh":"台灣高速鐵路","network":"台灣高鐵","network:en":"THSR","network:zh":"台灣高鐵","operator":"台灣高速鐵路股份有限公司","railway":"rail","ref":"台灣高鐵","start_date":"2007-01-05","usage":"main","voltage":"25000","wikidata":"Q706198","wikipedia":"zh:台灣高鐵"},"id":"way/199778775"},{"type":"Feature","geometry":{"type":"LineString","coordinates":[[120.938788,24.694248],[120.941272,24.697292],[120.942574,24.698778],[120.943917,24.70024],[120.945813,24.702232]]},"properties":{"@id":"way/199778776","electrified":"contact_line","frequency":"60","gauge":"1435","highspeed":"yes","maxspeed":"300","name":"台灣高速鐵路","name:en":"Taiwan High Speed Rail","name:ja":"台湾高速鉄道","name:nan":"Tâi-oân-ko-sok-thih-lō͘","name:nan-Latn-pehoeji":"Tâi-oân-ko-sok-thih-lō͘","name:nan-Latn-tailo":"Tâi-uân-ko-sok-thih-lōo","name:ru":"Тайваньская высокоскоростная железная дорога","name:zh":"台灣高速鐵路","network":"台灣高鐵","network:en":"THSR","network:zh":"台灣高鐵","operator":"台灣高速鐵路股份有限公司","railway":"rail","ref":"台灣高鐵","start_date":"2007-01-05","usage":"main","voltage":"25000","wikidata":"Q706198","wikipedia":"zh:台灣高鐵"},"id":"way/199778776"},{"type":"Feature","geometry":{"type":"LineString","coordinates":[[120.927136,24.677014],[120.933426,24.686592],[120.93471,24.68854],[120.936031,24.69053],[120.937366,24.692415],[120.938788,24.694248]]},"properties":{"@id":"way/199778777","bridge":"yes","electrified":"contact_line","frequency":"60","gauge":"1435","highspeed":"yes","layer":"1","maxspeed":"300","name":"台灣高速鐵路","name:en":"Taiwan High Speed Rail","name:ja":"台湾高速鉄道","name:nan":"Tâi-oân-ko-sok-thih-lō͘","name:nan-Latn-pehoeji":"Tâi-oân-ko-sok-thih-lō͘","name:nan-Latn-tailo":"Tâi-uân-ko-sok-thih-lōo","name:ru":"Тайваньская высокоскоростная железная дорога","name:zh":"台灣高速鐵路","network":"台灣高鐵","network:en":"THSR","network:zh":"台灣高鐵","operator":"台灣高速鐵路股份有限公司","railway":"rail","ref":"台灣高鐵","start_date":"2007-01-05","usage":"main","voltage":"25000","wikidata":"Q706198","wikipedia":"zh:台灣高鐵"},"id":"way/199778777"},{"type":"Feature","geometry":{"type":"LineString","coordinates":[[120.925422,24.674381],[120.927136,24.677014]]},"properties":{"@id":"way/199779604","electrified":"contact_line","frequency":"60","gauge":"1435","highspeed":"yes","maxspeed":"300","name":"台灣高速鐵路","name:en":"Taiwan High Speed Rail","name:ja":"台湾高速鉄道","name:nan":"Tâi-oân-ko-sok-thih-lō͘","name:nan-Latn-pehoeji":"Tâi-oân-ko-sok-thih-lō͘","name:nan-Latn-tailo":"Tâi-uân-ko-sok-thih-lōo","name:ru":"Тайваньская высокоскоростная железная дорога","name:zh":"台灣高速鐵路","network":"台灣高鐵","network:en":"THSR","network:zh":"台灣高鐵","operator":"台灣高速鐵路股份有限公司","railway":"rail","ref":"台灣高鐵","start_date":"2007-01-05","usage":"main","voltage":"25000","wikidata":"Q706198","wikipedia":"zh:台灣高鐵"},"id":"way/199779604"},{"type":"Feature","geometry":{"type":"LineString","coordinates":[[120.888424,24.636825],[120.886626,24.635872]]},"properties":{"@id":"way/199779605","electrified":"contact_line","frequency":"60","gauge":"1435","highspeed":"yes","maxspeed":"300","name":"台灣高速鐵路","name:en":"Taiwan High Speed Rail","name:ja":"台湾高速鉄道","name:nan":"Tâi-oân-ko-sok-thih-lō͘","name:nan-Latn-pehoeji":"Tâi-oân-ko-sok-thih-lō͘","name:nan-Latn-tailo":"Tâi-uân-ko-sok-thih-lōo","name:ru":"Тайваньская высокоскоростная железная дорога","name:zh":"台灣高速鐵路","network":"台灣高鐵","network:en":"THSR","network:zh":"台灣高鐵","operator":"台灣高速鐵路股份有限公司","railway":"rail","ref":"台灣高鐵","start_date":"2007-01-05","tunnel":"yes","usage":"main","voltage":"25000","wikidata":"Q706198","wikipedia":"zh:台灣高鐵"},"id":"way/199779605"},{"type":"Feature","geometry":{"type":"LineString","coordinates":[[120.886595,24.63592],[120.888397,24.636868]]},"properties":{"@id":"way/199779606","electrified":"contact_line","frequency":"60","gauge":"1435","highspeed":"yes","maxspeed":"300","name":"台灣高速鐵路","name:en":"Taiwan High Speed Rail","name:ja":"台湾高速鉄道","name:nan":"Tâi-oân-ko-sok-thih-lō͘","name:nan-Latn-pehoeji":"Tâi-oân-ko-sok-thih-lō͘","name:nan-Latn-tailo":"Tâi-uân-ko-sok-thih-lōo","name:ru":"Тайваньская высокоскоростная железная дорога","name:zh":"台灣高速鐵路","network":"台灣高鐵","network:en":"THSR","network:zh":"台灣高鐵","operator":"台灣高速鐵路股份有限公司","railway":"rail","ref":"台灣高鐵","start_date":"2007-01-05","tunnel":"yes","usage":"main","voltage":"25000","wikidata":"Q706198","wikipedia":"zh:台灣高鐵"},"id":"way/199779606"},{"type":"Feature","geometry":{"type":"LineString","coordinates":[[120.901571,24.645566],[120.898975,24.643559]]},"properties":{"@id":"way/199779608","electrified":"contact_line","frequency":"60","gauge":"1435","highspeed":"yes","layer":"-1","maxspeed":"300","name":"台灣高速鐵路","name:en":"Taiwan High Speed Rail","name:ja":"台湾高速鉄道","name:nan":"Tâi-oân-ko-sok-thih-lō͘","name:nan-Latn-pehoeji":"Tâi-oân-ko-sok-thih-lō͘","name:nan-Latn-tailo":"Tâi-uân-ko-sok-thih-lōo","name:ru":"Тайваньская высокоскоростная железная дорога","name:zh":"台灣高速鐵路","network":"台灣高鐵","network:en":"THSR","network:zh":"台灣高鐵","operator":"台灣高速鐵路股份有限公司","railway":"rail","ref":"台灣高鐵","start_date":"2007-01-05","usage":"main","voltage":"25000","wikidata":"Q706198","wikipedia":"zh:台灣高鐵"},"id":"way/199779608"},{"type":"Feature","geometry":{"type":"LineString","coordinates":[[120.873351,24.628725],[120.871376,24.627536]]},"properties":{"@id":"way/199779609","electrified":"contact_line","frequency":"60","gauge":"1435","highspeed":"yes","maxspeed":"300","name":"台灣高速鐵路","name:en":"Taiwan High Speed Rail","name:ja":"台湾高速鉄道","name:nan":"Tâi-oân-ko-sok-thih-lō͘","name:nan-Latn-pehoeji":"Tâi-oân-ko-sok-thih-lō͘","name:nan-Latn-tailo":"Tâi-uân-ko-sok-thih-lōo","name:ru":"Тайваньская высокоскоростная железная дорога","name:zh":"台灣高速鐵路","network":"台灣高鐵","network:en":"THSR","network:zh":"台灣高鐵","operator":"台灣高速鐵路股份有限公司","railway":"rail","ref":"台灣高鐵","start_date":"2007-01-05","usage":"main","voltage":"25000","wikidata":"Q706198","wikipedia":"zh:台灣高鐵"},"id":"way/199779609"},{"type":"Feature","geometry":{"type":"LineString","coordinates":[[120.919207,24.664955],[120.925422,24.674381]]},"properties":{"@id":"way/199779610","electrified":"contact_line","frequency":"60","gauge":"1435","highspeed":"yes","layer":"-1","maxspeed":"300","name":"台灣高速鐵路","name:en":"Taiwan High Speed Rail","name:ja":"台湾高速鉄道","name:nan":"Tâi-oân-ko-sok-thih-lō͘","name:nan-Latn-pehoeji":"Tâi-oân-ko-sok-thih-lō͘","name:nan-Latn-tailo":"Tâi-uân-ko-sok-thih-lōo","name:ru":"Тайваньская высокоскоростная железная дорога","name:zh":"台灣高速鐵路","network":"台灣高鐵","network:en":"THSR","network:zh":"台灣高鐵","operator":"台灣高速鐵路股份有限公司","railway":"rail","ref":"台灣高鐵","start_date":"2007-01-05","tunnel":"yes","usage":"main","voltage":"25000","wikidata":"Q706198","wikipedia":"zh:台灣高鐵"},"id":"way/199779610"},{"type":"Feature","geometry":{"type":"LineString","coordinates":[[120.894956,24.640789],[120.898942,24.64361]]},"properties":{"@id":"way/199779611","electrified":"contact_line","frequency":"60","gauge":"1435","highspeed":"yes","layer":"-1","maxspeed":"300","name":"台灣高速鐵路","name:en":"Taiwan High Speed Rail","name:ja":"台湾高速鉄道","name:nan":"Tâi-oân-ko-sok-thih-lō͘","name:nan-Latn-pehoeji":"Tâi-oân-ko-sok-thih-lō͘","name:nan-Latn-tailo":"Tâi-uân-ko-sok-thih-lōo","name:ru":"Тайваньская высокоскоростная железная дорога","name:zh":"台灣高速鐵路","network":"台灣高鐵","network:en":"THSR","network:zh":"台灣高鐵","operator":"台灣高速鐵路股份有限公司","railway":"rail","ref":"台灣高鐵","start_date":"2007-01-05","tunnel":"yes","usage":"main","voltage":"25000","wikidata":"Q706198","wikipedia":"zh:台灣高鐵"},"id":"way/199779611"},{"type":"Feature","geometry":{"type":"LineString","coordinates":[[120.873312,24.62878],[120.875217,24.629814]]},"properties":{"@id":"way/199779612","electrified":"contact_line","frequency":"60","gauge":"1435","highspeed":"yes","layer":"-1","maxspeed":"300","name":"台灣高速鐵路","name:en":"Taiwan High Speed Rail","name:ja":"台湾高速鉄道","name:nan":"Tâi-oân-ko-sok-thih-lō͘","name:nan-Latn-pehoeji":"Tâi-oân-ko-sok-thih-lō͘","name:nan-Latn-tailo":"Tâi-uân-ko-sok-thih-lōo","name:ru":"Тайваньская высокоскоростная железная дорога","name:zh":"台灣高速鐵路","network":"台灣高鐵","network:en":"THSR","network:zh":"台灣高鐵","operator":"台灣高速鐵路股份有限公司","railway":"rail","ref":"台灣高鐵","start_date":"2007-01-05","tunnel":"yes","usage":"main","voltage":"25000","wikidata":"Q706198","wikipedia":"zh:台灣高鐵"},"id":"way/199779612"},{"type":"Feature","geometry":{"type":"LineString","coordinates":[[120.91734,24.662268],[120.919207,24.664955]]},"properties":{"@id":"way/199779613","bridge":"yes","electrified":"contact_line","frequency":"60","gauge":"1435","highspeed":"yes","layer":"1","maxspeed":"300","name":"台灣高速鐵路","name:en":"Taiwan High Speed Rail","name:ja":"台湾高速鉄道","name:nan":"Tâi-oân-ko-sok-thih-lō͘","name:nan-Latn-pehoeji":"Tâi-oân-ko-sok-thih-lō͘","name:nan-Latn-tailo":"Tâi-uân-ko-sok-thih-lōo","name:ru":"Тайваньская высокоскоростная железная дорога","name:zh":"台灣高速鐵路","network":"台灣高鐵","network:en":"THSR","network:zh":"台灣高鐵","operator":"台灣高速鐵路股份有限公司","railway":"rail","ref":"台灣高鐵","start_date":"2007-01-05","usage":"main","voltage":"25000","wikidata":"Q706198","wikipedia":"zh:台灣高鐵"},"id":"way/199779613"},{"type":"Feature","geometry":{"type":"LineString","coordinates":[[120.898942,24.64361],[120.901523,24.6456]]},"properties":{"@id":"way/199779614","electrified":"contact_line","frequency":"60","gauge":"1435","highspeed":"yes","layer":"-1","maxspeed":"300","name":"台灣高速鐵路","name:en":"Taiwan High Speed Rail","name:ja":"台湾高速鉄道","name:nan":"Tâi-oân-ko-sok-thih-lō͘","name:nan-Latn-pehoeji":"Tâi-oân-ko-sok-thih-lō͘","name:nan-Latn-tailo":"Tâi-uân-ko-sok-thih-lōo","name:ru":"Тайваньская высокоскоростная железная дорога","name:zh":"台灣高速鐵路","network":"台灣高鐵","network:en":"THSR","network:zh":"台灣高鐵","operator":"台灣高速鐵路股份有限公司","railway":"rail","ref":"台灣高鐵","start_date":"2007-01-05","usage":"main","voltage":"25000","wikidata":"Q706198","wikipedia":"zh:台灣高鐵"},"id":"way/199779614"},{"type":"Feature","geometry":{"type":"LineString","coordinates":[[120.898975,24.643559],[120.894979,24.64076]]},"properties":{"@id":"way/199779615","electrified":"contact_line","frequency":"60","gauge":"1435","highspeed":"yes","layer":"-1","maxspeed":"300","name":"台灣高速鐵路","name:en":"Taiwan High Speed Rail","name:ja":"台湾高速鉄道","name:nan":"Tâi-oân-ko-sok-thih-lō͘","name:nan-Latn-pehoeji":"Tâi-oân-ko-sok-thih-lō͘","name:nan-Latn-tailo":"Tâi-uân-ko-sok-thih-lōo","name:ru":"Тайваньская высокоскоростная железная дорога","name:zh":"台灣高速鐵路","network":"台灣高鐵","network:en":"THSR","network:zh":"台灣高鐵","operator":"台灣高速鐵路股份有限公司","railway":"rail","ref":"台灣高鐵","start_date":"2007-01-05","tunnel":"yes","usage":"main","voltage":"25000","wikidata":"Q706198","wikipedia":"zh:台灣高鐵"},"id":"way/199779615"},{"type":"Feature","geometry":{"type":"LineString","coordinates":[[120.901523,24.6456],[120.903943,24.647591],[120.90716,24.650524],[120.910047,24.653415],[120.91148,24.654968],[120.914356,24.658369]]},"properties":{"@id":"way/199779616","electrified":"contact_line","frequency":"60","gauge":"1435","highspeed":"yes","layer":"-1","maxspeed":"300","name":"台灣高速鐵路","name:en":"Taiwan High Speed Rail","name:ja":"台湾高速鉄道","name:nan":"Tâi-oân-ko-sok-thih-lō͘","name:nan-Latn-pehoeji":"Tâi-oân-ko-sok-thih-lō͘","name:nan-Latn-tailo":"Tâi-uân-ko-sok-thih-lōo","name:ru":"Тайваньская высокоскоростная железная дорога","name:zh":"台灣高速鐵路","network":"台灣高鐵","network:en":"THSR","network:zh":"台灣高鐵","operator":"台灣高速鐵路股份有限公司","railway":"rail","ref":"台灣高鐵","start_date":"2007-01-05","tunnel":"yes","usage":"main","voltage":"25000","wikidata":"Q706198","wikipedia":"zh:台灣高鐵"},"id":"way/199779616"},{"type":"Feature","geometry":{"type":"LineString","coordinates":[[120.890578,24.638104],[120.892849,24.639473],[120.894956,24.640789]]},"properties":{"@id":"way/199779617","electrified":"contact_line","frequency":"60","gauge":"1435","highspeed":"yes","maxspeed":"300","name":"台灣高速鐵路","name:en":"Taiwan High Speed Rail","name:ja":"台湾高速鉄道","name:nan":"Tâi-oân-ko-sok-thih-lō͘","name:nan-Latn-pehoeji":"Tâi-oân-ko-sok-thih-lō͘","name:nan-Latn-tailo":"Tâi-uân-ko-sok-thih-lōo","name:ru":"Тайваньская высокоскоростная железная дорога","name:zh":"台灣高速鐵路","network":"台灣高鐵","network:en":"THSR","network:zh":"台灣高鐵","operator":"台灣高速鐵路股份有限公司","railway":"rail","ref":"台灣高鐵","start_date":"2007-01-05","usage":"main","voltage":"25000","wikidata":"Q706198","wikipedia":"zh:台灣高鐵"},"id":"way/199779617"},{"type":"Feature","geometry":{"type":"LineString","coordinates":[[120.886626,24.635872],[120.886392,24.635751],[120.884279,24.634634],[120.878769,24.631712]]},"properties":{"@id":"way/199779618","bridge":"yes","electrified":"contact_line","frequency":"60","gauge":"1435","highspeed":"yes","maxspeed":"300","name":"台灣高速鐵路","name:en":"Taiwan High Speed Rail","name:ja":"台湾高速鉄道","name:nan":"Tâi-oân-ko-sok-thih-lō͘","name:nan-Latn-pehoeji":"Tâi-oân-ko-sok-thih-lō͘","name:nan-Latn-tailo":"Tâi-uân-ko-sok-thih-lōo","name:ru":"Тайваньская высокоскоростная железная дорога","name:zh":"台灣高速鐵路","network":"台灣高鐵","network:en":"THSR","network:zh":"台灣高鐵","operator":"台灣高速鐵路股份有限公司","railway":"rail","ref":"台灣高鐵","start_date":"2007-01-05","usage":"main","voltage":"25000","wikidata":"Q706198","wikipedia":"zh:台灣高鐵"},"id":"way/199779618"},{"type":"Feature","geometry":{"type":"LineString","coordinates":[[120.878735,24.631752],[120.884262,24.634675],[120.886355,24.635809],[120.886595,24.63592]]},"properties":{"@id":"way/199779619","bridge":"yes","electrified":"contact_line","frequency":"60","gauge":"1435","highspeed":"yes","maxspeed":"300","name":"台灣高速鐵路","name:en":"Taiwan High Speed Rail","name:ja":"台湾高速鉄道","name:nan":"Tâi-oân-ko-sok-thih-lō͘","name:nan-Latn-pehoeji":"Tâi-oân-ko-sok-thih-lō͘","name:nan-Latn-tailo":"Tâi-uân-ko-sok-thih-lōo","name:ru":"Тайваньская высокоскоростная железная дорога","name:zh":"台灣高速鐵路","network":"台灣高鐵","network:en":"THSR","network:zh":"台灣高鐵","operator":"台灣高速鐵路股份有限公司","railway":"rail","ref":"台灣高鐵","start_date":"2007-01-05","usage":"main","voltage":"25000","wikidata":"Q706198","wikipedia":"zh:台灣高鐵"},"id":"way/199779619"},{"type":"Feature","geometry":{"type":"LineString","coordinates":[[120.914356,24.658369],[120.915157,24.659331],[120.915802,24.660169]]},"properties":{"@id":"way/199779620","electrified":"contact_line","frequency":"60","gauge":"1435","highspeed":"yes","maxspeed":"300","name":"台灣高速鐵路","name:en":"Taiwan High Speed Rail","name:ja":"台湾高速鉄道","name:nan":"Tâi-oân-ko-sok-thih-lō͘","name:nan-Latn-pehoeji":"Tâi-oân-ko-sok-thih-lō͘","name:nan-Latn-tailo":"Tâi-uân-ko-sok-thih-lōo","name:ru":"Тайваньская высокоскоростная железная дорога","name:zh":"台灣高速鐵路","network":"台灣高鐵","network:en":"THSR","network:zh":"台灣高鐵","operator":"台灣高速鐵路股份有限公司","railway":"rail","ref":"台灣高鐵","start_date":"2007-01-05","usage":"main","voltage":"25000","wikidata":"Q706198","wikipedia":"zh:台灣高鐵"},"id":"way/199779620"},{"type":"Feature","geometry":{"type":"LineString","coordinates":[[120.613852,24.089852],[120.613033,24.081656]]},"properties":{"@id":"way/202234029","bridge":"viaduct","electrified":"contact_line","frequency":"60","gauge":"1435","highspeed":"yes","layer":"2","maxspeed":"300","name":"台灣高速鐵路","name:en":"Taiwan High Speed Rail","name:ja":"台湾高速鉄道","name:nan":"Tâi-oân-ko-sok-thih-lō͘","name:nan-Latn-pehoeji":"Tâi-oân-ko-sok-thih-lō͘","name:nan-Latn-tailo":"Tâi-uân-ko-sok-thih-lōo","name:ru":"Тайваньская высокоскоростная железная дорога","name:zh":"台灣高速鐵路","network":"台灣高鐵","network:en":"THSR","network:zh":"台灣高鐵","operator":"台灣高速鐵路股份有限公司","railway":"rail","ref":"台灣高鐵","start_date":"2007-01-05","usage":"main","voltage":"25000","wikidata":"Q706198","wikipedia":"zh:台灣高鐵"},"id":"way/202234029"},{"type":"Feature","geometry":{"type":"LineString","coordinates":[[120.613033,24.081656],[120.6128,24.079931],[120.612566,24.078489],[120.612178,24.076624],[120.611735,24.074783]]},"properties":{"@id":"way/202234030","bridge":"viaduct","electrified":"contact_line","frequency":"60","gauge":"1435","highspeed":"yes","layer":"1","maxspeed":"300","name":"台灣高速鐵路","name:en":"Taiwan High Speed Rail","name:ja":"台湾高速鉄道","name:nan":"Tâi-oân-ko-sok-thih-lō͘","name:nan-Latn-pehoeji":"Tâi-oân-ko-sok-thih-lō͘","name:nan-Latn-tailo":"Tâi-uân-ko-sok-thih-lōo","name:ru":"Тайваньская высокоскоростная железная дорога","name:zh":"台灣高速鐵路","network":"台灣高鐵","network:en":"THSR","network:zh":"台灣高鐵","operator":"台灣高速鐵路股份有限公司","railway":"rail","ref":"台灣高鐵","start_date":"2007-01-05","usage":"main","voltage":"25000","wikidata":"Q706198","wikipedia":"zh:台灣高鐵"},"id":"way/202234030"},{"type":"Feature","geometry":{"type":"LineString","coordinates":[[120.611735,24.074783],[120.611421,24.073613],[120.611186,24.072795],[120.610844,24.071708],[120.610696,24.071296],[120.610539,24.07084],[120.610475,24.070657]]},"properties":{"@id":"way/202234031","bridge":"viaduct","electrified":"contact_line","frequency":"60","gauge":"1435","highspeed":"yes","layer":"1","maxspeed":"300","name":"台灣高速鐵路","name:en":"Taiwan High Speed Rail","name:ja":"台湾高速鉄道","name:nan":"Tâi-oân-ko-sok-thih-lō͘","name:nan-Latn-pehoeji":"Tâi-oân-ko-sok-thih-lō͘","name:nan-Latn-tailo":"Tâi-uân-ko-sok-thih-lōo","name:ru":"Тайваньская высокоскоростная железная дорога","name:zh":"台灣高速鐵路","network":"台灣高鐵","network:en":"THSR","network:zh":"台灣高鐵","operator":"台灣高速鐵路股份有限公司","railway":"rail","ref":"台灣高鐵","start_date":"2007-01-05","usage":"main","voltage":"25000","wikidata":"Q706198","wikipedia":"zh:台灣高鐵"},"id":"way/202234031"},{"type":"Feature","geometry":{"type":"LineString","coordinates":[[120.605918,24.056151],[120.6053,24.053086],[120.605255,24.05288]]},"properties":{"@id":"way/202234032","electrified":"contact_line","frequency":"60","gauge":"1435","highspeed":"yes","layer":"-1","maxspeed":"300","name":"台灣高速鐵路","name:en":"Taiwan High Speed Rail","name:ja":"台湾高速鉄道","name:nan":"Tâi-oân-ko-sok-thih-lō͘","name:nan-Latn-pehoeji":"Tâi-oân-ko-sok-thih-lō͘","name:nan-Latn-tailo":"Tâi-uân-ko-sok-thih-lōo","name:ru":"Тайваньская высокоскоростная железная дорога","name:zh":"台灣高速鐵路","network":"台灣高鐵","network:en":"THSR","network:zh":"台灣高鐵","operator":"台灣高速鐵路股份有限公司","railway":"rail","ref":"台灣高鐵","start_date":"2007-01-05","tunnel":"yes","usage":"main","voltage":"25000","wikidata":"Q706198","wikipedia":"zh:台灣高鐵"},"id":"way/202234032"},{"type":"Feature","geometry":{"type":"LineString","coordinates":[[120.608384,24.064805],[120.608071,24.063883],[120.607769,24.06297],[120.60721,24.061125],[120.606891,24.060038]]},"properties":{"@id":"way/202234033","electrified":"contact_line","frequency":"60","gauge":"1435","highspeed":"yes","layer":"-1","maxspeed":"300","name":"台灣高速鐵路","name:en":"Taiwan High Speed Rail","name:ja":"台湾高速鉄道","name:nan":"Tâi-oân-ko-sok-thih-lō͘","name:nan-Latn-pehoeji":"Tâi-oân-ko-sok-thih-lō͘","name:nan-Latn-tailo":"Tâi-uân-ko-sok-thih-lōo","name:ru":"Тайваньская высокоскоростная железная дорога","name:zh":"台灣高速鐵路","network":"台灣高鐵","network:en":"THSR","network:zh":"台灣高鐵","operator":"台灣高速鐵路股份有限公司","railway":"rail","ref":"台灣高鐵","start_date":"2007-01-05","tunnel":"yes","usage":"main","voltage":"25000","wikidata":"Q706198","wikipedia":"zh:台灣高鐵"},"id":"way/202234033"},{"type":"Feature","geometry":{"type":"LineString","coordinates":[[120.609251,24.067231],[120.6088,24.065994],[120.608591,24.065383],[120.608384,24.064805]]},"properties":{"@id":"way/202234034","bridge":"yes","electrified":"contact_line","frequency":"60","gauge":"1435","highspeed":"yes","layer":"1","maxspeed":"300","name":"台灣高速鐵路","name:en":"Taiwan High Speed Rail","name:ja":"台湾高速鉄道","name:nan":"Tâi-oân-ko-sok-thih-lō͘","name:nan-Latn-pehoeji":"Tâi-oân-ko-sok-thih-lō͘","name:nan-Latn-tailo":"Tâi-uân-ko-sok-thih-lōo","name:ru":"Тайваньская высокоскоростная железная дорога","name:zh":"台灣高速鐵路","network":"台灣高鐵","network:en":"THSR","network:zh":"台灣高鐵","operator":"台灣高速鐵路股份有限公司","railway":"rail","ref":"台灣高鐵","start_date":"2007-01-05","usage":"main","voltage":"25000","wikidata":"Q706198","wikipedia":"zh:台灣高鐵"},"id":"way/202234034"},{"type":"Feature","geometry":{"type":"LineString","coordinates":[[120.606891,24.060038],[120.606607,24.05892],[120.60607,24.056793],[120.605918,24.056151]]},"properties":{"@id":"way/202234035","bridge":"yes","electrified":"contact_line","frequency":"60","gauge":"1435","highspeed":"yes","layer":"1","maxspeed":"300","name":"台灣高速鐵路","name:en":"Taiwan High Speed Rail","name:ja":"台湾高速鉄道","name:nan":"Tâi-oân-ko-sok-thih-lō͘","name:nan-Latn-pehoeji":"Tâi-oân-ko-sok-thih-lō͘","name:nan-Latn-tailo":"Tâi-uân-ko-sok-thih-lōo","name:ru":"Тайваньская высокоскоростная железная дорога","name:zh":"台灣高速鐵路","network":"台灣高鐵","network:en":"THSR","network:zh":"台灣高鐵","operator":"台灣高速鐵路股份有限公司","railway":"rail","ref":"台灣高鐵","start_date":"2007-01-05","usage":"main","voltage":"25000","wikidata":"Q706198","wikipedia":"zh:台灣高鐵"},"id":"way/202234035"},{"type":"Feature","geometry":{"type":"LineString","coordinates":[[120.610475,24.070657],[120.60986,24.068914],[120.60971,24.068478],[120.609515,24.067958],[120.609251,24.067231]]},"properties":{"@id":"way/202234036","cutting":"yes","electrified":"contact_line","frequency":"60","gauge":"1435","highspeed":"yes","layer":"1","maxspeed":"300","name":"台灣高速鐵路","name:en":"Taiwan High Speed Rail","name:ja":"台湾高速鉄道","name:nan":"Tâi-oân-ko-sok-thih-lō͘","name:nan-Latn-pehoeji":"Tâi-oân-ko-sok-thih-lō͘","name:nan-Latn-tailo":"Tâi-uân-ko-sok-thih-lōo","name:ru":"Тайваньская высокоскоростная железная дорога","name:zh":"台灣高速鐵路","network":"台灣高鐵","network:en":"THSR","network:zh":"台灣高鐵","operator":"台灣高速鐵路股份有限公司","railway":"rail","ref":"台灣高鐵","start_date":"2007-01-05","usage":"main","voltage":"25000","wikidata":"Q706198","wikipedia":"zh:台灣高鐵"},"id":"way/202234036"},{"type":"Feature","geometry":{"type":"LineString","coordinates":[[120.605255,24.05288],[120.604844,24.05052],[120.604673,24.049361],[120.604511,24.0482]]},"properties":{"@id":"way/202234038","bridge":"yes","electrified":"contact_line","frequency":"60","gauge":"1435","highspeed":"yes","layer":"1","maxspeed":"300","name":"台灣高速鐵路","name:en":"Taiwan High Speed Rail","name:ja":"台湾高速鉄道","name:nan":"Tâi-oân-ko-sok-thih-lō͘","name:nan-Latn-pehoeji":"Tâi-oân-ko-sok-thih-lō͘","name:nan-Latn-tailo":"Tâi-uân-ko-sok-thih-lōo","name:ru":"Тайваньская высокоскоростная железная дорога","name:zh":"台灣高速鐵路","network":"台灣高鐵","network:en":"THSR","network:zh":"台灣高鐵","operator":"台灣高速鐵路股份有限公司","railway":"rail","ref":"台灣高鐵","start_date":"2007-01-05","usage":"main","voltage":"25000","wikidata":"Q706198","wikipedia":"zh:台灣高鐵"},"id":"way/202234038"},{"type":"Feature","geometry":{"type":"LineString","coordinates":[[121.032587,24.773619],[121.031988,24.771561]]},"properties":{"@id":"way/207560618","electrified":"contact_line","frequency":"60","gauge":"1435","highspeed":"yes","layer":"-1","maxspeed":"300","name":"台灣高速鐵路","name:en":"Taiwan High Speed Rail","name:ja":"台湾高速鉄道","name:nan":"Tâi-oân-ko-sok-thih-lō͘","name:nan-Latn-pehoeji":"Tâi-oân-ko-sok-thih-lō͘","name:nan-Latn-tailo":"Tâi-uân-ko-sok-thih-lōo","name:ru":"Тайваньская высокоскоростная железная дорога","name:zh":"台灣高速鐵路","network":"台灣高鐵","network:en":"THSR","network:zh":"台灣高鐵","operator":"台灣高速鐵路股份有限公司","railway":"rail","ref":"台灣高鐵","start_date":"2007-01-05","tunnel":"yes","usage":"main","voltage":"25000","wikidata":"Q706198","wikipedia":"zh:台灣高鐵"},"id":"way/207560618"},{"type":"Feature","geometry":{"type":"LineString","coordinates":[[121.028493,24.763245],[121.029244,24.764759]]},"properties":{"@id":"way/207560619","bridge":"yes","electrified":"contact_line","frequency":"60","gauge":"1435","highspeed":"yes","layer":"1","maxspeed":"300","name":"台灣高速鐵路","name:en":"Taiwan High Speed Rail","name:ja":"台湾高速鉄道","name:nan":"Tâi-oân-ko-sok-thih-lō͘","name:nan-Latn-pehoeji":"Tâi-oân-ko-sok-thih-lō͘","name:nan-Latn-tailo":"Tâi-uân-ko-sok-thih-lōo","name:ru":"Тайваньская высокоскоростная железная дорога","name:zh":"台灣高速鐵路","network":"台灣高鐵","network:en":"THSR","network:zh":"台灣高鐵","operator":"台灣高速鐵路股份有限公司","railway":"rail","ref":"台灣高鐵","start_date":"2007-01-05","usage":"main","voltage":"25000","wikidata":"Q706198","wikipedia":"zh:台灣高鐵"},"id":"way/207560619"},{"type":"Feature","geometry":{"type":"LineString","coordinates":[[121.029244,24.764759],[121.030035,24.766508]]},"properties":{"@id":"way/207560620","electrified":"contact_line","frequency":"60","gauge":"1435","highspeed":"yes","maxspeed":"300","name":"台灣高速鐵路","name:en":"Taiwan High Speed Rail","name:ja":"台湾高速鉄道","name:nan":"Tâi-oân-ko-sok-thih-lō͘","name:nan-Latn-pehoeji":"Tâi-oân-ko-sok-thih-lō͘","name:nan-Latn-tailo":"Tâi-uân-ko-sok-thih-lōo","name:ru":"Тайваньская высокоскоростная железная дорога","name:zh":"台灣高速鐵路","network":"台灣高鐵","network:en":"THSR","network:zh":"台灣高鐵","operator":"台灣高速鐵路股份有限公司","railway":"rail","ref":"台灣高鐵","start_date":"2007-01-05","usage":"main","voltage":"25000","wikidata":"Q706198","wikipedia":"zh:台灣高鐵"},"id":"way/207560620"},{"type":"Feature","geometry":{"type":"LineString","coordinates":[[121.029298,24.76475],[121.028551,24.763223]]},"properties":{"@id":"way/207560621","bridge":"yes","electrified":"contact_line","frequency":"60","gauge":"1435","highspeed":"yes","layer":"1","maxspeed":"300","name":"台灣高速鐵路","name:en":"Taiwan High Speed Rail","name:ja":"台湾高速鉄道","name:nan":"Tâi-oân-ko-sok-thih-lō͘","name:nan-Latn-pehoeji":"Tâi-oân-ko-sok-thih-lō͘","name:nan-Latn-tailo":"Tâi-uân-ko-sok-thih-lōo","name:ru":"Тайваньская высокоскоростная железная дорога","name:zh":"台灣高速鐵路","network":"台灣高鐵","network:en":"THSR","network:zh":"台灣高鐵","operator":"台灣高速鐵路股份有限公司","railway":"rail","ref":"台灣高鐵","start_date":"2007-01-05","usage":"main","voltage":"25000","wikidata":"Q706198","wikipedia":"zh:台灣高鐵"},"id":"way/207560621"},{"type":"Feature","geometry":{"type":"LineString","coordinates":[[121.031925,24.771575],[121.032524,24.773631]]},"properties":{"@id":"way/207560622","electrified":"contact_line","frequency":"60","gauge":"1435","highspeed":"yes","layer":"-1","maxspeed":"300","name":"台灣高速鐵路","name:en":"Taiwan High Speed Rail","name:ja":"台湾高速鉄道","name:nan":"Tâi-oân-ko-sok-thih-lō͘","name:nan-Latn-pehoeji":"Tâi-oân-ko-sok-thih-lō͘","name:nan-Latn-tailo":"Tâi-uân-ko-sok-thih-lōo","name:ru":"Тайваньская высокоскоростная железная дорога","name:zh":"台灣高速鐵路","network":"台灣高鐵","network:en":"THSR","network:zh":"台灣高鐵","operator":"台灣高速鐵路股份有限公司","railway":"rail","ref":"台灣高鐵","start_date":"2007-01-05","tunnel":"yes","usage":"main","voltage":"25000","wikidata":"Q706198","wikipedia":"zh:台灣高鐵"},"id":"way/207560622"},{"type":"Feature","geometry":{"type":"LineString","coordinates":[[121.030087,24.766485],[121.029298,24.76475]]},"properties":{"@id":"way/207560623","electrified":"contact_line","frequency":"60","gauge":"1435","highspeed":"yes","maxspeed":"300","name":"台灣高速鐵路","name:en":"Taiwan High Speed Rail","name:ja":"台湾高速鉄道","name:nan":"Tâi-oân-ko-sok-thih-lō͘","name:nan-Latn-pehoeji":"Tâi-oân-ko-sok-thih-lō͘","name:nan-Latn-tailo":"Tâi-uân-ko-sok-thih-lōo","name:ru":"Тайваньская высокоскоростная железная дорога","name:zh":"台灣高速鐵路","network":"台灣高鐵","network:en":"THSR","network:zh":"台灣高鐵","operator":"台灣高速鐵路股份有限公司","railway":"rail","ref":"台灣高鐵","start_date":"2007-01-05","usage":"main","voltage":"25000","wikidata":"Q706198","wikipedia":"zh:台灣高鐵"},"id":"way/207560623"},{"type":"Feature","geometry":{"type":"LineString","coordinates":[[121.028551,24.763223],[121.02772,24.761663],[121.026793,24.760027]]},"properties":{"@id":"way/207560624","electrified":"contact_line","frequency":"60","gauge":"1435","highspeed":"yes","maxspeed":"300","name":"台灣高速鐵路","name:en":"Taiwan High Speed Rail","name:ja":"台湾高速鉄道","name:nan":"Tâi-oân-ko-sok-thih-lō͘","name:nan-Latn-pehoeji":"Tâi-oân-ko-sok-thih-lō͘","name:nan-Latn-tailo":"Tâi-uân-ko-sok-thih-lōo","name:ru":"Тайваньская высокоскоростная железная дорога","name:zh":"台灣高速鐵路","network":"台灣高鐵","network:en":"THSR","network:zh":"台灣高鐵","operator":"台灣高速鐵路股份有限公司","railway":"rail","ref":"台灣高鐵","start_date":"2007-01-05","usage":"main","voltage":"25000","wikidata":"Q706198","wikipedia":"zh:台灣高鐵"},"id":"way/207560624"},{"type":"Feature","geometry":{"type":"LineString","coordinates":[[121.031988,24.771561],[121.03126,24.769361],[121.030087,24.766485]]},"properties":{"@id":"way/207560625","bridge":"yes","electrified":"contact_line","frequency":"60","gauge":"1435","highspeed":"yes","layer":"1","maxspeed":"300","name":"台灣高速鐵路","name:en":"Taiwan High Speed Rail","name:ja":"台湾高速鉄道","name:nan":"Tâi-oân-ko-sok-thih-lō͘","name:nan-Latn-pehoeji":"Tâi-oân-ko-sok-thih-lō͘","name:nan-Latn-tailo":"Tâi-uân-ko-sok-thih-lōo","name:ru":"Тайваньская высокоскоростная железная дорога","name:zh":"台灣高速鐵路","network":"台灣高鐵","network:en":"THSR","network:zh":"台灣高鐵","operator":"台灣高速鐵路股份有限公司","railway":"rail","ref":"台灣高鐵","start_date":"2007-01-05","usage":"main","voltage":"25000","wikidata":"Q706198","wikipedia":"zh:台灣高鐵"},"id":"way/207560625"},{"type":"Feature","geometry":{"type":"LineString","coordinates":[[121.026746,24.760049],[121.027663,24.76169],[121.028493,24.763245]]},"properties":{"@id":"way/207560626","electrified":"contact_line","frequency":"60","gauge":"1435","highspeed":"yes","maxspeed":"300","name":"台灣高速鐵路","name:en":"Taiwan High Speed Rail","name:ja":"台湾高速鉄道","name:nan":"Tâi-oân-ko-sok-thih-lō͘","name:nan-Latn-pehoeji":"Tâi-oân-ko-sok-thih-lō͘","name:nan-Latn-tailo":"Tâi-uân-ko-sok-thih-lōo","name:ru":"Тайваньская высокоскоростная железная дорога","name:zh":"台灣高速鐵路","network":"台灣高鐵","network:en":"THSR","network:zh":"台灣高鐵","operator":"台灣高速鐵路股份有限公司","railway":"rail","ref":"台灣高鐵","start_date":"2007-01-05","usage":"main","voltage":"25000","wikidata":"Q706198","wikipedia":"zh:台灣高鐵"},"id":"way/207560626"},{"type":"Feature","geometry":{"type":"LineString","coordinates":[[121.030035,24.766508],[121.03121,24.769384],[121.031925,24.771575]]},"properties":{"@id":"way/207560627","bridge":"yes","electrified":"contact_line","frequency":"60","gauge":"1435","highspeed":"yes","layer":"1","maxspeed":"300","name":"台灣高速鐵路","name:en":"Taiwan High Speed Rail","name:ja":"台湾高速鉄道","name:nan":"Tâi-oân-ko-sok-thih-lō͘","name:nan-Latn-pehoeji":"Tâi-oân-ko-sok-thih-lō͘","name:nan-Latn-tailo":"Tâi-uân-ko-sok-thih-lōo","name:ru":"Тайваньская высокоскоростная железная дорога","name:zh":"台灣高速鐵路","network":"台灣高鐵","network:en":"THSR","network:zh":"台灣高鐵","operator":"台灣高速鐵路股份有限公司","railway":"rail","ref":"台灣高鐵","start_date":"2007-01-05","usage":"main","voltage":"25000","wikidata":"Q706198","wikipedia":"zh:台灣高鐵"},"id":"way/207560627"},{"type":"Feature","geometry":{"type":"LineString","coordinates":[[121.020953,24.752154],[121.022186,24.753562]]},"properties":{"@id":"way/207560628","electrified":"contact_line","frequency":"60","gauge":"1435","highspeed":"yes","maxspeed":"300","name":"台灣高速鐵路","name:en":"Taiwan High Speed Rail","name:ja":"台湾高速鉄道","name:nan":"Tâi-oân-ko-sok-thih-lō͘","name:nan-Latn-pehoeji":"Tâi-oân-ko-sok-thih-lō͘","name:nan-Latn-tailo":"Tâi-uân-ko-sok-thih-lōo","name:ru":"Тайваньская высокоскоростная железная дорога","name:zh":"台灣高速鐵路","network":"台灣高鐵","network:en":"THSR","network:zh":"台灣高鐵","operator":"台灣高速鐵路股份有限公司","railway":"rail","ref":"台灣高鐵","start_date":"2007-01-05","usage":"main","voltage":"25000","wikidata":"Q706198","wikipedia":"zh:台灣高鐵"},"id":"way/207560628"},{"type":"Feature","geometry":{"type":"LineString","coordinates":[[121.022237,24.753527],[121.021005,24.752102]]},"properties":{"@id":"way/207560629","electrified":"contact_line","frequency":"60","gauge":"1435","highspeed":"yes","maxspeed":"300","name":"台灣高速鐵路","name:en":"Taiwan High Speed Rail","name:ja":"台湾高速鉄道","name:nan":"Tâi-oân-ko-sok-thih-lō͘","name:nan-Latn-pehoeji":"Tâi-oân-ko-sok-thih-lō͘","name:nan-Latn-tailo":"Tâi-uân-ko-sok-thih-lōo","name:ru":"Тайваньская высокоскоростная железная дорога","name:zh":"台灣高速鐵路","network":"台灣高鐵","network:en":"THSR","network:zh":"台灣高鐵","operator":"台灣高速鐵路股份有限公司","railway":"rail","ref":"台灣高鐵","start_date":"2007-01-05","usage":"main","voltage":"25000","wikidata":"Q706198","wikipedia":"zh:台灣高鐵"},"id":"way/207560629"},{"type":"Feature","geometry":{"type":"LineString","coordinates":[[121.018225,24.749191],[121.016385,24.74743],[121.014594,24.745873]]},"properties":{"@id":"way/207563723","bridge":"yes","electrified":"contact_line","frequency":"60","gauge":"1435","highspeed":"yes","layer":"1","maxspeed":"300","name":"台灣高速鐵路","name:en":"Taiwan High Speed Rail","name:ja":"台湾高速鉄道","name:nan":"Tâi-oân-ko-sok-thih-lō͘","name:nan-Latn-pehoeji":"Tâi-oân-ko-sok-thih-lō͘","name:nan-Latn-tailo":"Tâi-uân-ko-sok-thih-lōo","name:ru":"Тайваньская высокоскоростная железная дорога","name:zh":"台灣高速鐵路","network":"台灣高鐵","network:en":"THSR","network:zh":"台灣高鐵","operator":"台灣高速鐵路股份有限公司","railway":"rail","ref":"台灣高鐵","start_date":"2007-01-05","usage":"main","voltage":"25000","wikidata":"Q706198","wikipedia":"zh:台灣高鐵"},"id":"way/207563723"},{"type":"Feature","geometry":{"type":"LineString","coordinates":[[121.01231,24.74407],[121.013449,24.744958],[121.014548,24.745914]]},"properties":{"@id":"way/207563724","electrified":"contact_line","frequency":"60","gauge":"1435","highspeed":"yes","maxspeed":"300","name":"台灣高速鐵路","name:en":"Taiwan High Speed Rail","name:ja":"台湾高速鉄道","name:nan":"Tâi-oân-ko-sok-thih-lō͘","name:nan-Latn-pehoeji":"Tâi-oân-ko-sok-thih-lō͘","name:nan-Latn-tailo":"Tâi-uân-ko-sok-thih-lōo","name:ru":"Тайваньская высокоскоростная железная дорога","name:zh":"台灣高速鐵路","network":"台灣高鐵","network:en":"THSR","network:zh":"台灣高鐵","operator":"台灣高速鐵路股份有限公司","railway":"rail","ref":"台灣高鐵","start_date":"2007-01-05","usage":"main","voltage":"25000","wikidata":"Q706198","wikipedia":"zh:台灣高鐵"},"id":"way/207563724"},{"type":"Feature","geometry":{"type":"LineString","coordinates":[[121.014548,24.745914],[121.016339,24.747471],[121.018177,24.749227]]},"properties":{"@id":"way/207563725","bridge":"yes","electrified":"contact_line","frequency":"60","gauge":"1435","highspeed":"yes","layer":"1","maxspeed":"300","name":"台灣高速鐵路","name:en":"Taiwan High Speed Rail","name:ja":"台湾高速鉄道","name:nan":"Tâi-oân-ko-sok-thih-lō͘","name:nan-Latn-pehoeji":"Tâi-oân-ko-sok-thih-lō͘","name:nan-Latn-tailo":"Tâi-uân-ko-sok-thih-lōo","name:ru":"Тайваньская высокоскоростная железная дорога","name:zh":"台灣高速鐵路","network":"台灣高鐵","network:en":"THSR","network:zh":"台灣高鐵","operator":"台灣高速鐵路股份有限公司","railway":"rail","ref":"台灣高鐵","start_date":"2007-01-05","usage":"main","voltage":"25000","wikidata":"Q706198","wikipedia":"zh:台灣高鐵"},"id":"way/207563725"},{"type":"Feature","geometry":{"type":"LineString","coordinates":[[121.014594,24.745873],[121.013492,24.744915],[121.012352,24.744026]]},"properties":{"@id":"way/207563726","electrified":"contact_line","frequency":"60","gauge":"1435","highspeed":"yes","maxspeed":"300","name":"台灣高速鐵路","name:en":"Taiwan High Speed Rail","name:ja":"台湾高速鉄道","name:nan":"Tâi-oân-ko-sok-thih-lō͘","name:nan-Latn-pehoeji":"Tâi-oân-ko-sok-thih-lō͘","name:nan-Latn-tailo":"Tâi-uân-ko-sok-thih-lōo","name:ru":"Тайваньская высокоскоростная железная дорога","name:zh":"台灣高速鐵路","network":"台灣高鐵","network:en":"THSR","network:zh":"台灣高鐵","operator":"台灣高速鐵路股份有限公司","railway":"rail","ref":"台灣高鐵","start_date":"2007-01-05","usage":"main","voltage":"25000","wikidata":"Q706198","wikipedia":"zh:台灣高鐵"},"id":"way/207563726"},{"type":"Feature","geometry":{"type":"LineString","coordinates":[[121.007762,24.740913],[121.00957,24.742115]]},"properties":{"@id":"way/207564109","bridge":"yes","electrified":"contact_line","frequency":"60","gauge":"1435","highspeed":"yes","layer":"1","maxspeed":"300","name":"台灣高速鐵路","name:en":"Taiwan High Speed Rail","name:ja":"台湾高速鉄道","name:nan":"Tâi-oân-ko-sok-thih-lō͘","name:nan-Latn-pehoeji":"Tâi-oân-ko-sok-thih-lō͘","name:nan-Latn-tailo":"Tâi-uân-ko-sok-thih-lōo","name:ru":"Тайваньская высокоскоростная железная дорога","name:zh":"台灣高速鐵路","network":"台灣高鐵","network:en":"THSR","network:zh":"台灣高鐵","operator":"台灣高速鐵路股份有限公司","railway":"rail","ref":"台灣高鐵","start_date":"2007-01-05","usage":"main","voltage":"25000","wikidata":"Q706198","wikipedia":"zh:台灣高鐵"},"id":"way/207564109"},{"type":"Feature","geometry":{"type":"LineString","coordinates":[[121.009606,24.742072],[121.007794,24.740872]]},"properties":{"@id":"way/207564110","bridge":"yes","electrified":"contact_line","frequency":"60","gauge":"1435","highspeed":"yes","layer":"1","maxspeed":"300","name":"台灣高速鐵路","name:en":"Taiwan High Speed Rail","name:ja":"台湾高速鉄道","name:nan":"Tâi-oân-ko-sok-thih-lō͘","name:nan-Latn-pehoeji":"Tâi-oân-ko-sok-thih-lō͘","name:nan-Latn-tailo":"Tâi-uân-ko-sok-thih-lōo","name:ru":"Тайваньская высокоскоростная железная дорога","name:zh":"台灣高速鐵路","network":"台灣高鐵","network:en":"THSR","network:zh":"台灣高鐵","operator":"台灣高速鐵路股份有限公司","railway":"rail","ref":"台灣高鐵","start_date":"2007-01-05","usage":"main","voltage":"25000","wikidata":"Q706198","wikipedia":"zh:台灣高鐵"},"id":"way/207564110"},{"type":"Feature","geometry":{"type":"LineString","coordinates":[[121.007534,24.740761],[121.007762,24.740913]]},"properties":{"@id":"way/207564112","electrified":"contact_line","frequency":"60","gauge":"1435","highspeed":"yes","maxspeed":"300","name":"台灣高速鐵路","name:en":"Taiwan High Speed Rail","name:ja":"台湾高速鉄道","name:nan":"Tâi-oân-ko-sok-thih-lō͘","name:nan-Latn-pehoeji":"Tâi-oân-ko-sok-thih-lō͘","name:nan-Latn-tailo":"Tâi-uân-ko-sok-thih-lōo","name:ru":"Тайваньская высокоскоростная железная дорога","name:zh":"台灣高速鐵路","network":"台灣高鐵","network:en":"THSR","network:zh":"台灣高鐵","operator":"台灣高速鐵路股份有限公司","railway":"rail","ref":"台灣高鐵","start_date":"2007-01-05","usage":"main","voltage":"25000","wikidata":"Q706198","wikipedia":"zh:台灣高鐵"},"id":"way/207564112"},{"type":"Feature","geometry":{"type":"LineString","coordinates":[[121.007794,24.740872],[121.007563,24.740719]]},"properties":{"@id":"way/207564115","electrified":"contact_line","frequency":"60","gauge":"1435","highspeed":"yes","maxspeed":"300","name":"台灣高速鐵路","name:en":"Taiwan High Speed Rail","name:ja":"台湾高速鉄道","name:nan":"Tâi-oân-ko-sok-thih-lō͘","name:nan-Latn-pehoeji":"Tâi-oân-ko-sok-thih-lō͘","name:nan-Latn-tailo":"Tâi-uân-ko-sok-thih-lōo","name:ru":"Тайваньская высокоскоростная железная дорога","name:zh":"台灣高速鐵路","network":"台灣高鐵","network:en":"THSR","network:zh":"台灣高鐵","operator":"台灣高速鐵路股份有限公司","railway":"rail","ref":"台灣高鐵","start_date":"2007-01-05","usage":"main","voltage":"25000","wikidata":"Q706198","wikipedia":"zh:台灣高鐵"},"id":"way/207564115"},{"type":"Feature","geometry":{"type":"LineString","coordinates":[[120.99692,24.734714],[120.998806,24.735791]]},"properties":{"@id":"way/207565111","bridge":"yes","electrified":"contact_line","frequency":"60","gauge":"1435","highspeed":"yes","layer":"1","maxspeed":"300","name":"台灣高速鐵路","name:en":"Taiwan High Speed Rail","name:ja":"台湾高速鉄道","name:nan":"Tâi-oân-ko-sok-thih-lō͘","name:nan-Latn-pehoeji":"Tâi-oân-ko-sok-thih-lō͘","name:nan-Latn-tailo":"Tâi-uân-ko-sok-thih-lōo","name:ru":"Тайваньская высокоскоростная железная дорога","name:zh":"台灣高速鐵路","network":"台灣高鐵","network:en":"THSR","network:zh":"台灣高鐵","operator":"台灣高速鐵路股份有限公司","railway":"rail","ref":"台灣高鐵","start_date":"2007-01-05","usage":"main","voltage":"25000","wikidata":"Q706198","wikipedia":"zh:台灣高鐵"},"id":"way/207565111"},{"type":"Feature","geometry":{"type":"LineString","coordinates":[[120.999766,24.736339],[121.00111,24.737106]]},"properties":{"@id":"way/207565112","bridge":"yes","electrified":"contact_line","frequency":"60","gauge":"1435","highspeed":"yes","layer":"1","maxspeed":"300","name":"台灣高速鐵路","name:en":"Taiwan High Speed Rail","name:ja":"台湾高速鉄道","name:nan":"Tâi-oân-ko-sok-thih-lō͘","name:nan-Latn-pehoeji":"Tâi-oân-ko-sok-thih-lō͘","name:nan-Latn-tailo":"Tâi-uân-ko-sok-thih-lōo","name:ru":"Тайваньская высокоскоростная железная дорога","name:zh":"台灣高速鐵路","network":"台灣高鐵","network:en":"THSR","network:zh":"台灣高鐵","operator":"台灣高速鐵路股份有限公司","railway":"rail","ref":"台灣高鐵","start_date":"2007-01-05","usage":"main","voltage":"25000","wikidata":"Q706198","wikipedia":"zh:台灣高鐵"},"id":"way/207565112"},{"type":"Feature","geometry":{"type":"LineString","coordinates":[[120.998843,24.735733],[120.996957,24.734662]]},"properties":{"@id":"way/207565113","bridge":"yes","electrified":"contact_line","frequency":"60","gauge":"1435","highspeed":"yes","layer":"1","maxspeed":"300","name":"台灣高速鐵路","name:en":"Taiwan High Speed Rail","name:ja":"台湾高速鉄道","name:nan":"Tâi-oân-ko-sok-thih-lō͘","name:nan-Latn-pehoeji":"Tâi-oân-ko-sok-thih-lō͘","name:nan-Latn-tailo":"Tâi-uân-ko-sok-thih-lōo","name:ru":"Тайваньская высокоскоростная железная дорога","name:zh":"台灣高速鐵路","network":"台灣高鐵","network:en":"THSR","network:zh":"台灣高鐵","operator":"台灣高速鐵路股份有限公司","railway":"rail","ref":"台灣高鐵","start_date":"2007-01-05","usage":"main","voltage":"25000","wikidata":"Q706198","wikipedia":"zh:台灣高鐵"},"id":"way/207565113"},{"type":"Feature","geometry":{"type":"LineString","coordinates":[[120.995053,24.733648],[120.99692,24.734714]]},"properties":{"@id":"way/207565114","electrified":"contact_line","frequency":"60","gauge":"1435","highspeed":"yes","maxspeed":"300","name":"台灣高速鐵路","name:en":"Taiwan High Speed Rail","name:ja":"台湾高速鉄道","name:nan":"Tâi-oân-ko-sok-thih-lō͘","name:nan-Latn-pehoeji":"Tâi-oân-ko-sok-thih-lō͘","name:nan-Latn-tailo":"Tâi-uân-ko-sok-thih-lōo","name:ru":"Тайваньская высокоскоростная железная дорога","name:zh":"台灣高速鐵路","network":"台灣高鐵","network:en":"THSR","network:zh":"台灣高鐵","operator":"台灣高速鐵路股份有限公司","railway":"rail","ref":"台灣高鐵","start_date":"2007-01-05","usage":"main","voltage":"25000","wikidata":"Q706198","wikipedia":"zh:台灣高鐵"},"id":"way/207565114"},{"type":"Feature","geometry":{"type":"LineString","coordinates":[[121.001152,24.737046],[120.999801,24.736278]]},"properties":{"@id":"way/207565115","bridge":"yes","electrified":"contact_line","frequency":"60","gauge":"1435","highspeed":"yes","layer":"1","maxspeed":"300","name":"台灣高速鐵路","name:en":"Taiwan High Speed Rail","name:ja":"台湾高速鉄道","name:nan":"Tâi-oân-ko-sok-thih-lō͘","name:nan-Latn-pehoeji":"Tâi-oân-ko-sok-thih-lō͘","name:nan-Latn-tailo":"Tâi-uân-ko-sok-thih-lōo","name:ru":"Тайваньская высокоскоростная железная дорога","name:zh":"台灣高速鐵路","network":"台灣高鐵","network:en":"THSR","network:zh":"台灣高鐵","operator":"台灣高速鐵路股份有限公司","railway":"rail","ref":"台灣高鐵","start_date":"2007-01-05","usage":"main","voltage":"25000","wikidata":"Q706198","wikipedia":"zh:台灣高鐵"},"id":"way/207565115"},{"type":"Feature","geometry":{"type":"LineString","coordinates":[[120.998806,24.735791],[120.999766,24.736339]]},"properties":{"@id":"way/207565116","electrified":"contact_line","frequency":"60","gauge":"1435","highspeed":"yes","maxspeed":"300","name":"台灣高速鐵路","name:en":"Taiwan High Speed Rail","name:ja":"台湾高速鉄道","name:nan":"Tâi-oân-ko-sok-thih-lō͘","name:nan-Latn-pehoeji":"Tâi-oân-ko-sok-thih-lō͘","name:nan-Latn-tailo":"Tâi-uân-ko-sok-thih-lōo","name:ru":"Тайваньская высокоскоростная железная дорога","name:zh":"台灣高速鐵路","network":"台灣高鐵","network:en":"THSR","network:zh":"台灣高鐵","operator":"台灣高速鐵路股份有限公司","railway":"rail","ref":"台灣高鐵","start_date":"2007-01-05","usage":"main","voltage":"25000","wikidata":"Q706198","wikipedia":"zh:台灣高鐵"},"id":"way/207565116"},{"type":"Feature","geometry":{"type":"LineString","coordinates":[[120.996957,24.734662],[120.995086,24.733598]]},"properties":{"@id":"way/207565117","electrified":"contact_line","frequency":"60","gauge":"1435","highspeed":"yes","maxspeed":"300","name":"台灣高速鐵路","name:en":"Taiwan High Speed Rail","name:ja":"台湾高速鉄道","name:nan":"Tâi-oân-ko-sok-thih-lō͘","name:nan-Latn-pehoeji":"Tâi-oân-ko-sok-thih-lō͘","name:nan-Latn-tailo":"Tâi-uân-ko-sok-thih-lōo","name:ru":"Тайваньская высокоскоростная железная дорога","name:zh":"台灣高速鐵路","network":"台灣高鐵","network:en":"THSR","network:zh":"台灣高鐵","operator":"台灣高速鐵路股份有限公司","railway":"rail","ref":"台灣高鐵","start_date":"2007-01-05","usage":"main","voltage":"25000","wikidata":"Q706198","wikipedia":"zh:台灣高鐵"},"id":"way/207565117"},{"type":"Feature","geometry":{"type":"LineString","coordinates":[[120.999801,24.736278],[120.998843,24.735733]]},"properties":{"@id":"way/207565118","electrified":"contact_line","frequency":"60","gauge":"1435","highspeed":"yes","maxspeed":"300","name":"台灣高速鐵路","name:en":"Taiwan High Speed Rail","name:ja":"台湾高速鉄道","name:nan":"Tâi-oân-ko-sok-thih-lō͘","name:nan-Latn-pehoeji":"Tâi-oân-ko-sok-thih-lō͘","name:nan-Latn-tailo":"Tâi-uân-ko-sok-thih-lōo","name:ru":"Тайваньская высокоскоростная железная дорога","name:zh":"台灣高速鐵路","network":"台灣高鐵","network:en":"THSR","network:zh":"台灣高鐵","operator":"台灣高速鐵路股份有限公司","railway":"rail","ref":"台灣高鐵","start_date":"2007-01-05","usage":"main","voltage":"25000","wikidata":"Q706198","wikipedia":"zh:台灣高鐵"},"id":"way/207565118"},{"type":"Feature","geometry":{"type":"LineString","coordinates":[[121.617367,25.054421],[121.616155,25.054357],[121.614923,25.054244],[121.6136,25.054091],[121.612684,25.053942],[121.612237,25.053835],[121.610834,25.053774],[121.60786,25.053291]]},"properties":{"@id":"way/238982787","electrified":"contact_line","frequency":"60","gauge":"1435","highspeed":"yes","layer":"-3","level":"-1","name":"台灣高速鐵路","name:en":"Taiwan High Speed Rail","name:ja":"台湾高速鉄道","name:nan":"Tâi-oân-ko-sok-thih-lō͘","name:nan-Latn-pehoeji":"Tâi-oân-ko-sok-thih-lō͘","name:nan-Latn-tailo":"Tâi-uân-ko-sok-thih-lōo","name:ru":"Тайваньская высокоскоростная железная дорога","name:zh":"台灣高速鐵路","name:zh-Hans":"台湾高速铁路","name:zh-Hant":"台灣高速鐵路","network":"台灣高鐵","network:en":"THSR","network:zh":"台灣高鐵","operator":"台灣高速鐵路股份有限公司","railway":"rail","ref":"台灣高鐵","service":"yard","tunnel":"yes","usage":"main","voltage":"25000","wikidata":"Q706198","wikipedia":"zh:台灣高鐵"},"id":"way/238982787"},{"type":"Feature","geometry":{"type":"LineString","coordinates":[[120.743129,24.532829],[120.739078,24.527387]]},"properties":{"@id":"way/242270262","electrified":"contact_line","frequency":"60","gauge":"1435","highspeed":"yes","maxspeed":"300","name":"台灣高速鐵路","name:en":"Taiwan High Speed Rail","name:ja":"台湾高速鉄道","name:nan":"Tâi-oân-ko-sok-thih-lō͘","name:nan-Latn-pehoeji":"Tâi-oân-ko-sok-thih-lō͘","name:nan-Latn-tailo":"Tâi-uân-ko-sok-thih-lōo","name:ru":"Тайваньская высокоскоростная железная дорога","name:zh":"台灣高速鐵路","network":"台灣高鐵","network:en":"THSR","network:zh":"台灣高鐵","operator":"台灣高速鐵路股份有限公司","railway":"rail","ref":"台灣高鐵","start_date":"2007-01-05","tunnel":"yes","usage":"main","voltage":"25000","wikidata":"Q706198","wikipedia":"zh:台灣高鐵"},"id":"way/242270262"},{"type":"Feature","geometry":{"type":"LineString","coordinates":[[120.739078,24.527387],[120.737813,24.525483]]},"properties":{"@id":"way/242270263","electrified":"contact_line","frequency":"60","gauge":"1435","highspeed":"yes","maxspeed":"300","name":"台灣高速鐵路","name:en":"Taiwan High Speed Rail","name:ja":"台湾高速鉄道","name:nan":"Tâi-oân-ko-sok-thih-lō͘","name:nan-Latn-pehoeji":"Tâi-oân-ko-sok-thih-lō͘","name:nan-Latn-tailo":"Tâi-uân-ko-sok-thih-lōo","name:ru":"Тайваньская высокоскоростная железная дорога","name:zh":"台灣高速鐵路","network":"台灣高鐵","network:en":"THSR","network:zh":"台灣高鐵","operator":"台灣高速鐵路股份有限公司","railway":"rail","ref":"台灣高鐵","start_date":"2007-01-05","usage":"main","voltage":"25000","wikidata":"Q706198","wikipedia":"zh:台灣高鐵"},"id":"way/242270263"},{"type":"Feature","geometry":{"type":"LineString","coordinates":[[120.704476,24.464195],[120.703985,24.462278]]},"properties":{"@id":"way/244749022","electrified":"contact_line","frequency":"60","gauge":"1435","highspeed":"yes","maxspeed":"300","name":"台灣高速鐵路","name:en":"Taiwan High Speed Rail","name:ja":"台湾高速鉄道","name:nan":"Tâi-oân-ko-sok-thih-lō͘","name:nan-Latn-pehoeji":"Tâi-oân-ko-sok-thih-lō͘","name:nan-Latn-tailo":"Tâi-uân-ko-sok-thih-lōo","name:ru":"Тайваньская высокоскоростная железная дорога","name:zh":"台灣高速鐵路","network":"台灣高鐵","network:en":"THSR","network:zh":"台灣高鐵","operator":"台灣高速鐵路股份有限公司","railway":"rail","ref":"台灣高鐵","start_date":"2007-01-05","usage":"main","voltage":"25000","wikidata":"Q706198","wikipedia":"zh:台灣高鐵"},"id":"way/244749022"},{"type":"Feature","geometry":{"type":"LineString","coordinates":[[120.707719,24.473122],[120.707506,24.472576],[120.706532,24.470081],[120.705298,24.466778],[120.704476,24.464195]]},"properties":{"@id":"way/244749023","bridge":"yes","electrified":"contact_line","frequency":"60","gauge":"1435","highspeed":"yes","layer":"1","maxspeed":"300","name":"台灣高速鐵路","name:en":"Taiwan High Speed Rail","name:ja":"台湾高速鉄道","name:nan":"Tâi-oân-ko-sok-thih-lō͘","name:nan-Latn-pehoeji":"Tâi-oân-ko-sok-thih-lō͘","name:nan-Latn-tailo":"Tâi-uân-ko-sok-thih-lōo","name:ru":"Тайваньская высокоскоростная железная дорога","name:zh":"台灣高速鐵路","network":"台灣高鐵","network:en":"THSR","network:zh":"台灣高鐵","operator":"台灣高速鐵路股份有限公司","railway":"rail","ref":"台灣高鐵","start_date":"2007-01-05","usage":"main","voltage":"25000","wikidata":"Q706198","wikipedia":"zh:台灣高鐵"},"id":"way/244749023"},{"type":"Feature","geometry":{"type":"LineString","coordinates":[[120.8516,24.616818],[120.847942,24.615247],[120.837769,24.610819],[120.833693,24.609026],[120.831679,24.608157]]},"properties":{"@id":"way/254605563","bridge":"yes","electrified":"contact_line","frequency":"60","gauge":"1435","highspeed":"yes","layer":"2","maxspeed":"300","name":"台灣高速鐵路","name:en":"Taiwan High Speed Rail","name:ja":"台湾高速鉄道","name:nan":"Tâi-oân-ko-sok-thih-lō͘","name:nan-Latn-pehoeji":"Tâi-oân-ko-sok-thih-lō͘","name:nan-Latn-tailo":"Tâi-uân-ko-sok-thih-lōo","name:ru":"Тайваньская высокоскоростная железная дорога","name:zh":"台灣高速鐵路","network":"台灣高鐵","network:en":"THSR","network:zh":"台灣高鐵","operator":"台灣高速鐵路股份有限公司","railway":"rail","ref":"台灣高鐵","start_date":"2007-01-05","usage":"main","voltage":"25000","wikidata":"Q706198","wikipedia":"zh:台灣高鐵"},"id":"way/254605563"},{"type":"Feature","geometry":{"type":"LineString","coordinates":[[120.795185,24.591003],[120.793679,24.589869],[120.79281,24.58917],[120.79215,24.588659]]},"properties":{"@id":"way/254605564","bridge":"yes","electrified":"contact_line","frequency":"60","gauge":"1435","highspeed":"yes","layer":"2","maxspeed":"300","name":"台灣高速鐵路","name:en":"Taiwan High Speed Rail","name:ja":"台湾高速鉄道","name:nan":"Tâi-oân-ko-sok-thih-lō͘","name:nan-Latn-pehoeji":"Tâi-oân-ko-sok-thih-lō͘","name:nan-Latn-tailo":"Tâi-uân-ko-sok-thih-lōo","name:ru":"Тайваньская высокоскоростная железная дорога","name:zh":"台灣高速鐵路","network":"台灣高鐵","network:en":"THSR","network:zh":"台灣高鐵","operator":"台灣高速鐵路股份有限公司","railway":"rail","ref":"台灣高鐵","start_date":"2007-01-05","usage":"main","voltage":"25000","wikidata":"Q706198","wikipedia":"zh:台灣高鐵"},"id":"way/254605564"},{"type":"Feature","geometry":{"type":"LineString","coordinates":[[120.783847,24.580941],[120.772242,24.568016],[120.768426,24.56356]]},"properties":{"@id":"way/254605565","electrified":"contact_line","frequency":"60","gauge":"1435","highspeed":"yes","maxspeed":"300","name":"台灣高速鐵路","name:en":"Taiwan High Speed Rail","name:ja":"台湾高速鉄道","name:nan":"Tâi-oân-ko-sok-thih-lō͘","name:nan-Latn-pehoeji":"Tâi-oân-ko-sok-thih-lō͘","name:nan-Latn-tailo":"Tâi-uân-ko-sok-thih-lōo","name:ru":"Тайваньская высокоскоростная железная дорога","name:zh":"台灣高速鐵路","network":"台灣高鐵","network:en":"THSR","network:zh":"台灣高鐵","operator":"台灣高速鐵路股份有限公司","railway":"rail","ref":"台灣高鐵","start_date":"2007-01-05","tunnel":"yes","usage":"main","voltage":"25000","wikidata":"Q706198","wikipedia":"zh:台灣高鐵"},"id":"way/254605565"},{"type":"Feature","geometry":{"type":"LineString","coordinates":[[120.805369,24.596631],[120.80397,24.595997],[120.801062,24.594506],[120.797369,24.592403],[120.795185,24.591003]]},"properties":{"@id":"way/254605566","electrified":"contact_line","frequency":"60","gauge":"1435","highspeed":"yes","layer":"-1","maxspeed":"300","name":"台灣高速鐵路","name:en":"Taiwan High Speed Rail","name:ja":"台湾高速鉄道","name:nan":"Tâi-oân-ko-sok-thih-lō͘","name:nan-Latn-pehoeji":"Tâi-oân-ko-sok-thih-lō͘","name:nan-Latn-tailo":"Tâi-uân-ko-sok-thih-lōo","name:ru":"Тайваньская высокоскоростная железная дорога","name:zh":"台灣高速鐵路","network":"台灣高鐵","network:en":"THSR","network:zh":"台灣高鐵","operator":"台灣高速鐵路股份有限公司","railway":"rail","ref":"台灣高鐵","start_date":"2007-01-05","tunnel":"yes","usage":"main","voltage":"25000","wikidata":"Q706198","wikipedia":"zh:台灣高鐵"},"id":"way/254605566"},{"type":"Feature","geometry":{"type":"LineString","coordinates":[[120.358716,22.717181],[120.358647,22.716335],[120.358604,22.715998],[120.35855,22.715663],[120.358486,22.715329],[120.358411,22.714996],[120.358326,22.714666],[120.358231,22.714339],[120.358126,22.714014],[120.35801,22.713691],[120.357885,22.713372],[120.35775,22.713057],[120.357604,22.712745],[120.35745,22.712437],[120.357285,22.712134],[120.357112,22.711835],[120.356929,22.71154],[120.356737,22.711251],[120.356536,22.710967],[120.356326,22.710688],[120.356107,22.710415],[120.355881,22.710148],[120.355645,22.709887],[120.355402,22.709632],[120.355151,22.709384],[120.354893,22.709143],[120.354627,22.708909],[120.354354,22.708682],[120.354074,22.708462],[120.353787,22.708249],[120.353493,22.708045],[120.353194,22.707848],[120.352888,22.707659],[120.352577,22.707479],[120.35226,22.707306],[120.351953,22.70715],[120.351642,22.707002],[120.351326,22.706861],[120.351006,22.706729],[120.350683,22.706605],[120.350356,22.706489],[120.350025,22.706381],[120.349692,22.706282],[120.349356,22.706191],[120.349017,22.706108],[120.348676,22.706035],[120.348332,22.70597],[120.347987,22.705913],[120.347641,22.705866],[120.347293,22.705827],[120.346944,22.705797],[120.346599,22.705774]]},"properties":{"@id":"way/261511888","bridge":"viaduct","electrified":"contact_line","frequency":"60","gauge":"1435","highspeed":"yes","layer":"2","maxspeed":"200","name":"台灣高速鐵路","name:en":"Taiwan High Speed Rail","name:ja":"台湾高速鉄道","name:nan":"Tâi-oân-ko-sok-thih-lō͘","name:nan-Latn-pehoeji":"Tâi-oân-ko-sok-thih-lō͘","name:nan-Latn-tailo":"Tâi-uân-ko-sok-thih-lōo","name:ru":"Тайваньская высокоскоростная железная дорога","name:zh":"台灣高速鐵路","network":"台灣高鐵","network:en":"THSR","network:zh":"台灣高鐵","operator":"台灣高速鐵路股份有限公司","railway":"rail","ref":"台灣高鐵","start_date":"2007-01-05","usage":"main","voltage":"25000","wikidata":"Q706198","wikipedia":"zh:台灣高鐵"},"id":"way/261511888"},{"type":"Feature","geometry":{"type":"LineString","coordinates":[[120.346596,22.705815],[120.346939,22.705837],[120.347287,22.705868],[120.347634,22.705907],[120.34798,22.705955],[120.348324,22.706011],[120.348667,22.706076],[120.349007,22.70615],[120.349345,22.706232],[120.34968,22.706323],[120.350013,22.706423],[120.350343,22.70653],[120.350669,22.706647],[120.350991,22.706771],[120.35131,22.706903],[120.351625,22.707043],[120.351936,22.707192],[120.352242,22.707348],[120.352557,22.707519],[120.352867,22.707699],[120.353171,22.707887],[120.353469,22.708083],[120.353761,22.708287],[120.354046,22.708498],[120.354325,22.708717],[120.354597,22.708944],[120.354861,22.709177],[120.355119,22.709417],[120.355368,22.709664],[120.35561,22.709917],[120.355844,22.710177],[120.35607,22.710443],[120.356288,22.710715],[120.356496,22.710992],[120.356697,22.711275],[120.356888,22.711562],[120.35707,22.711855],[120.357243,22.712153],[120.357407,22.712455],[120.357561,22.712761],[120.357706,22.713071],[120.357841,22.713385],[120.357966,22.713702],[120.358081,22.714023],[120.358187,22.714346],[120.358282,22.714672],[120.358367,22.715001],[120.358442,22.715331],[120.358506,22.715664],[120.35856,22.715998],[120.358604,22.716333],[120.358675,22.717171]]},"properties":{"@id":"way/261511889","bridge":"viaduct","electrified":"contact_line","frequency":"60","gauge":"1435","highspeed":"yes","layer":"2","maxspeed":"200","name":"台灣高速鐵路","name:en":"Taiwan High Speed Rail","name:ja":"台湾高速鉄道","name:nan":"Tâi-oân-ko-sok-thih-lō͘","name:nan-Latn-pehoeji":"Tâi-oân-ko-sok-thih-lō͘","name:nan-Latn-tailo":"Tâi-uân-ko-sok-thih-lōo","name:ru":"Тайваньская высокоскоростная железная дорога","name:zh":"台灣高速鐵路","network":"台灣高鐵","network:en":"THSR","network:zh":"台灣高鐵","operator":"台灣高速鐵路股份有限公司","railway":"rail","ref":"台灣高鐵","start_date":"2007-01-05","usage":"main","voltage":"25000","wikidata":"Q706198","wikipedia":"zh:台灣高鐵"},"id":"way/261511889"},{"type":"Feature","geometry":{"type":"LineString","coordinates":[[121.507339,25.039403],[121.506901,25.037865],[121.506782,25.037492],[121.50665,25.036996]]},"properties":{"@id":"way/265001845","electrified":"contact_line","frequency":"60","gauge":"1435","highspeed":"yes","layer":"-3","maxspeed":"130","name":"台灣高速鐵路","name:en":"Taiwan High Speed Rail","name:ja":"台湾高速鉄道","name:nan":"Tâi-oân-ko-sok-thih-lō͘","name:nan-Latn-pehoeji":"Tâi-oân-ko-sok-thih-lō͘","name:nan-Latn-tailo":"Tâi-uân-ko-sok-thih-lōo","name:ru":"Тайваньская высокоскоростная железная дорога","name:zh":"台灣高速鐵路","network":"台灣高鐵","network:en":"THSR","network:zh":"台灣高鐵","operator":"台灣高速鐵路股份有限公司","railway":"rail","ref":"台灣高鐵","start_date":"2007-03-02","tunnel":"yes","usage":"main","voltage":"25000","wikidata":"Q706198","wikipedia":"zh:台灣高鐵"},"id":"way/265001845"},{"type":"Feature","geometry":{"type":"LineString","coordinates":[[121.447006,25.003965],[121.446493,25.003987],[121.445215,25.004041],[121.44425,25.004074],[121.443876,25.004099],[121.443223,25.00414],[121.442211,25.004253],[121.440468,25.004452],[121.439623,25.004518]]},"properties":{"@id":"way/317259540","bridge":"viaduct","electrified":"contact_line","frequency":"60","gauge":"1435","highspeed":"yes","layer":"2","maxspeed":"130","name":"台灣高速鐵路","name:en":"Taiwan High Speed Rail","name:ja":"台湾高速鉄道","name:nan":"Tâi-oân-ko-sok-thih-lō͘","name:nan-Latn-pehoeji":"Tâi-oân-ko-sok-thih-lō͘","name:nan-Latn-tailo":"Tâi-uân-ko-sok-thih-lōo","name:ru":"Тайваньская высокоскоростная железная дорога","name:zh":"台灣高速鐵路","network":"台灣高鐵","network:en":"THSR","network:zh":"台灣高鐵","operator":"台灣高速鐵路股份有限公司","railway":"rail","ref":"台灣高鐵","start_date":"2007-01-05","usage":"main","voltage":"25000","wikidata":"Q706198","wikipedia":"zh:台灣高鐵"},"id":"way/317259540"},{"type":"Feature","geometry":{"type":"LineString","coordinates":[[121.439633,25.004557],[121.440476,25.004497],[121.442218,25.004288],[121.44323,25.00419],[121.443879,25.004141],[121.444258,25.004124],[121.445229,25.004088],[121.446499,25.004031],[121.447007,25.004011]]},"properties":{"@id":"way/317259543","bridge":"viaduct","electrified":"contact_line","frequency":"60","gauge":"1435","highspeed":"yes","layer":"2","maxspeed":"130","name":"台灣高速鐵路","name:en":"Taiwan High Speed Rail","name:ja":"台湾高速鉄道","name:nan":"Tâi-oân-ko-sok-thih-lō͘","name:nan-Latn-pehoeji":"Tâi-oân-ko-sok-thih-lō͘","name:nan-Latn-tailo":"Tâi-uân-ko-sok-thih-lōo","name:ru":"Тайваньская высокоскоростная железная дорога","name:zh":"台灣高速鐵路","network":"台灣高鐵","network:en":"THSR","network:zh":"台灣高鐵","operator":"台灣高速鐵路股份有限公司","railway":"rail","ref":"台灣高鐵","start_date":"2007-01-05","usage":"main","voltage":"25000","wikidata":"Q706198","wikipedia":"zh:台灣高鐵"},"id":"way/317259543"},{"type":"Feature","geometry":{"type":"LineString","coordinates":[[120.583123,23.878977],[120.578581,23.876207],[120.576778,23.875111],[120.576585,23.874994]]},"properties":{"@id":"way/319235166","bridge":"viaduct","electrified":"contact_line","frequency":"60","gauge":"1435","highspeed":"yes","layer":"1","maxspeed":"300","name":"台灣高速鐵路","name:en":"Taiwan High Speed Rail","name:ja":"台湾高速鉄道","name:nan":"Tâi-oân-ko-sok-thih-lō͘","name:nan-Latn-pehoeji":"Tâi-oân-ko-sok-thih-lō͘","name:nan-Latn-tailo":"Tâi-uân-ko-sok-thih-lōo","name:ru":"Тайваньская высокоскоростная железная дорога","name:zh":"台灣高速鐵路","network":"台灣高鐵","network:en":"THSR","network:zh":"台灣高鐵","operator":"台灣高速鐵路股份有限公司","railway":"rail","ref":"台灣高鐵","start_date":"2007-01-05","usage":"main","voltage":"25000","wikidata":"Q706198","wikipedia":"zh:台灣高鐵"},"id":"way/319235166"},{"type":"Feature","geometry":{"type":"LineString","coordinates":[[121.042631,24.817689],[121.040232,24.808296],[121.039275,24.804521]]},"properties":{"@id":"way/321939770","bridge":"viaduct","check_date":"2024-04-29","electrified":"contact_line","frequency":"60","gauge":"1435","highspeed":"yes","layer":"1","maxspeed":"300","name":"台灣高速鐵路","name:en":"Taiwan High Speed Rail","name:ja":"台湾高速鉄道","name:nan":"Tâi-oân-ko-sok-thih-lō͘","name:nan-Latn-pehoeji":"Tâi-oân-ko-sok-thih-lō͘","name:nan-Latn-tailo":"Tâi-uân-ko-sok-thih-lōo","name:ru":"Тайваньская высокоскоростная железная дорога","name:zh":"台灣高速鐵路","network":"台灣高鐵","network:en":"THSR","network:zh":"台灣高鐵","operator":"台灣高速鐵路股份有限公司","railway":"rail","ref":"台灣高鐵","start_date":"2007-01-05","usage":"main","voltage":"25000","website":"https://www.thsrc.com.tw/","wikidata":"Q706198","wikipedia":"zh:台灣高鐵"},"id":"way/321939770"},{"type":"Feature","geometry":{"type":"LineString","coordinates":[[121.03858,24.801992],[121.040181,24.808303],[121.041251,24.812466]]},"properties":{"@id":"way/321939771","bridge":"viaduct","electrified":"contact_line","frequency":"60","gauge":"1435","highspeed":"yes","layer":"1","maxspeed":"300","name":"台灣高速鐵路","name:en":"Taiwan High Speed Rail","name:ja":"台湾高速鉄道","name:nan":"Tâi-oân-ko-sok-thih-lō͘","name:nan-Latn-pehoeji":"Tâi-oân-ko-sok-thih-lō͘","name:nan-Latn-tailo":"Tâi-uân-ko-sok-thih-lōo","name:ru":"Тайваньская высокоскоростная железная дорога","name:zh":"台灣高速鐵路","network":"台灣高鐵","network:en":"THSR","network:zh":"台灣高鐵","operator":"台灣高速鐵路股份有限公司","railway":"rail","ref":"台灣高鐵","start_date":"2007-01-05","usage":"main","voltage":"25000","wikidata":"Q706198","wikipedia":"zh:台灣高鐵"},"id":"way/321939771"},{"type":"Feature","geometry":{"type":"LineString","coordinates":[[121.044762,24.826135],[121.04417,24.823826]]},"properties":{"@id":"way/321939772","electrified":"contact_line","frequency":"60","gauge":"1435","highspeed":"yes","layer":"-1","maxspeed":"300","name":"台灣高速鐵路","name:en":"Taiwan High Speed Rail","name:ja":"台湾高速鉄道","name:nan":"Tâi-oân-ko-sok-thih-lō͘","name:nan-Latn-pehoeji":"Tâi-oân-ko-sok-thih-lō͘","name:nan-Latn-tailo":"Tâi-uân-ko-sok-thih-lōo","name:ru":"Тайваньская высокоскоростная железная дорога","name:zh":"台灣高速鐵路","network":"台灣高鐵","network:en":"THSR","network:zh":"台灣高鐵","operator":"台灣高速鐵路股份有限公司","railway":"rail","ref":"台灣高鐵","start_date":"2007-01-05","tunnel":"yes","usage":"main","voltage":"25000","wikidata":"Q706198","wikipedia":"zh:台灣高鐵"},"id":"way/321939772"},{"type":"Feature","geometry":{"type":"LineString","coordinates":[[121.044136,24.823834],[121.044726,24.826142]]},"properties":{"@id":"way/321939773","electrified":"contact_line","frequency":"60","gauge":"1435","highspeed":"yes","layer":"-1","maxspeed":"300","name":"台灣高速鐵路","name:en":"Taiwan High Speed Rail","name:ja":"台湾高速鉄道","name:nan":"Tâi-oân-ko-sok-thih-lō͘","name:nan-Latn-pehoeji":"Tâi-oân-ko-sok-thih-lō͘","name:nan-Latn-tailo":"Tâi-uân-ko-sok-thih-lōo","name:ru":"Тайваньская высокоскоростная железная дорога","name:zh":"台灣高速鐵路","network":"台灣高鐵","network:en":"THSR","network:zh":"台灣高鐵","operator":"台灣高速鐵路股份有限公司","railway":"rail","ref":"台灣高鐵","start_date":"2007-01-05","tunnel":"yes","usage":"main","voltage":"25000","wikidata":"Q706198","wikipedia":"zh:台灣高鐵"},"id":"way/321939773"},{"type":"Feature","geometry":{"type":"LineString","coordinates":[[121.514795,25.048005],[121.514359,25.048087],[121.513008,25.048326],[121.512784,25.048355],[121.512306,25.048404],[121.512139,25.048407],[121.511972,25.0484],[121.511806,25.048385],[121.511641,25.048362],[121.511478,25.04833],[121.511317,25.04829],[121.511159,25.048242],[121.511004,25.048186],[121.510844,25.048118],[121.510689,25.048042],[121.510539,25.047958],[121.510395,25.047865],[121.510257,25.047766],[121.510127,25.047658],[121.510003,25.047544],[121.509887,25.047424],[121.509779,25.047297],[121.50968,25.047165],[121.50959,25.047028]]},"properties":{"@id":"way/323105864","electrified":"contact_line","frequency":"60","gauge":"1435","highspeed":"yes","layer":"-2","maxspeed":"130","name":"台灣高速鐵路","name:en":"Taiwan High Speed Rail","name:ja":"台湾高速鉄道","name:nan":"Tâi-oân-ko-sok-thih-lō͘","name:nan-Latn-pehoeji":"Tâi-oân-ko-sok-thih-lō͘","name:nan-Latn-tailo":"Tâi-uân-ko-sok-thih-lōo","name:ru":"Тайваньская высокоскоростная железная дорога","name:zh":"台灣高速鐵路","network":"台灣高鐵","network:en":"THSR","network:zh":"台灣高鐵","operator":"台灣高速鐵路股份有限公司","railway":"rail","ref":"台灣高鐵","start_date":"2007-03-02","tunnel":"yes","usage":"main","voltage":"25000","wikidata":"Q706198","wikipedia":"zh:台灣高鐵"},"id":"way/323105864"},{"type":"Feature","geometry":{"type":"LineString","coordinates":[[120.629154,24.183676],[120.628787,24.182633],[120.628599,24.182108],[120.627693,24.179581],[120.627156,24.178009],[120.626634,24.17656],[120.626099,24.175097],[120.625592,24.173604],[120.625194,24.172512],[120.624857,24.171541],[120.624429,24.170269],[120.624267,24.169791],[120.623968,24.168907],[120.623527,24.167514],[120.623211,24.166568],[120.622802,24.165086],[120.622547,24.164105],[120.622391,24.163452],[120.622125,24.162266],[120.622003,24.161703],[120.621659,24.159995],[120.621562,24.159452],[120.621196,24.157204],[120.621078,24.156361],[120.620884,24.155172],[120.620583,24.153235],[120.620312,24.151403],[120.620063,24.14975],[120.619644,24.147059],[120.619464,24.145851],[120.619329,24.144936],[120.61912,24.143516],[120.618917,24.142093],[120.618655,24.139951],[120.618547,24.138488],[120.618303,24.136515],[120.618145,24.134773],[120.617857,24.131795],[120.617686,24.129994],[120.617573,24.128896],[120.617499,24.12814],[120.617452,24.127701],[120.616709,24.119638]]},"properties":{"@id":"way/323105866","bridge":"viaduct","electrified":"contact_line","frequency":"60","gauge":"1435","highspeed":"yes","layer":"3","maxspeed":"300","name":"台灣高速鐵路","name:en":"Taiwan High Speed Rail","name:ja":"台湾高速鉄道","name:nan":"Tâi-oân-ko-sok-thih-lō͘","name:nan-Latn-pehoeji":"Tâi-oân-ko-sok-thih-lō͘","name:nan-Latn-tailo":"Tâi-uân-ko-sok-thih-lōo","name:ru":"Тайваньская высокоскоростная железная дорога","name:zh":"台灣高速鐵路","network":"台灣高鐵","network:en":"THSR","network:zh":"台灣高鐵","operator":"台灣高速鐵路股份有限公司","railway":"rail","ref":"台灣高鐵","start_date":"2007-01-05","usage":"main","voltage":"25000","wikidata":"Q706198","wikipedia":"zh:台灣高鐵"},"id":"way/323105866"},{"type":"Feature","geometry":{"type":"LineString","coordinates":[[120.718865,24.492349],[120.717864,24.490732]]},"properties":{"@id":"way/323105867","electrified":"contact_line","frequency":"60","gauge":"1435","highspeed":"yes","maxspeed":"300","name":"台灣高速鐵路","name:en":"Taiwan High Speed Rail","name:ja":"台湾高速鉄道","name:nan":"Tâi-oân-ko-sok-thih-lō͘","name:nan-Latn-pehoeji":"Tâi-oân-ko-sok-thih-lō͘","name:nan-Latn-tailo":"Tâi-uân-ko-sok-thih-lōo","name:ru":"Тайваньская высокоскоростная железная дорога","name:zh":"台灣高速鐵路","network":"台灣高鐵","network:en":"THSR","network:zh":"台灣高鐵","operator":"台灣高速鐵路股份有限公司","railway":"rail","ref":"台灣高鐵","start_date":"2007-01-05","tunnel":"yes","usage":"main","voltage":"25000","wikidata":"Q706198","wikipedia":"zh:台灣高鐵"},"id":"way/323105867"},{"type":"Feature","geometry":{"type":"LineString","coordinates":[[120.712746,24.482566],[120.717831,24.490745]]},"properties":{"@id":"way/323105868","electrified":"contact_line","frequency":"60","gauge":"1435","highspeed":"yes","maxspeed":"300","name":"台灣高速鐵路","name:en":"Taiwan High Speed Rail","name:ja":"台湾高速鉄道","name:nan":"Tâi-oân-ko-sok-thih-lō͘","name:nan-Latn-pehoeji":"Tâi-oân-ko-sok-thih-lō͘","name:nan-Latn-tailo":"Tâi-uân-ko-sok-thih-lōo","name:ru":"Тайваньская высокоскоростная железная дорога","name:zh":"台灣高速鐵路","network":"台灣高鐵","network:en":"THSR","network:zh":"台灣高鐵","operator":"台灣高速鐵路股份有限公司","railway":"rail","ref":"台灣高鐵","start_date":"2007-01-05","usage":"main","voltage":"25000","wikidata":"Q706198","wikipedia":"zh:台灣高鐵"},"id":"way/323105868"},{"type":"Feature","geometry":{"type":"LineString","coordinates":[[120.763694,24.557926],[120.764466,24.558886]]},"properties":{"@id":"way/323105869","bridge":"viaduct","electrified":"contact_line","frequency":"60","gauge":"1435","highspeed":"yes","maxspeed":"300","name":"台灣高速鐵路","name:en":"Taiwan High Speed Rail","name:ja":"台湾高速鉄道","name:nan":"Tâi-oân-ko-sok-thih-lō͘","name:nan-Latn-pehoeji":"Tâi-oân-ko-sok-thih-lō͘","name:nan-Latn-tailo":"Tâi-uân-ko-sok-thih-lōo","name:ru":"Тайваньская высокоскоростная железная дорога","name:zh":"台灣高速鐵路","network":"台灣高鐵","network:en":"THSR","network:zh":"台灣高鐵","operator":"台灣高速鐵路股份有限公司","railway":"rail","ref":"台灣高鐵","start_date":"2007-01-05","usage":"main","voltage":"25000","wikidata":"Q706198","wikipedia":"zh:台灣高鐵"},"id":"way/323105869"},{"type":"Feature","geometry":{"type":"LineString","coordinates":[[120.753367,24.545366],[120.759418,24.552674]]},"properties":{"@id":"way/323105870","electrified":"contact_line","frequency":"60","gauge":"1435","highspeed":"yes","maxspeed":"300","name":"台灣高速鐵路","name:en":"Taiwan High Speed Rail","name:ja":"台湾高速鉄道","name:nan":"Tâi-oân-ko-sok-thih-lō͘","name:nan-Latn-pehoeji":"Tâi-oân-ko-sok-thih-lō͘","name:nan-Latn-tailo":"Tâi-uân-ko-sok-thih-lōo","name:ru":"Тайваньская высокоскоростная железная дорога","name:zh":"台灣高速鐵路","network":"台灣高鐵","network:en":"THSR","network:zh":"台灣高鐵","operator":"台灣高速鐵路股份有限公司","railway":"rail","ref":"台灣高鐵","start_date":"2007-01-05","tunnel":"yes","usage":"main","voltage":"25000","wikidata":"Q706198","wikipedia":"zh:台灣高鐵"},"id":"way/323105870"},{"type":"Feature","geometry":{"type":"LineString","coordinates":[[120.739047,24.527408],[120.743086,24.532848]]},"properties":{"@id":"way/323105871","electrified":"contact_line","frequency":"60","gauge":"1435","highspeed":"yes","maxspeed":"300","name":"台灣高速鐵路","name:en":"Taiwan High Speed Rail","name:ja":"台湾高速鉄道","name:nan":"Tâi-oân-ko-sok-thih-lō͘","name:nan-Latn-pehoeji":"Tâi-oân-ko-sok-thih-lō͘","name:nan-Latn-tailo":"Tâi-uân-ko-sok-thih-lōo","name:ru":"Тайваньская высокоскоростная железная дорога","name:zh":"台灣高速鐵路","network":"台灣高鐵","network:en":"THSR","network:zh":"台灣高鐵","operator":"台灣高速鐵路股份有限公司","railway":"rail","ref":"台灣高鐵","start_date":"2007-01-05","tunnel":"yes","usage":"main","voltage":"25000","wikidata":"Q706198","wikipedia":"zh:台灣高鐵"},"id":"way/323105871"},{"type":"Feature","geometry":{"type":"LineString","coordinates":[[120.764466,24.558886],[120.765032,24.559531]]},"properties":{"@id":"way/323105872","electrified":"contact_line","frequency":"60","gauge":"1435","highspeed":"yes","maxspeed":"300","name":"台灣高速鐵路","name:en":"Taiwan High Speed Rail","name:ja":"台湾高速鉄道","name:nan":"Tâi-oân-ko-sok-thih-lō͘","name:nan-Latn-pehoeji":"Tâi-oân-ko-sok-thih-lō͘","name:nan-Latn-tailo":"Tâi-uân-ko-sok-thih-lōo","name:ru":"Тайваньская высокоскоростная железная дорога","name:zh":"台灣高速鐵路","network":"台灣高鐵","network:en":"THSR","network:zh":"台灣高鐵","operator":"台灣高速鐵路股份有限公司","railway":"rail","ref":"台灣高鐵","start_date":"2007-01-05","usage":"main","voltage":"25000","wikidata":"Q706198","wikipedia":"zh:台灣高鐵"},"id":"way/323105872"},{"type":"Feature","geometry":{"type":"LineString","coordinates":[[120.708071,24.473941],[120.709093,24.476062],[120.710192,24.478156]]},"properties":{"@id":"way/323105873","electrified":"contact_line","frequency":"60","gauge":"1435","highspeed":"yes","layer":"-1","maxspeed":"300","name":"台灣高速鐵路","name:en":"Taiwan High Speed Rail","name:ja":"台湾高速鉄道","name:nan":"Tâi-oân-ko-sok-thih-lō͘","name:nan-Latn-pehoeji":"Tâi-oân-ko-sok-thih-lō͘","name:nan-Latn-tailo":"Tâi-uân-ko-sok-thih-lōo","name:ru":"Тайваньская высокоскоростная железная дорога","name:zh":"台灣高速鐵路","network":"台灣高鐵","network:en":"THSR","network:zh":"台灣高鐵","operator":"台灣高速鐵路股份有限公司","railway":"rail","ref":"台灣高鐵","start_date":"2007-01-05","tunnel":"yes","usage":"main","voltage":"25000","wikidata":"Q706198","wikipedia":"zh:台灣高鐵"},"id":"way/323105873"},{"type":"Feature","geometry":{"type":"LineString","coordinates":[[120.69758,24.435802],[120.696147,24.429896]]},"properties":{"@id":"way/323105874","bridge":"yes","electrified":"contact_line","frequency":"60","gauge":"1435","highspeed":"yes","maxspeed":"300","name":"台灣高速鐵路","name:en":"Taiwan High Speed Rail","name:ja":"台湾高速鉄道","name:nan":"Tâi-oân-ko-sok-thih-lō͘","name:nan-Latn-pehoeji":"Tâi-oân-ko-sok-thih-lō͘","name:nan-Latn-tailo":"Tâi-uân-ko-sok-thih-lōo","name:ru":"Тайваньская высокоскоростная железная дорога","name:zh":"台灣高速鐵路","network":"台灣高鐵","network:en":"THSR","network:zh":"台灣高鐵","operator":"台灣高速鐵路股份有限公司","railway":"rail","ref":"台灣高鐵","start_date":"2007-01-05","usage":"main","voltage":"25000","wikidata":"Q706198","wikipedia":"zh:台灣高鐵"},"id":"way/323105874"},{"type":"Feature","geometry":{"type":"LineString","coordinates":[[120.762595,24.556607],[120.763694,24.557926]]},"properties":{"@id":"way/323105876","electrified":"contact_line","frequency":"60","gauge":"1435","highspeed":"yes","maxspeed":"300","name":"台灣高速鐵路","name:en":"Taiwan High Speed Rail","name:ja":"台湾高速鉄道","name:nan":"Tâi-oân-ko-sok-thih-lō͘","name:nan-Latn-pehoeji":"Tâi-oân-ko-sok-thih-lō͘","name:nan-Latn-tailo":"Tâi-uân-ko-sok-thih-lōo","name:ru":"Тайваньская высокоскоростная железная дорога","name:zh":"台灣高速鐵路","network":"台灣高鐵","network:en":"THSR","network:zh":"台灣高鐵","operator":"台灣高速鐵路股份有限公司","railway":"rail","ref":"台灣高鐵","start_date":"2007-01-05","tunnel":"yes","usage":"main","voltage":"25000","wikidata":"Q706198","wikipedia":"zh:台灣高鐵"},"id":"way/323105876"},{"type":"Feature","geometry":{"type":"LineString","coordinates":[[120.717831,24.490745],[120.718833,24.492363]]},"properties":{"@id":"way/323105879","electrified":"contact_line","frequency":"60","gauge":"1435","highspeed":"yes","maxspeed":"300","name":"台灣高速鐵路","name:en":"Taiwan High Speed Rail","name:ja":"台湾高速鉄道","name:nan":"Tâi-oân-ko-sok-thih-lō͘","name:nan-Latn-pehoeji":"Tâi-oân-ko-sok-thih-lō͘","name:nan-Latn-tailo":"Tâi-uân-ko-sok-thih-lōo","name:ru":"Тайваньская высокоскоростная железная дорога","name:zh":"台灣高速鐵路","network":"台灣高鐵","network:en":"THSR","network:zh":"台灣高鐵","operator":"台灣高速鐵路股份有限公司","railway":"rail","ref":"台灣高鐵","start_date":"2007-01-05","tunnel":"yes","usage":"main","voltage":"25000","wikidata":"Q706198","wikipedia":"zh:台灣高鐵"},"id":"way/323105879"},{"type":"Feature","geometry":{"type":"LineString","coordinates":[[120.765067,24.559501],[120.76451,24.55886]]},"properties":{"@id":"way/323105882","electrified":"contact_line","frequency":"60","gauge":"1435","highspeed":"yes","maxspeed":"300","name":"台灣高速鐵路","name:en":"Taiwan High Speed Rail","name:ja":"台湾高速鉄道","name:nan":"Tâi-oân-ko-sok-thih-lō͘","name:nan-Latn-pehoeji":"Tâi-oân-ko-sok-thih-lō͘","name:nan-Latn-tailo":"Tâi-uân-ko-sok-thih-lōo","name:ru":"Тайваньская высокоскоростная железная дорога","name:zh":"台灣高速鐵路","network":"台灣高鐵","network:en":"THSR","network:zh":"台灣高鐵","operator":"台灣高速鐵路股份有限公司","railway":"rail","ref":"台灣高鐵","start_date":"2007-01-05","usage":"main","voltage":"25000","wikidata":"Q706198","wikipedia":"zh:台灣高鐵"},"id":"way/323105882"},{"type":"Feature","geometry":{"type":"LineString","coordinates":[[120.763733,24.557894],[120.762634,24.556595]]},"properties":{"@id":"way/323105884","electrified":"contact_line","frequency":"60","gauge":"1435","highspeed":"yes","maxspeed":"300","name":"台灣高速鐵路","name:en":"Taiwan High Speed Rail","name:ja":"台湾高速鉄道","name:nan":"Tâi-oân-ko-sok-thih-lō͘","name:nan-Latn-pehoeji":"Tâi-oân-ko-sok-thih-lō͘","name:nan-Latn-tailo":"Tâi-uân-ko-sok-thih-lōo","name:ru":"Тайваньская высокоскоростная железная дорога","name:zh":"台灣高速鐵路","network":"台灣高鐵","network:en":"THSR","network:zh":"台灣高鐵","operator":"台灣高速鐵路股份有限公司","railway":"rail","ref":"台灣高鐵","start_date":"2007-01-05","tunnel":"yes","usage":"main","voltage":"25000","wikidata":"Q706198","wikipedia":"zh:台灣高鐵"},"id":"way/323105884"},{"type":"Feature","geometry":{"type":"LineString","coordinates":[[120.710216,24.478148],[120.709124,24.47605],[120.708101,24.473931]]},"properties":{"@id":"way/323105887","electrified":"contact_line","frequency":"60","gauge":"1435","highspeed":"yes","layer":"-1","maxspeed":"300","name":"台灣高速鐵路","name:en":"Taiwan High Speed Rail","name:ja":"台湾高速鉄道","name:nan":"Tâi-oân-ko-sok-thih-lō͘","name:nan-Latn-pehoeji":"Tâi-oân-ko-sok-thih-lō͘","name:nan-Latn-tailo":"Tâi-uân-ko-sok-thih-lōo","name:ru":"Тайваньская высокоскоростная железная дорога","name:zh":"台灣高速鐵路","network":"台灣高鐵","network:en":"THSR","network:zh":"台灣高鐵","operator":"台灣高速鐵路股份有限公司","railway":"rail","ref":"台灣高鐵","start_date":"2007-01-05","tunnel":"yes","usage":"main","voltage":"25000","wikidata":"Q706198","wikipedia":"zh:台灣高鐵"},"id":"way/323105887"},{"type":"Feature","geometry":{"type":"LineString","coordinates":[[120.710903,24.47936],[120.710216,24.478148]]},"properties":{"@id":"way/323105891","electrified":"contact_line","frequency":"60","gauge":"1435","highspeed":"yes","maxspeed":"300","name":"台灣高速鐵路","name:en":"Taiwan High Speed Rail","name:ja":"台湾高速鉄道","name:nan":"Tâi-oân-ko-sok-thih-lō͘","name:nan-Latn-pehoeji":"Tâi-oân-ko-sok-thih-lō͘","name:nan-Latn-tailo":"Tâi-uân-ko-sok-thih-lōo","name:ru":"Тайваньская высокоскоростная железная дорога","name:zh":"台灣高速鐵路","network":"台灣高鐵","network:en":"THSR","network:zh":"台灣高鐵","operator":"台灣高速鐵路股份有限公司","railway":"rail","ref":"台灣高鐵","start_date":"2007-01-05","usage":"main","voltage":"25000","wikidata":"Q706198","wikipedia":"zh:台灣高鐵"},"id":"way/323105891"},{"type":"Feature","geometry":{"type":"LineString","coordinates":[[120.760025,24.553388],[120.759453,24.552646]]},"properties":{"@id":"way/323105893","electrified":"contact_line","frequency":"60","gauge":"1435","highspeed":"yes","maxspeed":"300","name":"台灣高速鐵路","name:en":"Taiwan High Speed Rail","name:ja":"台湾高速鉄道","name:nan":"Tâi-oân-ko-sok-thih-lō͘","name:nan-Latn-pehoeji":"Tâi-oân-ko-sok-thih-lō͘","name:nan-Latn-tailo":"Tâi-uân-ko-sok-thih-lōo","name:ru":"Тайваньская высокоскоростная железная дорога","name:zh":"台灣高速鐵路","network":"台灣高鐵","network:en":"THSR","network:zh":"台灣高鐵","operator":"台灣高速鐵路股份有限公司","railway":"rail","ref":"台灣高鐵","start_date":"2007-01-05","usage":"main","voltage":"25000","wikidata":"Q706198","wikipedia":"zh:台灣高鐵"},"id":"way/323105893"},{"type":"Feature","geometry":{"type":"LineString","coordinates":[[120.698116,24.437965],[120.69758,24.435802]]},"properties":{"@id":"way/323105894","electrified":"contact_line","frequency":"60","gauge":"1435","highspeed":"yes","maxspeed":"300","name":"台灣高速鐵路","name:en":"Taiwan High Speed Rail","name:ja":"台湾高速鉄道","name:nan":"Tâi-oân-ko-sok-thih-lō͘","name:nan-Latn-pehoeji":"Tâi-oân-ko-sok-thih-lō͘","name:nan-Latn-tailo":"Tâi-uân-ko-sok-thih-lōo","name:ru":"Тайваньская высокоскоростная железная дорога","name:zh":"台灣高速鐵路","network":"台灣高鐵","network:en":"THSR","network:zh":"台灣高鐵","operator":"台灣高速鐵路股份有限公司","railway":"rail","ref":"台灣高鐵","start_date":"2007-01-05","usage":"main","voltage":"25000","wikidata":"Q706198","wikipedia":"zh:台灣高鐵"},"id":"way/323105894"},{"type":"Feature","geometry":{"type":"LineString","coordinates":[[120.762469,24.556467],[120.762595,24.556607]]},"properties":{"@id":"way/323105895","electrified":"contact_line","frequency":"60","gauge":"1435","highspeed":"yes","maxspeed":"300","name":"台灣高速鐵路","name:en":"Taiwan High Speed Rail","name:ja":"台湾高速鉄道","name:nan":"Tâi-oân-ko-sok-thih-lō͘","name:nan-Latn-pehoeji":"Tâi-oân-ko-sok-thih-lō͘","name:nan-Latn-tailo":"Tâi-uân-ko-sok-thih-lōo","name:ru":"Тайваньская высокоскоростная железная дорога","name:zh":"台灣高速鐵路","network":"台灣高鐵","network:en":"THSR","network:zh":"台灣高鐵","operator":"台灣高速鐵路股份有限公司","railway":"rail","ref":"台灣高鐵","start_date":"2007-01-05","usage":"main","voltage":"25000","wikidata":"Q706198","wikipedia":"zh:台灣高鐵"},"id":"way/323105895"},{"type":"Feature","geometry":{"type":"LineString","coordinates":[[120.703206,24.459336],[120.703938,24.462287]]},"properties":{"@id":"way/323105896","electrified":"contact_line","frequency":"60","gauge":"1435","highspeed":"yes","layer":"-1","maxspeed":"300","name":"台灣高速鐵路","name:en":"Taiwan High Speed Rail","name:ja":"台湾高速鉄道","name:nan":"Tâi-oân-ko-sok-thih-lō͘","name:nan-Latn-pehoeji":"Tâi-oân-ko-sok-thih-lō͘","name:nan-Latn-tailo":"Tâi-uân-ko-sok-thih-lōo","name:ru":"Тайваньская высокоскоростная железная дорога","name:zh":"台灣高速鐵路","network":"台灣高鐵","network:en":"THSR","network:zh":"台灣高鐵","operator":"台灣高速鐵路股份有限公司","railway":"rail","ref":"台灣高鐵","start_date":"2007-01-05","tunnel":"yes","usage":"main","voltage":"25000","wikidata":"Q706198","wikipedia":"zh:台灣高鐵"},"id":"way/323105896"},{"type":"Feature","geometry":{"type":"LineString","coordinates":[[120.717864,24.490732],[120.71278,24.482542]]},"properties":{"@id":"way/323105897","electrified":"contact_line","frequency":"60","gauge":"1435","highspeed":"yes","maxspeed":"300","name":"台灣高速鐵路","name:en":"Taiwan High Speed Rail","name:ja":"台湾高速鉄道","name:nan":"Tâi-oân-ko-sok-thih-lō͘","name:nan-Latn-pehoeji":"Tâi-oân-ko-sok-thih-lō͘","name:nan-Latn-tailo":"Tâi-uân-ko-sok-thih-lōo","name:ru":"Тайваньская высокоскоростная железная дорога","name:zh":"台灣高速鐵路","network":"台灣高鐵","network:en":"THSR","network:zh":"台灣高鐵","operator":"台灣高速鐵路股份有限公司","railway":"rail","ref":"台灣高鐵","start_date":"2007-01-05","usage":"main","voltage":"25000","wikidata":"Q706198","wikipedia":"zh:台灣高鐵"},"id":"way/323105897"},{"type":"Feature","geometry":{"type":"LineString","coordinates":[[120.727736,24.508016],[120.728606,24.509541]]},"properties":{"@id":"way/323105898","electrified":"contact_line","frequency":"60","gauge":"1435","highspeed":"yes","maxspeed":"300","name":"台灣高速鐵路","name:en":"Taiwan High Speed Rail","name:ja":"台湾高速鉄道","name:nan":"Tâi-oân-ko-sok-thih-lō͘","name:nan-Latn-pehoeji":"Tâi-oân-ko-sok-thih-lō͘","name:nan-Latn-tailo":"Tâi-uân-ko-sok-thih-lōo","name:ru":"Тайваньская высокоскоростная железная дорога","name:zh":"台灣高速鐵路","network":"台灣高鐵","network:en":"THSR","network:zh":"台灣高鐵","operator":"台灣高速鐵路股份有限公司","railway":"rail","ref":"台灣高鐵","start_date":"2007-01-05","tunnel":"yes","usage":"main","voltage":"25000","wikidata":"Q706198","wikipedia":"zh:台灣高鐵"},"id":"way/323105898"},{"type":"Feature","geometry":{"type":"LineString","coordinates":[[120.710192,24.478156],[120.710837,24.47938]]},"properties":{"@id":"way/323105899","electrified":"contact_line","frequency":"60","gauge":"1435","highspeed":"yes","maxspeed":"300","name":"台灣高速鐵路","name:en":"Taiwan High Speed Rail","name:ja":"台湾高速鉄道","name:nan":"Tâi-oân-ko-sok-thih-lō͘","name:nan-Latn-pehoeji":"Tâi-oân-ko-sok-thih-lō͘","name:nan-Latn-tailo":"Tâi-uân-ko-sok-thih-lōo","name:ru":"Тайваньская высокоскоростная железная дорога","name:zh":"台灣高速鐵路","network":"台灣高鐵","network:en":"THSR","network:zh":"台灣高鐵","operator":"台灣高速鐵路股份有限公司","railway":"rail","ref":"台灣高鐵","start_date":"2007-01-05","usage":"main","voltage":"25000","wikidata":"Q706198","wikipedia":"zh:台灣高鐵"},"id":"way/323105899"},{"type":"Feature","geometry":{"type":"LineString","coordinates":[[120.698747,24.440664],[120.698116,24.437965]]},"properties":{"@id":"way/323105900","electrified":"contact_line","frequency":"60","gauge":"1435","highspeed":"yes","maxspeed":"300","name":"台灣高速鐵路","name:en":"Taiwan High Speed Rail","name:ja":"台湾高速鉄道","name:nan":"Tâi-oân-ko-sok-thih-lō͘","name:nan-Latn-pehoeji":"Tâi-oân-ko-sok-thih-lō͘","name:nan-Latn-tailo":"Tâi-uân-ko-sok-thih-lōo","name:ru":"Тайваньская высокоскоростная железная дорога","name:zh":"台灣高速鐵路","network":"台灣高鐵","network:en":"THSR","network:zh":"台灣高鐵","operator":"台灣高速鐵路股份有限公司","railway":"rail","ref":"台灣高鐵","start_date":"2007-01-05","tunnel":"yes","usage":"main","voltage":"25000","wikidata":"Q706198","wikipedia":"zh:台灣高鐵"},"id":"way/323105900"},{"type":"Feature","geometry":{"type":"LineString","coordinates":[[120.759418,24.552674],[120.759997,24.553414]]},"properties":{"@id":"way/323105901","electrified":"contact_line","frequency":"60","gauge":"1435","highspeed":"yes","maxspeed":"300","name":"台灣高速鐵路","name:en":"Taiwan High Speed Rail","name:ja":"台湾高速鉄道","name:nan":"Tâi-oân-ko-sok-thih-lō͘","name:nan-Latn-pehoeji":"Tâi-oân-ko-sok-thih-lō͘","name:nan-Latn-tailo":"Tâi-uân-ko-sok-thih-lōo","name:ru":"Тайваньская высокоскоростная железная дорога","name:zh":"台灣高速鐵路","network":"台灣高鐵","network:en":"THSR","network:zh":"台灣高鐵","operator":"台灣高速鐵路股份有限公司","railway":"rail","ref":"台灣高鐵","start_date":"2007-01-05","usage":"main","voltage":"25000","wikidata":"Q706198","wikipedia":"zh:台灣高鐵"},"id":"way/323105901"},{"type":"Feature","geometry":{"type":"LineString","coordinates":[[120.70213,24.454843],[120.702233,24.455301]]},"properties":{"@id":"way/323105902","electrified":"contact_line","frequency":"60","gauge":"1435","highspeed":"yes","maxspeed":"300","name":"台灣高速鐵路","name:en":"Taiwan High Speed Rail","name:ja":"台湾高速鉄道","name:nan":"Tâi-oân-ko-sok-thih-lō͘","name:nan-Latn-pehoeji":"Tâi-oân-ko-sok-thih-lō͘","name:nan-Latn-tailo":"Tâi-uân-ko-sok-thih-lōo","name:ru":"Тайваньская высокоскоростная железная дорога","name:zh":"台灣高速鐵路","network":"台灣高鐵","network:en":"THSR","network:zh":"台灣高鐵","operator":"台灣高速鐵路股份有限公司","railway":"rail","ref":"台灣高鐵","start_date":"2007-01-05","tunnel":"yes","usage":"main","voltage":"25000","wikidata":"Q706198","wikipedia":"zh:台灣高鐵"},"id":"way/323105902"},{"type":"Feature","geometry":{"type":"LineString","coordinates":[[120.703938,24.462287],[120.704447,24.464201]]},"properties":{"@id":"way/323105903","electrified":"contact_line","frequency":"60","gauge":"1435","highspeed":"yes","maxspeed":"300","name":"台灣高速鐵路","name:en":"Taiwan High Speed Rail","name:ja":"台湾高速鉄道","name:nan":"Tâi-oân-ko-sok-thih-lō͘","name:nan-Latn-pehoeji":"Tâi-oân-ko-sok-thih-lō͘","name:nan-Latn-tailo":"Tâi-uân-ko-sok-thih-lōo","name:ru":"Тайваньская высокоскоростная железная дорога","name:zh":"台灣高速鐵路","network":"台灣高鐵","network:en":"THSR","network:zh":"台灣高鐵","operator":"台灣高速鐵路股份有限公司","railway":"rail","ref":"台灣高鐵","start_date":"2007-01-05","usage":"main","voltage":"25000","wikidata":"Q706198","wikipedia":"zh:台灣高鐵"},"id":"way/323105903"},{"type":"Feature","geometry":{"type":"LineString","coordinates":[[120.76451,24.55886],[120.763733,24.557894]]},"properties":{"@id":"way/323105904","bridge":"viaduct","electrified":"contact_line","frequency":"60","gauge":"1435","highspeed":"yes","maxspeed":"300","name":"台灣高速鐵路","name:en":"Taiwan High Speed Rail","name:ja":"台湾高速鉄道","name:nan":"Tâi-oân-ko-sok-thih-lō͘","name:nan-Latn-pehoeji":"Tâi-oân-ko-sok-thih-lō͘","name:nan-Latn-tailo":"Tâi-uân-ko-sok-thih-lōo","name:ru":"Тайваньская высокоскоростная железная дорога","name:zh":"台灣高速鐵路","network":"台灣高鐵","network:en":"THSR","network:zh":"台灣高鐵","operator":"台灣高速鐵路股份有限公司","railway":"rail","ref":"台灣高鐵","start_date":"2007-01-05","usage":"main","voltage":"25000","wikidata":"Q706198","wikipedia":"zh:台灣高鐵"},"id":"way/323105904"},{"type":"Feature","geometry":{"type":"LineString","coordinates":[[120.762634,24.556595],[120.762514,24.556452]]},"properties":{"@id":"way/323105905","electrified":"contact_line","frequency":"60","gauge":"1435","highspeed":"yes","maxspeed":"300","name":"台灣高速鐵路","name:en":"Taiwan High Speed Rail","name:ja":"台湾高速鉄道","name:nan":"Tâi-oân-ko-sok-thih-lō͘","name:nan-Latn-pehoeji":"Tâi-oân-ko-sok-thih-lō͘","name:nan-Latn-tailo":"Tâi-uân-ko-sok-thih-lōo","name:ru":"Тайваньская высокоскоростная железная дорога","name:zh":"台灣高速鐵路","network":"台灣高鐵","network:en":"THSR","network:zh":"台灣高鐵","operator":"台灣高速鐵路股份有限公司","railway":"rail","ref":"台灣高鐵","start_date":"2007-01-05","usage":"main","voltage":"25000","wikidata":"Q706198","wikipedia":"zh:台灣高鐵"},"id":"way/323105905"},{"type":"Feature","geometry":{"type":"LineString","coordinates":[[120.759453,24.552646],[120.753415,24.545334]]},"properties":{"@id":"way/323105906","electrified":"contact_line","frequency":"60","gauge":"1435","highspeed":"yes","maxspeed":"300","name":"台灣高速鐵路","name:en":"Taiwan High Speed Rail","name:ja":"台湾高速鉄道","name:nan":"Tâi-oân-ko-sok-thih-lō͘","name:nan-Latn-pehoeji":"Tâi-oân-ko-sok-thih-lō͘","name:nan-Latn-tailo":"Tâi-uân-ko-sok-thih-lōo","name:ru":"Тайваньская высокоскоростная железная дорога","name:zh":"台灣高速鐵路","network":"台灣高鐵","network:en":"THSR","network:zh":"台灣高鐵","operator":"台灣高速鐵路股份有限公司","railway":"rail","ref":"台灣高鐵","start_date":"2007-01-05","tunnel":"yes","usage":"main","voltage":"25000","wikidata":"Q706198","wikipedia":"zh:台灣高鐵"},"id":"way/323105906"},{"type":"Feature","geometry":{"type":"LineString","coordinates":[[120.733259,24.517784],[120.733859,24.518843],[120.73578,24.522232]]},"properties":{"@id":"way/323105907","electrified":"contact_line","frequency":"60","gauge":"1435","highspeed":"yes","maxspeed":"300","name":"台灣高速鐵路","name:en":"Taiwan High Speed Rail","name:ja":"台湾高速鉄道","name:nan":"Tâi-oân-ko-sok-thih-lō͘","name:nan-Latn-pehoeji":"Tâi-oân-ko-sok-thih-lō͘","name:nan-Latn-tailo":"Tâi-uân-ko-sok-thih-lōo","name:ru":"Тайваньская высокоскоростная железная дорога","name:zh":"台灣高速鐵路","network":"台灣高鐵","network:en":"THSR","network:zh":"台灣高鐵","operator":"台灣高速鐵路股份有限公司","railway":"rail","ref":"台灣高鐵","start_date":"2007-01-05","tunnel":"yes","usage":"main","voltage":"25000","wikidata":"Q706198","wikipedia":"zh:台灣高鐵"},"id":"way/323105907"},{"type":"Feature","geometry":{"type":"LineString","coordinates":[[120.707657,24.473104],[120.707912,24.473661],[120.708071,24.473941]]},"properties":{"@id":"way/323105908","electrified":"contact_line","frequency":"60","gauge":"1435","highspeed":"yes","maxspeed":"300","name":"台灣高速鐵路","name:en":"Taiwan High Speed Rail","name:ja":"台湾高速鉄道","name:nan":"Tâi-oân-ko-sok-thih-lō͘","name:nan-Latn-pehoeji":"Tâi-oân-ko-sok-thih-lō͘","name:nan-Latn-tailo":"Tâi-uân-ko-sok-thih-lōo","name:ru":"Тайваньская высокоскоростная железная дорога","name:zh":"台灣高速鐵路","network":"台灣高鐵","network:en":"THSR","network:zh":"台灣高鐵","operator":"台灣高速鐵路股份有限公司","railway":"rail","ref":"台灣高鐵","start_date":"2007-01-05","usage":"main","voltage":"25000","wikidata":"Q706198","wikipedia":"zh:台灣高鐵"},"id":"way/323105908"},{"type":"Feature","geometry":{"type":"LineString","coordinates":[[120.765032,24.559531],[120.765613,24.560203],[120.768394,24.563612]]},"properties":{"@id":"way/323105909","electrified":"contact_line","frequency":"60","gauge":"1435","highspeed":"yes","maxspeed":"300","name":"台灣高速鐵路","name:en":"Taiwan High Speed Rail","name:ja":"台湾高速鉄道","name:nan":"Tâi-oân-ko-sok-thih-lō͘","name:nan-Latn-pehoeji":"Tâi-oân-ko-sok-thih-lō͘","name:nan-Latn-tailo":"Tâi-uân-ko-sok-thih-lōo","name:ru":"Тайваньская высокоскоростная железная дорога","name:zh":"台灣高速鐵路","network":"台灣高鐵","network:en":"THSR","network:zh":"台灣高鐵","operator":"台灣高速鐵路股份有限公司","railway":"rail","ref":"台灣高鐵","start_date":"2007-01-05","tunnel":"yes","usage":"main","voltage":"25000","wikidata":"Q706198","wikipedia":"zh:台灣高鐵"},"id":"way/323105909"},{"type":"Feature","geometry":{"type":"LineString","coordinates":[[120.718833,24.492363],[120.720041,24.494408],[120.720811,24.49577]]},"properties":{"@id":"way/323105910","electrified":"contact_line","frequency":"60","gauge":"1435","highspeed":"yes","maxspeed":"300","name":"台灣高速鐵路","name:en":"Taiwan High Speed Rail","name:ja":"台湾高速鉄道","name:nan":"Tâi-oân-ko-sok-thih-lō͘","name:nan-Latn-pehoeji":"Tâi-oân-ko-sok-thih-lō͘","name:nan-Latn-tailo":"Tâi-uân-ko-sok-thih-lōo","name:ru":"Тайваньская высокоскоростная железная дорога","name:zh":"台灣高速鐵路","network":"台灣高鐵","network:en":"THSR","network:zh":"台灣高鐵","operator":"台灣高速鐵路股份有限公司","railway":"rail","ref":"台灣高鐵","start_date":"2007-01-05","usage":"main","voltage":"25000","wikidata":"Q706198","wikipedia":"zh:台灣高鐵"},"id":"way/323105910"},{"type":"Feature","geometry":{"type":"LineString","coordinates":[[120.762514,24.556452],[120.76067,24.554164],[120.760025,24.553388]]},"properties":{"@id":"way/323105911","bridge":"viaduct","electrified":"contact_line","frequency":"60","gauge":"1435","highspeed":"yes","maxspeed":"300","name":"台灣高速鐵路","name:en":"Taiwan High Speed Rail","name:ja":"台湾高速鉄道","name:nan":"Tâi-oân-ko-sok-thih-lō͘","name:nan-Latn-pehoeji":"Tâi-oân-ko-sok-thih-lō͘","name:nan-Latn-tailo":"Tâi-uân-ko-sok-thih-lōo","name:ru":"Тайваньская высокоскоростная железная дорога","name:zh":"台灣高速鐵路","network":"台灣高鐵","network:en":"THSR","network:zh":"台灣高鐵","operator":"台灣高速鐵路股份有限公司","railway":"rail","ref":"台灣高鐵","start_date":"2007-01-05","usage":"main","voltage":"25000","wikidata":"Q706198","wikipedia":"zh:台灣高鐵"},"id":"way/323105911"},{"type":"Feature","geometry":{"type":"LineString","coordinates":[[120.728999,24.510232],[120.730184,24.51233],[120.730917,24.51362]]},"properties":{"@id":"way/323105912","bridge":"yes","electrified":"contact_line","frequency":"60","gauge":"1435","highspeed":"yes","maxspeed":"300","name":"台灣高速鐵路","name:en":"Taiwan High Speed Rail","name:ja":"台湾高速鉄道","name:nan":"Tâi-oân-ko-sok-thih-lō͘","name:nan-Latn-pehoeji":"Tâi-oân-ko-sok-thih-lō͘","name:nan-Latn-tailo":"Tâi-uân-ko-sok-thih-lōo","name:ru":"Тайваньская высокоскоростная железная дорога","name:zh":"台灣高速鐵路","network":"台灣高鐵","network:en":"THSR","network:zh":"台灣高鐵","operator":"台灣高速鐵路股份有限公司","railway":"rail","ref":"台灣高鐵","start_date":"2007-01-05","usage":"main","voltage":"25000","wikidata":"Q706198","wikipedia":"zh:台灣高鐵"},"id":"way/323105912"},{"type":"Feature","geometry":{"type":"LineString","coordinates":[[120.71278,24.482542],[120.711811,24.480939],[120.710903,24.47936]]},"properties":{"@id":"way/323105913","bridge":"viaduct","electrified":"contact_line","frequency":"60","gauge":"1435","highspeed":"yes","maxspeed":"300","name":"台灣高速鐵路","name:en":"Taiwan High Speed Rail","name:ja":"台湾高速鉄道","name:nan":"Tâi-oân-ko-sok-thih-lō͘","name:nan-Latn-pehoeji":"Tâi-oân-ko-sok-thih-lō͘","name:nan-Latn-tailo":"Tâi-uân-ko-sok-thih-lōo","name:ru":"Тайваньская высокоскоростная железная дорога","name:zh":"台灣高速鐵路","network":"台灣高鐵","network:en":"THSR","network:zh":"台灣高鐵","operator":"台灣高速鐵路股份有限公司","railway":"rail","ref":"台灣高鐵","start_date":"2007-01-05","usage":"main","voltage":"25000","wikidata":"Q706198","wikipedia":"zh:台灣高鐵"},"id":"way/323105913"},{"type":"Feature","geometry":{"type":"LineString","coordinates":[[120.708101,24.473931],[120.707949,24.473628],[120.707719,24.473122]]},"properties":{"@id":"way/323105914","electrified":"contact_line","frequency":"60","gauge":"1435","highspeed":"yes","maxspeed":"300","name":"台灣高速鐵路","name:en":"Taiwan High Speed Rail","name:ja":"台湾高速鉄道","name:nan":"Tâi-oân-ko-sok-thih-lō͘","name:nan-Latn-pehoeji":"Tâi-oân-ko-sok-thih-lō͘","name:nan-Latn-tailo":"Tâi-uân-ko-sok-thih-lōo","name:ru":"Тайваньская высокоскоростная железная дорога","name:zh":"台灣高速鐵路","network":"台灣高鐵","network:en":"THSR","network:zh":"台灣高鐵","operator":"台灣高速鐵路股份有限公司","railway":"rail","ref":"台灣高鐵","start_date":"2007-01-05","usage":"main","voltage":"25000","wikidata":"Q706198","wikipedia":"zh:台灣高鐵"},"id":"way/323105914"},{"type":"Feature","geometry":{"type":"LineString","coordinates":[[120.710837,24.47938],[120.711762,24.48096],[120.712746,24.482566]]},"properties":{"@id":"way/323105915","bridge":"viaduct","electrified":"contact_line","frequency":"60","gauge":"1435","highspeed":"yes","maxspeed":"300","name":"台灣高速鐵路","name:en":"Taiwan High Speed Rail","name:ja":"台湾高速鉄道","name:nan":"Tâi-oân-ko-sok-thih-lō͘","name:nan-Latn-pehoeji":"Tâi-oân-ko-sok-thih-lō͘","name:nan-Latn-tailo":"Tâi-uân-ko-sok-thih-lōo","name:ru":"Тайваньская высокоскоростная железная дорога","name:zh":"台灣高速鐵路","network":"台灣高鐵","network:en":"THSR","network:zh":"台灣高鐵","operator":"台灣高速鐵路股份有限公司","railway":"rail","ref":"台灣高鐵","start_date":"2007-01-05","usage":"main","voltage":"25000","wikidata":"Q706198","wikipedia":"zh:台灣高鐵"},"id":"way/323105915"},{"type":"Feature","geometry":{"type":"LineString","coordinates":[[120.759997,24.553414],[120.760647,24.5542],[120.762469,24.556467]]},"properties":{"@id":"way/323105916","bridge":"viaduct","electrified":"contact_line","frequency":"60","gauge":"1435","highspeed":"yes","maxspeed":"300","name":"台灣高速鐵路","name:en":"Taiwan High Speed Rail","name:ja":"台湾高速鉄道","name:nan":"Tâi-oân-ko-sok-thih-lō͘","name:nan-Latn-pehoeji":"Tâi-oân-ko-sok-thih-lō͘","name:nan-Latn-tailo":"Tâi-uân-ko-sok-thih-lōo","name:ru":"Тайваньская высокоскоростная железная дорога","name:zh":"台灣高速鐵路","network":"台灣高鐵","network:en":"THSR","network:zh":"台灣高鐵","operator":"台灣高速鐵路股份有限公司","railway":"rail","ref":"台灣高鐵","start_date":"2007-01-05","usage":"main","voltage":"25000","wikidata":"Q706198","wikipedia":"zh:台灣高鐵"},"id":"way/323105916"},{"type":"Feature","geometry":{"type":"LineString","coordinates":[[120.73578,24.522232],[120.737005,24.524336]]},"properties":{"@id":"way/323105917","electrified":"contact_line","frequency":"60","gauge":"1435","highspeed":"yes","maxspeed":"300","name":"台灣高速鐵路","name:en":"Taiwan High Speed Rail","name:ja":"台湾高速鉄道","name:nan":"Tâi-oân-ko-sok-thih-lō͘","name:nan-Latn-pehoeji":"Tâi-oân-ko-sok-thih-lō͘","name:nan-Latn-tailo":"Tâi-uân-ko-sok-thih-lōo","name:ru":"Тайваньская высокоскоростная железная дорога","name:zh":"台灣高速鐵路","network":"台灣高鐵","network:en":"THSR","network:zh":"台灣高鐵","operator":"台灣高速鐵路股份有限公司","railway":"rail","ref":"台灣高鐵","start_date":"2007-01-05","usage":"main","voltage":"25000","wikidata":"Q706198","wikipedia":"zh:台灣高鐵"},"id":"way/323105917"},{"type":"Feature","geometry":{"type":"LineString","coordinates":[[120.704447,24.464201],[120.70524,24.466795],[120.706478,24.470104],[120.707451,24.472581],[120.707657,24.473104]]},"properties":{"@id":"way/323105918","bridge":"yes","electrified":"contact_line","frequency":"60","gauge":"1435","highspeed":"yes","layer":"1","maxspeed":"300","name":"台灣高速鐵路","name:en":"Taiwan High Speed Rail","name:ja":"台湾高速鉄道","name:nan":"Tâi-oân-ko-sok-thih-lō͘","name:nan-Latn-pehoeji":"Tâi-oân-ko-sok-thih-lō͘","name:nan-Latn-tailo":"Tâi-uân-ko-sok-thih-lōo","name:ru":"Тайваньская высокоскоростная железная дорога","name:zh":"台灣高速鐵路","network":"台灣高鐵","network:en":"THSR","network:zh":"台灣高鐵","operator":"台灣高速鐵路股份有限公司","railway":"rail","ref":"台灣高鐵","start_date":"2007-01-05","usage":"main","voltage":"25000","wikidata":"Q706198","wikipedia":"zh:台灣高鐵"},"id":"way/323105918"},{"type":"Feature","geometry":{"type":"LineString","coordinates":[[120.743086,24.532848],[120.744512,24.534596],[120.74584,24.536252]]},"properties":{"@id":"way/323105919","electrified":"contact_line","frequency":"60","gauge":"1435","highspeed":"yes","maxspeed":"300","name":"台灣高速鐵路","name:en":"Taiwan High Speed Rail","name:ja":"台湾高速鉄道","name:nan":"Tâi-oân-ko-sok-thih-lō͘","name:nan-Latn-pehoeji":"Tâi-oân-ko-sok-thih-lō͘","name:nan-Latn-tailo":"Tâi-uân-ko-sok-thih-lōo","name:ru":"Тайваньская высокоскоростная железная дорога","name:zh":"台灣高速鐵路","network":"台灣高鐵","network:en":"THSR","network:zh":"台灣高鐵","operator":"台灣高速鐵路股份有限公司","railway":"rail","ref":"台灣高鐵","start_date":"2007-01-05","usage":"main","voltage":"25000","wikidata":"Q706198","wikipedia":"zh:台灣高鐵"},"id":"way/323105919"},{"type":"Feature","geometry":{"type":"LineString","coordinates":[[120.696147,24.429896],[120.695845,24.428682]]},"properties":{"@id":"way/323105920","electrified":"contact_line","frequency":"60","gauge":"1435","highspeed":"yes","maxspeed":"300","name":"台灣高速鐵路","name:en":"Taiwan High Speed Rail","name:ja":"台湾高速鉄道","name:nan":"Tâi-oân-ko-sok-thih-lō͘","name:nan-Latn-pehoeji":"Tâi-oân-ko-sok-thih-lō͘","name:nan-Latn-tailo":"Tâi-uân-ko-sok-thih-lōo","name:ru":"Тайваньская высокоскоростная железная дорога","name:zh":"台灣高速鐵路","network":"台灣高鐵","network:en":"THSR","network:zh":"台灣高鐵","operator":"台灣高速鐵路股份有限公司","railway":"rail","ref":"台灣高鐵","start_date":"2007-01-05","usage":"main","voltage":"25000","wikidata":"Q706198","wikipedia":"zh:台灣高鐵"},"id":"way/323105920"},{"type":"Feature","geometry":{"type":"LineString","coordinates":[[120.753415,24.545334],[120.751687,24.54319],[120.750252,24.541507]]},"properties":{"@id":"way/323105921","electrified":"contact_line","frequency":"60","gauge":"1435","highspeed":"yes","maxspeed":"300","name":"台灣高速鐵路","name:en":"Taiwan High Speed Rail","name:ja":"台湾高速鉄道","name:nan":"Tâi-oân-ko-sok-thih-lō͘","name:nan-Latn-pehoeji":"Tâi-oân-ko-sok-thih-lō͘","name:nan-Latn-tailo":"Tâi-uân-ko-sok-thih-lōo","name:ru":"Тайваньская высокоскоростная железная дорога","name:zh":"台灣高速鐵路","network":"台灣高鐵","network:en":"THSR","network:zh":"台灣高鐵","operator":"台灣高速鐵路股份有限公司","railway":"rail","ref":"台灣高鐵","start_date":"2007-01-05","usage":"main","voltage":"25000","wikidata":"Q706198","wikipedia":"zh:台灣高鐵"},"id":"way/323105921"},{"type":"Feature","geometry":{"type":"LineString","coordinates":[[121.520115,25.047142],[121.520377,25.047093],[121.520572,25.047055],[121.520691,25.04703],[121.521171,25.046939],[121.52176,25.046827],[121.521784,25.046823],[121.522141,25.04673],[121.523829,25.046315],[121.525105,25.046028],[121.525991,25.045846],[121.526387,25.045786],[121.526716,25.045761],[121.52687,25.045746],[121.527408,25.045744],[121.528805,25.045752],[121.52981,25.045762],[121.530305,25.045768],[121.530768,25.04576],[121.531235,25.045734],[121.531525,25.045704],[121.531831,25.04566],[121.532073,25.045619],[121.532309,25.045571],[121.532814,25.045454],[121.534047,25.045094],[121.534354,25.045011],[121.534664,25.044934],[121.534941,25.04488],[121.535309,25.044817],[121.53568,25.044773],[121.540628,25.044513],[121.541189,25.044521],[121.541776,25.044561],[121.543605,25.044781],[121.543913,25.044823],[121.545159,25.044973],[121.545567,25.045005],[121.545931,25.045022],[121.546286,25.045023],[121.54686,25.045005],[121.547379,25.044959],[121.550887,25.044578],[121.552569,25.044391],[121.552678,25.044382],[121.552787,25.044373],[121.553017,25.044359],[121.553276,25.044353],[121.55351,25.044353],[121.553752,25.044363],[121.554025,25.04438],[121.554244,25.044406],[121.554513,25.044441],[121.554821,25.04449],[121.555095,25.044541],[121.55549,25.044619],[121.55607,25.044722],[121.556742,25.044853],[121.557263,25.044954],[121.557558,25.045022],[121.558072,25.045161],[121.558465,25.045287],[121.559057,25.045504],[121.560709,25.046226],[121.563104,25.047274],[121.563729,25.047512],[121.564394,25.047743],[121.565749,25.048218],[121.566304,25.048393],[121.567038,25.048583],[121.568453,25.048913],[121.569462,25.049106],[121.570153,25.049205],[121.570534,25.049245],[121.571233,25.049294],[121.572117,25.049302],[121.573133,25.049288],[121.575156,25.049268],[121.575745,25.049259],[121.576552,25.049229],[121.577418,25.049178],[121.577558,25.04917],[121.577658,25.049168],[121.579881,25.04914],[121.58068,25.04914],[121.581128,25.049155],[121.581679,25.049203],[121.582117,25.049259],[121.582672,25.049361],[121.58368,25.049571],[121.584528,25.049719],[121.585727,25.049897],[121.590164,25.050606],[121.599425,25.05205],[121.601139,25.052264]]},"properties":{"@id":"way/381111230","electrified":"contact_line","frequency":"60","gauge":"1435","highspeed":"yes","layer":"-1","maxspeed":"130","name":"台灣高速鐵路","name:en":"Taiwan High Speed Rail","name:ja":"台湾高速鉄道","name:nan":"Tâi-oân-ko-sok-thih-lō͘","name:nan-Latn-pehoeji":"Tâi-oân-ko-sok-thih-lō͘","name:nan-Latn-tailo":"Tâi-uân-ko-sok-thih-lōo","name:ru":"Тайваньская высокоскоростная железная дорога","name:zh":"台灣高速鐵路","network":"台灣高鐵","network:en":"THSR","network:zh":"台灣高鐵","operator":"台灣高速鐵路股份有限公司","railway":"rail","ref":"台灣高鐵","start_date":"2016-07-01","tunnel":"yes","usage":"main","voltage":"25000","wikidata":"Q706198","wikipedia":"zh:台灣高鐵"},"id":"way/381111230"},{"type":"Feature","geometry":{"type":"LineString","coordinates":[[120.875217,24.629814],[120.878735,24.631752]]},"properties":{"@id":"way/381211457","electrified":"contact_line","frequency":"60","gauge":"1435","highspeed":"yes","maxspeed":"300","name":"台灣高速鐵路","name:en":"Taiwan High Speed Rail","name:ja":"台湾高速鉄道","name:nan":"Tâi-oân-ko-sok-thih-lō͘","name:nan-Latn-pehoeji":"Tâi-oân-ko-sok-thih-lō͘","name:nan-Latn-tailo":"Tâi-uân-ko-sok-thih-lōo","name:ru":"Тайваньская высокоскоростная железная дорога","name:zh":"台灣高速鐵路","network":"台灣高鐵","network:en":"THSR","network:zh":"台灣高鐵","operator":"台灣高速鐵路股份有限公司","railway":"rail","ref":"台灣高鐵","start_date":"2007-01-05","usage":"main","voltage":"25000","wikidata":"Q706198","wikipedia":"zh:台灣高鐵"},"id":"way/381211457"},{"type":"Feature","geometry":{"type":"LineString","coordinates":[[120.878769,24.631712],[120.875268,24.629767]]},"properties":{"@id":"way/381211458","electrified":"contact_line","frequency":"60","gauge":"1435","highspeed":"yes","maxspeed":"300","name":"台灣高速鐵路","name:en":"Taiwan High Speed Rail","name:ja":"台湾高速鉄道","name:nan":"Tâi-oân-ko-sok-thih-lō͘","name:nan-Latn-pehoeji":"Tâi-oân-ko-sok-thih-lō͘","name:nan-Latn-tailo":"Tâi-uân-ko-sok-thih-lōo","name:ru":"Тайваньская высокоскоростная железная дорога","name:zh":"台灣高速鐵路","network":"台灣高鐵","network:en":"THSR","network:zh":"台灣高鐵","operator":"台灣高速鐵路股份有限公司","railway":"rail","ref":"台灣高鐵","start_date":"2007-01-05","usage":"main","voltage":"25000","wikidata":"Q706198","wikipedia":"zh:台灣高鐵"},"id":"way/381211458"},{"type":"Feature","geometry":{"type":"LineString","coordinates":[[121.620679,25.054554],[121.61815,25.054456],[121.617367,25.054421]]},"properties":{"@id":"way/400932474","electrified":"contact_line","frequency":"60","gauge":"1435","highspeed":"yes","name":"台灣高速鐵路","name:en":"Taiwan High Speed Rail","name:ja":"台湾高速鉄道","name:nan":"Tâi-oân-ko-sok-thih-lō͘","name:nan-Latn-pehoeji":"Tâi-oân-ko-sok-thih-lō͘","name:nan-Latn-tailo":"Tâi-uân-ko-sok-thih-lōo","name:ru":"Тайваньская высокоскоростная железная дорога","name:zh":"台灣高速鐵路","name:zh-Hans":"台湾高速铁路","name:zh-Hant":"台灣高速鐵路","network":"台灣高鐵","network:en":"THSR","network:zh":"台灣高鐵","operator":"台灣高速鐵路股份有限公司","railway":"rail","ref":"台灣高鐵","service":"yard","usage":"main","voltage":"25000"},"id":"way/400932474"},{"type":"Feature","geometry":{"type":"LineString","coordinates":[[120.613796,23.955477],[120.6136,23.95797]]},"properties":{"@id":"way/408637644","electrified":"contact_line","frequency":"60","gauge":"1435","highspeed":"yes","layer":"-1","maxspeed":"300","name":"台灣高速鐵路","name:en":"Taiwan High Speed Rail","name:ja":"台湾高速鉄道","name:nan":"Tâi-oân-ko-sok-thih-lō͘","name:nan-Latn-pehoeji":"Tâi-oân-ko-sok-thih-lō͘","name:nan-Latn-tailo":"Tâi-uân-ko-sok-thih-lōo","name:ru":"Тайваньская высокоскоростная железная дорога","name:zh":"台灣高速鐵路","network":"台灣高鐵","network:en":"THSR","network:zh":"台灣高鐵","operator":"台灣高速鐵路股份有限公司","railway":"rail","ref":"台灣高鐵","start_date":"2007-01-05","tunnel":"yes","usage":"main","voltage":"25000","wikidata":"Q706198","wikipedia":"zh:台灣高鐵"},"id":"way/408637644"},{"type":"Feature","geometry":{"type":"LineString","coordinates":[[120.612964,23.965767],[120.612322,23.972893]]},"properties":{"@id":"way/408637649","bridge":"yes","electrified":"contact_line","frequency":"60","gauge":"1435","highspeed":"yes","maxspeed":"300","name":"台灣高速鐵路","name:en":"Taiwan High Speed Rail","name:ja":"台湾高速鉄道","name:nan":"Tâi-oân-ko-sok-thih-lō͘","name:nan-Latn-pehoeji":"Tâi-oân-ko-sok-thih-lō͘","name:nan-Latn-tailo":"Tâi-uân-ko-sok-thih-lōo","name:ru":"Тайваньская высокоскоростная железная дорога","name:zh":"台灣高速鐵路","network":"台灣高鐵","network:en":"THSR","network:zh":"台灣高鐵","operator":"台灣高速鐵路股份有限公司","railway":"rail","ref":"台灣高鐵","start_date":"2007-01-05","usage":"main","voltage":"25000","wikidata":"Q706198","wikipedia":"zh:台灣高鐵"},"id":"way/408637649"},{"type":"Feature","geometry":{"type":"LineString","coordinates":[[120.613037,23.965767],[120.613144,23.964399]]},"properties":{"@id":"way/408637657","electrified":"contact_line","frequency":"60","gauge":"1435","highspeed":"yes","layer":"-1","maxspeed":"300","name":"台灣高速鐵路","name:en":"Taiwan High Speed Rail","name:ja":"台湾高速鉄道","name:nan":"Tâi-oân-ko-sok-thih-lō͘","name:nan-Latn-pehoeji":"Tâi-oân-ko-sok-thih-lō͘","name:nan-Latn-tailo":"Tâi-uân-ko-sok-thih-lōo","name:ru":"Тайваньская высокоскоростная железная дорога","name:zh":"台灣高速鐵路","network":"台灣高鐵","network:en":"THSR","network:zh":"台灣高鐵","operator":"台灣高速鐵路股份有限公司","railway":"rail","ref":"台灣高鐵","start_date":"2007-01-05","tunnel":"yes","usage":"main","voltage":"25000","wikidata":"Q706198","wikipedia":"zh:台灣高鐵"},"id":"way/408637657"},{"type":"Feature","geometry":{"type":"LineString","coordinates":[[120.613074,23.964369],[120.612964,23.965767]]},"properties":{"@id":"way/408637662","electrified":"contact_line","frequency":"60","gauge":"1435","highspeed":"yes","layer":"-1","maxspeed":"300","name":"台灣高速鐵路","name:en":"Taiwan High Speed Rail","name:ja":"台湾高速鉄道","name:nan":"Tâi-oân-ko-sok-thih-lō͘","name:nan-Latn-pehoeji":"Tâi-oân-ko-sok-thih-lō͘","name:nan-Latn-tailo":"Tâi-uân-ko-sok-thih-lōo","name:ru":"Тайваньская высокоскоростная железная дорога","name:zh":"台灣高速鐵路","network":"台灣高鐵","network:en":"THSR","network:zh":"台灣高鐵","operator":"台灣高速鐵路股份有限公司","railway":"rail","ref":"台灣高鐵","start_date":"2007-01-05","tunnel":"yes","usage":"main","voltage":"25000","wikidata":"Q706198","wikipedia":"zh:台灣高鐵"},"id":"way/408637662"},{"type":"Feature","geometry":{"type":"LineString","coordinates":[[120.612393,23.972872],[120.613037,23.965767]]},"properties":{"@id":"way/408637670","bridge":"yes","electrified":"contact_line","frequency":"60","gauge":"1435","highspeed":"yes","maxspeed":"300","name":"台灣高速鐵路","name:en":"Taiwan High Speed Rail","name:ja":"台湾高速鉄道","name:nan":"Tâi-oân-ko-sok-thih-lō͘","name:nan-Latn-pehoeji":"Tâi-oân-ko-sok-thih-lō͘","name:nan-Latn-tailo":"Tâi-uân-ko-sok-thih-lōo","name:ru":"Тайваньская высокоскоростная железная дорога","name:zh":"台灣高速鐵路","network":"台灣高鐵","network:en":"THSR","network:zh":"台灣高鐵","operator":"台灣高速鐵路股份有限公司","railway":"rail","ref":"台灣高鐵","start_date":"2007-01-05","usage":"main","voltage":"25000","wikidata":"Q706198","wikipedia":"zh:台灣高鐵"},"id":"way/408637670"},{"type":"Feature","geometry":{"type":"LineString","coordinates":[[120.613683,23.957948],[120.613861,23.955482]]},"properties":{"@id":"way/408637675","electrified":"contact_line","frequency":"60","gauge":"1435","highspeed":"yes","layer":"-1","maxspeed":"300","name":"台灣高速鐵路","name:en":"Taiwan High Speed Rail","name:ja":"台湾高速鉄道","name:nan":"Tâi-oân-ko-sok-thih-lō͘","name:nan-Latn-pehoeji":"Tâi-oân-ko-sok-thih-lō͘","name:nan-Latn-tailo":"Tâi-uân-ko-sok-thih-lōo","name:ru":"Тайваньская высокоскоростная железная дорога","name:zh":"台灣高速鐵路","network":"台灣高鐵","network:en":"THSR","network:zh":"台灣高鐵","operator":"台灣高速鐵路股份有限公司","railway":"rail","ref":"台灣高鐵","start_date":"2007-01-05","tunnel":"yes","usage":"main","voltage":"25000","wikidata":"Q706198","wikipedia":"zh:台灣高鐵"},"id":"way/408637675"},{"type":"Feature","geometry":{"type":"LineString","coordinates":[[120.613144,23.964399],[120.613497,23.959767],[120.613683,23.957948]]},"properties":{"@id":"way/408637679","bridge":"yes","electrified":"contact_line","frequency":"60","gauge":"1435","highspeed":"yes","maxspeed":"300","name":"台灣高速鐵路","name:en":"Taiwan High Speed Rail","name:ja":"台湾高速鉄道","name:nan":"Tâi-oân-ko-sok-thih-lō͘","name:nan-Latn-pehoeji":"Tâi-oân-ko-sok-thih-lō͘","name:nan-Latn-tailo":"Tâi-uân-ko-sok-thih-lōo","name:ru":"Тайваньская высокоскоростная железная дорога","name:zh":"台灣高速鐵路","network":"台灣高鐵","network:en":"THSR","network:zh":"台灣高鐵","operator":"台灣高速鐵路股份有限公司","railway":"rail","ref":"台灣高鐵","start_date":"2007-01-05","usage":"main","voltage":"25000","wikidata":"Q706198","wikipedia":"zh:台灣高鐵"},"id":"way/408637679"},{"type":"Feature","geometry":{"type":"LineString","coordinates":[[120.612322,23.972893],[120.612151,23.9743],[120.612077,23.974989]]},"properties":{"@id":"way/408637682","electrified":"contact_line","frequency":"60","gauge":"1435","highspeed":"yes","layer":"-1","maxspeed":"300","name":"台灣高速鐵路","name:en":"Taiwan High Speed Rail","name:ja":"台湾高速鉄道","name:nan":"Tâi-oân-ko-sok-thih-lō͘","name:nan-Latn-pehoeji":"Tâi-oân-ko-sok-thih-lō͘","name:nan-Latn-tailo":"Tâi-uân-ko-sok-thih-lōo","name:ru":"Тайваньская высокоскоростная железная дорога","name:zh":"台灣高速鐵路","network":"台灣高鐵","network:en":"THSR","network:zh":"台灣高鐵","operator":"台灣高速鐵路股份有限公司","railway":"rail","ref":"台灣高鐵","start_date":"2007-01-05","tunnel":"yes","usage":"main","voltage":"25000","wikidata":"Q706198","wikipedia":"zh:台灣高鐵"},"id":"way/408637682"},{"type":"Feature","geometry":{"type":"LineString","coordinates":[[120.6136,23.95797],[120.613424,23.95975],[120.613074,23.964369]]},"properties":{"@id":"way/408637687","bridge":"yes","electrified":"contact_line","frequency":"60","gauge":"1435","highspeed":"yes","maxspeed":"300","name":"台灣高速鐵路","name:en":"Taiwan High Speed Rail","name:ja":"台湾高速鉄道","name:nan":"Tâi-oân-ko-sok-thih-lō͘","name:nan-Latn-pehoeji":"Tâi-oân-ko-sok-thih-lō͘","name:nan-Latn-tailo":"Tâi-uân-ko-sok-thih-lōo","name:ru":"Тайваньская высокоскоростная железная дорога","name:zh":"台灣高速鐵路","network":"台灣高鐵","network:en":"THSR","network:zh":"台灣高鐵","operator":"台灣高速鐵路股份有限公司","railway":"rail","ref":"台灣高鐵","start_date":"2007-01-05","usage":"main","voltage":"25000","wikidata":"Q706198","wikipedia":"zh:台灣高鐵"},"id":"way/408637687"},{"type":"Feature","geometry":{"type":"LineString","coordinates":[[120.612152,23.974987],[120.612216,23.974314],[120.612393,23.972872]]},"properties":{"@id":"way/408637690","electrified":"contact_line","frequency":"60","gauge":"1435","highspeed":"yes","layer":"-1","maxspeed":"300","name":"台灣高速鐵路","name:en":"Taiwan High Speed Rail","name:ja":"台湾高速鉄道","name:nan":"Tâi-oân-ko-sok-thih-lō͘","name:nan-Latn-pehoeji":"Tâi-oân-ko-sok-thih-lō͘","name:nan-Latn-tailo":"Tâi-uân-ko-sok-thih-lōo","name:ru":"Тайваньская высокоскоростная железная дорога","name:zh":"台灣高速鐵路","network":"台灣高鐵","network:en":"THSR","network:zh":"台灣高鐵","operator":"台灣高速鐵路股份有限公司","railway":"rail","ref":"台灣高鐵","start_date":"2007-01-05","tunnel":"yes","usage":"main","voltage":"25000","wikidata":"Q706198","wikipedia":"zh:台灣高鐵"},"id":"way/408637690"},{"type":"Feature","geometry":{"type":"LineString","coordinates":[[121.019794,24.750908],[121.020953,24.752154]]},"properties":{"@id":"way/458093453","bridge":"yes","electrified":"contact_line","frequency":"60","gauge":"1435","highspeed":"yes","maxspeed":"300","name":"台灣高速鐵路","name:en":"Taiwan High Speed Rail","name:ja":"台湾高速鉄道","name:nan":"Tâi-oân-ko-sok-thih-lō͘","name:nan-Latn-pehoeji":"Tâi-oân-ko-sok-thih-lō͘","name:nan-Latn-tailo":"Tâi-uân-ko-sok-thih-lōo","name:ru":"Тайваньская высокоскоростная железная дорога","name:zh":"台灣高速鐵路","network":"台灣高鐵","network:en":"THSR","network:zh":"台灣高鐵","operator":"台灣高速鐵路股份有限公司","railway":"rail","ref":"台灣高鐵","start_date":"2007-01-05","usage":"main","voltage":"25000","wikidata":"Q706198","wikipedia":"zh:台灣高鐵"},"id":"way/458093453"},{"type":"Feature","geometry":{"type":"LineString","coordinates":[[121.021005,24.752102],[121.019841,24.75087]]},"properties":{"@id":"way/458093454","bridge":"yes","electrified":"contact_line","frequency":"60","gauge":"1435","highspeed":"yes","maxspeed":"300","name":"台灣高速鐵路","name:en":"Taiwan High Speed Rail","name:ja":"台湾高速鉄道","name:nan":"Tâi-oân-ko-sok-thih-lō͘","name:nan-Latn-pehoeji":"Tâi-oân-ko-sok-thih-lō͘","name:nan-Latn-tailo":"Tâi-uân-ko-sok-thih-lōo","name:ru":"Тайваньская высокоскоростная железная дорога","name:zh":"台灣高速鐵路","network":"台灣高鐵","network:en":"THSR","network:zh":"台灣高鐵","operator":"台灣高速鐵路股份有限公司","railway":"rail","ref":"台灣高鐵","start_date":"2007-01-05","usage":"main","voltage":"25000","wikidata":"Q706198","wikipedia":"zh:台灣高鐵"},"id":"way/458093454"},{"type":"Feature","geometry":{"type":"LineString","coordinates":[[121.019841,24.75087],[121.019048,24.749978],[121.018225,24.749191]]},"properties":{"@id":"way/458093455","electrified":"contact_line","frequency":"60","gauge":"1435","highspeed":"yes","maxspeed":"300","name":"台灣高速鐵路","name:en":"Taiwan High Speed Rail","name:ja":"台湾高速鉄道","name:nan":"Tâi-oân-ko-sok-thih-lō͘","name:nan-Latn-pehoeji":"Tâi-oân-ko-sok-thih-lō͘","name:nan-Latn-tailo":"Tâi-uân-ko-sok-thih-lōo","name:ru":"Тайваньская высокоскоростная железная дорога","name:zh":"台灣高速鐵路","network":"台灣高鐵","network:en":"THSR","network:zh":"台灣高鐵","operator":"台灣高速鐵路股份有限公司","railway":"rail","ref":"台灣高鐵","start_date":"2007-01-05","usage":"main","voltage":"25000","wikidata":"Q706198","wikipedia":"zh:台灣高鐵"},"id":"way/458093455"},{"type":"Feature","geometry":{"type":"LineString","coordinates":[[121.018177,24.749227],[121.019,24.750017],[121.019794,24.750908]]},"properties":{"@id":"way/458093456","electrified":"contact_line","frequency":"60","gauge":"1435","highspeed":"yes","maxspeed":"300","name":"台灣高速鐵路","name:en":"Taiwan High Speed Rail","name:ja":"台湾高速鉄道","name:nan":"Tâi-oân-ko-sok-thih-lō͘","name:nan-Latn-pehoeji":"Tâi-oân-ko-sok-thih-lō͘","name:nan-Latn-tailo":"Tâi-uân-ko-sok-thih-lōo","name:ru":"Тайваньская высокоскоростная железная дорога","name:zh":"台灣高速鐵路","network":"台灣高鐵","network:en":"THSR","network:zh":"台灣高鐵","operator":"台灣高速鐵路股份有限公司","railway":"rail","ref":"台灣高鐵","start_date":"2007-01-05","usage":"main","voltage":"25000","wikidata":"Q706198","wikipedia":"zh:台灣高鐵"},"id":"way/458093456"},{"type":"Feature","geometry":{"type":"LineString","coordinates":[[121.040644,24.810321],[121.040704,24.810712],[121.040736,24.810897],[121.040768,24.811045],[121.04081,24.811176],[121.040969,24.811675],[121.041041,24.811905],[121.04179,24.814839]]},"properties":{"@id":"way/500402404","bridge":"viaduct","electrified":"contact_line","frequency":"60","gauge":"1435","highspeed":"no","layer":"1","name":"台灣高速鐵路","name:en":"Taiwan High Speed Rail","name:ja":"台湾高速鉄道","name:nan":"Tâi-oân-ko-sok-thih-lō͘","name:nan-Latn-pehoeji":"Tâi-oân-ko-sok-thih-lō͘","name:nan-Latn-tailo":"Tâi-uân-ko-sok-thih-lōo","name:ru":"Тайваньская высокоскоростная железная дорога","name:zh":"台灣高速鐵路","network":"台灣高鐵","network:en":"THSR","network:zh":"台灣高鐵","operator":"台灣高速鐵路股份有限公司","railway":"rail","ref":"台灣高鐵","service":"yard","start_date":"2007-01-05","voltage":"25000","wikidata":"Q706198","wikipedia":"zh:台灣高鐵"},"id":"way/500402404"},{"type":"Feature","geometry":{"type":"LineString","coordinates":[[121.03858,24.801992],[121.03877,24.802914],[121.03917,24.80455],[121.039825,24.807117],[121.040125,24.808324],[121.040644,24.810321],[121.040846,24.811118],[121.041251,24.812466]]},"properties":{"@id":"way/500402405","bridge":"viaduct","electrified":"contact_line","frequency":"60","gauge":"1435","highspeed":"no","layer":"1","maxspeed":"100","name":"台灣高速鐵路","name:en":"Taiwan High Speed Rail","name:ja":"台湾高速鉄道","name:nan":"Tâi-oân-ko-sok-thih-lō͘","name:nan-Latn-pehoeji":"Tâi-oân-ko-sok-thih-lō͘","name:nan-Latn-tailo":"Tâi-uân-ko-sok-thih-lōo","name:ru":"Тайваньская высокоскоростная железная дорога","name:zh":"台灣高速鐵路","network":"台灣高鐵","network:en":"THSR","network:zh":"台灣高鐵","operator":"台灣高速鐵路股份有限公司","railway":"rail","service":"siding","start_date":"2007-01-05","voltage":"25000","wikidata":"Q706198","wikipedia":"zh:台灣高鐵"},"id":"way/500402405"},{"type":"Feature","geometry":{"type":"LineString","coordinates":[[121.042631,24.817689],[121.042171,24.815603],[121.040285,24.808289],[121.039744,24.806124],[121.03955,24.805371],[121.039275,24.804521]]},"properties":{"@id":"way/500406361","bridge":"viaduct","electrified":"contact_line","frequency":"60","gauge":"1435","highspeed":"no","layer":"1","maxspeed":"100","name":"台灣高速鐵路","name:en":"Taiwan High Speed Rail","name:ja":"台湾高速鉄道","name:nan":"Tâi-oân-ko-sok-thih-lō͘","name:nan-Latn-pehoeji":"Tâi-oân-ko-sok-thih-lō͘","name:nan-Latn-tailo":"Tâi-uân-ko-sok-thih-lōo","name:ru":"Тайваньская высокоскоростная железная дорога","name:zh":"台灣高速鐵路","network":"台灣高鐵","network:en":"THSR","network:zh":"台灣高鐵","operator":"台灣高速鐵路股份有限公司","railway":"rail","service":"siding","start_date":"2007-01-05","voltage":"25000","wikidata":"Q706198","wikipedia":"zh:台灣高鐵"},"id":"way/500406361"},{"type":"Feature","geometry":{"type":"LineString","coordinates":[[120.617452,24.127701],[120.617279,24.126477]]},"properties":{"@id":"way/500432907","bridge":"viaduct","electrified":"contact_line","frequency":"60","gauge":"1435","highspeed":"yes","layer":"3","maxspeed":"300","name":"台灣高速鐵路","name:en":"Taiwan High Speed Rail","name:ja":"台湾高速鉄道","name:nan":"Tâi-oân-ko-sok-thih-lō͘","name:nan-Latn-pehoeji":"Tâi-oân-ko-sok-thih-lō͘","name:nan-Latn-tailo":"Tâi-uân-ko-sok-thih-lōo","name:ru":"Тайваньская высокоскоростная железная дорога","name:zh":"台灣高速鐵路","network":"台灣高鐵","network:en":"THSR","network:zh":"台灣高鐵","operator":"台灣高速鐵路股份有限公司","railway":"rail","ref":"台灣高鐵","service":"crossover","start_date":"2007-01-05","voltage":"25000","wikidata":"Q706198","wikipedia":"zh:台灣高鐵"},"id":"way/500432907"},{"type":"Feature","geometry":{"type":"LineString","coordinates":[[120.614688,24.099511],[120.614827,24.101556],[120.614948,24.102793],[120.615072,24.104066],[120.615221,24.106229],[120.615306,24.107429],[120.615614,24.109754],[120.615852,24.112107],[120.616242,24.116062]]},"properties":{"@id":"way/500436549","bridge":"viaduct","electrified":"contact_line","frequency":"60","gauge":"1435","layer":"3","maxspeed":"300","name":"台灣高速鐵路","name:en":"Taiwan High Speed Rail","name:ja":"台湾高速鉄道","name:nan":"Tâi-oân-ko-sok-thih-lō͘","name:nan-Latn-pehoeji":"Tâi-oân-ko-sok-thih-lō͘","name:nan-Latn-tailo":"Tâi-uân-ko-sok-thih-lōo","name:ru":"Тайваньская высокоскоростная железная дорога","name:zh":"台灣高速鐵路","network":"台灣高鐵","network:en":"THSR","network:zh":"台灣高鐵","operator":"台灣高速鐵路股份有限公司","railway":"rail","service":"siding","start_date":"2007-01-05","voltage":"25000","wikidata":"Q706198","wikipedia":"zh:台灣高鐵"},"id":"way/500436549"},{"type":"Feature","geometry":{"type":"LineString","coordinates":[[120.616709,24.119638],[120.616646,24.118793],[120.616563,24.117621],[120.616413,24.116048],[120.61603,24.112093],[120.615797,24.109738],[120.615713,24.107898],[120.615554,24.106626],[120.615052,24.102782]]},"properties":{"@id":"way/500436550","bridge":"viaduct","electrified":"contact_line","frequency":"60","gauge":"1435","highspeed":"yes","layer":"3","maxspeed":"300","name":"台灣高速鐵路","name:en":"Taiwan High Speed Rail","name:ja":"台湾高速鉄道","name:nan":"Tâi-oân-ko-sok-thih-lō͘","name:nan-Latn-pehoeji":"Tâi-oân-ko-sok-thih-lō͘","name:nan-Latn-tailo":"Tâi-uân-ko-sok-thih-lōo","name:ru":"Тайваньская высокоскоростная железная дорога","name:zh":"台灣高速鐵路","network":"台灣高鐵","network:en":"THSR","network:zh":"台灣高鐵","operator":"台灣高速鐵路股份有限公司","railway":"rail","service":"siding","start_date":"2007-01-05","voltage":"25000","wikidata":"Q706198","wikipedia":"zh:台灣高鐵"},"id":"way/500436550"},{"type":"Feature","geometry":{"type":"LineString","coordinates":[[120.617625,24.13003],[120.617573,24.128896]]},"properties":{"@id":"way/500544355","bridge":"viaduct","electrified":"contact_line","frequency":"60","gauge":"1435","highspeed":"yes","layer":"3","name":"台灣高速鐵路","name:en":"Taiwan High Speed Rail","name:ja":"台湾高速鉄道","name:nan":"Tâi-oân-ko-sok-thih-lō͘","name:nan-Latn-pehoeji":"Tâi-oân-ko-sok-thih-lō͘","name:nan-Latn-tailo":"Tâi-uân-ko-sok-thih-lōo","name:ru":"Тайваньская высокоскоростная железная дорога","name:zh":"台灣高速鐵路","network":"台灣高鐵","network:en":"THSR","network:zh":"台灣高鐵","operator":"台灣高速鐵路股份有限公司","railway":"rail","ref":"台灣高鐵","service":"crossover","start_date":"2007-01-05","voltage":"25000","wikidata":"Q706198","wikipedia":"zh:台灣高鐵"},"id":"way/500544355"},{"type":"Feature","geometry":{"type":"LineString","coordinates":[[120.614325,24.095835],[120.614506,24.097154]]},"properties":{"@id":"way/500544356","bridge":"viaduct","electrified":"contact_line","frequency":"60","gauge":"1435","highspeed":"no","layer":"3","name":"台灣高速鐵路","name:en":"Taiwan High Speed Rail","name:ja":"台湾高速鉄道","name:nan":"Tâi-oân-ko-sok-thih-lō͘","name:nan-Latn-pehoeji":"Tâi-oân-ko-sok-thih-lō͘","name:nan-Latn-tailo":"Tâi-uân-ko-sok-thih-lōo","name:ru":"Тайваньская высокоскоростная железная дорога","name:zh":"台灣高速鐵路","network":"台灣高鐵","network:en":"THSR","network:zh":"台灣高鐵","operator":"台灣高速鐵路股份有限公司","railway":"rail","ref":"台灣高鐵","service":"crossover","start_date":"2007-01-05","voltage":"25000","wikidata":"Q706198","wikipedia":"zh:台灣高鐵"},"id":"way/500544356"},{"type":"Feature","geometry":{"type":"LineString","coordinates":[[120.614227,24.094148],[120.614273,24.095349]]},"properties":{"@id":"way/500544357","bridge":"viaduct","electrified":"contact_line","frequency":"60","gauge":"1435","highspeed":"no","layer":"3","name":"台灣高速鐵路","name:en":"Taiwan High Speed Rail","name:ja":"台湾高速鉄道","name:nan":"Tâi-oân-ko-sok-thih-lō͘","name:nan-Latn-pehoeji":"Tâi-oân-ko-sok-thih-lō͘","name:nan-Latn-tailo":"Tâi-uân-ko-sok-thih-lōo","name:ru":"Тайваньская высокоскоростная железная дорога","name:zh":"台灣高速鐵路","network":"台灣高鐵","network:en":"THSR","network:zh":"台灣高鐵","operator":"台灣高速鐵路股份有限公司","railway":"rail","ref":"台灣高鐵","service":"crossover","start_date":"2007-01-05","voltage":"25000","wikidata":"Q706198","wikipedia":"zh:台灣高鐵"},"id":"way/500544357"},{"type":"Feature","geometry":{"type":"LineString","coordinates":[[120.311027,22.690464],[120.310522,22.689972],[120.310221,22.689647],[120.3091,22.688435],[120.307571,22.687125],[120.306005,22.685807]]},"properties":{"@id":"way/501135661","electrified":"contact_line","frequency":"60","gauge":"1435","highspeed":"yes","name":"台灣高速鐵路","name:en":"Taiwan High Speed Rail","name:ja":"台湾高速鉄道","name:nan":"Tâi-oân-ko-sok-thih-lō͘","name:nan-Latn-pehoeji":"Tâi-oân-ko-sok-thih-lō͘","name:nan-Latn-tailo":"Tâi-uân-ko-sok-thih-lōo","name:ru":"Тайваньская высокоскоростная железная дорога","name:zh":"台灣高速鐵路","network":"台灣高鐵","network:en":"THSR","network:zh":"台灣高鐵","operator":"台灣高速鐵路股份有限公司","railway":"rail","ref":"台灣高鐵","start_date":"2007-01-05","usage":"main","voltage":"25000","wikidata":"Q706198","wikipedia":"zh:台灣高鐵"},"id":"way/501135661"},{"type":"Feature","geometry":{"type":"LineString","coordinates":[[120.30311,22.683452],[120.303433,22.683791],[120.303661,22.683978],[120.303694,22.684005],[120.304523,22.684687],[120.304713,22.684851],[120.305292,22.685321],[120.305949,22.685867]]},"properties":{"@id":"way/501139167","electrified":"contact_line","frequency":"60","gauge":"1435","highspeed":"yes","name":"台灣高速鐵路","name:en":"Taiwan High Speed Rail","name:ja":"台湾高速鉄道","name:nan":"Tâi-oân-ko-sok-thih-lō͘","name:nan-Latn-pehoeji":"Tâi-oân-ko-sok-thih-lō͘","name:nan-Latn-tailo":"Tâi-uân-ko-sok-thih-lōo","name:ru":"Тайваньская высокоскоростная железная дорога","name:zh":"台灣高速鐵路","network":"台灣高鐵","network:en":"THSR","network:zh":"台灣高鐵","operator":"台灣高速鐵路股份有限公司","railway":"rail","ref":"台灣高鐵","start_date":"2007-01-05","usage":"main","voltage":"25000","wikidata":"Q706198","wikipedia":"zh:台灣高鐵"},"id":"way/501139167"},{"type":"Feature","geometry":{"type":"LineString","coordinates":[[121.607823,25.053061],[121.605917,25.052768],[121.605866,25.05276],[121.604565,25.05256],[121.60452,25.052553],[121.603816,25.052435],[121.603694,25.052418],[121.603044,25.052424]]},"properties":{"@id":"way/593864744","electrified":"contact_line","frequency":"60","gauge":"1435","layer":"-2","level":"-1","name":"台灣高速鐵路","name:en":"Taiwan High Speed Rail","name:ja":"台湾高速鉄道","name:nan":"Tâi-oân-ko-sok-thih-lō͘","name:nan-Latn-pehoeji":"Tâi-oân-ko-sok-thih-lō͘","name:nan-Latn-tailo":"Tâi-uân-ko-sok-thih-lōo","name:ru":"Тайваньская высокоскоростная железная дорога","name:zh":"台灣高速鐵路","name:zh-Hans":"台湾高速铁路","name:zh-Hant":"台灣高速鐵路","network":"台灣高鐵","network:en":"THSR","network:zh":"台灣高鐵","operator":"台灣高速鐵路股份有限公司","railway":"rail","service":"siding","start_date":"2016-07-01","tunnel":"yes","voltage":"25000","wikidata":"Q706198","wikipedia":"zh:台灣高鐵"},"id":"way/593864744"},{"type":"Feature","geometry":{"type":"LineString","coordinates":[[121.60781,25.053136],[121.605912,25.052848],[121.604505,25.052635],[121.603801,25.052527],[121.603307,25.052462],[121.603044,25.052424],[121.602848,25.0524],[121.602181,25.052311]]},"properties":{"@id":"way/593864745","electrified":"contact_line","frequency":"60","gauge":"1435","level":"-1","name":"台灣高速鐵路","name:en":"Taiwan High Speed Rail","name:ja":"台湾高速鉄道","name:nan":"Tâi-oân-ko-sok-thih-lō͘","name:nan-Latn-pehoeji":"Tâi-oân-ko-sok-thih-lō͘","name:nan-Latn-tailo":"Tâi-uân-ko-sok-thih-lōo","name:ru":"Тайваньская высокоскоростная железная дорога","name:zh":"台灣高速鐵路","name:zh-Hans":"台湾高速铁路","name:zh-Hant":"台灣高速鐵路","network":"台灣高鐵","network:en":"THSR","network:zh":"台灣高鐵","operator":"台灣高速鐵路股份有限公司","railway":"rail","start_date":"2016-07-01","tunnel":"yes","usage":"main","voltage":"25000","wikidata":"Q706198","wikipedia":"zh:台灣高鐵"},"id":"way/593864745"},{"type":"Feature","geometry":{"type":"LineString","coordinates":[[121.602763,25.052485],[121.60284,25.052496],[121.603034,25.052524]]},"properties":{"@id":"way/593864746","electrified":"contact_line","frequency":"60","gauge":"1435","highspeed":"yes","layer":"-1","level":"B1","name":"台灣高速鐵路","name:en":"Taiwan High Speed Rail","name:ja":"台湾高速鉄道","name:nan":"Tâi-oân-ko-sok-thih-lō͘","name:nan-Latn-pehoeji":"Tâi-oân-ko-sok-thih-lō͘","name:nan-Latn-tailo":"Tâi-uân-ko-sok-thih-lōo","name:ru":"Тайваньская высокоскоростная железная дорога","name:zh":"台灣高速鐵路","network":"台灣高鐵","network:en":"THSR","network:zh":"台灣高鐵","operator":"台灣高速鐵路股份有限公司","railway":"rail","ref":"台灣高鐵","start_date":"2016-07-01","tunnel":"yes","usage":"main","voltage":"25000","wikidata":"Q706198","wikipedia":"zh:台灣高鐵"},"id":"way/593864746"},{"type":"Feature","geometry":{"type":"LineString","coordinates":[[121.607835,25.053386],[121.610724,25.053798],[121.612162,25.053936],[121.612225,25.053942],[121.613089,25.054029],[121.6136,25.05412],[121.613932,25.054155],[121.614991,25.054298],[121.615045,25.054303],[121.615311,25.054327],[121.615624,25.054351],[121.615853,25.054364],[121.616157,25.054382],[121.61648,25.054404],[121.617367,25.054456]]},"properties":{"@id":"way/593866770","electrified":"contact_line","frequency":"60","gauge":"1435","highspeed":"yes","layer":"-3","level":"-1","name":"台灣高速鐵路","name:en":"Taiwan High Speed Rail","name:ja":"台湾高速鉄道","name:nan":"Tâi-oân-ko-sok-thih-lō͘","name:nan-Latn-pehoeji":"Tâi-oân-ko-sok-thih-lō͘","name:nan-Latn-tailo":"Tâi-uân-ko-sok-thih-lōo","name:ru":"Тайваньская высокоскоростная железная дорога","name:zh":"台灣高速鐵路","name:zh-Hans":"台湾高速铁路","name:zh-Hant":"台灣高速鐵路","network":"台灣高鐵","network:en":"THSR","network:zh":"台灣高鐵","operator":"台灣高速鐵路股份有限公司","railway":"rail","ref":"台灣高鐵","service":"yard","tunnel":"yes","usage":"main","voltage":"25000","wikidata":"Q706198","wikipedia":"zh:台灣高鐵"},"id":"way/593866770"},{"type":"Feature","geometry":{"type":"LineString","coordinates":[[121.577555,25.049129],[121.577414,25.049136],[121.576551,25.049184],[121.575745,25.04922],[121.57313,25.049251],[121.572349,25.049258],[121.572113,25.049261],[121.57118,25.049249],[121.570639,25.049212],[121.570145,25.049164],[121.568464,25.048871],[121.567061,25.048542],[121.566324,25.048356],[121.565765,25.048173],[121.5644,25.047695],[121.563733,25.047462],[121.56312,25.047229],[121.560725,25.046188],[121.559075,25.045466],[121.558476,25.045247],[121.558084,25.045121],[121.55757,25.044978],[121.557274,25.04491],[121.556753,25.044809],[121.556081,25.044678],[121.555501,25.044574],[121.555106,25.044497],[121.55483,25.044446],[121.554521,25.044396],[121.554251,25.044361],[121.55403,25.044335],[121.553755,25.044318],[121.553511,25.044307],[121.553275,25.044308],[121.553011,25.044318],[121.55279,25.044331],[121.552672,25.04434],[121.552567,25.044346],[121.550882,25.044535],[121.547373,25.044916],[121.546857,25.044961],[121.546285,25.04498],[121.545932,25.044978],[121.545571,25.044961],[121.545164,25.04493],[121.54392,25.04478],[121.543612,25.044743],[121.54178,25.044516],[121.541189,25.044476],[121.54063,25.044468],[121.536316,25.044682],[121.53579,25.044721],[121.5353,25.044774],[121.534978,25.044829],[121.534656,25.044891],[121.534345,25.044969],[121.534041,25.045051],[121.532809,25.045409],[121.532475,25.045492],[121.53231,25.04553],[121.532157,25.045561],[121.531844,25.045615],[121.531524,25.045661],[121.531486,25.045664],[121.531043,25.045704],[121.530614,25.045723],[121.53023,25.045726],[121.529882,25.045723],[121.528265,25.045707],[121.527605,25.045701],[121.527374,25.045705],[121.527051,25.045706],[121.52671,25.045717],[121.526355,25.045751],[121.526046,25.045796],[121.525855,25.045831],[121.525098,25.045985],[121.521763,25.046786],[121.521697,25.046799],[121.521139,25.046909],[121.520938,25.046952],[121.520525,25.047026],[121.52016,25.047088],[121.520096,25.047099],[121.519592,25.047151]]},"properties":{"@id":"way/593866771","electrified":"contact_line","frequency":"60","gauge":"1435","highspeed":"yes","layer":"-1","level":"-2","maxspeed":"130","name":"台灣高速鐵路","name:en":"Taiwan High Speed Rail","name:ja":"台湾高速鉄道","name:nan":"Tâi-oân-ko-sok-thih-lō͘","name:nan-Latn-pehoeji":"Tâi-oân-ko-sok-thih-lō͘","name:nan-Latn-tailo":"Tâi-uân-ko-sok-thih-lōo","name:ru":"Тайваньская высокоскоростная железная дорога","name:zh":"台灣高速鐵路","network":"台灣高鐵","network:en":"THSR","network:zh":"台灣高鐵","operator":"台灣高速鐵路股份有限公司","railway":"rail","ref":"台灣高鐵","start_date":"2016-07-01","tunnel":"yes","usage":"main","voltage":"25000","wikidata":"Q706198","wikipedia":"zh:台灣高鐵"},"id":"way/593866771"},{"type":"Feature","geometry":{"type":"LineString","coordinates":[[121.607837,25.052949],[121.605945,25.05266],[121.60454,25.052445],[121.604327,25.052416],[121.603816,25.052435]]},"properties":{"@id":"way/593867687","electrified":"contact_line","frequency":"60","gauge":"1435","layer":"-2","level":"-1","name":"台灣高速鐵路","name:en":"Taiwan High Speed Rail","name:ja":"台湾高速鉄道","name:nan":"Tâi-oân-ko-sok-thih-lō͘","name:nan-Latn-pehoeji":"Tâi-oân-ko-sok-thih-lō͘","name:nan-Latn-tailo":"Tâi-uân-ko-sok-thih-lōo","name:ru":"Тайваньская высокоскоростная железная дорога","name:zh":"台灣高速鐵路","network":"台灣高鐵","network:en":"THSR","network:zh":"台灣高鐵","operator":"台灣高速鐵路股份有限公司","railway":"rail","service":"siding","start_date":"2016-07-01","tunnel":"yes","voltage":"25000","wikidata":"Q706198","wikipedia":"zh:台灣高鐵"},"id":"way/593867687"},{"type":"Feature","geometry":{"type":"LineString","coordinates":[[121.601139,25.052264],[121.601884,25.052271]]},"properties":{"@id":"way/593868462","electrified":"contact_line","frequency":"60","gauge":"1435","layer":"-1","level":"B1","name":"台灣高速鐵路","name:en":"Taiwan High Speed Rail","name:ja":"台湾高速鉄道","name:nan":"Tâi-oân-ko-sok-thih-lō͘","name:nan-Latn-pehoeji":"Tâi-oân-ko-sok-thih-lō͘","name:nan-Latn-tailo":"Tâi-uân-ko-sok-thih-lōo","name:ru":"Тайваньская высокоскоростная железная дорога","name:zh":"台灣高速鐵路","network":"台灣高鐵","network:en":"THSR","network:zh":"台灣高鐵","operator":"台灣高速鐵路股份有限公司","railway":"rail","service":"crossover","tunnel":"yes","usage":"main","voltage":"25000","wikidata":"Q706198","wikipedia":"zh:台灣高鐵"},"id":"way/593868462"},{"type":"Feature","geometry":{"type":"LineString","coordinates":[[121.602763,25.052485],[121.602181,25.052311]]},"properties":{"@id":"way/593868463","electrified":"contact_line","frequency":"60","gauge":"1435","highspeed":"yes","layer":"-1","level":"B1","name":"台灣高速鐵路","name:en":"Taiwan High Speed Rail","name:ja":"台湾高速鉄道","name:nan":"Tâi-oân-ko-sok-thih-lō͘","name:nan-Latn-pehoeji":"Tâi-oân-ko-sok-thih-lō͘","name:nan-Latn-tailo":"Tâi-uân-ko-sok-thih-lōo","name:ru":"Тайваньская высокоскоростная железная дорога","name:zh":"台灣高速鐵路","network":"台灣高鐵","network:en":"THSR","network:zh":"台灣高鐵","operator":"台灣高速鐵路股份有限公司","railway":"rail","ref":"台灣高鐵","service":"crossover","start_date":"2016-07-01","tunnel":"yes","usage":"main","voltage":"25000","wikidata":"Q706198","wikipedia":"zh:台灣高鐵"},"id":"way/593868463"},{"type":"Feature","geometry":{"type":"LineString","coordinates":[[121.513406,25.048304],[121.513008,25.048326]]},"properties":{"@id":"way/593871105","electrified":"contact_line","frequency":"60","gauge":"1435","highspeed":"yes","layer":"-3","name":"台灣高速鐵路","name:en":"Taiwan High Speed Rail","name:ja":"台湾高速鉄道","name:nan":"Tâi-oân-ko-sok-thih-lō͘","name:nan-Latn-pehoeji":"Tâi-oân-ko-sok-thih-lō͘","name:nan-Latn-tailo":"Tâi-uân-ko-sok-thih-lōo","name:ru":"Тайваньская высокоскоростная железная дорога","name:zh":"台灣高速鐵路","network":"台灣高鐵","network:en":"THSR","network:zh":"台灣高鐵","operator":"台灣高速鐵路股份有限公司","railway":"rail","service":"crossover","tunnel":"yes","voltage":"25000","wikidata":"Q706198","wikipedia":"zh:台灣高鐵"},"id":"way/593871105"},{"type":"Feature","geometry":{"type":"LineString","coordinates":[[121.514359,25.048087],[121.514046,25.048195]]},"properties":{"@id":"way/593871117","electrified":"contact_line","frequency":"60","gauge":"1435","highspeed":"yes","layer":"-3","name":"台灣高速鐵路","name:en":"Taiwan High Speed Rail","name:ja":"台湾高速鉄道","name:nan":"Tâi-oân-ko-sok-thih-lō͘","name:nan-Latn-pehoeji":"Tâi-oân-ko-sok-thih-lō͘","name:nan-Latn-tailo":"Tâi-uân-ko-sok-thih-lōo","name:ru":"Тайваньская высокоскоростная железная дорога","name:zh":"台灣高速鐵路","network":"台灣高鐵","network:en":"THSR","network:zh":"台灣高鐵","operator":"台灣高速鐵路股份有限公司","railway":"rail","service":"crossover","tunnel":"yes","voltage":"25000","wikidata":"Q706198","wikipedia":"zh:台灣高鐵"},"id":"way/593871117"},{"type":"Feature","geometry":{"type":"LineString","coordinates":[[121.51479,25.048055],[121.515347,25.047971],[121.515871,25.047884],[121.516974,25.047701],[121.518796,25.047378],[121.520115,25.047142]]},"properties":{"@id":"way/593871124","electrified":"contact_line","frequency":"60","gauge":"1435","highspeed":"yes","layer":"-3","level":"-2","name":"台灣高速鐵路","name:en":"Taiwan High Speed Rail","name:ja":"台湾高速鉄道","name:nan":"Tâi-oân-ko-sok-thih-lō͘","name:nan-Latn-pehoeji":"Tâi-oân-ko-sok-thih-lō͘","name:nan-Latn-tailo":"Tâi-uân-ko-sok-thih-lōo","name:ru":"Тайваньская высокоскоростная железная дорога","name:zh":"台灣高速鐵路","network":"台灣高鐵","network:en":"THSR","network:zh":"台灣高鐵","operator":"台灣高速鐵路股份有限公司","railway":"rail","service":"siding","tunnel":"yes","usage":"main","voltage":"25000","wikidata":"Q706198","wikipedia":"zh:台灣高鐵"},"id":"way/593871124"},{"type":"Feature","geometry":{"type":"LineString","coordinates":[[121.520938,25.046952],[121.520691,25.04703],[121.52016,25.047088]]},"properties":{"@id":"way/593871135","electrified":"contact_line","frequency":"60","gauge":"1435","highspeed":"yes","layer":"-3","name":"台灣高速鐵路","name:en":"Taiwan High Speed Rail","name:ja":"台湾高速鉄道","name:nan":"Tâi-oân-ko-sok-thih-lō͘","name:nan-Latn-pehoeji":"Tâi-oân-ko-sok-thih-lō͘","name:nan-Latn-tailo":"Tâi-uân-ko-sok-thih-lōo","name:ru":"Тайваньская высокоскоростная железная дорога","name:zh":"台灣高速鐵路","network":"台灣高鐵","network:en":"THSR","network:zh":"台灣高鐵","operator":"台灣高速鐵路股份有限公司","railway":"rail","tunnel":"yes","usage":"main","voltage":"25000","wikidata":"Q706198","wikipedia":"zh:台灣高鐵"},"id":"way/593871135"},{"type":"Feature","geometry":{"type":"LineString","coordinates":[[121.522141,25.04673],[121.521763,25.046786]]},"properties":{"@id":"way/593871144","electrified":"contact_line","frequency":"60","gauge":"1435","highspeed":"yes","layer":"-3","name":"台灣高速鐵路","name:en":"Taiwan High Speed Rail","name:ja":"台湾高速鉄道","name:nan":"Tâi-oân-ko-sok-thih-lō͘","name:nan-Latn-pehoeji":"Tâi-oân-ko-sok-thih-lō͘","name:nan-Latn-tailo":"Tâi-uân-ko-sok-thih-lōo","name:ru":"Тайваньская высокоскоростная железная дорога","name:zh":"台灣高速鐵路","network":"台灣高鐵","network:en":"THSR","network:zh":"台灣高鐵","operator":"台灣高速鐵路股份有限公司","railway":"rail","tunnel":"yes","usage":"main","voltage":"25000","wikidata":"Q706198","wikipedia":"zh:台灣高鐵"},"id":"way/593871144"},{"type":"Feature","geometry":{"type":"LineString","coordinates":[[121.519592,25.047151],[121.518818,25.047239],[121.518466,25.047283],[121.518355,25.047298],[121.518081,25.047344],[121.517912,25.047373],[121.51694,25.047537],[121.516578,25.047598],[121.51611,25.047679],[121.515894,25.047724],[121.515709,25.047772],[121.514795,25.048005]]},"properties":{"@id":"way/593871149","electrified":"contact_line","frequency":"60","gauge":"1435","highspeed":"yes","layer":"-2","level":"-2","maxspeed":"130","name":"台灣高速鐵路","name:en":"Taiwan High Speed Rail","name:ja":"台湾高速鉄道","name:nan":"Tâi-oân-ko-sok-thih-lō͘","name:nan-Latn-pehoeji":"Tâi-oân-ko-sok-thih-lō͘","name:nan-Latn-tailo":"Tâi-uân-ko-sok-thih-lōo","name:ru":"Тайваньская высокоскоростная железная дорога","name:zh":"台灣高速鐵路","network":"台灣高鐵","network:en":"THSR","network:zh":"台灣高鐵","operator":"台灣高速鐵路股份有限公司","railway":"rail","railway:track_ref":"1B","ref":"台灣高鐵","start_date":"2007-03-02","tunnel":"yes","usage":"main","voltage":"25000","wikidata":"Q706198","wikipedia":"zh:台灣高鐵"},"id":"way/593871149"},{"type":"Feature","geometry":{"type":"LineString","coordinates":[[121.462675,25.012201],[121.462838,25.012311],[121.462966,25.012397],[121.463032,25.012444],[121.463884,25.013298],[121.464127,25.01354],[121.464496,25.013838],[121.465762,25.014722],[121.465788,25.014753],[121.466011,25.014971],[121.466156,25.015121]]},"properties":{"@id":"way/593874819","description":"本路段上下兩層交疊","electrified":"contact_line","frequency":"60","gauge":"1435","highspeed":"yes","layer":"-3","level":"-3","name":"台灣高速鐵路","name:en":"Taiwan High Speed Rail","name:ja":"台湾高速鉄道","name:nan":"Tâi-oân-ko-sok-thih-lō͘","name:nan-Latn-pehoeji":"Tâi-oân-ko-sok-thih-lō͘","name:nan-Latn-tailo":"Tâi-uân-ko-sok-thih-lōo","name:ru":"Тайваньская высокоскоростная железная дорога","name:zh":"台灣高速鐵路","network":"台灣高鐵","network:en":"THSR","network:zh":"台灣高鐵","note":"南下方向","operator":"台灣高速鐵路股份有限公司","railway":"rail","service":"siding","tunnel":"yes","voltage":"25000","wikidata":"Q706198","wikipedia":"zh:台灣高鐵"},"id":"way/593874819"},{"type":"Feature","geometry":{"type":"LineString","coordinates":[[121.466212,25.015042],[121.466011,25.014971],[121.465878,25.014929],[121.465836,25.014908],[121.464443,25.013949],[121.46403,25.013606],[121.463753,25.013328],[121.462951,25.012508],[121.462919,25.012458],[121.462838,25.012311],[121.462734,25.012157]]},"properties":{"@id":"way/593874820","description":"本路段上下兩層交疊","electrified":"contact_line","frequency":"60","gauge":"1435","layer":"-2","level":"-2","name":"台灣高速鐵路","name:en":"Taiwan High Speed Rail","name:ja":"台湾高速鉄道","name:nan":"Tâi-oân-ko-sok-thih-lō͘","name:nan-Latn-pehoeji":"Tâi-oân-ko-sok-thih-lō͘","name:nan-Latn-tailo":"Tâi-uân-ko-sok-thih-lōo","name:ru":"Тайваньская высокоскоростная железная дорога","name:zh":"台灣高速鐵路","network":"台灣高鐵","network:en":"THSR","network:zh":"台灣高鐵","note":"南下方向","operator":"台灣高速鐵路股份有限公司","railway":"rail","service":"siding","tunnel":"yes","voltage":"25000","wikidata":"Q706198","wikipedia":"zh:台灣高鐵"},"id":"way/593874820"},{"type":"Feature","geometry":{"type":"LineString","coordinates":[[121.21269,25.010941],[121.213059,25.011443],[121.214747,25.013095],[121.216397,25.014707],[121.216891,25.015098]]},"properties":{"@id":"way/593876986","electrified":"contact_line","frequency":"60","gauge":"1435","highspeed":"yes","layer":"-1","maxspeed":"300","name":"台灣高速鐵路","name:en":"Taiwan High Speed Rail","name:ja":"台湾高速鉄道","name:nan":"Tâi-oân-ko-sok-thih-lō͘","name:nan-Latn-pehoeji":"Tâi-oân-ko-sok-thih-lō͘","name:nan-Latn-tailo":"Tâi-uân-ko-sok-thih-lōo","name:ru":"Тайваньская высокоскоростная железная дорога","name:zh":"台灣高速鐵路","network":"台灣高鐵","network:en":"THSR","network:zh":"台灣高鐵","operator":"台灣高速鐵路股份有限公司","railway":"rail","service":"siding","tunnel":"yes","voltage":"25000","wikidata":"Q706198","wikipedia":"zh:台灣高鐵"},"id":"way/593876986"},{"type":"Feature","geometry":{"type":"LineString","coordinates":[[120.831679,24.608157],[120.830879,24.60778],[120.830389,24.607536],[120.828118,24.60654],[120.8257,24.605486],[120.82325,24.604425],[120.822593,24.604128],[120.821555,24.603747]]},"properties":{"@id":"way/593886860","bridge":"yes","electrified":"contact_line","frequency":"60","gauge":"1435","highspeed":"yes","layer":"2","maxspeed":"300","name":"台灣高速鐵路","name:en":"Taiwan High Speed Rail","name:ja":"台湾高速鉄道","name:nan":"Tâi-oân-ko-sok-thih-lō͘","name:nan-Latn-pehoeji":"Tâi-oân-ko-sok-thih-lō͘","name:nan-Latn-tailo":"Tâi-uân-ko-sok-thih-lōo","name:ru":"Тайваньская высокоскоростная железная дорога","name:zh":"台灣高速鐵路","network":"台灣高鐵","network:en":"THSR","network:zh":"台灣高鐵","operator":"台灣高速鐵路股份有限公司","railway":"rail","service":"siding","voltage":"25000","wikidata":"Q706198","wikipedia":"zh:台灣高鐵"},"id":"way/593886860"},{"type":"Feature","geometry":{"type":"LineString","coordinates":[[120.819283,24.602801],[120.821069,24.603651],[120.825639,24.605636],[120.827536,24.606469],[120.828801,24.607023],[120.829616,24.607377],[120.830248,24.607644],[120.831658,24.608194]]},"properties":{"@id":"way/593886863","bridge":"yes","electrified":"contact_line","frequency":"60","gauge":"1435","highspeed":"yes","layer":"2","maxspeed":"300","name":"台灣高速鐵路","name:en":"Taiwan High Speed Rail","name:ja":"台湾高速鉄道","name:nan":"Tâi-oân-ko-sok-thih-lō͘","name:nan-Latn-pehoeji":"Tâi-oân-ko-sok-thih-lō͘","name:nan-Latn-tailo":"Tâi-uân-ko-sok-thih-lōo","name:ru":"Тайваньская высокоскоростная железная дорога","name:zh":"台灣高速鐵路","network":"台灣高鐵","network:en":"THSR","network:zh":"台灣高鐵","operator":"台灣高速鐵路股份有限公司","railway":"rail","service":"siding","voltage":"25000","wikidata":"Q706198","wikipedia":"zh:台灣高鐵"},"id":"way/593886863"},{"type":"Feature","geometry":{"type":"LineString","coordinates":[[120.324192,23.468085],[120.324064,23.466921]]},"properties":{"@id":"way/593892012","bridge":"viaduct","electrified":"contact_line","frequency":"60","gauge":"1435","highspeed":"yes","layer":"1","maxspeed":"300","name":"台灣高速鐵路","name:en":"Taiwan High Speed Rail","name:ja":"台湾高速鉄道","name:ru":"Тайваньская высокоскоростная железная дорога","name:zh":"台灣高速鐵路","network":"台灣高鐵","network:en":"THSR","operator":"台灣高速鐵路股份有限公司","railway":"rail","service":"crossover","usage":"main","voltage":"25000"},"id":"way/593892012"},{"type":"Feature","geometry":{"type":"LineString","coordinates":[[120.675016,24.332899],[120.675301,24.33605]]},"properties":{"@id":"way/603958445","electrified":"contact_line","frequency":"60","gauge":"1435","highspeed":"yes","maxspeed":"300","name":"台灣高速鐵路","name:en":"Taiwan High Speed Rail","name:ja":"台湾高速鉄道","name:nan":"Tâi-oân-ko-sok-thih-lō͘","name:nan-Latn-pehoeji":"Tâi-oân-ko-sok-thih-lō͘","name:nan-Latn-tailo":"Tâi-uân-ko-sok-thih-lōo","name:ru":"Тайваньская высокоскоростная железная дорога","name:zh":"台灣高速鐵路","network":"台灣高鐵","network:en":"THSR","network:zh":"台灣高鐵","operator":"台灣高速鐵路股份有限公司","railway":"rail","ref":"台灣高鐵","start_date":"2007-01-05","usage":"main","voltage":"25000","wikidata":"Q706198","wikipedia":"zh:台灣高鐵"},"id":"way/603958445"},{"type":"Feature","geometry":{"type":"LineString","coordinates":[[120.675365,24.336049],[120.675096,24.332894]]},"properties":{"@id":"way/603958446","electrified":"contact_line","frequency":"60","gauge":"1435","highspeed":"yes","maxspeed":"300","name":"台灣高速鐵路","name:en":"Taiwan High Speed Rail","name:ja":"台湾高速鉄道","name:nan":"Tâi-oân-ko-sok-thih-lō͘","name:nan-Latn-pehoeji":"Tâi-oân-ko-sok-thih-lō͘","name:nan-Latn-tailo":"Tâi-uân-ko-sok-thih-lōo","name:ru":"Тайваньская высокоскоростная железная дорога","name:zh":"台灣高速鐵路","network":"台灣高鐵","network:en":"THSR","network:zh":"台灣高鐵","operator":"台灣高速鐵路股份有限公司","railway":"rail","ref":"台灣高鐵","start_date":"2007-01-05","usage":"main","voltage":"25000","wikidata":"Q706198","wikipedia":"zh:台灣高鐵"},"id":"way/603958446"},{"type":"Feature","geometry":{"type":"LineString","coordinates":[[120.691743,24.411534],[120.688804,24.39941],[120.682251,24.372201],[120.681322,24.368386],[120.677237,24.35128],[120.677133,24.350825],[120.677062,24.350491],[120.676978,24.350096],[120.676918,24.349808],[120.67682,24.349304],[120.676648,24.348246],[120.676454,24.347152],[120.676345,24.346323],[120.676323,24.346107],[120.676295,24.345822],[120.676244,24.345413],[120.676023,24.34355],[120.675365,24.336049]]},"properties":{"@id":"way/603958448","bridge":"viaduct","electrified":"contact_line","frequency":"60","gauge":"1435","highspeed":"yes","layer":"1","maxspeed":"300","name":"台灣高速鐵路","name:en":"Taiwan High Speed Rail","name:ja":"台湾高速鉄道","name:nan":"Tâi-oân-ko-sok-thih-lō͘","name:nan-Latn-pehoeji":"Tâi-oân-ko-sok-thih-lō͘","name:nan-Latn-tailo":"Tâi-uân-ko-sok-thih-lōo","name:ru":"Тайваньская высокоскоростная железная дорога","name:zh":"台灣高速鐵路","network":"台灣高鐵","network:en":"THSR","network:zh":"台灣高鐵","operator":"台灣高速鐵路股份有限公司","passenger_lines":"2","railway":"rail","ref":"台灣高鐵","start_date":"2007-01-05","usage":"main","voltage":"25000","wikidata":"Q706198","wikipedia":"zh:台灣高鐵"},"id":"way/603958448"},{"type":"Feature","geometry":{"type":"LineString","coordinates":[[120.675301,24.33605],[120.675972,24.343553],[120.676175,24.345384],[120.676227,24.345831],[120.676256,24.346107],[120.676284,24.346333],[120.676399,24.347197],[120.676594,24.348283],[120.676762,24.349253],[120.676869,24.349796],[120.677005,24.350478],[120.677087,24.350836],[120.677186,24.351285],[120.679661,24.361737],[120.681609,24.369802],[120.683974,24.379536],[120.691628,24.411548]]},"properties":{"@id":"way/603958449","bridge":"viaduct","electrified":"contact_line","frequency":"60","gauge":"1435","highspeed":"yes","layer":"1","maxspeed":"300","name":"台灣高速鐵路","name:en":"Taiwan High Speed Rail","name:ja":"台湾高速鉄道","name:nan":"Tâi-oân-ko-sok-thih-lō͘","name:nan-Latn-pehoeji":"Tâi-oân-ko-sok-thih-lō͘","name:nan-Latn-tailo":"Tâi-uân-ko-sok-thih-lōo","name:ru":"Тайваньская высокоскоростная железная дорога","name:zh":"台灣高速鐵路","network":"台灣高鐵","network:en":"THSR","network:zh":"台灣高鐵","operator":"台灣高速鐵路股份有限公司","passenger_lines":"2","railway":"rail","ref":"台灣高鐵","start_date":"2007-01-05","usage":"main","voltage":"25000","wikidata":"Q706198","wikipedia":"zh:台灣高鐵"},"id":"way/603958449"},{"type":"Feature","geometry":{"type":"LineString","coordinates":[[120.693786,24.420268],[120.69475,24.424265]]},"properties":{"@id":"way/603958450","bridge":"yes","electrified":"contact_line","frequency":"60","gauge":"1435","highspeed":"yes","layer":"1","maxspeed":"300","name":"台灣高速鐵路","name:en":"Taiwan High Speed Rail","name:ja":"台湾高速鉄道","name:nan":"Tâi-oân-ko-sok-thih-lō͘","name:nan-Latn-pehoeji":"Tâi-oân-ko-sok-thih-lō͘","name:nan-Latn-tailo":"Tâi-uân-ko-sok-thih-lōo","name:ru":"Тайваньская высокоскоростная железная дорога","name:zh":"台灣高速鐵路","network":"台灣高鐵","network:en":"THSR","network:zh":"台灣高鐵","operator":"台灣高速鐵路股份有限公司","railway":"rail","ref":"台灣高鐵","start_date":"2007-01-05","usage":"main","voltage":"25000","wikidata":"Q706198","wikipedia":"zh:台灣高鐵"},"id":"way/603958450"},{"type":"Feature","geometry":{"type":"LineString","coordinates":[[120.694791,24.424261],[120.69384,24.420256]]},"properties":{"@id":"way/603958452","bridge":"yes","electrified":"contact_line","frequency":"60","gauge":"1435","highspeed":"yes","layer":"1","maxspeed":"300","name":"台灣高速鐵路","name:en":"Taiwan High Speed Rail","name:ja":"台湾高速鉄道","name:nan":"Tâi-oân-ko-sok-thih-lō͘","name:nan-Latn-pehoeji":"Tâi-oân-ko-sok-thih-lō͘","name:nan-Latn-tailo":"Tâi-uân-ko-sok-thih-lōo","name:ru":"Тайваньская высокоскоростная железная дорога","name:zh":"台灣高速鐵路","network":"台灣高鐵","network:en":"THSR","network:zh":"台灣高鐵","operator":"台灣高速鐵路股份有限公司","railway":"rail","ref":"台灣高鐵","start_date":"2007-01-05","usage":"main","voltage":"25000","wikidata":"Q706198","wikipedia":"zh:台灣高鐵"},"id":"way/603958452"},{"type":"Feature","geometry":{"type":"LineString","coordinates":[[120.69384,24.420256],[120.692946,24.416486]]},"properties":{"@id":"way/603958453","electrified":"contact_line","frequency":"60","gauge":"1435","highspeed":"yes","maxspeed":"300","name":"台灣高速鐵路","name:en":"Taiwan High Speed Rail","name:ja":"台湾高速鉄道","name:nan":"Tâi-oân-ko-sok-thih-lō͘","name:nan-Latn-pehoeji":"Tâi-oân-ko-sok-thih-lō͘","name:nan-Latn-tailo":"Tâi-uân-ko-sok-thih-lōo","name:ru":"Тайваньская высокоскоростная железная дорога","name:zh":"台灣高速鐵路","network":"台灣高鐵","network:en":"THSR","network:zh":"台灣高鐵","operator":"台灣高速鐵路股份有限公司","railway":"rail","ref":"台灣高鐵","start_date":"2007-01-05","usage":"main","voltage":"25000","wikidata":"Q706198","wikipedia":"zh:台灣高鐵"},"id":"way/603958453"},{"type":"Feature","geometry":{"type":"LineString","coordinates":[[120.692887,24.416502],[120.693786,24.420268]]},"properties":{"@id":"way/603958454","electrified":"contact_line","frequency":"60","gauge":"1435","highspeed":"yes","layer":"1","maxspeed":"300","name":"台灣高速鐵路","name:en":"Taiwan High Speed Rail","name:ja":"台湾高速鉄道","name:nan":"Tâi-oân-ko-sok-thih-lō͘","name:nan-Latn-pehoeji":"Tâi-oân-ko-sok-thih-lō͘","name:nan-Latn-tailo":"Tâi-uân-ko-sok-thih-lōo","name:ru":"Тайваньская высокоскоростная железная дорога","name:zh":"台灣高速鐵路","network":"台灣高鐵","network:en":"THSR","network:zh":"台灣高鐵","operator":"台灣高速鐵路股份有限公司","railway":"rail","ref":"台灣高鐵","start_date":"2007-01-05","usage":"main","voltage":"25000","wikidata":"Q706198","wikipedia":"zh:台灣高鐵"},"id":"way/603958454"},{"type":"Feature","geometry":{"type":"LineString","coordinates":[[121.516948,25.047588],[121.518402,25.04734],[121.518541,25.04732],[121.518817,25.047287],[121.520115,25.047142]]},"properties":{"@id":"way/615600478","electrified":"contact_line","frequency":"60","gauge":"1435","highspeed":"yes","layer":"-3","level":"-2","maxspeed":"130","name":"台灣高速鐵路","name:en":"Taiwan High Speed Rail","name:ja":"台湾高速鉄道","name:nan":"Tâi-oân-ko-sok-thih-lō͘","name:nan-Latn-pehoeji":"Tâi-oân-ko-sok-thih-lō͘","name:nan-Latn-tailo":"Tâi-uân-ko-sok-thih-lōo","name:ru":"Тайваньская высокоскоростная железная дорога","name:zh":"台灣高速鐵路","network":"台灣高鐵","network:en":"THSR","network:zh":"台灣高鐵","operator":"台灣高速鐵路股份有限公司","railway":"rail","railway:track_ref":"2A","ref":"台灣高鐵","start_date":"2007-03-02","tunnel":"yes","usage":"main","voltage":"25000","wikidata":"Q706198","wikipedia":"zh:台灣高鐵"},"id":"way/615600478"},{"type":"Feature","geometry":{"type":"LineString","coordinates":[[121.519592,25.047151],[121.519363,25.047164],[121.519009,25.047163],[121.518646,25.047176],[121.518381,25.047193],[121.51787,25.047267],[121.516959,25.047422],[121.516414,25.047518],[121.516238,25.047555],[121.516052,25.047596],[121.515768,25.047682],[121.515643,25.047724],[121.514795,25.048005]]},"properties":{"@id":"way/615600479","electrified":"contact_line","frequency":"60","gauge":"1435","highspeed":"yes","layer":"-2","level":"-2","name":"台灣高速鐵路","name:en":"Taiwan High Speed Rail","name:ja":"台湾高速鉄道","name:nan":"Tâi-oân-ko-sok-thih-lō͘","name:nan-Latn-pehoeji":"Tâi-oân-ko-sok-thih-lō͘","name:nan-Latn-tailo":"Tâi-uân-ko-sok-thih-lōo","name:ru":"Тайваньская высокоскоростная железная дорога","name:zh":"台灣高速鐵路","network":"台灣高鐵","network:en":"THSR","network:zh":"台灣高鐵","operator":"台灣高速鐵路股份有限公司","railway":"rail","railway:track_ref":"1A","service":"siding","tunnel":"yes","usage":"main","voltage":"25000","wikidata":"Q706198","wikipedia":"zh:台灣高鐵"},"id":"way/615600479"},{"type":"Feature","geometry":{"type":"LineString","coordinates":[[121.51479,25.048055],[121.515313,25.047921],[121.515744,25.047809],[121.516104,25.047731],[121.516948,25.047588]]},"properties":{"@id":"way/615600481","electrified":"contact_line","frequency":"60","gauge":"1435","highspeed":"yes","layer":"-2","level":"-2","maxspeed":"130","name":"台灣高速鐵路","name:en":"Taiwan High Speed Rail","name:ja":"台湾高速鉄道","name:nan":"Tâi-oân-ko-sok-thih-lō͘","name:nan-Latn-pehoeji":"Tâi-oân-ko-sok-thih-lō͘","name:nan-Latn-tailo":"Tâi-uân-ko-sok-thih-lōo","name:ru":"Тайваньская высокоскоростная железная дорога","name:zh":"台灣高速鐵路","network":"台灣高鐵","network:en":"THSR","network:zh":"台灣高鐵","operator":"台灣高速鐵路股份有限公司","railway":"rail","railway:track_ref":"2A","ref":"台灣高鐵","start_date":"2007-03-02","tunnel":"yes","usage":"main","voltage":"25000","wikidata":"Q706198","wikipedia":"zh:台灣高鐵"},"id":"way/615600481"},{"type":"Feature","geometry":{"type":"LineString","coordinates":[[120.74584,24.536252],[120.746905,24.537567],[120.747476,24.538231]]},"properties":{"@id":"way/618741884","bridge":"yes","electrified":"contact_line","frequency":"60","gauge":"1435","highspeed":"yes","layer":"1","maxspeed":"300","name":"台灣高速鐵路","name:en":"Taiwan High Speed Rail","name:ja":"台湾高速鉄道","name:nan":"Tâi-oân-ko-sok-thih-lō͘","name:nan-Latn-pehoeji":"Tâi-oân-ko-sok-thih-lō͘","name:nan-Latn-tailo":"Tâi-uân-ko-sok-thih-lōo","name:ru":"Тайваньская высокоскоростная железная дорога","name:zh":"台灣高速鐵路","network":"台灣高鐵","network:en":"THSR","network:zh":"台灣高鐵","operator":"台灣高速鐵路股份有限公司","railway":"rail","ref":"台灣高鐵","start_date":"2007-01-05","usage":"main","voltage":"25000","wikidata":"Q706198","wikipedia":"zh:台灣高鐵"},"id":"way/618741884"},{"type":"Feature","geometry":{"type":"LineString","coordinates":[[120.745874,24.536219],[120.744558,24.534604],[120.743129,24.532829]]},"properties":{"@id":"way/618741885","electrified":"contact_line","frequency":"60","gauge":"1435","highspeed":"yes","maxspeed":"300","name":"台灣高速鐵路","name:en":"Taiwan High Speed Rail","name:ja":"台湾高速鉄道","name:nan":"Tâi-oân-ko-sok-thih-lō͘","name:nan-Latn-pehoeji":"Tâi-oân-ko-sok-thih-lō͘","name:nan-Latn-tailo":"Tâi-uân-ko-sok-thih-lōo","name:ru":"Тайваньская высокоскоростная железная дорога","name:zh":"台灣高速鐵路","network":"台灣高鐵","network:en":"THSR","network:zh":"台灣高鐵","operator":"台灣高速鐵路股份有限公司","railway":"rail","ref":"台灣高鐵","start_date":"2007-01-05","usage":"main","voltage":"25000","wikidata":"Q706198","wikipedia":"zh:台灣高鐵"},"id":"way/618741885"},{"type":"Feature","geometry":{"type":"LineString","coordinates":[[120.74751,24.538211],[120.746942,24.537554],[120.745874,24.536219]]},"properties":{"@id":"way/618741887","bridge":"yes","electrified":"contact_line","frequency":"60","gauge":"1435","highspeed":"yes","layer":"1","maxspeed":"300","name":"台灣高速鐵路","name:en":"Taiwan High Speed Rail","name:ja":"台湾高速鉄道","name:nan":"Tâi-oân-ko-sok-thih-lō͘","name:nan-Latn-pehoeji":"Tâi-oân-ko-sok-thih-lō͘","name:nan-Latn-tailo":"Tâi-uân-ko-sok-thih-lōo","name:ru":"Тайваньская высокоскоростная железная дорога","name:zh":"台灣高速鐵路","network":"台灣高鐵","network:en":"THSR","network:zh":"台灣高鐵","operator":"台灣高速鐵路股份有限公司","railway":"rail","ref":"台灣高鐵","start_date":"2007-01-05","usage":"main","voltage":"25000","wikidata":"Q706198","wikipedia":"zh:台灣高鐵"},"id":"way/618741887"},{"type":"Feature","geometry":{"type":"LineString","coordinates":[[120.747476,24.538231],[120.749192,24.540326]]},"properties":{"@id":"way/618741888","electrified":"contact_line","frequency":"60","gauge":"1435","highspeed":"yes","maxspeed":"300","name":"台灣高速鐵路","name:en":"Taiwan High Speed Rail","name:ja":"台湾高速鉄道","name:nan":"Tâi-oân-ko-sok-thih-lō͘","name:nan-Latn-pehoeji":"Tâi-oân-ko-sok-thih-lō͘","name:nan-Latn-tailo":"Tâi-uân-ko-sok-thih-lōo","name:ru":"Тайваньская высокоскоростная железная дорога","name:zh":"台灣高速鐵路","network":"台灣高鐵","network:en":"THSR","network:zh":"台灣高鐵","operator":"台灣高速鐵路股份有限公司","railway":"rail","ref":"台灣高鐵","start_date":"2007-01-05","usage":"main","voltage":"25000","wikidata":"Q706198","wikipedia":"zh:台灣高鐵"},"id":"way/618741888"},{"type":"Feature","geometry":{"type":"LineString","coordinates":[[120.750252,24.541507],[120.749238,24.540318]]},"properties":{"@id":"way/618741891","bridge":"yes","electrified":"contact_line","frequency":"60","gauge":"1435","highspeed":"yes","layer":"1","maxspeed":"300","name":"台灣高速鐵路","name:en":"Taiwan High Speed Rail","name:ja":"台湾高速鉄道","name:nan":"Tâi-oân-ko-sok-thih-lō͘","name:nan-Latn-pehoeji":"Tâi-oân-ko-sok-thih-lō͘","name:nan-Latn-tailo":"Tâi-uân-ko-sok-thih-lōo","name:ru":"Тайваньская высокоскоростная железная дорога","name:zh":"台灣高速鐵路","network":"台灣高鐵","network:en":"THSR","network:zh":"台灣高鐵","operator":"台灣高速鐵路股份有限公司","railway":"rail","ref":"台灣高鐵","start_date":"2007-01-05","usage":"main","voltage":"25000","wikidata":"Q706198","wikipedia":"zh:台灣高鐵"},"id":"way/618741891"},{"type":"Feature","geometry":{"type":"LineString","coordinates":[[120.750205,24.541525],[120.751639,24.543222],[120.753367,24.545366]]},"properties":{"@id":"way/618741892","electrified":"contact_line","frequency":"60","gauge":"1435","highspeed":"yes","maxspeed":"300","name":"台灣高速鐵路","name:en":"Taiwan High Speed Rail","name:ja":"台湾高速鉄道","name:nan":"Tâi-oân-ko-sok-thih-lō͘","name:nan-Latn-pehoeji":"Tâi-oân-ko-sok-thih-lō͘","name:nan-Latn-tailo":"Tâi-uân-ko-sok-thih-lōo","name:ru":"Тайваньская высокоскоростная железная дорога","name:zh":"台灣高速鐵路","network":"台灣高鐵","network:en":"THSR","network:zh":"台灣高鐵","operator":"台灣高速鐵路股份有限公司","railway":"rail","ref":"台灣高鐵","start_date":"2007-01-05","usage":"main","voltage":"25000","wikidata":"Q706198","wikipedia":"zh:台灣高鐵"},"id":"way/618741892"},{"type":"Feature","geometry":{"type":"LineString","coordinates":[[120.749192,24.540326],[120.750205,24.541525]]},"properties":{"@id":"way/618741893","bridge":"yes","electrified":"contact_line","frequency":"60","gauge":"1435","highspeed":"yes","layer":"1","maxspeed":"300","name":"台灣高速鐵路","name:en":"Taiwan High Speed Rail","name:ja":"台湾高速鉄道","name:nan":"Tâi-oân-ko-sok-thih-lō͘","name:nan-Latn-pehoeji":"Tâi-oân-ko-sok-thih-lō͘","name:nan-Latn-tailo":"Tâi-uân-ko-sok-thih-lōo","name:ru":"Тайваньская высокоскоростная железная дорога","name:zh":"台灣高速鐵路","network":"台灣高鐵","network:en":"THSR","network:zh":"台灣高鐵","operator":"台灣高速鐵路股份有限公司","railway":"rail","ref":"台灣高鐵","start_date":"2007-01-05","usage":"main","voltage":"25000","wikidata":"Q706198","wikipedia":"zh:台灣高鐵"},"id":"way/618741893"},{"type":"Feature","geometry":{"type":"LineString","coordinates":[[120.749238,24.540318],[120.74751,24.538211]]},"properties":{"@id":"way/618741894","electrified":"contact_line","frequency":"60","gauge":"1435","highspeed":"yes","maxspeed":"300","name":"台灣高速鐵路","name:en":"Taiwan High Speed Rail","name:ja":"台湾高速鉄道","name:nan":"Tâi-oân-ko-sok-thih-lō͘","name:nan-Latn-pehoeji":"Tâi-oân-ko-sok-thih-lō͘","name:nan-Latn-tailo":"Tâi-uân-ko-sok-thih-lōo","name:ru":"Тайваньская высокоскоростная железная дорога","name:zh":"台灣高速鐵路","network":"台灣高鐵","network:en":"THSR","network:zh":"台灣高鐵","operator":"台灣高速鐵路股份有限公司","railway":"rail","ref":"台灣高鐵","start_date":"2007-01-05","usage":"main","voltage":"25000","wikidata":"Q706198","wikipedia":"zh:台灣高鐵"},"id":"way/618741894"},{"type":"Feature","geometry":{"type":"LineString","coordinates":[[120.691997,24.413089],[120.692887,24.416502]]},"properties":{"@id":"way/626756763","bridge":"yes","electrified":"contact_line","frequency":"60","gauge":"1435","highspeed":"yes","layer":"1","maxspeed":"300","name":"台灣高速鐵路","name:en":"Taiwan High Speed Rail","name:ja":"台湾高速鉄道","name:nan":"Tâi-oân-ko-sok-thih-lō͘","name:nan-Latn-pehoeji":"Tâi-oân-ko-sok-thih-lō͘","name:nan-Latn-tailo":"Tâi-uân-ko-sok-thih-lōo","name:ru":"Тайваньская высокоскоростная железная дорога","name:zh":"台灣高速鐵路","network":"台灣高鐵","network:en":"THSR","network:zh":"台灣高鐵","operator":"台灣高速鐵路股份有限公司","railway":"rail","ref":"台灣高鐵","start_date":"2007-01-05","usage":"main","voltage":"25000","wikidata":"Q706198","wikipedia":"zh:台灣高鐵"},"id":"way/626756763"},{"type":"Feature","geometry":{"type":"LineString","coordinates":[[120.692946,24.416486],[120.692093,24.413012]]},"properties":{"@id":"way/626756764","bridge":"yes","electrified":"contact_line","frequency":"60","gauge":"1435","highspeed":"yes","maxspeed":"300","name":"台灣高速鐵路","name:en":"Taiwan High Speed Rail","name:ja":"台湾高速鉄道","name:nan":"Tâi-oân-ko-sok-thih-lō͘","name:nan-Latn-pehoeji":"Tâi-oân-ko-sok-thih-lō͘","name:nan-Latn-tailo":"Tâi-uân-ko-sok-thih-lōo","name:ru":"Тайваньская высокоскоростная железная дорога","name:zh":"台灣高速鐵路","network":"台灣高鐵","network:en":"THSR","network:zh":"台灣高鐵","operator":"台灣高速鐵路股份有限公司","railway":"rail","ref":"台灣高鐵","start_date":"2007-01-05","usage":"main","voltage":"25000","wikidata":"Q706198","wikipedia":"zh:台灣高鐵"},"id":"way/626756764"},{"type":"Feature","geometry":{"type":"LineString","coordinates":[[120.691628,24.411548],[120.691997,24.413089]]},"properties":{"@id":"way/626756765","electrified":"contact_line","frequency":"60","gauge":"1435","highspeed":"yes","layer":"1","maxspeed":"300","name":"台灣高速鐵路","name:en":"Taiwan High Speed Rail","name:ja":"台湾高速鉄道","name:nan":"Tâi-oân-ko-sok-thih-lō͘","name:nan-Latn-pehoeji":"Tâi-oân-ko-sok-thih-lō͘","name:nan-Latn-tailo":"Tâi-uân-ko-sok-thih-lōo","name:ru":"Тайваньская высокоскоростная железная дорога","name:zh":"台灣高速鐵路","network":"台灣高鐵","network:en":"THSR","network:zh":"台灣高鐵","operator":"台灣高速鐵路股份有限公司","railway":"rail","ref":"台灣高鐵","start_date":"2007-01-05","usage":"main","voltage":"25000","wikidata":"Q706198","wikipedia":"zh:台灣高鐵"},"id":"way/626756765"},{"type":"Feature","geometry":{"type":"LineString","coordinates":[[120.692093,24.413012],[120.691743,24.411534]]},"properties":{"@id":"way/626756766","electrified":"contact_line","frequency":"60","gauge":"1435","highspeed":"yes","maxspeed":"300","name":"台灣高速鐵路","name:en":"Taiwan High Speed Rail","name:ja":"台湾高速鉄道","name:nan":"Tâi-oân-ko-sok-thih-lō͘","name:nan-Latn-pehoeji":"Tâi-oân-ko-sok-thih-lō͘","name:nan-Latn-tailo":"Tâi-uân-ko-sok-thih-lōo","name:ru":"Тайваньская высокоскоростная железная дорога","name:zh":"台灣高速鐵路","network":"台灣高鐵","network:en":"THSR","network:zh":"台灣高鐵","operator":"台灣高速鐵路股份有限公司","railway":"rail","ref":"台灣高鐵","start_date":"2007-01-05","usage":"main","voltage":"25000","wikidata":"Q706198","wikipedia":"zh:台灣高鐵"},"id":"way/626756766"},{"type":"Feature","geometry":{"type":"LineString","coordinates":[[120.658819,24.266816],[120.660291,24.268593]]},"properties":{"@id":"way/667354269","electrified":"contact_line","frequency":"60","gauge":"1435","highspeed":"yes","layer":"1","maxspeed":"300","name":"台灣高速鐵路","name:en":"Taiwan High Speed Rail","name:ja":"台湾高速鉄道","name:nan":"Tâi-oân-ko-sok-thih-lō͘","name:nan-Latn-pehoeji":"Tâi-oân-ko-sok-thih-lō͘","name:nan-Latn-tailo":"Tâi-uân-ko-sok-thih-lōo","name:ru":"Тайваньская высокоскоростная железная дорога","name:zh":"台灣高速鐵路","network":"台灣高鐵","network:en":"THSR","network:zh":"台灣高鐵","operator":"台灣高速鐵路股份有限公司","railway":"rail","ref":"台灣高鐵","start_date":"2007-01-05","usage":"main","voltage":"25000","wikidata":"Q706198","wikipedia":"zh:台灣高鐵"},"id":"way/667354269"},{"type":"Feature","geometry":{"type":"LineString","coordinates":[[120.660474,24.268703],[120.66006,24.268164],[120.658874,24.266774]]},"properties":{"@id":"way/667354270","electrified":"contact_line","frequency":"60","gauge":"1435","highspeed":"yes","layer":"1","maxspeed":"300","name":"台灣高速鐵路","name:en":"Taiwan High Speed Rail","name:ja":"台湾高速鉄道","name:nan":"Tâi-oân-ko-sok-thih-lō͘","name:nan-Latn-pehoeji":"Tâi-oân-ko-sok-thih-lō͘","name:nan-Latn-tailo":"Tâi-uân-ko-sok-thih-lōo","name:ru":"Тайваньская высокоскоростная железная дорога","name:zh":"台灣高速鐵路","network":"台灣高鐵","network:en":"THSR","network:zh":"台灣高鐵","operator":"台灣高速鐵路股份有限公司","railway":"rail","ref":"台灣高鐵","start_date":"2007-01-05","usage":"main","voltage":"25000","wikidata":"Q706198","wikipedia":"zh:台灣高鐵"},"id":"way/667354270"},{"type":"Feature","geometry":{"type":"LineString","coordinates":[[120.288064,22.921491],[120.289075,22.91944]]},"properties":{"@id":"way/706622435","bridge":"viaduct","electrified":"contact_line","frequency":"60","gauge":"1435","highspeed":"yes","layer":"2","maxspeed":"300","name":"台灣高速鐵路","name:en":"Taiwan High Speed Rail","name:ja":"台湾高速鉄道","name:nan":"Tâi-oân-ko-sok-thih-lō͘","name:nan-Latn-pehoeji":"Tâi-oân-ko-sok-thih-lō͘","name:nan-Latn-tailo":"Tâi-uân-ko-sok-thih-lōo","name:ru":"Тайваньская высокоскоростная железная дорога","name:zh":"台灣高速鐵路","network":"台灣高鐵","network:en":"THSR","network:zh":"台灣高鐵","operator":"台灣高速鐵路股份有限公司","railway":"rail","ref":"台灣高鐵","start_date":"2007-01-05","usage":"main","voltage":"25000","wikidata":"Q706198","wikipedia":"zh:台灣高鐵"},"id":"way/706622435"},{"type":"Feature","geometry":{"type":"LineString","coordinates":[[120.324031,23.46409],[120.323807,23.459231]]},"properties":{"@id":"way/706622436","bridge":"viaduct","electrified":"contact_line","frequency":"60","gauge":"1435","highspeed":"yes","layer":"1","maxspeed":"300","name":"台灣高速鐵路","name:en":"Taiwan High Speed Rail","name:ja":"台湾高速鉄道","name:nan":"Tâi-oân-ko-sok-thih-lō͘","name:nan-Latn-pehoeji":"Tâi-oân-ko-sok-thih-lō͘","name:nan-Latn-tailo":"Tâi-uân-ko-sok-thih-lōo","name:ru":"Тайваньская высокоскоростная железная дорога","name:zh":"台灣高速鐵路","network":"台灣高鐵","network:en":"THSR","network:zh":"台灣高鐵","operator":"台灣高速鐵路股份有限公司","railway":"rail","ref":"台灣高鐵","start_date":"2007-01-05","usage":"main","voltage":"25000","wikidata":"Q706198","wikipedia":"zh:台灣高鐵"},"id":"way/706622436"},{"type":"Feature","geometry":{"type":"LineString","coordinates":[[120.323606,23.455259],[120.323565,23.454594]]},"properties":{"@id":"way/706622437","bridge":"viaduct","electrified":"contact_line","frequency":"60","gauge":"1435","highspeed":"yes","layer":"1","maxspeed":"300","name":"台灣高速鐵路","name:en":"Taiwan High Speed Rail","name:ja":"台湾高速鉄道","name:nan":"Tâi-oân-ko-sok-thih-lō͘","name:nan-Latn-pehoeji":"Tâi-oân-ko-sok-thih-lō͘","name:nan-Latn-tailo":"Tâi-uân-ko-sok-thih-lōo","name:ru":"Тайваньская высокоскоростная железная дорога","name:zh":"台灣高速鐵路","network":"台灣高鐵","network:en":"THSR","network:zh":"台灣高鐵","operator":"台灣高速鐵路股份有限公司","railway":"rail","ref":"台灣高鐵","start_date":"2007-01-05","usage":"main","voltage":"25000","wikidata":"Q706198","wikipedia":"zh:台灣高鐵"},"id":"way/706622437"},{"type":"Feature","geometry":{"type":"LineString","coordinates":[[120.414929,23.733237],[120.414719,23.732663],[120.414477,23.732043]]},"properties":{"@id":"way/706622438","bridge":"viaduct","electrified":"contact_line","frequency":"60","gauge":"1435","highspeed":"yes","layer":"1","maxspeed":"300","name":"台灣高速鐵路","name:en":"Taiwan High Speed Rail","name:ja":"台湾高速鉄道","name:nan":"Tâi-oân-ko-sok-thih-lō͘","name:nan-Latn-pehoeji":"Tâi-oân-ko-sok-thih-lō͘","name:nan-Latn-tailo":"Tâi-uân-ko-sok-thih-lōo","name:ru":"Тайваньская высокоскоростная железная дорога","name:zh":"台灣高速鐵路","network":"台灣高鐵","network:en":"THSR","network:zh":"台灣高鐵","operator":"台灣高速鐵路股份有限公司","railway":"rail","ref":"台灣高鐵","start_date":"2007-01-05","usage":"main","voltage":"25000","wikidata":"Q706198","wikipedia":"zh:台灣高鐵"},"id":"way/706622438"},{"type":"Feature","geometry":{"type":"LineString","coordinates":[[120.417976,23.741277],[120.418284,23.742072],[120.419257,23.744628]]},"properties":{"@id":"way/706622439","bridge":"viaduct","electrified":"contact_line","frequency":"60","gauge":"1435","highspeed":"yes","layer":"1","maxspeed":"300","name":"台灣高速鐵路","name:en":"Taiwan High Speed Rail","name:ja":"台湾高速鉄道","name:nan":"Tâi-oân-ko-sok-thih-lō͘","name:nan-Latn-pehoeji":"Tâi-oân-ko-sok-thih-lō͘","name:nan-Latn-tailo":"Tâi-uân-ko-sok-thih-lōo","name:ru":"Тайваньская высокоскоростная железная дорога","name:zh":"台灣高速鐵路","network":"台灣高鐵","network:en":"THSR","network:zh":"台灣高鐵","operator":"台灣高速鐵路股份有限公司","railway":"rail","ref":"台灣高鐵","start_date":"2007-01-05","usage":"main","voltage":"25000","wikidata":"Q706198","wikipedia":"zh:台灣高鐵"},"id":"way/706622439"},{"type":"Feature","geometry":{"type":"LineString","coordinates":[[120.419293,23.744605],[120.41924,23.744467],[120.418363,23.742181]]},"properties":{"@id":"way/706622440","bridge":"viaduct","electrified":"contact_line","frequency":"60","gauge":"1435","highspeed":"yes","layer":"1","maxspeed":"300","name":"台灣高速鐵路","name:en":"Taiwan High Speed Rail","name:ja":"台湾高速鉄道","name:nan":"Tâi-oân-ko-sok-thih-lō͘","name:nan-Latn-pehoeji":"Tâi-oân-ko-sok-thih-lō͘","name:nan-Latn-tailo":"Tâi-uân-ko-sok-thih-lōo","name:ru":"Тайваньская высокоскоростная железная дорога","name:zh":"台灣高速鐵路","network":"台灣高鐵","network:en":"THSR","network:zh":"台灣高鐵","operator":"台灣高速鐵路股份有限公司","railway":"rail","ref":"台灣高鐵","start_date":"2007-01-05","usage":"main","voltage":"25000","wikidata":"Q706198","wikipedia":"zh:台灣高鐵"},"id":"way/706622440"},{"type":"Feature","geometry":{"type":"LineString","coordinates":[[120.576585,23.874994],[120.571351,23.871782]]},"properties":{"@id":"way/706622441","bridge":"viaduct","electrified":"contact_line","frequency":"60","gauge":"1435","highspeed":"yes","layer":"1","maxspeed":"300","name":"台灣高速鐵路","name:en":"Taiwan High Speed Rail","name:ja":"台湾高速鉄道","name:nan":"Tâi-oân-ko-sok-thih-lō͘","name:nan-Latn-pehoeji":"Tâi-oân-ko-sok-thih-lō͘","name:nan-Latn-tailo":"Tâi-uân-ko-sok-thih-lōo","name:ru":"Тайваньская высокоскоростная железная дорога","name:zh":"台灣高速鐵路","network":"台灣高鐵","network:en":"THSR","network:zh":"台灣高鐵","operator":"台灣高速鐵路股份有限公司","railway":"rail","ref":"台灣高鐵","start_date":"2007-01-05","usage":"main","voltage":"25000","wikidata":"Q706198","wikipedia":"zh:台灣高鐵"},"id":"way/706622441"},{"type":"Feature","geometry":{"type":"LineString","coordinates":[[120.571324,23.871813],[120.576565,23.875034]]},"properties":{"@id":"way/706622442","bridge":"viaduct","electrified":"contact_line","frequency":"60","gauge":"1435","highspeed":"yes","layer":"1","maxspeed":"300","name":"台灣高速鐵路","name:en":"Taiwan High Speed Rail","name:ja":"台湾高速鉄道","name:nan":"Tâi-oân-ko-sok-thih-lō͘","name:nan-Latn-pehoeji":"Tâi-oân-ko-sok-thih-lō͘","name:nan-Latn-tailo":"Tâi-uân-ko-sok-thih-lōo","name:ru":"Тайваньская высокоскоростная железная дорога","name:zh":"台灣高速鐵路","network":"台灣高鐵","network:en":"THSR","network:zh":"台灣高鐵","operator":"台灣高速鐵路股份有限公司","railway":"rail","ref":"台灣高鐵","start_date":"2007-01-05","usage":"main","voltage":"25000","wikidata":"Q706198","wikipedia":"zh:台灣高鐵"},"id":"way/706622442"},{"type":"Feature","geometry":{"type":"LineString","coordinates":[[121.216932,25.015072],[121.212719,25.010904]]},"properties":{"@id":"way/706622447","electrified":"contact_line","frequency":"60","gauge":"1435","highspeed":"yes","layer":"-1","maxspeed":"300","name":"台灣高速鐵路","name:en":"Taiwan High Speed Rail","name:ja":"台湾高速鉄道","name:nan":"Tâi-oân-ko-sok-thih-lō͘","name:nan-Latn-pehoeji":"Tâi-oân-ko-sok-thih-lō͘","name:nan-Latn-tailo":"Tâi-uân-ko-sok-thih-lōo","name:ru":"Тайваньская высокоскоростная железная дорога","name:zh":"台灣高速鐵路","network":"台灣高鐵","network:en":"THSR","network:zh":"台灣高鐵","operator":"台灣高速鐵路股份有限公司","railway":"rail","ref":"台灣高鐵","start_date":"2007-01-05","tunnel":"yes","usage":"main","voltage":"25000","wikidata":"Q706198","wikipedia":"zh:台灣高鐵"},"id":"way/706622447"},{"type":"Feature","geometry":{"type":"LineString","coordinates":[[121.21269,25.010941],[121.216891,25.015098]]},"properties":{"@id":"way/706622448","electrified":"contact_line","frequency":"60","gauge":"1435","highspeed":"yes","layer":"-1","maxspeed":"300","name":"台灣高速鐵路","name:en":"Taiwan High Speed Rail","name:ja":"台湾高速鉄道","name:nan":"Tâi-oân-ko-sok-thih-lō͘","name:nan-Latn-pehoeji":"Tâi-oân-ko-sok-thih-lō͘","name:nan-Latn-tailo":"Tâi-uân-ko-sok-thih-lōo","name:ru":"Тайваньская высокоскоростная железная дорога","name:zh":"台灣高速鐵路","network":"台灣高鐵","network:en":"THSR","network:zh":"台灣高鐵","operator":"台灣高速鐵路股份有限公司","railway":"rail","ref":"台灣高鐵","start_date":"2007-01-05","tunnel":"yes","usage":"main","voltage":"25000","wikidata":"Q706198","wikipedia":"zh:台灣高鐵"},"id":"way/706622448"},{"type":"Feature","geometry":{"type":"LineString","coordinates":[[121.041251,24.812466],[121.043156,24.819905],[121.043363,24.820626]]},"properties":{"@id":"way/706622449","bridge":"viaduct","electrified":"contact_line","frequency":"60","gauge":"1435","highspeed":"yes","layer":"1","maxspeed":"300","name":"台灣高速鐵路","name:en":"Taiwan High Speed Rail","name:ja":"台湾高速鉄道","name:nan":"Tâi-oân-ko-sok-thih-lō͘","name:nan-Latn-pehoeji":"Tâi-oân-ko-sok-thih-lō͘","name:nan-Latn-tailo":"Tâi-uân-ko-sok-thih-lōo","name:ru":"Тайваньская высокоскоростная железная дорога","name:zh":"台灣高速鐵路","network":"台灣高鐵","network:en":"THSR","network:zh":"台灣高鐵","operator":"台灣高速鐵路股份有限公司","railway":"rail","ref":"台灣高鐵","start_date":"2007-01-05","usage":"main","voltage":"25000","wikidata":"Q706198","wikipedia":"zh:台灣高鐵"},"id":"way/706622449"},{"type":"Feature","geometry":{"type":"LineString","coordinates":[[121.04341,24.820614],[121.042939,24.81889],[121.042631,24.817689]]},"properties":{"@id":"way/706622450","bridge":"viaduct","electrified":"contact_line","frequency":"60","gauge":"1435","highspeed":"yes","layer":"4","maxspeed":"300","name":"台灣高速鐵路","name:en":"Taiwan High Speed Rail","name:ja":"台湾高速鉄道","name:nan":"Tâi-oân-ko-sok-thih-lō͘","name:nan-Latn-pehoeji":"Tâi-oân-ko-sok-thih-lō͘","name:nan-Latn-tailo":"Tâi-uân-ko-sok-thih-lōo","name:ru":"Тайваньская высокоскоростная железная дорога","name:zh":"台灣高速鐵路","network":"台灣高鐵","network:en":"THSR","network:zh":"台灣高鐵","operator":"台灣高速鐵路股份有限公司","railway":"rail","ref":"台灣高鐵","start_date":"2007-01-05","usage":"main","voltage":"25000","wikidata":"Q706198","wikipedia":"zh:台灣高鐵"},"id":"way/706622450"},{"type":"Feature","geometry":{"type":"LineString","coordinates":[[121.039275,24.804521],[121.038171,24.800196],[121.036636,24.794375],[121.03609,24.791864]]},"properties":{"@id":"way/706622451","bridge":"viaduct","electrified":"contact_line","frequency":"60","gauge":"1435","highspeed":"yes","layer":"1","maxspeed":"300","name":"台灣高速鐵路","name:en":"Taiwan High Speed Rail","name:ja":"台湾高速鉄道","name:nan":"Tâi-oân-ko-sok-thih-lō͘","name:nan-Latn-pehoeji":"Tâi-oân-ko-sok-thih-lō͘","name:nan-Latn-tailo":"Tâi-uân-ko-sok-thih-lōo","name:ru":"Тайваньская высокоскоростная железная дорога","name:zh":"台灣高速鐵路","network":"台灣高鐵","network:en":"THSR","network:zh":"台灣高鐵","operator":"台灣高速鐵路股份有限公司","railway":"rail","ref":"台灣高鐵","start_date":"2007-01-05","usage":"main","voltage":"25000","wikidata":"Q706198","wikipedia":"zh:台灣高鐵"},"id":"way/706622451"},{"type":"Feature","geometry":{"type":"LineString","coordinates":[[121.036022,24.791855],[121.036577,24.794369],[121.03785,24.799129],[121.03858,24.801992]]},"properties":{"@id":"way/706622452","bridge":"viaduct","electrified":"contact_line","frequency":"60","gauge":"1435","highspeed":"yes","layer":"1","maxspeed":"300","name":"台灣高速鐵路","name:en":"Taiwan High Speed Rail","name:ja":"台湾高速鉄道","name:nan":"Tâi-oân-ko-sok-thih-lō͘","name:nan-Latn-pehoeji":"Tâi-oân-ko-sok-thih-lō͘","name:nan-Latn-tailo":"Tâi-uân-ko-sok-thih-lōo","name:ru":"Тайваньская высокоскоростная железная дорога","name:zh":"台灣高速鐵路","network":"台灣高鐵","network:en":"THSR","network:zh":"台灣高鐵","operator":"台灣高速鐵路股份有限公司","railway":"rail","ref":"台灣高鐵","start_date":"2007-01-05","usage":"main","voltage":"25000","wikidata":"Q706198","wikipedia":"zh:台灣高鐵"},"id":"way/706622452"},{"type":"Feature","geometry":{"type":"LineString","coordinates":[[120.831679,24.608157],[120.828077,24.606595],[120.821555,24.603747]]},"properties":{"@id":"way/706622453","bridge":"yes","electrified":"contact_line","frequency":"60","gauge":"1435","highspeed":"yes","layer":"2","maxspeed":"300","name":"台灣高速鐵路","name:en":"Taiwan High Speed Rail","name:ja":"台湾高速鉄道","name:nan":"Tâi-oân-ko-sok-thih-lō͘","name:nan-Latn-pehoeji":"Tâi-oân-ko-sok-thih-lō͘","name:nan-Latn-tailo":"Tâi-uân-ko-sok-thih-lōo","name:ru":"Тайваньская высокоскоростная железная дорога","name:zh":"台灣高速鐵路","network":"台灣高鐵","network:en":"THSR","network:zh":"台灣高鐵","operator":"台灣高速鐵路股份有限公司","railway":"rail","ref":"台灣高鐵","start_date":"2007-01-05","usage":"main","voltage":"25000","wikidata":"Q706198","wikipedia":"zh:台灣高鐵"},"id":"way/706622453"},{"type":"Feature","geometry":{"type":"LineString","coordinates":[[120.819283,24.602801],[120.828058,24.606633],[120.831658,24.608194]]},"properties":{"@id":"way/706622454","bridge":"yes","electrified":"contact_line","frequency":"60","gauge":"1435","highspeed":"yes","layer":"2","maxspeed":"300","name":"台灣高速鐵路","name:en":"Taiwan High Speed Rail","name:ja":"台湾高速鉄道","name:nan":"Tâi-oân-ko-sok-thih-lō͘","name:nan-Latn-pehoeji":"Tâi-oân-ko-sok-thih-lō͘","name:nan-Latn-tailo":"Tâi-uân-ko-sok-thih-lōo","name:ru":"Тайваньская высокоскоростная железная дорога","name:zh":"台灣高速鐵路","network":"台灣高鐵","network:en":"THSR","network:zh":"台灣高鐵","operator":"台灣高速鐵路股份有限公司","railway":"rail","ref":"台灣高鐵","start_date":"2007-01-05","usage":"main","voltage":"25000","wikidata":"Q706198","wikipedia":"zh:台灣高鐵"},"id":"way/706622454"},{"type":"Feature","geometry":{"type":"LineString","coordinates":[[120.821555,24.603747],[120.817728,24.602082],[120.81247,24.599784],[120.80959,24.598532],[120.807442,24.59759],[120.806157,24.597006],[120.805369,24.596631]]},"properties":{"@id":"way/706622455","bridge":"yes","electrified":"contact_line","frequency":"60","gauge":"1435","highspeed":"yes","layer":"2","maxspeed":"300","name":"台灣高速鐵路","name:en":"Taiwan High Speed Rail","name:ja":"台湾高速鉄道","name:nan":"Tâi-oân-ko-sok-thih-lō͘","name:nan-Latn-pehoeji":"Tâi-oân-ko-sok-thih-lō͘","name:nan-Latn-tailo":"Tâi-uân-ko-sok-thih-lōo","name:ru":"Тайваньская высокоскоростная железная дорога","name:zh":"台灣高速鐵路","network":"台灣高鐵","network:en":"THSR","network:zh":"台灣高鐵","operator":"台灣高速鐵路股份有限公司","railway":"rail","ref":"台灣高鐵","start_date":"2007-01-05","usage":"main","voltage":"25000","wikidata":"Q706198","wikipedia":"zh:台灣高鐵"},"id":"way/706622455"},{"type":"Feature","geometry":{"type":"LineString","coordinates":[[120.805341,24.596663],[120.806139,24.597043],[120.807422,24.597626],[120.80957,24.598569],[120.812453,24.599822],[120.816832,24.60173],[120.819283,24.602801]]},"properties":{"@id":"way/706622456","bridge":"yes","electrified":"contact_line","frequency":"60","gauge":"1435","highspeed":"yes","layer":"2","maxspeed":"300","name":"台灣高速鐵路","name:en":"Taiwan High Speed Rail","name:ja":"台湾高速鉄道","name:nan":"Tâi-oân-ko-sok-thih-lō͘","name:nan-Latn-pehoeji":"Tâi-oân-ko-sok-thih-lō͘","name:nan-Latn-tailo":"Tâi-uân-ko-sok-thih-lōo","name:ru":"Тайваньская высокоскоростная железная дорога","name:zh":"台灣高速鐵路","network":"台灣高鐵","network:en":"THSR","network:zh":"台灣高鐵","operator":"台灣高速鐵路股份有限公司","railway":"rail","ref":"台灣高鐵","start_date":"2007-01-05","usage":"main","voltage":"25000","wikidata":"Q706198","wikipedia":"zh:台灣高鐵"},"id":"way/706622456"},{"type":"Feature","geometry":{"type":"LineString","coordinates":[[121.602181,25.052311],[121.601884,25.052271]]},"properties":{"@id":"way/706622458","electrified":"contact_line","frequency":"60","gauge":"1435","highspeed":"yes","layer":"-1","level":"B1","name":"台灣高速鐵路","name:en":"Taiwan High Speed Rail","name:ja":"台湾高速鉄道","name:nan":"Tâi-oân-ko-sok-thih-lō͘","name:nan-Latn-pehoeji":"Tâi-oân-ko-sok-thih-lō͘","name:nan-Latn-tailo":"Tâi-uân-ko-sok-thih-lōo","name:ru":"Тайваньская высокоскоростная железная дорога","name:zh":"台灣高速鐵路","network":"台灣高鐵","network:en":"THSR","network:zh":"台灣高鐵","operator":"台灣高速鐵路股份有限公司","railway":"rail","ref":"台灣高鐵","start_date":"2016-07-01","tunnel":"yes","usage":"main","voltage":"25000","wikidata":"Q706198","wikipedia":"zh:台灣高鐵"},"id":"way/706622458"},{"type":"Feature","geometry":{"type":"LineString","coordinates":[[121.601139,25.052264],[121.602763,25.052485]]},"properties":{"@id":"way/706622459","electrified":"contact_line","frequency":"60","gauge":"1435","highspeed":"yes","layer":"-3","level":"B1","name":"台灣高速鐵路","name:en":"Taiwan High Speed Rail","name:ja":"台湾高速鉄道","name:nan":"Tâi-oân-ko-sok-thih-lō͘","name:nan-Latn-pehoeji":"Tâi-oân-ko-sok-thih-lō͘","name:nan-Latn-tailo":"Tâi-uân-ko-sok-thih-lōo","name:ru":"Тайваньская высокоскоростная железная дорога","name:zh":"台灣高速鐵路","network":"台灣高鐵","network:en":"THSR","network:zh":"台灣高鐵","operator":"台灣高速鐵路股份有限公司","railway":"rail","ref":"台灣高鐵","start_date":"2016-07-01","tunnel":"yes","usage":"main","voltage":"25000","wikidata":"Q706198","wikipedia":"zh:台灣高鐵"},"id":"way/706622459"},{"type":"Feature","geometry":{"type":"LineString","coordinates":[[121.603511,25.052648],[121.60334,25.052615],[121.603034,25.052524]]},"properties":{"@id":"way/706622460","electrified":"contact_line","frequency":"60","gauge":"1435","highspeed":"yes","layer":"-3","name":"台灣高速鐵路","name:en":"Taiwan High Speed Rail","name:ja":"台湾高速鉄道","name:nan":"Tâi-oân-ko-sok-thih-lō͘","name:nan-Latn-pehoeji":"Tâi-oân-ko-sok-thih-lō͘","name:nan-Latn-tailo":"Tâi-uân-ko-sok-thih-lōo","name:ru":"Тайваньская высокоскоростная железная дорога","name:zh":"台灣高速鐵路","network":"台灣高鐵","network:en":"THSR","network:zh":"台灣高鐵","operator":"台灣高速鐵路股份有限公司","railway":"rail","ref":"台灣高鐵","start_date":"2016-07-01","tunnel":"yes","usage":"main","voltage":"25000","wikidata":"Q706198","wikipedia":"zh:台灣高鐵"},"id":"way/706622460"},{"type":"Feature","geometry":{"type":"LineString","coordinates":[[121.603034,25.052524],[121.603425,25.052575],[121.605889,25.052936],[121.607797,25.053212]]},"properties":{"@id":"way/706622461","electrified":"contact_line","frequency":"60","gauge":"1435","layer":"-1","level":"-1","name":"台灣高速鐵路","name:en":"Taiwan High Speed Rail","name:ja":"台湾高速鉄道","name:nan":"Tâi-oân-ko-sok-thih-lō͘","name:nan-Latn-pehoeji":"Tâi-oân-ko-sok-thih-lō͘","name:nan-Latn-tailo":"Tâi-uân-ko-sok-thih-lōo","name:ru":"Тайваньская высокоскоростная железная дорога","name:zh":"台灣高速鐵路","name:zh-Hans":"台湾高速铁路","name:zh-Hant":"台灣高速鐵路","network":"台灣高鐵","network:en":"THSR","network:zh":"台灣高鐵","operator":"台灣高速鐵路股份有限公司","railway":"rail","start_date":"2016-07-01","tunnel":"yes","usage":"main","voltage":"25000","wikidata":"Q706198","wikipedia":"zh:台灣高鐵"},"id":"way/706622461"},{"type":"Feature","geometry":{"type":"LineString","coordinates":[[120.311646,22.691071],[120.311027,22.690464]]},"properties":{"@id":"way/706622462","electrified":"contact_line","frequency":"60","gauge":"1435","highspeed":"yes","name":"台灣高速鐵路","name:en":"Taiwan High Speed Rail","name:ja":"台湾高速鉄道","name:nan":"Tâi-oân-ko-sok-thih-lō͘","name:nan-Latn-pehoeji":"Tâi-oân-ko-sok-thih-lō͘","name:nan-Latn-tailo":"Tâi-uân-ko-sok-thih-lōo","name:ru":"Тайваньская высокоскоростная железная дорога","name:zh":"台灣高速鐵路","network":"台灣高鐵","network:en":"THSR","network:zh":"台灣高鐵","operator":"台灣高速鐵路股份有限公司","railway":"rail","ref":"台灣高鐵","start_date":"2007-01-05","usage":"main","voltage":"25000","wikidata":"Q706198","wikipedia":"zh:台灣高鐵"},"id":"way/706622462"},{"type":"Feature","geometry":{"type":"LineString","coordinates":[[121.467163,25.015705],[121.466212,25.015042]]},"properties":{"@id":"way/706686404","description":"本路段上下兩層交疊","electrified":"contact_line","frequency":"60","gauge":"1435","highspeed":"yes","layer":"-2","maxspeed":"130","name":"台灣高速鐵路","name:en":"Taiwan High Speed Rail","name:ja":"台湾高速鉄道","name:nan":"Tâi-oân-ko-sok-thih-lō͘","name:nan-Latn-pehoeji":"Tâi-oân-ko-sok-thih-lō͘","name:nan-Latn-tailo":"Tâi-uân-ko-sok-thih-lōo","name:ru":"Тайваньская высокоскоростная железная дорога","name:zh":"台灣高速鐵路","network":"台灣高鐵","network:en":"THSR","network:zh":"台灣高鐵","note":"南下方向","operator":"台灣高速鐵路股份有限公司","railway":"rail","ref":"台灣高鐵","tunnel":"yes","usage":"main","voltage":"25000","wikidata":"Q706198","wikipedia":"zh:台灣高鐵"},"id":"way/706686404"},{"type":"Feature","geometry":{"type":"LineString","coordinates":[[121.462675,25.012201],[121.462744,25.012279],[121.462919,25.012458],[121.46404,25.013598],[121.464452,25.013939],[121.465878,25.014929],[121.465945,25.014974],[121.466156,25.015121]]},"properties":{"@id":"way/706686405","description":"本路段上下兩層交疊","electrified":"contact_line","frequency":"60","gauge":"1435","highspeed":"yes","layer":"-3","level":"-3","maxspeed":"130","name":"台灣高速鐵路","name:en":"Taiwan High Speed Rail","name:ja":"台湾高速鉄道","name:nan":"Tâi-oân-ko-sok-thih-lō͘","name:nan-Latn-pehoeji":"Tâi-oân-ko-sok-thih-lō͘","name:nan-Latn-tailo":"Tâi-uân-ko-sok-thih-lōo","name:ru":"Тайваньская высокоскоростная железная дорога","name:zh":"台灣高速鐵路","network":"台灣高鐵","network:en":"THSR","network:zh":"台灣高鐵","note":"北上方向","operator":"台灣高速鐵路股份有限公司","railway":"rail","ref":"台灣高鐵","tunnel":"yes","usage":"main","voltage":"25000","wikidata":"Q706198","wikipedia":"zh:台灣高鐵"},"id":"way/706686405"},{"type":"Feature","geometry":{"type":"LineString","coordinates":[[121.461079,25.010383],[121.461362,25.010721],[121.461375,25.010736],[121.462675,25.012201]]},"properties":{"@id":"way/706686406","description":"本路段上下兩層交疊","electrified":"contact_line","frequency":"60","gauge":"1435","highspeed":"yes","layer":"-2","maxspeed":"130","name":"台灣高速鐵路","name:en":"Taiwan High Speed Rail","name:ja":"台湾高速鉄道","name:nan":"Tâi-oân-ko-sok-thih-lō͘","name:nan-Latn-pehoeji":"Tâi-oân-ko-sok-thih-lō͘","name:nan-Latn-tailo":"Tâi-uân-ko-sok-thih-lōo","name:ru":"Тайваньская высокоскоростная железная дорога","name:zh":"台灣高速鐵路","network":"台灣高鐵","network:en":"THSR","network:zh":"台灣高鐵","note":"北上方向","operator":"台灣高速鐵路股份有限公司","railway":"rail","ref":"台灣高鐵","start_date":"2007-01-05","tunnel":"yes","usage":"main","voltage":"25000","wikidata":"Q706198","wikipedia":"zh:台灣高鐵"},"id":"way/706686406"},{"type":"Feature","geometry":{"type":"LineString","coordinates":[[121.462734,25.012157],[121.461268,25.010511],[121.461149,25.010381],[121.461032,25.010246]]},"properties":{"@id":"way/706686407","description":"本路段上下兩層交疊","electrified":"contact_line","frequency":"60","gauge":"1435","highspeed":"yes","layer":"-2","maxspeed":"130","name":"台灣高速鐵路","name:en":"Taiwan High Speed Rail","name:ja":"台湾高速鉄道","name:nan":"Tâi-oân-ko-sok-thih-lō͘","name:nan-Latn-pehoeji":"Tâi-oân-ko-sok-thih-lō͘","name:nan-Latn-tailo":"Tâi-uân-ko-sok-thih-lōo","name:ru":"Тайваньская высокоскоростная железная дорога","name:zh":"台灣高速鐵路","network":"台灣高鐵","network:en":"THSR","network:zh":"台灣高鐵","note":"南下方向","operator":"台灣高速鐵路股份有限公司","railway":"rail","ref":"台灣高鐵","tunnel":"yes","usage":"main","voltage":"25000","wikidata":"Q706198","wikipedia":"zh:台灣高鐵"},"id":"way/706686407"},{"type":"Feature","geometry":{"type":"LineString","coordinates":[[120.616242,24.116062],[120.6164,24.11763],[120.61665,24.119644]]},"properties":{"@id":"way/706686412","bridge":"viaduct","electrified":"contact_line","frequency":"60","gauge":"1435","highspeed":"yes","layer":"3","maxspeed":"300","name":"台灣高速鐵路","name:en":"Taiwan High Speed Rail","name:ja":"台湾高速鉄道","name:nan":"Tâi-oân-ko-sok-thih-lō͘","name:nan-Latn-pehoeji":"Tâi-oân-ko-sok-thih-lō͘","name:nan-Latn-tailo":"Tâi-uân-ko-sok-thih-lōo","name:ru":"Тайваньская высокоскоростная железная дорога","name:zh":"台灣高速鐵路","network":"台灣高鐵","network:en":"THSR","network:zh":"台灣高鐵","operator":"台灣高速鐵路股份有限公司","railway":"rail","service":"siding","voltage":"25000","wheelchair":"yes","wikidata":"Q706198","wikipedia":"zh:台灣高鐵"},"id":"way/706686412"},{"type":"Feature","geometry":{"type":"LineString","coordinates":[[120.576565,23.875034],[120.576757,23.875151],[120.578559,23.876243]]},"properties":{"@id":"way/706686413","bridge":"viaduct","electrified":"contact_line","frequency":"60","gauge":"1435","highspeed":"yes","layer":"1","maxspeed":"300","name":"台灣高速鐵路","name:en":"Taiwan High Speed Rail","name:ja":"台湾高速鉄道","name:nan":"Tâi-oân-ko-sok-thih-lō͘","name:nan-Latn-pehoeji":"Tâi-oân-ko-sok-thih-lō͘","name:nan-Latn-tailo":"Tâi-uân-ko-sok-thih-lōo","name:ru":"Тайваньская высокоскоростная железная дорога","name:zh":"台灣高速鐵路","network":"台灣高鐵","network:en":"THSR","network:zh":"台灣高鐵","operator":"台灣高速鐵路股份有限公司","railway":"rail","ref":"台灣高鐵","start_date":"2007-01-05","usage":"main","voltage":"25000","wikidata":"Q706198","wikipedia":"zh:台灣高鐵"},"id":"way/706686413"},{"type":"Feature","geometry":{"type":"LineString","coordinates":[[120.323451,23.453062],[120.323526,23.454586]]},"properties":{"@id":"way/706686414","bridge":"yes","electrified":"contact_line","frequency":"60","gauge":"1435","highspeed":"yes","layer":"4","maxspeed":"300","name":"台灣高速鐵路","name:en":"Taiwan High Speed Rail","name:ja":"台湾高速鉄道","name:nan":"Tâi-oân-ko-sok-thih-lō͘","name:nan-Latn-pehoeji":"Tâi-oân-ko-sok-thih-lō͘","name:nan-Latn-tailo":"Tâi-uân-ko-sok-thih-lōo","name:ru":"Тайваньская высокоскоростная железная дорога","name:zh":"台灣高速鐵路","network":"台灣高鐵","network:en":"THSR","network:zh":"台灣高鐵","operator":"台灣高速鐵路股份有限公司","railway":"rail","ref":"台灣高鐵","start_date":"2007-01-05","usage":"main","voltage":"25000","wikidata":"Q706198","wikipedia":"zh:台灣高鐵"},"id":"way/706686414"},{"type":"Feature","geometry":{"type":"LineString","coordinates":[[120.323938,23.463124],[120.324064,23.466921],[120.324261,23.469726]]},"properties":{"@id":"way/706686415","bridge":"viaduct","electrified":"contact_line","frequency":"60","gauge":"1435","highspeed":"yes","layer":"1","maxspeed":"300","name":"台灣高速鐵路","name:en":"Taiwan High Speed Rail","name:ja":"台湾高速鉄道","name:nan":"Tâi-oân-ko-sok-thih-lō͘","name:nan-Latn-pehoeji":"Tâi-oân-ko-sok-thih-lō͘","name:nan-Latn-tailo":"Tâi-uân-ko-sok-thih-lōo","name:ru":"Тайваньская высокоскоростная железная дорога","name:zh":"台灣高速鐵路","network":"台灣高鐵","network:en":"THSR","network:zh":"台灣高鐵","operator":"台灣高速鐵路股份有限公司","railway":"rail","ref":"台灣高鐵","start_date":"2007-01-05","usage":"main","voltage":"25000","wikidata":"Q706198","wikipedia":"zh:台灣高鐵"},"id":"way/706686415"},{"type":"Feature","geometry":{"type":"LineString","coordinates":[[121.60786,25.053291],[121.60702,25.053163],[121.604478,25.052788],[121.603511,25.052648]]},"properties":{"@id":"way/710690884","electrified":"contact_line","frequency":"60","gauge":"1435","highspeed":"yes","layer":"-3","level":"-1","name":"台灣高速鐵路","name:en":"Taiwan High Speed Rail","name:ja":"台湾高速鉄道","name:nan":"Tâi-oân-ko-sok-thih-lō͘","name:nan-Latn-pehoeji":"Tâi-oân-ko-sok-thih-lō͘","name:nan-Latn-tailo":"Tâi-uân-ko-sok-thih-lōo","name:ru":"Тайваньская высокоскоростная железная дорога","name:zh":"台灣高速鐵路","network":"台灣高鐵","network:en":"THSR","network:zh":"台灣高鐵","operator":"台灣高速鐵路股份有限公司","railway":"rail","ref":"台灣高鐵","start_date":"2016-07-01","tunnel":"yes","usage":"main","voltage":"25000","wikidata":"Q706198","wikipedia":"zh:台灣高鐵"},"id":"way/710690884"},{"type":"Feature","geometry":{"type":"LineString","coordinates":[[121.603511,25.052648],[121.603895,25.052765],[121.60433,25.052867],[121.605569,25.053065],[121.607835,25.053386]]},"properties":{"@id":"way/710690885","electrified":"contact_line","frequency":"60","gauge":"1435","highspeed":"yes","layer":"-3","level":"-1","name":"台灣高速鐵路","name:en":"Taiwan High Speed Rail","name:ja":"台湾高速鉄道","name:nan":"Tâi-oân-ko-sok-thih-lō͘","name:nan-Latn-pehoeji":"Tâi-oân-ko-sok-thih-lō͘","name:nan-Latn-tailo":"Tâi-uân-ko-sok-thih-lōo","name:ru":"Тайваньская высокоскоростная железная дорога","name:zh":"台灣高速鐵路","name:zh-Hans":"台湾高速铁路","name:zh-Hant":"台灣高速鐵路","network":"台灣高鐵","network:en":"THSR","network:zh":"台灣高鐵","operator":"台灣高速鐵路股份有限公司","railway":"rail","ref":"台灣高鐵","start_date":"2016-07-01","tunnel":"yes","usage":"main","voltage":"25000","wikidata":"Q706198","wikipedia":"zh:台灣高鐵"},"id":"way/710690885"},{"type":"Feature","geometry":{"type":"LineString","coordinates":[[121.452321,25.003713],[121.452692,25.003697]]},"properties":{"@id":"way/712373727","bridge":"yes","electrified":"contact_line","frequency":"60","gauge":"1435","highspeed":"yes","layer":"1","maxspeed":"130","name":"台灣高速鐵路","name:en":"Taiwan High Speed Rail","name:ja":"台湾高速鉄道","name:nan":"Tâi-oân-ko-sok-thih-lō͘","name:nan-Latn-pehoeji":"Tâi-oân-ko-sok-thih-lō͘","name:nan-Latn-tailo":"Tâi-uân-ko-sok-thih-lōo","name:ru":"Тайваньская высокоскоростная железная дорога","name:zh":"台灣高速鐵路","network":"台灣高鐵","network:en":"THSR","network:zh":"台灣高鐵","operator":"台灣高速鐵路股份有限公司","railway":"rail","ref":"台灣高鐵","start_date":"2007-01-05","usage":"main","voltage":"25000","wikidata":"Q706198","wikipedia":"zh:台灣高鐵"},"id":"way/712373727"},{"type":"Feature","geometry":{"type":"LineString","coordinates":[[121.452321,25.00367],[121.451771,25.003705]]},"properties":{"@id":"way/712373729","electrified":"contact_line","frequency":"60","gauge":"1435","highspeed":"yes","layer":"2","maxspeed":"130","name":"台灣高速鐵路","name:en":"Taiwan High Speed Rail","name:ja":"台湾高速鉄道","name:nan":"Tâi-oân-ko-sok-thih-lō͘","name:nan-Latn-pehoeji":"Tâi-oân-ko-sok-thih-lō͘","name:nan-Latn-tailo":"Tâi-uân-ko-sok-thih-lōo","name:ru":"Тайваньская высокоскоростная железная дорога","name:zh":"台灣高速鐵路","network":"台灣高鐵","network:en":"THSR","network:zh":"台灣高鐵","operator":"台灣高速鐵路股份有限公司","railway":"rail","ref":"台灣高鐵","start_date":"2007-01-05","usage":"main","voltage":"25000","wikidata":"Q706198","wikipedia":"zh:台灣高鐵"},"id":"way/712373729"},{"type":"Feature","geometry":{"type":"LineString","coordinates":[[121.219556,25.017735],[121.220367,25.018542]]},"properties":{"@id":"way/768983983","bridge":"viaduct","cutting":"yes","electrified":"contact_line","frequency":"60","gauge":"1435","highspeed":"yes","maxspeed":"300","name":"台灣高速鐵路","name:en":"Taiwan High Speed Rail","name:ja":"台湾高速鉄道","name:nan":"Tâi-oân-ko-sok-thih-lō͘","name:nan-Latn-pehoeji":"Tâi-oân-ko-sok-thih-lō͘","name:nan-Latn-tailo":"Tâi-uân-ko-sok-thih-lōo","name:ru":"Тайваньская высокоскоростная железная дорога","name:zh":"台灣高速鐵路","network":"台灣高鐵","network:en":"THSR","network:zh":"台灣高鐵","operator":"台灣高速鐵路股份有限公司","railway":"rail","ref":"台灣高鐵","start_date":"2007-01-05","usage":"main","voltage":"25000","wikidata":"Q706198","wikipedia":"zh:台灣高鐵"},"id":"way/768983983"},{"type":"Feature","geometry":{"type":"LineString","coordinates":[[121.219591,25.017708],[121.218814,25.016933]]},"properties":{"@id":"way/768983984","cutting":"yes","electrified":"contact_line","frequency":"60","gauge":"1435","highspeed":"yes","layer":"-1","maxspeed":"300","name":"台灣高速鐵路","name:en":"Taiwan High Speed Rail","name:ja":"台湾高速鉄道","name:nan":"Tâi-oân-ko-sok-thih-lō͘","name:nan-Latn-pehoeji":"Tâi-oân-ko-sok-thih-lō͘","name:nan-Latn-tailo":"Tâi-uân-ko-sok-thih-lōo","name:ru":"Тайваньская высокоскоростная железная дорога","name:zh":"台灣高速鐵路","network":"台灣高鐵","network:en":"THSR","network:zh":"台灣高鐵","operator":"台灣高速鐵路股份有限公司","railway":"rail","ref":"台灣高鐵","start_date":"2007-01-05","usage":"main","voltage":"25000","wikidata":"Q706198","wikipedia":"zh:台灣高鐵"},"id":"way/768983984"},{"type":"Feature","geometry":{"type":"LineString","coordinates":[[120.615713,24.107898],[120.615933,24.109727],[120.616169,24.112082],[120.616344,24.113791],[120.616364,24.11417],[120.616375,24.114557],[120.616413,24.116048]]},"properties":{"@id":"way/808831861","bridge":"viaduct","electrified":"contact_line","frequency":"60","gauge":"1435","highspeed":"yes","layer":"3","maxspeed":"300","name":"台灣高速鐵路","name:en":"Taiwan High Speed Rail","name:ja":"台湾高速鉄道","name:nan":"Tâi-oân-ko-sok-thih-lō͘","name:nan-Latn-pehoeji":"Tâi-oân-ko-sok-thih-lō͘","name:nan-Latn-tailo":"Tâi-uân-ko-sok-thih-lōo","name:ru":"Тайваньская высокоскоростная железная дорога","name:zh":"台灣高速鐵路","network":"台灣高鐵","network:en":"THSR","network:zh":"台灣高鐵","operator":"台灣高速鐵路股份有限公司","railway":"rail","service":"siding","start_date":"2007-01-05","voltage":"25000","wikidata":"Q706198","wikipedia":"zh:台灣高鐵"},"id":"way/808831861"},{"type":"Feature","geometry":{"type":"LineString","coordinates":[[120.615306,24.107429],[120.615423,24.109061],[120.61548,24.109765],[120.615715,24.112119],[120.615876,24.113821],[120.615926,24.114196],[120.615989,24.114592],[120.616242,24.116062]]},"properties":{"@id":"way/808831863","bridge":"viaduct","electrified":"contact_line","frequency":"60","gauge":"1435","highspeed":"yes","layer":"3","maxspeed":"300","name":"台灣高速鐵路","name:en":"Taiwan High Speed Rail","name:ja":"台湾高速鉄道","name:nan":"Tâi-oân-ko-sok-thih-lō͘","name:nan-Latn-pehoeji":"Tâi-oân-ko-sok-thih-lō͘","name:nan-Latn-tailo":"Tâi-uân-ko-sok-thih-lōo","name:ru":"Тайваньская высокоскоростная железная дорога","name:zh":"台灣高速鐵路","network":"台灣高鐵","network:en":"THSR","network:zh":"台灣高鐵","operator":"台灣高速鐵路股份有限公司","railway":"rail","ref":"台灣高鐵","service":"siding","start_date":"2007-01-05","voltage":"25000","wikidata":"Q706198","wikipedia":"zh:台灣高鐵"},"id":"way/808831863"},{"type":"Feature","geometry":{"type":"LineString","coordinates":[[121.309241,25.055577],[121.309061,25.055643]]},"properties":{"@id":"way/864687149","electrified":"contact_line","frequency":"60","gauge":"1435","highspeed":"yes","maxspeed":"300","name":"台灣高速鐵路","name:en":"Taiwan High Speed Rail","name:ja":"台湾高速鉄道","name:nan":"Tâi-oân-ko-sok-thih-lō͘","name:nan-Latn-pehoeji":"Tâi-oân-ko-sok-thih-lō͘","name:nan-Latn-tailo":"Tâi-uân-ko-sok-thih-lōo","name:ru":"Тайваньская высокоскоростная железная дорога","name:zh":"台灣高速鐵路","network":"台灣高鐵","network:en":"THSR","network:zh":"台灣高鐵","operator":"台灣高速鐵路股份有限公司","railway":"rail","ref":"台灣高鐵","start_date":"2007-01-05","usage":"main","voltage":"25000","wikidata":"Q706198","wikipedia":"zh:台灣高鐵"},"id":"way/864687149"},{"type":"Feature","geometry":{"type":"LineString","coordinates":[[121.309081,25.055686],[121.309254,25.055623]]},"properties":{"@id":"way/864687150","electrified":"contact_line","frequency":"60","gauge":"1435","highspeed":"yes","maxspeed":"300","name":"台灣高速鐵路","name:en":"Taiwan High Speed Rail","name:ja":"台湾高速鉄道","name:nan":"Tâi-oân-ko-sok-thih-lō͘","name:nan-Latn-pehoeji":"Tâi-oân-ko-sok-thih-lō͘","name:nan-Latn-tailo":"Tâi-uân-ko-sok-thih-lōo","name:ru":"Тайваньская высокоскоростная железная дорога","name:zh":"台灣高速鐵路","network":"台灣高鐵","network:en":"THSR","network:zh":"台灣高鐵","operator":"台灣高速鐵路股份有限公司","railway":"rail","ref":"台灣高鐵","start_date":"2007-01-05","usage":"main","voltage":"25000","wikidata":"Q706198","wikipedia":"zh:台灣高鐵"},"id":"way/864687150"},{"type":"Feature","geometry":{"type":"LineString","coordinates":[[121.307761,25.056141],[121.307866,25.056102]]},"properties":{"@id":"way/864687151","electrified":"contact_line","frequency":"60","gauge":"1435","highspeed":"yes","maxspeed":"300","name":"台灣高速鐵路","name:en":"Taiwan High Speed Rail","name:ja":"台湾高速鉄道","name:nan":"Tâi-oân-ko-sok-thih-lō͘","name:nan-Latn-pehoeji":"Tâi-oân-ko-sok-thih-lō͘","name:nan-Latn-tailo":"Tâi-uân-ko-sok-thih-lōo","name:ru":"Тайваньская высокоскоростная железная дорога","name:zh":"台灣高速鐵路","network":"台灣高鐵","network:en":"THSR","network:zh":"台灣高鐵","operator":"台灣高速鐵路股份有限公司","railway":"rail","ref":"台灣高鐵","start_date":"2007-01-05","usage":"main","voltage":"25000","wikidata":"Q706198","wikipedia":"zh:台灣高鐵"},"id":"way/864687151"},{"type":"Feature","geometry":{"type":"LineString","coordinates":[[121.307851,25.056054],[121.307741,25.056094]]},"properties":{"@id":"way/864687152","electrified":"contact_line","frequency":"60","gauge":"1435","highspeed":"yes","maxspeed":"300","name":"台灣高速鐵路","name:en":"Taiwan High Speed Rail","name:ja":"台湾高速鉄道","name:nan":"Tâi-oân-ko-sok-thih-lō͘","name:nan-Latn-pehoeji":"Tâi-oân-ko-sok-thih-lō͘","name:nan-Latn-tailo":"Tâi-uân-ko-sok-thih-lōo","name:ru":"Тайваньская высокоскоростная железная дорога","name:zh":"台灣高速鐵路","network":"台灣高鐵","network:en":"THSR","network:zh":"台灣高鐵","operator":"台灣高速鐵路股份有限公司","railway":"rail","ref":"台灣高鐵","start_date":"2007-01-05","usage":"main","voltage":"25000","wikidata":"Q706198","wikipedia":"zh:台灣高鐵"},"id":"way/864687152"},{"type":"Feature","geometry":{"type":"LineString","coordinates":[[121.30684,25.056446],[121.307004,25.056388]]},"properties":{"@id":"way/864687153","electrified":"contact_line","frequency":"60","gauge":"1435","highspeed":"yes","maxspeed":"300","name":"台灣高速鐵路","name:en":"Taiwan High Speed Rail","name:ja":"台湾高速鉄道","name:nan":"Tâi-oân-ko-sok-thih-lō͘","name:nan-Latn-pehoeji":"Tâi-oân-ko-sok-thih-lō͘","name:nan-Latn-tailo":"Tâi-uân-ko-sok-thih-lōo","name:ru":"Тайваньская высокоскоростная железная дорога","name:zh":"台灣高速鐵路","network":"台灣高鐵","network:en":"THSR","network:zh":"台灣高鐵","operator":"台灣高速鐵路股份有限公司","railway":"rail","ref":"台灣高鐵","start_date":"2007-01-05","usage":"main","voltage":"25000","wikidata":"Q706198","wikipedia":"zh:台灣高鐵"},"id":"way/864687153"},{"type":"Feature","geometry":{"type":"LineString","coordinates":[[121.306991,25.056346],[121.306845,25.056399]]},"properties":{"@id":"way/864687154","electrified":"contact_line","frequency":"60","gauge":"1435","highspeed":"yes","maxspeed":"300","name":"台灣高速鐵路","name:en":"Taiwan High Speed Rail","name:ja":"台湾高速鉄道","name:nan":"Tâi-oân-ko-sok-thih-lō͘","name:nan-Latn-pehoeji":"Tâi-oân-ko-sok-thih-lō͘","name:nan-Latn-tailo":"Tâi-uân-ko-sok-thih-lōo","name:ru":"Тайваньская высокоскоростная железная дорога","name:zh":"台灣高速鐵路","network":"台灣高鐵","network:en":"THSR","network:zh":"台灣高鐵","operator":"台灣高速鐵路股份有限公司","railway":"rail","ref":"台灣高鐵","start_date":"2007-01-05","usage":"main","voltage":"25000","wikidata":"Q706198","wikipedia":"zh:台灣高鐵"},"id":"way/864687154"},{"type":"Feature","geometry":{"type":"LineString","coordinates":[[121.310316,25.055238],[121.310823,25.055039]]},"properties":{"@id":"way/864687155","electrified":"contact_line","frequency":"60","gauge":"1435","highspeed":"yes","maxspeed":"300","name":"台灣高速鐵路","name:en":"Taiwan High Speed Rail","name:ja":"台湾高速鉄道","name:nan":"Tâi-oân-ko-sok-thih-lō͘","name:nan-Latn-pehoeji":"Tâi-oân-ko-sok-thih-lō͘","name:nan-Latn-tailo":"Tâi-uân-ko-sok-thih-lōo","name:ru":"Тайваньская высокоскоростная железная дорога","name:zh":"台灣高速鐵路","network":"台灣高鐵","network:en":"THSR","network:zh":"台灣高鐵","operator":"台灣高速鐵路股份有限公司","railway":"rail","ref":"台灣高鐵","start_date":"2007-01-05","usage":"main","voltage":"25000","wikidata":"Q706198","wikipedia":"zh:台灣高鐵"},"id":"way/864687155"},{"type":"Feature","geometry":{"type":"LineString","coordinates":[[121.31081,25.054997],[121.310302,25.055197]]},"properties":{"@id":"way/864687156","electrified":"contact_line","frequency":"60","gauge":"1435","highspeed":"yes","maxspeed":"300","name":"台灣高速鐵路","name:en":"Taiwan High Speed Rail","name:ja":"台湾高速鉄道","name:nan":"Tâi-oân-ko-sok-thih-lō͘","name:nan-Latn-pehoeji":"Tâi-oân-ko-sok-thih-lō͘","name:nan-Latn-tailo":"Tâi-uân-ko-sok-thih-lōo","name:ru":"Тайваньская высокоскоростная железная дорога","name:zh":"台灣高速鐵路","network":"台灣高鐵","network:en":"THSR","network:zh":"台灣高鐵","operator":"台灣高速鐵路股份有限公司","railway":"rail","ref":"台灣高鐵","start_date":"2007-01-05","usage":"main","voltage":"25000","wikidata":"Q706198","wikipedia":"zh:台灣高鐵"},"id":"way/864687156"},{"type":"Feature","geometry":{"type":"LineString","coordinates":[[121.312793,25.054136],[121.31237,25.054336]]},"properties":{"@id":"way/864687157","electrified":"contact_line","frequency":"60","gauge":"1435","highspeed":"yes","maxspeed":"300","name":"台灣高速鐵路","name:en":"Taiwan High Speed Rail","name:ja":"台湾高速鉄道","name:nan":"Tâi-oân-ko-sok-thih-lō͘","name:nan-Latn-pehoeji":"Tâi-oân-ko-sok-thih-lō͘","name:nan-Latn-tailo":"Tâi-uân-ko-sok-thih-lōo","name:ru":"Тайваньская высокоскоростная железная дорога","name:zh":"台灣高速鐵路","network":"台灣高鐵","network:en":"THSR","network:zh":"台灣高鐵","operator":"台灣高速鐵路股份有限公司","railway":"rail","ref":"台灣高鐵","start_date":"2007-01-05","usage":"main","voltage":"25000","wikidata":"Q706198","wikipedia":"zh:台灣高鐵"},"id":"way/864687157"},{"type":"Feature","geometry":{"type":"LineString","coordinates":[[121.31238,25.05439],[121.312816,25.054186]]},"properties":{"@id":"way/864687158","electrified":"contact_line","frequency":"60","gauge":"1435","highspeed":"yes","maxspeed":"300","name":"台灣高速鐵路","name:en":"Taiwan High Speed Rail","name:ja":"台湾高速鉄道","name:nan":"Tâi-oân-ko-sok-thih-lō͘","name:nan-Latn-pehoeji":"Tâi-oân-ko-sok-thih-lō͘","name:nan-Latn-tailo":"Tâi-uân-ko-sok-thih-lōo","name:ru":"Тайваньская высокоскоростная железная дорога","name:zh":"台灣高速鐵路","network":"台灣高鐵","network:en":"THSR","network:zh":"台灣高鐵","operator":"台灣高速鐵路股份有限公司","railway":"rail","ref":"台灣高鐵","start_date":"2007-01-05","usage":"main","voltage":"25000","wikidata":"Q706198","wikipedia":"zh:台灣高鐵"},"id":"way/864687158"},{"type":"Feature","geometry":{"type":"LineString","coordinates":[[121.313975,25.053642],[121.31434,25.05347]]},"properties":{"@id":"way/864687159","electrified":"contact_line","frequency":"60","gauge":"1435","highspeed":"yes","maxspeed":"300","name":"台灣高速鐵路","name:en":"Taiwan High Speed Rail","name:ja":"台湾高速鉄道","name:nan":"Tâi-oân-ko-sok-thih-lō͘","name:nan-Latn-pehoeji":"Tâi-oân-ko-sok-thih-lō͘","name:nan-Latn-tailo":"Tâi-uân-ko-sok-thih-lōo","name:ru":"Тайваньская высокоскоростная железная дорога","name:zh":"台灣高速鐵路","network":"台灣高鐵","network:en":"THSR","network:zh":"台灣高鐵","operator":"台灣高速鐵路股份有限公司","railway":"rail","ref":"台灣高鐵","start_date":"2007-01-05","usage":"main","voltage":"25000","wikidata":"Q706198","wikipedia":"zh:台灣高鐵"},"id":"way/864687159"},{"type":"Feature","geometry":{"type":"LineString","coordinates":[[121.314319,25.053413],[121.313945,25.05359]]},"properties":{"@id":"way/864687160","electrified":"contact_line","frequency":"60","gauge":"1435","highspeed":"yes","maxspeed":"300","name":"台灣高速鐵路","name:en":"Taiwan High Speed Rail","name:ja":"台湾高速鉄道","name:nan":"Tâi-oân-ko-sok-thih-lō͘","name:nan-Latn-pehoeji":"Tâi-oân-ko-sok-thih-lō͘","name:nan-Latn-tailo":"Tâi-uân-ko-sok-thih-lōo","name:ru":"Тайваньская высокоскоростная железная дорога","name:zh":"台灣高速鐵路","network":"台灣高鐵","network:en":"THSR","network:zh":"台灣高鐵","operator":"台灣高速鐵路股份有限公司","railway":"rail","ref":"台灣高鐵","start_date":"2007-01-05","usage":"main","voltage":"25000","wikidata":"Q706198","wikipedia":"zh:台灣高鐵"},"id":"way/864687160"},{"type":"Feature","geometry":{"type":"LineString","coordinates":[[121.320922,25.049898],[121.321107,25.049797]]},"properties":{"@id":"way/864687161","electrified":"contact_line","frequency":"60","gauge":"1435","highspeed":"yes","maxspeed":"300","name":"台灣高速鐵路","name:en":"Taiwan High Speed Rail","name:ja":"台湾高速鉄道","name:nan":"Tâi-oân-ko-sok-thih-lō͘","name:nan-Latn-pehoeji":"Tâi-oân-ko-sok-thih-lō͘","name:nan-Latn-tailo":"Tâi-uân-ko-sok-thih-lōo","name:ru":"Тайваньская высокоскоростная железная дорога","name:zh":"台灣高速鐵路","network":"台灣高鐵","network:en":"THSR","network:zh":"台灣高鐵","operator":"台灣高速鐵路股份有限公司","railway":"rail","ref":"台灣高鐵","start_date":"2007-01-05","usage":"main","voltage":"25000","wikidata":"Q706198","wikipedia":"zh:台灣高鐵"},"id":"way/864687161"},{"type":"Feature","geometry":{"type":"LineString","coordinates":[[121.321077,25.04976],[121.320897,25.049868]]},"properties":{"@id":"way/864687162","electrified":"contact_line","frequency":"60","gauge":"1435","highspeed":"yes","maxspeed":"300","name":"台灣高速鐵路","name:en":"Taiwan High Speed Rail","name:ja":"台湾高速鉄道","name:nan":"Tâi-oân-ko-sok-thih-lō͘","name:nan-Latn-pehoeji":"Tâi-oân-ko-sok-thih-lō͘","name:nan-Latn-tailo":"Tâi-uân-ko-sok-thih-lōo","name:ru":"Тайваньская высокоскоростная железная дорога","name:zh":"台灣高速鐵路","network":"台灣高鐵","network:en":"THSR","network:zh":"台灣高鐵","operator":"台灣高速鐵路股份有限公司","railway":"rail","ref":"台灣高鐵","start_date":"2007-01-05","usage":"main","voltage":"25000","wikidata":"Q706198","wikipedia":"zh:台灣高鐵"},"id":"way/864687162"},{"type":"Feature","geometry":{"type":"LineString","coordinates":[[121.324277,25.048016],[121.324834,25.047694]]},"properties":{"@id":"way/864687163","electrified":"contact_line","frequency":"60","gauge":"1435","highspeed":"yes","maxspeed":"300","name":"台灣高速鐵路","name:en":"Taiwan High Speed Rail","name:ja":"台湾高速鉄道","name:nan":"Tâi-oân-ko-sok-thih-lō͘","name:nan-Latn-pehoeji":"Tâi-oân-ko-sok-thih-lō͘","name:nan-Latn-tailo":"Tâi-uân-ko-sok-thih-lōo","name:ru":"Тайваньская высокоскоростная железная дорога","name:zh":"台灣高速鐵路","network":"台灣高鐵","network:en":"THSR","network:zh":"台灣高鐵","operator":"台灣高速鐵路股份有限公司","railway":"rail","ref":"台灣高鐵","start_date":"2007-01-05","usage":"main","voltage":"25000","wikidata":"Q706198","wikipedia":"zh:台灣高鐵"},"id":"way/864687163"},{"type":"Feature","geometry":{"type":"LineString","coordinates":[[121.324811,25.047649],[121.324248,25.047972]]},"properties":{"@id":"way/864687164","electrified":"contact_line","frequency":"60","gauge":"1435","highspeed":"yes","maxspeed":"300","name":"台灣高速鐵路","name:en":"Taiwan High Speed Rail","name:ja":"台湾高速鉄道","name:nan":"Tâi-oân-ko-sok-thih-lō͘","name:nan-Latn-pehoeji":"Tâi-oân-ko-sok-thih-lō͘","name:nan-Latn-tailo":"Tâi-uân-ko-sok-thih-lōo","name:ru":"Тайваньская высокоскоростная железная дорога","name:zh":"台灣高速鐵路","network":"台灣高鐵","network:en":"THSR","network:zh":"台灣高鐵","operator":"台灣高速鐵路股份有限公司","railway":"rail","ref":"台灣高鐵","start_date":"2007-01-05","usage":"main","voltage":"25000","wikidata":"Q706198","wikipedia":"zh:台灣高鐵"},"id":"way/864687164"},{"type":"Feature","geometry":{"type":"LineString","coordinates":[[120.889814,24.637616],[120.888424,24.636825]]},"properties":{"@id":"way/870498977","electrified":"contact_line","frequency":"60","gauge":"1435","highspeed":"yes","maxspeed":"300","name":"台灣高速鐵路","name:en":"Taiwan High Speed Rail","name:ja":"台湾高速鉄道","name:nan":"Tâi-oân-ko-sok-thih-lō͘","name:nan-Latn-pehoeji":"Tâi-oân-ko-sok-thih-lō͘","name:nan-Latn-tailo":"Tâi-uân-ko-sok-thih-lōo","name:ru":"Тайваньская высокоскоростная железная дорога","name:zh":"台灣高速鐵路","network":"台灣高鐵","network:en":"THSR","network:zh":"台灣高鐵","operator":"台灣高速鐵路股份有限公司","railway":"rail","ref":"台灣高鐵","start_date":"2007-01-05","usage":"main","voltage":"25000","wikidata":"Q706198","wikipedia":"zh:台灣高鐵"},"id":"way/870498977"},{"type":"Feature","geometry":{"type":"LineString","coordinates":[[120.889784,24.637654],[120.890578,24.638104]]},"properties":{"@id":"way/870498978","bridge":"yes","electrified":"contact_line","frequency":"60","gauge":"1435","highspeed":"yes","maxspeed":"300","name":"台灣高速鐵路","name:en":"Taiwan High Speed Rail","name:ja":"台湾高速鉄道","name:nan":"Tâi-oân-ko-sok-thih-lō͘","name:nan-Latn-pehoeji":"Tâi-oân-ko-sok-thih-lō͘","name:nan-Latn-tailo":"Tâi-uân-ko-sok-thih-lōo","name:ru":"Тайваньская высокоскоростная железная дорога","name:zh":"台灣高速鐵路","network":"台灣高鐵","network:en":"THSR","network:zh":"台灣高鐵","operator":"台灣高速鐵路股份有限公司","railway":"rail","ref":"台灣高鐵","start_date":"2007-01-05","usage":"main","voltage":"25000","wikidata":"Q706198","wikipedia":"zh:台灣高鐵"},"id":"way/870498978"},{"type":"Feature","geometry":{"type":"LineString","coordinates":[[120.888397,24.636868],[120.889784,24.637654]]},"properties":{"@id":"way/870498979","electrified":"contact_line","frequency":"60","gauge":"1435","highspeed":"yes","maxspeed":"300","name":"台灣高速鐵路","name:en":"Taiwan High Speed Rail","name:ja":"台湾高速鉄道","name:nan":"Tâi-oân-ko-sok-thih-lō͘","name:nan-Latn-pehoeji":"Tâi-oân-ko-sok-thih-lō͘","name:nan-Latn-tailo":"Tâi-uân-ko-sok-thih-lōo","name:ru":"Тайваньская высокоскоростная железная дорога","name:zh":"台灣高速鐵路","network":"台灣高鐵","network:en":"THSR","network:zh":"台灣高鐵","operator":"台灣高速鐵路股份有限公司","railway":"rail","ref":"台灣高鐵","start_date":"2007-01-05","usage":"main","voltage":"25000","wikidata":"Q706198","wikipedia":"zh:台灣高鐵"},"id":"way/870498979"},{"type":"Feature","geometry":{"type":"LineString","coordinates":[[120.890605,24.638066],[120.889814,24.637616]]},"properties":{"@id":"way/870498980","bridge":"yes","electrified":"contact_line","frequency":"60","gauge":"1435","highspeed":"yes","maxspeed":"300","name":"台灣高速鐵路","name:en":"Taiwan High Speed Rail","name:ja":"台湾高速鉄道","name:nan":"Tâi-oân-ko-sok-thih-lō͘","name:nan-Latn-pehoeji":"Tâi-oân-ko-sok-thih-lō͘","name:nan-Latn-tailo":"Tâi-uân-ko-sok-thih-lōo","name:ru":"Тайваньская высокоскоростная железная дорога","name:zh":"台灣高速鐵路","network":"台灣高鐵","network:en":"THSR","network:zh":"台灣高鐵","operator":"台灣高速鐵路股份有限公司","railway":"rail","ref":"台灣高鐵","start_date":"2007-01-05","usage":"main","voltage":"25000","wikidata":"Q706198","wikipedia":"zh:台灣高鐵"},"id":"way/870498980"},{"type":"Feature","geometry":{"type":"LineString","coordinates":[[120.737776,24.525496],[120.739047,24.527408]]},"properties":{"@id":"way/870498981","electrified":"contact_line","frequency":"60","gauge":"1435","highspeed":"yes","maxspeed":"300","name":"台灣高速鐵路","name:en":"Taiwan High Speed Rail","name:ja":"台湾高速鉄道","name:nan":"Tâi-oân-ko-sok-thih-lō͘","name:nan-Latn-pehoeji":"Tâi-oân-ko-sok-thih-lō͘","name:nan-Latn-tailo":"Tâi-uân-ko-sok-thih-lōo","name:ru":"Тайваньская высокоскоростная железная дорога","name:zh":"台灣高速鐵路","network":"台灣高鐵","network:en":"THSR","network:zh":"台灣高鐵","operator":"台灣高速鐵路股份有限公司","railway":"rail","ref":"台灣高鐵","start_date":"2007-01-05","usage":"main","voltage":"25000","wikidata":"Q706198","wikipedia":"zh:台灣高鐵"},"id":"way/870498981"},{"type":"Feature","geometry":{"type":"LineString","coordinates":[[120.737813,24.525483],[120.737039,24.524318]]},"properties":{"@id":"way/870498982","bridge":"yes","electrified":"contact_line","frequency":"60","gauge":"1435","highspeed":"yes","maxspeed":"300","name":"台灣高速鐵路","name:en":"Taiwan High Speed Rail","name:ja":"台湾高速鉄道","name:nan":"Tâi-oân-ko-sok-thih-lō͘","name:nan-Latn-pehoeji":"Tâi-oân-ko-sok-thih-lō͘","name:nan-Latn-tailo":"Tâi-uân-ko-sok-thih-lōo","name:ru":"Тайваньская высокоскоростная железная дорога","name:zh":"台灣高速鐵路","network":"台灣高鐵","network:en":"THSR","network:zh":"台灣高鐵","operator":"台灣高速鐵路股份有限公司","railway":"rail","ref":"台灣高鐵","start_date":"2007-01-05","usage":"main","voltage":"25000","wikidata":"Q706198","wikipedia":"zh:台灣高鐵"},"id":"way/870498982"},{"type":"Feature","geometry":{"type":"LineString","coordinates":[[120.737005,24.524336],[120.737776,24.525496]]},"properties":{"@id":"way/870498983","bridge":"yes","electrified":"contact_line","frequency":"60","gauge":"1435","highspeed":"yes","maxspeed":"300","name":"台灣高速鐵路","name:en":"Taiwan High Speed Rail","name:ja":"台湾高速鉄道","name:nan":"Tâi-oân-ko-sok-thih-lō͘","name:nan-Latn-pehoeji":"Tâi-oân-ko-sok-thih-lō͘","name:nan-Latn-tailo":"Tâi-uân-ko-sok-thih-lōo","name:ru":"Тайваньская высокоскоростная железная дорога","name:zh":"台灣高速鐵路","network":"台灣高鐵","network:en":"THSR","network:zh":"台灣高鐵","operator":"台灣高速鐵路股份有限公司","railway":"rail","ref":"台灣高鐵","start_date":"2007-01-05","usage":"main","voltage":"25000","wikidata":"Q706198","wikipedia":"zh:台灣高鐵"},"id":"way/870498983"},{"type":"Feature","geometry":{"type":"LineString","coordinates":[[120.737039,24.524318],[120.735814,24.522215]]},"properties":{"@id":"way/870498984","electrified":"contact_line","frequency":"60","gauge":"1435","highspeed":"yes","maxspeed":"300","name":"台灣高速鐵路","name:en":"Taiwan High Speed Rail","name:ja":"台湾高速鉄道","name:nan":"Tâi-oân-ko-sok-thih-lō͘","name:nan-Latn-pehoeji":"Tâi-oân-ko-sok-thih-lō͘","name:nan-Latn-tailo":"Tâi-uân-ko-sok-thih-lōo","name:ru":"Тайваньская высокоскоростная железная дорога","name:zh":"台灣高速鐵路","network":"台灣高鐵","network:en":"THSR","network:zh":"台灣高鐵","operator":"台灣高速鐵路股份有限公司","railway":"rail","ref":"台灣高鐵","start_date":"2007-01-05","usage":"main","voltage":"25000","wikidata":"Q706198","wikipedia":"zh:台灣高鐵"},"id":"way/870498984"},{"type":"Feature","geometry":{"type":"LineString","coordinates":[[120.728606,24.509541],[120.728999,24.510232]]},"properties":{"@id":"way/870498985","electrified":"contact_line","frequency":"60","gauge":"1435","highspeed":"yes","maxspeed":"300","name":"台灣高速鐵路","name:en":"Taiwan High Speed Rail","name:ja":"台湾高速鉄道","name:nan":"Tâi-oân-ko-sok-thih-lō͘","name:nan-Latn-pehoeji":"Tâi-oân-ko-sok-thih-lō͘","name:nan-Latn-tailo":"Tâi-uân-ko-sok-thih-lōo","name:ru":"Тайваньская высокоскоростная железная дорога","name:zh":"台灣高速鐵路","network":"台灣高鐵","network:en":"THSR","network:zh":"台灣高鐵","operator":"台灣高速鐵路股份有限公司","railway":"rail","ref":"台灣高鐵","start_date":"2007-01-05","usage":"main","voltage":"25000","wikidata":"Q706198","wikipedia":"zh:台灣高鐵"},"id":"way/870498985"},{"type":"Feature","geometry":{"type":"LineString","coordinates":[[120.729045,24.51021],[120.728645,24.509521]]},"properties":{"@id":"way/870498986","electrified":"contact_line","frequency":"60","gauge":"1435","highspeed":"yes","maxspeed":"300","name":"台灣高速鐵路","name:en":"Taiwan High Speed Rail","name:ja":"台湾高速鉄道","name:nan":"Tâi-oân-ko-sok-thih-lō͘","name:nan-Latn-pehoeji":"Tâi-oân-ko-sok-thih-lō͘","name:nan-Latn-tailo":"Tâi-uân-ko-sok-thih-lōo","name:ru":"Тайваньская высокоскоростная железная дорога","name:zh":"台灣高速鐵路","network":"台灣高鐵","network:en":"THSR","network:zh":"台灣高鐵","operator":"台灣高速鐵路股份有限公司","railway":"rail","ref":"台灣高鐵","start_date":"2007-01-05","usage":"main","voltage":"25000","wikidata":"Q706198","wikipedia":"zh:台灣高鐵"},"id":"way/870498986"},{"type":"Feature","geometry":{"type":"LineString","coordinates":[[120.730917,24.51362],[120.731328,24.514367]]},"properties":{"@id":"way/870498987","electrified":"contact_line","frequency":"60","gauge":"1435","highspeed":"yes","maxspeed":"300","name":"台灣高速鐵路","name:en":"Taiwan High Speed Rail","name:ja":"台湾高速鉄道","name:nan":"Tâi-oân-ko-sok-thih-lō͘","name:nan-Latn-pehoeji":"Tâi-oân-ko-sok-thih-lō͘","name:nan-Latn-tailo":"Tâi-uân-ko-sok-thih-lōo","name:ru":"Тайваньская высокоскоростная железная дорога","name:zh":"台灣高速鐵路","network":"台灣高鐵","network:en":"THSR","network:zh":"台灣高鐵","operator":"台灣高速鐵路股份有限公司","railway":"rail","ref":"台灣高鐵","start_date":"2007-01-05","usage":"main","voltage":"25000","wikidata":"Q706198","wikipedia":"zh:台灣高鐵"},"id":"way/870498987"},{"type":"Feature","geometry":{"type":"LineString","coordinates":[[120.731364,24.514343],[120.730961,24.5136]]},"properties":{"@id":"way/870498988","electrified":"contact_line","frequency":"60","gauge":"1435","highspeed":"yes","maxspeed":"300","name":"台灣高速鐵路","name:en":"Taiwan High Speed Rail","name:ja":"台湾高速鉄道","name:nan":"Tâi-oân-ko-sok-thih-lō͘","name:nan-Latn-pehoeji":"Tâi-oân-ko-sok-thih-lō͘","name:nan-Latn-tailo":"Tâi-uân-ko-sok-thih-lōo","name:ru":"Тайваньская высокоскоростная железная дорога","name:zh":"台灣高速鐵路","network":"台灣高鐵","network:en":"THSR","network:zh":"台灣高鐵","operator":"台灣高速鐵路股份有限公司","railway":"rail","ref":"台灣高鐵","start_date":"2007-01-05","usage":"main","voltage":"25000","wikidata":"Q706198","wikipedia":"zh:台灣高鐵"},"id":"way/870498988"},{"type":"Feature","geometry":{"type":"LineString","coordinates":[[120.731896,24.515355],[120.733259,24.517784]]},"properties":{"@id":"way/870498989","electrified":"contact_line","frequency":"60","gauge":"1435","highspeed":"yes","maxspeed":"300","name":"台灣高速鐵路","name:en":"Taiwan High Speed Rail","name:ja":"台湾高速鉄道","name:nan":"Tâi-oân-ko-sok-thih-lō͘","name:nan-Latn-pehoeji":"Tâi-oân-ko-sok-thih-lō͘","name:nan-Latn-tailo":"Tâi-uân-ko-sok-thih-lōo","name:ru":"Тайваньская высокоскоростная железная дорога","name:zh":"台灣高速鐵路","network":"台灣高鐵","network:en":"THSR","network:zh":"台灣高鐵","operator":"台灣高速鐵路股份有限公司","railway":"rail","ref":"台灣高鐵","start_date":"2007-01-05","usage":"main","voltage":"25000","wikidata":"Q706198","wikipedia":"zh:台灣高鐵"},"id":"way/870498989"},{"type":"Feature","geometry":{"type":"LineString","coordinates":[[120.731935,24.515339],[120.731364,24.514343]]},"properties":{"@id":"way/870498990","bridge":"yes","electrified":"contact_line","frequency":"60","gauge":"1435","highspeed":"yes","maxspeed":"300","name":"台灣高速鐵路","name:en":"Taiwan High Speed Rail","name:ja":"台湾高速鉄道","name:nan":"Tâi-oân-ko-sok-thih-lō͘","name:nan-Latn-pehoeji":"Tâi-oân-ko-sok-thih-lō͘","name:nan-Latn-tailo":"Tâi-uân-ko-sok-thih-lōo","name:ru":"Тайваньская высокоскоростная железная дорога","name:zh":"台灣高速鐵路","network":"台灣高鐵","network:en":"THSR","network:zh":"台灣高鐵","operator":"台灣高速鐵路股份有限公司","railway":"rail","ref":"台灣高鐵","start_date":"2007-01-05","usage":"main","voltage":"25000","wikidata":"Q706198","wikipedia":"zh:台灣高鐵"},"id":"way/870498990"},{"type":"Feature","geometry":{"type":"LineString","coordinates":[[120.733301,24.517779],[120.731935,24.515339]]},"properties":{"@id":"way/870498991","electrified":"contact_line","frequency":"60","gauge":"1435","highspeed":"yes","maxspeed":"300","name":"台灣高速鐵路","name:en":"Taiwan High Speed Rail","name:ja":"台湾高速鉄道","name:nan":"Tâi-oân-ko-sok-thih-lō͘","name:nan-Latn-pehoeji":"Tâi-oân-ko-sok-thih-lō͘","name:nan-Latn-tailo":"Tâi-uân-ko-sok-thih-lōo","name:ru":"Тайваньская высокоскоростная железная дорога","name:zh":"台灣高速鐵路","network":"台灣高鐵","network:en":"THSR","network:zh":"台灣高鐵","operator":"台灣高速鐵路股份有限公司","railway":"rail","ref":"台灣高鐵","start_date":"2007-01-05","usage":"main","voltage":"25000","wikidata":"Q706198","wikipedia":"zh:台灣高鐵"},"id":"way/870498991"},{"type":"Feature","geometry":{"type":"LineString","coordinates":[[120.731328,24.514367],[120.731896,24.515355]]},"properties":{"@id":"way/870498992","bridge":"yes","electrified":"contact_line","frequency":"60","gauge":"1435","highspeed":"yes","maxspeed":"300","name":"台灣高速鐵路","name:en":"Taiwan High Speed Rail","name:ja":"台湾高速鉄道","name:nan":"Tâi-oân-ko-sok-thih-lō͘","name:nan-Latn-pehoeji":"Tâi-oân-ko-sok-thih-lō͘","name:nan-Latn-tailo":"Tâi-uân-ko-sok-thih-lōo","name:ru":"Тайваньская высокоскоростная железная дорога","name:zh":"台灣高速鐵路","network":"台灣高鐵","network:en":"THSR","network:zh":"台灣高鐵","operator":"台灣高速鐵路股份有限公司","railway":"rail","ref":"台灣高鐵","start_date":"2007-01-05","usage":"main","voltage":"25000","wikidata":"Q706198","wikipedia":"zh:台灣高鐵"},"id":"way/870498992"},{"type":"Feature","geometry":{"type":"LineString","coordinates":[[120.725289,24.5034],[120.724681,24.502328]]},"properties":{"@id":"way/870498993","electrified":"contact_line","frequency":"60","gauge":"1435","highspeed":"yes","maxspeed":"300","name":"台灣高速鐵路","name:en":"Taiwan High Speed Rail","name:ja":"台湾高速鉄道","name:nan":"Tâi-oân-ko-sok-thih-lō͘","name:nan-Latn-pehoeji":"Tâi-oân-ko-sok-thih-lō͘","name:nan-Latn-tailo":"Tâi-uân-ko-sok-thih-lōo","name:ru":"Тайваньская высокоскоростная железная дорога","name:zh":"台灣高速鐵路","network":"台灣高鐵","network:en":"THSR","network:zh":"台灣高鐵","operator":"台灣高速鐵路股份有限公司","railway":"rail","ref":"台灣高鐵","start_date":"2007-01-05","tunnel":"yes","usage":"main","voltage":"25000","wikidata":"Q706198","wikipedia":"zh:台灣高鐵"},"id":"way/870498993"},{"type":"Feature","geometry":{"type":"LineString","coordinates":[[120.725255,24.503431],[120.72568,24.504358]]},"properties":{"@id":"way/870498994","electrified":"contact_line","frequency":"60","gauge":"1435","highspeed":"yes","maxspeed":"300","name":"台灣高速鐵路","name:en":"Taiwan High Speed Rail","name:ja":"台湾高速鉄道","name:nan":"Tâi-oân-ko-sok-thih-lō͘","name:nan-Latn-pehoeji":"Tâi-oân-ko-sok-thih-lō͘","name:nan-Latn-tailo":"Tâi-uân-ko-sok-thih-lōo","name:ru":"Тайваньская высокоскоростная железная дорога","name:zh":"台灣高速鐵路","network":"台灣高鐵","network:en":"THSR","network:zh":"台灣高鐵","operator":"台灣高速鐵路股份有限公司","railway":"rail","ref":"台灣高鐵","start_date":"2007-01-05","usage":"main","voltage":"25000","wikidata":"Q706198","wikipedia":"zh:台灣高鐵"},"id":"way/870498994"},{"type":"Feature","geometry":{"type":"LineString","coordinates":[[120.722811,24.499307],[120.724632,24.502333]]},"properties":{"@id":"way/870498995","electrified":"contact_line","frequency":"60","gauge":"1435","highspeed":"yes","maxspeed":"300","name":"台灣高速鐵路","name:en":"Taiwan High Speed Rail","name:ja":"台湾高速鉄道","name:nan":"Tâi-oân-ko-sok-thih-lō͘","name:nan-Latn-pehoeji":"Tâi-oân-ko-sok-thih-lō͘","name:nan-Latn-tailo":"Tâi-uân-ko-sok-thih-lōo","name:ru":"Тайваньская высокоскоростная железная дорога","name:zh":"台灣高速鐵路","network":"台灣高鐵","network:en":"THSR","network:zh":"台灣高鐵","operator":"台灣高速鐵路股份有限公司","railway":"rail","ref":"台灣高鐵","start_date":"2007-01-05","usage":"main","voltage":"25000","wikidata":"Q706198","wikipedia":"zh:台灣高鐵"},"id":"way/870498995"},{"type":"Feature","geometry":{"type":"LineString","coordinates":[[120.724681,24.502328],[120.722851,24.499285]]},"properties":{"@id":"way/870498996","electrified":"contact_line","frequency":"60","gauge":"1435","highspeed":"yes","maxspeed":"300","name":"台灣高速鐵路","name:en":"Taiwan High Speed Rail","name:ja":"台湾高速鉄道","name:nan":"Tâi-oân-ko-sok-thih-lō͘","name:nan-Latn-pehoeji":"Tâi-oân-ko-sok-thih-lō͘","name:nan-Latn-tailo":"Tâi-uân-ko-sok-thih-lōo","name:ru":"Тайваньская высокоскоростная железная дорога","name:zh":"台灣高速鐵路","network":"台灣高鐵","network:en":"THSR","network:zh":"台灣高鐵","operator":"台灣高速鐵路股份有限公司","railway":"rail","ref":"台灣高鐵","start_date":"2007-01-05","usage":"main","voltage":"25000","wikidata":"Q706198","wikipedia":"zh:台灣高鐵"},"id":"way/870498996"},{"type":"Feature","geometry":{"type":"LineString","coordinates":[[120.72572,24.504339],[120.725289,24.5034]]},"properties":{"@id":"way/870498997","electrified":"contact_line","frequency":"60","gauge":"1435","highspeed":"yes","maxspeed":"300","name":"台灣高速鐵路","name:en":"Taiwan High Speed Rail","name:ja":"台湾高速鉄道","name:nan":"Tâi-oân-ko-sok-thih-lō͘","name:nan-Latn-pehoeji":"Tâi-oân-ko-sok-thih-lō͘","name:nan-Latn-tailo":"Tâi-uân-ko-sok-thih-lōo","name:ru":"Тайваньская высокоскоростная железная дорога","name:zh":"台灣高速鐵路","network":"台灣高鐵","network:en":"THSR","network:zh":"台灣高鐵","operator":"台灣高速鐵路股份有限公司","railway":"rail","ref":"台灣高鐵","start_date":"2007-01-05","usage":"main","voltage":"25000","wikidata":"Q706198","wikipedia":"zh:台灣高鐵"},"id":"way/870498997"},{"type":"Feature","geometry":{"type":"LineString","coordinates":[[120.72568,24.504358],[120.726979,24.506736]]},"properties":{"@id":"way/870498998","bridge":"yes","electrified":"contact_line","frequency":"60","gauge":"1435","highspeed":"yes","maxspeed":"300","name":"台灣高速鐵路","name:en":"Taiwan High Speed Rail","name:ja":"台湾高速鉄道","name:nan":"Tâi-oân-ko-sok-thih-lō͘","name:nan-Latn-pehoeji":"Tâi-oân-ko-sok-thih-lō͘","name:nan-Latn-tailo":"Tâi-uân-ko-sok-thih-lōo","name:ru":"Тайваньская высокоскоростная железная дорога","name:zh":"台灣高速鐵路","network":"台灣高鐵","network:en":"THSR","network:zh":"台灣高鐵","operator":"台灣高速鐵路股份有限公司","railway":"rail","ref":"台灣高鐵","start_date":"2007-01-05","usage":"main","voltage":"25000","wikidata":"Q706198","wikipedia":"zh:台灣高鐵"},"id":"way/870498998"},{"type":"Feature","geometry":{"type":"LineString","coordinates":[[120.727765,24.508008],[120.727019,24.50672]]},"properties":{"@id":"way/870498999","electrified":"contact_line","frequency":"60","gauge":"1435","highspeed":"yes","maxspeed":"300","name":"台灣高速鐵路","name:en":"Taiwan High Speed Rail","name:ja":"台湾高速鉄道","name:nan":"Tâi-oân-ko-sok-thih-lō͘","name:nan-Latn-pehoeji":"Tâi-oân-ko-sok-thih-lō͘","name:nan-Latn-tailo":"Tâi-uân-ko-sok-thih-lōo","name:ru":"Тайваньская высокоскоростная железная дорога","name:zh":"台灣高速鐵路","network":"台灣高鐵","network:en":"THSR","network:zh":"台灣高鐵","operator":"台灣高速鐵路股份有限公司","railway":"rail","ref":"台灣高鐵","start_date":"2007-01-05","usage":"main","voltage":"25000","wikidata":"Q706198","wikipedia":"zh:台灣高鐵"},"id":"way/870498999"},{"type":"Feature","geometry":{"type":"LineString","coordinates":[[120.726979,24.506736],[120.727736,24.508016]]},"properties":{"@id":"way/870499000","electrified":"contact_line","frequency":"60","gauge":"1435","highspeed":"yes","maxspeed":"300","name":"台灣高速鐵路","name:en":"Taiwan High Speed Rail","name:ja":"台湾高速鉄道","name:nan":"Tâi-oân-ko-sok-thih-lō͘","name:nan-Latn-pehoeji":"Tâi-oân-ko-sok-thih-lō͘","name:nan-Latn-tailo":"Tâi-uân-ko-sok-thih-lōo","name:ru":"Тайваньская высокоскоростная железная дорога","name:zh":"台灣高速鐵路","network":"台灣高鐵","network:en":"THSR","network:zh":"台灣高鐵","operator":"台灣高速鐵路股份有限公司","railway":"rail","ref":"台灣高鐵","start_date":"2007-01-05","usage":"main","voltage":"25000","wikidata":"Q706198","wikipedia":"zh:台灣高鐵"},"id":"way/870499000"},{"type":"Feature","geometry":{"type":"LineString","coordinates":[[120.722518,24.498788],[120.722811,24.499307]]},"properties":{"@id":"way/870499001","bridge":"yes","electrified":"contact_line","frequency":"60","gauge":"1435","highspeed":"yes","maxspeed":"300","name":"台灣高速鐵路","name:en":"Taiwan High Speed Rail","name:ja":"台湾高速鉄道","name:nan":"Tâi-oân-ko-sok-thih-lō͘","name:nan-Latn-pehoeji":"Tâi-oân-ko-sok-thih-lō͘","name:nan-Latn-tailo":"Tâi-uân-ko-sok-thih-lōo","name:ru":"Тайваньская высокоскоростная железная дорога","name:zh":"台灣高速鐵路","network":"台灣高鐵","network:en":"THSR","network:zh":"台灣高鐵","operator":"台灣高速鐵路股份有限公司","railway":"rail","ref":"台灣高鐵","start_date":"2007-01-05","usage":"main","voltage":"25000","wikidata":"Q706198","wikipedia":"zh:台灣高鐵"},"id":"way/870499001"},{"type":"Feature","geometry":{"type":"LineString","coordinates":[[120.722559,24.498766],[120.721408,24.496722]]},"properties":{"@id":"way/870499002","electrified":"contact_line","frequency":"60","gauge":"1435","highspeed":"yes","maxspeed":"300","name":"台灣高速鐵路","name:en":"Taiwan High Speed Rail","name:ja":"台湾高速鉄道","name:nan":"Tâi-oân-ko-sok-thih-lō͘","name:nan-Latn-pehoeji":"Tâi-oân-ko-sok-thih-lō͘","name:nan-Latn-tailo":"Tâi-uân-ko-sok-thih-lōo","name:ru":"Тайваньская высокоскоростная железная дорога","name:zh":"台灣高速鐵路","network":"台灣高鐵","network:en":"THSR","network:zh":"台灣高鐵","operator":"台灣高速鐵路股份有限公司","railway":"rail","ref":"台灣高鐵","start_date":"2007-01-05","usage":"main","voltage":"25000","wikidata":"Q706198","wikipedia":"zh:台灣高鐵"},"id":"way/870499002"},{"type":"Feature","geometry":{"type":"LineString","coordinates":[[120.727019,24.50672],[120.72572,24.504339]]},"properties":{"@id":"way/870499003","bridge":"yes","electrified":"contact_line","frequency":"60","gauge":"1435","highspeed":"yes","maxspeed":"300","name":"台灣高速鐵路","name:en":"Taiwan High Speed Rail","name:ja":"台湾高速鉄道","name:nan":"Tâi-oân-ko-sok-thih-lō͘","name:nan-Latn-pehoeji":"Tâi-oân-ko-sok-thih-lō͘","name:nan-Latn-tailo":"Tâi-uân-ko-sok-thih-lōo","name:ru":"Тайваньская высокоскоростная железная дорога","name:zh":"台灣高速鐵路","network":"台灣高鐵","network:en":"THSR","network:zh":"台灣高鐵","operator":"台灣高速鐵路股份有限公司","railway":"rail","ref":"台灣高鐵","start_date":"2007-01-05","usage":"main","voltage":"25000","wikidata":"Q706198","wikipedia":"zh:台灣高鐵"},"id":"way/870499003"},{"type":"Feature","geometry":{"type":"LineString","coordinates":[[120.724632,24.502333],[120.725255,24.503431]]},"properties":{"@id":"way/870499004","electrified":"contact_line","frequency":"60","gauge":"1435","highspeed":"yes","maxspeed":"300","name":"台灣高速鐵路","name:en":"Taiwan High Speed Rail","name:ja":"台湾高速鉄道","name:nan":"Tâi-oân-ko-sok-thih-lō͘","name:nan-Latn-pehoeji":"Tâi-oân-ko-sok-thih-lō͘","name:nan-Latn-tailo":"Tâi-uân-ko-sok-thih-lōo","name:ru":"Тайваньская высокоскоростная железная дорога","name:zh":"台灣高速鐵路","network":"台灣高鐵","network:en":"THSR","network:zh":"台灣高鐵","operator":"台灣高速鐵路股份有限公司","railway":"rail","ref":"台灣高鐵","start_date":"2007-01-05","tunnel":"yes","usage":"main","voltage":"25000","wikidata":"Q706198","wikipedia":"zh:台灣高鐵"},"id":"way/870499004"},{"type":"Feature","geometry":{"type":"LineString","coordinates":[[120.721408,24.496722],[120.72086,24.49575]]},"properties":{"@id":"way/870499005","bridge":"yes","electrified":"contact_line","frequency":"60","gauge":"1435","highspeed":"yes","maxspeed":"300","name":"台灣高速鐵路","name:en":"Taiwan High Speed Rail","name:ja":"台湾高速鉄道","name:nan":"Tâi-oân-ko-sok-thih-lō͘","name:nan-Latn-pehoeji":"Tâi-oân-ko-sok-thih-lō͘","name:nan-Latn-tailo":"Tâi-uân-ko-sok-thih-lōo","name:ru":"Тайваньская высокоскоростная железная дорога","name:zh":"台灣高速鐵路","network":"台灣高鐵","network:en":"THSR","network:zh":"台灣高鐵","operator":"台灣高速鐵路股份有限公司","railway":"rail","ref":"台灣高鐵","start_date":"2007-01-05","usage":"main","voltage":"25000","wikidata":"Q706198","wikipedia":"zh:台灣高鐵"},"id":"way/870499005"},{"type":"Feature","geometry":{"type":"LineString","coordinates":[[120.720811,24.49577],[120.72136,24.496741]]},"properties":{"@id":"way/870499006","bridge":"yes","electrified":"contact_line","frequency":"60","gauge":"1435","highspeed":"yes","maxspeed":"300","name":"台灣高速鐵路","name:en":"Taiwan High Speed Rail","name:ja":"台湾高速鉄道","name:nan":"Tâi-oân-ko-sok-thih-lō͘","name:nan-Latn-pehoeji":"Tâi-oân-ko-sok-thih-lō͘","name:nan-Latn-tailo":"Tâi-uân-ko-sok-thih-lōo","name:ru":"Тайваньская высокоскоростная железная дорога","name:zh":"台灣高速鐵路","network":"台灣高鐵","network:en":"THSR","network:zh":"台灣高鐵","operator":"台灣高速鐵路股份有限公司","railway":"rail","ref":"台灣高鐵","start_date":"2007-01-05","usage":"main","voltage":"25000","wikidata":"Q706198","wikipedia":"zh:台灣高鐵"},"id":"way/870499006"},{"type":"Feature","geometry":{"type":"LineString","coordinates":[[120.72136,24.496741],[120.722518,24.498788]]},"properties":{"@id":"way/870499007","electrified":"contact_line","frequency":"60","gauge":"1435","highspeed":"yes","maxspeed":"300","name":"台灣高速鐵路","name:en":"Taiwan High Speed Rail","name:ja":"台湾高速鉄道","name:nan":"Tâi-oân-ko-sok-thih-lō͘","name:nan-Latn-pehoeji":"Tâi-oân-ko-sok-thih-lō͘","name:nan-Latn-tailo":"Tâi-uân-ko-sok-thih-lōo","name:ru":"Тайваньская высокоскоростная железная дорога","name:zh":"台灣高速鐵路","network":"台灣高鐵","network:en":"THSR","network:zh":"台灣高鐵","operator":"台灣高速鐵路股份有限公司","railway":"rail","ref":"台灣高鐵","start_date":"2007-01-05","usage":"main","voltage":"25000","wikidata":"Q706198","wikipedia":"zh:台灣高鐵"},"id":"way/870499007"},{"type":"Feature","geometry":{"type":"LineString","coordinates":[[120.722851,24.499285],[120.722559,24.498766]]},"properties":{"@id":"way/870499008","bridge":"yes","electrified":"contact_line","frequency":"60","gauge":"1435","highspeed":"yes","maxspeed":"300","name":"台灣高速鐵路","name:en":"Taiwan High Speed Rail","name:ja":"台湾高速鉄道","name:nan":"Tâi-oân-ko-sok-thih-lō͘","name:nan-Latn-pehoeji":"Tâi-oân-ko-sok-thih-lō͘","name:nan-Latn-tailo":"Tâi-uân-ko-sok-thih-lōo","name:ru":"Тайваньская высокоскоростная железная дорога","name:zh":"台灣高速鐵路","network":"台灣高鐵","network:en":"THSR","network:zh":"台灣高鐵","operator":"台灣高速鐵路股份有限公司","railway":"rail","ref":"台灣高鐵","start_date":"2007-01-05","usage":"main","voltage":"25000","wikidata":"Q706198","wikipedia":"zh:台灣高鐵"},"id":"way/870499008"},{"type":"Feature","geometry":{"type":"LineString","coordinates":[[121.521171,25.046939],[121.521697,25.046799]]},"properties":{"@id":"way/871108522","layer":"-1","name":"台灣高速鐵路","name:en":"Taiwan High Speed Rail","name:ja":"台湾高速鉄道","name:nan":"Tâi-oân-ko-sok-thih-lō͘","name:nan-Latn-pehoeji":"Tâi-oân-ko-sok-thih-lō͘","name:nan-Latn-tailo":"Tâi-uân-ko-sok-thih-lōo","name:ru":"Тайваньская высокоскоростная железная дорога","name:zh":"台灣高速鐵路","network":"台灣高鐵","network:en":"THSR","network:zh":"台灣高鐵","operator":"台灣高速鐵路股份有限公司","railway":"rail","tunnel":"yes","wikidata":"Q706198","wikipedia":"zh:台灣高鐵"},"id":"way/871108522"},{"type":"Feature","geometry":{"type":"LineString","coordinates":[[121.601884,25.052271],[121.599426,25.052001],[121.597645,25.051729],[121.59016,25.050583],[121.585724,25.049856],[121.584536,25.049676],[121.58369,25.049528],[121.582682,25.049318],[121.582125,25.049216],[121.581685,25.049159],[121.581131,25.049112],[121.580681,25.049096],[121.579881,25.049096],[121.577658,25.049125],[121.577555,25.049129]]},"properties":{"@id":"way/877532242","electrified":"contact_line","frequency":"60","gauge":"1435","highspeed":"yes","layer":"-1","level":"-2","maxspeed":"130","name":"台灣高速鐵路","name:en":"Taiwan High Speed Rail","name:ja":"台湾高速鉄道","name:nan":"Tâi-oân-ko-sok-thih-lō͘","name:nan-Latn-pehoeji":"Tâi-oân-ko-sok-thih-lō͘","name:nan-Latn-tailo":"Tâi-uân-ko-sok-thih-lōo","name:ru":"Тайваньская высокоскоростная железная дорога","name:zh":"台灣高速鐵路","network":"台灣高鐵","network:en":"THSR","network:zh":"台灣高鐵","operator":"台灣高速鐵路股份有限公司","railway":"rail","ref":"台灣高鐵","start_date":"2016-07-01","tunnel":"yes","usage":"main","voltage":"25000","wikidata":"Q706198","wikipedia":"zh:台灣高鐵"},"id":"way/877532242"},{"type":"Feature","geometry":{"type":"LineString","coordinates":[[121.390806,25.010876],[121.392366,25.010207]]},"properties":{"@id":"way/922554266","covered":"yes","electrified":"contact_line","frequency":"60","gauge":"1435","highspeed":"yes","maxspeed":"300","name":"台灣高速鐵路","name:en":"Taiwan High Speed Rail","name:ja":"台湾高速鉄道","name:nan":"Tâi-oân-ko-sok-thih-lō͘","name:nan-Latn-pehoeji":"Tâi-oân-ko-sok-thih-lō͘","name:nan-Latn-tailo":"Tâi-uân-ko-sok-thih-lōo","name:ru":"Тайваньская высокоскоростная железная дорога","name:zh":"台灣高速鐵路","network":"台灣高鐵","network:en":"THSR","network:zh":"台灣高鐵","operator":"台灣高速鐵路股份有限公司","railway":"rail","ref":"台灣高鐵","start_date":"2007-01-05","tunnel":"yes","usage":"main","voltage":"25000","wikidata":"Q706198","wikipedia":"zh:台灣高鐵"},"id":"way/922554266"},{"type":"Feature","geometry":{"type":"LineString","coordinates":[[121.39235,25.010169],[121.390778,25.010836]]},"properties":{"@id":"way/922554267","covered":"yes","electrified":"contact_line","frequency":"60","gauge":"1435","highspeed":"yes","maxspeed":"300","name":"台灣高速鐵路","name:en":"Taiwan High Speed Rail","name:ja":"台湾高速鉄道","name:nan":"Tâi-oân-ko-sok-thih-lō͘","name:nan-Latn-pehoeji":"Tâi-oân-ko-sok-thih-lō͘","name:nan-Latn-tailo":"Tâi-uân-ko-sok-thih-lōo","name:ru":"Тайваньская высокоскоростная железная дорога","name:zh":"台灣高速鐵路","network":"台灣高鐵","network:en":"THSR","network:zh":"台灣高鐵","operator":"台灣高速鐵路股份有限公司","railway":"rail","ref":"台灣高鐵","start_date":"2007-01-05","tunnel":"yes","usage":"main","voltage":"25000","wikidata":"Q706198","wikipedia":"zh:台灣高鐵"},"id":"way/922554267"},{"type":"Feature","geometry":{"type":"LineString","coordinates":[[121.390566,25.010984],[121.390806,25.010876]]},"properties":{"@id":"way/922554268","electrified":"contact_line","frequency":"60","gauge":"1435","highspeed":"yes","maxspeed":"300","name":"台灣高速鐵路","name:en":"Taiwan High Speed Rail","name:ja":"台湾高速鉄道","name:nan":"Tâi-oân-ko-sok-thih-lō͘","name:nan-Latn-pehoeji":"Tâi-oân-ko-sok-thih-lō͘","name:nan-Latn-tailo":"Tâi-uân-ko-sok-thih-lōo","name:ru":"Тайваньская высокоскоростная железная дорога","name:zh":"台灣高速鐵路","network":"台灣高鐵","network:en":"THSR","network:zh":"台灣高鐵","operator":"台灣高速鐵路股份有限公司","railway":"rail","ref":"台灣高鐵","start_date":"2007-01-05","usage":"main","voltage":"25000","wikidata":"Q706198","wikipedia":"zh:台灣高鐵"},"id":"way/922554268"},{"type":"Feature","geometry":{"type":"LineString","coordinates":[[121.390778,25.010836],[121.390548,25.010944]]},"properties":{"@id":"way/922554269","electrified":"contact_line","frequency":"60","gauge":"1435","highspeed":"yes","maxspeed":"300","name":"台灣高速鐵路","name:en":"Taiwan High Speed Rail","name:ja":"台湾高速鉄道","name:nan":"Tâi-oân-ko-sok-thih-lō͘","name:nan-Latn-pehoeji":"Tâi-oân-ko-sok-thih-lō͘","name:nan-Latn-tailo":"Tâi-uân-ko-sok-thih-lōo","name:ru":"Тайваньская высокоскоростная железная дорога","name:zh":"台灣高速鐵路","network":"台灣高鐵","network:en":"THSR","network:zh":"台灣高鐵","operator":"台灣高速鐵路股份有限公司","railway":"rail","ref":"台灣高鐵","start_date":"2007-01-05","usage":"main","voltage":"25000","wikidata":"Q706198","wikipedia":"zh:台灣高鐵"},"id":"way/922554269"},{"type":"Feature","geometry":{"type":"LineString","coordinates":[[121.332501,25.043313],[121.332259,25.043453]]},"properties":{"@id":"way/922555269","electrified":"contact_line","frequency":"60","gauge":"1435","highspeed":"yes","maxspeed":"300","name":"台灣高速鐵路","name:en":"Taiwan High Speed Rail","name:ja":"台湾高速鉄道","name:nan":"Tâi-oân-ko-sok-thih-lō͘","name:nan-Latn-pehoeji":"Tâi-oân-ko-sok-thih-lō͘","name:nan-Latn-tailo":"Tâi-uân-ko-sok-thih-lōo","name:ru":"Тайваньская высокоскоростная железная дорога","name:zh":"台灣高速鐵路","network":"台灣高鐵","network:en":"THSR","network:zh":"台灣高鐵","operator":"台灣高速鐵路股份有限公司","railway":"rail","ref":"台灣高鐵","start_date":"2007-01-05","usage":"main","voltage":"25000","wikidata":"Q706198","wikipedia":"zh:台灣高鐵"},"id":"way/922555269"},{"type":"Feature","geometry":{"type":"LineString","coordinates":[[121.332281,25.043508],[121.332531,25.04337]]},"properties":{"@id":"way/922555270","electrified":"contact_line","frequency":"60","gauge":"1435","highspeed":"yes","maxspeed":"300","name":"台灣高速鐵路","name:en":"Taiwan High Speed Rail","name:ja":"台湾高速鉄道","name:nan":"Tâi-oân-ko-sok-thih-lō͘","name:nan-Latn-pehoeji":"Tâi-oân-ko-sok-thih-lō͘","name:nan-Latn-tailo":"Tâi-uân-ko-sok-thih-lōo","name:ru":"Тайваньская высокоскоростная железная дорога","name:zh":"台灣高速鐵路","network":"台灣高鐵","network:en":"THSR","network:zh":"台灣高鐵","operator":"台灣高速鐵路股份有限公司","railway":"rail","ref":"台灣高鐵","start_date":"2007-01-05","usage":"main","voltage":"25000","wikidata":"Q706198","wikipedia":"zh:台灣高鐵"},"id":"way/922555270"},{"type":"Feature","geometry":{"type":"LineString","coordinates":[[121.328845,25.045435],[121.329279,25.045193]]},"properties":{"@id":"way/922555271","electrified":"contact_line","frequency":"60","gauge":"1435","highspeed":"yes","maxspeed":"300","name":"台灣高速鐵路","name:en":"Taiwan High Speed Rail","name:ja":"台湾高速鉄道","name:nan":"Tâi-oân-ko-sok-thih-lō͘","name:nan-Latn-pehoeji":"Tâi-oân-ko-sok-thih-lō͘","name:nan-Latn-tailo":"Tâi-uân-ko-sok-thih-lōo","name:ru":"Тайваньская высокоскоростная железная дорога","name:zh":"台灣高速鐵路","network":"台灣高鐵","network:en":"THSR","network:zh":"台灣高鐵","operator":"台灣高速鐵路股份有限公司","railway":"rail","ref":"台灣高鐵","start_date":"2007-01-05","usage":"main","voltage":"25000","wikidata":"Q706198","wikipedia":"zh:台灣高鐵"},"id":"way/922555271"},{"type":"Feature","geometry":{"type":"LineString","coordinates":[[121.329148,25.045191],[121.328808,25.045381]]},"properties":{"@id":"way/922555272","electrified":"contact_line","frequency":"60","gauge":"1435","highspeed":"yes","maxspeed":"300","name":"台灣高速鐵路","name:en":"Taiwan High Speed Rail","name:ja":"台湾高速鉄道","name:nan":"Tâi-oân-ko-sok-thih-lō͘","name:nan-Latn-pehoeji":"Tâi-oân-ko-sok-thih-lō͘","name:nan-Latn-tailo":"Tâi-uân-ko-sok-thih-lōo","name:ru":"Тайваньская высокоскоростная железная дорога","name:zh":"台灣高速鐵路","network":"台灣高鐵","network:en":"THSR","network:zh":"台灣高鐵","operator":"台灣高速鐵路股份有限公司","railway":"rail","ref":"台灣高鐵","start_date":"2007-01-05","usage":"main","voltage":"25000","wikidata":"Q706198","wikipedia":"zh:台灣高鐵"},"id":"way/922555272"},{"type":"Feature","geometry":{"type":"LineString","coordinates":[[121.298177,25.058605],[121.298348,25.058575],[121.299089,25.058438],[121.299826,25.058286]]},"properties":{"@id":"way/922564437","electrified":"contact_line","frequency":"60","gauge":"1435","highspeed":"yes","maxspeed":"300","name":"台灣高速鐵路","name:en":"Taiwan High Speed Rail","name:ja":"台湾高速鉄道","name:nan":"Tâi-oân-ko-sok-thih-lō͘","name:nan-Latn-pehoeji":"Tâi-oân-ko-sok-thih-lō͘","name:nan-Latn-tailo":"Tâi-uân-ko-sok-thih-lōo","name:ru":"Тайваньская высокоскоростная железная дорога","name:zh":"台灣高速鐵路","network":"台灣高鐵","network:en":"THSR","network:zh":"台灣高鐵","operator":"台灣高速鐵路股份有限公司","railway":"rail","ref":"台灣高鐵","start_date":"2007-01-05","usage":"main","voltage":"25000","wikidata":"Q706198","wikipedia":"zh:台灣高鐵"},"id":"way/922564437"},{"type":"Feature","geometry":{"type":"LineString","coordinates":[[121.299815,25.058241],[121.299067,25.058394],[121.298171,25.058567]]},"properties":{"@id":"way/922564438","electrified":"contact_line","frequency":"60","gauge":"1435","highspeed":"yes","maxspeed":"300","name":"台灣高速鐵路","name:en":"Taiwan High Speed Rail","name:ja":"台湾高速鉄道","name:nan":"Tâi-oân-ko-sok-thih-lō͘","name:nan-Latn-pehoeji":"Tâi-oân-ko-sok-thih-lō͘","name:nan-Latn-tailo":"Tâi-uân-ko-sok-thih-lōo","name:ru":"Тайваньская высокоскоростная железная дорога","name:zh":"台灣高速鐵路","network":"台灣高鐵","network:en":"THSR","network:zh":"台灣高鐵","operator":"台灣高速鐵路股份有限公司","railway":"rail","ref":"台灣高鐵","start_date":"2007-01-05","usage":"main","voltage":"25000","wikidata":"Q706198","wikipedia":"zh:台灣高鐵"},"id":"way/922564438"},{"type":"Feature","geometry":{"type":"LineString","coordinates":[[121.065773,24.87619],[121.065634,24.875978]]},"properties":{"@id":"way/922572626","electrified":"contact_line","frequency":"60","gauge":"1435","highspeed":"yes","maxspeed":"300","name":"台灣高速鐵路","name:en":"Taiwan High Speed Rail","name:ja":"台湾高速鉄道","name:nan":"Tâi-oân-ko-sok-thih-lō͘","name:nan-Latn-pehoeji":"Tâi-oân-ko-sok-thih-lō͘","name:nan-Latn-tailo":"Tâi-uân-ko-sok-thih-lōo","name:ru":"Тайваньская высокоскоростная железная дорога","name:zh":"台灣高速鐵路","network":"台灣高鐵","network:en":"THSR","network:zh":"台灣高鐵","operator":"台灣高速鐵路股份有限公司","railway":"rail","ref":"台灣高鐵","start_date":"2007-01-05","usage":"main","voltage":"25000","wikidata":"Q706198","wikipedia":"zh:台灣高鐵"},"id":"way/922572626"},{"type":"Feature","geometry":{"type":"LineString","coordinates":[[121.065579,24.876017],[121.065716,24.876221]]},"properties":{"@id":"way/922572627","electrified":"contact_line","frequency":"60","gauge":"1435","highspeed":"yes","maxspeed":"300","name":"台灣高速鐵路","name:en":"Taiwan High Speed Rail","name:ja":"台湾高速鉄道","name:nan":"Tâi-oân-ko-sok-thih-lō͘","name:nan-Latn-pehoeji":"Tâi-oân-ko-sok-thih-lō͘","name:nan-Latn-tailo":"Tâi-uân-ko-sok-thih-lōo","name:ru":"Тайваньская высокоскоростная железная дорога","name:zh":"台灣高速鐵路","network":"台灣高鐵","network:en":"THSR","network:zh":"台灣高鐵","operator":"台灣高速鐵路股份有限公司","railway":"rail","ref":"台灣高鐵","start_date":"2007-01-05","usage":"main","voltage":"25000","wikidata":"Q706198","wikipedia":"zh:台灣高鐵"},"id":"way/922572627"},{"type":"Feature","geometry":{"type":"LineString","coordinates":[[120.85653,24.61911],[120.855403,24.618538]]},"properties":{"@id":"way/966440113","electrified":"contact_line","frequency":"60","gauge":"1435","highspeed":"yes","maxspeed":"300","name":"台灣高速鐵路","name:en":"Taiwan High Speed Rail","name:ja":"台湾高速鉄道","name:nan":"Tâi-oân-ko-sok-thih-lō͘","name:nan-Latn-pehoeji":"Tâi-oân-ko-sok-thih-lō͘","name:nan-Latn-tailo":"Tâi-uân-ko-sok-thih-lōo","name:ru":"Тайваньская высокоскоростная железная дорога","name:zh":"台灣高速鐵路","network":"台灣高鐵","network:en":"THSR","network:zh":"台灣高鐵","operator":"台灣高速鐵路股份有限公司","railway":"rail","ref":"台灣高鐵","start_date":"2007-01-05","usage":"main","voltage":"25000","wikidata":"Q706198","wikipedia":"zh:台灣高鐵"},"id":"way/966440113"},{"type":"Feature","geometry":{"type":"LineString","coordinates":[[120.8565,24.61916],[120.858887,24.620358]]},"properties":{"@id":"way/966440114","bridge":"yes","electrified":"contact_line","frequency":"60","gauge":"1435","highspeed":"yes","maxspeed":"300","name":"台灣高速鐵路","name:en":"Taiwan High Speed Rail","name:ja":"台湾高速鉄道","name:nan":"Tâi-oân-ko-sok-thih-lō͘","name:nan-Latn-pehoeji":"Tâi-oân-ko-sok-thih-lō͘","name:nan-Latn-tailo":"Tâi-uân-ko-sok-thih-lōo","name:ru":"Тайваньская высокоскоростная железная дорога","name:zh":"台灣高速鐵路","network":"台灣高鐵","network:en":"THSR","network:zh":"台灣高鐵","operator":"台灣高速鐵路股份有限公司","railway":"rail","ref":"台灣高鐵","start_date":"2007-01-05","usage":"main","voltage":"25000","wikidata":"Q706198","wikipedia":"zh:台灣高鐵"},"id":"way/966440114"},{"type":"Feature","geometry":{"type":"LineString","coordinates":[[120.855378,24.618598],[120.8565,24.61916]]},"properties":{"@id":"way/966440115","electrified":"contact_line","frequency":"60","gauge":"1435","highspeed":"yes","maxspeed":"300","name":"台灣高速鐵路","name:en":"Taiwan High Speed Rail","name:ja":"台湾高速鉄道","name:nan":"Tâi-oân-ko-sok-thih-lō͘","name:nan-Latn-pehoeji":"Tâi-oân-ko-sok-thih-lō͘","name:nan-Latn-tailo":"Tâi-uân-ko-sok-thih-lōo","name:ru":"Тайваньская высокоскоростная железная дорога","name:zh":"台灣高速鐵路","network":"台灣高鐵","network:en":"THSR","network:zh":"台灣高鐵","operator":"台灣高速鐵路股份有限公司","railway":"rail","ref":"台灣高鐵","start_date":"2007-01-05","usage":"main","voltage":"25000","wikidata":"Q706198","wikipedia":"zh:台灣高鐵"},"id":"way/966440115"},{"type":"Feature","geometry":{"type":"LineString","coordinates":[[120.858915,24.62032],[120.85653,24.61911]]},"properties":{"@id":"way/966440116","bridge":"yes","electrified":"contact_line","frequency":"60","gauge":"1435","highspeed":"yes","maxspeed":"300","name":"台灣高速鐵路","name:en":"Taiwan High Speed Rail","name:ja":"台湾高速鉄道","name:nan":"Tâi-oân-ko-sok-thih-lō͘","name:nan-Latn-pehoeji":"Tâi-oân-ko-sok-thih-lō͘","name:nan-Latn-tailo":"Tâi-uân-ko-sok-thih-lōo","name:ru":"Тайваньская высокоскоростная железная дорога","name:zh":"台灣高速鐵路","network":"台灣高鐵","network:en":"THSR","network:zh":"台灣高鐵","operator":"台灣高速鐵路股份有限公司","railway":"rail","ref":"台灣高鐵","start_date":"2007-01-05","usage":"main","voltage":"25000","wikidata":"Q706198","wikipedia":"zh:台灣高鐵"},"id":"way/966440116"},{"type":"Feature","geometry":{"type":"LineString","coordinates":[[121.451771,25.003705],[121.449059,25.003853],[121.447006,25.003965]]},"properties":{"@id":"way/966445954","cutting":"yes","electrified":"contact_line","frequency":"60","gauge":"1435","highspeed":"yes","layer":"2","maxspeed":"130","name":"台灣高速鐵路","name:en":"Taiwan High Speed Rail","name:ja":"台湾高速鉄道","name:nan":"Tâi-oân-ko-sok-thih-lō͘","name:nan-Latn-pehoeji":"Tâi-oân-ko-sok-thih-lō͘","name:nan-Latn-tailo":"Tâi-uân-ko-sok-thih-lōo","name:ru":"Тайваньская высокоскоростная железная дорога","name:zh":"台灣高速鐵路","network":"台灣高鐵","network:en":"THSR","network:zh":"台灣高鐵","operator":"台灣高速鐵路股份有限公司","railway":"rail","ref":"台灣高鐵","start_date":"2007-01-05","usage":"main","voltage":"25000","wikidata":"Q706198","wikipedia":"zh:台灣高鐵"},"id":"way/966445954"},{"type":"Feature","geometry":{"type":"LineString","coordinates":[[121.451776,25.003748],[121.452321,25.003713]]},"properties":{"@id":"way/966445955","electrified":"contact_line","frequency":"60","gauge":"1435","highspeed":"yes","layer":"2","maxspeed":"130","name":"台灣高速鐵路","name:en":"Taiwan High Speed Rail","name:ja":"台湾高速鉄道","name:nan":"Tâi-oân-ko-sok-thih-lō͘","name:nan-Latn-pehoeji":"Tâi-oân-ko-sok-thih-lō͘","name:nan-Latn-tailo":"Tâi-uân-ko-sok-thih-lōo","name:ru":"Тайваньская высокоскоростная железная дорога","name:zh":"台灣高速鐵路","network":"台灣高鐵","network:en":"THSR","network:zh":"台灣高鐵","operator":"台灣高速鐵路股份有限公司","railway":"rail","ref":"台灣高鐵","start_date":"2007-01-05","usage":"main","voltage":"25000","wikidata":"Q706198","wikipedia":"zh:台灣高鐵"},"id":"way/966445955"},{"type":"Feature","geometry":{"type":"LineString","coordinates":[[120.695845,24.428682],[120.695465,24.427084]]},"properties":{"@id":"way/966445970","bridge":"yes","electrified":"contact_line","frequency":"60","gauge":"1435","highspeed":"yes","maxspeed":"300","name":"台灣高速鐵路","name:en":"Taiwan High Speed Rail","name:ja":"台湾高速鉄道","name:nan":"Tâi-oân-ko-sok-thih-lō͘","name:nan-Latn-pehoeji":"Tâi-oân-ko-sok-thih-lō͘","name:nan-Latn-tailo":"Tâi-uân-ko-sok-thih-lōo","name:ru":"Тайваньская высокоскоростная железная дорога","name:zh":"台灣高速鐵路","network":"台灣高鐵","network:en":"THSR","network:zh":"台灣高鐵","operator":"台灣高速鐵路股份有限公司","railway":"rail","ref":"台灣高鐵","start_date":"2007-01-05","usage":"main","voltage":"25000","wikidata":"Q706198","wikipedia":"zh:台灣高鐵"},"id":"way/966445970"},{"type":"Feature","geometry":{"type":"LineString","coordinates":[[120.695799,24.4287],[120.6961,24.429903]]},"properties":{"@id":"way/966445971","electrified":"contact_line","frequency":"60","gauge":"1435","highspeed":"yes","layer":"1","maxspeed":"300","name":"台灣高速鐵路","name:en":"Taiwan High Speed Rail","name:ja":"台湾高速鉄道","name:nan":"Tâi-oân-ko-sok-thih-lō͘","name:nan-Latn-pehoeji":"Tâi-oân-ko-sok-thih-lō͘","name:nan-Latn-tailo":"Tâi-uân-ko-sok-thih-lōo","name:ru":"Тайваньская высокоскоростная железная дорога","name:zh":"台灣高速鐵路","network":"台灣高鐵","network:en":"THSR","network:zh":"台灣高鐵","operator":"台灣高速鐵路股份有限公司","railway":"rail","ref":"台灣高鐵","start_date":"2007-01-05","usage":"main","voltage":"25000","wikidata":"Q706198","wikipedia":"zh:台灣高鐵"},"id":"way/966445971"},{"type":"Feature","geometry":{"type":"LineString","coordinates":[[120.69475,24.424265],[120.695408,24.427082]]},"properties":{"@id":"way/966445972","electrified":"contact_line","frequency":"60","gauge":"1435","highspeed":"yes","layer":"1","maxspeed":"300","name":"台灣高速鐵路","name:en":"Taiwan High Speed Rail","name:ja":"台湾高速鉄道","name:nan":"Tâi-oân-ko-sok-thih-lō͘","name:nan-Latn-pehoeji":"Tâi-oân-ko-sok-thih-lō͘","name:nan-Latn-tailo":"Tâi-uân-ko-sok-thih-lōo","name:ru":"Тайваньская высокоскоростная железная дорога","name:zh":"台灣高速鐵路","network":"台灣高鐵","network:en":"THSR","network:zh":"台灣高鐵","operator":"台灣高速鐵路股份有限公司","railway":"rail","ref":"台灣高鐵","start_date":"2007-01-05","usage":"main","voltage":"25000","wikidata":"Q706198","wikipedia":"zh:台灣高鐵"},"id":"way/966445972"},{"type":"Feature","geometry":{"type":"LineString","coordinates":[[120.695465,24.427084],[120.694791,24.424261]]},"properties":{"@id":"way/966445973","electrified":"contact_line","frequency":"60","gauge":"1435","highspeed":"yes","maxspeed":"300","name":"台灣高速鐵路","name:en":"Taiwan High Speed Rail","name:ja":"台湾高速鉄道","name:nan":"Tâi-oân-ko-sok-thih-lō͘","name:nan-Latn-pehoeji":"Tâi-oân-ko-sok-thih-lō͘","name:nan-Latn-tailo":"Tâi-uân-ko-sok-thih-lōo","name:ru":"Тайваньская высокоскоростная железная дорога","name:zh":"台灣高速鐵路","network":"台灣高鐵","network:en":"THSR","network:zh":"台灣高鐵","operator":"台灣高速鐵路股份有限公司","railway":"rail","ref":"台灣高鐵","start_date":"2007-01-05","usage":"main","voltage":"25000","wikidata":"Q706198","wikipedia":"zh:台灣高鐵"},"id":"way/966445973"},{"type":"Feature","geometry":{"type":"LineString","coordinates":[[120.699717,24.444823],[120.699929,24.445786]]},"properties":{"@id":"way/966445974","bridge":"yes","electrified":"contact_line","frequency":"60","gauge":"1435","highspeed":"yes","maxspeed":"300","name":"台灣高速鐵路","name:en":"Taiwan High Speed Rail","name:ja":"台湾高速鉄道","name:nan":"Tâi-oân-ko-sok-thih-lō͘","name:nan-Latn-pehoeji":"Tâi-oân-ko-sok-thih-lō͘","name:nan-Latn-tailo":"Tâi-uân-ko-sok-thih-lōo","name:ru":"Тайваньская высокоскоростная железная дорога","name:zh":"台灣高速鐵路","network":"台灣高鐵","network:en":"THSR","network:zh":"台灣高鐵","operator":"台灣高速鐵路股份有限公司","railway":"rail","ref":"台灣高鐵","start_date":"2007-01-05","usage":"main","voltage":"25000","wikidata":"Q706198","wikipedia":"zh:台灣高鐵"},"id":"way/966445974"},{"type":"Feature","geometry":{"type":"LineString","coordinates":[[120.699978,24.445772],[120.699766,24.444809]]},"properties":{"@id":"way/966445975","bridge":"yes","electrified":"contact_line","frequency":"60","gauge":"1435","highspeed":"yes","maxspeed":"300","name":"台灣高速鐵路","name:en":"Taiwan High Speed Rail","name:ja":"台湾高速鉄道","name:nan":"Tâi-oân-ko-sok-thih-lō͘","name:nan-Latn-pehoeji":"Tâi-oân-ko-sok-thih-lō͘","name:nan-Latn-tailo":"Tâi-uân-ko-sok-thih-lōo","name:ru":"Тайваньская высокоскоростная железная дорога","name:zh":"台灣高速鐵路","network":"台灣高鐵","network:en":"THSR","network:zh":"台灣高鐵","operator":"台灣高速鐵路股份有限公司","railway":"rail","ref":"台灣高鐵","start_date":"2007-01-05","usage":"main","voltage":"25000","wikidata":"Q706198","wikipedia":"zh:台灣高鐵"},"id":"way/966445975"},{"type":"Feature","geometry":{"type":"LineString","coordinates":[[120.699766,24.444809],[120.699491,24.44369]]},"properties":{"@id":"way/966445976","electrified":"contact_line","frequency":"60","gauge":"1435","highspeed":"yes","maxspeed":"300","name":"台灣高速鐵路","name:en":"Taiwan High Speed Rail","name:ja":"台湾高速鉄道","name:nan":"Tâi-oân-ko-sok-thih-lō͘","name:nan-Latn-pehoeji":"Tâi-oân-ko-sok-thih-lō͘","name:nan-Latn-tailo":"Tâi-uân-ko-sok-thih-lōo","name:ru":"Тайваньская высокоскоростная железная дорога","name:zh":"台灣高速鐵路","network":"台灣高鐵","network:en":"THSR","network:zh":"台灣高鐵","operator":"台灣高速鐵路股份有限公司","railway":"rail","ref":"台灣高鐵","start_date":"2007-01-05","usage":"main","voltage":"25000","wikidata":"Q706198","wikipedia":"zh:台灣高鐵"},"id":"way/966445976"},{"type":"Feature","geometry":{"type":"LineString","coordinates":[[120.699443,24.443704],[120.699717,24.444823]]},"properties":{"@id":"way/966445977","electrified":"contact_line","frequency":"60","gauge":"1435","highspeed":"yes","maxspeed":"300","name":"台灣高速鐵路","name:en":"Taiwan High Speed Rail","name:ja":"台湾高速鉄道","name:nan":"Tâi-oân-ko-sok-thih-lō͘","name:nan-Latn-pehoeji":"Tâi-oân-ko-sok-thih-lō͘","name:nan-Latn-tailo":"Tâi-uân-ko-sok-thih-lōo","name:ru":"Тайваньская высокоскоростная железная дорога","name:zh":"台灣高速鐵路","network":"台灣高鐵","network:en":"THSR","network:zh":"台灣高鐵","operator":"台灣高速鐵路股份有限公司","railway":"rail","ref":"台灣高鐵","start_date":"2007-01-05","usage":"main","voltage":"25000","wikidata":"Q706198","wikipedia":"zh:台灣高鐵"},"id":"way/966445977"},{"type":"Feature","geometry":{"type":"LineString","coordinates":[[120.698809,24.440919],[120.698747,24.440664]]},"properties":{"@id":"way/966445978","electrified":"contact_line","frequency":"60","gauge":"1435","highspeed":"yes","maxspeed":"300","name":"台灣高速鐵路","name:en":"Taiwan High Speed Rail","name:ja":"台湾高速鉄道","name:nan":"Tâi-oân-ko-sok-thih-lō͘","name:nan-Latn-pehoeji":"Tâi-oân-ko-sok-thih-lō͘","name:nan-Latn-tailo":"Tâi-uân-ko-sok-thih-lōo","name:ru":"Тайваньская высокоскоростная железная дорога","name:zh":"台灣高速鐵路","network":"台灣高鐵","network:en":"THSR","network:zh":"台灣高鐵","operator":"台灣高速鐵路股份有限公司","railway":"rail","ref":"台灣高鐵","start_date":"2007-01-05","usage":"main","voltage":"25000","wikidata":"Q706198","wikipedia":"zh:台灣高鐵"},"id":"way/966445978"},{"type":"Feature","geometry":{"type":"LineString","coordinates":[[120.698763,24.44093],[120.699443,24.443704]]},"properties":{"@id":"way/966445979","bridge":"yes","electrified":"contact_line","frequency":"60","gauge":"1435","highspeed":"yes","maxspeed":"300","name":"台灣高速鐵路","name:en":"Taiwan High Speed Rail","name:ja":"台湾高速鉄道","name:nan":"Tâi-oân-ko-sok-thih-lō͘","name:nan-Latn-pehoeji":"Tâi-oân-ko-sok-thih-lō͘","name:nan-Latn-tailo":"Tâi-uân-ko-sok-thih-lōo","name:ru":"Тайваньская высокоскоростная железная дорога","name:zh":"台灣高速鐵路","network":"台灣高鐵","network:en":"THSR","network:zh":"台灣高鐵","operator":"台灣高速鐵路股份有限公司","railway":"rail","ref":"台灣高鐵","start_date":"2007-01-05","usage":"main","voltage":"25000","wikidata":"Q706198","wikipedia":"zh:台灣高鐵"},"id":"way/966445979"},{"type":"Feature","geometry":{"type":"LineString","coordinates":[[120.699491,24.44369],[120.698809,24.440919]]},"properties":{"@id":"way/966445980","bridge":"yes","electrified":"contact_line","frequency":"60","gauge":"1435","highspeed":"yes","maxspeed":"300","name":"台灣高速鐵路","name:en":"Taiwan High Speed Rail","name:ja":"台湾高速鉄道","name:nan":"Tâi-oân-ko-sok-thih-lō͘","name:nan-Latn-pehoeji":"Tâi-oân-ko-sok-thih-lō͘","name:nan-Latn-tailo":"Tâi-uân-ko-sok-thih-lōo","name:ru":"Тайваньская высокоскоростная железная дорога","name:zh":"台灣高速鐵路","network":"台灣高鐵","network:en":"THSR","network:zh":"台灣高鐵","operator":"台灣高速鐵路股份有限公司","railway":"rail","ref":"台灣高鐵","start_date":"2007-01-05","usage":"main","voltage":"25000","wikidata":"Q706198","wikipedia":"zh:台灣高鐵"},"id":"way/966445980"},{"type":"Feature","geometry":{"type":"LineString","coordinates":[[120.6987,24.440674],[120.698763,24.44093]]},"properties":{"@id":"way/966445981","electrified":"contact_line","frequency":"60","gauge":"1435","highspeed":"yes","maxspeed":"300","name":"台灣高速鐵路","name:en":"Taiwan High Speed Rail","name:ja":"台湾高速鉄道","name:nan":"Tâi-oân-ko-sok-thih-lō͘","name:nan-Latn-pehoeji":"Tâi-oân-ko-sok-thih-lō͘","name:nan-Latn-tailo":"Tâi-uân-ko-sok-thih-lōo","name:ru":"Тайваньская высокоскоростная железная дорога","name:zh":"台灣高速鐵路","network":"台灣高鐵","network:en":"THSR","network:zh":"台灣高鐵","operator":"台灣高速鐵路股份有限公司","railway":"rail","ref":"台灣高鐵","start_date":"2007-01-05","usage":"main","voltage":"25000","wikidata":"Q706198","wikipedia":"zh:台灣高鐵"},"id":"way/966445981"},{"type":"Feature","geometry":{"type":"LineString","coordinates":[[120.916464,24.660981],[120.915839,24.660147]]},"properties":{"@id":"way/966445982","bridge":"yes","electrified":"contact_line","frequency":"60","gauge":"1435","highspeed":"yes","maxspeed":"300","name":"台灣高速鐵路","name:en":"Taiwan High Speed Rail","name:ja":"台湾高速鉄道","name:nan":"Tâi-oân-ko-sok-thih-lō͘","name:nan-Latn-pehoeji":"Tâi-oân-ko-sok-thih-lō͘","name:nan-Latn-tailo":"Tâi-uân-ko-sok-thih-lōo","name:ru":"Тайваньская высокоскоростная железная дорога","name:zh":"台灣高速鐵路","network":"台灣高鐵","network:en":"THSR","network:zh":"台灣高鐵","operator":"台灣高速鐵路股份有限公司","railway":"rail","ref":"台灣高鐵","start_date":"2007-01-05","usage":"main","voltage":"25000","wikidata":"Q706198","wikipedia":"zh:台灣高鐵"},"id":"way/966445982"},{"type":"Feature","geometry":{"type":"LineString","coordinates":[[120.916428,24.661003],[120.91734,24.662268]]},"properties":{"@id":"way/966445983","electrified":"contact_line","frequency":"60","gauge":"1435","highspeed":"yes","maxspeed":"300","name":"台灣高速鐵路","name:en":"Taiwan High Speed Rail","name:ja":"台湾高速鉄道","name:nan":"Tâi-oân-ko-sok-thih-lō͘","name:nan-Latn-pehoeji":"Tâi-oân-ko-sok-thih-lō͘","name:nan-Latn-tailo":"Tâi-uân-ko-sok-thih-lōo","name:ru":"Тайваньская высокоскоростная железная дорога","name:zh":"台灣高速鐵路","network":"台灣高鐵","network:en":"THSR","network:zh":"台灣高鐵","operator":"台灣高速鐵路股份有限公司","railway":"rail","ref":"台灣高鐵","start_date":"2007-01-05","usage":"main","voltage":"25000","wikidata":"Q706198","wikipedia":"zh:台灣高鐵"},"id":"way/966445983"},{"type":"Feature","geometry":{"type":"LineString","coordinates":[[120.915802,24.660169],[120.916428,24.661003]]},"properties":{"@id":"way/966445984","bridge":"yes","electrified":"contact_line","frequency":"60","gauge":"1435","highspeed":"yes","maxspeed":"300","name":"台灣高速鐵路","name:en":"Taiwan High Speed Rail","name:ja":"台湾高速鉄道","name:nan":"Tâi-oân-ko-sok-thih-lō͘","name:nan-Latn-pehoeji":"Tâi-oân-ko-sok-thih-lō͘","name:nan-Latn-tailo":"Tâi-uân-ko-sok-thih-lōo","name:ru":"Тайваньская высокоскоростная железная дорога","name:zh":"台灣高速鐵路","network":"台灣高鐵","network:en":"THSR","network:zh":"台灣高鐵","operator":"台灣高速鐵路股份有限公司","railway":"rail","ref":"台灣高鐵","start_date":"2007-01-05","usage":"main","voltage":"25000","wikidata":"Q706198","wikipedia":"zh:台灣高鐵"},"id":"way/966445984"},{"type":"Feature","geometry":{"type":"LineString","coordinates":[[120.915839,24.660147],[120.915193,24.659307],[120.914391,24.658344]]},"properties":{"@id":"way/966445985","electrified":"contact_line","frequency":"60","gauge":"1435","highspeed":"yes","maxspeed":"300","name":"台灣高速鐵路","name:en":"Taiwan High Speed Rail","name:ja":"台湾高速鉄道","name:nan":"Tâi-oân-ko-sok-thih-lō͘","name:nan-Latn-pehoeji":"Tâi-oân-ko-sok-thih-lō͘","name:nan-Latn-tailo":"Tâi-uân-ko-sok-thih-lōo","name:ru":"Тайваньская высокоскоростная железная дорога","name:zh":"台灣高速鐵路","network":"台灣高鐵","network:en":"THSR","network:zh":"台灣高鐵","operator":"台灣高速鐵路股份有限公司","railway":"rail","ref":"台灣高鐵","start_date":"2007-01-05","usage":"main","voltage":"25000","wikidata":"Q706198","wikipedia":"zh:台灣高鐵"},"id":"way/966445985"},{"type":"Feature","geometry":{"type":"LineString","coordinates":[[120.702233,24.455301],[120.703206,24.459336]]},"properties":{"@id":"way/973157816","electrified":"contact_line","frequency":"60","gauge":"1435","highspeed":"yes","maxspeed":"300","name":"台灣高速鐵路","name:en":"Taiwan High Speed Rail","name:ja":"台湾高速鉄道","name:nan":"Tâi-oân-ko-sok-thih-lō͘","name:nan-Latn-pehoeji":"Tâi-oân-ko-sok-thih-lō͘","name:nan-Latn-tailo":"Tâi-uân-ko-sok-thih-lōo","name:ru":"Тайваньская высокоскоростная железная дорога","name:zh":"台灣高速鐵路","network":"台灣高鐵","network:en":"THSR","network:zh":"台灣高鐵","operator":"台灣高速鐵路股份有限公司","railway":"rail","ref":"台灣高鐵","start_date":"2007-01-05","usage":"main","voltage":"25000","wikidata":"Q706198","wikipedia":"zh:台灣高鐵"},"id":"way/973157816"},{"type":"Feature","geometry":{"type":"LineString","coordinates":[[120.702277,24.455245],[120.702176,24.45479]]},"properties":{"@id":"way/973157817","electrified":"contact_line","frequency":"60","gauge":"1435","highspeed":"yes","maxspeed":"300","name":"台灣高速鐵路","name:en":"Taiwan High Speed Rail","name:ja":"台湾高速鉄道","name:nan":"Tâi-oân-ko-sok-thih-lō͘","name:nan-Latn-pehoeji":"Tâi-oân-ko-sok-thih-lō͘","name:nan-Latn-tailo":"Tâi-uân-ko-sok-thih-lōo","name:ru":"Тайваньская высокоскоростная железная дорога","name:zh":"台灣高速鐵路","network":"台灣高鐵","network:en":"THSR","network:zh":"台灣高鐵","operator":"台灣高速鐵路股份有限公司","railway":"rail","ref":"台灣高鐵","start_date":"2007-01-05","tunnel":"yes","usage":"main","voltage":"25000","wikidata":"Q706198","wikipedia":"zh:台灣高鐵"},"id":"way/973157817"},{"type":"Feature","geometry":{"type":"LineString","coordinates":[[120.702176,24.45479],[120.699978,24.445772]]},"properties":{"@id":"way/973157818","electrified":"contact_line","frequency":"60","gauge":"1435","highspeed":"yes","maxspeed":"300","name":"台灣高速鐵路","name:en":"Taiwan High Speed Rail","name:ja":"台湾高速鉄道","name:nan":"Tâi-oân-ko-sok-thih-lō͘","name:nan-Latn-pehoeji":"Tâi-oân-ko-sok-thih-lō͘","name:nan-Latn-tailo":"Tâi-uân-ko-sok-thih-lōo","name:ru":"Тайваньская высокоскоростная железная дорога","name:zh":"台灣高速鐵路","network":"台灣高鐵","network:en":"THSR","network:zh":"台灣高鐵","operator":"台灣高速鐵路股份有限公司","railway":"rail","ref":"台灣高鐵","start_date":"2007-01-05","usage":"main","voltage":"25000","wikidata":"Q706198","wikipedia":"zh:台灣高鐵"},"id":"way/973157818"},{"type":"Feature","geometry":{"type":"LineString","coordinates":[[120.699929,24.445786],[120.70213,24.454843]]},"properties":{"@id":"way/973157819","electrified":"contact_line","frequency":"60","gauge":"1435","highspeed":"yes","maxspeed":"300","name":"台灣高速鐵路","name:en":"Taiwan High Speed Rail","name:ja":"台湾高速鉄道","name:nan":"Tâi-oân-ko-sok-thih-lō͘","name:nan-Latn-pehoeji":"Tâi-oân-ko-sok-thih-lō͘","name:nan-Latn-tailo":"Tâi-uân-ko-sok-thih-lōo","name:ru":"Тайваньская высокоскоростная железная дорога","name:zh":"台灣高速鐵路","network":"台灣高鐵","network:en":"THSR","network:zh":"台灣高鐵","operator":"台灣高速鐵路股份有限公司","railway":"rail","ref":"台灣高鐵","start_date":"2007-01-05","usage":"main","voltage":"25000","wikidata":"Q706198","wikipedia":"zh:台灣高鐵"},"id":"way/973157819"},{"type":"Feature","geometry":{"type":"LineString","coordinates":[[120.306005,22.685807],[120.305588,22.685486],[120.304728,22.68479],[120.304554,22.68465],[120.30418,22.684343],[120.303479,22.683763],[120.303324,22.683585],[120.303159,22.683424]]},"properties":{"@id":"way/974097334","electrified":"contact_line","frequency":"60","gauge":"1435","highspeed":"yes","name":"台灣高速鐵路","name:en":"Taiwan High Speed Rail","name:ja":"台湾高速鉄道","name:nan":"Tâi-oân-ko-sok-thih-lō͘","name:nan-Latn-pehoeji":"Tâi-oân-ko-sok-thih-lō͘","name:nan-Latn-tailo":"Tâi-uân-ko-sok-thih-lōo","name:ru":"Тайваньская высокоскоростная железная дорога","name:zh":"台灣高速鐵路","network":"台灣高鐵","network:en":"THSR","network:zh":"台灣高鐵","operator":"台灣高速鐵路股份有限公司","railway":"rail","ref":"台灣高鐵","start_date":"2007-01-05","usage":"main","voltage":"25000","wikidata":"Q706198","wikipedia":"zh:台灣高鐵"},"id":"way/974097334"},{"type":"Feature","geometry":{"type":"LineString","coordinates":[[120.957935,24.712182],[120.95716,24.711663],[120.956045,24.710861]]},"properties":{"@id":"way/1005491329","electrified":"contact_line","frequency":"60","gauge":"1435","highspeed":"yes","maxspeed":"300","name":"台灣高速鐵路","name:en":"Taiwan High Speed Rail","name:ja":"台湾高速鉄道","name:nan":"Tâi-oân-ko-sok-thih-lō͘","name:nan-Latn-pehoeji":"Tâi-oân-ko-sok-thih-lō͘","name:nan-Latn-tailo":"Tâi-uân-ko-sok-thih-lōo","name:ru":"Тайваньская высокоскоростная железная дорога","name:zh":"台灣高速鐵路","network":"台灣高鐵","network:en":"THSR","network:zh":"台灣高鐵","operator":"台灣高速鐵路股份有限公司","railway":"rail","ref":"台灣高鐵","start_date":"2007-01-05","usage":"main","voltage":"25000","wikidata":"Q706198","wikipedia":"zh:台灣高鐵"},"id":"way/1005491329"},{"type":"Feature","geometry":{"type":"LineString","coordinates":[[120.956011,24.710899],[120.957127,24.711702],[120.957894,24.712235]]},"properties":{"@id":"way/1005491330","electrified":"contact_line","frequency":"60","gauge":"1435","highspeed":"yes","maxspeed":"300","name":"台灣高速鐵路","name:en":"Taiwan High Speed Rail","name:ja":"台湾高速鉄道","name:nan":"Tâi-oân-ko-sok-thih-lō͘","name:nan-Latn-pehoeji":"Tâi-oân-ko-sok-thih-lō͘","name:nan-Latn-tailo":"Tâi-uân-ko-sok-thih-lōo","name:ru":"Тайваньская высокоскоростная железная дорога","name:zh":"台灣高速鐵路","network":"台灣高鐵","network:en":"THSR","network:zh":"台灣高鐵","operator":"台灣高速鐵路股份有限公司","railway":"rail","ref":"台灣高鐵","start_date":"2007-01-05","usage":"main","voltage":"25000","wikidata":"Q706198","wikipedia":"zh:台灣高鐵"},"id":"way/1005491330"},{"type":"Feature","geometry":{"type":"LineString","coordinates":[[120.957894,24.712235],[120.958917,24.712909]]},"properties":{"@id":"way/1005491331","bridge":"yes","electrified":"contact_line","frequency":"60","gauge":"1435","highspeed":"yes","layer":"1","maxspeed":"300","name":"台灣高速鐵路","name:en":"Taiwan High Speed Rail","name:ja":"台湾高速鉄道","name:nan":"Tâi-oân-ko-sok-thih-lō͘","name:nan-Latn-pehoeji":"Tâi-oân-ko-sok-thih-lō͘","name:nan-Latn-tailo":"Tâi-uân-ko-sok-thih-lōo","name:ru":"Тайваньская высокоскоростная железная дорога","name:zh":"台灣高速鐵路","network":"台灣高鐵","network:en":"THSR","network:zh":"台灣高鐵","operator":"台灣高速鐵路股份有限公司","railway":"rail","ref":"台灣高鐵","start_date":"2007-01-05","usage":"main","voltage":"25000","wikidata":"Q706198","wikipedia":"zh:台灣高鐵"},"id":"way/1005491331"},{"type":"Feature","geometry":{"type":"LineString","coordinates":[[120.958959,24.712864],[120.957935,24.712182]]},"properties":{"@id":"way/1005491332","bridge":"yes","electrified":"contact_line","frequency":"60","gauge":"1435","highspeed":"yes","layer":"1","maxspeed":"300","name":"台灣高速鐵路","name:en":"Taiwan High Speed Rail","name:ja":"台湾高速鉄道","name:nan":"Tâi-oân-ko-sok-thih-lō͘","name:nan-Latn-pehoeji":"Tâi-oân-ko-sok-thih-lō͘","name:nan-Latn-tailo":"Tâi-uân-ko-sok-thih-lōo","name:ru":"Тайваньская высокоскоростная железная дорога","name:zh":"台灣高速鐵路","network":"台灣高鐵","network:en":"THSR","network:zh":"台灣高鐵","operator":"台灣高速鐵路股份有限公司","railway":"rail","ref":"台灣高鐵","start_date":"2007-01-05","usage":"main","voltage":"25000","wikidata":"Q706198","wikipedia":"zh:台灣高鐵"},"id":"way/1005491332"},{"type":"Feature","geometry":{"type":"LineString","coordinates":[[120.785325,24.582454],[120.784835,24.581938],[120.783847,24.580941]]},"properties":{"@id":"way/1165519972","electrified":"contact_line","embankment":"yes","frequency":"60","gauge":"1435","highspeed":"yes","maxspeed":"300","name":"台灣高速鐵路","name:en":"Taiwan High Speed Rail","name:ja":"台湾高速鉄道","name:nan":"Tâi-oân-ko-sok-thih-lō͘","name:nan-Latn-pehoeji":"Tâi-oân-ko-sok-thih-lō͘","name:nan-Latn-tailo":"Tâi-uân-ko-sok-thih-lōo","name:ru":"Тайваньская высокоскоростная железная дорога","name:zh":"台灣高速鐵路","network":"台灣高鐵","network:en":"THSR","network:zh":"台灣高鐵","operator":"台灣高速鐵路股份有限公司","railway":"rail","ref":"台灣高鐵","start_date":"2007-01-05","usage":"main","voltage":"25000","wikidata":"Q706198","wikipedia":"zh:台灣高鐵"},"id":"way/1165519972"},{"type":"Feature","geometry":{"type":"LineString","coordinates":[[120.783786,24.580988],[120.784777,24.581981],[120.785272,24.582502]]},"properties":{"@id":"way/1165519976","electrified":"contact_line","embankment":"yes","frequency":"60","gauge":"1435","highspeed":"yes","maxspeed":"300","name":"台灣高速鐵路","name:en":"Taiwan High Speed Rail","name:ja":"台湾高速鉄道","name:nan":"Tâi-oân-ko-sok-thih-lō͘","name:nan-Latn-pehoeji":"Tâi-oân-ko-sok-thih-lō͘","name:nan-Latn-tailo":"Tâi-uân-ko-sok-thih-lōo","name:ru":"Тайваньская высокоскоростная железная дорога","name:zh":"台灣高速鐵路","network":"台灣高鐵","network:en":"THSR","network:zh":"台灣高鐵","operator":"台灣高速鐵路股份有限公司","railway":"rail","ref":"台灣高鐵","start_date":"2007-01-05","usage":"main","voltage":"25000","wikidata":"Q706198","wikipedia":"zh:台灣高鐵"},"id":"way/1165519976"},{"type":"Feature","geometry":{"type":"LineString","coordinates":[[120.792102,24.58871],[120.792761,24.58922],[120.793633,24.589922],[120.795152,24.591031]]},"properties":{"@id":"way/1165520700","bridge":"yes","electrified":"contact_line","frequency":"60","gauge":"1435","highspeed":"yes","layer":"2","maxspeed":"300","name":"台灣高速鐵路","name:en":"Taiwan High Speed Rail","name:ja":"台湾高速鉄道","name:nan":"Tâi-oân-ko-sok-thih-lō͘","name:nan-Latn-pehoeji":"Tâi-oân-ko-sok-thih-lō͘","name:nan-Latn-tailo":"Tâi-uân-ko-sok-thih-lōo","name:ru":"Тайваньская высокоскоростная железная дорога","name:zh":"台灣高速鐵路","network":"台灣高鐵","network:en":"THSR","network:zh":"台灣高鐵","operator":"台灣高速鐵路股份有限公司","railway":"rail","ref":"台灣高鐵","start_date":"2007-01-05","usage":"main","voltage":"25000","wikidata":"Q706198","wikipedia":"zh:台灣高鐵"},"id":"way/1165520700"},{"type":"Feature","geometry":{"type":"LineString","coordinates":[[120.791612,24.588314],[120.792102,24.58871]]},"properties":{"@id":"way/1165520701","electrified":"contact_line","frequency":"60","gauge":"1435","highspeed":"yes","maxspeed":"300","name":"台灣高速鐵路","name:en":"Taiwan High Speed Rail","name:ja":"台湾高速鉄道","name:nan":"Tâi-oân-ko-sok-thih-lō͘","name:nan-Latn-pehoeji":"Tâi-oân-ko-sok-thih-lō͘","name:nan-Latn-tailo":"Tâi-uân-ko-sok-thih-lōo","name:ru":"Тайваньская высокоскоростная железная дорога","name:zh":"台灣高速鐵路","network":"台灣高鐵","network:en":"THSR","network:zh":"台灣高鐵","operator":"台灣高速鐵路股份有限公司","railway":"rail","ref":"台灣高鐵","start_date":"2007-01-05","usage":"main","voltage":"25000","wikidata":"Q706198","wikipedia":"zh:台灣高鐵"},"id":"way/1165520701"},{"type":"Feature","geometry":{"type":"LineString","coordinates":[[120.790893,24.587727],[120.790987,24.587804],[120.791612,24.588314]]},"properties":{"@id":"way/1165520702","bridge":"yes","electrified":"contact_line","frequency":"60","gauge":"1435","highspeed":"yes","layer":"2","maxspeed":"300","name":"台灣高速鐵路","name:en":"Taiwan High Speed Rail","name:ja":"台湾高速鉄道","name:nan":"Tâi-oân-ko-sok-thih-lō͘","name:nan-Latn-pehoeji":"Tâi-oân-ko-sok-thih-lō͘","name:nan-Latn-tailo":"Tâi-uân-ko-sok-thih-lōo","name:ru":"Тайваньская высокоскоростная железная дорога","name:zh":"台灣高速鐵路","network":"台灣高鐵","network:en":"THSR","network:zh":"台灣高鐵","operator":"台灣高速鐵路股份有限公司","railway":"rail","ref":"台灣高鐵","start_date":"2007-01-05","usage":"main","voltage":"25000","wikidata":"Q706198","wikipedia":"zh:台灣高鐵"},"id":"way/1165520702"},{"type":"Feature","geometry":{"type":"LineString","coordinates":[[120.785272,24.582502],[120.785623,24.582872],[120.786551,24.583782]]},"properties":{"@id":"way/1165520703","bridge":"yes","electrified":"contact_line","frequency":"60","gauge":"1435","highspeed":"yes","layer":"2","maxspeed":"300","name":"台灣高速鐵路","name:en":"Taiwan High Speed Rail","name:ja":"台湾高速鉄道","name:nan":"Tâi-oân-ko-sok-thih-lō͘","name:nan-Latn-pehoeji":"Tâi-oân-ko-sok-thih-lō͘","name:nan-Latn-tailo":"Tâi-uân-ko-sok-thih-lōo","name:ru":"Тайваньская высокоскоростная железная дорога","name:zh":"台灣高速鐵路","network":"台灣高鐵","network:en":"THSR","network:zh":"台灣高鐵","operator":"台灣高速鐵路股份有限公司","railway":"rail","ref":"台灣高鐵","start_date":"2007-01-05","usage":"main","voltage":"25000","wikidata":"Q706198","wikipedia":"zh:台灣高鐵"},"id":"way/1165520703"},{"type":"Feature","geometry":{"type":"LineString","coordinates":[[120.786551,24.583782],[120.787011,24.584233],[120.787439,24.584636]]},"properties":{"@id":"way/1165520704","electrified":"contact_line","frequency":"60","gauge":"1435","highspeed":"yes","maxspeed":"300","name":"台灣高速鐵路","name:en":"Taiwan High Speed Rail","name:ja":"台湾高速鉄道","name:nan":"Tâi-oân-ko-sok-thih-lō͘","name:nan-Latn-pehoeji":"Tâi-oân-ko-sok-thih-lō͘","name:nan-Latn-tailo":"Tâi-uân-ko-sok-thih-lōo","name:ru":"Тайваньская высокоскоростная железная дорога","name:zh":"台灣高速鐵路","network":"台灣高鐵","network:en":"THSR","network:zh":"台灣高鐵","operator":"台灣高速鐵路股份有限公司","railway":"rail","ref":"台灣高鐵","start_date":"2007-01-05","usage":"main","voltage":"25000","wikidata":"Q706198","wikipedia":"zh:台灣高鐵"},"id":"way/1165520704"},{"type":"Feature","geometry":{"type":"LineString","coordinates":[[120.78659,24.583721],[120.785679,24.582827],[120.785325,24.582454]]},"properties":{"@id":"way/1165520793","bridge":"yes","electrified":"contact_line","frequency":"60","gauge":"1435","highspeed":"yes","layer":"2","maxspeed":"300","name":"台灣高速鐵路","name:en":"Taiwan High Speed Rail","name:ja":"台湾高速鉄道","name:nan":"Tâi-oân-ko-sok-thih-lō͘","name:nan-Latn-pehoeji":"Tâi-oân-ko-sok-thih-lō͘","name:nan-Latn-tailo":"Tâi-uân-ko-sok-thih-lōo","name:ru":"Тайваньская высокоскоростная железная дорога","name:zh":"台灣高速鐵路","network":"台灣高鐵","network:en":"THSR","network:zh":"台灣高鐵","operator":"台灣高速鐵路股份有限公司","railway":"rail","ref":"台灣高鐵","start_date":"2007-01-05","usage":"main","voltage":"25000","wikidata":"Q706198","wikipedia":"zh:台灣高鐵"},"id":"way/1165520793"},{"type":"Feature","geometry":{"type":"LineString","coordinates":[[120.787493,24.584589],[120.787065,24.584187],[120.78659,24.583721]]},"properties":{"@id":"way/1165520794","electrified":"contact_line","frequency":"60","gauge":"1435","highspeed":"yes","maxspeed":"300","name":"台灣高速鐵路","name:en":"Taiwan High Speed Rail","name:ja":"台湾高速鉄道","name:nan":"Tâi-oân-ko-sok-thih-lō͘","name:nan-Latn-pehoeji":"Tâi-oân-ko-sok-thih-lō͘","name:nan-Latn-tailo":"Tâi-uân-ko-sok-thih-lōo","name:ru":"Тайваньская высокоскоростная железная дорога","name:zh":"台灣高速鐵路","network":"台灣高鐵","network:en":"THSR","network:zh":"台灣高鐵","operator":"台灣高速鐵路股份有限公司","railway":"rail","ref":"台灣高鐵","start_date":"2007-01-05","usage":"main","voltage":"25000","wikidata":"Q706198","wikipedia":"zh:台灣高鐵"},"id":"way/1165520794"},{"type":"Feature","geometry":{"type":"LineString","coordinates":[[120.790943,24.587678],[120.789632,24.586584],[120.788428,24.585467],[120.787493,24.584589]]},"properties":{"@id":"way/1165520795","electrified":"contact_line","embankment":"yes","frequency":"60","gauge":"1435","highspeed":"yes","maxspeed":"300","name":"台灣高速鐵路","name:en":"Taiwan High Speed Rail","name:ja":"台湾高速鉄道","name:nan":"Tâi-oân-ko-sok-thih-lō͘","name:nan-Latn-pehoeji":"Tâi-oân-ko-sok-thih-lō͘","name:nan-Latn-tailo":"Tâi-uân-ko-sok-thih-lōo","name:ru":"Тайваньская высокоскоростная железная дорога","name:zh":"台灣高速鐵路","network":"台灣高鐵","network:en":"THSR","network:zh":"台灣高鐵","operator":"台灣高速鐵路股份有限公司","railway":"rail","ref":"台灣高鐵","start_date":"2007-01-05","usage":"main","voltage":"25000","wikidata":"Q706198","wikipedia":"zh:台灣高鐵"},"id":"way/1165520795"},{"type":"Feature","geometry":{"type":"LineString","coordinates":[[120.791662,24.588264],[120.791036,24.587753],[120.790943,24.587678]]},"properties":{"@id":"way/1165520796","bridge":"yes","electrified":"contact_line","frequency":"60","gauge":"1435","highspeed":"yes","layer":"2","maxspeed":"300","name":"台灣高速鐵路","name:en":"Taiwan High Speed Rail","name:ja":"台湾高速鉄道","name:nan":"Tâi-oân-ko-sok-thih-lō͘","name:nan-Latn-pehoeji":"Tâi-oân-ko-sok-thih-lō͘","name:nan-Latn-tailo":"Tâi-uân-ko-sok-thih-lōo","name:ru":"Тайваньская высокоскоростная железная дорога","name:zh":"台灣高速鐵路","network":"台灣高鐵","network:en":"THSR","network:zh":"台灣高鐵","operator":"台灣高速鐵路股份有限公司","railway":"rail","ref":"台灣高鐵","start_date":"2007-01-05","usage":"main","voltage":"25000","wikidata":"Q706198","wikipedia":"zh:台灣高鐵"},"id":"way/1165520796"},{"type":"Feature","geometry":{"type":"LineString","coordinates":[[120.79215,24.588659],[120.791662,24.588264]]},"properties":{"@id":"way/1165520797","electrified":"contact_line","frequency":"60","gauge":"1435","highspeed":"yes","maxspeed":"300","name":"台灣高速鐵路","name:en":"Taiwan High Speed Rail","name:ja":"台湾高速鉄道","name:nan":"Tâi-oân-ko-sok-thih-lō͘","name:nan-Latn-pehoeji":"Tâi-oân-ko-sok-thih-lō͘","name:nan-Latn-tailo":"Tâi-uân-ko-sok-thih-lōo","name:ru":"Тайваньская высокоскоростная железная дорога","name:zh":"台灣高速鐵路","network":"台灣高鐵","network:en":"THSR","network:zh":"台灣高鐵","operator":"台灣高速鐵路股份有限公司","railway":"rail","ref":"台灣高鐵","start_date":"2007-01-05","usage":"main","voltage":"25000","wikidata":"Q706198","wikipedia":"zh:台灣高鐵"},"id":"way/1165520797"},{"type":"Feature","geometry":{"type":"LineString","coordinates":[[120.615567,23.932495],[120.615533,23.933699]]},"properties":{"@id":"way/1175718513","electrified":"contact_line","embankment":"yes","frequency":"60","gauge":"1435","highspeed":"yes","layer":"1","maxspeed":"300","name":"台灣高速鐵路","name:en":"Taiwan High Speed Rail","name:ja":"台湾高速鉄道","name:nan":"Tâi-oân-ko-sok-thih-lō͘","name:nan-Latn-pehoeji":"Tâi-oân-ko-sok-thih-lō͘","name:nan-Latn-tailo":"Tâi-uân-ko-sok-thih-lōo","name:ru":"Тайваньская высокоскоростная железная дорога","name:zh":"台灣高速鐵路","network":"台灣高鐵","network:en":"THSR","network:zh":"台灣高鐵","operator":"台灣高速鐵路股份有限公司","railway":"rail","ref":"台灣高鐵","start_date":"2007-01-05","usage":"main","voltage":"25000","wikidata":"Q706198","wikipedia":"zh:台灣高鐵"},"id":"way/1175718513"},{"type":"Feature","geometry":{"type":"LineString","coordinates":[[120.615596,23.933694],[120.615621,23.932493]]},"properties":{"@id":"way/1175718514","electrified":"contact_line","embankment":"yes","frequency":"60","gauge":"1435","highspeed":"yes","layer":"1","maxspeed":"300","name":"台灣高速鐵路","name:en":"Taiwan High Speed Rail","name:ja":"台湾高速鉄道","name:nan":"Tâi-oân-ko-sok-thih-lō͘","name:nan-Latn-pehoeji":"Tâi-oân-ko-sok-thih-lō͘","name:nan-Latn-tailo":"Tâi-uân-ko-sok-thih-lōo","name:ru":"Тайваньская высокоскоростная железная дорога","name:zh":"台灣高速鐵路","network":"台灣高鐵","network:en":"THSR","network:zh":"台灣高鐵","operator":"台灣高速鐵路股份有限公司","railway":"rail","ref":"台灣高鐵","start_date":"2007-01-05","usage":"main","voltage":"25000","wikidata":"Q706198","wikipedia":"zh:台灣高鐵"},"id":"way/1175718514"},{"type":"Feature","geometry":{"type":"LineString","coordinates":[[120.615533,23.933699],[120.61551,23.93413],[120.615263,23.93714],[120.615105,23.939478]]},"properties":{"@id":"way/1175718515","bridge":"yes","electrified":"contact_line","frequency":"60","gauge":"1435","highspeed":"yes","layer":"1","maxspeed":"300","name":"台灣高速鐵路","name:en":"Taiwan High Speed Rail","name:ja":"台湾高速鉄道","name:nan":"Tâi-oân-ko-sok-thih-lō͘","name:nan-Latn-pehoeji":"Tâi-oân-ko-sok-thih-lō͘","name:nan-Latn-tailo":"Tâi-uân-ko-sok-thih-lōo","name:ru":"Тайваньская высокоскоростная железная дорога","name:zh":"台灣高速鐵路","network":"台灣高鐵","network:en":"THSR","network:zh":"台灣高鐵","operator":"台灣高速鐵路股份有限公司","railway":"rail","ref":"台灣高鐵","start_date":"2007-01-05","usage":"main","voltage":"25000","wikidata":"Q706198","wikipedia":"zh:台灣高鐵"},"id":"way/1175718515"},{"type":"Feature","geometry":{"type":"LineString","coordinates":[[120.615158,23.939482],[120.615172,23.939288],[120.61534,23.937144],[120.615576,23.934122],[120.615596,23.933694]]},"properties":{"@id":"way/1175718516","bridge":"yes","electrified":"contact_line","frequency":"60","gauge":"1435","highspeed":"yes","layer":"1","maxspeed":"300","name":"台灣高速鐵路","name:en":"Taiwan High Speed Rail","name:ja":"台湾高速鉄道","name:nan":"Tâi-oân-ko-sok-thih-lō͘","name:nan-Latn-pehoeji":"Tâi-oân-ko-sok-thih-lō͘","name:nan-Latn-tailo":"Tâi-uân-ko-sok-thih-lōo","name:ru":"Тайваньская высокоскоростная железная дорога","name:zh":"台灣高速鐵路","network":"台灣高鐵","network:en":"THSR","network:zh":"台灣高鐵","operator":"台灣高速鐵路股份有限公司","railway":"rail","ref":"台灣高鐵","start_date":"2007-01-05","usage":"main","voltage":"25000","wikidata":"Q706198","wikipedia":"zh:台灣高鐵"},"id":"way/1175718516"},{"type":"Feature","geometry":{"type":"LineString","coordinates":[[120.674432,24.325298],[120.674355,24.324851],[120.674311,24.324305],[120.674139,24.321672]]},"properties":{"@id":"way/1317828102","electrified":"contact_line","frequency":"60","gauge":"1435","highspeed":"yes","maxspeed":"300","name":"台灣高速鐵路","name:en":"Taiwan High Speed Rail","name:ja":"台湾高速鉄道","name:nan":"Tâi-oân-ko-sok-thih-lō͘","name:nan-Latn-pehoeji":"Tâi-oân-ko-sok-thih-lō͘","name:nan-Latn-tailo":"Tâi-uân-ko-sok-thih-lōo","name:ru":"Тайваньская высокоскоростная железная дорога","name:zh":"台灣高速鐵路","network":"台灣高鐵","network:en":"THSR","network:zh":"台灣高鐵","operator":"台灣高速鐵路股份有限公司","railway":"rail","ref":"台灣高鐵","start_date":"2007-01-05","usage":"main","voltage":"25000","wikidata":"Q706198","wikipedia":"zh:台灣高鐵"},"id":"way/1317828102"},{"type":"Feature","geometry":{"type":"LineString","coordinates":[[120.674381,24.325288],[120.674594,24.327672],[120.67492,24.331213],[120.675016,24.332899]]},"properties":{"@id":"way/1317828103","bridge":"viaduct","electrified":"contact_line","frequency":"60","gauge":"1435","highspeed":"yes","layer":"1","maxspeed":"300","name":"台灣高速鐵路","name:en":"Taiwan High Speed Rail","name:ja":"台湾高速鉄道","name:nan":"Tâi-oân-ko-sok-thih-lō͘","name:nan-Latn-pehoeji":"Tâi-oân-ko-sok-thih-lō͘","name:nan-Latn-tailo":"Tâi-uân-ko-sok-thih-lōo","name:ru":"Тайваньская высокоскоростная железная дорога","name:zh":"台灣高速鐵路","network":"台灣高鐵","network:en":"THSR","network:zh":"台灣高鐵","operator":"台灣高速鐵路股份有限公司","railway":"rail","ref":"台灣高鐵","start_date":"2007-01-05","usage":"main","voltage":"25000","wikidata":"Q706198","wikipedia":"zh:台灣高鐵"},"id":"way/1317828103"},{"type":"Feature","geometry":{"type":"LineString","coordinates":[[120.675096,24.332894],[120.674996,24.331229],[120.674784,24.329009],[120.674651,24.327533],[120.674432,24.325298]]},"properties":{"@id":"way/1317828104","bridge":"viaduct","electrified":"contact_line","frequency":"60","gauge":"1435","highspeed":"yes","layer":"2","maxspeed":"300","name":"台灣高速鐵路","name:en":"Taiwan High Speed Rail","name:ja":"台湾高速鉄道","name:nan":"Tâi-oân-ko-sok-thih-lō͘","name:nan-Latn-pehoeji":"Tâi-oân-ko-sok-thih-lō͘","name:nan-Latn-tailo":"Tâi-uân-ko-sok-thih-lōo","name:ru":"Тайваньская высокоскоростная железная дорога","name:zh":"台灣高速鐵路","network":"台灣高鐵","network:en":"THSR","network:zh":"台灣高鐵","operator":"台灣高速鐵路股份有限公司","railway":"rail","ref":"台灣高鐵","start_date":"2007-01-05","usage":"main","voltage":"25000","wikidata":"Q706198","wikipedia":"zh:台灣高鐵"},"id":"way/1317828104"},{"type":"Feature","geometry":{"type":"LineString","coordinates":[[120.673553,24.316241],[120.673709,24.318323],[120.673989,24.320682],[120.674071,24.32168]]},"properties":{"@id":"way/1317828105","bridge":"viaduct","electrified":"contact_line","frequency":"60","gauge":"1435","highspeed":"yes","layer":"1","maxspeed":"300","name":"台灣高速鐵路","name:en":"Taiwan High Speed Rail","name:ja":"台湾高速鉄道","name:nan":"Tâi-oân-ko-sok-thih-lō͘","name:nan-Latn-pehoeji":"Tâi-oân-ko-sok-thih-lō͘","name:nan-Latn-tailo":"Tâi-uân-ko-sok-thih-lōo","name:ru":"Тайваньская высокоскоростная железная дорога","name:zh":"台灣高速鐵路","network":"台灣高鐵","network:en":"THSR","network:zh":"台灣高鐵","operator":"台灣高速鐵路股份有限公司","railway":"rail","ref":"台灣高鐵","start_date":"2007-01-05","usage":"main","voltage":"25000","wikidata":"Q706198","wikipedia":"zh:台灣高鐵"},"id":"way/1317828105"},{"type":"Feature","geometry":{"type":"LineString","coordinates":[[121.042939,24.81889],[121.043156,24.819905]]},"properties":{"@id":"way/1474724620","bridge":"viaduct","electrified":"contact_line","frequency":"60","gauge":"1435","highspeed":"yes","layer":"1","maxspeed":"300","name":"台灣高速鐵路","name:en":"Taiwan High Speed Rail","name:ja":"台湾高速鉄道","name:nan":"Tâi-oân-ko-sok-thih-lō͘","name:nan-Latn-pehoeji":"Tâi-oân-ko-sok-thih-lō͘","name:nan-Latn-tailo":"Tâi-uân-ko-sok-thih-lōo","name:ru":"Тайваньская высокоскоростная железная дорога","name:zh":"台灣高速鐵路","network":"台灣高鐵","network:en":"THSR","network:zh":"台灣高鐵","operator":"台灣高速鐵路股份有限公司","railway":"rail","ref":"台灣高鐵","service":"crossover","start_date":"2007-01-05","voltage":"25000","wikidata":"Q706198","wikipedia":"zh:台灣高鐵"},"id":"way/1474724620"},{"type":"Feature","geometry":{"type":"LineString","coordinates":[[121.04179,24.814839],[121.041829,24.814989]]},"properties":{"@id":"way/1474724621","bridge":"viaduct","electrified":"no","frequency":"60","gauge":"1435","highspeed":"no","layer":"1","name":"台灣高速鐵路","name:en":"Taiwan High Speed Rail","name:ja":"台湾高速鉄道","name:nan":"Tâi-oân-ko-sok-thih-lō͘","name:nan-Latn-pehoeji":"Tâi-oân-ko-sok-thih-lō͘","name:nan-Latn-tailo":"Tâi-uân-ko-sok-thih-lōo","name:ru":"Тайваньская высокоскоростная железная дорога","name:zh":"台灣高速鐵路","network":"台灣高鐵","network:en":"THSR","network:zh":"台灣高鐵","operator":"台灣高速鐵路股份有限公司","railway":"rail","ref":"台灣高鐵","service":"yard","start_date":"2007-01-05","voltage":"25000","wikidata":"Q706198","wikipedia":"zh:台灣高鐵"},"id":"way/1474724621"},{"type":"Feature","geometry":{"type":"LineString","coordinates":[[121.038171,24.800196],[121.03785,24.799129]]},"properties":{"@id":"way/1474724622","bridge":"viaduct","electrified":"contact_line","frequency":"60","gauge":"1435","highspeed":"no","layer":"1","name":"台灣高速鐵路","name:en":"Taiwan High Speed Rail","name:ja":"台湾高速鉄道","name:nan":"Tâi-oân-ko-sok-thih-lō͘","name:nan-Latn-pehoeji":"Tâi-oân-ko-sok-thih-lō͘","name:nan-Latn-tailo":"Tâi-uân-ko-sok-thih-lōo","name:ru":"Тайваньская высокоскоростная железная дорога","name:zh":"台灣高速鐵路","network":"台灣高鐵","network:en":"THSR","network:zh":"台灣高鐵","operator":"台灣高速鐵路股份有限公司","railway":"rail","ref":"台灣高鐵","service":"crossover","start_date":"2007-01-05","voltage":"25000","wikidata":"Q706198","wikipedia":"zh:台灣高鐵"},"id":"way/1474724622"},{"type":"Feature","geometry":{"type":"LineString","coordinates":[[120.321296,22.701066],[120.320513,22.700107],[120.319963,22.699457],[120.319629,22.699069],[120.319378,22.698765],[120.318994,22.698309],[120.31864,22.697896],[120.318167,22.697387]]},"properties":{"@id":"way/1493067933","electrified":"contact_line","embankment":"yes","frequency":"60","gauge":"1435","highspeed":"yes","maxspeed":"130","name":"台灣高速鐵路","name:en":"Taiwan High Speed Rail","name:ja":"台湾高速鉄道","name:nan":"Tâi-oân-ko-sok-thih-lō͘","name:nan-Latn-pehoeji":"Tâi-oân-ko-sok-thih-lō͘","name:nan-Latn-tailo":"Tâi-uân-ko-sok-thih-lōo","name:ru":"Тайваньская высокоскоростная железная дорога","name:zh":"台灣高速鐵路","network":"台灣高鐵","network:en":"THSR","network:zh":"台灣高鐵","operator":"台灣高速鐵路股份有限公司","railway":"rail","ref":"台灣高鐵","start_date":"2007-01-05","usage":"main","voltage":"25000","wikidata":"Q706198","wikipedia":"zh:台灣高鐵"},"id":"way/1493067933"},{"type":"Feature","geometry":{"type":"LineString","coordinates":[[120.31813,22.697416],[120.318596,22.697925],[120.318953,22.698333],[120.319338,22.698783],[120.320428,22.700085],[120.321261,22.701088]]},"properties":{"@id":"way/1493067934","electrified":"contact_line","embankment":"yes","frequency":"60","gauge":"1435","highspeed":"yes","maxspeed":"130","name":"台灣高速鐵路","name:en":"Taiwan High Speed Rail","name:ja":"台湾高速鉄道","name:nan":"Tâi-oân-ko-sok-thih-lō͘","name:nan-Latn-pehoeji":"Tâi-oân-ko-sok-thih-lō͘","name:nan-Latn-tailo":"Tâi-uân-ko-sok-thih-lōo","name:ru":"Тайваньская высокоскоростная железная дорога","name:zh":"台灣高速鐵路","network":"台灣高鐵","network:en":"THSR","network:zh":"台灣高鐵","operator":"台灣高速鐵路股份有限公司","railway":"rail","ref":"台灣高鐵","start_date":"2007-01-05","usage":"main","voltage":"25000","wikidata":"Q706198","wikipedia":"zh:台灣高鐵"},"id":"way/1493067934"},{"type":"Feature","properties":{"@id":"way/104635031","bridge":"yes","electrified":"contact_line","frequency":"60","gauge":"1435","highspeed":"yes","maxspeed":"300","name":"台灣高速鐵路","name:en":"Taiwan High Speed Rail","name:ja":"台湾高速鉄道","name:nan":"Tâi-oân-ko-sok-thih-lō͘","name:nan-Latn-pehoeji":"Tâi-oân-ko-sok-thih-lō͘","name:nan-Latn-tailo":"Tâi-uân-ko-sok-thih-lōo","name:ru":"Тайваньская высокоскоростная железная дорога","name:zh":"台灣高速鐵路","network":"台灣高鐵","network:en":"THSR","network:zh":"台灣高鐵","operator":"台灣高速鐵路股份有限公司","railway":"rail","ref":"台灣高鐵","start_date":"2007-01-05","usage":"main","voltage":"25000","wikidata":"Q706198","wikipedia":"zh:台灣高鐵","layer":"1"},"geometry":{"type":"MultiLineString","coordinates":[[[120.611661,23.978291],[120.610955,23.984496],[120.610254,23.990432],[120.609611,23.996612],[120.60894,24.0047],[120.607212,24.020777],[120.605682,24.031896],[120.604416,24.042436],[120.604352,24.046908]],[[120.611595,23.978287],[120.611186,23.981535],[120.609561,23.994488],[120.607854,24.014019],[120.604201,24.04238],[120.604295,24.046906]],[[120.611662,23.97829],[120.612152,23.974987]],[[120.612077,23.974989],[120.611595,23.978287]],[[120.604511,24.0482],[120.604426,24.047546],[120.604352,24.046908]],[[120.604295,24.046906],[120.604368,24.047545],[120.604446,24.048206]]]}},{"type":"Feature","properties":{"@id":"way/922552878","electrified":"contact_line","frequency":"60","gauge":"1435","highspeed":"yes","maxspeed":"200","name":"台灣高速鐵路","name:en":"Taiwan High Speed Rail","name:ja":"台湾高速鉄道","name:nan":"Tâi-oân-ko-sok-thih-lō͘","name:nan-Latn-pehoeji":"Tâi-oân-ko-sok-thih-lō͘","name:nan-Latn-tailo":"Tâi-uân-ko-sok-thih-lōo","name:ru":"Тайваньская высокоскоростная железная дорога","name:zh":"台灣高速鐵路","network":"台灣高鐵","network:en":"THSR","network:zh":"台灣高鐵","operator":"台灣高速鐵路股份有限公司","railway":"rail","ref":"台灣高鐵","start_date":"2007-01-05","usage":"main","voltage":"25000","wikidata":"Q706198","wikipedia":"zh:台灣高鐵"},"geometry":{"type":"MultiLineString","coordinates":[[[121.411008,25.005432],[121.392366,25.010207]],[[121.39235,25.010169],[121.410991,25.00539]],[[121.411008,25.005432],[121.411294,25.005389]],[[121.411294,25.005343],[121.41099,25.00539]]]}},{"type":"Feature","properties":{"@id":"way/922554270","electrified":"contact_line","frequency":"60","gauge":"1435","highspeed":"yes","maxspeed":"300","name":"台灣高速鐵路","name:en":"Taiwan High Speed Rail","name:ja":"台湾高速鉄道","name:nan":"Tâi-oân-ko-sok-thih-lō͘","name:nan-Latn-pehoeji":"Tâi-oân-ko-sok-thih-lō͘","name:nan-Latn-tailo":"Tâi-uân-ko-sok-thih-lōo","name:ru":"Тайваньская высокоскоростная железная дорога","name:zh":"台灣高速鐵路","network":"台灣高鐵","network:en":"THSR","network:zh":"台灣高鐵","operator":"台灣高速鐵路股份有限公司","railway":"rail","ref":"台灣高鐵","start_date":"2007-01-05","usage":"main","voltage":"25000","wikidata":"Q706198","wikipedia":"zh:台灣高鐵"},"geometry":{"type":"MultiLineString","coordinates":[[[121.332497,25.043316],[121.387001,25.012683]],[[121.387018,25.012719],[121.332531,25.04337]],[[121.387018,25.012719],[121.387293,25.012572]],[[121.387271,25.012541],[121.387001,25.012683]]]}}]}