{
  "type": "FeatureCollection",
  "generator": "overpass-turbo",
  "copyright": "The data included in this document is from www.openstreetmap.org. The data is made available under ODbL.",
  "timestamp": "2026-04-26T18:23:30Z",
  "features": [
    {
      "type": "Feature",
      "properties": {
        "@id": "way/149816275",
        "building": "train_station",
        "name": "José Cuervo Express",
        "public_transport": "station",
        "railway": "station"
      },
      "geometry": {
        "type": "Polygon",
        "coordinates": [
          [
            [
              -103.3524312,
              20.6566201
            ],
            [
              -103.3525622,
              20.6563826
            ],
            [
              -103.3525885,
              20.6563338
            ],
            [
              -103.3525742,
              20.6563267
            ],
            [
              -103.3526306,
              20.656221
            ],
            [
              -103.3520905,
              20.655962
            ],
            [
              -103.3520293,
              20.6560617
            ],
            [
              -103.3517962,
              20.6559514
            ],
            [
              -103.3516841,
              20.6561562
            ],
            [
              -103.3518751,
              20.656252
            ],
            [
              -103.3518242,
              20.6563391
            ],
            [
              -103.3524312,
              20.6566201
            ]
          ]
        ]
      },
      "id": "way/149816275"
    },
    {
      "type": "Feature",
      "properties": {
        "@id": "way/463725672",
        "addr:city": "Tlaquepaque",
        "building": "train_station",
        "building:levels": "1",
        "internet_access": "wlan",
        "internet_access:fee": "no",
        "light_rail": "yes",
        "name": "Periférico Sur",
        "network": "Mi Tren",
        "operator": "SITEUR",
        "public_transport": "station",
        "railway": "halt",
        "station": "light_rail",
        "wheelchair": "yes",
        "wikidata": "Q6072491",
        "wikipedia": "es:Estación Periférico Sur"
      },
      "geometry": {
        "type": "Polygon",
        "coordinates": [
          [
            [
              -103.400953,
              20.6068729
            ],
            [
              -103.4008381,
              20.6072516
            ],
            [
              -103.4005168,
              20.6076787
            ],
            [
              -103.4006076,
              20.6077409
            ],
            [
              -103.4006439,
              20.6077669
            ],
            [
              -103.4010343,
              20.6072884
            ],
            [
              -103.4013342,
              20.6071472
            ],
            [
              -103.4013202,
              20.6071222
            ],
            [
              -103.4012564,
              20.607009
            ],
            [
              -103.4011672,
              20.6069437
            ],
            [
              -103.4011164,
              20.6069064
            ],
            [
              -103.4011074,
              20.6069106
            ],
            [
              -103.4010923,
              20.6068997
            ],
            [
              -103.4010647,
              20.6068921
            ],
            [
              -103.401016,
              20.6068787
            ],
            [
              -103.4010103,
              20.6068873
            ],
            [
              -103.4009845,
              20.6068808
            ],
            [
              -103.400953,
              20.6068729
            ]
          ]
        ]
      },
      "id": "way/463725672"
    },
    {
      "type": "Feature",
      "properties": {
        "@id": "way/537525845",
        "addr:city": "Guadalajara",
        "building": "yes",
        "internet_access": "yes",
        "internet_access:fee": "no",
        "layer": "1",
        "location": "overhead",
        "name": "CUCEI",
        "network": "Mi Tren",
        "nohousenumber": "yes",
        "operator": "SITEUR",
        "public_transport": "station",
        "railway": "station",
        "station": "subway",
        "subway": "yes",
        "wheelchair": "yes",
        "wikidata": "Q28173779",
        "wikipedia": "es:Estación CUCEI"
      },
      "geometry": {
        "type": "Polygon",
        "coordinates": [
          [
            [
              -103.3244338,
              20.6598294
            ],
            [
              -103.324171,
              20.6596652
            ],
            [
              -103.3241897,
              20.659638
            ],
            [
              -103.3240241,
              20.6595385
            ],
            [
              -103.3241317,
              20.6593887
            ],
            [
              -103.3238367,
              20.659203
            ],
            [
              -103.3238016,
              20.6592518
            ],
            [
              -103.324012,
              20.6593842
            ],
            [
              -103.3239382,
              20.659487
            ],
            [
              -103.323922,
              20.6594772
            ],
            [
              -103.3239065,
              20.6594998
            ],
            [
              -103.3236469,
              20.6593374
            ],
            [
              -103.3235662,
              20.6594505
            ],
            [
              -103.323828,
              20.6596142
            ],
            [
              -103.3237998,
              20.6596553
            ],
            [
              -103.3239176,
              20.6597261
            ],
            [
              -103.32388,
              20.65978
            ],
            [
              -103.3238499,
              20.659763
            ],
            [
              -103.3237935,
              20.6599073
            ],
            [
              -103.3238667,
              20.6599464
            ],
            [
              -103.3239908,
              20.6597701
            ],
            [
              -103.3240674,
              20.6598161
            ],
            [
              -103.3240925,
              20.6597795
            ],
            [
              -103.3243531,
              20.6599424
            ],
            [
              -103.3244338,
              20.6598294
            ]
          ]
        ]
      },
      "id": "way/537525845"
    },
    {
      "type": "Feature",
      "properties": {
        "@id": "way/765854474",
        "addr:city": "Zapopan",
        "building": "yes",
        "building:levels": "2",
        "internet_access": "yes",
        "internet_access:fee": "no",
        "layer": "2",
        "location": "overhead",
        "name": "Arcos de Zapopan",
        "network": "Mi Tren",
        "operator": "SITEUR",
        "public_transport": "station",
        "railway": "station",
        "station": "subway",
        "subway": "yes",
        "wheelchair": "yes",
        "wikidata": "Q28133472",
        "wikipedia": "es:Estación Arcos de Zapopan"
      },
      "geometry": {
        "type": "Polygon",
        "coordinates": [
          [
            [
              -103.4078169,
              20.7414159
            ],
            [
              -103.4076667,
              20.7413087
            ],
            [
              -103.4079553,
              20.7409551
            ],
            [
              -103.4078666,
              20.7408917
            ],
            [
              -103.4077426,
              20.7410437
            ],
            [
              -103.4076044,
              20.7412131
            ],
            [
              -103.407341,
              20.7410251
            ],
            [
              -103.4073098,
              20.7410634
            ],
            [
              -103.4070834,
              20.7409019
            ],
            [
              -103.4069951,
              20.74101
            ],
            [
              -103.4072267,
              20.7411753
            ],
            [
              -103.4071852,
              20.7412262
            ],
            [
              -103.407431,
              20.7414016
            ],
            [
              -103.4073001,
              20.7415619
            ],
            [
              -103.4073463,
              20.7415948
            ],
            [
              -103.4073923,
              20.7416277
            ],
            [
              -103.4075215,
              20.7414693
            ],
            [
              -103.4075277,
              20.7414738
            ],
            [
              -103.4075663,
              20.7414265
            ],
            [
              -103.4077192,
              20.7415356
            ],
            [
              -103.4078169,
              20.7414159
            ]
          ]
        ]
      },
      "id": "way/765854474"
    },
    {
      "type": "Feature",
      "properties": {
        "@id": "way/765854475",
        "addr:city": "Zapopan",
        "building": "yes",
        "internet_access": "yes",
        "internet_access:fee": "no",
        "layer": "2",
        "location": "overhead",
        "name": "Periférico Belenes",
        "network": "Mi Tren",
        "nohousenumber": "yes",
        "operator": "SITEUR",
        "public_transport": "station",
        "railway": "station",
        "station": "subway",
        "subway": "yes",
        "wheelchair": "yes",
        "wikidata": "Q28132056",
        "wikipedia": "es:Estación Periférico Belenes"
      },
      "geometry": {
        "type": "Polygon",
        "coordinates": [
          [
            [
              -103.4035691,
              20.7383531
            ],
            [
              -103.4033626,
              20.7382012
            ],
            [
              -103.4034003,
              20.738156
            ],
            [
              -103.4030661,
              20.7379124
            ],
            [
              -103.4030296,
              20.7379562
            ],
            [
              -103.402858,
              20.73783
            ],
            [
              -103.402766,
              20.7379394
            ],
            [
              -103.402938,
              20.738066
            ],
            [
              -103.4029018,
              20.7381094
            ],
            [
              -103.403108,
              20.7382598
            ],
            [
              -103.4030004,
              20.7383884
            ],
            [
              -103.4029439,
              20.738456
            ],
            [
              -103.4029894,
              20.7384893
            ],
            [
              -103.4030348,
              20.7385225
            ],
            [
              -103.4031204,
              20.7384203
            ],
            [
              -103.4031991,
              20.7383262
            ],
            [
              -103.4032359,
              20.7383531
            ],
            [
              -103.403271,
              20.7383111
            ],
            [
              -103.403477,
              20.7384627
            ],
            [
              -103.4035691,
              20.7383531
            ]
          ]
        ]
      },
      "id": "way/765854475"
    },
    {
      "type": "Feature",
      "properties": {
        "@id": "way/765854476",
        "addr:city": "Zapopan",
        "building": "yes",
        "internet_access": "yes",
        "internet_access:fee": "no",
        "layer": "2",
        "location": "overhead",
        "name": "Mercado del Mar",
        "network": "Mi Tren",
        "nohousenumber": "yes",
        "operator": "SITEUR",
        "public_transport": "station",
        "railway": "station",
        "station": "subway",
        "subway": "yes",
        "wheelchair": "yes",
        "wikidata": "Q28131698",
        "wikipedia": "es:Estación Mercado del Mar"
      },
      "geometry": {
        "type": "Polygon",
        "coordinates": [
          [
            [
              -103.3897228,
              20.7287788
            ],
            [
              -103.3894436,
              20.7287588
            ],
            [
              -103.3894471,
              20.7287194
            ],
            [
              -103.3893975,
              20.7287156
            ],
            [
              -103.3894097,
              20.7286025
            ],
            [
              -103.3896354,
              20.7286237
            ],
            [
              -103.3896614,
              20.7286262
            ],
            [
              -103.3896673,
              20.7285713
            ],
            [
              -103.3896413,
              20.7285688
            ],
            [
              -103.3894148,
              20.7285475
            ],
            [
              -103.3892938,
              20.7285361
            ],
            [
              -103.3892887,
              20.7285839
            ],
            [
              -103.3893317,
              20.7285879
            ],
            [
              -103.3893187,
              20.7287094
            ],
            [
              -103.389118,
              20.7286938
            ],
            [
              -103.3891143,
              20.7287353
            ],
            [
              -103.388815,
              20.7287139
            ],
            [
              -103.3888031,
              20.7288592
            ],
            [
              -103.3891014,
              20.7288806
            ],
            [
              -103.3890986,
              20.728912
            ],
            [
              -103.3892014,
              20.72892
            ],
            [
              -103.389172,
              20.7292457
            ],
            [
              -103.3891622,
              20.7293545
            ],
            [
              -103.3895621,
              20.729386
            ],
            [
              -103.3895684,
              20.7293162
            ],
            [
              -103.3895472,
              20.7293146
            ],
            [
              -103.3892987,
              20.7292948
            ],
            [
              -103.3893317,
              20.7289302
            ],
            [
              -103.3894277,
              20.7289376
            ],
            [
              -103.3894306,
              20.7289042
            ],
            [
              -103.3897109,
              20.7289243
            ],
            [
              -103.3897228,
              20.7287788
            ]
          ]
        ]
      },
      "id": "way/765854476"
    },
    {
      "type": "Feature",
      "properties": {
        "@id": "way/765854477",
        "addr:city": "Zapopan",
        "building": "yes",
        "internet_access": "yes",
        "internet_access:fee": "no",
        "layer": "1",
        "location": "overhead",
        "name": "Zapopan Centro",
        "network": "Mi Tren",
        "nohousenumber": "yes",
        "operator": "SITEUR",
        "public_transport": "station",
        "railway": "station",
        "station": "subway",
        "subway": "yes",
        "wheelchair": "yes",
        "wikidata": "Q28131447",
        "wikipedia": "es:Estación Zapopan Centro"
      },
      "geometry": {
        "type": "Polygon",
        "coordinates": [
          [
            [
              -103.3871978,
              20.7209522
            ],
            [
              -103.3871103,
              20.7207736
            ],
            [
              -103.387161,
              20.7207519
            ],
            [
              -103.3869794,
              20.7203812
            ],
            [
              -103.3869255,
              20.7204043
            ],
            [
              -103.3868125,
              20.7201736
            ],
            [
              -103.3866715,
              20.720234
            ],
            [
              -103.3867849,
              20.7204656
            ],
            [
              -103.3867264,
              20.7204907
            ],
            [
              -103.3867333,
              20.7205048
            ],
            [
              -103.3866457,
              20.7205424
            ],
            [
              -103.3865887,
              20.7208937
            ],
            [
              -103.3866995,
              20.7209094
            ],
            [
              -103.3867461,
              20.7206223
            ],
            [
              -103.386786,
              20.7206052
            ],
            [
              -103.386911,
              20.7208601
            ],
            [
              -103.3869682,
              20.7208355
            ],
            [
              -103.3870554,
              20.7210133
            ],
            [
              -103.3871978,
              20.7209522
            ]
          ]
        ]
      },
      "id": "way/765854477"
    },
    {
      "type": "Feature",
      "properties": {
        "@id": "way/765854478",
        "addr:city": "Guadalajara",
        "building": "yes",
        "internet_access": "yes",
        "internet_access:fee": "no",
        "layer": "1",
        "location": "overhead",
        "name": "Plaza Patria",
        "network": "Mi Tren",
        "nohousenumber": "yes",
        "operator": "SITEUR",
        "public_transport": "station",
        "railway": "station",
        "station": "subway",
        "subway": "yes",
        "wheelchair": "yes",
        "wikidata": "Q25412410",
        "wikipedia": "es:Estación Plaza Patria"
      },
      "geometry": {
        "type": "Polygon",
        "coordinates": [
          [
            [
              -103.375528,
              20.712476
            ],
            [
              -103.3752899,
              20.7123255
            ],
            [
              -103.3753029,
              20.7123077
            ],
            [
              -103.3752701,
              20.7122869
            ],
            [
              -103.3753048,
              20.712239
            ],
            [
              -103.3762165,
              20.712817
            ],
            [
              -103.3762085,
              20.7128281
            ],
            [
              -103.3762417,
              20.7128492
            ],
            [
              -103.376288,
              20.7127852
            ],
            [
              -103.3753361,
              20.712182
            ],
            [
              -103.3753461,
              20.7121682
            ],
            [
              -103.3752606,
              20.7121141
            ],
            [
              -103.3752275,
              20.71216
            ],
            [
              -103.3752558,
              20.7121779
            ],
            [
              -103.3752287,
              20.7122156
            ],
            [
              -103.3752558,
              20.7122327
            ],
            [
              -103.3752307,
              20.7122675
            ],
            [
              -103.3749542,
              20.7120932
            ],
            [
              -103.3749457,
              20.712105
            ],
            [
              -103.3747614,
              20.711989
            ],
            [
              -103.3746703,
              20.7121155
            ],
            [
              -103.3748523,
              20.7122301
            ],
            [
              -103.3748172,
              20.7122789
            ],
            [
              -103.3750689,
              20.7124373
            ],
            [
              -103.3750034,
              20.7125282
            ],
            [
              -103.3749677,
              20.7125057
            ],
            [
              -103.3749343,
              20.7125521
            ],
            [
              -103.3750326,
              20.712614
            ],
            [
              -103.3751314,
              20.7124768
            ],
            [
              -103.3751586,
              20.712494
            ],
            [
              -103.3751902,
              20.7124502
            ],
            [
              -103.3754349,
              20.7126048
            ],
            [
              -103.375528,
              20.712476
            ]
          ]
        ]
      },
      "id": "way/765854478"
    },
    {
      "type": "Feature",
      "properties": {
        "@id": "way/765854479",
        "addr:city": "Guadalajara",
        "building": "yes",
        "internet_access": "yes",
        "internet_access:fee": "no",
        "layer": "1",
        "location": "overhead",
        "name": "Circunvalación Country",
        "network": "Mi Tren",
        "nohousenumber": "yes",
        "operator": "SITEUR",
        "public_transport": "station",
        "railway": "station",
        "station": "subway",
        "subway": "yes",
        "wheelchair": "yes",
        "wikidata": "Q25412415",
        "wikipedia": "es:Estación Circunvalación Country"
      },
      "geometry": {
        "type": "Polygon",
        "coordinates": [
          [
            [
              -103.3664249,
              20.7066451
            ],
            [
              -103.366255,
              20.7065381
            ],
            [
              -103.3662869,
              20.7064937
            ],
            [
              -103.3660252,
              20.7063289
            ],
            [
              -103.3660739,
              20.7062611
            ],
            [
              -103.3660569,
              20.7062504
            ],
            [
              -103.3661562,
              20.7061122
            ],
            [
              -103.3660873,
              20.7060689
            ],
            [
              -103.3659633,
              20.7062414
            ],
            [
              -103.3659472,
              20.7062313
            ],
            [
              -103.3658933,
              20.7063065
            ],
            [
              -103.3656692,
              20.7061659
            ],
            [
              -103.365594,
              20.7062707
            ],
            [
              -103.3658313,
              20.7064196
            ],
            [
              -103.3656879,
              20.7066195
            ],
            [
              -103.36579,
              20.7066836
            ],
            [
              -103.36585,
              20.7066
            ],
            [
              -103.3658426,
              20.7065954
            ],
            [
              -103.365876,
              20.7065491
            ],
            [
              -103.3661255,
              20.7067062
            ],
            [
              -103.3661577,
              20.7066614
            ],
            [
              -103.3663335,
              20.7067721
            ],
            [
              -103.3664249,
              20.7066451
            ]
          ]
        ]
      },
      "id": "way/765854479"
    },
    {
      "type": "Feature",
      "properties": {
        "@id": "way/765854480",
        "addr:city": "Guadalajara",
        "building": "yes",
        "internet_access": "yes",
        "internet_access:fee": "no",
        "layer": "1",
        "location": "overhead",
        "name": "Ávila Camacho",
        "network": "Mi Tren",
        "nohousenumber": "yes",
        "operator": "SITEUR",
        "public_transport": "station",
        "railway": "station",
        "station": "subway",
        "subway": "yes",
        "wheelchair": "yes",
        "wikidata": "Q6174151",
        "wikipedia": "es:Estación Ávila Camacho"
      },
      "geometry": {
        "type": "Polygon",
        "coordinates": [
          [
            [
              -103.3551297,
              20.6996002
            ],
            [
              -103.3552247,
              20.699467
            ],
            [
              -103.3549785,
              20.6993132
            ],
            [
              -103.3549881,
              20.6992997
            ],
            [
              -103.3547689,
              20.6991628
            ],
            [
              -103.3548716,
              20.6990189
            ],
            [
              -103.3547191,
              20.6989237
            ],
            [
              -103.3547265,
              20.6988041
            ],
            [
              -103.3544217,
              20.6987876
            ],
            [
              -103.3544179,
              20.698848
            ],
            [
              -103.354508,
              20.6989032
            ],
            [
              -103.3547254,
              20.6990366
            ],
            [
              -103.3546845,
              20.6990949
            ],
            [
              -103.3546635,
              20.6990946
            ],
            [
              -103.3544683,
              20.6989715
            ],
            [
              -103.354368,
              20.6991108
            ],
            [
              -103.3545464,
              20.6992233
            ],
            [
              -103.3545116,
              20.6992717
            ],
            [
              -103.3546754,
              20.699375
            ],
            [
              -103.3546377,
              20.6994272
            ],
            [
              -103.3546241,
              20.6996632
            ],
            [
              -103.3547059,
              20.6996673
            ],
            [
              -103.3547169,
              20.6994764
            ],
            [
              -103.3547556,
              20.6994223
            ],
            [
              -103.3548532,
              20.6994832
            ],
            [
              -103.3548807,
              20.6994447
            ],
            [
              -103.3551297,
              20.6996002
            ]
          ]
        ]
      },
      "id": "way/765854480"
    },
    {
      "type": "Feature",
      "properties": {
        "@id": "way/838853823",
        "addr:city": "San Pedro Tlaquepaque",
        "building": "yes",
        "building:levels": "2",
        "internet_access": "yes",
        "internet_access:fee": "no",
        "layer": "2",
        "name": "Central de Autobuses",
        "network": "Mi Tren",
        "nohousenumber": "yes",
        "operator": "SITEUR",
        "public_transport": "station",
        "railway": "station",
        "roof:shape": "flat",
        "station": "subway",
        "subway": "yes",
        "wheelchair": "yes",
        "wikidata": "Q28175695",
        "wikipedia": "es:Estación Central de Autobuses"
      },
      "geometry": {
        "type": "Polygon",
        "coordinates": [
          [
            [
              -103.2854676,
              20.6233888
            ],
            [
              -103.2855186,
              20.6232558
            ],
            [
              -103.2853238,
              20.6231904
            ],
            [
              -103.2853421,
              20.6231428
            ],
            [
              -103.284957,
              20.6230135
            ],
            [
              -103.2849398,
              20.6230585
            ],
            [
              -103.2846537,
              20.6229625
            ],
            [
              -103.284602,
              20.6230973
            ],
            [
              -103.2848886,
              20.6231935
            ],
            [
              -103.2848663,
              20.6232519
            ],
            [
              -103.2852605,
              20.6233842
            ],
            [
              -103.2852825,
              20.6233267
            ],
            [
              -103.2854676,
              20.6233888
            ]
          ]
        ]
      },
      "id": "way/838853823"
    },
    {
      "type": "Feature",
      "properties": {
        "@id": "way/838853824",
        "addr:city": "Tlaquepaque",
        "building": "yes",
        "internet_access": "yes",
        "internet_access:fee": "no",
        "layer": "1",
        "location": "overhead",
        "name": "Lázaro Cárdenas",
        "network": "Mi Tren",
        "nohousenumber": "yes",
        "operator": "SITEUR",
        "public_transport": "station",
        "railway": "station",
        "station": "subway",
        "subway": "yes",
        "wheelchair": "yes",
        "wikidata": "Q28175300",
        "wikipedia": "es:Estación Lázaro Cárdenas"
      },
      "geometry": {
        "type": "Polygon",
        "coordinates": [
          [
            [
              -103.2965805,
              20.6326083
            ],
            [
              -103.2964312,
              20.6323907
            ],
            [
              -103.2964645,
              20.6323707
            ],
            [
              -103.2963076,
              20.6321422
            ],
            [
              -103.2963599,
              20.6321108
            ],
            [
              -103.2963703,
              20.6321258
            ],
            [
              -103.2964468,
              20.6320798
            ],
            [
              -103.2963825,
              20.6319862
            ],
            [
              -103.2963012,
              20.6320351
            ],
            [
              -103.2963083,
              20.6320455
            ],
            [
              -103.2962602,
              20.6320744
            ],
            [
              -103.2962489,
              20.6320581
            ],
            [
              -103.2962105,
              20.6320811
            ],
            [
              -103.29608,
              20.6318911
            ],
            [
              -103.2959487,
              20.63197
            ],
            [
              -103.2960737,
              20.6321521
            ],
            [
              -103.2960395,
              20.6321726
            ],
            [
              -103.2961426,
              20.6323228
            ],
            [
              -103.2959721,
              20.6324253
            ],
            [
              -103.296176,
              20.6327223
            ],
            [
              -103.296241,
              20.6326832
            ],
            [
              -103.2961184,
              20.6325046
            ],
            [
              -103.2962409,
              20.632431
            ],
            [
              -103.2962728,
              20.6324774
            ],
            [
              -103.2962969,
              20.6324629
            ],
            [
              -103.2964504,
              20.6326865
            ],
            [
              -103.2965805,
              20.6326083
            ]
          ]
        ]
      },
      "id": "way/838853824"
    },
    {
      "type": "Feature",
      "properties": {
        "@id": "way/838853825",
        "addr:city": "Tlaquepaque",
        "building": "yes",
        "internet_access": "yes",
        "internet_access:fee": "no",
        "layer": "1",
        "location": "overhead",
        "name": "Tlaquepaque Centro",
        "network": "Mi Tren",
        "nohousenumber": "yes",
        "operator": "SITEUR",
        "public_transport": "station",
        "railway": "station",
        "roof:levels": "1",
        "station": "subway",
        "subway": "yes",
        "wheelchair": "yes",
        "wikidata": "Q28175042",
        "wikipedia": "es:Estación Tlaquepaque Centro"
      },
      "geometry": {
        "type": "Polygon",
        "coordinates": [
          [
            [
              -103.300213,
              20.6380912
            ],
            [
              -103.3003317,
              20.6380153
            ],
            [
              -103.300186,
              20.6378015
            ],
            [
              -103.3002231,
              20.6377769
            ],
            [
              -103.3000462,
              20.637525
            ],
            [
              -103.3000122,
              20.6375468
            ],
            [
              -103.2998279,
              20.637287
            ],
            [
              -103.2997008,
              20.6373642
            ],
            [
              -103.2998857,
              20.6376207
            ],
            [
              -103.2998556,
              20.6376426
            ],
            [
              -103.3000301,
              20.6378917
            ],
            [
              -103.3000607,
              20.6378757
            ],
            [
              -103.300213,
              20.6380912
            ]
          ]
        ]
      },
      "id": "way/838853825"
    },
    {
      "type": "Feature",
      "properties": {
        "@id": "way/838853826",
        "addr:city": "Guadalajara",
        "building": "yes",
        "internet_access": "yes",
        "internet_access:fee": "no",
        "layer": "1",
        "location": "overhead",
        "name": "Río Nilo",
        "network": "Mi Tren",
        "nohousenumber": "yes",
        "operator": "SITEUR",
        "public_transport": "station",
        "railway": "station",
        "station": "subway",
        "subway": "yes",
        "wheelchair": "yes",
        "wikidata": "Q28174665",
        "wikipedia": "es:Estación Río Nilo"
      },
      "geometry": {
        "type": "Polygon",
        "coordinates": [
          [
            [
              -103.304282,
              20.6452529
            ],
            [
              -103.3044173,
              20.6451935
            ],
            [
              -103.3042914,
              20.6449718
            ],
            [
              -103.3043369,
              20.6449476
            ],
            [
              -103.3042436,
              20.6447811
            ],
            [
              -103.3044391,
              20.6446855
            ],
            [
              -103.3043941,
              20.6446074
            ],
            [
              -103.304202,
              20.644707
            ],
            [
              -103.3041852,
              20.6446814
            ],
            [
              -103.3041493,
              20.6446952
            ],
            [
              -103.3040027,
              20.6444303
            ],
            [
              -103.3038631,
              20.6445008
            ],
            [
              -103.3039629,
              20.6446816
            ],
            [
              -103.3040112,
              20.6447632
            ],
            [
              -103.3039783,
              20.6447798
            ],
            [
              -103.3039839,
              20.6447882
            ],
            [
              -103.3037204,
              20.6449175
            ],
            [
              -103.303765,
              20.6449976
            ],
            [
              -103.304032,
              20.6448779
            ],
            [
              -103.3041344,
              20.645047
            ],
            [
              -103.3041613,
              20.6450313
            ],
            [
              -103.304282,
              20.6452529
            ]
          ]
        ]
      },
      "id": "way/838853826"
    },
    {
      "type": "Feature",
      "properties": {
        "@id": "way/838853828",
        "addr:city": "Guadalajara",
        "building": "yes",
        "internet_access": "yes",
        "internet_access:fee": "no",
        "layer": "-1",
        "location": "underground",
        "name": "Plaza de la Bandera",
        "network": "Mi Tren",
        "nohousenumber": "yes",
        "operator": "SITEUR",
        "public_transport": "station",
        "railway": "station",
        "station": "subway",
        "subway": "yes",
        "wheelchair": "yes",
        "wikidata": "Q28173256",
        "wikipedia": "es:Estación Plaza de la Bandera"
      },
      "geometry": {
        "type": "Polygon",
        "coordinates": [
          [
            [
              -103.332895,
              20.6652974
            ],
            [
              -103.332957,
              20.6652119
            ],
            [
              -103.3321655,
              20.6647044
            ],
            [
              -103.3321072,
              20.6648002
            ],
            [
              -103.332895,
              20.6652974
            ]
          ]
        ]
      },
      "id": "way/838853828"
    },
    {
      "type": "Feature",
      "properties": {
        "@id": "way/838853831",
        "addr:city": "Guadalajara",
        "building": "yes",
        "internet_access": "yes",
        "internet_access:fee": "no",
        "layer": "-1",
        "location": "underground",
        "name": "Santuario",
        "network": "Mi Tren",
        "nohousenumber": "yes",
        "operator": "SITEUR",
        "public_transport": "station",
        "railway": "station",
        "station": "subway",
        "subway": "yes",
        "wheelchair": "yes",
        "wikidata": "Q28154960",
        "wikipedia": "es:Estación Santuario"
      },
      "geometry": {
        "type": "Polygon",
        "coordinates": [
          [
            [
              -103.3479589,
              20.6844153
            ],
            [
              -103.3479229,
              20.6836753
            ],
            [
              -103.3477384,
              20.6836832
            ],
            [
              -103.3477745,
              20.6844232
            ],
            [
              -103.3479589,
              20.6844153
            ]
          ]
        ]
      },
      "id": "way/838853831"
    },
    {
      "type": "Feature",
      "properties": {
        "@id": "way/838853832",
        "addr:city": "Guadalajara",
        "building": "yes",
        "building:levels": "5",
        "internet_access": "yes",
        "internet_access:fee": "no",
        "layer": "-1",
        "location": "underground",
        "name": "La Normal (CETRAM)",
        "network": "Mi Tren",
        "operator": "SITEUR",
        "public_transport": "station",
        "railway": "station",
        "station": "subway",
        "subway": "yes",
        "wheelchair": "yes",
        "wikidata": "Q28147653",
        "wikipedia": "es:Estación La Normal"
      },
      "geometry": {
        "type": "Polygon",
        "coordinates": [
          [
            [
              -103.3484298,
              20.6930572
            ],
            [
              -103.3487973,
              20.6930797
            ],
            [
              -103.3488076,
              20.6929013
            ],
            [
              -103.3484203,
              20.6928817
            ],
            [
              -103.3484121,
              20.6926936
            ],
            [
              -103.3479868,
              20.6927139
            ],
            [
              -103.3479456,
              20.6927412
            ],
            [
              -103.3479794,
              20.6934962
            ],
            [
              -103.3484458,
              20.693477
            ],
            [
              -103.3484298,
              20.6930572
            ]
          ]
        ]
      },
      "id": "way/838853832"
    },
    {
      "type": "Feature",
      "properties": {
        "@id": "way/839219550",
        "addr:city": "Guadalajara",
        "building": "train_station",
        "building:levels": "1",
        "internet_access": "wlan",
        "internet_access:fee": "no",
        "layer": "1",
        "light_rail": "yes",
        "name": "Santuario Mártires de Cristo Rey",
        "network": "Mi Tren",
        "old_name": "Tesoro",
        "operator": "SITEUR",
        "public_transport": "station",
        "railway": "halt",
        "station": "light_rail",
        "wheelchair": "yes",
        "wikidata": "Q6121478",
        "wikipedia": "es:Estación Santuario Mártires de Cristo Rey"
      },
      "geometry": {
        "type": "Polygon",
        "coordinates": [
          [
            [
              -103.3959581,
              20.613489
            ],
            [
              -103.3959475,
              20.6134814
            ],
            [
              -103.3958772,
              20.6134311
            ],
            [
              -103.3958584,
              20.6134176
            ],
            [
              -103.3952162,
              20.6142031
            ],
            [
              -103.395316,
              20.6142746
            ],
            [
              -103.3959581,
              20.613489
            ]
          ]
        ]
      },
      "id": "way/839219550"
    },
    {
      "type": "Feature",
      "properties": {
        "@id": "way/839219551",
        "addr:city": "Guadalajara",
        "building": "train_station",
        "building:levels": "1",
        "internet_access": "wlan",
        "internet_access:fee": "no",
        "layer": "1",
        "light_rail": "yes",
        "name": "España",
        "network": "Mi Tren",
        "operator": "SITEUR",
        "public_transport": "station",
        "railway": "halt",
        "station": "light_rail",
        "wheelchair": "yes",
        "wikidata": "Q5839902",
        "wikipedia": "es:Estación España"
      },
      "geometry": {
        "type": "Polygon",
        "coordinates": [
          [
            [
              -103.3889877,
              20.6220413
            ],
            [
              -103.3896327,
              20.6212496
            ],
            [
              -103.389621,
              20.6212387
            ],
            [
              -103.389551,
              20.6211831
            ],
            [
              -103.3895317,
              20.6211702
            ],
            [
              -103.3888697,
              20.6219651
            ],
            [
              -103.3889877,
              20.6220413
            ]
          ]
        ]
      },
      "id": "way/839219551"
    },
    {
      "type": "Feature",
      "properties": {
        "@id": "way/839219552",
        "addr:city": "Guadalajara",
        "building": "train_station",
        "building:levels": "1",
        "internet_access": "wlan",
        "internet_access:fee": "no",
        "layer": "1",
        "light_rail": "yes",
        "name": "Patria",
        "network": "Mi Tren",
        "operator": "SITEUR",
        "public_transport": "station",
        "railway": "halt",
        "station": "light_rail",
        "wheelchair": "yes",
        "wikidata": "Q6066397",
        "wikipedia": "es:Estación Patria"
      },
      "geometry": {
        "type": "Polygon",
        "coordinates": [
          [
            [
              -103.3854975,
              20.626344
            ],
            [
              -103.3854783,
              20.6263315
            ],
            [
              -103.3853988,
              20.6262797
            ],
            [
              -103.3853805,
              20.6262678
            ],
            [
              -103.3847275,
              20.6270595
            ],
            [
              -103.3848395,
              20.6271274
            ],
            [
              -103.3854975,
              20.626344
            ]
          ]
        ]
      },
      "id": "way/839219552"
    },
    {
      "type": "Feature",
      "properties": {
        "@id": "way/839219553",
        "addr:city": "Guadalajara",
        "building": "train_station",
        "building:levels": "1",
        "internet_access": "wlan",
        "internet_access:fee": "no",
        "layer": "1",
        "light_rail": "yes",
        "name": "Isla Raza",
        "network": "Mi Tren",
        "operator": "SITEUR",
        "public_transport": "station",
        "railway": "halt",
        "station": "light_rail",
        "wheelchair": "yes",
        "wikidata": "Q5921876",
        "wikipedia": "es:Estación Isla Raza"
      },
      "geometry": {
        "type": "Polygon",
        "coordinates": [
          [
            [
              -103.380455,
              20.6331302
            ],
            [
              -103.3810455,
              20.6323043
            ],
            [
              -103.3810326,
              20.6322961
            ],
            [
              -103.3809637,
              20.6322503
            ],
            [
              -103.3809436,
              20.6322365
            ],
            [
              -103.3803481,
              20.6330674
            ],
            [
              -103.380455,
              20.6331302
            ]
          ]
        ]
      },
      "id": "way/839219553"
    },
    {
      "type": "Feature",
      "properties": {
        "@id": "way/839219554",
        "addr:city": "Guadalajara",
        "building": "train_station",
        "building:levels": "1",
        "internet_access": "wlan",
        "internet_access:fee": "no",
        "layer": "1",
        "light_rail": "yes",
        "name": "18 de Marzo",
        "network": "Mi Tren",
        "operator": "SITEUR",
        "public_transport": "station",
        "railway": "halt",
        "station": "light_rail",
        "wheelchair": "yes",
        "wikidata": "Q5485857",
        "wikipedia": "es:Estación 18 de Marzo"
      },
      "geometry": {
        "type": "Polygon",
        "coordinates": [
          [
            [
              -103.377323,
              20.6377234
            ],
            [
              -103.3772173,
              20.6376682
            ],
            [
              -103.3770241,
              20.6379805
            ],
            [
              -103.376949,
              20.6381019
            ],
            [
              -103.3766746,
              20.6385224
            ],
            [
              -103.3766886,
              20.6385303
            ],
            [
              -103.376751,
              20.6385644
            ],
            [
              -103.3767681,
              20.6385737
            ],
            [
              -103.3770303,
              20.6381837
            ],
            [
              -103.377323,
              20.6377234
            ]
          ]
        ]
      },
      "id": "way/839219554"
    },
    {
      "type": "Feature",
      "properties": {
        "@id": "way/839219557",
        "addr:city": "Guadalajara",
        "building": "train_station",
        "building:levels": "1",
        "internet_access": "wlan",
        "internet_access:fee": "no",
        "layer": "1",
        "light_rail": "yes",
        "name": "Urdaneta",
        "network": "Mi Tren",
        "operator": "SITEUR",
        "public_transport": "station",
        "railway": "halt",
        "station": "light_rail",
        "wheelchair": "yes",
        "wikidata": "Q6157387",
        "wikipedia": "es:Estación Urdaneta"
      },
      "geometry": {
        "type": "Polygon",
        "coordinates": [
          [
            [
              -103.373131,
              20.6428236
            ],
            [
              -103.3731198,
              20.6428156
            ],
            [
              -103.3730427,
              20.64276
            ],
            [
              -103.373028,
              20.6427494
            ],
            [
              -103.3723593,
              20.6435217
            ],
            [
              -103.3724548,
              20.6435959
            ],
            [
              -103.373131,
              20.6428236
            ]
          ]
        ]
      },
      "id": "way/839219557"
    },
    {
      "type": "Feature",
      "properties": {
        "@id": "way/839219558",
        "addr:city": "Guadalajara",
        "building": "train_station",
        "building:levels": "1",
        "internet_access": "wlan",
        "internet_access:fee": "no",
        "layer": "1",
        "light_rail": "yes",
        "name": "Unidad Deportiva",
        "network": "Mi Tren",
        "operator": "SITEUR",
        "public_transport": "station",
        "railway": "halt",
        "station": "light_rail",
        "wheelchair": "yes",
        "wikidata": "Q6156077",
        "wikipedia": "es:Estación Unidad Deportiva (Guadalajara)"
      },
      "geometry": {
        "type": "Polygon",
        "coordinates": [
          [
            [
              -103.36966,
              20.6468487
            ],
            [
              -103.3696528,
              20.6468443
            ],
            [
              -103.3695774,
              20.6467978
            ],
            [
              -103.3695552,
              20.646784
            ],
            [
              -103.3689332,
              20.6476096
            ],
            [
              -103.3690369,
              20.6476742
            ],
            [
              -103.36966,
              20.6468487
            ]
          ]
        ]
      },
      "id": "way/839219558"
    },
    {
      "type": "Feature",
      "properties": {
        "@id": "way/839219559",
        "addr:city": "Guadalajara",
        "building": "train_station",
        "building:levels": "1",
        "internet_access": "wlan",
        "internet_access:fee": "no",
        "layer": "1",
        "light_rail": "yes",
        "name": "Santa Filomena",
        "network": "Mi Tren",
        "operator": "SITEUR",
        "public_transport": "station",
        "railway": "halt",
        "station": "light_rail",
        "wheelchair": "yes",
        "wikidata": "Q6120432"
      },
      "geometry": {
        "type": "Polygon",
        "coordinates": [
          [
            [
              -103.3639657,
              20.6540444
            ],
            [
              -103.3638702,
              20.6539785
            ],
            [
              -103.3633262,
              20.6546692
            ],
            [
              -103.3633424,
              20.6546804
            ],
            [
              -103.3633996,
              20.6547198
            ],
            [
              -103.3634216,
              20.654735
            ],
            [
              -103.3639657,
              20.6540444
            ]
          ]
        ]
      },
      "id": "way/839219559"
    },
    {
      "type": "Feature",
      "properties": {
        "@id": "way/839533941",
        "addr:city": "Guadalajara",
        "building": "train_station",
        "building:levels": "1",
        "internet_access": "wlan",
        "internet_access:fee": "no",
        "layer": "-1",
        "light_rail": "yes",
        "location": "underground",
        "name": "Washington",
        "network": "Mi Tren",
        "operator": "SITEUR",
        "public_transport": "station",
        "railway": "halt",
        "station": "light_rail",
        "wheelchair": "yes",
        "wikidata": "Q6166478",
        "wikipedia": "es:Estación Washington (Guadalajara)"
      },
      "geometry": {
        "type": "Polygon",
        "coordinates": [
          [
            [
              -103.357682,
              20.6607271
            ],
            [
              -103.3575269,
              20.6606686
            ],
            [
              -103.3571883,
              20.6614791
            ],
            [
              -103.3573411,
              20.661526
            ],
            [
              -103.357682,
              20.6607271
            ]
          ]
        ]
      },
      "id": "way/839533941"
    },
    {
      "type": "Feature",
      "properties": {
        "@id": "way/839533942",
        "addr:city": "Guadalajara",
        "building": "train_station",
        "building:levels": "1",
        "internet_access": "wlan",
        "internet_access:fee": "no",
        "layer": "-1",
        "light_rail": "yes",
        "location": "underground",
        "name": "Mexicaltzingo",
        "network": "Mi Tren",
        "operator": "SITEUR",
        "public_transport": "station",
        "railway": "halt",
        "station": "light_rail",
        "wheelchair": "yes",
        "wikidata": "Q9032125",
        "wikipedia": "es:Estación Mexicaltzingo (Guadalajara)"
      },
      "geometry": {
        "type": "Polygon",
        "coordinates": [
          [
            [
              -103.3555834,
              20.6664414
            ],
            [
              -103.355441,
              20.6664074
            ],
            [
              -103.3551761,
              20.6673793
            ],
            [
              -103.3553188,
              20.6674133
            ],
            [
              -103.3555834,
              20.6664414
            ]
          ]
        ]
      },
      "id": "way/839533942"
    },
    {
      "type": "Feature",
      "properties": {
        "@id": "way/839533943",
        "addr:city": "Guadalajara",
        "building": "train_station",
        "building:levels": "1",
        "internet_access": "wlan",
        "internet_access:fee": "no",
        "layer": "-2",
        "light_rail": "yes",
        "location": "underground",
        "name": "Juárez",
        "network": "Mi Tren",
        "operator": "SITEUR",
        "public_transport": "station",
        "railway": "halt",
        "station": "light_rail",
        "wheelchair": "yes",
        "wikidata": "Q5816925",
        "wikipedia": "es:Estación Juárez (Guadalajara)"
      },
      "geometry": {
        "type": "Polygon",
        "coordinates": [
          [
            [
              -103.3548272,
              20.6743758
            ],
            [
              -103.3546932,
              20.6743741
            ],
            [
              -103.3546767,
              20.6755046
            ],
            [
              -103.3548108,
              20.6755064
            ],
            [
              -103.3548272,
              20.6743758
            ]
          ]
        ]
      },
      "id": "way/839533943"
    },
    {
      "type": "Feature",
      "properties": {
        "@id": "way/839533944",
        "addr:city": "Guadalajara",
        "building": "train_station",
        "building:levels": "1",
        "internet_access": "wlan",
        "internet_access:fee": "no",
        "layer": "-1",
        "light_rail": "yes",
        "location": "underground",
        "name": "Refugio",
        "network": "Mi Tren",
        "operator": "SITEUR",
        "public_transport": "station",
        "railway": "halt",
        "station": "light_rail",
        "wheelchair": "yes",
        "wikidata": "Q6103592",
        "wikipedia": "es:Estación Refugio (Guadalajara)"
      },
      "geometry": {
        "type": "Polygon",
        "coordinates": [
          [
            [
              -103.354148,
              20.6828644
            ],
            [
              -103.3541751,
              20.6818933
            ],
            [
              -103.3540114,
              20.6818908
            ],
            [
              -103.35399,
              20.6828619
            ],
            [
              -103.354148,
              20.6828644
            ]
          ]
        ]
      },
      "id": "way/839533944"
    },
    {
      "type": "Feature",
      "properties": {
        "@id": "way/839533945",
        "addr:city": "Guadalajara",
        "building": "train_station",
        "building:levels": "1",
        "internet_access": "wlan",
        "internet_access:fee": "no",
        "layer": "-1",
        "light_rail": "yes",
        "location": "underground",
        "name": "Mezquitán",
        "network": "Mi Tren",
        "operator": "SITEUR",
        "public_transport": "station",
        "railway": "halt",
        "station": "light_rail",
        "wheelchair": "yes",
        "wikidata": "Q6012282",
        "wikipedia": "es:Estación Mezquitán"
      },
      "geometry": {
        "type": "Polygon",
        "coordinates": [
          [
            [
              -103.3540013,
              20.6920218
            ],
            [
              -103.353949,
              20.6909341
            ],
            [
              -103.3538182,
              20.6909396
            ],
            [
              -103.3538703,
              20.6920273
            ],
            [
              -103.3540013,
              20.6920218
            ]
          ]
        ]
      },
      "id": "way/839533945"
    },
    {
      "type": "Feature",
      "properties": {
        "@id": "way/839533946",
        "addr:city": "Guadalajara",
        "building": "train_station",
        "building:levels": "1",
        "internet_access": "wlan",
        "internet_access:fee": "no",
        "layer": "-1",
        "light_rail": "yes",
        "location": "underground",
        "name": "Avila Camacho",
        "network": "Mi Tren",
        "operator": "SITEUR",
        "public_transport": "station",
        "railway": "halt",
        "station": "light_rail",
        "wheelchair": "yes",
        "wikidata": "Q6174151",
        "wikipedia": "es:Estación Ávila Camacho"
      },
      "geometry": {
        "type": "Polygon",
        "coordinates": [
          [
            [
              -103.3550579,
              20.6977657
            ],
            [
              -103.3549357,
              20.6977608
            ],
            [
              -103.3548733,
              20.6991227
            ],
            [
              -103.3549954,
              20.6991276
            ],
            [
              -103.3550579,
              20.6977657
            ]
          ]
        ]
      },
      "id": "way/839533946"
    },
    {
      "type": "Feature",
      "properties": {
        "@id": "way/839533947",
        "addr:city": "Guadalajara",
        "building": "train_station",
        "building:levels": "1",
        "internet_access": "wlan",
        "internet_access:fee": "no",
        "layer": "-1",
        "light_rail": "yes",
        "location": "underground",
        "name": "División del Norte",
        "network": "Mi Tren",
        "operator": "SITEUR",
        "public_transport": "station",
        "railway": "halt",
        "station": "light_rail",
        "wheelchair": "yes",
        "wikidata": "Q5811807",
        "wikipedia": "es:Estación División del Norte (Guadalajara)"
      },
      "geometry": {
        "type": "Polygon",
        "coordinates": [
          [
            [
              -103.3554733,
              20.7075945
            ],
            [
              -103.3553683,
              20.7076219
            ],
            [
              -103.3557833,
              20.7083972
            ],
            [
              -103.3558803,
              20.7083727
            ],
            [
              -103.3554733,
              20.7075945
            ]
          ]
        ]
      },
      "id": "way/839533947"
    },
    {
      "type": "Feature",
      "properties": {
        "@id": "way/839533948",
        "addr:city": "Zapopan",
        "building": "train_station",
        "building:levels": "1",
        "internet_access": "wlan",
        "internet_access:fee": "no",
        "layer": "1",
        "light_rail": "yes",
        "location": "overground",
        "name": "Atemajac",
        "network": "Mi Tren",
        "operator": "SITEUR",
        "public_transport": "station",
        "railway": "halt",
        "station": "light_rail",
        "wheelchair": "yes",
        "wikidata": "Q5710516",
        "wikipedia": "es:Estación Atemajac"
      },
      "geometry": {
        "type": "Polygon",
        "coordinates": [
          [
            [
              -103.354558,
              20.7157449
            ],
            [
              -103.3545323,
              20.7157395
            ],
            [
              -103.3544376,
              20.7157198
            ],
            [
              -103.3544117,
              20.7157143
            ],
            [
              -103.3541992,
              20.7167168
            ],
            [
              -103.3543346,
              20.716743
            ],
            [
              -103.354558,
              20.7157449
            ]
          ]
        ]
      },
      "id": "way/839533948"
    },
    {
      "type": "Feature",
      "properties": {
        "@id": "way/839533949",
        "addr:city": "Zapopan",
        "building": "train_station",
        "building:levels": "1",
        "internet_access": "wlan",
        "internet_access:fee": "no",
        "layer": "1",
        "light_rail": "yes",
        "location": "overground",
        "name": "Dermatológico",
        "network": "Mi Tren",
        "operator": "SITEUR",
        "public_transport": "station",
        "railway": "halt",
        "station": "light_rail",
        "wheelchair": "yes",
        "wikidata": "Q5411610",
        "wikipedia": "es:Estación Dermatológico"
      },
      "geometry": {
        "type": "Polygon",
        "coordinates": [
          [
            [
              -103.3533272,
              20.7213697
            ],
            [
              -103.3535392,
              20.7203848
            ],
            [
              -103.3534112,
              20.7203608
            ],
            [
              -103.3532012,
              20.7213545
            ],
            [
              -103.3532279,
              20.7213556
            ],
            [
              -103.353314,
              20.7213676
            ],
            [
              -103.3533272,
              20.7213697
            ]
          ]
        ]
      },
      "id": "way/839533949"
    },
    {
      "type": "Feature",
      "properties": {
        "@id": "way/839533950",
        "addr:city": "Zapopan",
        "building": "train_station",
        "building:levels": "1",
        "internet_access": "wlan",
        "internet_access:fee": "no",
        "layer": "-1",
        "level": "-1",
        "light_rail": "yes",
        "location": "underground",
        "name": "Periférico Norte",
        "network": "Mi Tren",
        "operator": "SITEUR",
        "public_transport": "station",
        "railway": "halt",
        "station": "light_rail",
        "underground": "yes",
        "wheelchair": "yes",
        "wikidata": "Q6072486",
        "wikipedia": "es:Estación Periférico Norte"
      },
      "geometry": {
        "type": "Polygon",
        "coordinates": [
          [
            [
              -103.3524209,
              20.7305994
            ],
            [
              -103.3523052,
              20.7305629
            ],
            [
              -103.3522523,
              20.7307095
            ],
            [
              -103.3521405,
              20.7306742
            ],
            [
              -103.3520953,
              20.7307997
            ],
            [
              -103.3521959,
              20.7308314
            ],
            [
              -103.3519235,
              20.7315882
            ],
            [
              -103.3520698,
              20.7316342
            ],
            [
              -103.3523407,
              20.7308816
            ],
            [
              -103.3524401,
              20.730913
            ],
            [
              -103.3524867,
              20.7307837
            ],
            [
              -103.352368,
              20.7307463
            ],
            [
              -103.3524209,
              20.7305994
            ]
          ]
        ]
      },
      "id": "way/839533950"
    },
    {
      "type": "Feature",
      "properties": {
        "@id": "way/839533951",
        "addr:city": "Zapopan",
        "building": "train_station",
        "building:levels": "1",
        "internet_access": "wlan",
        "internet_access:fee": "no",
        "layer": "-1",
        "light_rail": "yes",
        "location": "underground",
        "name": "Auditorio",
        "network": "Mi Tren",
        "operator": "SITEUR",
        "public_transport": "station",
        "railway": "halt",
        "station": "light_rail",
        "wheelchair": "yes",
        "wikidata": "Q37066612",
        "wikipedia": "es:Estación Auditorio (Guadalajara)"
      },
      "geometry": {
        "type": "Polygon",
        "coordinates": [
          [
            [
              -103.3506368,
              20.7358703
            ],
            [
              -103.3511555,
              20.7346767
            ],
            [
              -103.3510424,
              20.7346337
            ],
            [
              -103.3505234,
              20.7358272
            ],
            [
              -103.3505305,
              20.7358299
            ],
            [
              -103.3506224,
              20.7358648
            ],
            [
              -103.3506368,
              20.7358703
            ]
          ]
        ]
      },
      "id": "way/839533951"
    },
    {
      "type": "Feature",
      "properties": {
        "@id": "way/848849276",
        "addr:city": "Guadalajara",
        "building": "train_station",
        "internet_access": "wlan",
        "internet_access:fee": "no",
        "layer": "-2",
        "light_rail": "yes",
        "location": "underground",
        "name": "Juárez II",
        "network": "Mi Tren",
        "operator": "SITEUR",
        "public_transport": "station",
        "railway": "station",
        "station": "light_rail",
        "subway": "yes",
        "wheelchair": "yes",
        "wikidata": "Q5816925",
        "wikipedia": "es:Estación Juárez (Guadalajara)"
      },
      "geometry": {
        "type": "Polygon",
        "coordinates": [
          [
            [
              -103.3549094,
              20.6748379
            ],
            [
              -103.3549141,
              20.6749773
            ],
            [
              -103.3560861,
              20.6749428
            ],
            [
              -103.3560815,
              20.6748035
            ],
            [
              -103.3549094,
              20.6748379
            ]
          ]
        ]
      },
      "id": "way/848849276"
    },
    {
      "type": "Feature",
      "properties": {
        "@id": "way/851318839",
        "building": "yes",
        "name": "Amatitlán",
        "public_transport": "station",
        "railway": "station",
        "train": "yes"
      },
      "geometry": {
        "type": "Polygon",
        "coordinates": [
          [
            [
              -103.7333175,
              20.8380562
            ],
            [
              -103.7332814,
              20.8380905
            ],
            [
              -103.7339624,
              20.8387155
            ],
            [
              -103.7339984,
              20.8386813
            ],
            [
              -103.7333175,
              20.8380562
            ]
          ]
        ]
      },
      "id": "way/851318839"
    },
    {
      "type": "Feature",
      "properties": {
        "@id": "way/948125730",
        "addr:city": "Guadalajara",
        "building": "yes",
        "internet_access": "yes",
        "internet_access:fee": "no",
        "layer": "1",
        "location": "overhead",
        "name": "Revolución",
        "network": "Mi Tren",
        "nohousenumber": "yes",
        "operator": "SITEUR",
        "public_transport": "station",
        "railway": "station",
        "station": "subway",
        "subway": "yes",
        "wheelchair": "yes",
        "wikidata": "Q28174107",
        "wikipedia": "es:Estación Revolución"
      },
      "geometry": {
        "type": "Polygon",
        "coordinates": [
          [
            [
              -103.3107573,
              20.6512391
            ],
            [
              -103.310528,
              20.6510976
            ],
            [
              -103.3105451,
              20.6510733
            ],
            [
              -103.3103052,
              20.650925
            ],
            [
              -103.3104084,
              20.6507788
            ],
            [
              -103.3100797,
              20.6505757
            ],
            [
              -103.3100279,
              20.650649
            ],
            [
              -103.3102553,
              20.6507896
            ],
            [
              -103.3102032,
              20.6508635
            ],
            [
              -103.3101992,
              20.650861
            ],
            [
              -103.31018,
              20.6508882
            ],
            [
              -103.3099839,
              20.650767
            ],
            [
              -103.3098945,
              20.6508935
            ],
            [
              -103.3100904,
              20.6510146
            ],
            [
              -103.3100661,
              20.651049
            ],
            [
              -103.3101383,
              20.6510936
            ],
            [
              -103.3100141,
              20.6512695
            ],
            [
              -103.310151,
              20.6512949
            ],
            [
              -103.3102419,
              20.6511658
            ],
            [
              -103.3104112,
              20.6512702
            ],
            [
              -103.3104394,
              20.6512301
            ],
            [
              -103.3106654,
              20.6513695
            ],
            [
              -103.3107573,
              20.6512391
            ]
          ]
        ]
      },
      "id": "way/948125730"
    },
    {
      "type": "Feature",
      "properties": {
        "@id": "way/949863008",
        "building": "train_station",
        "building:levels": "1",
        "internet_access": "wlan",
        "internet_access:fee": "no",
        "layer": "-1",
        "location": "underground",
        "name": "Tetlán",
        "network": "Mi Tren",
        "operator": "SITEUR",
        "public_transport": "station",
        "railway": "halt",
        "station": "light_rail",
        "subway": "yes",
        "wheelchair": "yes",
        "wikidata": "Q6143608",
        "wikipedia": "es:Estación Tetlán"
      },
      "geometry": {
        "type": "Polygon",
        "coordinates": [
          [
            [
              -103.2762217,
              20.6598786
            ],
            [
              -103.2762329,
              20.659778
            ],
            [
              -103.275714,
              20.6597272
            ],
            [
              -103.2757028,
              20.6598276
            ],
            [
              -103.2762217,
              20.6598786
            ]
          ]
        ]
      },
      "id": "way/949863008"
    },
    {
      "type": "Feature",
      "properties": {
        "@id": "way/949863009",
        "building": "train_station",
        "building:levels": "1",
        "internet_access": "wlan",
        "internet_access:fee": "no",
        "layer": "-1",
        "location": "underground",
        "name": "La Aurora",
        "network": "Mi Tren",
        "operator": "SITEUR",
        "public_transport": "station",
        "railway": "halt",
        "station": "light_rail",
        "subway": "yes",
        "wheelchair": "yes",
        "wikidata": "Q5962074",
        "wikipedia": "es:Estación La Aurora (Guadalajara)"
      },
      "geometry": {
        "type": "Polygon",
        "coordinates": [
          [
            [
              -103.2858276,
              20.6625373
            ],
            [
              -103.2858424,
              20.6624373
            ],
            [
              -103.2853927,
              20.662379
            ],
            [
              -103.2853779,
              20.6624789
            ],
            [
              -103.2858276,
              20.6625373
            ]
          ]
        ]
      },
      "id": "way/949863009"
    },
    {
      "type": "Feature",
      "properties": {
        "@id": "way/949863010",
        "building": "train_station",
        "building:levels": "1",
        "internet_access": "wlan",
        "internet_access:fee": "no",
        "layer": "-1",
        "location": "underground",
        "name": "San Jacinto",
        "network": "Mi Tren",
        "operator": "SITEUR",
        "public_transport": "station",
        "railway": "halt",
        "station": "light_rail",
        "subway": "yes",
        "wheelchair": "yes",
        "wikidata": "Q5562258",
        "wikipedia": "es:Estación San Jacinto (Guadalajara)"
      },
      "geometry": {
        "type": "Polygon",
        "coordinates": [
          [
            [
              -103.297736,
              20.6640618
            ],
            [
              -103.2977837,
              20.6637822
            ],
            [
              -103.2967685,
              20.6636395
            ],
            [
              -103.29673,
              20.6639133
            ],
            [
              -103.297736,
              20.6640618
            ]
          ]
        ]
      },
      "id": "way/949863010"
    },
    {
      "type": "Feature",
      "properties": {
        "@id": "way/949863011",
        "building": "train_station",
        "building:levels": "1",
        "internet_access": "wlan",
        "internet_access:fee": "no",
        "layer": "-1",
        "location": "underground",
        "name": "San Andrés",
        "network": "Mi Tren",
        "operator": "SITEUR",
        "public_transport": "station",
        "railway": "halt",
        "station": "light_rail",
        "subway": "yes",
        "wheelchair": "yes",
        "wikidata": "Q6118294",
        "wikipedia": "es:Estación San Andrés (Guadalajara)"
      },
      "geometry": {
        "type": "Polygon",
        "coordinates": [
          [
            [
              -103.3063431,
              20.6654758
            ],
            [
              -103.3064181,
              20.6652804
            ],
            [
              -103.305796,
              20.6650883
            ],
            [
              -103.305729,
              20.6652842
            ],
            [
              -103.3063431,
              20.6654758
            ]
          ]
        ]
      },
      "id": "way/949863011"
    },
    {
      "type": "Feature",
      "properties": {
        "@id": "way/949863012",
        "building": "train_station",
        "building:levels": "1",
        "internet_access": "wlan",
        "internet_access:fee": "no",
        "layer": "-1",
        "location": "underground",
        "name": "Cristobal de Oñate",
        "network": "Mi Tren",
        "operator": "SITEUR",
        "public_transport": "station",
        "railway": "halt",
        "station": "light_rail",
        "subway": "yes",
        "wheelchair": "yes",
        "wikidata": "Q5791935",
        "wikipedia": "es:Estación Cristóbal de Oñate"
      },
      "geometry": {
        "type": "Polygon",
        "coordinates": [
          [
            [
              -103.3137631,
              20.667792
            ],
            [
              -103.3138462,
              20.667536
            ],
            [
              -103.3130402,
              20.6672851
            ],
            [
              -103.312953,
              20.6675461
            ],
            [
              -103.3137631,
              20.667792
            ]
          ]
        ]
      },
      "id": "way/949863012"
    },
    {
      "type": "Feature",
      "properties": {
        "@id": "way/958305208",
        "building": "train_station",
        "building:levels": "1",
        "internet_access": "wlan",
        "internet_access:fee": "no",
        "layer": "-1",
        "location": "underground",
        "name": "Oblatos",
        "network": "Mi Tren",
        "operator": "SITEUR",
        "public_transport": "station",
        "railway": "halt",
        "station": "light_rail",
        "subway": "yes",
        "wheelchair": "yes",
        "wikidata": "Q6048020",
        "wikipedia": "es:Estación Oblatos"
      },
      "geometry": {
        "type": "Polygon",
        "coordinates": [
          [
            [
              -103.322819,
              20.6704559
            ],
            [
              -103.3228681,
              20.670319
            ],
            [
              -103.3222156,
              20.6701202
            ],
            [
              -103.3221729,
              20.6702676
            ],
            [
              -103.322819,
              20.6704559
            ]
          ]
        ]
      },
      "id": "way/958305208"
    },
    {
      "type": "Feature",
      "properties": {
        "@id": "way/958305209",
        "building": "train_station",
        "building:levels": "1",
        "internet_access": "wlan",
        "internet_access:fee": "no",
        "layer": "-1",
        "location": "underground",
        "name": "Belisario Dominguez",
        "network": "Mi Tren",
        "operator": "SITEUR",
        "public_transport": "station",
        "railway": "halt",
        "station": "light_rail",
        "subway": "yes",
        "wheelchair": "yes",
        "wikidata": "Q6395329",
        "wikipedia": "es:Estación Belisario Domínguez"
      },
      "geometry": {
        "type": "Polygon",
        "coordinates": [
          [
            [
              -103.3317288,
              20.6729036
            ],
            [
              -103.3317759,
              20.672758
            ],
            [
              -103.3312322,
              20.672604
            ],
            [
              -103.331185,
              20.6727498
            ],
            [
              -103.3317288,
              20.6729036
            ]
          ]
        ]
      },
      "id": "way/958305209"
    },
    {
      "type": "Feature",
      "properties": {
        "@id": "way/958305210",
        "baby_feeding": "yes",
        "building": "train_station",
        "building:levels": "1",
        "internet_access": "wlan",
        "internet_access:fee": "no",
        "layer": "-1",
        "light_rail": "yes",
        "location": "underground",
        "name": "San Juan De Dios",
        "network": "Mi Tren",
        "operator": "SITEUR",
        "public_transport": "station",
        "railway": "halt",
        "station": "light_rail",
        "subway": "yes",
        "wheelchair": "yes",
        "wikidata": "Q6119146",
        "wikipedia": "es:Estación San Juan de Dios (Guadalajara)"
      },
      "geometry": {
        "type": "Polygon",
        "coordinates": [
          [
            [
              -103.3408382,
              20.6752765
            ],
            [
              -103.3408845,
              20.6751067
            ],
            [
              -103.3400515,
              20.6749081
            ],
            [
              -103.3400053,
              20.6750778
            ],
            [
              -103.3408382,
              20.6752765
            ]
          ]
        ]
      },
      "id": "way/958305210"
    },
    {
      "type": "Feature",
      "properties": {
        "@id": "way/958305211",
        "building": "train_station",
        "building:levels": "1",
        "internet_access": "wlan",
        "internet_access:fee": "no",
        "layer": "-1",
        "location": "underground",
        "name": "Plaza Universidad",
        "network": "Mi Tren",
        "operator": "SITEUR",
        "public_transport": "station",
        "railway": "halt",
        "station": "light_rail",
        "subway": "yes",
        "wheelchair": "yes",
        "wikidata": "Q6079833",
        "wikipedia": "es:Estación Plaza Universidad"
      },
      "geometry": {
        "type": "Polygon",
        "coordinates": [
          [
            [
              -103.3484879,
              20.6752179
            ],
            [
              -103.3484789,
              20.675024
            ],
            [
              -103.3477982,
              20.6750517
            ],
            [
              -103.3478071,
              20.6752454
            ],
            [
              -103.3484879,
              20.6752179
            ]
          ]
        ]
      },
      "id": "way/958305211"
    },
    {
      "type": "Feature",
      "properties": {
        "@id": "way/958305212",
        "addr:city": "Guadalajara",
        "building": "yes",
        "internet_access": "yes",
        "internet_access:fee": "no",
        "layer": "-1",
        "location": "underground",
        "name": "Guadalajara Centro",
        "network": "Mi Tren",
        "nohousenumber": "yes",
        "operator": "SITEUR",
        "public_transport": "station",
        "railway": "station",
        "station": "subway",
        "subway": "yes",
        "wheelchair": "yes",
        "wikidata": "Q28155506",
        "wikipedia": "es:Estación Guadalajara Centro"
      },
      "geometry": {
        "type": "Polygon",
        "coordinates": [
          [
            [
              -103.3474756,
              20.6758853
            ],
            [
              -103.3474596,
              20.6752949
            ],
            [
              -103.3472462,
              20.6753
            ],
            [
              -103.3472617,
              20.6758783
            ],
            [
              -103.3472624,
              20.6758904
            ],
            [
              -103.3474756,
              20.6758853
            ]
          ]
        ]
      },
      "id": "way/958305212"
    },
    {
      "type": "Feature",
      "properties": {
        "@id": "way/1180583733",
        "building": "train_station",
        "light_rail": "yes",
        "name": "Real del Valle",
        "network": "Línea 4 del Tren Eléctrico Urbano de Guadalajara",
        "operator": "SITEUR",
        "operator:wikidata": "Q2309232",
        "public_transport": "station",
        "railway": "station",
        "station": "light_rail"
      },
      "geometry": {
        "type": "Polygon",
        "coordinates": [
          [
            [
              -103.3657691,
              20.5591258
            ],
            [
              -103.365754,
              20.5591183
            ],
            [
              -103.3657327,
              20.5591061
            ],
            [
              -103.3653202,
              20.5597735
            ],
            [
              -103.3653619,
              20.5597974
            ],
            [
              -103.3657691,
              20.5591258
            ]
          ]
        ]
      },
      "id": "way/1180583733"
    },
    {
      "type": "Feature",
      "properties": {
        "@id": "way/1180583741",
        "building": "train_station",
        "light_rail": "yes",
        "name": "Concepción del Valle",
        "network": "Línea 4 del Tren Eléctrico Urbano de Guadalajara",
        "operator": "SITEUR",
        "operator:wikidata": "Q2309232",
        "public_transport": "station",
        "railway": "station",
        "station": "light_rail"
      },
      "geometry": {
        "type": "Polygon",
        "coordinates": [
          [
            [
              -103.3841564,
              20.5285075
            ],
            [
              -103.3841161,
              20.5284863
            ],
            [
              -103.3837491,
              20.5290972
            ],
            [
              -103.3837895,
              20.5291185
            ],
            [
              -103.3841564,
              20.5285075
            ]
          ]
        ]
      },
      "id": "way/1180583741"
    },
    {
      "type": "Feature",
      "properties": {
        "@id": "way/1180583742",
        "building": "train_station",
        "light_rail": "yes",
        "name": "El Cuervo",
        "network": "Línea 4 del Tren Eléctrico Urbano de Guadalajara",
        "operator": "SITEUR",
        "operator:wikidata": "Q2309232",
        "public_transport": "station",
        "railway": "station",
        "station": "light_rail"
      },
      "geometry": {
        "type": "Polygon",
        "coordinates": [
          [
            [
              -103.3938716,
              20.5065829
            ],
            [
              -103.3938291,
              20.5065669
            ],
            [
              -103.393568,
              20.5072323
            ],
            [
              -103.3936077,
              20.5072428
            ],
            [
              -103.3938716,
              20.5065829
            ]
          ]
        ]
      },
      "id": "way/1180583742"
    },
    {
      "type": "Feature",
      "properties": {
        "@id": "way/1180589390",
        "building": "train_station",
        "light_rail": "yes",
        "name": "Lomas del Sur",
        "network": "Línea 4 del Tren Eléctrico Urbano de Guadalajara",
        "operator": "SITEUR",
        "operator:wikidata": "Q2309232",
        "public_transport": "station",
        "railway": "station",
        "station": "light_rail"
      },
      "geometry": {
        "type": "Polygon",
        "coordinates": [
          [
            [
              -103.4045516,
              20.4863695
            ],
            [
              -103.404528,
              20.4863492
            ],
            [
              -103.4038277,
              20.4871097
            ],
            [
              -103.403862,
              20.4871358
            ],
            [
              -103.4045516,
              20.4863695
            ]
          ]
        ]
      },
      "id": "way/1180589390"
    },
    {
      "type": "Feature",
      "properties": {
        "@id": "way/1180589391",
        "addr:housename": "CUTLAJO",
        "building": "train_station",
        "light_rail": "yes",
        "name": "CUTLAJO",
        "network": "Línea 4 del Tren Eléctrico Urbano de Guadalajara",
        "operator": "SITEUR",
        "operator:wikidata": "Q2309232",
        "public_transport": "station",
        "railway": "station",
        "station": "light_rail"
      },
      "geometry": {
        "type": "Polygon",
        "coordinates": [
          [
            [
              -103.4150151,
              20.4692503
            ],
            [
              -103.4149921,
              20.469201
            ],
            [
              -103.41417,
              20.4695361
            ],
            [
              -103.414193,
              20.4695854
            ],
            [
              -103.4150151,
              20.4692503
            ]
          ]
        ]
      },
      "id": "way/1180589391"
    },
    {
      "type": "Feature",
      "properties": {
        "@id": "way/1180589392",
        "building": "train_station",
        "light_rail": "yes",
        "name": "Tlajomulco Centro",
        "network": "Línea 4 del Tren Eléctrico Urbano de Guadalajara",
        "operator": "SITEUR",
        "operator:wikidata": "Q2309232",
        "public_transport": "station",
        "railway": "station",
        "station": "light_rail"
      },
      "geometry": {
        "type": "Polygon",
        "coordinates": [
          [
            [
              -103.437077,
              20.4683756
            ],
            [
              -103.437172,
              20.4683299
            ],
            [
              -103.4371477,
              20.4682932
            ],
            [
              -103.4370596,
              20.4683388
            ],
            [
              -103.4359811,
              20.4686969
            ],
            [
              -103.4359933,
              20.4687327
            ],
            [
              -103.437077,
              20.4683756
            ]
          ]
        ]
      },
      "id": "way/1180589392"
    },
    {
      "type": "Feature",
      "properties": {
        "@id": "way/1193628327",
        "abandoned": "yes",
        "abandoned:railway": "station",
        "building": "train_station",
        "name": "Antigua estación de Zacoalco",
        "public_transport": "station",
        "railway": "station",
        "train": "yes"
      },
      "geometry": {
        "type": "Polygon",
        "coordinates": [
          [
            [
              -103.5704996,
              20.2336221
            ],
            [
              -103.5705361,
              20.2335488
            ],
            [
              -103.5699728,
              20.233302
            ],
            [
              -103.5699364,
              20.2333752
            ],
            [
              -103.5704996,
              20.2336221
            ]
          ]
        ]
      },
      "id": "way/1193628327"
    },
    {
      "type": "Feature",
      "properties": {
        "@id": "way/1212646495",
        "building": "train_station",
        "light_rail": "yes",
        "name": "Jalisco 200 Años",
        "network": "Línea 4 del Tren Eléctrico Urbano de Guadalajara",
        "operator": "SITEUR",
        "operator:wikidata": "Q2309232",
        "public_transport": "station",
        "railway": "station",
        "station": "light_rail"
      },
      "geometry": {
        "type": "Polygon",
        "coordinates": [
          [
            [
              -103.3562614,
              20.5745817
            ],
            [
              -103.3562252,
              20.5745567
            ],
            [
              -103.3556166,
              20.5754106
            ],
            [
              -103.3556291,
              20.5754233
            ],
            [
              -103.3556529,
              20.5754342
            ],
            [
              -103.3562614,
              20.5745817
            ]
          ]
        ]
      },
      "id": "way/1212646495"
    },
    {
      "type": "Feature",
      "properties": {
        "@id": "way/1232808557",
        "building": "construction",
        "light_rail": "yes",
        "name": "Las Juntas",
        "network": "Línea 4 del Tren Eléctrico Urbano de Guadalajara",
        "operator": "SITEUR",
        "operator:wikidata": "Q2309232",
        "public_transport": "station",
        "railway": "station",
        "station": "light_rail"
      },
      "geometry": {
        "type": "Polygon",
        "coordinates": [
          [
            [
              -103.340985,
              20.6070708
            ],
            [
              -103.3409569,
              20.6070623
            ],
            [
              -103.3406582,
              20.6082731
            ],
            [
              -103.3406892,
              20.6082805
            ],
            [
              -103.340985,
              20.6070708
            ]
          ]
        ]
      },
      "id": "way/1232808557"
    },
    {
      "type": "Feature",
      "properties": {
        "@id": "way/1409567646",
        "building": "train_station",
        "construction": "yes",
        "light_rail": "yes",
        "name": "Acueducto",
        "network": "Línea 4 del Tren Eléctrico Urbano de Guadalajara",
        "operator": "SITEUR",
        "operator:wikidata": "Q2309232",
        "public_transport": "station",
        "railway": "station",
        "station": "light_rail"
      },
      "geometry": {
        "type": "Polygon",
        "coordinates": [
          [
            [
              -103.346817,
              20.5878966
            ],
            [
              -103.3467907,
              20.58788
            ],
            [
              -103.3462164,
              20.5886785
            ],
            [
              -103.3462425,
              20.588695
            ],
            [
              -103.346817,
              20.5878966
            ]
          ]
        ]
      },
      "id": "way/1409567646"
    },
    {
      "type": "Feature",
      "properties": {
        "@id": "way/24611086",
        "bridge": "yes",
        "electrified": "no",
        "gauge": "1435",
        "layer": "1",
        "name": "Línea T",
        "operator": "Ferromex",
        "operator:wikidata": "Q977145",
        "railway": "rail",
        "usage": "main"
      },
      "geometry": {
        "type": "LineString",
        "coordinates": [
          [
            -103.3794432,
            20.6667398
          ],
          [
            -103.3790351,
            20.6665878
          ]
        ]
      },
      "id": "way/24611086"
    },
    {
      "type": "Feature",
      "properties": {
        "@id": "way/26810108",
        "electrified": "contact_line",
        "frequency": "0",
        "gauge": "1435",
        "layer": "-5",
        "level": "-2",
        "name": "Línea 2 del Tren Eléctrico Urbano",
        "network": "Mi Tren",
        "operator": "SITEUR",
        "railway": "light_rail",
        "tunnel": "yes",
        "usage": "main",
        "voltage": "750"
      },
      "geometry": {
        "type": "LineString",
        "coordinates": [
          [
            -103.355688,
            20.6748595
          ],
          [
            -103.35561,
            20.6748618
          ],
          [
            -103.3548786,
            20.6748849
          ],
          [
            -103.3480956,
            20.6750996
          ],
          [
            -103.3443685,
            20.6752093
          ],
          [
            -103.3415296,
            20.6752759
          ],
          [
            -103.3412804,
            20.6752552
          ],
          [
            -103.3408918,
            20.6751836
          ],
          [
            -103.3404134,
            20.6750767
          ],
          [
            -103.3400629,
            20.6749957
          ],
          [
            -103.3395829,
            20.6748828
          ],
          [
            -103.3384509,
            20.6746269
          ],
          [
            -103.3367155,
            20.6741562
          ],
          [
            -103.3317867,
            20.672806
          ],
          [
            -103.3314608,
            20.6727159
          ],
          [
            -103.3311944,
            20.672643
          ],
          [
            -103.3265175,
            20.671329
          ],
          [
            -103.3239051,
            20.6706308
          ],
          [
            -103.3228708,
            20.670364
          ],
          [
            -103.3225242,
            20.6702626
          ],
          [
            -103.3221786,
            20.670159
          ],
          [
            -103.3138349,
            20.6676298
          ],
          [
            -103.3133885,
            20.6674945
          ],
          [
            -103.3129774,
            20.6673671
          ],
          [
            -103.3092287,
            20.6662168
          ],
          [
            -103.306095,
            20.6652631
          ],
          [
            -103.3042493,
            20.664698
          ],
          [
            -103.3039636,
            20.6646265
          ],
          [
            -103.3006285,
            20.6643272
          ],
          [
            -103.2992108,
            20.664137
          ],
          [
            -103.297293,
            20.6638547
          ],
          [
            -103.2887345,
            20.6626145
          ],
          [
            -103.2884385,
            20.6625909
          ],
          [
            -103.2871135,
            20.6626114
          ],
          [
            -103.2867784,
            20.6626006
          ],
          [
            -103.2865617,
            20.6625719
          ],
          [
            -103.2858841,
            20.662482
          ],
          [
            -103.2855724,
            20.6624368
          ],
          [
            -103.2832481,
            20.6620819
          ],
          [
            -103.2811122,
            20.6617679
          ],
          [
            -103.2803982,
            20.661652
          ],
          [
            -103.2801993,
            20.6615996
          ],
          [
            -103.2800053,
            20.6615122
          ],
          [
            -103.2787931,
            20.6606242
          ],
          [
            -103.2782685,
            20.6602665
          ],
          [
            -103.2781073,
            20.6601743
          ],
          [
            -103.2778768,
            20.6600588
          ],
          [
            -103.2776955,
            20.6599969
          ],
          [
            -103.2774942,
            20.6599633
          ],
          [
            -103.2766396,
            20.6598577
          ],
          [
            -103.2765596,
            20.6598478
          ]
        ]
      },
      "id": "way/26810108"
    },
    {
      "type": "Feature",
      "properties": {
        "@id": "way/26810143",
        "electrified": "contact_line",
        "frequency": "0",
        "gauge": "1435",
        "name": "Línea 1 del Tren Eléctrico Urbano",
        "operator": "SITEUR",
        "railway": "light_rail",
        "usage": "main",
        "voltage": "750"
      },
      "geometry": {
        "type": "LineString",
        "coordinates": [
          [
            -103.3608172,
            20.6578083
          ],
          [
            -103.3614227,
            20.6571196
          ],
          [
            -103.3620933,
            20.6563137
          ],
          [
            -103.3624351,
            20.6558936
          ],
          [
            -103.3625626,
            20.6557368
          ],
          [
            -103.3633425,
            20.6547591
          ],
          [
            -103.3633692,
            20.6547275
          ],
          [
            -103.3636335,
            20.6543965
          ],
          [
            -103.363993,
            20.6539549
          ],
          [
            -103.3649239,
            20.652778
          ],
          [
            -103.3653384,
            20.6522658
          ]
        ]
      },
      "id": "way/26810143"
    },
    {
      "type": "Feature",
      "properties": {
        "@id": "way/26810148",
        "electrified": "contact_line",
        "frequency": "0",
        "gauge": "1435",
        "layer": "-1",
        "level": "-1",
        "name": "Línea 1 del Tren Eléctrico Urbano",
        "operator": "SITEUR",
        "railway": "light_rail",
        "tunnel": "yes",
        "usage": "main",
        "voltage": "750"
      },
      "geometry": {
        "type": "LineString",
        "coordinates": [
          [
            -103.3548795,
            20.7134302
          ],
          [
            -103.3558188,
            20.7111132
          ]
        ]
      },
      "id": "way/26810148"
    },
    {
      "type": "Feature",
      "properties": {
        "@id": "way/128695747",
        "electrified": "contact_line",
        "frequency": "0",
        "gauge": "1435",
        "layer": "-1",
        "name": "Línea 1 del Tren Eléctrico Urbano",
        "operator": "SITEUR",
        "railway": "light_rail",
        "tunnel": "yes",
        "usage": "main",
        "voltage": "750"
      },
      "geometry": {
        "type": "LineString",
        "coordinates": [
          [
            -103.3664668,
            20.6508717
          ],
          [
            -103.3674587,
            20.6496319
          ]
        ]
      },
      "id": "way/128695747"
    },
    {
      "type": "Feature",
      "properties": {
        "@id": "way/157032660",
        "electrified": "no",
        "gauge": "1435",
        "railway": "rail"
      },
      "geometry": {
        "type": "LineString",
        "coordinates": [
          [
            -103.3435819,
            20.5950247
          ],
          [
            -103.3435635,
            20.5951804
          ],
          [
            -103.3435487,
            20.5953204
          ],
          [
            -103.3435383,
            20.5954142
          ],
          [
            -103.3435389,
            20.5954848
          ]
        ]
      },
      "id": "way/157032660"
    },
    {
      "type": "Feature",
      "properties": {
        "@id": "way/203684352",
        "bridge": "yes",
        "electrified": "no",
        "gauge": "1435",
        "layer": "1",
        "name": "Puente de los Gringos",
        "operator": "Ferromex",
        "operator:wikidata": "Q977145",
        "railway": "rail",
        "usage": "main"
      },
      "geometry": {
        "type": "LineString",
        "coordinates": [
          [
            -102.782793,
            20.350688
          ],
          [
            -102.7835677,
            20.3503831
          ]
        ]
      },
      "id": "way/203684352"
    },
    {
      "type": "Feature",
      "properties": {
        "@id": "way/203684354",
        "electrified": "no",
        "gauge": "1435",
        "name": "Línea I",
        "operator": "Ferromex",
        "operator:wikidata": "Q977145",
        "railway": "rail",
        "usage": "main"
      },
      "geometry": {
        "type": "LineString",
        "coordinates": [
          [
            -102.5068959,
            20.3143538
          ],
          [
            -102.5076181,
            20.3145661
          ],
          [
            -102.5078702,
            20.3146352
          ],
          [
            -102.5081263,
            20.3146969
          ],
          [
            -102.5083865,
            20.3147384
          ],
          [
            -102.5085773,
            20.3147598
          ],
          [
            -102.5087687,
            20.3147748
          ],
          [
            -102.5089739,
            20.3147852
          ],
          [
            -102.5094906,
            20.3147943
          ],
          [
            -102.5154995,
            20.3148788
          ],
          [
            -102.5162052,
            20.3148891
          ],
          [
            -102.521929,
            20.314973
          ],
          [
            -102.5285679,
            20.3150703
          ],
          [
            -102.5286184,
            20.315071
          ],
          [
            -102.5308635,
            20.3151021
          ],
          [
            -102.531884,
            20.3151209
          ],
          [
            -102.5323781,
            20.31513
          ],
          [
            -102.5345891,
            20.3151648
          ],
          [
            -102.5368091,
            20.3151998
          ],
          [
            -102.5382347,
            20.3152222
          ],
          [
            -102.53879,
            20.3152305
          ],
          [
            -102.5390092,
            20.3152337
          ],
          [
            -102.5441357,
            20.3153012
          ],
          [
            -102.5444991,
            20.3153084
          ],
          [
            -102.5476849,
            20.3153496
          ],
          [
            -102.5507118,
            20.3153886
          ],
          [
            -102.55489,
            20.3154496
          ],
          [
            -102.5617424,
            20.3155407
          ],
          [
            -102.5635898,
            20.3155691
          ],
          [
            -102.563802,
            20.3155777
          ],
          [
            -102.5640082,
            20.3155908
          ],
          [
            -102.5642085,
            20.3156082
          ],
          [
            -102.5644032,
            20.3156299
          ],
          [
            -102.5645927,
            20.315656
          ],
          [
            -102.5647771,
            20.3156864
          ],
          [
            -102.5649567,
            20.3157211
          ],
          [
            -102.5651318,
            20.3157602
          ],
          [
            -102.5653026,
            20.3158037
          ],
          [
            -102.5654694,
            20.3158515
          ],
          [
            -102.5656325,
            20.3159036
          ],
          [
            -102.5657921,
            20.3159601
          ],
          [
            -102.5659484,
            20.3160209
          ],
          [
            -102.5661018,
            20.3160861
          ],
          [
            -102.5662524,
            20.3161556
          ],
          [
            -102.5664006,
            20.3162294
          ],
          [
            -102.5665465,
            20.3163076
          ],
          [
            -102.5666905,
            20.3163901
          ],
          [
            -102.5668329,
            20.3164769
          ],
          [
            -102.5669738,
            20.3165681
          ],
          [
            -102.590279,
            20.3327421
          ],
          [
            -102.590778,
            20.3330454
          ],
          [
            -102.5913996,
            20.3333674
          ],
          [
            -102.5920701,
            20.3336742
          ],
          [
            -102.5927272,
            20.3339408
          ],
          [
            -102.5954953,
            20.334999
          ],
          [
            -102.6245425,
            20.3461001
          ],
          [
            -102.6318522,
            20.34888
          ],
          [
            -102.6325154,
            20.3491475
          ],
          [
            -102.6332177,
            20.3494835
          ],
          [
            -102.63362,
            20.3497076
          ],
          [
            -102.6340296,
            20.3499385
          ],
          [
            -102.6346123,
            20.3503156
          ],
          [
            -102.6350414,
            20.350638
          ],
          [
            -102.6356921,
            20.3512098
          ],
          [
            -102.6408239,
            20.3560447
          ],
          [
            -102.6451537,
            20.3601342
          ],
          [
            -102.6452743,
            20.3602437
          ],
          [
            -102.6453946,
            20.3603492
          ],
          [
            -102.6455152,
            20.3604509
          ],
          [
            -102.6456366,
            20.3605488
          ],
          [
            -102.645759,
            20.360643
          ],
          [
            -102.6458831,
            20.3607336
          ],
          [
            -102.6460093,
            20.3608208
          ],
          [
            -102.6461379,
            20.3609045
          ],
          [
            -102.6462696,
            20.360985
          ],
          [
            -102.6464046,
            20.3610622
          ],
          [
            -102.6465435,
            20.3611363
          ],
          [
            -102.6466867,
            20.3612074
          ],
          [
            -102.6468347,
            20.3612755
          ],
          [
            -102.6469878,
            20.3613408
          ],
          [
            -102.6471467,
            20.3614033
          ],
          [
            -102.6473116,
            20.3614631
          ],
          [
            -102.6474831,
            20.3615203
          ],
          [
            -102.6476617,
            20.3615751
          ],
          [
            -102.6478477,
            20.3616275
          ],
          [
            -102.6480416,
            20.3616775
          ],
          [
            -102.6513338,
            20.362493
          ],
          [
            -102.6515228,
            20.362542
          ],
          [
            -102.6517005,
            20.3625938
          ],
          [
            -102.6518674,
            20.3626484
          ],
          [
            -102.6520242,
            20.3627058
          ],
          [
            -102.6521714,
            20.3627657
          ],
          [
            -102.6523098,
            20.3628284
          ],
          [
            -102.6524399,
            20.3628936
          ],
          [
            -102.6525623,
            20.3629613
          ],
          [
            -102.6526778,
            20.3630316
          ],
          [
            -102.6527868,
            20.3631043
          ],
          [
            -102.6528901,
            20.3631794
          ],
          [
            -102.6529882,
            20.3632569
          ],
          [
            -102.6530819,
            20.3633368
          ],
          [
            -102.6531716,
            20.3634189
          ],
          [
            -102.6532581,
            20.3635032
          ],
          [
            -102.653342,
            20.3635898
          ],
          [
            -102.6534238,
            20.3636785
          ],
          [
            -102.6535043,
            20.3637693
          ],
          [
            -102.6535841,
            20.3638622
          ],
          [
            -102.6536637,
            20.3639571
          ],
          [
            -102.6553012,
            20.366014
          ],
          [
            -102.6585131,
            20.3700472
          ],
          [
            -102.6590653,
            20.3707606
          ],
          [
            -102.6598699,
            20.3716932
          ],
          [
            -102.6604209,
            20.3721481
          ],
          [
            -102.6611231,
            20.3726052
          ],
          [
            -102.6616083,
            20.3728338
          ],
          [
            -102.6621496,
            20.3730166
          ],
          [
            -102.6631949,
            20.373281
          ],
          [
            -102.6828009,
            20.3774031
          ],
          [
            -102.6839985,
            20.3776889
          ],
          [
            -102.6849295,
            20.3778829
          ],
          [
            -102.6856881,
            20.3779604
          ],
          [
            -102.6861709,
            20.377954
          ],
          [
            -102.6866329,
            20.3779087
          ],
          [
            -102.6912485,
            20.3766413
          ],
          [
            -102.6958309,
            20.3753872
          ],
          [
            -102.6960945,
            20.3753113
          ],
          [
            -102.6963138,
            20.3752412
          ],
          [
            -102.6964965,
            20.3751758
          ],
          [
            -102.6966966,
            20.3750938
          ],
          [
            -102.6969022,
            20.374996
          ],
          [
            -102.6972019,
            20.3748406
          ],
          [
            -102.6973731,
            20.374744
          ],
          [
            -102.6975745,
            20.3746196
          ],
          [
            -102.6977266,
            20.3745179
          ],
          [
            -102.6978936,
            20.3743992
          ],
          [
            -102.6981736,
            20.3741846
          ],
          [
            -102.6996267,
            20.3729809
          ],
          [
            -102.6997409,
            20.372893
          ],
          [
            -102.6998539,
            20.3728113
          ],
          [
            -102.6999657,
            20.3727356
          ],
          [
            -102.7000761,
            20.3726656
          ],
          [
            -102.7001851,
            20.372601
          ],
          [
            -102.7002926,
            20.3725417
          ],
          [
            -102.7005028,
            20.3724376
          ],
          [
            -102.7006054,
            20.3723923
          ],
          [
            -102.700805,
            20.3723141
          ],
          [
            -102.7009968,
            20.3722506
          ],
          [
            -102.7011802,
            20.3721998
          ],
          [
            -102.7013545,
            20.3721597
          ],
          [
            -102.7015192,
            20.3721283
          ],
          [
            -102.7023773,
            20.371974
          ],
          [
            -102.7161822,
            20.3694511
          ],
          [
            -102.7275411,
            20.3673708
          ],
          [
            -102.7305526,
            20.3668073
          ],
          [
            -102.7311621,
            20.3666985
          ],
          [
            -102.7317951,
            20.3665904
          ],
          [
            -102.7324123,
            20.3665015
          ],
          [
            -102.7330271,
            20.366427
          ],
          [
            -102.7410779,
            20.3655452
          ],
          [
            -102.7445803,
            20.365156
          ],
          [
            -102.7447174,
            20.3651402
          ],
          [
            -102.7448567,
            20.365123
          ],
          [
            -102.7449981,
            20.3651044
          ],
          [
            -102.7451418,
            20.3650841
          ],
          [
            -102.7452878,
            20.3650619
          ],
          [
            -102.7454363,
            20.3650377
          ],
          [
            -102.7455873,
            20.3650112
          ],
          [
            -102.7457408,
            20.3649822
          ],
          [
            -102.7458971,
            20.3649507
          ],
          [
            -102.7460561,
            20.3649163
          ],
          [
            -102.7462179,
            20.3648789
          ],
          [
            -102.7463827,
            20.3648384
          ],
          [
            -102.7465505,
            20.3647944
          ],
          [
            -102.7467214,
            20.3647468
          ],
          [
            -102.7468955,
            20.3646955
          ],
          [
            -102.7470729,
            20.3646402
          ],
          [
            -102.7472537,
            20.3645808
          ],
          [
            -102.7474378,
            20.3645171
          ],
          [
            -102.7476256,
            20.3644488
          ],
          [
            -102.7478169,
            20.3643757
          ],
          [
            -102.7553067,
            20.3614458
          ]
        ]
      },
      "id": "way/203684354"
    },
    {
      "type": "Feature",
      "properties": {
        "@id": "way/203689767",
        "bridge": "yes",
        "electrified": "no",
        "gauge": "1435",
        "layer": "1",
        "name": "Línea I",
        "operator": "Ferromex",
        "operator:wikidata": "Q977145",
        "railway": "rail",
        "usage": "main"
      },
      "geometry": {
        "type": "LineString",
        "coordinates": [
          [
            -102.7788809,
            20.3522341
          ],
          [
            -102.7790013,
            20.3521874
          ]
        ]
      },
      "id": "way/203689767"
    },
    {
      "type": "Feature",
      "properties": {
        "@id": "way/203689769",
        "electrified": "no",
        "gauge": "1435",
        "name": "Línea I",
        "operator": "Ferromex",
        "operator:wikidata": "Q977145",
        "railway": "rail",
        "usage": "main"
      },
      "geometry": {
        "type": "LineString",
        "coordinates": [
          [
            -102.7790013,
            20.3521874
          ],
          [
            -102.7800372,
            20.3517689
          ],
          [
            -102.782793,
            20.350688
          ]
        ]
      },
      "id": "way/203689769"
    },
    {
      "type": "Feature",
      "properties": {
        "@id": "way/204158919",
        "electrified": "no",
        "gauge": "1435",
        "name": "Línea T",
        "operator": "Ferromex",
        "operator:wikidata": "Q977145",
        "railway": "rail",
        "usage": "main"
      },
      "geometry": {
        "type": "LineString",
        "coordinates": [
          [
            -103.4782994,
            20.7174357
          ],
          [
            -103.4784088,
            20.71747
          ],
          [
            -103.4871943,
            20.7201594
          ],
          [
            -103.4900999,
            20.7210561
          ],
          [
            -103.490183,
            20.7210807
          ],
          [
            -103.4903573,
            20.7211353
          ],
          [
            -103.4963675,
            20.7229635
          ],
          [
            -103.4966449,
            20.7230486
          ],
          [
            -103.4968214,
            20.7231027
          ],
          [
            -103.4986882,
            20.7236754
          ],
          [
            -103.5023067,
            20.7247853
          ],
          [
            -103.5107249,
            20.7273796
          ],
          [
            -103.5117731,
            20.7276325
          ],
          [
            -103.5156539,
            20.7281676
          ],
          [
            -103.5239688,
            20.7293159
          ],
          [
            -103.5241887,
            20.7293498
          ],
          [
            -103.5324258,
            20.7304874
          ],
          [
            -103.5338547,
            20.7306147
          ],
          [
            -103.5354823,
            20.7306295
          ],
          [
            -103.539892,
            20.7307266
          ],
          [
            -103.5455119,
            20.7308537
          ],
          [
            -103.5471603,
            20.7308894
          ],
          [
            -103.548347,
            20.7309163
          ],
          [
            -103.5510489,
            20.730989
          ],
          [
            -103.551529,
            20.7309284
          ],
          [
            -103.5522557,
            20.7306801
          ],
          [
            -103.5559417,
            20.7287404
          ],
          [
            -103.5569688,
            20.7282207
          ],
          [
            -103.5580458,
            20.7279143
          ],
          [
            -103.5600042,
            20.7276821
          ],
          [
            -103.5609831,
            20.7278286
          ],
          [
            -103.5628204,
            20.7282596
          ],
          [
            -103.5650052,
            20.7286587
          ],
          [
            -103.5663623,
            20.728958
          ],
          [
            -103.5676998,
            20.7292917
          ],
          [
            -103.5703499,
            20.7301305
          ],
          [
            -103.5709698,
            20.7303175
          ],
          [
            -103.5728819,
            20.7308921
          ],
          [
            -103.5757221,
            20.7321255
          ],
          [
            -103.5761223,
            20.7323894
          ],
          [
            -103.5764479,
            20.7327533
          ],
          [
            -103.5766099,
            20.7331986
          ],
          [
            -103.5766745,
            20.7335836
          ],
          [
            -103.5766067,
            20.7347067
          ],
          [
            -103.5767001,
            20.7352587
          ],
          [
            -103.5768529,
            20.7360287
          ],
          [
            -103.5770991,
            20.7365189
          ],
          [
            -103.5776232,
            20.7370462
          ],
          [
            -103.5783227,
            20.7372817
          ],
          [
            -103.5789574,
            20.7373655
          ],
          [
            -103.5796117,
            20.7375823
          ],
          [
            -103.5805487,
            20.7384739
          ],
          [
            -103.5809788,
            20.7389353
          ],
          [
            -103.5813368,
            20.7394661
          ],
          [
            -103.5818496,
            20.7403481
          ],
          [
            -103.5822075,
            20.7409955
          ],
          [
            -103.5827927,
            20.7414719
          ],
          [
            -103.5832811,
            20.7416396
          ],
          [
            -103.5837868,
            20.7416747
          ],
          [
            -103.584129,
            20.741624
          ],
          [
            -103.5844672,
            20.7415109
          ],
          [
            -103.5847771,
            20.7413288
          ],
          [
            -103.5850461,
            20.7410992
          ],
          [
            -103.585292,
            20.7407957
          ],
          [
            -103.5854738,
            20.7404292
          ],
          [
            -103.5855646,
            20.7398842
          ],
          [
            -103.5856677,
            20.7395043
          ],
          [
            -103.585881,
            20.7391235
          ],
          [
            -103.5864199,
            20.7386697
          ],
          [
            -103.5870058,
            20.7384796
          ],
          [
            -103.5878583,
            20.7384928
          ],
          [
            -103.5884214,
            20.7387245
          ],
          [
            -103.5889058,
            20.7390913
          ],
          [
            -103.5894201,
            20.7396947
          ],
          [
            -103.5897088,
            20.7403947
          ],
          [
            -103.5898406,
            20.7413861
          ],
          [
            -103.5897184,
            20.7420823
          ],
          [
            -103.5897047,
            20.7423246
          ],
          [
            -103.5897397,
            20.7425589
          ],
          [
            -103.5898439,
            20.7429671
          ],
          [
            -103.5903304,
            20.7438647
          ],
          [
            -103.5904252,
            20.744282
          ],
          [
            -103.5903865,
            20.7447153
          ],
          [
            -103.5900592,
            20.7455441
          ],
          [
            -103.5899281,
            20.7461574
          ],
          [
            -103.5899638,
            20.7465451
          ],
          [
            -103.5900502,
            20.7468186
          ],
          [
            -103.5903865,
            20.7473292
          ],
          [
            -103.5907932,
            20.747623
          ],
          [
            -103.5911636,
            20.7478392
          ],
          [
            -103.591559,
            20.7478902
          ],
          [
            -103.5933452,
            20.7478328
          ],
          [
            -103.5941503,
            20.7477366
          ],
          [
            -103.5946814,
            20.7475651
          ],
          [
            -103.5949881,
            20.7473802
          ],
          [
            -103.5952881,
            20.7470678
          ],
          [
            -103.5955428,
            20.7464251
          ],
          [
            -103.5955881,
            20.7459649
          ],
          [
            -103.5955063,
            20.7455059
          ],
          [
            -103.5947712,
            20.7437713
          ],
          [
            -103.5946336,
            20.7434275
          ],
          [
            -103.5945741,
            20.7431339
          ],
          [
            -103.5945314,
            20.742892
          ],
          [
            -103.5945723,
            20.7425987
          ],
          [
            -103.5946993,
            20.7421707
          ],
          [
            -103.595029,
            20.7416743
          ],
          [
            -103.5954622,
            20.7413106
          ],
          [
            -103.5962766,
            20.7410623
          ],
          [
            -103.596895,
            20.7410544
          ],
          [
            -103.5975245,
            20.7412601
          ],
          [
            -103.597814,
            20.741437
          ],
          [
            -103.5980838,
            20.7416689
          ],
          [
            -103.5984856,
            20.7421033
          ],
          [
            -103.5999784,
            20.7437531
          ],
          [
            -103.6000093,
            20.7437871
          ],
          [
            -103.6005513,
            20.7443156
          ],
          [
            -103.6013152,
            20.7452116
          ],
          [
            -103.6019458,
            20.7457062
          ],
          [
            -103.602538,
            20.7458482
          ],
          [
            -103.6031774,
            20.7458284
          ],
          [
            -103.6036262,
            20.7456691
          ],
          [
            -103.6040057,
            20.7453533
          ],
          [
            -103.6042991,
            20.745019
          ],
          [
            -103.6045124,
            20.7446382
          ],
          [
            -103.6045856,
            20.7443317
          ],
          [
            -103.604591,
            20.7439695
          ],
          [
            -103.6044553,
            20.7433574
          ],
          [
            -103.6043525,
            20.742846
          ],
          [
            -103.6043732,
            20.7423834
          ],
          [
            -103.6048459,
            20.7398298
          ],
          [
            -103.6049515,
            20.7393172
          ],
          [
            -103.6053079,
            20.7388825
          ],
          [
            -103.6057215,
            20.7385765
          ],
          [
            -103.6062486,
            20.7384119
          ],
          [
            -103.607197,
            20.7383718
          ],
          [
            -103.6076742,
            20.7383464
          ],
          [
            -103.6081191,
            20.738226
          ],
          [
            -103.6085791,
            20.7379591
          ],
          [
            -103.6089117,
            20.7376832
          ],
          [
            -103.6093951,
            20.7366099
          ],
          [
            -103.6096005,
            20.7363149
          ],
          [
            -103.6103521,
            20.7355455
          ],
          [
            -103.610737,
            20.7350993
          ],
          [
            -103.6109344,
            20.7346844
          ],
          [
            -103.6109808,
            20.7341187
          ],
          [
            -103.6107255,
            20.7317966
          ],
          [
            -103.6107271,
            20.7312878
          ],
          [
            -103.6108971,
            20.7307904
          ],
          [
            -103.6111846,
            20.7304302
          ],
          [
            -103.6115838,
            20.7301344
          ],
          [
            -103.6118064,
            20.7300142
          ],
          [
            -103.6120867,
            20.7299152
          ],
          [
            -103.6124305,
            20.7298542
          ],
          [
            -103.6179207,
            20.73009
          ],
          [
            -103.6223969,
            20.7303494
          ],
          [
            -103.6231233,
            20.7303218
          ],
          [
            -103.6236388,
            20.7301553
          ],
          [
            -103.6240862,
            20.7298532
          ],
          [
            -103.6244231,
            20.7293957
          ],
          [
            -103.6245255,
            20.7289105
          ],
          [
            -103.6247616,
            20.7282452
          ],
          [
            -103.6249851,
            20.7280103
          ],
          [
            -103.6251559,
            20.7278308
          ],
          [
            -103.6257073,
            20.7275258
          ],
          [
            -103.6260905,
            20.7274557
          ],
          [
            -103.6265007,
            20.7274249
          ],
          [
            -103.6268463,
            20.7274537
          ],
          [
            -103.6271761,
            20.7275328
          ],
          [
            -103.6276877,
            20.7278503
          ],
          [
            -103.6280716,
            20.728156
          ],
          [
            -103.630302,
            20.7298226
          ],
          [
            -103.6308125,
            20.7302769
          ],
          [
            -103.6311243,
            20.7306544
          ],
          [
            -103.6313428,
            20.7309099
          ],
          [
            -103.6316628,
            20.7314673
          ],
          [
            -103.6321044,
            20.7323095
          ],
          [
            -103.6322856,
            20.732628
          ],
          [
            -103.632602,
            20.7330179
          ],
          [
            -103.6329984,
            20.7334082
          ],
          [
            -103.6333527,
            20.7336637
          ],
          [
            -103.6337151,
            20.7338621
          ],
          [
            -103.6339982,
            20.73399
          ],
          [
            -103.6343044,
            20.7341018
          ],
          [
            -103.6347359,
            20.7342105
          ],
          [
            -103.635138,
            20.7342685
          ],
          [
            -103.6355611,
            20.7342841
          ],
          [
            -103.6363194,
            20.734289
          ],
          [
            -103.6368342,
            20.734347
          ],
          [
            -103.6372034,
            20.7344434
          ],
          [
            -103.6375321,
            20.7345689
          ],
          [
            -103.6378228,
            20.7347655
          ],
          [
            -103.638212,
            20.735129
          ],
          [
            -103.6384744,
            20.7354649
          ],
          [
            -103.6397041,
            20.7370566
          ],
          [
            -103.6405508,
            20.7380334
          ],
          [
            -103.6409577,
            20.7384311
          ],
          [
            -103.6414406,
            20.7388126
          ],
          [
            -103.6418693,
            20.7390981
          ],
          [
            -103.6424059,
            20.7393839
          ],
          [
            -103.6444867,
            20.7403335
          ],
          [
            -103.6454114,
            20.7407345
          ],
          [
            -103.6463255,
            20.741343
          ],
          [
            -103.6473018,
            20.742225
          ],
          [
            -103.6491079,
            20.7440664
          ],
          [
            -103.6528711,
            20.7479033
          ],
          [
            -103.653252,
            20.7482329
          ],
          [
            -103.6538335,
            20.7486116
          ],
          [
            -103.6542991,
            20.7488955
          ],
          [
            -103.6613483,
            20.7521167
          ],
          [
            -103.6629058,
            20.7528284
          ],
          [
            -103.663637,
            20.7530371
          ],
          [
            -103.6642764,
            20.7531204
          ],
          [
            -103.664985,
            20.7531073
          ],
          [
            -103.6657622,
            20.7529389
          ],
          [
            -103.6689644,
            20.752245
          ],
          [
            -103.6698264,
            20.7522174
          ],
          [
            -103.6708113,
            20.7525114
          ],
          [
            -103.6714304,
            20.7529343
          ],
          [
            -103.678317,
            20.7573274
          ],
          [
            -103.6791683,
            20.7579277
          ],
          [
            -103.680102,
            20.7585861
          ],
          [
            -103.6812352,
            20.7595746
          ],
          [
            -103.6835014,
            20.7631051
          ],
          [
            -103.6865019,
            20.7678742
          ],
          [
            -103.6878148,
            20.7699175
          ],
          [
            -103.6884532,
            20.7708866
          ],
          [
            -103.6896276,
            20.7723152
          ],
          [
            -103.6910262,
            20.7738647
          ],
          [
            -103.6916593,
            20.7745641
          ],
          [
            -103.6929082,
            20.7759464
          ],
          [
            -103.6942761,
            20.7774615
          ],
          [
            -103.6969398,
            20.7803945
          ],
          [
            -103.6986484,
            20.7823108
          ],
          [
            -103.7007692,
            20.7846895
          ],
          [
            -103.703638,
            20.7879717
          ],
          [
            -103.7039443,
            20.7883398
          ],
          [
            -103.7043021,
            20.7888844
          ],
          [
            -103.7046755,
            20.7899757
          ],
          [
            -103.7047871,
            20.7909302
          ],
          [
            -103.7046264,
            20.7921242
          ],
          [
            -103.7045078,
            20.7925582
          ],
          [
            -103.7040127,
            20.7938035
          ],
          [
            -103.7032485,
            20.7949411
          ],
          [
            -103.70249,
            20.7956913
          ],
          [
            -103.7011829,
            20.7966449
          ],
          [
            -103.7008276,
            20.7968944
          ],
          [
            -103.6986244,
            20.7983026
          ],
          [
            -103.6970752,
            20.7991396
          ],
          [
            -103.690662,
            20.8016179
          ],
          [
            -103.6868237,
            20.8031639
          ],
          [
            -103.6858855,
            20.8033294
          ],
          [
            -103.6852112,
            20.8033399
          ],
          [
            -103.6845948,
            20.8032562
          ],
          [
            -103.683581,
            20.802844
          ],
          [
            -103.683192,
            20.8025787
          ],
          [
            -103.6815537,
            20.8009098
          ],
          [
            -103.6810071,
            20.8005944
          ],
          [
            -103.680248,
            20.8003732
          ],
          [
            -103.6793736,
            20.8003807
          ],
          [
            -103.67893,
            20.8003928
          ],
          [
            -103.6768803,
            20.8005432
          ],
          [
            -103.6762449,
            20.8007273
          ],
          [
            -103.6757537,
            20.8010402
          ],
          [
            -103.6753978,
            20.8014511
          ],
          [
            -103.6753214,
            20.8018731
          ],
          [
            -103.6754206,
            20.8030195
          ],
          [
            -103.6758278,
            20.803541
          ],
          [
            -103.6761818,
            20.8037552
          ],
          [
            -103.6764935,
            20.8039277
          ],
          [
            -103.6769575,
            20.8040335
          ],
          [
            -103.677421,
            20.8039718
          ],
          [
            -103.6779167,
            20.8038028
          ],
          [
            -103.6784542,
            20.8035129
          ],
          [
            -103.6786041,
            20.8034066
          ],
          [
            -103.6788013,
            20.8032727
          ],
          [
            -103.6792406,
            20.8030631
          ],
          [
            -103.6797567,
            20.8029217
          ],
          [
            -103.6802746,
            20.8029348
          ],
          [
            -103.6807569,
            20.803163
          ],
          [
            -103.6820782,
            20.8040302
          ],
          [
            -103.6826497,
            20.8042616
          ],
          [
            -103.686077,
            20.8049256
          ],
          [
            -103.6870571,
            20.8051352
          ],
          [
            -103.6877073,
            20.8055298
          ],
          [
            -103.6881343,
            20.8061627
          ],
          [
            -103.6889153,
            20.8074329
          ],
          [
            -103.6892721,
            20.8082678
          ],
          [
            -103.6896315,
            20.8095009
          ],
          [
            -103.6901325,
            20.8109756
          ],
          [
            -103.69106,
            20.811968
          ],
          [
            -103.6918786,
            20.8129904
          ],
          [
            -103.6923775,
            20.8142164
          ],
          [
            -103.6926887,
            20.8148673
          ],
          [
            -103.6933281,
            20.8153471
          ],
          [
            -103.6940684,
            20.8155838
          ],
          [
            -103.6952614,
            20.8154991
          ],
          [
            -103.6960489,
            20.8155482
          ],
          [
            -103.6967442,
            20.8158962
          ],
          [
            -103.697272,
            20.8164407
          ],
          [
            -103.6977147,
            20.817189
          ],
          [
            -103.7019938,
            20.8272621
          ],
          [
            -103.7028322,
            20.8289648
          ],
          [
            -103.7035173,
            20.8294592
          ],
          [
            -103.7045751,
            20.8298723
          ],
          [
            -103.7053734,
            20.8300784
          ],
          [
            -103.7065267,
            20.830133
          ],
          [
            -103.7077171,
            20.8299525
          ],
          [
            -103.7117045,
            20.8285948
          ],
          [
            -103.7124861,
            20.8284233
          ],
          [
            -103.7133165,
            20.8285025
          ],
          [
            -103.713957,
            20.8288726
          ],
          [
            -103.7143659,
            20.8292227
          ],
          [
            -103.717336,
            20.8339074
          ],
          [
            -103.7178553,
            20.8349021
          ],
          [
            -103.7179945,
            20.8354552
          ]
        ]
      },
      "id": "way/204158919"
    },
    {
      "type": "Feature",
      "properties": {
        "@id": "way/268395207",
        "electrified": "no",
        "gauge": "1435",
        "name": "Línea T",
        "operator": "Ferromex",
        "operator:wikidata": "Q977145",
        "railway": "rail",
        "usage": "main"
      },
      "geometry": {
        "type": "LineString",
        "coordinates": [
          [
            -103.7334727,
            20.837803
          ],
          [
            -103.7328942,
            20.8372902
          ],
          [
            -103.7325364,
            20.8370131
          ],
          [
            -103.7321602,
            20.8368011
          ],
          [
            -103.7317844,
            20.8366358
          ],
          [
            -103.731374,
            20.8365001
          ],
          [
            -103.7311734,
            20.8364566
          ],
          [
            -103.7311532,
            20.8364523
          ],
          [
            -103.7309001,
            20.8364091
          ],
          [
            -103.730514,
            20.836369
          ],
          [
            -103.7300432,
            20.8363761
          ],
          [
            -103.7296118,
            20.8364422
          ],
          [
            -103.7292114,
            20.8365528
          ],
          [
            -103.7287774,
            20.8367263
          ],
          [
            -103.7278897,
            20.8371968
          ]
        ]
      },
      "id": "way/268395207"
    },
    {
      "type": "Feature",
      "properties": {
        "@id": "way/294779400",
        "electrified": "no",
        "gauge": "1435",
        "name": "Línea I",
        "operator": "Ferromex",
        "operator:wikidata": "Q977145",
        "railway": "rail",
        "usage": "main"
      },
      "geometry": {
        "type": "LineString",
        "coordinates": [
          [
            -103.2943235,
            20.5901123
          ],
          [
            -103.2938026,
            20.5897402
          ],
          [
            -103.2937007,
            20.5896477
          ],
          [
            -103.2935288,
            20.5895108
          ],
          [
            -103.2933395,
            20.5893563
          ],
          [
            -103.2930304,
            20.5890853
          ],
          [
            -103.2927569,
            20.5888271
          ],
          [
            -103.2925264,
            20.5886006
          ],
          [
            -103.2923474,
            20.5884023
          ],
          [
            -103.2919016,
            20.587878
          ],
          [
            -103.2916666,
            20.5875736
          ],
          [
            -103.2914632,
            20.5872922
          ],
          [
            -103.2913052,
            20.5870564
          ],
          [
            -103.2912004,
            20.5868927
          ],
          [
            -103.2910818,
            20.5866951
          ],
          [
            -103.290948,
            20.586467
          ],
          [
            -103.2908291,
            20.586248
          ],
          [
            -103.2906525,
            20.5858962
          ],
          [
            -103.2905869,
            20.5857569
          ],
          [
            -103.290495,
            20.5855486
          ],
          [
            -103.289761,
            20.5837056
          ],
          [
            -103.2890639,
            20.5819615
          ],
          [
            -103.2889039,
            20.5815379
          ],
          [
            -103.2888544,
            20.5813986
          ],
          [
            -103.2887997,
            20.5812264
          ],
          [
            -103.2887298,
            20.5809472
          ],
          [
            -103.2886914,
            20.5807771
          ],
          [
            -103.2886666,
            20.5806307
          ],
          [
            -103.2886452,
            20.5804864
          ],
          [
            -103.2886198,
            20.5802574
          ],
          [
            -103.2885942,
            20.5798607
          ],
          [
            -103.2886468,
            20.5791935
          ],
          [
            -103.288731,
            20.5787563
          ],
          [
            -103.2888389,
            20.5783293
          ],
          [
            -103.2890774,
            20.577384
          ],
          [
            -103.2894444,
            20.5759824
          ],
          [
            -103.2896463,
            20.5752247
          ],
          [
            -103.2896952,
            20.5750096
          ],
          [
            -103.2897495,
            20.5747601
          ],
          [
            -103.2897985,
            20.5744996
          ],
          [
            -103.2898374,
            20.5742234
          ],
          [
            -103.2898691,
            20.5739311
          ],
          [
            -103.2898999,
            20.5733276
          ],
          [
            -103.2898686,
            20.5726289
          ],
          [
            -103.2898023,
            20.5721564
          ],
          [
            -103.2897268,
            20.5718012
          ],
          [
            -103.2897184,
            20.5717614
          ],
          [
            -103.2896299,
            20.5714533
          ],
          [
            -103.2894637,
            20.5708682
          ],
          [
            -103.2893492,
            20.570564
          ],
          [
            -103.2892249,
            20.5702633
          ],
          [
            -103.2891159,
            20.5700303
          ],
          [
            -103.2875656,
            20.566622
          ],
          [
            -103.2856035,
            20.5622837
          ],
          [
            -103.2855382,
            20.5621443
          ],
          [
            -103.2853934,
            20.5618348
          ],
          [
            -103.2848954,
            20.5607147
          ],
          [
            -103.284683,
            20.5602712
          ],
          [
            -103.2845824,
            20.5600685
          ],
          [
            -103.2844462,
            20.5598164
          ],
          [
            -103.2842745,
            20.5595231
          ],
          [
            -103.2841232,
            20.5592827
          ],
          [
            -103.2839532,
            20.5590266
          ],
          [
            -103.2838251,
            20.5588457
          ],
          [
            -103.283689,
            20.5586611
          ],
          [
            -103.2835864,
            20.5585283
          ],
          [
            -103.2834643,
            20.5583726
          ],
          [
            -103.2832889,
            20.5581636
          ],
          [
            -103.2830932,
            20.5579416
          ],
          [
            -103.2828649,
            20.5576982
          ],
          [
            -103.2826775,
            20.5575104
          ],
          [
            -103.28244,
            20.5572752
          ],
          [
            -103.2814369,
            20.5563409
          ],
          [
            -103.2805383,
            20.5555025
          ],
          [
            -103.2705925,
            20.546199
          ],
          [
            -103.2674825,
            20.5432919
          ],
          [
            -103.2642609,
            20.5402992
          ],
          [
            -103.2624597,
            20.5386173
          ],
          [
            -103.26217,
            20.538348
          ],
          [
            -103.2610401,
            20.5372975
          ],
          [
            -103.2606399,
            20.5369254
          ],
          [
            -103.2603133,
            20.5366202
          ],
          [
            -103.2599817,
            20.5363056
          ],
          [
            -103.2597024,
            20.5360362
          ],
          [
            -103.2594265,
            20.535758
          ],
          [
            -103.2591476,
            20.5354604
          ],
          [
            -103.2588277,
            20.535105
          ],
          [
            -103.2585545,
            20.5347731
          ],
          [
            -103.2582695,
            20.5344111
          ],
          [
            -103.2580281,
            20.5340852
          ],
          [
            -103.2577977,
            20.5337612
          ],
          [
            -103.2575449,
            20.5333746
          ],
          [
            -103.2572908,
            20.5329643
          ],
          [
            -103.2570605,
            20.5325574
          ],
          [
            -103.2568291,
            20.5321235
          ],
          [
            -103.2566491,
            20.5317643
          ],
          [
            -103.2564855,
            20.5314189
          ],
          [
            -103.2546814,
            20.5274811
          ],
          [
            -103.2535761,
            20.5251295
          ],
          [
            -103.2518848,
            20.5215175
          ],
          [
            -103.2510496,
            20.5197277
          ],
          [
            -103.2504579,
            20.5184535
          ],
          [
            -103.2499744,
            20.5174091
          ],
          [
            -103.248139,
            20.5134324
          ],
          [
            -103.2479865,
            20.5131059
          ],
          [
            -103.247941,
            20.5130127
          ],
          [
            -103.2478041,
            20.5127548
          ],
          [
            -103.2477093,
            20.5125974
          ],
          [
            -103.2476085,
            20.5124485
          ],
          [
            -103.247555,
            20.5123764
          ],
          [
            -103.24744,
            20.512235
          ],
          [
            -103.247312,
            20.5120952
          ],
          [
            -103.2471684,
            20.5119541
          ],
          [
            -103.2470064,
            20.511809
          ],
          [
            -103.2469176,
            20.511734
          ],
          [
            -103.2467227,
            20.5115777
          ],
          [
            -103.2463635,
            20.5113
          ],
          [
            -103.2429683,
            20.5086915
          ],
          [
            -103.2427244,
            20.5084942
          ],
          [
            -103.2424763,
            20.5082856
          ],
          [
            -103.2422349,
            20.5080702
          ],
          [
            -103.2419881,
            20.507836
          ],
          [
            -103.2417487,
            20.507591
          ],
          [
            -103.2415268,
            20.5073536
          ],
          [
            -103.2413135,
            20.5071134
          ],
          [
            -103.2411117,
            20.5068687
          ],
          [
            -103.240875,
            20.5065754
          ],
          [
            -103.2405843,
            20.5062101
          ],
          [
            -103.239687,
            20.5050716
          ],
          [
            -103.238999,
            20.5042182
          ],
          [
            -103.2369871,
            20.501679
          ],
          [
            -103.2361155,
            20.5005783
          ],
          [
            -103.2337371,
            20.4975779
          ],
          [
            -103.2336441,
            20.49746
          ],
          [
            -103.2330235,
            20.4966819
          ]
        ]
      },
      "id": "way/294779400"
    },
    {
      "type": "Feature",
      "properties": {
        "@id": "way/294779401",
        "bridge": "yes",
        "electrified": "no",
        "gauge": "1435",
        "layer": "1",
        "name": "Línea I",
        "operator": "Ferromex",
        "operator:wikidata": "Q977145",
        "railway": "rail",
        "usage": "main"
      },
      "geometry": {
        "type": "LineString",
        "coordinates": [
          [
            -103.2943235,
            20.5901123
          ],
          [
            -103.2944861,
            20.5902266
          ]
        ]
      },
      "id": "way/294779401"
    },
    {
      "type": "Feature",
      "properties": {
        "@id": "way/294779402",
        "electrified": "no",
        "gauge": "1435",
        "name": "Línea I",
        "operator": "Ferromex",
        "operator:wikidata": "Q977145",
        "railway": "rail",
        "usage": "main"
      },
      "geometry": {
        "type": "LineString",
        "coordinates": [
          [
            -103.341521,
            20.6044753
          ],
          [
            -103.3414473,
            20.6047101
          ],
          [
            -103.3414033,
            20.6048144
          ],
          [
            -103.3413659,
            20.6048943
          ],
          [
            -103.3413165,
            20.6049968
          ],
          [
            -103.34124,
            20.6051259
          ],
          [
            -103.3411846,
            20.6052035
          ],
          [
            -103.3411467,
            20.6052525
          ],
          [
            -103.3410274,
            20.6053989
          ],
          [
            -103.3408798,
            20.6055407
          ],
          [
            -103.3407299,
            20.6056671
          ],
          [
            -103.3405636,
            20.6058015
          ],
          [
            -103.3403673,
            20.6059099
          ],
          [
            -103.3401844,
            20.6059751
          ],
          [
            -103.3400054,
            20.6060214
          ],
          [
            -103.3398862,
            20.6060535
          ],
          [
            -103.339655,
            20.6061005
          ],
          [
            -103.3395097,
            20.6061125
          ],
          [
            -103.3393611,
            20.6061207
          ],
          [
            -103.3392369,
            20.6061186
          ],
          [
            -103.3391004,
            20.6061111
          ],
          [
            -103.3389532,
            20.6060846
          ],
          [
            -103.3388357,
            20.6060615
          ],
          [
            -103.3385581,
            20.6059659
          ],
          [
            -103.338426,
            20.6059019
          ],
          [
            -103.3383362,
            20.6058521
          ],
          [
            -103.3383181,
            20.6058421
          ],
          [
            -103.3381357,
            20.6057214
          ],
          [
            -103.337938,
            20.6055641
          ],
          [
            -103.3376741,
            20.605344
          ],
          [
            -103.3375405,
            20.6052489
          ],
          [
            -103.3374207,
            20.6051696
          ],
          [
            -103.3372649,
            20.6050766
          ],
          [
            -103.3371844,
            20.6050361
          ],
          [
            -103.3369943,
            20.6049403
          ],
          [
            -103.3367773,
            20.6048495
          ],
          [
            -103.3365619,
            20.6047784
          ],
          [
            -103.3363603,
            20.6047196
          ],
          [
            -103.3361409,
            20.6046712
          ],
          [
            -103.3359527,
            20.6046393
          ],
          [
            -103.335739,
            20.6046158
          ],
          [
            -103.3355425,
            20.6046045
          ],
          [
            -103.3352987,
            20.6046028
          ],
          [
            -103.3350385,
            20.6046166
          ],
          [
            -103.3347699,
            20.6046423
          ],
          [
            -103.3344619,
            20.6046776
          ],
          [
            -103.3342861,
            20.6047064
          ],
          [
            -103.3340064,
            20.604764
          ],
          [
            -103.3337785,
            20.6048024
          ],
          [
            -103.3324592,
            20.6049466
          ],
          [
            -103.3321495,
            20.6049776
          ],
          [
            -103.331983,
            20.6049905
          ],
          [
            -103.331791,
            20.604997
          ],
          [
            -103.3315932,
            20.6049925
          ],
          [
            -103.3315021,
            20.6049863
          ],
          [
            -103.3312971,
            20.6049619
          ],
          [
            -103.3310858,
            20.6049182
          ],
          [
            -103.3309112,
            20.6048662
          ],
          [
            -103.3307295,
            20.6048019
          ],
          [
            -103.3305477,
            20.6047265
          ],
          [
            -103.3303681,
            20.6046366
          ],
          [
            -103.3301895,
            20.6045372
          ],
          [
            -103.3299909,
            20.6044173
          ],
          [
            -103.329803,
            20.6043004
          ],
          [
            -103.329524,
            20.6041247
          ],
          [
            -103.3293488,
            20.6040183
          ],
          [
            -103.3291878,
            20.6039275
          ],
          [
            -103.329,
            20.6038344
          ],
          [
            -103.3288818,
            20.6037845
          ],
          [
            -103.3287776,
            20.6037467
          ],
          [
            -103.328664,
            20.6037092
          ],
          [
            -103.3284863,
            20.603671
          ],
          [
            -103.3283231,
            20.6036444
          ],
          [
            -103.3281582,
            20.6036307
          ],
          [
            -103.3279784,
            20.60363
          ],
          [
            -103.3278663,
            20.6036374
          ],
          [
            -103.3277139,
            20.6036587
          ],
          [
            -103.3275675,
            20.6036858
          ],
          [
            -103.327423,
            20.6037235
          ],
          [
            -103.3272884,
            20.6037669
          ],
          [
            -103.3271334,
            20.6038334
          ],
          [
            -103.3269826,
            20.6039067
          ],
          [
            -103.326811,
            20.6040091
          ],
          [
            -103.3266332,
            20.6041297
          ],
          [
            -103.3264155,
            20.6042879
          ],
          [
            -103.3261997,
            20.604437
          ],
          [
            -103.3259936,
            20.6045597
          ],
          [
            -103.3258362,
            20.6046393
          ],
          [
            -103.3256798,
            20.6047004
          ],
          [
            -103.3255508,
            20.604741
          ],
          [
            -103.3254958,
            20.6047549
          ],
          [
            -103.3254041,
            20.6047782
          ],
          [
            -103.3252816,
            20.6048024
          ],
          [
            -103.3250888,
            20.6048206
          ],
          [
            -103.324918,
            20.6048231
          ],
          [
            -103.324751,
            20.6048159
          ],
          [
            -103.3245544,
            20.6047928
          ],
          [
            -103.3243824,
            20.6047587
          ],
          [
            -103.3242077,
            20.6047179
          ],
          [
            -103.3240159,
            20.6046661
          ],
          [
            -103.3237504,
            20.604589
          ],
          [
            -103.3234769,
            20.6045108
          ],
          [
            -103.321844,
            20.6040463
          ],
          [
            -103.3216143,
            20.6039748
          ],
          [
            -103.3214057,
            20.6039002
          ],
          [
            -103.3212223,
            20.6038207
          ],
          [
            -103.3210304,
            20.6037193
          ],
          [
            -103.3208848,
            20.603619
          ],
          [
            -103.3207348,
            20.6035022
          ],
          [
            -103.3206117,
            20.6033842
          ],
          [
            -103.3204901,
            20.6032456
          ],
          [
            -103.3203723,
            20.6030858
          ],
          [
            -103.320284,
            20.6029449
          ],
          [
            -103.3202791,
            20.6029232
          ],
          [
            -103.3202139,
            20.6028036
          ],
          [
            -103.320104,
            20.6025381
          ],
          [
            -103.3199374,
            20.6020647
          ],
          [
            -103.3198568,
            20.6018432
          ],
          [
            -103.319731,
            20.6014977
          ],
          [
            -103.3197062,
            20.6014294
          ],
          [
            -103.3196185,
            20.6012094
          ],
          [
            -103.3195304,
            20.6010327
          ],
          [
            -103.3194441,
            20.6008765
          ],
          [
            -103.31932,
            20.6007037
          ],
          [
            -103.3192205,
            20.6005922
          ],
          [
            -103.3191927,
            20.6005644
          ],
          [
            -103.3191862,
            20.6005579
          ],
          [
            -103.3190994,
            20.600471
          ],
          [
            -103.3189857,
            20.6003744
          ],
          [
            -103.318857,
            20.6002816
          ],
          [
            -103.318702,
            20.6001847
          ],
          [
            -103.3185564,
            20.6001119
          ],
          [
            -103.3184029,
            20.6000435
          ],
          [
            -103.3182404,
            20.5999787
          ],
          [
            -103.3181307,
            20.599937
          ],
          [
            -103.3180988,
            20.5999254
          ],
          [
            -103.3157297,
            20.5990246
          ],
          [
            -103.315496,
            20.5989315
          ],
          [
            -103.3153195,
            20.5988605
          ],
          [
            -103.3151426,
            20.5987793
          ],
          [
            -103.3149721,
            20.5986904
          ],
          [
            -103.3147623,
            20.5985662
          ],
          [
            -103.3145928,
            20.5984525
          ],
          [
            -103.3144163,
            20.5983152
          ],
          [
            -103.3142224,
            20.5981571
          ],
          [
            -103.3141361,
            20.5980766
          ],
          [
            -103.3140109,
            20.5979597
          ],
          [
            -103.3137839,
            20.5977477
          ],
          [
            -103.3136483,
            20.597621
          ],
          [
            -103.3134492,
            20.5974541
          ],
          [
            -103.3133077,
            20.5973479
          ],
          [
            -103.3131911,
            20.597272
          ],
          [
            -103.3130797,
            20.5972047
          ],
          [
            -103.3129618,
            20.5971466
          ],
          [
            -103.3128209,
            20.5970825
          ],
          [
            -103.3126443,
            20.5970188
          ],
          [
            -103.312604,
            20.5970083
          ],
          [
            -103.3124971,
            20.5969805
          ],
          [
            -103.312388,
            20.5969585
          ],
          [
            -103.3122576,
            20.5969394
          ],
          [
            -103.3121062,
            20.5969244
          ],
          [
            -103.3119925,
            20.5969232
          ],
          [
            -103.311899,
            20.5969223
          ],
          [
            -103.3117014,
            20.5969526
          ],
          [
            -103.3114867,
            20.5969971
          ],
          [
            -103.3113219,
            20.5970553
          ],
          [
            -103.3111774,
            20.5971271
          ],
          [
            -103.311059,
            20.5971749
          ],
          [
            -103.3109071,
            20.5972594
          ],
          [
            -103.3107364,
            20.5973505
          ],
          [
            -103.3105674,
            20.5974507
          ],
          [
            -103.3103599,
            20.5975875
          ],
          [
            -103.3101816,
            20.5976821
          ],
          [
            -103.3100193,
            20.5977693
          ],
          [
            -103.3099111,
            20.5978212
          ],
          [
            -103.3097081,
            20.5978849
          ],
          [
            -103.3095151,
            20.5979404
          ],
          [
            -103.3092963,
            20.5979874
          ],
          [
            -103.3091031,
            20.5979941
          ],
          [
            -103.3089321,
            20.5979951
          ],
          [
            -103.3087607,
            20.5979756
          ],
          [
            -103.3086106,
            20.5979332
          ],
          [
            -103.3084747,
            20.5978974
          ],
          [
            -103.3082933,
            20.5978485
          ],
          [
            -103.3080723,
            20.5977631
          ],
          [
            -103.307865,
            20.5976588
          ],
          [
            -103.3071693,
            20.5972935
          ],
          [
            -103.3070014,
            20.5972079
          ],
          [
            -103.3068083,
            20.5971161
          ],
          [
            -103.3064511,
            20.5969687
          ],
          [
            -103.3060688,
            20.5968429
          ],
          [
            -103.305946,
            20.5967918
          ],
          [
            -103.3042865,
            20.5961423
          ],
          [
            -103.3031841,
            20.5957519
          ],
          [
            -103.3026033,
            20.5955487
          ],
          [
            -103.3023205,
            20.5954482
          ],
          [
            -103.3020371,
            20.5953415
          ],
          [
            -103.3017937,
            20.5952451
          ],
          [
            -103.3015168,
            20.5951286
          ],
          [
            -103.3013169,
            20.5950247
          ],
          [
            -103.3011307,
            20.5949215
          ],
          [
            -103.3008721,
            20.5947603
          ],
          [
            -103.3006798,
            20.5946309
          ],
          [
            -103.3004186,
            20.594449
          ],
          [
            -103.2986202,
            20.5931653
          ],
          [
            -103.2964771,
            20.5916377
          ],
          [
            -103.2957468,
            20.5911184
          ],
          [
            -103.2944861,
            20.5902266
          ]
        ]
      },
      "id": "way/294779402"
    },
    {
      "type": "Feature",
      "properties": {
        "@id": "way/298333101",
        "electrified": "no",
        "gauge": "1435",
        "name": "Línea I",
        "operator": "Ferromex",
        "operator:wikidata": "Q977145",
        "railway": "rail",
        "usage": "main"
      },
      "geometry": {
        "type": "LineString",
        "coordinates": [
          [
            -103.4214427,
            20.4665361
          ],
          [
            -103.4244253,
            20.465314
          ],
          [
            -103.4247584,
            20.4652216
          ],
          [
            -103.4251317,
            20.465155
          ],
          [
            -103.4255495,
            20.4651166
          ],
          [
            -103.4259647,
            20.4651384
          ],
          [
            -103.4263189,
            20.4651896
          ],
          [
            -103.4266578,
            20.4652702
          ],
          [
            -103.4269666,
            20.4653714
          ],
          [
            -103.4272567,
            20.4655054
          ],
          [
            -103.4277295,
            20.4657853
          ],
          [
            -103.4281573,
            20.466097
          ],
          [
            -103.4305695,
            20.4679934
          ],
          [
            -103.4308483,
            20.4681779
          ],
          [
            -103.431141,
            20.4683442
          ],
          [
            -103.4314481,
            20.4684992
          ],
          [
            -103.431765,
            20.4686352
          ],
          [
            -103.432263,
            20.468792
          ],
          [
            -103.4327581,
            20.4689072
          ],
          [
            -103.4331499,
            20.4689709
          ],
          [
            -103.4335347,
            20.4690013
          ],
          [
            -103.4339379,
            20.4690142
          ],
          [
            -103.4343337,
            20.4689905
          ],
          [
            -103.4346501,
            20.4689624
          ],
          [
            -103.4349631,
            20.4689087
          ],
          [
            -103.4352963,
            20.4688325
          ],
          [
            -103.4356329,
            20.4687343
          ],
          [
            -103.4359397,
            20.4686234
          ],
          [
            -103.4362195,
            20.468486
          ],
          [
            -103.4368129,
            20.4681989
          ],
          [
            -103.4370902,
            20.4680177
          ],
          [
            -103.4373771,
            20.4678315
          ],
          [
            -103.4377501,
            20.4675962
          ],
          [
            -103.4379431,
            20.4674684
          ],
          [
            -103.4380332,
            20.4674088
          ],
          [
            -103.4403738,
            20.465859
          ],
          [
            -103.4405071,
            20.4657818
          ],
          [
            -103.4454607,
            20.4625345
          ],
          [
            -103.4455336,
            20.4624863
          ],
          [
            -103.4501249,
            20.4594743
          ],
          [
            -103.454423,
            20.4566649
          ],
          [
            -103.4546581,
            20.4565115
          ],
          [
            -103.4549062,
            20.4563666
          ],
          [
            -103.45515,
            20.4562407
          ],
          [
            -103.4554041,
            20.4561229
          ],
          [
            -103.4556913,
            20.4560143
          ],
          [
            -103.4559349,
            20.4559262
          ],
          [
            -103.4560123,
            20.4559046
          ],
          [
            -103.456268,
            20.4558359
          ],
          [
            -103.4564683,
            20.455789
          ],
          [
            -103.45668,
            20.4557484
          ],
          [
            -103.4568846,
            20.4557165
          ],
          [
            -103.4572381,
            20.4556784
          ],
          [
            -103.4576257,
            20.4556632
          ],
          [
            -103.458087,
            20.4556711
          ],
          [
            -103.4585879,
            20.4557536
          ],
          [
            -103.4594668,
            20.4559618
          ],
          [
            -103.4607553,
            20.4565228
          ],
          [
            -103.4642749,
            20.4581399
          ],
          [
            -103.4661135,
            20.4589846
          ],
          [
            -103.4671765,
            20.4594904
          ],
          [
            -103.4682214,
            20.4600794
          ],
          [
            -103.4692215,
            20.460773
          ],
          [
            -103.4702189,
            20.4615164
          ],
          [
            -103.476143,
            20.465913
          ],
          [
            -103.476639,
            20.4663378
          ],
          [
            -103.4770491,
            20.466859
          ],
          [
            -103.4772704,
            20.4672775
          ],
          [
            -103.4774476,
            20.4677242
          ],
          [
            -103.4775386,
            20.4680993
          ],
          [
            -103.4775687,
            20.4684358
          ],
          [
            -103.4779979,
            20.4767984
          ],
          [
            -103.4780667,
            20.4774615
          ],
          [
            -103.478248,
            20.4781258
          ],
          [
            -103.478486,
            20.4785831
          ],
          [
            -103.4786925,
            20.478901
          ],
          [
            -103.4789849,
            20.4792106
          ],
          [
            -103.4793294,
            20.4795265
          ],
          [
            -103.4797817,
            20.4798389
          ],
          [
            -103.4800894,
            20.479995
          ],
          [
            -103.480528,
            20.4801494
          ],
          [
            -103.4814276,
            20.4803666
          ],
          [
            -103.486171,
            20.4813178
          ],
          [
            -103.4867274,
            20.4814213
          ],
          [
            -103.4872945,
            20.4814868
          ],
          [
            -103.4880768,
            20.4815443
          ],
          [
            -103.4888554,
            20.4815424
          ],
          [
            -103.4895184,
            20.4814998
          ],
          [
            -103.4901858,
            20.4814218
          ],
          [
            -103.4915914,
            20.4811439
          ],
          [
            -103.4918859,
            20.4810821
          ],
          [
            -103.4926945,
            20.4809079
          ]
        ]
      },
      "id": "way/298333101"
    },
    {
      "type": "Feature",
      "properties": {
        "@id": "way/388354802",
        "electrified": "no",
        "gauge": "1435",
        "name": "Línea I",
        "operator": "Ferromex",
        "operator:wikidata": "Q977145",
        "railway": "rail",
        "usage": "main"
      },
      "geometry": {
        "type": "LineString",
        "coordinates": [
          [
            -102.7557714,
            20.361264
          ],
          [
            -102.7563182,
            20.3610455
          ],
          [
            -102.7634773,
            20.3582584
          ],
          [
            -102.7649199,
            20.3576685
          ],
          [
            -102.7662749,
            20.3571527
          ],
          [
            -102.7670575,
            20.3568462
          ],
          [
            -102.7716487,
            20.3550478
          ],
          [
            -102.7723932,
            20.3547562
          ],
          [
            -102.7733413,
            20.3543809
          ],
          [
            -102.7750069,
            20.3537293
          ],
          [
            -102.7753207,
            20.3536098
          ],
          [
            -102.7788809,
            20.3522341
          ]
        ]
      },
      "id": "way/388354802"
    },
    {
      "type": "Feature",
      "properties": {
        "@id": "way/388354803",
        "bridge": "yes",
        "electrified": "no",
        "gauge": "1435",
        "layer": "1",
        "name": "Línea I",
        "operator": "Ferromex",
        "operator:wikidata": "Q977145",
        "railway": "rail",
        "usage": "main"
      },
      "geometry": {
        "type": "LineString",
        "coordinates": [
          [
            -102.7553067,
            20.3614458
          ],
          [
            -102.7557714,
            20.361264
          ]
        ]
      },
      "id": "way/388354803"
    },
    {
      "type": "Feature",
      "properties": {
        "@id": "way/444469274",
        "bridge": "yes",
        "electrified": "no",
        "gauge": "1435",
        "layer": "1",
        "name": "Línea I",
        "operator": "Ferromex",
        "operator:wikidata": "Q977145",
        "railway": "rail",
        "usage": "main"
      },
      "geometry": {
        "type": "LineString",
        "coordinates": [
          [
            -103.6133144,
            20.351468
          ],
          [
            -103.6133132,
            20.3513681
          ]
        ]
      },
      "id": "way/444469274"
    },
    {
      "type": "Feature",
      "properties": {
        "@id": "way/444469275",
        "electrified": "no",
        "gauge": "1435",
        "name": "Línea I",
        "operator": "Ferromex",
        "operator:wikidata": "Q977145",
        "railway": "rail",
        "usage": "main"
      },
      "geometry": {
        "type": "LineString",
        "coordinates": [
          [
            -103.5837703,
            20.2357331
          ],
          [
            -103.5830408,
            20.2354367
          ],
          [
            -103.5823215,
            20.2352121
          ],
          [
            -103.5816183,
            20.2350648
          ],
          [
            -103.5812034,
            20.2349856
          ],
          [
            -103.5807604,
            20.2349277
          ],
          [
            -103.579934,
            20.2348551
          ],
          [
            -103.5790438,
            20.2348447
          ],
          [
            -103.578102,
            20.2349033
          ],
          [
            -103.5755671,
            20.235196
          ],
          [
            -103.5750768,
            20.2352222
          ],
          [
            -103.5745574,
            20.235197
          ],
          [
            -103.5740468,
            20.2351089
          ],
          [
            -103.57355,
            20.2350101
          ],
          [
            -103.571777,
            20.234278
          ],
          [
            -103.5708511,
            20.2338782
          ],
          [
            -103.5694862,
            20.2332673
          ],
          [
            -103.568163,
            20.2327075
          ],
          [
            -103.5668419,
            20.2321063
          ],
          [
            -103.5654223,
            20.2314744
          ],
          [
            -103.5637043,
            20.2307335
          ],
          [
            -103.5621096,
            20.2300275
          ],
          [
            -103.561289,
            20.2296639
          ],
          [
            -103.5597593,
            20.2289929
          ],
          [
            -103.5565616,
            20.2276253
          ],
          [
            -103.5536241,
            20.2263017
          ],
          [
            -103.5529526,
            20.2258635
          ],
          [
            -103.5523882,
            20.2253499
          ],
          [
            -103.551742,
            20.2245688
          ],
          [
            -103.5516501,
            20.2244229
          ],
          [
            -103.5510553,
            20.2234797
          ],
          [
            -103.544493,
            20.2128234
          ],
          [
            -103.540585,
            20.2065987
          ],
          [
            -103.5340983,
            20.1960209
          ],
          [
            -103.525294,
            20.1818025
          ],
          [
            -103.5159715,
            20.1667407
          ]
        ]
      },
      "id": "way/444469275"
    },
    {
      "type": "Feature",
      "properties": {
        "@id": "way/444472070",
        "bridge": "yes",
        "electrified": "no",
        "embankment": "yes",
        "gauge": "1435",
        "layer": "1",
        "name": "Línea I",
        "operator": "Ferromex",
        "operator:wikidata": "Q977145",
        "railway": "rail",
        "usage": "main"
      },
      "geometry": {
        "type": "LineString",
        "coordinates": [
          [
            -103.5838548,
            20.2357721
          ],
          [
            -103.5837703,
            20.2357331
          ]
        ]
      },
      "id": "way/444472070"
    },
    {
      "type": "Feature",
      "properties": {
        "@id": "way/444472071",
        "electrified": "no",
        "gauge": "1435",
        "name": "Línea I",
        "operator": "Ferromex",
        "operator:wikidata": "Q977145",
        "railway": "rail",
        "usage": "main"
      },
      "geometry": {
        "type": "LineString",
        "coordinates": [
          [
            -103.6036451,
            20.2763875
          ],
          [
            -103.6015892,
            20.2694563
          ],
          [
            -103.6009312,
            20.2676316
          ],
          [
            -103.6001376,
            20.2658448
          ],
          [
            -103.6000586,
            20.2656617
          ],
          [
            -103.5935503,
            20.2505782
          ],
          [
            -103.5920092,
            20.2470385
          ],
          [
            -103.5915451,
            20.2459588
          ],
          [
            -103.5914142,
            20.2456543
          ],
          [
            -103.5898752,
            20.2421872
          ],
          [
            -103.589693,
            20.241783
          ],
          [
            -103.5893067,
            20.2408871
          ],
          [
            -103.5888454,
            20.2400919
          ],
          [
            -103.5880925,
            20.2389461
          ],
          [
            -103.5866889,
            20.2374947
          ],
          [
            -103.5851915,
            20.2364224
          ],
          [
            -103.5841239,
            20.2358916
          ],
          [
            -103.5838548,
            20.2357721
          ]
        ]
      },
      "id": "way/444472071"
    },
    {
      "type": "Feature",
      "properties": {
        "@id": "way/444966041",
        "electrified": "no",
        "gauge": "1435",
        "name": "Línea I",
        "operator": "Ferromex",
        "operator:wikidata": "Q977145",
        "railway": "rail",
        "usage": "main"
      },
      "geometry": {
        "type": "LineString",
        "coordinates": [
          [
            -103.650848,
            20.4660533
          ],
          [
            -103.6510279,
            20.4659631
          ],
          [
            -103.6516333,
            20.4657035
          ],
          [
            -103.6532604,
            20.4652336
          ],
          [
            -103.6537742,
            20.4650371
          ],
          [
            -103.6541705,
            20.4647474
          ],
          [
            -103.6544635,
            20.4644221
          ],
          [
            -103.654675,
            20.4640736
          ],
          [
            -103.6548139,
            20.4636455
          ],
          [
            -103.6548574,
            20.4630997
          ],
          [
            -103.6546806,
            20.4625131
          ],
          [
            -103.6543473,
            20.461893
          ],
          [
            -103.6533285,
            20.4603403
          ],
          [
            -103.6533079,
            20.4603089
          ],
          [
            -103.6523234,
            20.4587853
          ],
          [
            -103.6517355,
            20.4581655
          ],
          [
            -103.6511118,
            20.4576632
          ],
          [
            -103.6504477,
            20.4572245
          ],
          [
            -103.6438227,
            20.4529888
          ],
          [
            -103.6431428,
            20.4526092
          ],
          [
            -103.642479,
            20.4523598
          ],
          [
            -103.6416971,
            20.4521744
          ],
          [
            -103.640867,
            20.4521206
          ],
          [
            -103.6400683,
            20.4521923
          ],
          [
            -103.6394264,
            20.4523256
          ],
          [
            -103.6388414,
            20.4525466
          ],
          [
            -103.6382119,
            20.4528484
          ],
          [
            -103.6376211,
            20.4531628
          ],
          [
            -103.636444,
            20.45379
          ],
          [
            -103.636098,
            20.4540226
          ],
          [
            -103.6357653,
            20.4543294
          ],
          [
            -103.6352824,
            20.4549036
          ],
          [
            -103.635127,
            20.4551437
          ],
          [
            -103.6349451,
            20.4553802
          ],
          [
            -103.6346925,
            20.4556197
          ],
          [
            -103.6345247,
            20.4557394
          ],
          [
            -103.6343846,
            20.4558392
          ],
          [
            -103.6342352,
            20.455911
          ],
          [
            -103.633786,
            20.4560559
          ],
          [
            -103.633314,
            20.4561054
          ],
          [
            -103.6328485,
            20.4560704
          ],
          [
            -103.6326177,
            20.4560196
          ],
          [
            -103.632403,
            20.4559472
          ],
          [
            -103.6320981,
            20.4558058
          ],
          [
            -103.6317667,
            20.455575
          ],
          [
            -103.6312934,
            20.45518
          ],
          [
            -103.6310588,
            20.4549903
          ],
          [
            -103.6308337,
            20.4548411
          ],
          [
            -103.6305069,
            20.4546677
          ],
          [
            -103.6298879,
            20.4543657
          ],
          [
            -103.6296739,
            20.4542412
          ],
          [
            -103.629472,
            20.4541077
          ],
          [
            -103.6289545,
            20.4536661
          ],
          [
            -103.6285625,
            20.4531732
          ],
          [
            -103.6280554,
            20.4520924
          ],
          [
            -103.6271127,
            20.4499171
          ],
          [
            -103.6260909,
            20.4482603
          ],
          [
            -103.6246231,
            20.4468836
          ],
          [
            -103.6233634,
            20.4462816
          ],
          [
            -103.6220288,
            20.4458509
          ],
          [
            -103.6211352,
            20.4456534
          ],
          [
            -103.6202421,
            20.4455651
          ],
          [
            -103.6179614,
            20.4458404
          ],
          [
            -103.6174624,
            20.4459053
          ],
          [
            -103.6170966,
            20.4459184
          ],
          [
            -103.6164047,
            20.4458711
          ],
          [
            -103.6157273,
            20.4457054
          ],
          [
            -103.6152029,
            20.4455183
          ],
          [
            -103.6146371,
            20.4451552
          ],
          [
            -103.6143222,
            20.4447981
          ],
          [
            -103.6141249,
            20.4443835
          ],
          [
            -103.6140596,
            20.4439847
          ],
          [
            -103.6140709,
            20.4435889
          ],
          [
            -103.6143152,
            20.4429891
          ],
          [
            -103.6145447,
            20.44271
          ],
          [
            -103.6148292,
            20.4424708
          ],
          [
            -103.6151574,
            20.4423
          ],
          [
            -103.6155132,
            20.4421887
          ],
          [
            -103.6160108,
            20.442153
          ],
          [
            -103.6165027,
            20.4422434
          ],
          [
            -103.6168825,
            20.442423
          ],
          [
            -103.6172618,
            20.442734
          ],
          [
            -103.6176353,
            20.4431567
          ],
          [
            -103.6179912,
            20.4434961
          ],
          [
            -103.6184799,
            20.4438651
          ],
          [
            -103.6190635,
            20.4440702
          ],
          [
            -103.6196031,
            20.4441658
          ],
          [
            -103.6202415,
            20.4441454
          ],
          [
            -103.6208418,
            20.4439808
          ],
          [
            -103.6227995,
            20.4429683
          ],
          [
            -103.6235932,
            20.4426622
          ],
          [
            -103.6243119,
            20.4424894
          ],
          [
            -103.6249351,
            20.4424286
          ],
          [
            -103.6254861,
            20.442423
          ],
          [
            -103.6260368,
            20.442464
          ],
          [
            -103.6266933,
            20.4426075
          ],
          [
            -103.6286642,
            20.4432331
          ],
          [
            -103.6302787,
            20.4438079
          ],
          [
            -103.6309641,
            20.4439472
          ],
          [
            -103.631296,
            20.4439608
          ],
          [
            -103.6316238,
            20.4439127
          ],
          [
            -103.6319196,
            20.4438275
          ],
          [
            -103.6322296,
            20.4436908
          ],
          [
            -103.6327111,
            20.4433354
          ],
          [
            -103.6329,
            20.4431464
          ],
          [
            -103.6330754,
            20.4428994
          ],
          [
            -103.6331843,
            20.4426412
          ],
          [
            -103.6332925,
            20.4423286
          ],
          [
            -103.6333639,
            20.4420061
          ],
          [
            -103.633346,
            20.4416717
          ],
          [
            -103.633238,
            20.4412809
          ],
          [
            -103.6330813,
            20.4409297
          ],
          [
            -103.6329349,
            20.4407311
          ],
          [
            -103.632752,
            20.4404989
          ],
          [
            -103.6325808,
            20.4403089
          ],
          [
            -103.6324375,
            20.440188
          ],
          [
            -103.6321517,
            20.4400425
          ],
          [
            -103.6318694,
            20.4399345
          ],
          [
            -103.6315535,
            20.4398615
          ],
          [
            -103.631285,
            20.4398291
          ],
          [
            -103.6306485,
            20.4398475
          ],
          [
            -103.6285487,
            20.4399395
          ],
          [
            -103.6280237,
            20.4398967
          ],
          [
            -103.6275139,
            20.4398189
          ],
          [
            -103.6265985,
            20.4395526
          ],
          [
            -103.6260477,
            20.4392994
          ],
          [
            -103.6255481,
            20.4390188
          ],
          [
            -103.6252718,
            20.4388562
          ],
          [
            -103.6250178,
            20.43864
          ],
          [
            -103.6246404,
            20.4382697
          ],
          [
            -103.624195,
            20.437741
          ],
          [
            -103.6238558,
            20.437225
          ],
          [
            -103.6235823,
            20.4366611
          ],
          [
            -103.6233843,
            20.4360861
          ],
          [
            -103.622651,
            20.4335255
          ],
          [
            -103.6185904,
            20.4194519
          ],
          [
            -103.6185728,
            20.4193831
          ],
          [
            -103.6178565,
            20.4168326
          ]
        ]
      },
      "id": "way/444966041"
    },
    {
      "type": "Feature",
      "properties": {
        "@id": "way/444966042",
        "electrified": "no",
        "embankment": "yes",
        "gauge": "1435",
        "name": "Línea I",
        "operator": "Ferromex",
        "operator:wikidata": "Q977145",
        "railway": "rail",
        "usage": "main"
      },
      "geometry": {
        "type": "LineString",
        "coordinates": [
          [
            -103.6491005,
            20.4685517
          ],
          [
            -103.6496494,
            20.46737
          ],
          [
            -103.6497553,
            20.4671918
          ],
          [
            -103.6498792,
            20.4669988
          ],
          [
            -103.6501094,
            20.4667031
          ],
          [
            -103.6502472,
            20.4665458
          ],
          [
            -103.6504348,
            20.4663715
          ],
          [
            -103.6506322,
            20.4662069
          ],
          [
            -103.650848,
            20.4660533
          ]
        ]
      },
      "id": "way/444966042"
    },
    {
      "type": "Feature",
      "properties": {
        "@id": "way/444967691",
        "electrified": "no",
        "gauge": "1435",
        "name": "Línea I",
        "operator": "Ferromex",
        "operator:wikidata": "Q977145",
        "railway": "rail",
        "usage": "main"
      },
      "geometry": {
        "type": "LineString",
        "coordinates": [
          [
            -103.3258915,
            20.6279529
          ],
          [
            -103.3258223,
            20.6278731
          ],
          [
            -103.3246377,
            20.6265093
          ],
          [
            -103.324521,
            20.6263719
          ],
          [
            -103.3244188,
            20.6262445
          ],
          [
            -103.3243214,
            20.6261124
          ],
          [
            -103.324234,
            20.6259809
          ],
          [
            -103.3241613,
            20.6258551
          ],
          [
            -103.3240859,
            20.6257073
          ],
          [
            -103.3240196,
            20.6255559
          ],
          [
            -103.3239624,
            20.6254011
          ],
          [
            -103.3239147,
            20.6252436
          ],
          [
            -103.3238765,
            20.6250839
          ],
          [
            -103.323848,
            20.6249223
          ],
          [
            -103.3238292,
            20.6247596
          ],
          [
            -103.3238203,
            20.6245961
          ],
          [
            -103.3238212,
            20.6244323
          ],
          [
            -103.3238319,
            20.6242689
          ],
          [
            -103.3238525,
            20.6241064
          ],
          [
            -103.3238801,
            20.6239575
          ],
          [
            -103.323916,
            20.6238102
          ],
          [
            -103.3239599,
            20.6236649
          ],
          [
            -103.3240119,
            20.6235219
          ],
          [
            -103.3240755,
            20.623373
          ],
          [
            -103.3241477,
            20.6232276
          ],
          [
            -103.3242284,
            20.6230862
          ],
          [
            -103.3243172,
            20.6229491
          ],
          [
            -103.3244138,
            20.622817
          ],
          [
            -103.324518,
            20.62269
          ],
          [
            -103.3246295,
            20.6225686
          ],
          [
            -103.324748,
            20.6224531
          ],
          [
            -103.324873,
            20.6223439
          ],
          [
            -103.3250043,
            20.6222413
          ],
          [
            -103.3251414,
            20.6221455
          ],
          [
            -103.3252839,
            20.622057
          ],
          [
            -103.3254313,
            20.6219759
          ],
          [
            -103.3255834,
            20.6219025
          ],
          [
            -103.3257394,
            20.621837
          ],
          [
            -103.3258991,
            20.6217796
          ],
          [
            -103.326062,
            20.6217305
          ],
          [
            -103.3262274,
            20.6216899
          ],
          [
            -103.326395,
            20.6216578
          ],
          [
            -103.3265642,
            20.6216344
          ],
          [
            -103.3267345,
            20.6216198
          ],
          [
            -103.3269055,
            20.6216138
          ],
          [
            -103.3270765,
            20.6216167
          ],
          [
            -103.3273032,
            20.6216386
          ],
          [
            -103.3275046,
            20.6216698
          ],
          [
            -103.3276877,
            20.6217047
          ],
          [
            -103.3278717,
            20.6217464
          ],
          [
            -103.3280198,
            20.6217822
          ],
          [
            -103.3325983,
            20.6229668
          ],
          [
            -103.3349327,
            20.6235635
          ],
          [
            -103.3352666,
            20.6236438
          ],
          [
            -103.3354732,
            20.6236853
          ],
          [
            -103.3356542,
            20.6237141
          ],
          [
            -103.3358076,
            20.6237318
          ],
          [
            -103.3359618,
            20.6237411
          ],
          [
            -103.3361164,
            20.6237421
          ],
          [
            -103.3362707,
            20.6237347
          ],
          [
            -103.3364243,
            20.623719
          ],
          [
            -103.3365767,
            20.623695
          ],
          [
            -103.3367274,
            20.6236628
          ],
          [
            -103.3368758,
            20.6236225
          ],
          [
            -103.3370215,
            20.6235742
          ],
          [
            -103.3372215,
            20.6234936
          ],
          [
            -103.3373744,
            20.6234201
          ],
          [
            -103.3374739,
            20.6233657
          ],
          [
            -103.3375706,
            20.6233081
          ],
          [
            -103.3376287,
            20.6232706
          ],
          [
            -103.3376636,
            20.623248
          ],
          [
            -103.3376719,
            20.6232422
          ],
          [
            -103.3377523,
            20.6231863
          ],
          [
            -103.3378357,
            20.6231239
          ],
          [
            -103.3379133,
            20.6230615
          ],
          [
            -103.3379841,
            20.623
          ],
          [
            -103.3380474,
            20.6229403
          ],
          [
            -103.3381671,
            20.6228133
          ],
          [
            -103.338248,
            20.6227195
          ],
          [
            -103.3383065,
            20.6226434
          ],
          [
            -103.3383697,
            20.6225565
          ],
          [
            -103.3384323,
            20.6224602
          ],
          [
            -103.3384872,
            20.6223698
          ],
          [
            -103.3385543,
            20.6222546
          ],
          [
            -103.3386807,
            20.6219958
          ],
          [
            -103.3387943,
            20.6217459
          ],
          [
            -103.3388816,
            20.6215358
          ],
          [
            -103.3389624,
            20.6213231
          ],
          [
            -103.3390866,
            20.6209655
          ],
          [
            -103.3391787,
            20.6206724
          ],
          [
            -103.3392529,
            20.6203961
          ],
          [
            -103.3393226,
            20.6201067
          ],
          [
            -103.339357,
            20.6199476
          ],
          [
            -103.3394188,
            20.6196258
          ],
          [
            -103.3394455,
            20.6194616
          ],
          [
            -103.3394898,
            20.619144
          ],
          [
            -103.3395072,
            20.6189808
          ],
          [
            -103.3395226,
            20.6188343
          ],
          [
            -103.3395389,
            20.6186405
          ],
          [
            -103.3396701,
            20.6166176
          ],
          [
            -103.3398395,
            20.613951
          ],
          [
            -103.3399118,
            20.6127486
          ],
          [
            -103.3399366,
            20.612467
          ],
          [
            -103.340017,
            20.611173
          ],
          [
            -103.3400346,
            20.6109444
          ],
          [
            -103.3400499,
            20.6107624
          ],
          [
            -103.3400679,
            20.6105996
          ],
          [
            -103.3400845,
            20.6104589
          ],
          [
            -103.3401104,
            20.6103093
          ],
          [
            -103.3401451,
            20.6101369
          ],
          [
            -103.3403959,
            20.6091056
          ],
          [
            -103.340443,
            20.6088934
          ],
          [
            -103.3404706,
            20.608781
          ],
          [
            -103.340523,
            20.6085701
          ],
          [
            -103.3413997,
            20.6049703
          ],
          [
            -103.341521,
            20.6044753
          ]
        ]
      },
      "id": "way/444967691"
    },
    {
      "type": "Feature",
      "properties": {
        "@id": "way/444967696",
        "electrified": "no",
        "gauge": "1435",
        "name": "Línea I",
        "operator": "Ferromex",
        "operator:wikidata": "Q977145",
        "railway": "rail",
        "usage": "main"
      },
      "geometry": {
        "type": "LineString",
        "coordinates": [
          [
            -103.3634663,
            20.5627467
          ],
          [
            -103.3653755,
            20.5595565
          ]
        ]
      },
      "id": "way/444967696"
    },
    {
      "type": "Feature",
      "properties": {
        "@id": "way/444967697",
        "bridge": "yes",
        "electrified": "no",
        "gauge": "1435",
        "layer": "1",
        "name": "Línea I",
        "operator": "Ferromex",
        "operator:wikidata": "Q977145",
        "railway": "rail",
        "usage": "main"
      },
      "geometry": {
        "type": "LineString",
        "coordinates": [
          [
            -103.3633487,
            20.5629584
          ],
          [
            -103.3634663,
            20.5627467
          ]
        ]
      },
      "id": "way/444967697"
    },
    {
      "type": "Feature",
      "properties": {
        "@id": "way/463705519",
        "electrified": "contact_line",
        "frequency": "0",
        "gauge": "1435",
        "name": "Línea 1 del Tren Eléctrico Urbano",
        "operator": "SITEUR",
        "railway": "light_rail",
        "usage": "main",
        "voltage": "750"
      },
      "geometry": {
        "type": "LineString",
        "coordinates": [
          [
            -103.3867763,
            20.6246088
          ],
          [
            -103.3857088,
            20.625934
          ],
          [
            -103.385516,
            20.626191
          ],
          [
            -103.3851237,
            20.6266582
          ],
          [
            -103.384744,
            20.6271069
          ],
          [
            -103.3842906,
            20.62764
          ],
          [
            -103.3840432,
            20.627954
          ],
          [
            -103.383722,
            20.6284232
          ],
          [
            -103.3830579,
            20.6292973
          ],
          [
            -103.3811614,
            20.6320186
          ],
          [
            -103.3810832,
            20.632125
          ],
          [
            -103.3810385,
            20.6321857
          ],
          [
            -103.380676,
            20.6326696
          ],
          [
            -103.3805901,
            20.6327922
          ],
          [
            -103.3782046,
            20.6360316
          ],
          [
            -103.3772627,
            20.6376828
          ],
          [
            -103.376993,
            20.638105
          ],
          [
            -103.3767206,
            20.6385159
          ],
          [
            -103.3766995,
            20.6385519
          ],
          [
            -103.376685,
            20.6385684
          ],
          [
            -103.3766175,
            20.6386484
          ],
          [
            -103.3765604,
            20.6387164
          ],
          [
            -103.376489,
            20.6388032
          ],
          [
            -103.3757772,
            20.6396787
          ],
          [
            -103.3732717,
            20.6425325
          ],
          [
            -103.3731739,
            20.6426463
          ],
          [
            -103.3730989,
            20.6427295
          ],
          [
            -103.37272,
            20.6431501
          ],
          [
            -103.372381,
            20.6435498
          ],
          [
            -103.3703914,
            20.6457906
          ],
          [
            -103.3696542,
            20.646735
          ],
          [
            -103.3695282,
            20.6468968
          ],
          [
            -103.36928,
            20.6472151
          ],
          [
            -103.3689886,
            20.6475899
          ],
          [
            -103.3686513,
            20.6480255
          ]
        ]
      },
      "id": "way/463705519"
    },
    {
      "type": "Feature",
      "properties": {
        "@id": "way/463705521",
        "electrified": "contact_line",
        "frequency": "0",
        "gauge": "1435",
        "layer": "-1",
        "name": "Línea 1 del Tren Eléctrico Urbano",
        "operator": "SITEUR",
        "railway": "light_rail",
        "tunnel": "yes",
        "usage": "main",
        "voltage": "750"
      },
      "geometry": {
        "type": "LineString",
        "coordinates": [
          [
            -103.3674242,
            20.6496105
          ],
          [
            -103.3664355,
            20.650849
          ]
        ]
      },
      "id": "way/463705521"
    },
    {
      "type": "Feature",
      "properties": {
        "@id": "way/463705524",
        "electrified": "contact_line",
        "frequency": "0",
        "gauge": "1435",
        "name": "Línea 1 del Tren Eléctrico Urbano",
        "operator": "SITEUR",
        "railway": "light_rail",
        "usage": "main",
        "voltage": "750"
      },
      "geometry": {
        "type": "LineString",
        "coordinates": [
          [
            -103.3653032,
            20.6522427
          ],
          [
            -103.3648784,
            20.6527656
          ],
          [
            -103.3639506,
            20.653936
          ],
          [
            -103.3636046,
            20.654384
          ],
          [
            -103.3633398,
            20.6547117
          ],
          [
            -103.3633134,
            20.6547466
          ],
          [
            -103.3628025,
            20.6553825
          ],
          [
            -103.3621337,
            20.6562091
          ],
          [
            -103.3620443,
            20.6563195
          ],
          [
            -103.360782,
            20.6577821
          ]
        ]
      },
      "id": "way/463705524"
    },
    {
      "type": "Feature",
      "properties": {
        "@id": "way/463705525",
        "electrified": "contact_line",
        "frequency": "0",
        "gauge": "1435",
        "layer": "-1",
        "level": "-1",
        "name": "Línea 1 del Tren Eléctrico Urbano",
        "operator": "SITEUR",
        "railway": "light_rail",
        "tunnel": "yes",
        "usage": "main",
        "voltage": "750"
      },
      "geometry": {
        "type": "LineString",
        "coordinates": [
          [
            -103.3581915,
            20.6598536
          ],
          [
            -103.3593545,
            20.6592768
          ],
          [
            -103.3595273,
            20.6591783
          ],
          [
            -103.3597046,
            20.6590395
          ]
        ]
      },
      "id": "way/463705525"
    },
    {
      "type": "Feature",
      "properties": {
        "@id": "way/463705528",
        "electrified": "contact_line",
        "frequency": "0",
        "gauge": "1435",
        "layer": "-1",
        "level": "-1",
        "name": "Línea 1 del Tren Eléctrico Urbano",
        "operator": "SITEUR",
        "railway": "light_rail",
        "tunnel": "yes",
        "usage": "main",
        "voltage": "750"
      },
      "geometry": {
        "type": "LineString",
        "coordinates": [
          [
            -103.3596632,
            20.6590224
          ],
          [
            -103.3594929,
            20.6591523
          ],
          [
            -103.3593219,
            20.6592483
          ],
          [
            -103.3581337,
            20.6598356
          ]
        ]
      },
      "id": "way/463705528"
    },
    {
      "type": "Feature",
      "properties": {
        "@id": "way/463705530",
        "electrified": "contact_line",
        "frequency": "0",
        "gauge": "1435",
        "layer": "-3",
        "level": "-2",
        "name": "Línea 1 del Tren Eléctrico Urbano",
        "operator": "SITEUR",
        "railway": "light_rail",
        "tunnel": "yes",
        "usage": "main",
        "voltage": "750"
      },
      "geometry": {
        "type": "LineString",
        "coordinates": [
          [
            -103.3581337,
            20.6598356
          ],
          [
            -103.3579915,
            20.6599586
          ],
          [
            -103.3578467,
            20.6601117
          ],
          [
            -103.3576455,
            20.6604806
          ],
          [
            -103.3574,
            20.6610836
          ],
          [
            -103.3560389,
            20.6644509
          ],
          [
            -103.355362,
            20.6668982
          ],
          [
            -103.3548399,
            20.6687951
          ],
          [
            -103.3547809,
            20.6691439
          ],
          [
            -103.3547573,
            20.6697736
          ],
          [
            -103.3547367,
            20.6741604
          ],
          [
            -103.3547247,
            20.6749619
          ],
          [
            -103.354717,
            20.6756603
          ],
          [
            -103.3547115,
            20.6763758
          ],
          [
            -103.3547008,
            20.677127
          ],
          [
            -103.3546889,
            20.6772683
          ],
          [
            -103.3546549,
            20.6774836
          ],
          [
            -103.3545348,
            20.6778277
          ],
          [
            -103.354314,
            20.6782354
          ],
          [
            -103.3542572,
            20.6784008
          ],
          [
            -103.354198,
            20.6786417
          ],
          [
            -103.3541748,
            20.6793741
          ],
          [
            -103.3541563,
            20.6801168
          ],
          [
            -103.3540968,
            20.6810381
          ],
          [
            -103.354045,
            20.6823629
          ],
          [
            -103.3540338,
            20.6827514
          ],
          [
            -103.3539997,
            20.6837627
          ],
          [
            -103.3539661,
            20.6844941
          ],
          [
            -103.3539453,
            20.6852267
          ],
          [
            -103.3539223,
            20.6859772
          ],
          [
            -103.3538997,
            20.6866174
          ],
          [
            -103.3538779,
            20.6870509
          ],
          [
            -103.3538564,
            20.6878592
          ],
          [
            -103.3538314,
            20.6887071
          ],
          [
            -103.3538112,
            20.6897293
          ],
          [
            -103.353826,
            20.6898865
          ],
          [
            -103.353892,
            20.6914676
          ],
          [
            -103.3539628,
            20.6931385
          ],
          [
            -103.3540004,
            20.6934195
          ],
          [
            -103.3540514,
            20.6936654
          ],
          [
            -103.354502,
            20.6948045
          ],
          [
            -103.3548265,
            20.6955799
          ],
          [
            -103.3549284,
            20.6959111
          ],
          [
            -103.3549982,
            20.6962649
          ],
          [
            -103.355025,
            20.6966337
          ],
          [
            -103.3550143,
            20.6970452
          ],
          [
            -103.354943,
            20.6984137
          ],
          [
            -103.354872,
            20.7003359
          ],
          [
            -103.3547541,
            20.7023092
          ],
          [
            -103.3547222,
            20.7033355
          ],
          [
            -103.3547219,
            20.7042537
          ],
          [
            -103.3547487,
            20.7060852
          ],
          [
            -103.3547968,
            20.7063836
          ],
          [
            -103.3548773,
            20.7066019
          ],
          [
            -103.3556008,
            20.7079818
          ],
          [
            -103.356036,
            20.7088298
          ],
          [
            -103.3561031,
            20.7090406
          ],
          [
            -103.3561353,
            20.7091761
          ],
          [
            -103.356146,
            20.7092739
          ],
          [
            -103.3561433,
            20.7094069
          ],
          [
            -103.3561326,
            20.7095148
          ],
          [
            -103.3558456,
            20.7108721
          ],
          [
            -103.3557785,
            20.7110929
          ]
        ]
      },
      "id": "way/463705530"
    },
    {
      "type": "Feature",
      "properties": {
        "@id": "way/463705532",
        "electrified": "contact_line",
        "frequency": "0",
        "gauge": "1435",
        "name": "Línea 1 del Tren Eléctrico Urbano",
        "operator": "SITEUR",
        "railway": "light_rail",
        "usage": "main",
        "voltage": "750"
      },
      "geometry": {
        "type": "LineString",
        "coordinates": [
          [
            -103.3548536,
            20.7134229
          ],
          [
            -103.354731,
            20.7137483
          ],
          [
            -103.3546122,
            20.7140633
          ],
          [
            -103.3545559,
            20.7143574
          ],
          [
            -103.354511,
            20.7153257
          ],
          [
            -103.354507,
            20.71551
          ],
          [
            -103.3544849,
            20.7156101
          ],
          [
            -103.3543446,
            20.7162458
          ],
          [
            -103.3536993,
            20.7192448
          ],
          [
            -103.3535814,
            20.719807
          ],
          [
            -103.3534562,
            20.7203601
          ],
          [
            -103.353361,
            20.7208285
          ],
          [
            -103.3532496,
            20.72143
          ],
          [
            -103.3532075,
            20.7216149
          ],
          [
            -103.3531313,
            20.7220642
          ],
          [
            -103.3531153,
            20.722278
          ],
          [
            -103.3530945,
            20.7226582
          ],
          [
            -103.3531214,
            20.7235175
          ]
        ]
      },
      "id": "way/463705532"
    },
    {
      "type": "Feature",
      "properties": {
        "@id": "way/463705533",
        "electrified": "contact_line",
        "frequency": "0",
        "gauge": "1435",
        "layer": "-1",
        "name": "Línea 1 del Tren Eléctrico Urbano",
        "operator": "SITEUR",
        "railway": "light_rail",
        "tunnel": "yes",
        "usage": "main",
        "voltage": "750"
      },
      "geometry": {
        "type": "LineString",
        "coordinates": [
          [
            -103.3531973,
            20.7252803
          ],
          [
            -103.3531923,
            20.7249995
          ]
        ]
      },
      "id": "way/463705533"
    },
    {
      "type": "Feature",
      "properties": {
        "@id": "way/463705534",
        "electrified": "contact_line",
        "frequency": "0",
        "gauge": "1435",
        "name": "Línea 1 del Tren Eléctrico Urbano",
        "operator": "SITEUR",
        "railway": "light_rail",
        "usage": "main",
        "voltage": "750"
      },
      "geometry": {
        "type": "LineString",
        "coordinates": [
          [
            -103.3531653,
            20.7235163
          ],
          [
            -103.3531496,
            20.7226566
          ],
          [
            -103.3531463,
            20.7224314
          ],
          [
            -103.3531819,
            20.7220473
          ],
          [
            -103.3532441,
            20.7216193
          ],
          [
            -103.3532853,
            20.721437
          ],
          [
            -103.3533919,
            20.7208344
          ],
          [
            -103.3534941,
            20.720361
          ],
          [
            -103.3536283,
            20.7198228
          ],
          [
            -103.3537503,
            20.7192558
          ],
          [
            -103.3543916,
            20.7162557
          ],
          [
            -103.3545308,
            20.71562
          ],
          [
            -103.354553,
            20.7155188
          ],
          [
            -103.354555,
            20.7153353
          ],
          [
            -103.354578,
            20.7143628
          ],
          [
            -103.3546207,
            20.7141157
          ],
          [
            -103.3547553,
            20.71376
          ],
          [
            -103.3548795,
            20.7134302
          ]
        ]
      },
      "id": "way/463705534"
    },
    {
      "type": "Feature",
      "properties": {
        "@id": "way/463705535",
        "electrified": "contact_line",
        "frequency": "0",
        "gauge": "1435",
        "layer": "-1",
        "name": "Línea 1 del Tren Eléctrico Urbano",
        "operator": "SITEUR",
        "railway": "light_rail",
        "tunnel": "yes",
        "usage": "main",
        "voltage": "750"
      },
      "geometry": {
        "type": "LineString",
        "coordinates": [
          [
            -103.3531533,
            20.7249893
          ],
          [
            -103.3531611,
            20.7252715
          ]
        ]
      },
      "id": "way/463705535"
    },
    {
      "type": "Feature",
      "properties": {
        "@id": "way/463705536",
        "electrified": "contact_line",
        "frequency": "0",
        "gauge": "1435",
        "name": "Línea 1 del Tren Eléctrico Urbano",
        "operator": "SITEUR",
        "railway": "light_rail",
        "usage": "main",
        "voltage": "750"
      },
      "geometry": {
        "type": "LineString",
        "coordinates": [
          [
            -103.3531943,
            20.7264865
          ],
          [
            -103.3532136,
            20.7271823
          ],
          [
            -103.3532293,
            20.7276985
          ],
          [
            -103.3532251,
            20.7279908
          ],
          [
            -103.3532054,
            20.7283416
          ],
          [
            -103.3531624,
            20.7286017
          ],
          [
            -103.3531264,
            20.7287404
          ],
          [
            -103.3531002,
            20.7288495
          ],
          [
            -103.3530488,
            20.7289977
          ],
          [
            -103.3529944,
            20.7291388
          ],
          [
            -103.3528176,
            20.7295314
          ],
          [
            -103.352749,
            20.7297081
          ],
          [
            -103.352681,
            20.7298642
          ],
          [
            -103.35266,
            20.7299168
          ]
        ]
      },
      "id": "way/463705536"
    },
    {
      "type": "Feature",
      "properties": {
        "@id": "way/463705537",
        "electrified": "contact_line",
        "frequency": "0",
        "gauge": "1435",
        "layer": "-3",
        "level": "-2",
        "name": "Línea 1 del Tren Eléctrico Urbano",
        "operator": "SITEUR",
        "railway": "light_rail",
        "tunnel": "yes",
        "usage": "main",
        "voltage": "750"
      },
      "geometry": {
        "type": "LineString",
        "coordinates": [
          [
            -103.3558188,
            20.7111132
          ],
          [
            -103.3558471,
            20.7110442
          ],
          [
            -103.3558864,
            20.710914
          ],
          [
            -103.3561549,
            20.70964
          ],
          [
            -103.3561746,
            20.7095172
          ],
          [
            -103.3561802,
            20.7094299
          ],
          [
            -103.3561824,
            20.709344
          ],
          [
            -103.3561818,
            20.7092386
          ],
          [
            -103.3561715,
            20.7091345
          ],
          [
            -103.3561426,
            20.7090263
          ],
          [
            -103.3561182,
            20.7089425
          ],
          [
            -103.3560797,
            20.708836
          ],
          [
            -103.3556344,
            20.707967
          ],
          [
            -103.3549597,
            20.7066569
          ],
          [
            -103.3548558,
            20.7064086
          ],
          [
            -103.3547952,
            20.7060906
          ],
          [
            -103.3547956,
            20.7056503
          ],
          [
            -103.3547674,
            20.7036862
          ],
          [
            -103.3548116,
            20.7022564
          ],
          [
            -103.354935,
            20.7003342
          ],
          [
            -103.3550121,
            20.698417
          ],
          [
            -103.3550771,
            20.6968617
          ],
          [
            -103.3550717,
            20.6964996
          ],
          [
            -103.3550245,
            20.6961458
          ],
          [
            -103.3549633,
            20.6958603
          ],
          [
            -103.3548676,
            20.6955557
          ],
          [
            -103.3541024,
            20.6936589
          ],
          [
            -103.3540435,
            20.6933959
          ],
          [
            -103.354011,
            20.6931451
          ],
          [
            -103.353949,
            20.6914676
          ],
          [
            -103.3538839,
            20.6897299
          ],
          [
            -103.3539198,
            20.6887102
          ],
          [
            -103.35394,
            20.6878535
          ],
          [
            -103.353964,
            20.6870485
          ],
          [
            -103.3539875,
            20.6866218
          ],
          [
            -103.3540024,
            20.6859807
          ],
          [
            -103.3540251,
            20.6852281
          ],
          [
            -103.3540547,
            20.6844965
          ],
          [
            -103.3540881,
            20.6837607
          ],
          [
            -103.3540927,
            20.6827513
          ],
          [
            -103.354104,
            20.6823653
          ],
          [
            -103.3541203,
            20.6819029
          ],
          [
            -103.3541511,
            20.6813256
          ],
          [
            -103.354161,
            20.6810354
          ],
          [
            -103.3542056,
            20.6801198
          ],
          [
            -103.3542207,
            20.6793739
          ],
          [
            -103.3542473,
            20.6786427
          ],
          [
            -103.3542958,
            20.6784568
          ],
          [
            -103.3543644,
            20.6782581
          ],
          [
            -103.3544769,
            20.6780539
          ],
          [
            -103.3546364,
            20.6777629
          ],
          [
            -103.3547193,
            20.6774983
          ],
          [
            -103.3547602,
            20.6772523
          ],
          [
            -103.3547624,
            20.6771285
          ],
          [
            -103.3547622,
            20.6763791
          ],
          [
            -103.3547658,
            20.6756587
          ],
          [
            -103.3547634,
            20.6753128
          ],
          [
            -103.354761,
            20.6749641
          ],
          [
            -103.3547864,
            20.6741582
          ],
          [
            -103.3548372,
            20.6697956
          ],
          [
            -103.354826,
            20.6691801
          ],
          [
            -103.3548883,
            20.6688034
          ],
          [
            -103.35541,
            20.6669064
          ],
          [
            -103.3560841,
            20.6644641
          ],
          [
            -103.357443,
            20.6610963
          ],
          [
            -103.3576817,
            20.6605069
          ],
          [
            -103.3577697,
            20.6603368
          ],
          [
            -103.3578848,
            20.6601399
          ],
          [
            -103.3580509,
            20.659969
          ],
          [
            -103.3581915,
            20.6598536
          ]
        ]
      },
      "id": "way/463705537"
    },
    {
      "type": "Feature",
      "properties": {
        "@id": "way/463705538",
        "electrified": "contact_line",
        "frequency": "0",
        "gauge": "1435",
        "layer": "-1",
        "level": "-1",
        "name": "Línea 1 del Tren Eléctrico Urbano",
        "operator": "SITEUR",
        "railway": "light_rail",
        "tunnel": "yes",
        "usage": "main",
        "voltage": "750"
      },
      "geometry": {
        "type": "LineString",
        "coordinates": [
          [
            -103.3557785,
            20.7110929
          ],
          [
            -103.3548536,
            20.7134229
          ]
        ]
      },
      "id": "way/463705538"
    },
    {
      "type": "Feature",
      "properties": {
        "@id": "way/463713967",
        "electrified": "contact_line",
        "frequency": "0",
        "gauge": "1435",
        "name": "Línea 1 del Tren Eléctrico Urbano",
        "operator": "SITEUR",
        "railway": "light_rail",
        "service": "crossover",
        "voltage": "750"
      },
      "geometry": {
        "type": "LineString",
        "coordinates": [
          [
            -103.352681,
            20.7298642
          ],
          [
            -103.352749,
            20.7297081
          ],
          [
            -103.3528501,
            20.729543
          ]
        ]
      },
      "id": "way/463713967"
    },
    {
      "type": "Feature",
      "properties": {
        "@id": "way/463713968",
        "electrified": "contact_line",
        "frequency": "0",
        "gauge": "1435",
        "name": "Línea 1 del Tren Eléctrico Urbano",
        "operator": "SITEUR",
        "railway": "light_rail",
        "service": "crossover",
        "voltage": "750"
      },
      "geometry": {
        "type": "LineString",
        "coordinates": [
          [
            -103.352716,
            20.7298756
          ],
          [
            -103.352749,
            20.7297081
          ],
          [
            -103.3528176,
            20.7295314
          ]
        ]
      },
      "id": "way/463713968"
    },
    {
      "type": "Feature",
      "properties": {
        "@id": "way/463713969",
        "electrified": "contact_line",
        "frequency": "0",
        "gauge": "1435",
        "layer": "-2",
        "level": "-1",
        "name": "Línea 1 del Tren Eléctrico Urbano",
        "operator": "SITEUR",
        "railway": "light_rail",
        "tunnel": "yes",
        "usage": "main",
        "voltage": "750"
      },
      "geometry": {
        "type": "LineString",
        "coordinates": [
          [
            -103.35266,
            20.7299168
          ],
          [
            -103.3523509,
            20.7306061
          ],
          [
            -103.3522786,
            20.7307962
          ],
          [
            -103.3519713,
            20.731625
          ],
          [
            -103.3517716,
            20.7320707
          ],
          [
            -103.3516268,
            20.7323799
          ],
          [
            -103.3515122,
            20.7327309
          ],
          [
            -103.3512514,
            20.7339167
          ],
          [
            -103.3511611,
            20.7343657
          ],
          [
            -103.3511285,
            20.7345103
          ],
          [
            -103.3510916,
            20.734632
          ],
          [
            -103.3507878,
            20.7353303
          ]
        ]
      },
      "id": "way/463713969"
    },
    {
      "type": "Feature",
      "properties": {
        "@id": "way/463713972",
        "electrified": "contact_line",
        "frequency": "0",
        "gauge": "1435",
        "name": "Línea 1 del Tren Eléctrico Urbano",
        "operator": "SITEUR",
        "railway": "light_rail",
        "usage": "main",
        "voltage": "750"
      },
      "geometry": {
        "type": "LineString",
        "coordinates": [
          [
            -103.3526951,
            20.729926
          ],
          [
            -103.352716,
            20.7298756
          ],
          [
            -103.3528501,
            20.729543
          ],
          [
            -103.3530242,
            20.7291542
          ],
          [
            -103.3530852,
            20.7290055
          ],
          [
            -103.353134,
            20.7288565
          ],
          [
            -103.3531593,
            20.7287546
          ],
          [
            -103.3531922,
            20.7286105
          ],
          [
            -103.3532368,
            20.7283486
          ],
          [
            -103.3532658,
            20.7279883
          ],
          [
            -103.3532804,
            20.7276989
          ],
          [
            -103.3532555,
            20.7271823
          ],
          [
            -103.3532342,
            20.7264866
          ]
        ]
      },
      "id": "way/463713972"
    },
    {
      "type": "Feature",
      "properties": {
        "@id": "way/463719776",
        "electrified": "contact_line",
        "frequency": "0",
        "gauge": "1435",
        "layer": "-1",
        "name": "Línea 1 del Tren Eléctrico Urbano",
        "operator": "SITEUR",
        "railway": "light_rail",
        "usage": "main",
        "voltage": "750"
      },
      "geometry": {
        "type": "LineString",
        "coordinates": [
          [
            -103.4000614,
            20.6083461
          ],
          [
            -103.4006578,
            20.6076118
          ],
          [
            -103.4008435,
            20.6073747
          ]
        ]
      },
      "id": "way/463719776"
    },
    {
      "type": "Feature",
      "properties": {
        "@id": "way/463719777",
        "electrified": "contact_line",
        "frequency": "0",
        "gauge": "1435",
        "layer": "-1",
        "name": "Línea 1 del Tren Eléctrico Urbano",
        "operator": "SITEUR",
        "railway": "light_rail",
        "service": "crossover",
        "voltage": "750"
      },
      "geometry": {
        "type": "LineString",
        "coordinates": [
          [
            -103.400406,
            20.6079777
          ],
          [
            -103.4006578,
            20.6076118
          ]
        ]
      },
      "id": "way/463719777"
    },
    {
      "type": "Feature",
      "properties": {
        "@id": "way/463719778",
        "electrified": "contact_line",
        "frequency": "0",
        "gauge": "1435",
        "name": "Línea 1 del Tren Eléctrico Urbano",
        "operator": "SITEUR",
        "railway": "light_rail",
        "service": "crossover",
        "voltage": "750"
      },
      "geometry": {
        "type": "LineString",
        "coordinates": [
          [
            -103.3999483,
            20.6084865
          ],
          [
            -103.3997839,
            20.6086379
          ]
        ]
      },
      "id": "way/463719778"
    },
    {
      "type": "Feature",
      "properties": {
        "@id": "way/463805398",
        "electrified": "contact_line",
        "frequency": "0",
        "gauge": "1435",
        "name": "Línea 1 del Tren Eléctrico Urbano",
        "operator": "SITEUR",
        "railway": "light_rail",
        "usage": "main",
        "voltage": "750"
      },
      "geometry": {
        "type": "LineString",
        "coordinates": [
          [
            -103.3868111,
            20.624629
          ],
          [
            -103.3863065,
            20.6252194
          ],
          [
            -103.3857429,
            20.6259405
          ],
          [
            -103.3855423,
            20.6262146
          ],
          [
            -103.3851503,
            20.6266716
          ],
          [
            -103.3847671,
            20.6271268
          ],
          [
            -103.3840795,
            20.6279926
          ],
          [
            -103.3838113,
            20.6283767
          ],
          [
            -103.383095,
            20.6293212
          ],
          [
            -103.3811892,
            20.6320408
          ],
          [
            -103.3811107,
            20.6321473
          ],
          [
            -103.3810672,
            20.6322043
          ],
          [
            -103.38071,
            20.6326871
          ],
          [
            -103.3806115,
            20.6328252
          ],
          [
            -103.3782374,
            20.6360584
          ],
          [
            -103.3776579,
            20.6370594
          ],
          [
            -103.377284,
            20.6376976
          ],
          [
            -103.377014,
            20.6381144
          ],
          [
            -103.3767557,
            20.6385323
          ],
          [
            -103.376714,
            20.6385874
          ],
          [
            -103.376703,
            20.6386022
          ],
          [
            -103.3766585,
            20.6386606
          ],
          [
            -103.3766003,
            20.6387286
          ],
          [
            -103.3765287,
            20.6388154
          ],
          [
            -103.3757826,
            20.6397395
          ],
          [
            -103.3733267,
            20.6425503
          ],
          [
            -103.3732062,
            20.6426915
          ],
          [
            -103.3731396,
            20.6427618
          ],
          [
            -103.372752,
            20.6431711
          ],
          [
            -103.3723997,
            20.6435684
          ],
          [
            -103.3704124,
            20.6458359
          ],
          [
            -103.3696797,
            20.6467528
          ],
          [
            -103.3695581,
            20.6469052
          ],
          [
            -103.369308,
            20.6472319
          ],
          [
            -103.3690244,
            20.6476042
          ],
          [
            -103.3686853,
            20.6480434
          ]
        ]
      },
      "id": "way/463805398"
    },
    {
      "type": "Feature",
      "properties": {
        "@id": "way/463935792",
        "electrified": "contact_line",
        "frequency": "0",
        "gauge": "1435",
        "layer": "-5",
        "level": "-2",
        "name": "Línea 2 del Tren Eléctrico Urbano",
        "network": "Mi Tren",
        "operator": "SITEUR",
        "railway": "light_rail",
        "tunnel": "yes",
        "usage": "main",
        "voltage": "750"
      },
      "geometry": {
        "type": "LineString",
        "coordinates": [
          [
            -103.2768035,
            20.6599116
          ],
          [
            -103.2774878,
            20.6599983
          ],
          [
            -103.2776754,
            20.6600346
          ],
          [
            -103.2778596,
            20.6600936
          ],
          [
            -103.2780882,
            20.6602011
          ],
          [
            -103.2782345,
            20.6602878
          ],
          [
            -103.2796917,
            20.6613579
          ],
          [
            -103.2798894,
            20.6615144
          ],
          [
            -103.2799779,
            20.6615746
          ],
          [
            -103.2800905,
            20.6616273
          ],
          [
            -103.2802407,
            20.6616801
          ],
          [
            -103.2803695,
            20.6617152
          ],
          [
            -103.2819761,
            20.6619611
          ],
          [
            -103.2855681,
            20.6624802
          ],
          [
            -103.2858764,
            20.6625218
          ],
          [
            -103.2865386,
            20.66263
          ],
          [
            -103.286737,
            20.6626582
          ],
          [
            -103.2869758,
            20.6626733
          ],
          [
            -103.2872266,
            20.6626745
          ],
          [
            -103.2880299,
            20.6626607
          ],
          [
            -103.2883517,
            20.662662
          ],
          [
            -103.2885636,
            20.6626758
          ],
          [
            -103.2888278,
            20.6627084
          ],
          [
            -103.2900549,
            20.6628791
          ],
          [
            -103.2906853,
            20.6629644
          ],
          [
            -103.2941038,
            20.6634739
          ],
          [
            -103.297284,
            20.6639093
          ],
          [
            -103.2987091,
            20.6641213
          ],
          [
            -103.3005504,
            20.6643861
          ],
          [
            -103.302369,
            20.6645668
          ],
          [
            -103.303938,
            20.6647161
          ],
          [
            -103.3041848,
            20.6647701
          ],
          [
            -103.306073,
            20.6653222
          ],
          [
            -103.3110204,
            20.666848
          ],
          [
            -103.312966,
            20.6674125
          ],
          [
            -103.3133716,
            20.6675378
          ],
          [
            -103.3138173,
            20.6676729
          ],
          [
            -103.3221714,
            20.6702052
          ],
          [
            -103.3225128,
            20.6703037
          ],
          [
            -103.3228573,
            20.6704084
          ],
          [
            -103.3242491,
            20.6708132
          ],
          [
            -103.3271459,
            20.6715987
          ],
          [
            -103.3281195,
            20.6718734
          ],
          [
            -103.3300319,
            20.6723967
          ],
          [
            -103.3311813,
            20.6726847
          ],
          [
            -103.3314486,
            20.6727593
          ],
          [
            -103.3317718,
            20.6728469
          ],
          [
            -103.3367164,
            20.6741973
          ],
          [
            -103.3384425,
            20.674668
          ],
          [
            -103.3400495,
            20.6750249
          ],
          [
            -103.3404049,
            20.6751094
          ],
          [
            -103.3408878,
            20.6752155
          ],
          [
            -103.3412773,
            20.6752788
          ],
          [
            -103.341521,
            20.6753104
          ],
          [
            -103.3419248,
            20.6753077
          ],
          [
            -103.3424023,
            20.6752989
          ],
          [
            -103.344391,
            20.6752843
          ],
          [
            -103.3481014,
            20.6751614
          ],
          [
            -103.3514177,
            20.6750266
          ],
          [
            -103.355612,
            20.674905
          ],
          [
            -103.3556906,
            20.6749027
          ]
        ]
      },
      "id": "way/463935792"
    },
    {
      "type": "Feature",
      "properties": {
        "@id": "way/463935801",
        "electrified": "contact_line",
        "frequency": "0",
        "gauge": "1435",
        "layer": "-3",
        "level": "-3",
        "name": "Línea 2 del Tren Eléctrico Urbano",
        "network": "Mi Tren",
        "operator": "SITEUR",
        "railway": "light_rail",
        "service": "crossover",
        "tunnel": "yes",
        "voltage": "750"
      },
      "geometry": {
        "type": "LineString",
        "coordinates": [
          [
            -103.3558789,
            20.6748957
          ],
          [
            -103.355688,
            20.6748595
          ]
        ]
      },
      "id": "way/463935801"
    },
    {
      "type": "Feature",
      "properties": {
        "@id": "way/500309275",
        "bridge": "yes",
        "electrified": "no",
        "gauge": "1435",
        "layer": "1",
        "name": "Línea T",
        "operator": "Ferromex",
        "operator:wikidata": "Q977145",
        "railway": "rail",
        "usage": "main"
      },
      "geometry": {
        "type": "LineString",
        "coordinates": [
          [
            -103.3567495,
            20.6580309
          ],
          [
            -103.3565825,
            20.6579518
          ]
        ]
      },
      "id": "way/500309275"
    },
    {
      "type": "Feature",
      "properties": {
        "@id": "way/500309276",
        "electrified": "no",
        "gauge": "1435",
        "name": "Línea T",
        "operator": "Ferromex",
        "operator:wikidata": "Q977145",
        "railway": "rail",
        "usage": "main"
      },
      "geometry": {
        "type": "LineString",
        "coordinates": [
          [
            -103.3790351,
            20.6665878
          ],
          [
            -103.374992,
            20.6650494
          ],
          [
            -103.3732626,
            20.6644234
          ],
          [
            -103.3717306,
            20.663846
          ],
          [
            -103.3710322,
            20.6635769
          ],
          [
            -103.370278,
            20.6632864
          ],
          [
            -103.3693873,
            20.6629473
          ],
          [
            -103.3692841,
            20.662908
          ],
          [
            -103.3675534,
            20.6622538
          ],
          [
            -103.3663016,
            20.6617717
          ],
          [
            -103.3658506,
            20.6616009
          ],
          [
            -103.3635536,
            20.6607312
          ],
          [
            -103.3615707,
            20.6599801
          ],
          [
            -103.3582303,
            20.6587075
          ],
          [
            -103.357892,
            20.6585726
          ],
          [
            -103.3570588,
            20.658179
          ],
          [
            -103.3568561,
            20.6580799
          ],
          [
            -103.3567495,
            20.6580309
          ]
        ]
      },
      "id": "way/500309276"
    },
    {
      "type": "Feature",
      "properties": {
        "@id": "way/513618025",
        "electrified": "no",
        "gauge": "1435",
        "name": "Línea I",
        "operator": "Ferromex",
        "operator:wikidata": "Q977145",
        "railway": "rail",
        "usage": "main"
      },
      "geometry": {
        "type": "LineString",
        "coordinates": [
          [
            -103.3565825,
            20.6579518
          ],
          [
            -103.3564582,
            20.6578963
          ],
          [
            -103.3562277,
            20.6577835
          ],
          [
            -103.3557869,
            20.6575594
          ]
        ]
      },
      "id": "way/513618025"
    },
    {
      "type": "Feature",
      "properties": {
        "@id": "way/577808267",
        "bridge": "yes",
        "electrified": "contact_line",
        "frequency": "0",
        "gauge": "1435",
        "layer": "1",
        "name": "Linea 3 del Tren Eléctrico Urbano",
        "operator": "Sistema de Tren Eléctrico Urbano",
        "operator:wikidata": "Q2309232",
        "railway": "subway",
        "railway:ballastless": "yes",
        "usage": "main",
        "voltage": "1500"
      },
      "geometry": {
        "type": "LineString",
        "coordinates": [
          [
            -103.3270333,
            20.6615629
          ],
          [
            -103.3261962,
            20.6610453
          ],
          [
            -103.3249007,
            20.6602316
          ],
          [
            -103.3245078,
            20.6599843
          ],
          [
            -103.324105,
            20.6597237
          ],
          [
            -103.3235501,
            20.6593644
          ],
          [
            -103.322522,
            20.6587178
          ],
          [
            -103.3212767,
            20.6579321
          ],
          [
            -103.3107322,
            20.6512982
          ],
          [
            -103.310347,
            20.6510564
          ],
          [
            -103.309858,
            20.6507456
          ],
          [
            -103.3065673,
            20.6486865
          ],
          [
            -103.306385,
            20.6485292
          ],
          [
            -103.3062773,
            20.6484281
          ],
          [
            -103.3061762,
            20.6483023
          ],
          [
            -103.30603,
            20.6481372
          ],
          [
            -103.3058866,
            20.6479256
          ],
          [
            -103.3057267,
            20.6476366
          ],
          [
            -103.3049454,
            20.6462318
          ],
          [
            -103.3044498,
            20.6453469
          ],
          [
            -103.304143,
            20.6447987
          ],
          [
            -103.3038396,
            20.6442551
          ],
          [
            -103.3035114,
            20.6436668
          ],
          [
            -103.3033942,
            20.6434757
          ],
          [
            -103.3024011,
            20.6416976
          ],
          [
            -103.3017613,
            20.6405699
          ],
          [
            -103.3009754,
            20.6391764
          ],
          [
            -103.3006417,
            20.6386009
          ],
          [
            -103.3003087,
            20.6380789
          ],
          [
            -103.300053,
            20.6377064
          ],
          [
            -103.2997612,
            20.6373022
          ],
          [
            -103.2995181,
            20.6369296
          ],
          [
            -103.2984105,
            20.6353331
          ],
          [
            -103.2971216,
            20.6334625
          ],
          [
            -103.296218,
            20.6321578
          ],
          [
            -103.2956296,
            20.6313057
          ],
          [
            -103.2948903,
            20.6302831
          ],
          [
            -103.2939086,
            20.6288817
          ],
          [
            -103.2931033,
            20.6276816
          ],
          [
            -103.2922224,
            20.626425
          ],
          [
            -103.2918791,
            20.6259801
          ],
          [
            -103.2915899,
            20.6256743
          ],
          [
            -103.291429,
            20.6255242
          ],
          [
            -103.291192,
            20.6253463
          ],
          [
            -103.290915,
            20.6251617
          ],
          [
            -103.2905029,
            20.6249457
          ],
          [
            -103.2900679,
            20.6247654
          ],
          [
            -103.2897132,
            20.6246421
          ],
          [
            -103.2886293,
            20.6242967
          ],
          [
            -103.2862416,
            20.6235362
          ],
          [
            -103.285279,
            20.6232236
          ],
          [
            -103.2845587,
            20.6229862
          ],
          [
            -103.2843933,
            20.6229331
          ],
          [
            -103.284205,
            20.62287
          ],
          [
            -103.2834839,
            20.6226268
          ]
        ]
      },
      "id": "way/577808267"
    },
    {
      "type": "Feature",
      "properties": {
        "@id": "way/577808269",
        "cutting": "yes",
        "electrified": "contact_line",
        "frequency": "0",
        "gauge": "1435",
        "name": "Linea 3 del Tren Eléctrico Urbano",
        "operator": "Sistema de Tren Eléctrico Urbano",
        "operator:wikidata": "Q2309232",
        "railway": "subway",
        "railway:ballastless": "yes",
        "usage": "main",
        "voltage": "1500"
      },
      "geometry": {
        "type": "LineString",
        "coordinates": [
          [
            -103.3274704,
            20.6618913
          ],
          [
            -103.3284607,
            20.6625237
          ]
        ]
      },
      "id": "way/577808269"
    },
    {
      "type": "Feature",
      "properties": {
        "@id": "way/577808270",
        "electrified": "contact_line",
        "frequency": "0",
        "gauge": "1435",
        "layer": "-1",
        "name": "Linea 3 del Tren Eléctrico Urbano",
        "operator": "Sistema de Tren Eléctrico Urbano",
        "operator:wikidata": "Q2309232",
        "railway": "subway",
        "railway:ballastless": "yes",
        "tunnel": "yes",
        "usage": "main",
        "voltage": "1500"
      },
      "geometry": {
        "type": "LineString",
        "coordinates": [
          [
            -103.3329528,
            20.6652387
          ],
          [
            -103.332581,
            20.6650036
          ],
          [
            -103.331013,
            20.66401
          ],
          [
            -103.3301164,
            20.6634354
          ],
          [
            -103.3284865,
            20.6624844
          ]
        ]
      },
      "id": "way/577808270"
    },
    {
      "type": "Feature",
      "properties": {
        "@id": "way/577808271",
        "electrified": "contact_line",
        "frequency": "0",
        "gauge": "1435",
        "layer": "-1",
        "name": "Linea 3 del Tren Eléctrico Urbano",
        "operator": "Sistema de Tren Eléctrico Urbano",
        "operator:wikidata": "Q2309232",
        "railway": "subway",
        "railway:ballastless": "yes",
        "tunnel": "yes",
        "voltage": "1500"
      },
      "geometry": {
        "type": "LineString",
        "coordinates": [
          [
            -103.3284607,
            20.6625237
          ],
          [
            -103.3300837,
            20.6634725
          ],
          [
            -103.3309873,
            20.6640515
          ],
          [
            -103.3321689,
            20.6647965
          ],
          [
            -103.332556,
            20.6650419
          ],
          [
            -103.3329261,
            20.6652755
          ]
        ]
      },
      "id": "way/577808271"
    },
    {
      "type": "Feature",
      "properties": {
        "@id": "way/577808272",
        "cutting": "yes",
        "electrified": "contact_line",
        "frequency": "0",
        "gauge": "1435",
        "name": "Linea 3 del Tren Eléctrico Urbano",
        "operator": "Sistema de Tren Eléctrico Urbano",
        "operator:wikidata": "Q2309232",
        "railway": "subway",
        "railway:ballastless": "yes",
        "usage": "main",
        "voltage": "1500"
      },
      "geometry": {
        "type": "LineString",
        "coordinates": [
          [
            -103.3284865,
            20.6624844
          ],
          [
            -103.3274975,
            20.6618499
          ]
        ]
      },
      "id": "way/577808272"
    },
    {
      "type": "Feature",
      "properties": {
        "@id": "way/577815174",
        "electrified": "contact_line",
        "frequency": "0",
        "gauge": "1435",
        "layer": "-2",
        "name": "Linea 3 del Tren Eléctrico Urbano",
        "operator": "Sistema de Tren Eléctrico Urbano",
        "operator:wikidata": "Q2309232",
        "railway": "subway",
        "railway:ballastless": "yes",
        "tunnel": "yes",
        "usage": "main",
        "voltage": "1500"
      },
      "geometry": {
        "type": "LineString",
        "coordinates": [
          [
            -103.3463086,
            20.671741
          ],
          [
            -103.3466135,
            20.671948
          ],
          [
            -103.3468063,
            20.6721863
          ],
          [
            -103.3469955,
            20.6724825
          ],
          [
            -103.347061,
            20.6726425
          ],
          [
            -103.3471265,
            20.6728298
          ],
          [
            -103.3471882,
            20.673168
          ],
          [
            -103.347216,
            20.6736103
          ],
          [
            -103.3472675,
            20.6744008
          ],
          [
            -103.347323,
            20.6752747
          ],
          [
            -103.347341,
            20.6755852
          ],
          [
            -103.3473535,
            20.6758931
          ],
          [
            -103.347446,
            20.6772787
          ],
          [
            -103.3476959,
            20.6819355
          ],
          [
            -103.3477576,
            20.682808
          ],
          [
            -103.3477953,
            20.6836459
          ],
          [
            -103.347806,
            20.6839727
          ],
          [
            -103.3479576,
            20.6867988
          ],
          [
            -103.3480444,
            20.6880809
          ],
          [
            -103.3480695,
            20.6885289
          ],
          [
            -103.3480926,
            20.6889716
          ],
          [
            -103.3482377,
            20.6912884
          ],
          [
            -103.3483156,
            20.6926273
          ],
          [
            -103.3483376,
            20.6929604
          ],
          [
            -103.348343,
            20.6930275
          ],
          [
            -103.3484073,
            20.6946133
          ],
          [
            -103.3484798,
            20.6947779
          ],
          [
            -103.3485871,
            20.6950276
          ],
          [
            -103.3488167,
            20.6953812
          ],
          [
            -103.3489645,
            20.6955458
          ],
          [
            -103.3490698,
            20.6956292
          ]
        ]
      },
      "id": "way/577815174"
    },
    {
      "type": "Feature",
      "properties": {
        "@id": "way/577815178",
        "electrified": "contact_line",
        "frequency": "0",
        "gauge": "1435",
        "layer": "-1",
        "name": "Linea 3 del Tren Eléctrico Urbano",
        "operator": "Sistema de Tren Eléctrico Urbano",
        "operator:wikidata": "Q2309232",
        "railway": "subway",
        "railway:ballastless": "yes",
        "tunnel": "yes",
        "usage": "main",
        "voltage": "1500"
      },
      "geometry": {
        "type": "LineString",
        "coordinates": [
          [
            -103.3463363,
            20.6716794
          ],
          [
            -103.3458014,
            20.6714317
          ],
          [
            -103.3450953,
            20.6711346
          ],
          [
            -103.344706,
            20.6709515
          ],
          [
            -103.3444725,
            20.6708409
          ],
          [
            -103.3438835,
            20.6704195
          ],
          [
            -103.3423759,
            20.6697831
          ],
          [
            -103.3417955,
            20.6695338
          ],
          [
            -103.3409306,
            20.6691956
          ],
          [
            -103.3394604,
            20.6686599
          ],
          [
            -103.3381511,
            20.6681909
          ],
          [
            -103.3368586,
            20.6677254
          ],
          [
            -103.335884,
            20.6673893
          ],
          [
            -103.3355567,
            20.6672738
          ],
          [
            -103.3353958,
            20.6671986
          ],
          [
            -103.335119,
            20.6669676
          ],
          [
            -103.3342249,
            20.666215
          ],
          [
            -103.3334748,
            20.6655832
          ],
          [
            -103.333284,
            20.6654484
          ],
          [
            -103.3329528,
            20.6652387
          ]
        ]
      },
      "id": "way/577815178"
    },
    {
      "type": "Feature",
      "properties": {
        "@id": "way/577815181",
        "electrified": "contact_line",
        "frequency": "0",
        "gauge": "1435",
        "layer": "-1",
        "name": "Linea 3 del Tren Eléctrico Urbano",
        "operator": "Sistema de Tren Eléctrico Urbano",
        "operator:wikidata": "Q2309232",
        "railway": "subway",
        "railway:ballastless": "yes",
        "tunnel": "yes",
        "usage": "main",
        "voltage": "1500"
      },
      "geometry": {
        "type": "LineString",
        "coordinates": [
          [
            -103.3329261,
            20.6652755
          ],
          [
            -103.3331286,
            20.665411
          ],
          [
            -103.3334321,
            20.6656221
          ],
          [
            -103.3343425,
            20.6663946
          ],
          [
            -103.3352048,
            20.6671156
          ],
          [
            -103.3353638,
            20.6672381
          ],
          [
            -103.335506,
            20.6673081
          ],
          [
            -103.3356781,
            20.6673746
          ],
          [
            -103.3366451,
            20.6677142
          ],
          [
            -103.3378684,
            20.6681464
          ],
          [
            -103.339406,
            20.668703
          ],
          [
            -103.3409126,
            20.669234
          ],
          [
            -103.3417759,
            20.6695885
          ],
          [
            -103.3422435,
            20.6697793
          ],
          [
            -103.3426758,
            20.6699655
          ],
          [
            -103.3429957,
            20.6701055
          ],
          [
            -103.3438627,
            20.6704556
          ],
          [
            -103.3444565,
            20.6708715
          ],
          [
            -103.344692,
            20.6709834
          ],
          [
            -103.3450828,
            20.6711683
          ],
          [
            -103.3463086,
            20.671741
          ]
        ]
      },
      "id": "way/577815181"
    },
    {
      "type": "Feature",
      "properties": {
        "@id": "way/577821368",
        "bridge": "yes",
        "electrified": "contact_line",
        "frequency": "0",
        "gauge": "1435",
        "layer": "1",
        "name": "Linea 3 del Tren Eléctrico Urbano",
        "operator": "Sistema de Tren Eléctrico Urbano",
        "operator:wikidata": "Q2309232",
        "railway": "subway",
        "railway:ballastless": "yes",
        "usage": "main",
        "voltage": "1500"
      },
      "geometry": {
        "type": "LineString",
        "coordinates": [
          [
            -103.2834652,
            20.6226777
          ],
          [
            -103.2841873,
            20.622921
          ],
          [
            -103.284549,
            20.6230376
          ],
          [
            -103.285266,
            20.6232637
          ],
          [
            -103.2857582,
            20.6234265
          ],
          [
            -103.2886121,
            20.6243382
          ],
          [
            -103.2896334,
            20.624672
          ],
          [
            -103.2900813,
            20.6248314
          ],
          [
            -103.2904842,
            20.6249928
          ],
          [
            -103.2907518,
            20.6251322
          ],
          [
            -103.290953,
            20.6252486
          ],
          [
            -103.2912019,
            20.6254252
          ],
          [
            -103.2914524,
            20.62562
          ],
          [
            -103.2916079,
            20.6257793
          ],
          [
            -103.2918036,
            20.6259898
          ],
          [
            -103.2920956,
            20.6263522
          ],
          [
            -103.2930564,
            20.6277086
          ],
          [
            -103.293479,
            20.6283423
          ],
          [
            -103.2941772,
            20.6293541
          ],
          [
            -103.2948403,
            20.6302981
          ],
          [
            -103.2955876,
            20.6313332
          ],
          [
            -103.29617,
            20.632187
          ],
          [
            -103.2961919,
            20.632217
          ],
          [
            -103.2970768,
            20.6334865
          ],
          [
            -103.2983722,
            20.6353633
          ],
          [
            -103.2994715,
            20.6369564
          ],
          [
            -103.2997408,
            20.6373274
          ],
          [
            -103.30002,
            20.6377258
          ],
          [
            -103.3002753,
            20.6380875
          ],
          [
            -103.3006005,
            20.6386175
          ],
          [
            -103.3007914,
            20.638942
          ],
          [
            -103.3017203,
            20.6405959
          ],
          [
            -103.3025572,
            20.6420818
          ],
          [
            -103.3034736,
            20.6436882
          ],
          [
            -103.303799,
            20.6442739
          ],
          [
            -103.304104,
            20.6448184
          ],
          [
            -103.3045637,
            20.6456371
          ],
          [
            -103.3046908,
            20.645862
          ],
          [
            -103.3056806,
            20.647656
          ],
          [
            -103.3058394,
            20.6479423
          ],
          [
            -103.3059889,
            20.648163
          ],
          [
            -103.3061079,
            20.6483093
          ],
          [
            -103.3062381,
            20.6484612
          ],
          [
            -103.3063429,
            20.6485629
          ],
          [
            -103.3065437,
            20.6487215
          ],
          [
            -103.3098454,
            20.6507717
          ],
          [
            -103.310332,
            20.6510769
          ],
          [
            -103.3107065,
            20.651322
          ],
          [
            -103.3224879,
            20.6587568
          ],
          [
            -103.3235213,
            20.6594004
          ],
          [
            -103.324082,
            20.6597586
          ],
          [
            -103.3244943,
            20.6600218
          ],
          [
            -103.3251402,
            20.6604303
          ],
          [
            -103.3261772,
            20.6610857
          ],
          [
            -103.3270073,
            20.6616028
          ]
        ]
      },
      "id": "way/577821368"
    },
    {
      "type": "Feature",
      "properties": {
        "@id": "way/577828522",
        "cutting": "yes",
        "electrified": "contact_line",
        "frequency": "0",
        "gauge": "1435",
        "name": "Linea 3 del Tren Eléctrico Urbano",
        "operator": "Sistema de Tren Eléctrico Urbano",
        "operator:wikidata": "Q2309232",
        "railway": "subway",
        "railway:ballastless": "yes",
        "usage": "main",
        "voltage": "1500"
      },
      "geometry": {
        "type": "LineString",
        "coordinates": [
          [
            -103.3509287,
            20.6968193
          ],
          [
            -103.3523745,
            20.6977511
          ]
        ]
      },
      "id": "way/577828522"
    },
    {
      "type": "Feature",
      "properties": {
        "@id": "way/577828523",
        "electrified": "contact_line",
        "frequency": "0",
        "gauge": "1435",
        "layer": "-2",
        "name": "Linea 3 del Tren Eléctrico Urbano",
        "operator": "Sistema de Tren Eléctrico Urbano",
        "operator:wikidata": "Q2309232",
        "railway": "subway",
        "railway:ballastless": "yes",
        "tunnel": "yes",
        "usage": "main",
        "voltage": "1500"
      },
      "geometry": {
        "type": "LineString",
        "coordinates": [
          [
            -103.3509606,
            20.6967807
          ],
          [
            -103.3494475,
            20.6958311
          ],
          [
            -103.3490922,
            20.6955993
          ],
          [
            -103.3489869,
            20.6955252
          ],
          [
            -103.3488665,
            20.6953651
          ],
          [
            -103.3486379,
            20.6950099
          ],
          [
            -103.3485356,
            20.6947874
          ],
          [
            -103.3484562,
            20.6946117
          ],
          [
            -103.34841,
            20.6930241
          ],
          [
            -103.3484073,
            20.6929613
          ],
          [
            -103.348381,
            20.6926636
          ],
          [
            -103.3482961,
            20.6912936
          ],
          [
            -103.3481536,
            20.68899
          ],
          [
            -103.3480874,
            20.6879436
          ],
          [
            -103.3480101,
            20.6867503
          ],
          [
            -103.3479858,
            20.6860592
          ],
          [
            -103.3479103,
            20.6844103
          ],
          [
            -103.3478947,
            20.6841695
          ],
          [
            -103.347882,
            20.6839696
          ],
          [
            -103.3478634,
            20.6836731
          ],
          [
            -103.3477527,
            20.6819288
          ],
          [
            -103.3475013,
            20.6772738
          ],
          [
            -103.3474034,
            20.6758936
          ],
          [
            -103.3473902,
            20.6755846
          ],
          [
            -103.3473813,
            20.6752765
          ],
          [
            -103.3473265,
            20.6743927
          ],
          [
            -103.3472548,
            20.6731661
          ],
          [
            -103.3471884,
            20.6728229
          ],
          [
            -103.3470574,
            20.6724485
          ],
          [
            -103.3468682,
            20.6721387
          ],
          [
            -103.3466641,
            20.6719022
          ],
          [
            -103.3463363,
            20.6716794
          ]
        ]
      },
      "id": "way/577828523"
    },
    {
      "type": "Feature",
      "properties": {
        "@id": "way/577828524",
        "bridge": "yes",
        "electrified": "contact_line",
        "frequency": "0",
        "gauge": "1435",
        "layer": "1",
        "name": "Linea 3 del Tren Eléctrico Urbano",
        "operator": "Sistema de Tren Eléctrico Urbano",
        "operator:wikidata": "Q2309232",
        "railway": "subway",
        "railway:ballastless": "yes",
        "usage": "main",
        "voltage": "1500"
      },
      "geometry": {
        "type": "LineString",
        "coordinates": [
          [
            -103.3641314,
            20.7053172
          ],
          [
            -103.3646344,
            20.7056388
          ],
          [
            -103.365998,
            20.7065225
          ],
          [
            -103.3678655,
            20.7077022
          ],
          [
            -103.36922,
            20.7085561
          ],
          [
            -103.3709559,
            20.7096673
          ],
          [
            -103.375069,
            20.7122996
          ],
          [
            -103.376013,
            20.7129036
          ],
          [
            -103.3771029,
            20.7136003
          ],
          [
            -103.3781499,
            20.7142737
          ],
          [
            -103.378441,
            20.7144607
          ],
          [
            -103.3794081,
            20.7150809
          ],
          [
            -103.3806254,
            20.7158584
          ],
          [
            -103.3821312,
            20.7168144
          ],
          [
            -103.3830124,
            20.7173815
          ],
          [
            -103.384827,
            20.718535
          ],
          [
            -103.386108,
            20.7193699
          ],
          [
            -103.3861664,
            20.7194102
          ],
          [
            -103.3862708,
            20.7194983
          ],
          [
            -103.3864005,
            20.7196302
          ],
          [
            -103.3865553,
            20.7198345
          ],
          [
            -103.3866278,
            20.7199676
          ],
          [
            -103.3867691,
            20.7202522
          ],
          [
            -103.38695,
            20.720607
          ],
          [
            -103.3871241,
            20.7209455
          ],
          [
            -103.3872274,
            20.7211911
          ],
          [
            -103.3873018,
            20.721346
          ],
          [
            -103.3873579,
            20.7214967
          ],
          [
            -103.3874489,
            20.7217763
          ],
          [
            -103.387575,
            20.7221792
          ],
          [
            -103.3876135,
            20.7223954
          ],
          [
            -103.3876089,
            20.722616
          ],
          [
            -103.3875951,
            20.7227733
          ],
          [
            -103.3873653,
            20.7236741
          ],
          [
            -103.3871063,
            20.7246358
          ],
          [
            -103.3863559,
            20.7273157
          ],
          [
            -103.3863071,
            20.7274939
          ],
          [
            -103.3862875,
            20.7276158
          ],
          [
            -103.386281,
            20.7277269
          ],
          [
            -103.3862924,
            20.727861
          ],
          [
            -103.3863136,
            20.727963
          ],
          [
            -103.3863673,
            20.7280985
          ],
          [
            -103.386452,
            20.7282493
          ],
          [
            -103.386566,
            20.7283909
          ],
          [
            -103.38675,
            20.7285219
          ],
          [
            -103.3869226,
            20.7286042
          ],
          [
            -103.3870903,
            20.7286651
          ],
          [
            -103.3872841,
            20.728691
          ],
          [
            -103.3882269,
            20.728758
          ],
          [
            -103.3891713,
            20.728828
          ],
          [
            -103.389195,
            20.72883
          ],
          [
            -103.3900669,
            20.7289027
          ],
          [
            -103.3903096,
            20.7289453
          ],
          [
            -103.3905473,
            20.7290154
          ],
          [
            -103.3907194,
            20.7290956
          ],
          [
            -103.3908613,
            20.7291839
          ],
          [
            -103.4030285,
            20.7380609
          ]
        ]
      },
      "id": "way/577828524"
    },
    {
      "type": "Feature",
      "properties": {
        "@id": "way/577828525",
        "cutting": "yes",
        "electrified": "contact_line",
        "frequency": "0",
        "gauge": "1435",
        "name": "Linea 3 del Tren Eléctrico Urbano",
        "operator": "Sistema de Tren Eléctrico Urbano",
        "operator:wikidata": "Q2309232",
        "railway": "subway",
        "railway:ballastless": "yes",
        "usage": "main",
        "voltage": "1500"
      },
      "geometry": {
        "type": "LineString",
        "coordinates": [
          [
            -103.352403,
            20.697716
          ],
          [
            -103.3509606,
            20.6967807
          ]
        ]
      },
      "id": "way/577828525"
    },
    {
      "type": "Feature",
      "properties": {
        "@id": "way/577829258",
        "bridge": "yes",
        "electrified": "contact_line",
        "frequency": "0",
        "gauge": "1435",
        "layer": "1",
        "name": "Linea 3 del Tren Eléctrico Urbano",
        "operator": "Sistema de Tren Eléctrico Urbano",
        "operator:wikidata": "Q2309232",
        "railway": "subway",
        "railway:ballastless": "yes",
        "usage": "main",
        "voltage": "1500"
      },
      "geometry": {
        "type": "LineString",
        "coordinates": [
          [
            -103.4030565,
            20.7380256
          ],
          [
            -103.3908879,
            20.7291507
          ],
          [
            -103.3907408,
            20.7290686
          ],
          [
            -103.3905512,
            20.7289779
          ],
          [
            -103.390307,
            20.728906
          ],
          [
            -103.3900758,
            20.7288677
          ],
          [
            -103.3892,
            20.7287962
          ],
          [
            -103.3884134,
            20.7287318
          ],
          [
            -103.3872755,
            20.7286532
          ],
          [
            -103.3871006,
            20.7286213
          ],
          [
            -103.386928,
            20.7285619
          ],
          [
            -103.3867622,
            20.7284748
          ],
          [
            -103.3866396,
            20.7283941
          ],
          [
            -103.3865556,
            20.7283006
          ],
          [
            -103.3864806,
            20.7281965
          ],
          [
            -103.3863966,
            20.7280542
          ],
          [
            -103.3863489,
            20.7279076
          ],
          [
            -103.3863285,
            20.7278035
          ],
          [
            -103.3863285,
            20.7276718
          ],
          [
            -103.3863421,
            20.7275232
          ],
          [
            -103.3863925,
            20.7273413
          ],
          [
            -103.386725,
            20.7261222
          ],
          [
            -103.3871422,
            20.7246467
          ],
          [
            -103.38741,
            20.723697
          ],
          [
            -103.3875692,
            20.7231024
          ],
          [
            -103.3876464,
            20.722788
          ],
          [
            -103.3876669,
            20.7226139
          ],
          [
            -103.3876646,
            20.7223908
          ],
          [
            -103.3876214,
            20.7221699
          ],
          [
            -103.3874011,
            20.7214816
          ],
          [
            -103.3873421,
            20.7213308
          ],
          [
            -103.3871581,
            20.7209445
          ],
          [
            -103.386979,
            20.7205961
          ],
          [
            -103.3867965,
            20.7202402
          ],
          [
            -103.3866608,
            20.7199521
          ],
          [
            -103.3865919,
            20.71982
          ],
          [
            -103.3864355,
            20.7196103
          ],
          [
            -103.3862987,
            20.7194701
          ],
          [
            -103.3861238,
            20.719336
          ],
          [
            -103.3853639,
            20.7188178
          ],
          [
            -103.3831268,
            20.7173946
          ],
          [
            -103.3817255,
            20.7164981
          ],
          [
            -103.3802243,
            20.7155422
          ],
          [
            -103.3785823,
            20.7145034
          ],
          [
            -103.3784675,
            20.7144269
          ],
          [
            -103.3771151,
            20.7135496
          ],
          [
            -103.3762316,
            20.7129909
          ],
          [
            -103.3756766,
            20.7126436
          ],
          [
            -103.375085,
            20.712273
          ],
          [
            -103.3723639,
            20.7105181
          ],
          [
            -103.3707264,
            20.7094644
          ],
          [
            -103.3678948,
            20.7076627
          ],
          [
            -103.3668685,
            20.7070198
          ],
          [
            -103.366022,
            20.7064997
          ],
          [
            -103.3641665,
            20.7052953
          ],
          [
            -103.3641552,
            20.7052881
          ]
        ]
      },
      "id": "way/577829258"
    },
    {
      "type": "Feature",
      "properties": {
        "@id": "way/577839942",
        "electrified": "contact_line",
        "frequency": "0",
        "gauge": "1435",
        "layer": "-2",
        "level": "-1",
        "name": "Línea 1 del Tren Eléctrico Urbano",
        "operator": "SITEUR",
        "railway": "light_rail",
        "tunnel": "yes",
        "usage": "main",
        "voltage": "750"
      },
      "geometry": {
        "type": "LineString",
        "coordinates": [
          [
            -103.3508152,
            20.7353356
          ],
          [
            -103.3511251,
            20.7346429
          ],
          [
            -103.3511705,
            20.734517
          ],
          [
            -103.3512142,
            20.7343639
          ],
          [
            -103.3514028,
            20.7334416
          ],
          [
            -103.3515457,
            20.7327421
          ],
          [
            -103.3516719,
            20.7323784
          ],
          [
            -103.3518076,
            20.7321017
          ],
          [
            -103.3520153,
            20.7316349
          ],
          [
            -103.3523051,
            20.730805
          ],
          [
            -103.3523788,
            20.7306138
          ],
          [
            -103.3526951,
            20.729926
          ]
        ]
      },
      "id": "way/577839942"
    },
    {
      "type": "Feature",
      "properties": {
        "@id": "way/669401649",
        "electrified": "no",
        "gauge": "1435",
        "name": "Línea I",
        "operator": "Ferromex",
        "operator:wikidata": "Q977145",
        "railway": "rail",
        "usage": "main"
      },
      "geometry": {
        "type": "LineString",
        "coordinates": [
          [
            -103.3557869,
            20.6575594
          ],
          [
            -103.34935,
            20.6544617
          ],
          [
            -103.3488523,
            20.6542003
          ],
          [
            -103.3486847,
            20.654091
          ],
          [
            -103.3485691,
            20.6539879
          ],
          [
            -103.3484262,
            20.6538607
          ],
          [
            -103.3482927,
            20.6537181
          ],
          [
            -103.3479745,
            20.6533523
          ]
        ]
      },
      "id": "way/669401649"
    },
    {
      "type": "Feature",
      "properties": {
        "@id": "way/669401651",
        "electrified": "no",
        "gauge": "1435",
        "name": "Línea I",
        "operator": "Ferromex",
        "operator:wikidata": "Q977145",
        "railway": "rail",
        "usage": "main"
      },
      "geometry": {
        "type": "LineString",
        "coordinates": [
          [
            -103.341521,
            20.6044753
          ],
          [
            -103.3426748,
            20.5997711
          ],
          [
            -103.3429059,
            20.5988058
          ],
          [
            -103.3435389,
            20.5954848
          ],
          [
            -103.3440552,
            20.5928659
          ],
          [
            -103.3441132,
            20.5925639
          ],
          [
            -103.3441623,
            20.5923416
          ],
          [
            -103.3442087,
            20.5921559
          ],
          [
            -103.3442432,
            20.5920148
          ],
          [
            -103.3442994,
            20.5918309
          ],
          [
            -103.3444023,
            20.5915331
          ],
          [
            -103.3445148,
            20.5912411
          ],
          [
            -103.3446048,
            20.5910327
          ],
          [
            -103.3447711,
            20.5906824
          ],
          [
            -103.3449476,
            20.590381
          ],
          [
            -103.3451351,
            20.5900816
          ],
          [
            -103.345215,
            20.5899633
          ],
          [
            -103.3453218,
            20.5898054
          ],
          [
            -103.3467538,
            20.5878126
          ],
          [
            -103.3483746,
            20.5855305
          ],
          [
            -103.3496897,
            20.5836752
          ],
          [
            -103.350931,
            20.5819435
          ],
          [
            -103.3510087,
            20.5818344
          ],
          [
            -103.3535896,
            20.578213
          ],
          [
            -103.3546666,
            20.5766563
          ],
          [
            -103.3572281,
            20.5730063
          ],
          [
            -103.3573098,
            20.5728823
          ],
          [
            -103.3575746,
            20.572476
          ],
          [
            -103.3610363,
            20.5668282
          ],
          [
            -103.3619378,
            20.5652964
          ],
          [
            -103.3633487,
            20.5629584
          ]
        ]
      },
      "id": "way/669401651"
    },
    {
      "type": "Feature",
      "properties": {
        "@id": "way/669401656",
        "electrified": "no",
        "gauge": "1435",
        "name": "Línea I",
        "operator": "Ferromex",
        "operator:wikidata": "Q977145",
        "railway": "rail",
        "usage": "main"
      },
      "geometry": {
        "type": "LineString",
        "coordinates": [
          [
            -103.029549,
            20.4053039
          ],
          [
            -103.0253992,
            20.4048852
          ]
        ]
      },
      "id": "way/669401656"
    },
    {
      "type": "Feature",
      "properties": {
        "@id": "way/669401657",
        "bridge": "yes",
        "electrified": "no",
        "fixme": "or culvert",
        "gauge": "1435",
        "name": "Línea I",
        "operator": "Ferromex",
        "operator:wikidata": "Q977145",
        "railway": "rail",
        "usage": "main"
      },
      "geometry": {
        "type": "LineString",
        "coordinates": [
          [
            -103.0295739,
            20.4053064
          ],
          [
            -103.029549,
            20.4053039
          ]
        ]
      },
      "id": "way/669401657"
    },
    {
      "type": "Feature",
      "properties": {
        "@id": "way/669401658",
        "bridge": "yes",
        "electrified": "no",
        "fixme": "or culvert",
        "gauge": "1435",
        "name": "Línea I",
        "operator": "Ferromex",
        "operator:wikidata": "Q977145",
        "railway": "rail",
        "usage": "main"
      },
      "geometry": {
        "type": "LineString",
        "coordinates": [
          [
            -103.0253992,
            20.4048852
          ],
          [
            -103.0253777,
            20.404883
          ]
        ]
      },
      "id": "way/669401658"
    },
    {
      "type": "Feature",
      "properties": {
        "@id": "way/688422707",
        "bridge": "yes",
        "electrified": "contact_line",
        "frequency": "0",
        "gauge": "1435",
        "layer": "1",
        "name": "Linea 3 del Tren Eléctrico Urbano",
        "operator": "Sistema de Tren Eléctrico Urbano",
        "operator:wikidata": "Q2309232",
        "railway": "subway",
        "railway:ballastless": "yes",
        "usage": "main",
        "voltage": "1500"
      },
      "geometry": {
        "type": "LineString",
        "coordinates": [
          [
            -103.4030285,
            20.7380609
          ],
          [
            -103.4051924,
            20.7396712
          ],
          [
            -103.4064542,
            20.7405814
          ],
          [
            -103.407379,
            20.7412483
          ],
          [
            -103.4074114,
            20.7412709
          ],
          [
            -103.407785,
            20.7415355
          ]
        ]
      },
      "id": "way/688422707"
    },
    {
      "type": "Feature",
      "properties": {
        "@id": "way/688422708",
        "bridge": "yes",
        "electrified": "contact_line",
        "frequency": "0",
        "gauge": "1435",
        "layer": "1",
        "name": "Linea 3 del Tren Eléctrico Urbano",
        "operator": "Sistema de Tren Eléctrico Urbano",
        "operator:wikidata": "Q2309232",
        "railway": "subway",
        "railway:ballastless": "yes",
        "usage": "main",
        "voltage": "1500"
      },
      "geometry": {
        "type": "LineString",
        "coordinates": [
          [
            -103.407812,
            20.7415064
          ],
          [
            -103.40741,
            20.7412102
          ],
          [
            -103.4068301,
            20.7407978
          ],
          [
            -103.4052186,
            20.7396362
          ],
          [
            -103.4030565,
            20.7380256
          ]
        ]
      },
      "id": "way/688422708"
    },
    {
      "type": "Feature",
      "properties": {
        "@id": "way/688995682",
        "bridge": "yes",
        "electrified": "contact_line",
        "frequency": "0",
        "gauge": "1435",
        "layer": "2",
        "name": "Linea 3 del Tren Eléctrico Urbano",
        "operator": "Sistema de Tren Eléctrico Urbano",
        "operator:wikidata": "Q2309232",
        "railway": "subway",
        "railway:ballastless": "yes",
        "usage": "main",
        "voltage": "1500"
      },
      "geometry": {
        "type": "LineString",
        "coordinates": [
          [
            -103.3639069,
            20.7051736
          ],
          [
            -103.3641314,
            20.7053172
          ]
        ]
      },
      "id": "way/688995682"
    },
    {
      "type": "Feature",
      "properties": {
        "@id": "way/688995683",
        "bridge": "yes",
        "electrified": "contact_line",
        "frequency": "0",
        "gauge": "1435",
        "layer": "2",
        "name": "Linea 3 del Tren Eléctrico Urbano",
        "operator": "Sistema de Tren Eléctrico Urbano",
        "operator:wikidata": "Q2309232",
        "railway": "subway",
        "railway:ballastless": "yes",
        "usage": "main",
        "voltage": "1500"
      },
      "geometry": {
        "type": "LineString",
        "coordinates": [
          [
            -103.3641552,
            20.7052881
          ],
          [
            -103.36404,
            20.7052153
          ],
          [
            -103.3639259,
            20.7051425
          ]
        ]
      },
      "id": "way/688995683"
    },
    {
      "type": "Feature",
      "properties": {
        "@id": "way/688995684",
        "bridge": "yes",
        "electrified": "contact_line",
        "frequency": "0",
        "gauge": "1435",
        "layer": "1",
        "name": "Linea 3 del Tren Eléctrico Urbano",
        "operator": "Sistema de Tren Eléctrico Urbano",
        "operator:wikidata": "Q2309232",
        "railway": "subway",
        "railway:ballastless": "yes",
        "usage": "main",
        "voltage": "1500"
      },
      "geometry": {
        "type": "LineString",
        "coordinates": [
          [
            -103.3534123,
            20.6984251
          ],
          [
            -103.3544832,
            20.6991156
          ],
          [
            -103.354753,
            20.6992908
          ],
          [
            -103.3554575,
            20.6997466
          ],
          [
            -103.3556548,
            20.6998735
          ],
          [
            -103.3616466,
            20.7037167
          ],
          [
            -103.3632058,
            20.7047253
          ],
          [
            -103.3639069,
            20.7051736
          ]
        ]
      },
      "id": "way/688995684"
    },
    {
      "type": "Feature",
      "properties": {
        "@id": "way/688995685",
        "bridge": "yes",
        "electrified": "contact_line",
        "frequency": "0",
        "gauge": "1435",
        "layer": "1",
        "name": "Linea 3 del Tren Eléctrico Urbano",
        "operator": "Sistema de Tren Eléctrico Urbano",
        "operator:wikidata": "Q2309232",
        "railway": "subway",
        "railway:ballastless": "yes",
        "usage": "main",
        "voltage": "1500"
      },
      "geometry": {
        "type": "LineString",
        "coordinates": [
          [
            -103.3639259,
            20.7051425
          ],
          [
            -103.3632193,
            20.7046938
          ],
          [
            -103.3618826,
            20.7038167
          ],
          [
            -103.3600327,
            20.7026374
          ],
          [
            -103.357394,
            20.7009276
          ],
          [
            -103.3554847,
            20.6997083
          ],
          [
            -103.3553795,
            20.6996417
          ],
          [
            -103.354774,
            20.6992559
          ],
          [
            -103.3545082,
            20.6990858
          ],
          [
            -103.3534407,
            20.698389
          ]
        ]
      },
      "id": "way/688995685"
    },
    {
      "type": "Feature",
      "properties": {
        "@id": "way/805560990",
        "electrified": "contact_line",
        "frequency": "0",
        "gauge": "1435",
        "layer": "-1",
        "name": "Linea 3 del Tren Eléctrico Urbano",
        "operator": "Sistema de Tren Eléctrico Urbano",
        "operator:wikidata": "Q2309232",
        "railway": "subway",
        "railway:ballastless": "yes",
        "tunnel": "yes",
        "usage": "main",
        "voltage": "1500"
      },
      "geometry": {
        "type": "LineString",
        "coordinates": [
          [
            -103.3490698,
            20.6956292
          ],
          [
            -103.3494357,
            20.6958548
          ],
          [
            -103.3509287,
            20.6968193
          ]
        ]
      },
      "id": "way/805560990"
    },
    {
      "type": "Feature",
      "properties": {
        "@id": "way/846600461",
        "electrified": "no",
        "gauge": "1435",
        "name": "Línea T",
        "operator": "Ferromex",
        "operator:wikidata": "Q977145",
        "railway": "rail",
        "usage": "main"
      },
      "geometry": {
        "type": "LineString",
        "coordinates": [
          [
            -103.8394773,
            20.8714855
          ],
          [
            -103.8341494,
            20.8699898
          ],
          [
            -103.8337607,
            20.8698854
          ],
          [
            -103.8316033,
            20.8692987
          ],
          [
            -103.8280171,
            20.8682766
          ],
          [
            -103.8275586,
            20.868168
          ],
          [
            -103.8271712,
            20.8681316
          ],
          [
            -103.826736,
            20.8681198
          ],
          [
            -103.8262594,
            20.8681665
          ],
          [
            -103.8258751,
            20.8682457
          ],
          [
            -103.8254691,
            20.8683921
          ],
          [
            -103.8249708,
            20.8686183
          ],
          [
            -103.8245635,
            20.8688958
          ],
          [
            -103.8242748,
            20.8691407
          ],
          [
            -103.8239269,
            20.8694864
          ],
          [
            -103.8213215,
            20.8722821
          ],
          [
            -103.8209793,
            20.8726352
          ],
          [
            -103.8207401,
            20.8728562
          ],
          [
            -103.8203842,
            20.8730998
          ],
          [
            -103.81999,
            20.8732718
          ],
          [
            -103.8195782,
            20.8733878
          ],
          [
            -103.8191568,
            20.8734458
          ],
          [
            -103.8186778,
            20.8734412
          ],
          [
            -103.8161632,
            20.8731582
          ],
          [
            -103.8093658,
            20.8723921
          ],
          [
            -103.8056011,
            20.8719692
          ],
          [
            -103.8050392,
            20.8718748
          ],
          [
            -103.8045167,
            20.8717832
          ],
          [
            -103.8038246,
            20.8716068
          ],
          [
            -103.8032178,
            20.871411
          ],
          [
            -103.8025912,
            20.8711692
          ],
          [
            -103.8017277,
            20.8707816
          ],
          [
            -103.7991014,
            20.869504
          ],
          [
            -103.7962007,
            20.8680964
          ],
          [
            -103.7954704,
            20.8677683
          ],
          [
            -103.7943306,
            20.8673591
          ],
          [
            -103.788048,
            20.8654731
          ]
        ]
      },
      "id": "way/846600461"
    },
    {
      "type": "Feature",
      "properties": {
        "@id": "way/849329969",
        "electrified": "no",
        "gauge": "1435",
        "name": "Línea T",
        "operator": "Ferromex",
        "operator:wikidata": "Q977145",
        "railway": "rail",
        "usage": "main"
      },
      "geometry": {
        "type": "LineString",
        "coordinates": [
          [
            -103.7878851,
            20.8654216
          ],
          [
            -103.7774815,
            20.8623672
          ],
          [
            -103.7662151,
            20.8589364
          ],
          [
            -103.7657893,
            20.8587572
          ],
          [
            -103.7643046,
            20.8583135
          ],
          [
            -103.7638217,
            20.8581507
          ],
          [
            -103.7633847,
            20.8579851
          ],
          [
            -103.7630524,
            20.8578371
          ],
          [
            -103.7626787,
            20.8576518
          ],
          [
            -103.7622775,
            20.8574245
          ],
          [
            -103.7618343,
            20.8570918
          ],
          [
            -103.7613296,
            20.8566785
          ],
          [
            -103.7610009,
            20.8563528
          ],
          [
            -103.7571588,
            20.8518973
          ],
          [
            -103.7564379,
            20.8510075
          ],
          [
            -103.7559194,
            20.8505107
          ],
          [
            -103.7553244,
            20.8500616
          ],
          [
            -103.7548194,
            20.8497508
          ],
          [
            -103.7543494,
            20.8494817
          ],
          [
            -103.7536803,
            20.8491765
          ],
          [
            -103.7529296,
            20.8489352
          ],
          [
            -103.7521433,
            20.8487555
          ],
          [
            -103.7489678,
            20.8480429
          ],
          [
            -103.7447136,
            20.8470744
          ],
          [
            -103.7442659,
            20.8469456
          ],
          [
            -103.7438832,
            20.8467978
          ],
          [
            -103.7433807,
            20.8465457
          ],
          [
            -103.7430076,
            20.8463022
          ],
          [
            -103.7426,
            20.846009
          ],
          [
            -103.7417577,
            20.8453019
          ],
          [
            -103.7334727,
            20.837803
          ]
        ]
      },
      "id": "way/849329969"
    },
    {
      "type": "Feature",
      "properties": {
        "@id": "way/849329970",
        "bridge": "yes",
        "electrified": "no",
        "gauge": "1435",
        "layer": "1",
        "name": "Línea T",
        "operator": "Ferromex",
        "operator:wikidata": "Q977145",
        "railway": "rail",
        "usage": "main"
      },
      "geometry": {
        "type": "LineString",
        "coordinates": [
          [
            -103.788048,
            20.8654731
          ],
          [
            -103.7878851,
            20.8654216
          ]
        ]
      },
      "id": "way/849329970"
    },
    {
      "type": "Feature",
      "properties": {
        "@id": "way/849329975",
        "electrified": "no",
        "embankment": "yes",
        "gauge": "1435",
        "name": "Línea T",
        "operator": "Ferromex",
        "operator:wikidata": "Q977145",
        "railway": "rail",
        "usage": "main"
      },
      "geometry": {
        "type": "LineString",
        "coordinates": [
          [
            -103.7278897,
            20.8371968
          ],
          [
            -103.7256567,
            20.838458
          ],
          [
            -103.725407,
            20.8385544
          ],
          [
            -103.7251644,
            20.8386219
          ],
          [
            -103.7249088,
            20.8386562
          ],
          [
            -103.7246723,
            20.8386587
          ],
          [
            -103.7244193,
            20.8386413
          ]
        ]
      },
      "id": "way/849329975"
    },
    {
      "type": "Feature",
      "properties": {
        "@id": "way/849329976",
        "electrified": "no",
        "gauge": "1435",
        "name": "Línea T",
        "operator": "Ferromex",
        "operator:wikidata": "Q977145",
        "railway": "rail",
        "usage": "main"
      },
      "geometry": {
        "type": "LineString",
        "coordinates": [
          [
            -103.7244193,
            20.8386413
          ],
          [
            -103.7239995,
            20.8385453
          ],
          [
            -103.723209,
            20.8383297
          ],
          [
            -103.722893,
            20.838283
          ],
          [
            -103.7225809,
            20.8382825
          ],
          [
            -103.7221934,
            20.8383401
          ],
          [
            -103.7218848,
            20.8384336
          ],
          [
            -103.7211683,
            20.8387289
          ],
          [
            -103.7209282,
            20.8387962
          ],
          [
            -103.720626,
            20.8388404
          ],
          [
            -103.7203177,
            20.8388328
          ],
          [
            -103.7199694,
            20.8387562
          ],
          [
            -103.7197188,
            20.8386543
          ],
          [
            -103.7193892,
            20.8384828
          ],
          [
            -103.7190768,
            20.8381935
          ],
          [
            -103.7188234,
            20.837871
          ],
          [
            -103.7186475,
            20.837575
          ],
          [
            -103.7183575,
            20.8369027
          ],
          [
            -103.7181567,
            20.8362492
          ],
          [
            -103.7180211,
            20.8356036
          ]
        ]
      },
      "id": "way/849329976"
    },
    {
      "type": "Feature",
      "properties": {
        "@id": "way/849329978",
        "bridge": "yes",
        "electrified": "no",
        "gauge": "1435",
        "layer": "1",
        "name": "Línea T",
        "operator": "Ferromex",
        "operator:wikidata": "Q977145",
        "railway": "rail",
        "usage": "main"
      },
      "geometry": {
        "type": "LineString",
        "coordinates": [
          [
            -103.7180211,
            20.8356036
          ],
          [
            -103.7179945,
            20.8354552
          ]
        ]
      },
      "id": "way/849329978"
    },
    {
      "type": "Feature",
      "properties": {
        "@id": "way/851282761",
        "electrified": "contact_line",
        "frequency": "0",
        "gauge": "1435",
        "operator": "SITEUR",
        "railway": "light_rail",
        "service": "crossover",
        "voltage": "750"
      },
      "geometry": {
        "type": "LineString",
        "coordinates": [
          [
            -103.2746926,
            20.6564162
          ],
          [
            -103.2747083,
            20.6560996
          ]
        ]
      },
      "id": "way/851282761"
    },
    {
      "type": "Feature",
      "properties": {
        "@id": "way/934023569",
        "electrified": "no",
        "gauge": "1435",
        "name": "Línea I",
        "operator": "Ferromex",
        "operator:wikidata": "Q977145",
        "railway": "rail",
        "usage": "main"
      },
      "geometry": {
        "type": "LineString",
        "coordinates": [
          [
            -103.6139321,
            20.5103626
          ],
          [
            -103.6161082,
            20.5105599
          ],
          [
            -103.6167328,
            20.5106014
          ],
          [
            -103.6173309,
            20.5105946
          ],
          [
            -103.6178748,
            20.510525
          ],
          [
            -103.6184469,
            20.5104016
          ],
          [
            -103.6189832,
            20.510227
          ],
          [
            -103.6193824,
            20.5100583
          ],
          [
            -103.6197781,
            20.509868
          ],
          [
            -103.6201064,
            20.5096552
          ],
          [
            -103.6205156,
            20.5093704
          ],
          [
            -103.6205968,
            20.5092953
          ],
          [
            -103.6208559,
            20.5090557
          ],
          [
            -103.6211885,
            20.5087207
          ],
          [
            -103.6284102,
            20.5010154
          ],
          [
            -103.6322679,
            20.4968992
          ],
          [
            -103.6325358,
            20.4965886
          ],
          [
            -103.6327692,
            20.4962812
          ],
          [
            -103.6329662,
            20.4959566
          ],
          [
            -103.6331357,
            20.4956167
          ],
          [
            -103.6333163,
            20.4951487
          ],
          [
            -103.6334549,
            20.4947063
          ],
          [
            -103.6335509,
            20.494249
          ],
          [
            -103.6335953,
            20.493707
          ],
          [
            -103.633639,
            20.4926172
          ],
          [
            -103.6336974,
            20.492185
          ],
          [
            -103.633774,
            20.4918451
          ],
          [
            -103.6338761,
            20.4914966
          ],
          [
            -103.633994,
            20.4911748
          ],
          [
            -103.6342262,
            20.4907006
          ],
          [
            -103.6344998,
            20.490265
          ],
          [
            -103.6347952,
            20.489867
          ],
          [
            -103.6350809,
            20.4895664
          ],
          [
            -103.6351362,
            20.4895083
          ],
          [
            -103.6355643,
            20.4891205
          ],
          [
            -103.6361227,
            20.4887277
          ],
          [
            -103.6367482,
            20.4883997
          ],
          [
            -103.6371111,
            20.4882306
          ],
          [
            -103.6378112,
            20.4878326
          ],
          [
            -103.6383201,
            20.4874431
          ],
          [
            -103.6387736,
            20.4869925
          ],
          [
            -103.6390167,
            20.4867034
          ],
          [
            -103.639241,
            20.4863994
          ],
          [
            -103.6394398,
            20.4860714
          ],
          [
            -103.6396167,
            20.4857417
          ],
          [
            -103.6400598,
            20.4846757
          ],
          [
            -103.6403115,
            20.4842008
          ],
          [
            -103.6406325,
            20.4837474
          ],
          [
            -103.6409953,
            20.4833535
          ],
          [
            -103.6410844,
            20.4832747
          ],
          [
            -103.6414202,
            20.4829777
          ],
          [
            -103.6418688,
            20.4826549
          ],
          [
            -103.6423331,
            20.4823457
          ],
          [
            -103.6460944,
            20.4797917
          ],
          [
            -103.6464068,
            20.4795542
          ],
          [
            -103.6466559,
            20.479335
          ],
          [
            -103.6468993,
            20.4790662
          ],
          [
            -103.6470949,
            20.4787689
          ],
          [
            -103.6472191,
            20.4784851
          ],
          [
            -103.6473107,
            20.4781952
          ],
          [
            -103.6473674,
            20.4778775
          ],
          [
            -103.6473733,
            20.4775604
          ],
          [
            -103.6473506,
            20.477195
          ],
          [
            -103.647307,
            20.4768213
          ],
          [
            -103.6473154,
            20.4767509
          ],
          [
            -103.6470384,
            20.474606
          ],
          [
            -103.6470128,
            20.4741147
          ],
          [
            -103.6470399,
            20.473681
          ],
          [
            -103.6470798,
            20.4734623
          ],
          [
            -103.6471851,
            20.4730805
          ],
          [
            -103.6480508,
            20.4710205
          ],
          [
            -103.6481539,
            20.4708064
          ],
          [
            -103.648789,
            20.469354
          ],
          [
            -103.6491005,
            20.4685517
          ]
        ]
      },
      "id": "way/934023569"
    },
    {
      "type": "Feature",
      "properties": {
        "@id": "way/934023570",
        "bridge": "yes",
        "electrified": "no",
        "gauge": "1435",
        "layer": "1",
        "name": "Línea I",
        "operator": "Ferromex",
        "operator:wikidata": "Q977145",
        "railway": "rail",
        "usage": "main"
      },
      "geometry": {
        "type": "LineString",
        "coordinates": [
          [
            -103.5744985,
            20.4971165
          ],
          [
            -103.5746518,
            20.497197
          ]
        ]
      },
      "id": "way/934023570"
    },
    {
      "type": "Feature",
      "properties": {
        "@id": "way/957948116",
        "electrified": "contact_line",
        "frequency": "0",
        "gauge": "1435",
        "name": "Línea 1 del Tren Eléctrico Urbano",
        "operator": "SITEUR",
        "railway": "light_rail",
        "service": "crossover",
        "voltage": "750"
      },
      "geometry": {
        "type": "LineString",
        "coordinates": [
          [
            -103.3501091,
            20.7368272
          ],
          [
            -103.3500675,
            20.7369753
          ],
          [
            -103.3500198,
            20.7371351
          ]
        ]
      },
      "id": "way/957948116"
    },
    {
      "type": "Feature",
      "properties": {
        "@id": "way/957948117",
        "electrified": "contact_line",
        "frequency": "0",
        "gauge": "1435",
        "name": "Línea 1 del Tren Eléctrico Urbano",
        "operator": "SITEUR",
        "railway": "light_rail",
        "service": "crossover",
        "voltage": "750"
      },
      "geometry": {
        "type": "LineString",
        "coordinates": [
          [
            -103.349977,
            20.7371176
          ],
          [
            -103.3500675,
            20.7369753
          ],
          [
            -103.3501481,
            20.7368413
          ]
        ]
      },
      "id": "way/957948117"
    },
    {
      "type": "Feature",
      "properties": {
        "@id": "way/1023808240",
        "electrified": "no",
        "gauge": "1435",
        "operator": "Ferromex",
        "operator:wikidata": "Q977145",
        "railway": "rail",
        "usage": "main"
      },
      "geometry": {
        "type": "LineString",
        "coordinates": [
          [
            -103.3337785,
            20.6048024
          ],
          [
            -103.3340965,
            20.6047669
          ],
          [
            -103.3348652,
            20.6046777
          ],
          [
            -103.3350746,
            20.6046593
          ],
          [
            -103.3352769,
            20.6046489
          ],
          [
            -103.3354925,
            20.604648
          ],
          [
            -103.3356487,
            20.6046556
          ],
          [
            -103.3358857,
            20.6046774
          ],
          [
            -103.3360467,
            20.604699
          ],
          [
            -103.336186,
            20.6047263
          ],
          [
            -103.336332,
            20.6047609
          ],
          [
            -103.3365685,
            20.6048255
          ],
          [
            -103.3367546,
            20.6048918
          ],
          [
            -103.3369178,
            20.6049579
          ],
          [
            -103.3371882,
            20.6050874
          ],
          [
            -103.3372019,
            20.6050952
          ],
          [
            -103.3373134,
            20.6051583
          ],
          [
            -103.3374084,
            20.605218
          ],
          [
            -103.3375212,
            20.6052918
          ],
          [
            -103.3376211,
            20.6053625
          ],
          [
            -103.3377653,
            20.6054751
          ],
          [
            -103.337946,
            20.6056303
          ],
          [
            -103.3380775,
            20.6057608
          ],
          [
            -103.3382278,
            20.6059175
          ],
          [
            -103.3383611,
            20.6060598
          ],
          [
            -103.3385541,
            20.6063001
          ],
          [
            -103.3387298,
            20.6065303
          ],
          [
            -103.3389299,
            20.6068269
          ],
          [
            -103.3390285,
            20.606988
          ],
          [
            -103.3391204,
            20.6071403
          ],
          [
            -103.3391862,
            20.607262
          ],
          [
            -103.3392676,
            20.607425
          ],
          [
            -103.3393183,
            20.6075213
          ],
          [
            -103.3394236,
            20.6077212
          ],
          [
            -103.3394958,
            20.6078933
          ],
          [
            -103.3395708,
            20.6080851
          ],
          [
            -103.3396315,
            20.6082514
          ],
          [
            -103.3396983,
            20.608455
          ],
          [
            -103.3397634,
            20.6086609
          ],
          [
            -103.3398331,
            20.6089258
          ],
          [
            -103.3398834,
            20.6091542
          ],
          [
            -103.339923,
            20.6093773
          ],
          [
            -103.3399561,
            20.6095942
          ],
          [
            -103.339982,
            20.609844
          ],
          [
            -103.3400041,
            20.6101264
          ],
          [
            -103.3400081,
            20.6104653
          ],
          [
            -103.3400021,
            20.610675
          ],
          [
            -103.339989,
            20.6109841
          ]
        ]
      },
      "id": "way/1023808240"
    },
    {
      "type": "Feature",
      "properties": {
        "@id": "way/1057603774",
        "electrified": "contact_line",
        "frequency": "0",
        "gauge": "1435",
        "layer": "-1",
        "name": "Línea 1 del Tren Eléctrico Urbano",
        "operator": "SITEUR",
        "railway": "light_rail",
        "usage": "main",
        "voltage": "750"
      },
      "geometry": {
        "type": "LineString",
        "coordinates": [
          [
            -103.4011706,
            20.6070154
          ],
          [
            -103.4008775,
            20.6073931
          ]
        ]
      },
      "id": "way/1057603774"
    },
    {
      "type": "Feature",
      "properties": {
        "@id": "way/1064488361",
        "electrified": "contact_line",
        "frequency": "0",
        "gauge": "1435",
        "operator": "Sistema de Tren Eléctrico Urbano",
        "operator:wikidata": "Q2309232",
        "railway": "subway",
        "railway:ballastless": "yes",
        "service": "crossover",
        "voltage": "1500"
      },
      "geometry": {
        "type": "LineString",
        "coordinates": [
          [
            -103.4064542,
            20.7405814
          ],
          [
            -103.4068301,
            20.7407978
          ]
        ]
      },
      "id": "way/1064488361"
    },
    {
      "type": "Feature",
      "properties": {
        "@id": "way/1064488362",
        "electrified": "contact_line",
        "frequency": "0",
        "gauge": "1435",
        "operator": "Sistema de Tren Eléctrico Urbano",
        "operator:wikidata": "Q2309232",
        "railway": "subway",
        "railway:ballastless": "yes",
        "service": "crossover",
        "voltage": "1500"
      },
      "geometry": {
        "type": "LineString",
        "coordinates": [
          [
            -103.376013,
            20.7129036
          ],
          [
            -103.3756766,
            20.7126436
          ]
        ]
      },
      "id": "way/1064488362"
    },
    {
      "type": "Feature",
      "properties": {
        "@id": "way/1064488363",
        "electrified": "contact_line",
        "frequency": "0",
        "gauge": "1435",
        "operator": "Sistema de Tren Eléctrico Urbano",
        "operator:wikidata": "Q2309232",
        "railway": "subway",
        "railway:ballastless": "yes",
        "service": "crossover",
        "voltage": "1500"
      },
      "geometry": {
        "type": "LineString",
        "coordinates": [
          [
            -103.3553795,
            20.6996417
          ],
          [
            -103.3556548,
            20.6998735
          ]
        ]
      },
      "id": "way/1064488363"
    },
    {
      "type": "Feature",
      "properties": {
        "@id": "way/1064488364",
        "bridge": "yes",
        "electrified": "contact_line",
        "frequency": "0",
        "gauge": "1435",
        "layer": "1",
        "operator": "Sistema de Tren Eléctrico Urbano",
        "operator:wikidata": "Q2309232",
        "railway": "subway",
        "railway:ballastless": "yes",
        "service": "crossover",
        "voltage": "1500"
      },
      "geometry": {
        "type": "LineString",
        "coordinates": [
          [
            -103.3251402,
            20.6604303
          ],
          [
            -103.3249007,
            20.6602316
          ]
        ]
      },
      "id": "way/1064488364"
    },
    {
      "type": "Feature",
      "properties": {
        "@id": "way/1064488365",
        "bridge": "yes",
        "electrified": "contact_line",
        "frequency": "0",
        "gauge": "1435",
        "layer": "1",
        "operator": "Sistema de Tren Eléctrico Urbano",
        "operator:wikidata": "Q2309232",
        "railway": "subway",
        "railway:ballastless": "yes",
        "service": "crossover",
        "voltage": "1500"
      },
      "geometry": {
        "type": "LineString",
        "coordinates": [
          [
            -103.3045637,
            20.6456371
          ],
          [
            -103.3044498,
            20.6453469
          ]
        ]
      },
      "id": "way/1064488365"
    },
    {
      "type": "Feature",
      "properties": {
        "@id": "way/1064488366",
        "bridge": "yes",
        "electrified": "contact_line",
        "frequency": "0",
        "gauge": "1435",
        "layer": "1",
        "operator": "Sistema de Tren Eléctrico Urbano",
        "operator:wikidata": "Q2309232",
        "railway": "subway",
        "railway:ballastless": "yes",
        "service": "crossover",
        "voltage": "1500"
      },
      "geometry": {
        "type": "LineString",
        "coordinates": [
          [
            -103.2862416,
            20.6235362
          ],
          [
            -103.2857582,
            20.6234265
          ]
        ]
      },
      "id": "way/1064488366"
    },
    {
      "type": "Feature",
      "properties": {
        "@id": "way/1064488368",
        "bridge": "yes",
        "electrified": "contact_line",
        "frequency": "0",
        "gauge": "1435",
        "layer": "1",
        "operator": "Sistema de Tren Eléctrico Urbano",
        "operator:wikidata": "Q2309232",
        "railway": "subway",
        "railway:ballastless": "yes",
        "service": "crossover",
        "voltage": "1500"
      },
      "geometry": {
        "type": "LineString",
        "coordinates": [
          [
            -103.284205,
            20.62287
          ],
          [
            -103.2843814,
            20.6229577
          ],
          [
            -103.284549,
            20.6230376
          ]
        ]
      },
      "id": "way/1064488368"
    },
    {
      "type": "Feature",
      "properties": {
        "@id": "way/1064488369",
        "bridge": "yes",
        "electrified": "contact_line",
        "frequency": "0",
        "gauge": "1435",
        "layer": "1",
        "operator": "Sistema de Tren Eléctrico Urbano",
        "operator:wikidata": "Q2309232",
        "railway": "subway",
        "railway:ballastless": "yes",
        "voltage": "1500"
      },
      "geometry": {
        "type": "LineString",
        "coordinates": [
          [
            -103.2845587,
            20.6229862
          ],
          [
            -103.2843814,
            20.6229577
          ],
          [
            -103.2841873,
            20.622921
          ]
        ]
      },
      "id": "way/1064488369"
    },
    {
      "type": "Feature",
      "properties": {
        "@id": "way/1075236750",
        "electrified": "contact_line",
        "frequency": "0",
        "gauge": "1435",
        "name": "Línea 1 del Tren Eléctrico Urbano",
        "operator": "SITEUR",
        "railway": "light_rail",
        "service": "crossover",
        "voltage": "750"
      },
      "geometry": {
        "type": "LineString",
        "coordinates": [
          [
            -103.4000614,
            20.6083461
          ],
          [
            -103.400406,
            20.6079777
          ]
        ]
      },
      "id": "way/1075236750"
    },
    {
      "type": "Feature",
      "properties": {
        "@id": "way/1075394716",
        "electrified": "contact_line",
        "frequency": "0",
        "gauge": "1435",
        "layer": "-3",
        "level": "-2",
        "name": "Línea 2 del Tren Eléctrico Urbano",
        "network": "Mi Tren",
        "operator": "SITEUR",
        "railway": "subway",
        "service": "crossover",
        "tunnel": "yes",
        "voltage": "750"
      },
      "geometry": {
        "type": "LineString",
        "coordinates": [
          [
            -103.276239,
            20.6598401
          ],
          [
            -103.2765596,
            20.6598478
          ]
        ]
      },
      "id": "way/1075394716"
    },
    {
      "type": "Feature",
      "properties": {
        "@id": "way/1075394717",
        "electrified": "contact_line",
        "frequency": "0",
        "gauge": "1435",
        "layer": "-3",
        "level": "-2",
        "name": "Línea 2 del Tren Eléctrico Urbano",
        "network": "Mi Tren",
        "operator": "SITEUR",
        "railway": "light_rail",
        "tunnel": "yes",
        "usage": "main",
        "voltage": "750"
      },
      "geometry": {
        "type": "LineString",
        "coordinates": [
          [
            -103.27568,
            20.6597807
          ],
          [
            -103.2759613,
            20.6598099
          ],
          [
            -103.276239,
            20.6598401
          ]
        ]
      },
      "id": "way/1075394717"
    },
    {
      "type": "Feature",
      "properties": {
        "@id": "way/1075394718",
        "electrified": "contact_line",
        "frequency": "0",
        "gauge": "1435",
        "layer": "-3",
        "level": "-2",
        "name": "Línea 2 del Tren Eléctrico Urbano",
        "network": "Mi Tren",
        "operator": "SITEUR",
        "railway": "light_rail",
        "service": "crossover",
        "tunnel": "yes",
        "voltage": "750"
      },
      "geometry": {
        "type": "LineString",
        "coordinates": [
          [
            -103.2765596,
            20.6598478
          ],
          [
            -103.2768035,
            20.6599116
          ]
        ]
      },
      "id": "way/1075394718"
    },
    {
      "type": "Feature",
      "properties": {
        "@id": "way/1075394719",
        "electrified": "contact_line",
        "frequency": "0",
        "gauge": "1435",
        "layer": "-3",
        "level": "-2",
        "name": "Línea 2 del Tren Eléctrico Urbano",
        "network": "Mi Tren",
        "operator": "SITEUR",
        "railway": "light_rail",
        "tunnel": "yes",
        "usage": "main",
        "voltage": "750"
      },
      "geometry": {
        "type": "LineString",
        "coordinates": [
          [
            -103.2765596,
            20.6598478
          ],
          [
            -103.2762426,
            20.6598121
          ],
          [
            -103.2759633,
            20.6597819
          ],
          [
            -103.2756873,
            20.6597486
          ]
        ]
      },
      "id": "way/1075394719"
    },
    {
      "type": "Feature",
      "properties": {
        "@id": "way/1075394720",
        "electrified": "contact_line",
        "frequency": "0",
        "gauge": "1435",
        "layer": "-3",
        "level": "-2",
        "name": "Línea 2 del Tren Eléctrico Urbano",
        "network": "Mi Tren",
        "operator": "SITEUR",
        "railway": "light_rail",
        "tunnel": "yes",
        "usage": "main",
        "voltage": "750"
      },
      "geometry": {
        "type": "LineString",
        "coordinates": [
          [
            -103.276239,
            20.6598401
          ],
          [
            -103.2768035,
            20.6599116
          ]
        ]
      },
      "id": "way/1075394720"
    },
    {
      "type": "Feature",
      "properties": {
        "@id": "way/1075394723",
        "electrified": "contact_line",
        "frequency": "0",
        "gauge": "1435",
        "layer": "-3",
        "level": "-3",
        "name": "Línea 2 del Tren Eléctrico Urbano",
        "network": "Mi Tren",
        "operator": "SITEUR",
        "railway": "light_rail",
        "service": "crossover",
        "tunnel": "yes",
        "voltage": "750"
      },
      "geometry": {
        "type": "LineString",
        "coordinates": [
          [
            -103.3558966,
            20.6748957
          ],
          [
            -103.356057,
            20.6748524
          ]
        ]
      },
      "id": "way/1075394723"
    },
    {
      "type": "Feature",
      "properties": {
        "@id": "way/1130777957",
        "electrified": "contact_line",
        "frequency": "0",
        "gauge": "1435",
        "name": "Linea 4 del Tren Eléctrico Urbano de Guadalajara",
        "operator": "SITEUR",
        "operator:wikidata": "Q2309232",
        "railway": "light_rail",
        "voltage": "750"
      },
      "geometry": {
        "type": "LineString",
        "coordinates": [
          [
            -103.3791665,
            20.5368022
          ],
          [
            -103.3826767,
            20.5310105
          ],
          [
            -103.3828028,
            20.5308037
          ],
          [
            -103.3831636,
            20.5301998
          ],
          [
            -103.3834079,
            20.5297922
          ],
          [
            -103.3839943,
            20.5288154
          ],
          [
            -103.3843617,
            20.5281946
          ],
          [
            -103.3847717,
            20.5274911
          ],
          [
            -103.3851336,
            20.5269161
          ],
          [
            -103.3853934,
            20.526548
          ],
          [
            -103.3856078,
            20.5263075
          ],
          [
            -103.3860512,
            20.5258838
          ],
          [
            -103.3863008,
            20.5256723
          ],
          [
            -103.3894067,
            20.5232287
          ],
          [
            -103.3897705,
            20.5228773
          ],
          [
            -103.3901474,
            20.5224405
          ],
          [
            -103.3904988,
            20.5219055
          ],
          [
            -103.3906563,
            20.5215641
          ],
          [
            -103.3908811,
            20.5210414
          ],
          [
            -103.391004,
            20.5204216
          ],
          [
            -103.3915582,
            20.5171655
          ],
          [
            -103.3922009,
            20.5130153
          ],
          [
            -103.3923585,
            20.5117686
          ],
          [
            -103.3923999,
            20.5114982
          ],
          [
            -103.3925485,
            20.5106715
          ],
          [
            -103.3926441,
            20.5101375
          ],
          [
            -103.3927183,
            20.5097911
          ],
          [
            -103.3927952,
            20.5094954
          ],
          [
            -103.3929286,
            20.5090535
          ],
          [
            -103.3934024,
            20.5078375
          ],
          [
            -103.3935653,
            20.5074301
          ],
          [
            -103.3937839,
            20.5068795
          ],
          [
            -103.3945499,
            20.5049022
          ],
          [
            -103.3948897,
            20.504006
          ],
          [
            -103.3966227,
            20.4995774
          ],
          [
            -103.3991479,
            20.49319
          ],
          [
            -103.3994354,
            20.492569
          ],
          [
            -103.3996998,
            20.4920756
          ],
          [
            -103.4000524,
            20.4915024
          ],
          [
            -103.4003425,
            20.4910834
          ],
          [
            -103.4005701,
            20.4907952
          ],
          [
            -103.4009128,
            20.4903704
          ],
          [
            -103.4033861,
            20.4876874
          ],
          [
            -103.4036026,
            20.4874633
          ],
          [
            -103.4036632,
            20.4873989
          ],
          [
            -103.4038814,
            20.4871498
          ],
          [
            -103.4042022,
            20.486778
          ],
          [
            -103.4053146,
            20.4855555
          ],
          [
            -103.4056552,
            20.4851781
          ],
          [
            -103.4063461,
            20.4844028
          ],
          [
            -103.4065512,
            20.484135
          ],
          [
            -103.4067079,
            20.4839012
          ],
          [
            -103.4068856,
            20.4835655
          ],
          [
            -103.4070199,
            20.4832075
          ],
          [
            -103.407112,
            20.4828807
          ],
          [
            -103.4071642,
            20.4825597
          ],
          [
            -103.4071886,
            20.4822662
          ],
          [
            -103.4071461,
            20.4817332
          ],
          [
            -103.406863,
            20.4800373
          ],
          [
            -103.4068188,
            20.4796121
          ],
          [
            -103.4068184,
            20.4791089
          ],
          [
            -103.4068739,
            20.4784305
          ],
          [
            -103.4073906,
            20.4739357
          ],
          [
            -103.4074469,
            20.4736342
          ],
          [
            -103.4074897,
            20.4734141
          ],
          [
            -103.4075761,
            20.4731543
          ],
          [
            -103.4076827,
            20.4729308
          ],
          [
            -103.4078022,
            20.472721
          ],
          [
            -103.4079758,
            20.472479
          ],
          [
            -103.4081649,
            20.4722755
          ],
          [
            -103.4083479,
            20.4721126
          ],
          [
            -103.4085622,
            20.4719537
          ],
          [
            -103.408913,
            20.4717486
          ],
          [
            -103.4135033,
            20.4698552
          ],
          [
            -103.4141415,
            20.4696159
          ],
          [
            -103.4146079,
            20.4694258
          ],
          [
            -103.4150131,
            20.4692606
          ],
          [
            -103.4153415,
            20.4690959
          ],
          [
            -103.4168051,
            20.4685026
          ],
          [
            -103.4195258,
            20.4673988
          ]
        ]
      },
      "id": "way/1130777957"
    },
    {
      "type": "Feature",
      "properties": {
        "@id": "way/1180583736",
        "electrified": "contact_line",
        "frequency": "0",
        "gauge": "1435",
        "name": "Linea 4 del Tren Eléctrico Urbano de Guadalajara",
        "operator": "SITEUR",
        "operator:wikidata": "Q2309232",
        "railway": "light_rail",
        "voltage": "750"
      },
      "geometry": {
        "type": "LineString",
        "coordinates": [
          [
            -103.4195216,
            20.4673547
          ],
          [
            -103.4167866,
            20.468461
          ],
          [
            -103.4153259,
            20.4690588
          ],
          [
            -103.414994,
            20.4691838
          ],
          [
            -103.4145727,
            20.4693527
          ],
          [
            -103.4141236,
            20.4695327
          ],
          [
            -103.4134908,
            20.4698107
          ],
          [
            -103.4090864,
            20.4716182
          ],
          [
            -103.4088142,
            20.4717404
          ],
          [
            -103.4085477,
            20.4719069
          ],
          [
            -103.408315,
            20.4720718
          ],
          [
            -103.4081401,
            20.4722323
          ],
          [
            -103.4079347,
            20.4724531
          ],
          [
            -103.40776,
            20.4726948
          ],
          [
            -103.4076343,
            20.4729153
          ],
          [
            -103.4075304,
            20.4731537
          ],
          [
            -103.4074392,
            20.4734041
          ],
          [
            -103.4073916,
            20.4736176
          ],
          [
            -103.4073415,
            20.473968
          ],
          [
            -103.4068225,
            20.4784451
          ],
          [
            -103.406769,
            20.4791085
          ],
          [
            -103.4067799,
            20.4796162
          ],
          [
            -103.4068111,
            20.480059
          ],
          [
            -103.4071001,
            20.4817595
          ],
          [
            -103.4071275,
            20.482265
          ],
          [
            -103.4071096,
            20.4825626
          ],
          [
            -103.4070648,
            20.4828672
          ],
          [
            -103.4069754,
            20.4831886
          ],
          [
            -103.4068339,
            20.4835389
          ],
          [
            -103.4066606,
            20.4838813
          ],
          [
            -103.4065163,
            20.4841052
          ],
          [
            -103.4063035,
            20.4843735
          ],
          [
            -103.4056397,
            20.4851117
          ],
          [
            -103.4041464,
            20.4867447
          ],
          [
            -103.4036021,
            20.4873494
          ],
          [
            -103.4035435,
            20.4874113
          ],
          [
            -103.4033211,
            20.4876407
          ],
          [
            -103.4008656,
            20.4903555
          ],
          [
            -103.4002958,
            20.4910665
          ],
          [
            -103.400016,
            20.4914842
          ],
          [
            -103.3996666,
            20.4920517
          ],
          [
            -103.3993908,
            20.4925557
          ],
          [
            -103.3991014,
            20.4931862
          ],
          [
            -103.3965765,
            20.4995785
          ],
          [
            -103.394467,
            20.5049234
          ],
          [
            -103.39398,
            20.5061164
          ],
          [
            -103.3936882,
            20.5068551
          ],
          [
            -103.3934729,
            20.5074185
          ],
          [
            -103.3933289,
            20.5078185
          ],
          [
            -103.3928708,
            20.5090462
          ],
          [
            -103.3927457,
            20.5094863
          ],
          [
            -103.3926767,
            20.5097851
          ],
          [
            -103.3925975,
            20.5101365
          ],
          [
            -103.3925119,
            20.510676
          ],
          [
            -103.3923215,
            20.5117665
          ],
          [
            -103.3921428,
            20.5130932
          ],
          [
            -103.391514,
            20.5171564
          ],
          [
            -103.3909658,
            20.5204179
          ],
          [
            -103.3908433,
            20.5210361
          ],
          [
            -103.3906188,
            20.5215547
          ],
          [
            -103.3904612,
            20.5218886
          ],
          [
            -103.3901123,
            20.5224177
          ],
          [
            -103.3897429,
            20.5228522
          ],
          [
            -103.3893988,
            20.5231781
          ],
          [
            -103.3862715,
            20.5256373
          ],
          [
            -103.3859645,
            20.5258904
          ],
          [
            -103.3855795,
            20.5262708
          ],
          [
            -103.3853763,
            20.5264992
          ],
          [
            -103.3850839,
            20.5268946
          ],
          [
            -103.3847232,
            20.5274721
          ],
          [
            -103.3843049,
            20.5281465
          ],
          [
            -103.3839189,
            20.5287888
          ],
          [
            -103.3833379,
            20.529766
          ],
          [
            -103.3831052,
            20.5301787
          ],
          [
            -103.3827677,
            20.5307864
          ],
          [
            -103.3826425,
            20.5309931
          ],
          [
            -103.3791103,
            20.5367911
          ]
        ]
      },
      "id": "way/1180583736"
    },
    {
      "type": "Feature",
      "properties": {
        "@id": "way/1182129265",
        "electrified": "no",
        "gauge": "1435",
        "name": "Línea I",
        "operator": "Ferromex",
        "operator:wikidata": "Q977145",
        "railway": "rail",
        "usage": "main"
      },
      "geometry": {
        "type": "LineString",
        "coordinates": [
          [
            -103.3478751,
            20.6532365
          ],
          [
            -103.3477364,
            20.653099
          ],
          [
            -103.3476161,
            20.6529971
          ],
          [
            -103.3474773,
            20.6528954
          ],
          [
            -103.3473495,
            20.6528075
          ],
          [
            -103.3473287,
            20.6527932
          ],
          [
            -103.3472093,
            20.6527258
          ],
          [
            -103.3470443,
            20.6526376
          ],
          [
            -103.3469291,
            20.6525686
          ],
          [
            -103.3466627,
            20.6524012
          ],
          [
            -103.3464286,
            20.652223
          ],
          [
            -103.3462395,
            20.6520536
          ],
          [
            -103.343206,
            20.6493609
          ],
          [
            -103.3429983,
            20.6491704
          ],
          [
            -103.342804,
            20.6489795
          ],
          [
            -103.342564,
            20.6487242
          ],
          [
            -103.3422862,
            20.6484071
          ],
          [
            -103.3421285,
            20.6482262
          ],
          [
            -103.341876,
            20.6478828
          ],
          [
            -103.3418098,
            20.6477546
          ],
          [
            -103.3415662,
            20.6472251
          ],
          [
            -103.341419,
            20.6468961
          ],
          [
            -103.3412611,
            20.6465505
          ],
          [
            -103.3411222,
            20.6463063
          ],
          [
            -103.3410514,
            20.6461834
          ],
          [
            -103.340977,
            20.6460399
          ],
          [
            -103.3408601,
            20.6457705
          ],
          [
            -103.3407501,
            20.6456073
          ],
          [
            -103.3406348,
            20.6454592
          ],
          [
            -103.3405072,
            20.6452947
          ],
          [
            -103.3390214,
            20.6436144
          ],
          [
            -103.3386177,
            20.6431363
          ],
          [
            -103.3383348,
            20.6427798
          ],
          [
            -103.3380384,
            20.642372
          ],
          [
            -103.3377861,
            20.6420549
          ],
          [
            -103.3362911,
            20.6403443
          ],
          [
            -103.3349752,
            20.6388264
          ],
          [
            -103.3346708,
            20.6384877
          ],
          [
            -103.3343564,
            20.6381045
          ],
          [
            -103.3341953,
            20.6378892
          ],
          [
            -103.3339047,
            20.6375368
          ],
          [
            -103.3335803,
            20.6371765
          ],
          [
            -103.3333161,
            20.6368746
          ],
          [
            -103.3331026,
            20.6366306
          ],
          [
            -103.3275041,
            20.6301923
          ],
          [
            -103.3273872,
            20.6300481
          ],
          [
            -103.3272816,
            20.6299022
          ],
          [
            -103.327168,
            20.6297337
          ],
          [
            -103.326701,
            20.6289908
          ],
          [
            -103.3265968,
            20.6288368
          ],
          [
            -103.3264908,
            20.6287002
          ],
          [
            -103.3262618,
            20.6284291
          ],
          [
            -103.3258072,
            20.6279289
          ],
          [
            -103.3253656,
            20.6274248
          ],
          [
            -103.3245915,
            20.6265401
          ],
          [
            -103.3244768,
            20.6264045
          ],
          [
            -103.3243777,
            20.6262812
          ],
          [
            -103.3242701,
            20.6261331
          ],
          [
            -103.3241836,
            20.6260018
          ],
          [
            -103.3241018,
            20.6258588
          ],
          [
            -103.3240285,
            20.6257118
          ],
          [
            -103.3239639,
            20.6255613
          ],
          [
            -103.3239082,
            20.6254077
          ],
          [
            -103.3238616,
            20.6252515
          ],
          [
            -103.3238241,
            20.6250931
          ],
          [
            -103.323796,
            20.624933
          ],
          [
            -103.3237773,
            20.6247718
          ],
          [
            -103.323768,
            20.6246098
          ],
          [
            -103.3237682,
            20.6244476
          ],
          [
            -103.3237779,
            20.6242856
          ],
          [
            -103.3237971,
            20.6241244
          ],
          [
            -103.3238257,
            20.6239644
          ],
          [
            -103.3238635,
            20.6238061
          ],
          [
            -103.3239106,
            20.62365
          ],
          [
            -103.3239667,
            20.6234966
          ],
          [
            -103.3240317,
            20.6233462
          ],
          [
            -103.3241054,
            20.6231994
          ],
          [
            -103.3241876,
            20.6230566
          ],
          [
            -103.324278,
            20.6229182
          ],
          [
            -103.3243764,
            20.6227846
          ],
          [
            -103.3244824,
            20.6226563
          ],
          [
            -103.3245958,
            20.6225336
          ],
          [
            -103.3247164,
            20.6224168
          ],
          [
            -103.3248436,
            20.6223062
          ],
          [
            -103.3249771,
            20.6222024
          ],
          [
            -103.3251166,
            20.6221056
          ],
          [
            -103.3252614,
            20.622016
          ],
          [
            -103.3254113,
            20.6219341
          ],
          [
            -103.3255658,
            20.6218599
          ],
          [
            -103.3257243,
            20.6217938
          ],
          [
            -103.3258866,
            20.6217359
          ],
          [
            -103.3260519,
            20.6216865
          ],
          [
            -103.3262199,
            20.6216456
          ],
          [
            -103.3263901,
            20.6216133
          ],
          [
            -103.3265618,
            20.6215899
          ],
          [
            -103.3267347,
            20.6215753
          ],
          [
            -103.3269082,
            20.6215696
          ],
          [
            -103.3270792,
            20.6215741
          ],
          [
            -103.3273092,
            20.6215935
          ],
          [
            -103.3275144,
            20.6216236
          ],
          [
            -103.3276995,
            20.62166
          ],
          [
            -103.3278845,
            20.6217002
          ],
          [
            -103.3280361,
            20.6217386
          ],
          [
            -103.3326113,
            20.6229185
          ],
          [
            -103.3328027,
            20.6229677
          ],
          [
            -103.3349441,
            20.6235177
          ],
          [
            -103.3354053,
            20.6236285
          ],
          [
            -103.335581,
            20.6236621
          ],
          [
            -103.3356655,
            20.6236745
          ],
          [
            -103.3358278,
            20.6236913
          ],
          [
            -103.335981,
            20.6236986
          ],
          [
            -103.3361247,
            20.6236979
          ],
          [
            -103.3362588,
            20.6236905
          ],
          [
            -103.3364414,
            20.6236703
          ],
          [
            -103.336601,
            20.6236432
          ],
          [
            -103.336739,
            20.6236134
          ],
          [
            -103.3368816,
            20.6235741
          ],
          [
            -103.3369827,
            20.6235408
          ],
          [
            -103.3371414,
            20.6234797
          ],
          [
            -103.3372508,
            20.6234313
          ],
          [
            -103.3374183,
            20.6233465
          ],
          [
            -103.3375311,
            20.6232817
          ],
          [
            -103.3376438,
            20.6232099
          ],
          [
            -103.3376635,
            20.6231961
          ],
          [
            -103.3377122,
            20.6231618
          ],
          [
            -103.3377557,
            20.6231311
          ],
          [
            -103.3378784,
            20.6230332
          ],
          [
            -103.3380266,
            20.622897
          ],
          [
            -103.3381634,
            20.6227502
          ],
          [
            -103.3382875,
            20.6225914
          ],
          [
            -103.3383834,
            20.6224564
          ],
          [
            -103.3384632,
            20.622329
          ],
          [
            -103.338602,
            20.6220655
          ],
          [
            -103.338726,
            20.6217918
          ],
          [
            -103.3388548,
            20.6214693
          ],
          [
            -103.3389808,
            20.6211191
          ],
          [
            -103.3390747,
            20.6208216
          ],
          [
            -103.3391518,
            20.620563
          ],
          [
            -103.3392725,
            20.6200854
          ],
          [
            -103.3393262,
            20.6198381
          ],
          [
            -103.3393684,
            20.6195877
          ],
          [
            -103.339418,
            20.6192739
          ],
          [
            -103.3394576,
            20.6189551
          ],
          [
            -103.3394884,
            20.6186375
          ],
          [
            -103.3396239,
            20.6166129
          ],
          [
            -103.3397472,
            20.6146084
          ],
          [
            -103.3399251,
            20.6119056
          ],
          [
            -103.339989,
            20.6109841
          ]
        ]
      },
      "id": "way/1182129265"
    },
    {
      "type": "Feature",
      "properties": {
        "@id": "way/1212647555",
        "electrified": "no",
        "gauge": "1435",
        "name": "Línea I",
        "operator": "Ferromex",
        "operator:wikidata": "Q977145",
        "railway": "rail",
        "usage": "main"
      },
      "geometry": {
        "type": "LineString",
        "coordinates": [
          [
            -102.8516851,
            20.3723046
          ],
          [
            -102.8411617,
            20.3711769
          ],
          [
            -102.8396828,
            20.3710183
          ],
          [
            -102.8266389,
            20.3695832
          ],
          [
            -102.8160714,
            20.3684593
          ],
          [
            -102.8154317,
            20.3683814
          ],
          [
            -102.8148926,
            20.3683166
          ],
          [
            -102.8144132,
            20.3682481
          ],
          [
            -102.8140041,
            20.3681821
          ],
          [
            -102.8135448,
            20.3681029
          ],
          [
            -102.8130774,
            20.3680048
          ],
          [
            -102.8126613,
            20.3679065
          ],
          [
            -102.8121956,
            20.3677895
          ],
          [
            -102.8117377,
            20.3676692
          ],
          [
            -102.8111945,
            20.3675183
          ],
          [
            -102.8107184,
            20.3673674
          ],
          [
            -102.8102671,
            20.3672065
          ],
          [
            -102.8097796,
            20.3670361
          ],
          [
            -102.8092502,
            20.366834
          ],
          [
            -102.8088167,
            20.3666457
          ],
          [
            -102.8079866,
            20.3662591
          ],
          [
            -102.8074495,
            20.3660008
          ],
          [
            -102.8069499,
            20.3657455
          ],
          [
            -102.8063836,
            20.3654331
          ],
          [
            -102.8058495,
            20.3651037
          ],
          [
            -102.8053218,
            20.3647749
          ],
          [
            -102.8048658,
            20.3644688
          ],
          [
            -102.8040451,
            20.3638741
          ],
          [
            -102.8032632,
            20.3632574
          ],
          [
            -102.8026396,
            20.3627042
          ],
          [
            -102.8011978,
            20.3613488
          ],
          [
            -102.7967152,
            20.3572059
          ],
          [
            -102.7929882,
            20.3537596
          ],
          [
            -102.7929602,
            20.3537337
          ],
          [
            -102.7889832,
            20.3500678
          ],
          [
            -102.7888987,
            20.349991
          ],
          [
            -102.7888139,
            20.3499191
          ],
          [
            -102.7887289,
            20.3498521
          ],
          [
            -102.7886438,
            20.3497898
          ],
          [
            -102.7885586,
            20.3497319
          ],
          [
            -102.7884734,
            20.3496783
          ],
          [
            -102.7883883,
            20.3496288
          ],
          [
            -102.7883033,
            20.3495832
          ],
          [
            -102.7882186,
            20.3495413
          ],
          [
            -102.7881342,
            20.3495031
          ],
          [
            -102.7880503,
            20.3494682
          ],
          [
            -102.7879668,
            20.3494365
          ],
          [
            -102.7878838,
            20.3494079
          ],
          [
            -102.7878015,
            20.3493821
          ],
          [
            -102.7877199,
            20.3493589
          ],
          [
            -102.7876392,
            20.3493383
          ],
          [
            -102.7875592,
            20.3493199
          ],
          [
            -102.7874803,
            20.3493037
          ],
          [
            -102.7874024,
            20.3492894
          ],
          [
            -102.7873255,
            20.3492769
          ],
          [
            -102.787223,
            20.3492666
          ],
          [
            -102.7871237,
            20.3492605
          ],
          [
            -102.7870274,
            20.3492583
          ],
          [
            -102.7869342,
            20.3492597
          ],
          [
            -102.7868439,
            20.3492645
          ],
          [
            -102.7867563,
            20.3492723
          ],
          [
            -102.7866714,
            20.3492829
          ],
          [
            -102.7865891,
            20.3492959
          ],
          [
            -102.7865091,
            20.3493112
          ],
          [
            -102.7864315,
            20.3493285
          ],
          [
            -102.7863561,
            20.3493473
          ],
          [
            -102.7862828,
            20.3493676
          ],
          [
            -102.7862114,
            20.349389
          ],
          [
            -102.786142,
            20.3494112
          ],
          [
            -102.7860742,
            20.3494339
          ],
          [
            -102.7860081,
            20.3494569
          ],
          [
            -102.7859435,
            20.3494799
          ],
          [
            -102.7858804,
            20.3495026
          ],
          [
            -102.7858185,
            20.3495247
          ],
          [
            -102.7857578,
            20.349546
          ],
          [
            -102.7835677,
            20.3503831
          ]
        ]
      },
      "id": "way/1212647555"
    },
    {
      "type": "Feature",
      "properties": {
        "@id": "way/1213419725",
        "electrified": "no",
        "gauge": "1435",
        "name": "Línea I",
        "operator": "Ferromex",
        "operator:wikidata": "Q977145",
        "railway": "rail",
        "usage": "main"
      },
      "geometry": {
        "type": "LineString",
        "coordinates": [
          [
            -103.6079812,
            20.2909424
          ],
          [
            -103.6074337,
            20.2890788
          ],
          [
            -103.6036927,
            20.2765572
          ]
        ]
      },
      "id": "way/1213419725"
    },
    {
      "type": "Feature",
      "properties": {
        "@id": "way/1213419726",
        "bridge": "yes",
        "electrified": "no",
        "gauge": "1435",
        "layer": "1",
        "name": "Línea I",
        "operator": "Ferromex",
        "operator:wikidata": "Q977145",
        "railway": "rail",
        "usage": "main"
      },
      "geometry": {
        "type": "LineString",
        "coordinates": [
          [
            -103.6079923,
            20.2909801
          ],
          [
            -103.6079812,
            20.2909424
          ]
        ]
      },
      "id": "way/1213419726"
    },
    {
      "type": "Feature",
      "properties": {
        "@id": "way/1213419727",
        "bridge": "yes",
        "electrified": "no",
        "gauge": "1435",
        "layer": "1",
        "name": "Línea I",
        "operator": "Ferromex",
        "operator:wikidata": "Q977145",
        "railway": "rail",
        "usage": "main"
      },
      "geometry": {
        "type": "LineString",
        "coordinates": [
          [
            -103.6036927,
            20.2765572
          ],
          [
            -103.6036451,
            20.2763875
          ]
        ]
      },
      "id": "way/1213419727"
    },
    {
      "type": "Feature",
      "properties": {
        "@id": "way/1213419728",
        "electrified": "no",
        "gauge": "1435",
        "name": "Línea I",
        "operator": "Ferromex",
        "operator:wikidata": "Q977145",
        "railway": "rail",
        "usage": "main"
      },
      "geometry": {
        "type": "LineString",
        "coordinates": [
          [
            -103.6133132,
            20.3513681
          ],
          [
            -103.6132852,
            20.3488594
          ],
          [
            -103.6132162,
            20.3426634
          ],
          [
            -103.6131035,
            20.3321068
          ],
          [
            -103.6129049,
            20.312817
          ],
          [
            -103.6128911,
            20.3092521
          ],
          [
            -103.6126641,
            20.3072785
          ],
          [
            -103.612379,
            20.3056377
          ],
          [
            -103.6110802,
            20.3013427
          ],
          [
            -103.6079923,
            20.2909801
          ]
        ]
      },
      "id": "way/1213419728"
    },
    {
      "type": "Feature",
      "properties": {
        "@id": "way/1213454676",
        "electrified": "no",
        "gauge": "1435",
        "name": "Línea I",
        "operator": "Ferromex",
        "operator:wikidata": "Q977145",
        "railway": "rail",
        "usage": "main"
      },
      "geometry": {
        "type": "LineString",
        "coordinates": [
          [
            -103.6178565,
            20.4168326
          ],
          [
            -103.6175608,
            20.4157898
          ],
          [
            -103.6172691,
            20.4147637
          ],
          [
            -103.6162488,
            20.4111748
          ],
          [
            -103.6146449,
            20.4055306
          ],
          [
            -103.6145255,
            20.4050982
          ],
          [
            -103.6144115,
            20.4046705
          ],
          [
            -103.6143156,
            20.4042541
          ],
          [
            -103.6142325,
            20.4038374
          ],
          [
            -103.6141473,
            20.4033749
          ],
          [
            -103.6140706,
            20.4028795
          ],
          [
            -103.6140025,
            20.4024064
          ],
          [
            -103.6139555,
            20.4019928
          ],
          [
            -103.6139186,
            20.4016245
          ],
          [
            -103.6138908,
            20.4012167
          ],
          [
            -103.6138731,
            20.4007899
          ],
          [
            -103.6138617,
            20.4003795
          ],
          [
            -103.6138556,
            20.3999314
          ],
          [
            -103.6138154,
            20.3968467
          ]
        ]
      },
      "id": "way/1213454676"
    },
    {
      "type": "Feature",
      "properties": {
        "@id": "way/1213454677",
        "electrified": "no",
        "gauge": "1435",
        "name": "Línea I",
        "operator": "Ferromex",
        "operator:wikidata": "Q977145",
        "railway": "rail",
        "usage": "main"
      },
      "geometry": {
        "type": "LineString",
        "coordinates": [
          [
            -103.6138154,
            20.3968467
          ],
          [
            -103.6133144,
            20.351468
          ]
        ]
      },
      "id": "way/1213454677"
    },
    {
      "type": "Feature",
      "properties": {
        "@id": "way/1213458726",
        "electrified": "no",
        "gauge": "1435",
        "operator": "Ferromex",
        "operator:wikidata": "Q977145",
        "railway": "rail",
        "service": "crossover"
      },
      "geometry": {
        "type": "LineString",
        "coordinates": [
          [
            -103.5932182,
            20.5064119
          ],
          [
            -103.5926593,
            20.5060871
          ]
        ]
      },
      "id": "way/1213458726"
    },
    {
      "type": "Feature",
      "properties": {
        "@id": "way/1213458727",
        "electrified": "no",
        "gauge": "1435",
        "operator": "Ferromex",
        "operator:wikidata": "Q977145",
        "railway": "rail",
        "service": "crossover"
      },
      "geometry": {
        "type": "LineString",
        "coordinates": [
          [
            -103.5940746,
            20.5067873
          ],
          [
            -103.5934714,
            20.5065397
          ]
        ]
      },
      "id": "way/1213458727"
    },
    {
      "type": "Feature",
      "properties": {
        "@id": "way/1213458729",
        "electrified": "no",
        "gauge": "1435",
        "name": "Línea I",
        "operator": "Ferromex",
        "operator:wikidata": "Q977145",
        "railway": "rail",
        "usage": "main"
      },
      "geometry": {
        "type": "LineString",
        "coordinates": [
          [
            -103.5746518,
            20.497197
          ],
          [
            -103.5864942,
            20.5030797
          ],
          [
            -103.5910552,
            20.5053385
          ],
          [
            -103.5932182,
            20.5064119
          ],
          [
            -103.5934714,
            20.5065397
          ],
          [
            -103.5961711,
            20.5078774
          ],
          [
            -103.5965125,
            20.5080464
          ],
          [
            -103.5967978,
            20.5081789
          ],
          [
            -103.5971548,
            20.5083296
          ],
          [
            -103.5975042,
            20.508464
          ],
          [
            -103.5978583,
            20.5085827
          ],
          [
            -103.598221,
            20.5086983
          ],
          [
            -103.5986207,
            20.5088113
          ],
          [
            -103.5990545,
            20.508915
          ],
          [
            -103.5994523,
            20.5089913
          ],
          [
            -103.5999053,
            20.5090646
          ],
          [
            -103.6004771,
            20.5091307
          ],
          [
            -103.609031,
            20.5099154
          ],
          [
            -103.6139321,
            20.5103626
          ]
        ]
      },
      "id": "way/1213458729"
    },
    {
      "type": "Feature",
      "properties": {
        "@id": "way/1213458934",
        "electrified": "no",
        "gauge": "1435",
        "name": "Línea I",
        "operator": "Ferromex",
        "operator:wikidata": "Q977145",
        "railway": "rail",
        "usage": "main"
      },
      "geometry": {
        "type": "LineString",
        "coordinates": [
          [
            -103.4928645,
            20.480874
          ],
          [
            -103.4984418,
            20.4797069
          ],
          [
            -103.5005516,
            20.4792624
          ],
          [
            -103.5014858,
            20.479045
          ],
          [
            -103.5023414,
            20.4788689
          ],
          [
            -103.5052062,
            20.4782458
          ],
          [
            -103.5065822,
            20.4779697
          ],
          [
            -103.5080464,
            20.4778716
          ],
          [
            -103.5095553,
            20.4779198
          ],
          [
            -103.5101952,
            20.4779632
          ],
          [
            -103.526712,
            20.4791198
          ],
          [
            -103.533095,
            20.4795204
          ],
          [
            -103.5338941,
            20.4795579
          ],
          [
            -103.5345542,
            20.4796316
          ],
          [
            -103.5349148,
            20.4796793
          ],
          [
            -103.5352731,
            20.4797443
          ],
          [
            -103.5361829,
            20.4799189
          ],
          [
            -103.537076,
            20.4801847
          ],
          [
            -103.545085,
            20.4827999
          ],
          [
            -103.5459152,
            20.4830878
          ],
          [
            -103.5467226,
            20.4834018
          ],
          [
            -103.5472715,
            20.4836671
          ],
          [
            -103.5478482,
            20.4839346
          ],
          [
            -103.5489936,
            20.4844612
          ],
          [
            -103.5511449,
            20.4855658
          ],
          [
            -103.5581542,
            20.4890368
          ],
          [
            -103.5675106,
            20.4936383
          ],
          [
            -103.5744985,
            20.4971165
          ]
        ]
      },
      "id": "way/1213458934"
    },
    {
      "type": "Feature",
      "properties": {
        "@id": "way/1213458935",
        "bridge": "yes",
        "electrified": "no",
        "gauge": "1435",
        "layer": "1",
        "name": "Línea I",
        "operator": "Ferromex",
        "operator:wikidata": "Q977145",
        "railway": "rail",
        "usage": "main"
      },
      "geometry": {
        "type": "LineString",
        "coordinates": [
          [
            -103.4926945,
            20.4809079
          ],
          [
            -103.4928645,
            20.480874
          ]
        ]
      },
      "id": "way/1213458935"
    },
    {
      "type": "Feature",
      "properties": {
        "@id": "way/1233400611",
        "electrified": "no",
        "gauge": "1435",
        "name": "Línea I",
        "operator": "Ferromex",
        "operator:wikidata": "Q977145",
        "railway": "rail",
        "usage": "main"
      },
      "geometry": {
        "type": "LineString",
        "coordinates": [
          [
            -103.1225173,
            20.4035233
          ],
          [
            -103.1138496,
            20.4002488
          ],
          [
            -103.1112324,
            20.3992074
          ],
          [
            -103.1109129,
            20.3990848
          ],
          [
            -103.1106082,
            20.3989805
          ],
          [
            -103.1102662,
            20.3988887
          ],
          [
            -103.1099483,
            20.3988183
          ],
          [
            -103.1095983,
            20.398768
          ],
          [
            -103.1092711,
            20.3987391
          ],
          [
            -103.1089539,
            20.3987272
          ],
          [
            -103.1086213,
            20.3987328
          ],
          [
            -103.1047743,
            20.3988741
          ],
          [
            -103.0988695,
            20.3991074
          ],
          [
            -103.0985798,
            20.3991263
          ],
          [
            -103.0982351,
            20.3991602
          ],
          [
            -103.093046,
            20.3998092
          ],
          [
            -103.092369,
            20.3998353
          ],
          [
            -103.0916078,
            20.3997971
          ],
          [
            -103.0903954,
            20.399558
          ],
          [
            -103.0889881,
            20.3991651
          ],
          [
            -103.0881161,
            20.3990761
          ],
          [
            -103.0873927,
            20.3991309
          ],
          [
            -103.0795673,
            20.4004336
          ],
          [
            -103.0442464,
            20.4064495
          ],
          [
            -103.04303,
            20.4065229
          ],
          [
            -103.0418584,
            20.406546
          ],
          [
            -103.0295739,
            20.4053064
          ]
        ]
      },
      "id": "way/1233400611"
    },
    {
      "type": "Feature",
      "properties": {
        "@id": "way/1233400612",
        "bridge": "yes",
        "electrified": "no",
        "gauge": "1435",
        "layer": "1",
        "name": "Línea I",
        "operator": "Ferromex",
        "operator:wikidata": "Q977145",
        "railway": "rail",
        "usage": "main"
      },
      "geometry": {
        "type": "LineString",
        "coordinates": [
          [
            -103.2330235,
            20.4966819
          ],
          [
            -103.2328515,
            20.4964649
          ]
        ]
      },
      "id": "way/1233400612"
    },
    {
      "type": "Feature",
      "properties": {
        "@id": "way/1235010303",
        "bridge": "yes",
        "electrified": "no",
        "gauge": "1435",
        "layer": "1",
        "name": "Línea I",
        "operator": "Ferromex",
        "operator:wikidata": "Q977145",
        "railway": "rail",
        "usage": "main"
      },
      "geometry": {
        "type": "LineString",
        "coordinates": [
          [
            -103.1895697,
            20.4431486
          ],
          [
            -103.1894426,
            20.4430675
          ]
        ]
      },
      "id": "way/1235010303"
    },
    {
      "type": "Feature",
      "properties": {
        "@id": "way/1235010304",
        "electrified": "no",
        "gauge": "1435",
        "name": "Línea I",
        "operator": "Ferromex",
        "operator:wikidata": "Q977145",
        "railway": "rail",
        "usage": "main"
      },
      "geometry": {
        "type": "LineString",
        "coordinates": [
          [
            -103.2161849,
            20.4754415
          ],
          [
            -103.2156636,
            20.4748086
          ],
          [
            -103.2150131,
            20.4739587
          ],
          [
            -103.2119554,
            20.4700965
          ],
          [
            -103.2080148,
            20.4651132
          ],
          [
            -103.2075869,
            20.4645754
          ],
          [
            -103.206417,
            20.4631002
          ],
          [
            -103.2057175,
            20.462217
          ],
          [
            -103.1999827,
            20.4549766
          ],
          [
            -103.1998077,
            20.4547686
          ],
          [
            -103.1995723,
            20.454496
          ],
          [
            -103.1992579,
            20.454114
          ],
          [
            -103.1985933,
            20.4532237
          ],
          [
            -103.1982185,
            20.4527399
          ],
          [
            -103.1955735,
            20.4493978
          ],
          [
            -103.1941883,
            20.4476515
          ],
          [
            -103.1937741,
            20.4470985
          ],
          [
            -103.1934106,
            20.4466147
          ]
        ]
      },
      "id": "way/1235010304"
    },
    {
      "type": "Feature",
      "properties": {
        "@id": "way/1235010315",
        "electrified": "no",
        "gauge": "1435",
        "operator": "Ferromex",
        "operator:wikidata": "Q977145",
        "railway": "rail",
        "service": "crossover"
      },
      "geometry": {
        "type": "LineString",
        "coordinates": [
          [
            -103.2168863,
            20.4763253
          ],
          [
            -103.2167717,
            20.4761658
          ],
          [
            -103.2165953,
            20.4758922
          ],
          [
            -103.2165175,
            20.4757823
          ]
        ]
      },
      "id": "way/1235010315"
    },
    {
      "type": "Feature",
      "properties": {
        "@id": "way/1235010327",
        "bridge": "yes",
        "electrified": "no",
        "gauge": "1435",
        "layer": "1",
        "name": "Línea I",
        "operator": "Ferromex",
        "operator:wikidata": "Q977145",
        "railway": "rail",
        "usage": "main"
      },
      "geometry": {
        "type": "LineString",
        "coordinates": [
          [
            -103.2162403,
            20.4755113
          ],
          [
            -103.2161849,
            20.4754415
          ]
        ]
      },
      "id": "way/1235010327"
    },
    {
      "type": "Feature",
      "properties": {
        "@id": "way/1235010328",
        "electrified": "no",
        "gauge": "1435",
        "name": "Línea I",
        "operator": "Ferromex",
        "operator:wikidata": "Q977145",
        "railway": "rail",
        "usage": "main"
      },
      "geometry": {
        "type": "LineString",
        "coordinates": [
          [
            -103.2328515,
            20.4964649
          ],
          [
            -103.2327635,
            20.4963535
          ],
          [
            -103.2319506,
            20.4953293
          ],
          [
            -103.2295707,
            20.4923246
          ],
          [
            -103.2295051,
            20.492242
          ],
          [
            -103.2281319,
            20.4905105
          ],
          [
            -103.2281019,
            20.4904728
          ],
          [
            -103.227426,
            20.4896193
          ],
          [
            -103.2259621,
            20.4877754
          ],
          [
            -103.2249887,
            20.4865452
          ],
          [
            -103.2245813,
            20.4860308
          ],
          [
            -103.2206933,
            20.4811249
          ],
          [
            -103.2168863,
            20.4763253
          ],
          [
            -103.2162403,
            20.4755113
          ]
        ]
      },
      "id": "way/1235010328"
    },
    {
      "type": "Feature",
      "properties": {
        "@id": "way/1235335096",
        "bridge": "yes",
        "electrified": "no",
        "gauge": "1435",
        "layer": "1",
        "name": "Línea I",
        "operator": "Ferromex",
        "operator:wikidata": "Q977145",
        "railway": "rail",
        "usage": "main"
      },
      "geometry": {
        "type": "LineString",
        "coordinates": [
          [
            -102.8887834,
            20.3762861
          ],
          [
            -102.8885078,
            20.3762572
          ]
        ]
      },
      "id": "way/1235335096"
    },
    {
      "type": "Feature",
      "properties": {
        "@id": "way/1235335097",
        "electrified": "no",
        "gauge": "1435",
        "name": "Línea I",
        "operator": "Ferromex",
        "operator:wikidata": "Q977145",
        "railway": "rail",
        "usage": "main"
      },
      "geometry": {
        "type": "LineString",
        "coordinates": [
          [
            -102.9052777,
            20.3788678
          ],
          [
            -102.9015569,
            20.3778023
          ],
          [
            -102.9005299,
            20.377567
          ],
          [
            -102.8992349,
            20.3773918
          ],
          [
            -102.8921794,
            20.376653
          ],
          [
            -102.8887834,
            20.3762861
          ]
        ]
      },
      "id": "way/1235335097"
    },
    {
      "type": "Feature",
      "properties": {
        "@id": "way/1235335098",
        "electrified": "no",
        "gauge": "1435",
        "name": "Línea I",
        "operator": "Ferromex",
        "operator:wikidata": "Q977145",
        "railway": "rail",
        "usage": "main"
      },
      "geometry": {
        "type": "LineString",
        "coordinates": [
          [
            -102.9328079,
            20.3856198
          ],
          [
            -102.9326352,
            20.3856102
          ]
        ]
      },
      "id": "way/1235335098"
    },
    {
      "type": "Feature",
      "properties": {
        "@id": "way/1235335099",
        "electrified": "no",
        "gauge": "1435",
        "name": "Línea I",
        "operator": "Ferromex",
        "operator:wikidata": "Q977145",
        "railway": "rail",
        "usage": "main"
      },
      "geometry": {
        "type": "LineString",
        "coordinates": [
          [
            -102.9326352,
            20.3856102
          ],
          [
            -102.9289836,
            20.3854063
          ],
          [
            -102.9285913,
            20.3853653
          ],
          [
            -102.9281769,
            20.3852863
          ],
          [
            -102.9277841,
            20.3851926
          ],
          [
            -102.924561,
            20.3842881
          ],
          [
            -102.9202808,
            20.3830888
          ],
          [
            -102.9100528,
            20.3801896
          ],
          [
            -102.9099575,
            20.3801626
          ]
        ]
      },
      "id": "way/1235335099"
    },
    {
      "type": "Feature",
      "properties": {
        "@id": "way/1235335101",
        "bridge": "yes",
        "electrified": "no",
        "gauge": "1435",
        "layer": "1",
        "name": "Línea I",
        "operator": "Ferromex",
        "operator:wikidata": "Q977145",
        "railway": "rail",
        "usage": "main"
      },
      "geometry": {
        "type": "LineString",
        "coordinates": [
          [
            -102.9330573,
            20.3856393
          ],
          [
            -102.9328079,
            20.3856198
          ]
        ]
      },
      "id": "way/1235335101"
    },
    {
      "type": "Feature",
      "properties": {
        "@id": "way/1235335102",
        "electrified": "no",
        "gauge": "1435",
        "name": "Línea I",
        "operator": "Ferromex",
        "operator:wikidata": "Q977145",
        "railway": "rail",
        "usage": "main"
      },
      "geometry": {
        "type": "LineString",
        "coordinates": [
          [
            -103.0253777,
            20.404883
          ],
          [
            -103.0219879,
            20.4045346
          ],
          [
            -103.0137135,
            20.4037045
          ],
          [
            -103.0127736,
            20.4035831
          ],
          [
            -103.0118569,
            20.4034147
          ],
          [
            -103.0071302,
            20.4023319
          ],
          [
            -103.0017959,
            20.4011099
          ],
          [
            -102.9832237,
            20.3968957
          ],
          [
            -102.9668426,
            20.39315
          ],
          [
            -102.9492606,
            20.3891448
          ],
          [
            -102.9424977,
            20.3875925
          ],
          [
            -102.937814,
            20.3865174
          ],
          [
            -102.9349134,
            20.3858619
          ],
          [
            -102.9341608,
            20.3857355
          ],
          [
            -102.9334154,
            20.3856651
          ],
          [
            -102.9330573,
            20.3856393
          ]
        ]
      },
      "id": "way/1235335102"
    },
    {
      "type": "Feature",
      "properties": {
        "@id": "way/1235335112",
        "electrified": "no",
        "gauge": "1435",
        "name": "Línea I",
        "operator": "Ferromex",
        "operator:wikidata": "Q977145",
        "railway": "rail",
        "usage": "main"
      },
      "geometry": {
        "type": "LineString",
        "coordinates": [
          [
            -103.1934106,
            20.4466147
          ],
          [
            -103.1931163,
            20.4462371
          ],
          [
            -103.1929406,
            20.4460191
          ],
          [
            -103.1927354,
            20.4457709
          ],
          [
            -103.1925101,
            20.445507
          ],
          [
            -103.1922787,
            20.4452538
          ],
          [
            -103.1920702,
            20.4450364
          ],
          [
            -103.1918409,
            20.4448165
          ],
          [
            -103.1916119,
            20.4446107
          ],
          [
            -103.1913836,
            20.4444191
          ],
          [
            -103.1911837,
            20.4442585
          ],
          [
            -103.1909507,
            20.4440867
          ],
          [
            -103.1907244,
            20.4439249
          ],
          [
            -103.1905149,
            20.4437785
          ],
          [
            -103.19031,
            20.4436359
          ],
          [
            -103.1895697,
            20.4431486
          ]
        ]
      },
      "id": "way/1235335112"
    },
    {
      "type": "Feature",
      "properties": {
        "@id": "way/1236110210",
        "bridge": "yes",
        "electrified": "no",
        "gauge": "1435",
        "layer": "1",
        "name": "Línea I",
        "operator": "Ferromex",
        "operator:wikidata": "Q977145",
        "railway": "rail",
        "usage": "main"
      },
      "geometry": {
        "type": "LineString",
        "coordinates": [
          [
            -102.8517845,
            20.3723153
          ],
          [
            -102.8516851,
            20.3723046
          ]
        ]
      },
      "id": "way/1236110210"
    },
    {
      "type": "Feature",
      "properties": {
        "@id": "way/1236110211",
        "electrified": "no",
        "gauge": "1435",
        "name": "Línea I",
        "operator": "Ferromex",
        "operator:wikidata": "Q977145",
        "railway": "rail",
        "usage": "main"
      },
      "geometry": {
        "type": "LineString",
        "coordinates": [
          [
            -102.8885078,
            20.3762572
          ],
          [
            -102.887505,
            20.3761495
          ],
          [
            -102.8828849,
            20.3756547
          ],
          [
            -102.8810104,
            20.375454
          ],
          [
            -102.8775014,
            20.375083
          ],
          [
            -102.870772,
            20.3743566
          ],
          [
            -102.864121,
            20.3736273
          ],
          [
            -102.8633278,
            20.3735415
          ],
          [
            -102.8625359,
            20.3734715
          ],
          [
            -102.8615929,
            20.3733694
          ],
          [
            -102.8517845,
            20.3723153
          ]
        ]
      },
      "id": "way/1236110211"
    },
    {
      "type": "Feature",
      "properties": {
        "@id": "way/1236110216",
        "bridge": "yes",
        "electrified": "no",
        "gauge": "1435",
        "layer": "1",
        "name": "Línea I",
        "operator": "Ferromex",
        "operator:wikidata": "Q977145",
        "railway": "rail",
        "usage": "main"
      },
      "geometry": {
        "type": "LineString",
        "coordinates": [
          [
            -102.9053622,
            20.3788914
          ],
          [
            -102.9052777,
            20.3788678
          ]
        ]
      },
      "id": "way/1236110216"
    },
    {
      "type": "Feature",
      "properties": {
        "@id": "way/1236110217",
        "electrified": "no",
        "gauge": "1435",
        "name": "Línea I",
        "operator": "Ferromex",
        "operator:wikidata": "Q977145",
        "railway": "rail",
        "usage": "main"
      },
      "geometry": {
        "type": "LineString",
        "coordinates": [
          [
            -102.9075678,
            20.3795078
          ],
          [
            -102.9053622,
            20.3788914
          ]
        ]
      },
      "id": "way/1236110217"
    },
    {
      "type": "Feature",
      "properties": {
        "@id": "way/1236110218",
        "bridge": "yes",
        "electrified": "no",
        "gauge": "1435",
        "layer": "1",
        "name": "Línea I",
        "operator": "Ferromex",
        "operator:wikidata": "Q977145",
        "railway": "rail",
        "usage": "main"
      },
      "geometry": {
        "type": "LineString",
        "coordinates": [
          [
            -102.9077512,
            20.3795581
          ],
          [
            -102.9075678,
            20.3795078
          ]
        ]
      },
      "id": "way/1236110218"
    },
    {
      "type": "Feature",
      "properties": {
        "@id": "way/1236110219",
        "electrified": "no",
        "gauge": "1435",
        "name": "Línea I",
        "operator": "Ferromex",
        "operator:wikidata": "Q977145",
        "railway": "rail",
        "usage": "main"
      },
      "geometry": {
        "type": "LineString",
        "coordinates": [
          [
            -102.9099575,
            20.3801626
          ],
          [
            -102.9077512,
            20.3795581
          ]
        ]
      },
      "id": "way/1236110219"
    },
    {
      "type": "Feature",
      "properties": {
        "@id": "way/1253669218",
        "electrified": "no",
        "gauge": "1435",
        "operator": "Ferromex",
        "operator:wikidata": "Q977145",
        "railway": "rail",
        "service": "crossover"
      },
      "geometry": {
        "type": "LineString",
        "coordinates": [
          [
            -103.3398395,
            20.613951
          ],
          [
            -103.3398157,
            20.6141432
          ],
          [
            -103.3397691,
            20.6144125
          ],
          [
            -103.3397472,
            20.6146084
          ]
        ]
      },
      "id": "way/1253669218"
    },
    {
      "type": "Feature",
      "properties": {
        "@id": "way/1254204017",
        "electrified": "no",
        "gauge": "1435",
        "operator": "Ferromex",
        "operator:wikidata": "Q977145",
        "railway": "rail",
        "service": "crossover"
      },
      "geometry": {
        "type": "LineString",
        "coordinates": [
          [
            -103.3258223,
            20.6278731
          ],
          [
            -103.3253656,
            20.6274248
          ]
        ]
      },
      "id": "way/1254204017"
    },
    {
      "type": "Feature",
      "properties": {
        "@id": "way/1254204018",
        "electrified": "no",
        "gauge": "1435",
        "name": "Línea I",
        "operator": "Ferromex",
        "operator:wikidata": "Q977145",
        "railway": "rail",
        "usage": "main"
      },
      "geometry": {
        "type": "LineString",
        "coordinates": [
          [
            -103.3262618,
            20.6284291
          ],
          [
            -103.3258915,
            20.6279529
          ]
        ]
      },
      "id": "way/1254204018"
    },
    {
      "type": "Feature",
      "properties": {
        "@id": "way/1254204019",
        "electrified": "no",
        "gauge": "1435",
        "operator": "Ferromex",
        "operator:wikidata": "Q977145",
        "railway": "rail",
        "service": "crossover"
      },
      "geometry": {
        "type": "LineString",
        "coordinates": [
          [
            -103.3399251,
            20.6119056
          ],
          [
            -103.3399214,
            20.6120094
          ],
          [
            -103.3399223,
            20.6120665
          ],
          [
            -103.3399387,
            20.6123131
          ],
          [
            -103.3399404,
            20.6123636
          ],
          [
            -103.3399366,
            20.612467
          ]
        ]
      },
      "id": "way/1254204019"
    },
    {
      "type": "Feature",
      "properties": {
        "@id": "way/1254502461",
        "electrified": "no",
        "gauge": "1435",
        "operator": "Ferromex",
        "operator:wikidata": "Q977145",
        "railway": "rail",
        "service": "crossover"
      },
      "geometry": {
        "type": "LineString",
        "coordinates": [
          [
            -103.3573982,
            20.6583955
          ],
          [
            -103.3572782,
            20.65833
          ],
          [
            -103.3569959,
            20.6581584
          ],
          [
            -103.3568561,
            20.6580799
          ]
        ]
      },
      "id": "way/1254502461"
    },
    {
      "type": "Feature",
      "properties": {
        "@id": "way/1254502465",
        "electrified": "no",
        "gauge": "1435",
        "name": "Línea I",
        "operator": "Ferromex",
        "operator:wikidata": "Q977145",
        "railway": "rail",
        "usage": "main"
      },
      "geometry": {
        "type": "LineString",
        "coordinates": [
          [
            -103.3479745,
            20.6533523
          ],
          [
            -103.3478751,
            20.6532365
          ]
        ]
      },
      "id": "way/1254502465"
    },
    {
      "type": "Feature",
      "properties": {
        "@id": "way/1254507179",
        "electrified": "no",
        "gauge": "1435",
        "name": "Línea T",
        "operator": "Ferromex",
        "operator:wikidata": "Q977145",
        "railway": "rail",
        "usage": "main"
      },
      "geometry": {
        "type": "LineString",
        "coordinates": [
          [
            -103.4466279,
            20.6943525
          ],
          [
            -103.4470162,
            20.6945645
          ],
          [
            -103.4473246,
            20.6947752
          ],
          [
            -103.447621,
            20.6949979
          ],
          [
            -103.4478659,
            20.69521
          ]
        ]
      },
      "id": "way/1254507179"
    },
    {
      "type": "Feature",
      "properties": {
        "@id": "way/1254507180",
        "electrified": "no",
        "gauge": "1435",
        "name": "Línea T",
        "operator": "Ferromex",
        "operator:wikidata": "Q977145",
        "railway": "rail",
        "usage": "main"
      },
      "geometry": {
        "type": "LineString",
        "coordinates": [
          [
            -103.427346,
            20.6856771
          ],
          [
            -103.4274189,
            20.68571
          ],
          [
            -103.4275849,
            20.6857848
          ],
          [
            -103.4280943,
            20.6860141
          ],
          [
            -103.4462518,
            20.694168
          ],
          [
            -103.4466279,
            20.6943525
          ]
        ]
      },
      "id": "way/1254507180"
    },
    {
      "type": "Feature",
      "properties": {
        "@id": "way/1254507182",
        "bridge": "yes",
        "electrified": "no",
        "gauge": "1435",
        "layer": "1",
        "name": "Línea T",
        "operator": "Ferromex",
        "operator:wikidata": "Q977145",
        "railway": "rail",
        "usage": "main"
      },
      "geometry": {
        "type": "LineString",
        "coordinates": [
          [
            -103.4271929,
            20.6856079
          ],
          [
            -103.427346,
            20.6856771
          ]
        ]
      },
      "id": "way/1254507182"
    },
    {
      "type": "Feature",
      "properties": {
        "@id": "way/1254507183",
        "electrified": "no",
        "gauge": "1435",
        "name": "Línea T",
        "operator": "Ferromex",
        "operator:wikidata": "Q977145",
        "railway": "rail",
        "usage": "main"
      },
      "geometry": {
        "type": "LineString",
        "coordinates": [
          [
            -103.3899538,
            20.6707432
          ],
          [
            -103.3899848,
            20.6707554
          ],
          [
            -103.3909974,
            20.6711485
          ],
          [
            -103.393158,
            20.6719889
          ],
          [
            -103.3931604,
            20.6719898
          ],
          [
            -103.3945436,
            20.6725136
          ],
          [
            -103.3958801,
            20.6730194
          ],
          [
            -103.396396,
            20.6732147
          ],
          [
            -103.39765,
            20.6736893
          ],
          [
            -103.3977004,
            20.6737082
          ],
          [
            -103.3980466,
            20.6738383
          ],
          [
            -103.4026159,
            20.6755716
          ],
          [
            -103.4040501,
            20.6761385
          ],
          [
            -103.4045226,
            20.6763188
          ],
          [
            -103.4077861,
            20.6775571
          ],
          [
            -103.4097938,
            20.6783077
          ],
          [
            -103.4115431,
            20.678971
          ],
          [
            -103.412881,
            20.6794754
          ],
          [
            -103.4133051,
            20.6796353
          ],
          [
            -103.4198145,
            20.6821162
          ],
          [
            -103.4208042,
            20.6825002
          ]
        ]
      },
      "id": "way/1254507183"
    },
    {
      "type": "Feature",
      "properties": {
        "@id": "way/1254507187",
        "bridge": "yes",
        "electrified": "no",
        "gauge": "1435",
        "layer": "1",
        "name": "Línea T",
        "operator": "Ferromex",
        "operator:wikidata": "Q977145",
        "railway": "rail",
        "usage": "main"
      },
      "geometry": {
        "type": "LineString",
        "coordinates": [
          [
            -103.389768,
            20.6706703
          ],
          [
            -103.3899538,
            20.6707432
          ]
        ]
      },
      "id": "way/1254507187"
    },
    {
      "type": "Feature",
      "properties": {
        "@id": "way/1254507188",
        "electrified": "no",
        "gauge": "1435",
        "name": "Línea T",
        "operator": "Ferromex",
        "operator:wikidata": "Q977145",
        "railway": "rail",
        "usage": "main"
      },
      "geometry": {
        "type": "LineString",
        "coordinates": [
          [
            -103.3794432,
            20.6667398
          ],
          [
            -103.3837087,
            20.668392
          ],
          [
            -103.3846387,
            20.6687411
          ],
          [
            -103.3847087,
            20.6687729
          ],
          [
            -103.3847904,
            20.668804
          ],
          [
            -103.384807,
            20.6688102
          ],
          [
            -103.3897257,
            20.6706536
          ],
          [
            -103.389768,
            20.6706703
          ]
        ]
      },
      "id": "way/1254507188"
    },
    {
      "type": "Feature",
      "properties": {
        "@id": "way/1254509395",
        "electrified": "no",
        "gauge": "1435",
        "name": "Línea T",
        "operator": "Ferromex",
        "operator:wikidata": "Q977145",
        "railway": "rail",
        "usage": "main"
      },
      "geometry": {
        "type": "LineString",
        "coordinates": [
          [
            -103.4210282,
            20.6825849
          ],
          [
            -103.4232581,
            20.6834179
          ],
          [
            -103.423659,
            20.6835751
          ],
          [
            -103.4239963,
            20.683723
          ],
          [
            -103.4242928,
            20.683875
          ],
          [
            -103.4245729,
            20.6840424
          ],
          [
            -103.4257511,
            20.6848837
          ],
          [
            -103.4260114,
            20.6850454
          ],
          [
            -103.4263014,
            20.6852008
          ],
          [
            -103.4271517,
            20.6855893
          ],
          [
            -103.4271929,
            20.6856079
          ]
        ]
      },
      "id": "way/1254509395"
    },
    {
      "type": "Feature",
      "properties": {
        "@id": "way/1254509396",
        "bridge": "yes",
        "electrified": "no",
        "gauge": "1435",
        "layer": "1",
        "name": "Línea T",
        "operator": "Ferromex",
        "operator:wikidata": "Q977145",
        "railway": "rail",
        "usage": "main"
      },
      "geometry": {
        "type": "LineString",
        "coordinates": [
          [
            -103.4208042,
            20.6825002
          ],
          [
            -103.4210282,
            20.6825849
          ]
        ]
      },
      "id": "way/1254509396"
    },
    {
      "type": "Feature",
      "properties": {
        "@id": "way/1257687844",
        "bridge": "yes",
        "electrified": "no",
        "gauge": "1435",
        "layer": "1",
        "name": "Línea I",
        "operator": "Ferromex",
        "operator:wikidata": "Q977145",
        "railway": "rail",
        "usage": "main"
      },
      "geometry": {
        "type": "LineString",
        "coordinates": [
          [
            -103.1225903,
            20.4035509
          ],
          [
            -103.1225173,
            20.4035233
          ]
        ]
      },
      "id": "way/1257687844"
    },
    {
      "type": "Feature",
      "properties": {
        "@id": "way/1257687845",
        "electrified": "no",
        "gauge": "1435",
        "name": "Línea I",
        "operator": "Ferromex",
        "operator:wikidata": "Q977145",
        "railway": "rail",
        "usage": "main"
      },
      "geometry": {
        "type": "LineString",
        "coordinates": [
          [
            -103.1894426,
            20.4430675
          ],
          [
            -103.1853523,
            20.4404577
          ],
          [
            -103.170991,
            20.4312003
          ],
          [
            -103.154222,
            20.4203985
          ],
          [
            -103.1540201,
            20.4202683
          ],
          [
            -103.1539622,
            20.420231
          ],
          [
            -103.1538823,
            20.4201798
          ],
          [
            -103.151886,
            20.4188876
          ],
          [
            -103.1474388,
            20.4160334
          ],
          [
            -103.1460824,
            20.4151629
          ],
          [
            -103.1402713,
            20.4114277
          ],
          [
            -103.1370145,
            20.4093139
          ],
          [
            -103.1364995,
            20.409006
          ],
          [
            -103.1359725,
            20.4087263
          ],
          [
            -103.1354709,
            20.4085057
          ],
          [
            -103.1349036,
            20.4082707
          ],
          [
            -103.1265241,
            20.4050479
          ],
          [
            -103.1225903,
            20.4035509
          ]
        ]
      },
      "id": "way/1257687845"
    },
    {
      "type": "Feature",
      "properties": {
        "@id": "way/1285644836",
        "electrified": "no",
        "gauge": "1435",
        "name": "Línea I",
        "operator": "Ferromex",
        "operator:wikidata": "Q977145",
        "railway": "rail",
        "usage": "main"
      },
      "geometry": {
        "type": "LineString",
        "coordinates": [
          [
            -103.3653755,
            20.5595565
          ],
          [
            -103.3658206,
            20.5587855
          ],
          [
            -103.3692654,
            20.5530704
          ],
          [
            -103.3730585,
            20.5467493
          ],
          [
            -103.3775973,
            20.5392125
          ],
          [
            -103.3776111,
            20.5391897
          ]
        ]
      },
      "id": "way/1285644836"
    },
    {
      "type": "Feature",
      "properties": {
        "@id": "way/1285644837",
        "bridge": "yes",
        "electrified": "no",
        "gauge": "1435",
        "layer": "1",
        "name": "Línea I",
        "operator": "Ferromex",
        "operator:wikidata": "Q977145",
        "railway": "rail",
        "usage": "main"
      },
      "geometry": {
        "type": "LineString",
        "coordinates": [
          [
            -103.3790244,
            20.536851
          ],
          [
            -103.3790668,
            20.5367825
          ]
        ]
      },
      "id": "way/1285644837"
    },
    {
      "type": "Feature",
      "properties": {
        "@id": "way/1285644838",
        "electrified": "contact_line",
        "frequency": "0",
        "gauge": "1435",
        "name": "Linea 4 del Tren Eléctrico Urbano de Guadalajara",
        "operator": "SITEUR",
        "operator:wikidata": "Q2309232",
        "railway": "light_rail",
        "voltage": "750"
      },
      "geometry": {
        "type": "LineString",
        "coordinates": [
          [
            -103.3410807,
            20.6064625
          ],
          [
            -103.3412619,
            20.6058724
          ],
          [
            -103.3427594,
            20.5998034
          ],
          [
            -103.34285,
            20.5994454
          ],
          [
            -103.3429222,
            20.5990859
          ],
          [
            -103.3430651,
            20.5984438
          ],
          [
            -103.3438224,
            20.5945664
          ],
          [
            -103.3441448,
            20.5928758
          ],
          [
            -103.3442007,
            20.592578
          ],
          [
            -103.3442534,
            20.5923601
          ],
          [
            -103.3442992,
            20.5921921
          ],
          [
            -103.3443409,
            20.59204
          ],
          [
            -103.3444069,
            20.5918387
          ],
          [
            -103.3445047,
            20.5915626
          ],
          [
            -103.3446248,
            20.5912575
          ],
          [
            -103.344716,
            20.5910482
          ],
          [
            -103.3448771,
            20.5907311
          ],
          [
            -103.3450495,
            20.5904151
          ],
          [
            -103.3452928,
            20.5900364
          ],
          [
            -103.3454291,
            20.589848
          ],
          [
            -103.3459534,
            20.5891407
          ],
          [
            -103.3462198,
            20.5887595
          ],
          [
            -103.346547,
            20.5882967
          ],
          [
            -103.3468401,
            20.5878978
          ],
          [
            -103.3484617,
            20.5855592
          ],
          [
            -103.3497271,
            20.5837829
          ],
          [
            -103.3510157,
            20.5819844
          ],
          [
            -103.3510916,
            20.5818744
          ],
          [
            -103.3529918,
            20.5792018
          ],
          [
            -103.3547623,
            20.5766774
          ],
          [
            -103.3553238,
            20.575914
          ]
        ]
      },
      "id": "way/1285644838"
    },
    {
      "type": "Feature",
      "properties": {
        "@id": "way/1285644839",
        "bridge": "yes",
        "electrified": "contact_line",
        "frequency": "0",
        "gauge": "1435",
        "layer": "1",
        "name": "Linea 4 del Tren Eléctrico Urbano de Guadalajara",
        "operator": "SITEUR",
        "operator:wikidata": "Q2309232",
        "railway": "light_rail",
        "voltage": "750"
      },
      "geometry": {
        "type": "LineString",
        "coordinates": [
          [
            -103.379125,
            20.5368711
          ],
          [
            -103.3791665,
            20.5368022
          ]
        ]
      },
      "id": "way/1285644839"
    },
    {
      "type": "Feature",
      "properties": {
        "@id": "way/1285644840",
        "electrified": "contact_line",
        "frequency": "0",
        "gauge": "1435",
        "name": "Linea 4 del Tren Eléctrico Urbano de Guadalajara",
        "operator": "SITEUR",
        "operator:wikidata": "Q2309232",
        "railway": "light_rail",
        "voltage": "750"
      },
      "geometry": {
        "type": "LineString",
        "coordinates": [
          [
            -103.3552572,
            20.5758848
          ],
          [
            -103.3547219,
            20.5766635
          ],
          [
            -103.3529554,
            20.5791791
          ],
          [
            -103.351053,
            20.581856
          ],
          [
            -103.3509731,
            20.5819638
          ],
          [
            -103.3497015,
            20.5837572
          ],
          [
            -103.3484277,
            20.5855458
          ],
          [
            -103.346779,
            20.5878554
          ],
          [
            -103.3464929,
            20.5882665
          ],
          [
            -103.3461585,
            20.5887286
          ],
          [
            -103.3458869,
            20.5891434
          ],
          [
            -103.3453914,
            20.5898346
          ],
          [
            -103.3452643,
            20.5900112
          ],
          [
            -103.3450157,
            20.5904034
          ],
          [
            -103.3448359,
            20.5907245
          ],
          [
            -103.34469,
            20.5910349
          ],
          [
            -103.3445947,
            20.5912516
          ],
          [
            -103.3444691,
            20.5915595
          ],
          [
            -103.3443703,
            20.5918372
          ],
          [
            -103.3443091,
            20.5920343
          ],
          [
            -103.3442638,
            20.5921846
          ],
          [
            -103.3442201,
            20.5923533
          ],
          [
            -103.344167,
            20.5925734
          ],
          [
            -103.3441047,
            20.5928679
          ],
          [
            -103.3437812,
            20.5945617
          ],
          [
            -103.3430121,
            20.5984401
          ],
          [
            -103.3428757,
            20.5990804
          ],
          [
            -103.3428053,
            20.599447
          ],
          [
            -103.3427106,
            20.5998134
          ],
          [
            -103.342325,
            20.6013569
          ],
          [
            -103.3412253,
            20.6058602
          ],
          [
            -103.3410807,
            20.6064625
          ]
        ]
      },
      "id": "way/1285644840"
    },
    {
      "type": "Feature",
      "properties": {
        "@id": "way/1285644841",
        "bridge": "yes",
        "electrified": "contact_line",
        "frequency": "0",
        "gauge": "1435",
        "layer": "1",
        "name": "Linea 4 del Tren Eléctrico Urbano de Guadalajara",
        "operator": "SITEUR",
        "operator:wikidata": "Q2309232",
        "railway": "light_rail",
        "voltage": "750"
      },
      "geometry": {
        "type": "LineString",
        "coordinates": [
          [
            -103.3791103,
            20.5367911
          ],
          [
            -103.3790705,
            20.5368602
          ]
        ]
      },
      "id": "way/1285644841"
    },
    {
      "type": "Feature",
      "properties": {
        "@id": "way/1285657760",
        "electrified": "no",
        "gauge": "1435",
        "name": "Línea I",
        "operator": "Ferromex",
        "operator:wikidata": "Q977145",
        "railway": "rail",
        "usage": "main"
      },
      "geometry": {
        "type": "LineString",
        "coordinates": [
          [
            -103.3776652,
            20.5391001
          ],
          [
            -103.3790244,
            20.536851
          ]
        ]
      },
      "id": "way/1285657760"
    },
    {
      "type": "Feature",
      "properties": {
        "@id": "way/1285657761",
        "bridge": "yes",
        "electrified": "no",
        "gauge": "1435",
        "layer": "1",
        "name": "Línea I",
        "operator": "Ferromex",
        "operator:wikidata": "Q977145",
        "railway": "rail",
        "usage": "main"
      },
      "geometry": {
        "type": "LineString",
        "coordinates": [
          [
            -103.3776111,
            20.5391897
          ],
          [
            -103.3776652,
            20.5391001
          ]
        ]
      },
      "id": "way/1285657761"
    },
    {
      "type": "Feature",
      "properties": {
        "@id": "way/1285657762",
        "electrified": "contact_line",
        "frequency": "0",
        "gauge": "1435",
        "name": "Linea 4 del Tren Eléctrico Urbano de Guadalajara",
        "operator": "SITEUR",
        "operator:wikidata": "Q2309232",
        "railway": "light_rail",
        "voltage": "750"
      },
      "geometry": {
        "type": "LineString",
        "coordinates": [
          [
            -103.3790705,
            20.5368602
          ],
          [
            -103.37771,
            20.5391211
          ]
        ]
      },
      "id": "way/1285657762"
    },
    {
      "type": "Feature",
      "properties": {
        "@id": "way/1285657763",
        "electrified": "contact_line",
        "frequency": "0",
        "gauge": "1435",
        "name": "Linea 4 del Tren Eléctrico Urbano de Guadalajara",
        "operator": "SITEUR",
        "operator:wikidata": "Q2309232",
        "railway": "light_rail",
        "voltage": "750"
      },
      "geometry": {
        "type": "LineString",
        "coordinates": [
          [
            -103.3777585,
            20.5391413
          ],
          [
            -103.379125,
            20.5368711
          ]
        ]
      },
      "id": "way/1285657763"
    },
    {
      "type": "Feature",
      "properties": {
        "@id": "way/1285657764",
        "bridge": "yes",
        "electrified": "contact_line",
        "frequency": "0",
        "gauge": "1435",
        "layer": "1",
        "name": "Linea 4 del Tren Eléctrico Urbano de Guadalajara",
        "operator": "SITEUR",
        "operator:wikidata": "Q2309232",
        "railway": "light_rail",
        "voltage": "750"
      },
      "geometry": {
        "type": "LineString",
        "coordinates": [
          [
            -103.3777061,
            20.5392283
          ],
          [
            -103.3777585,
            20.5391413
          ]
        ]
      },
      "id": "way/1285657764"
    },
    {
      "type": "Feature",
      "properties": {
        "@id": "way/1285657765",
        "bridge": "yes",
        "electrified": "contact_line",
        "frequency": "0",
        "gauge": "1435",
        "layer": "1",
        "name": "Linea 4 del Tren Eléctrico Urbano de Guadalajara",
        "operator": "SITEUR",
        "operator:wikidata": "Q2309232",
        "railway": "light_rail",
        "voltage": "750"
      },
      "geometry": {
        "type": "LineString",
        "coordinates": [
          [
            -103.37771,
            20.5391211
          ],
          [
            -103.3776573,
            20.5392086
          ]
        ]
      },
      "id": "way/1285657765"
    },
    {
      "type": "Feature",
      "properties": {
        "@id": "way/1290143238",
        "bridge": "yes",
        "electrified": "no",
        "gauge": "1435",
        "layer": "1",
        "name": "Línea T",
        "operator": "Ferromex",
        "operator:wikidata": "Q977145",
        "railway": "rail",
        "usage": "main"
      },
      "geometry": {
        "type": "LineString",
        "coordinates": [
          [
            -103.4781086,
            20.7173758
          ],
          [
            -103.4782994,
            20.7174357
          ]
        ]
      },
      "id": "way/1290143238"
    },
    {
      "type": "Feature",
      "properties": {
        "@id": "way/1290143239",
        "electrified": "no",
        "gauge": "1435",
        "name": "Línea T",
        "operator": "Ferromex",
        "operator:wikidata": "Q977145",
        "railway": "rail",
        "usage": "main"
      },
      "geometry": {
        "type": "LineString",
        "coordinates": [
          [
            -103.4478659,
            20.69521
          ],
          [
            -103.4489185,
            20.6961735
          ],
          [
            -103.4492639,
            20.6964896
          ],
          [
            -103.4520156,
            20.6990733
          ],
          [
            -103.4520821,
            20.6991332
          ],
          [
            -103.4524673,
            20.6994803
          ],
          [
            -103.4525108,
            20.6995195
          ],
          [
            -103.4525352,
            20.6995415
          ],
          [
            -103.4528905,
            20.6998672
          ],
          [
            -103.453504,
            20.7004169
          ],
          [
            -103.4559037,
            20.7026374
          ],
          [
            -103.4585934,
            20.7051286
          ],
          [
            -103.4590827,
            20.7055803
          ],
          [
            -103.4592026,
            20.7056913
          ],
          [
            -103.4619863,
            20.7082669
          ],
          [
            -103.4621456,
            20.7084145
          ],
          [
            -103.463379,
            20.7095571
          ],
          [
            -103.4640764,
            20.7102
          ],
          [
            -103.4647813,
            20.7108369
          ],
          [
            -103.4672467,
            20.7131147
          ],
          [
            -103.4676075,
            20.7134151
          ],
          [
            -103.4679874,
            20.7136955
          ],
          [
            -103.4683753,
            20.7139605
          ],
          [
            -103.4687739,
            20.7142108
          ],
          [
            -103.4691823,
            20.7144478
          ],
          [
            -103.4696,
            20.7146645
          ],
          [
            -103.4700322,
            20.7148594
          ],
          [
            -103.4704734,
            20.7150387
          ],
          [
            -103.4709194,
            20.7151989
          ],
          [
            -103.4713734,
            20.7153461
          ],
          [
            -103.473912,
            20.7161184
          ],
          [
            -103.4781086,
            20.7173758
          ]
        ]
      },
      "id": "way/1290143239"
    },
    {
      "type": "Feature",
      "properties": {
        "@id": "way/1324600316",
        "construction:railway": "light_rail",
        "electrified": "contact_line",
        "gauge": "1435",
        "operator": "SITEUR",
        "operator:wikidata": "Q2309232",
        "railway": "light_rail",
        "service": "crossover"
      },
      "geometry": {
        "type": "LineString",
        "coordinates": [
          [
            -103.4358563,
            20.4688028
          ],
          [
            -103.435117,
            20.4689685
          ]
        ]
      },
      "id": "way/1324600316"
    },
    {
      "type": "Feature",
      "properties": {
        "@id": "way/1324600321",
        "electrified": "rail",
        "frequency": "0",
        "gauge": "1435",
        "name": "Linea 4 del Tren Eléctrico Urbano de Guadalajara",
        "operator": "SITEUR",
        "operator:wikidata": "Q2309232",
        "railway": "light_rail",
        "voltage": "750"
      },
      "geometry": {
        "type": "LineString",
        "coordinates": [
          [
            -103.4215442,
            20.4665873
          ],
          [
            -103.4244645,
            20.4654064
          ],
          [
            -103.4248026,
            20.4653153
          ],
          [
            -103.4251482,
            20.4652524
          ],
          [
            -103.4255427,
            20.4652127
          ],
          [
            -103.4259668,
            20.4652311
          ],
          [
            -103.426308,
            20.4652879
          ],
          [
            -103.42664,
            20.4653649
          ],
          [
            -103.4269444,
            20.4654611
          ],
          [
            -103.4272292,
            20.4655814
          ],
          [
            -103.4276837,
            20.4658593
          ],
          [
            -103.4280989,
            20.4661587
          ],
          [
            -103.430501,
            20.4680462
          ],
          [
            -103.4307927,
            20.4682655
          ],
          [
            -103.4310583,
            20.4684276
          ],
          [
            -103.4313311,
            20.4685674
          ],
          [
            -103.4315953,
            20.4686924
          ],
          [
            -103.4321954,
            20.468908
          ],
          [
            -103.4326543,
            20.46908
          ],
          [
            -103.4331271,
            20.4692206
          ],
          [
            -103.4335238,
            20.469306
          ],
          [
            -103.4338959,
            20.4693179
          ],
          [
            -103.4343034,
            20.4692726
          ],
          [
            -103.434658,
            20.4691986
          ],
          [
            -103.4358563,
            20.4688028
          ]
        ]
      },
      "id": "way/1324600321"
    },
    {
      "type": "Feature",
      "properties": {
        "@id": "way/1324600322",
        "bridge": "yes",
        "electrified": "rail",
        "frequency": "0",
        "gauge": "1435",
        "layer": "1",
        "name": "Linea 4 del Tren Eléctrico Urbano de Guadalajara",
        "operator": "SITEUR",
        "operator:wikidata": "Q2309232",
        "railway": "light_rail",
        "voltage": "750"
      },
      "geometry": {
        "type": "LineString",
        "coordinates": [
          [
            -103.4200296,
            20.4671963
          ],
          [
            -103.4215442,
            20.4665873
          ]
        ]
      },
      "id": "way/1324600322"
    },
    {
      "type": "Feature",
      "properties": {
        "@id": "way/1324600323",
        "electrified": "rail",
        "frequency": "0",
        "gauge": "1435",
        "name": "Linea 4 del Tren Eléctrico Urbano de Guadalajara",
        "operator": "SITEUR",
        "operator:wikidata": "Q2309232",
        "railway": "light_rail",
        "voltage": "750"
      },
      "geometry": {
        "type": "LineString",
        "coordinates": [
          [
            -103.435117,
            20.4689685
          ],
          [
            -103.4346222,
            20.4691318
          ],
          [
            -103.4343058,
            20.469201
          ],
          [
            -103.433907,
            20.4692448
          ],
          [
            -103.433549,
            20.4692424
          ],
          [
            -103.4331317,
            20.4691709
          ],
          [
            -103.4326587,
            20.4690245
          ],
          [
            -103.4322198,
            20.4688651
          ],
          [
            -103.4317293,
            20.4686901
          ],
          [
            -103.4314,
            20.4685536
          ],
          [
            -103.4311059,
            20.4684066
          ],
          [
            -103.4308074,
            20.4682367
          ],
          [
            -103.4305324,
            20.4680236
          ],
          [
            -103.4281348,
            20.4661273
          ],
          [
            -103.4277057,
            20.4658094
          ],
          [
            -103.427241,
            20.4655343
          ],
          [
            -103.4269488,
            20.4654048
          ],
          [
            -103.426638,
            20.4653113
          ],
          [
            -103.426313,
            20.4652392
          ],
          [
            -103.4259666,
            20.4651857
          ],
          [
            -103.4255376,
            20.4651711
          ],
          [
            -103.4251427,
            20.4652031
          ],
          [
            -103.4247807,
            20.4652645
          ],
          [
            -103.4244505,
            20.4653581
          ],
          [
            -103.4214943,
            20.4665629
          ]
        ]
      },
      "id": "way/1324600323"
    },
    {
      "type": "Feature",
      "properties": {
        "@id": "way/1324600324",
        "electrified": "no",
        "gauge": "1435",
        "name": "Línea I",
        "operator": "Ferromex",
        "operator:wikidata": "Q977145",
        "railway": "rail",
        "usage": "main"
      },
      "geometry": {
        "type": "LineString",
        "coordinates": [
          [
            -103.3790668,
            20.5367825
          ],
          [
            -103.3800951,
            20.5350824
          ],
          [
            -103.3825642,
            20.5309486
          ],
          [
            -103.3826866,
            20.5307472
          ],
          [
            -103.3845733,
            20.5276277
          ],
          [
            -103.3847239,
            20.5273669
          ],
          [
            -103.3850613,
            20.5268388
          ],
          [
            -103.3853292,
            20.5264906
          ],
          [
            -103.38554,
            20.5262445
          ],
          [
            -103.3859084,
            20.5258787
          ],
          [
            -103.3862398,
            20.5256041
          ],
          [
            -103.3883416,
            20.5239568
          ],
          [
            -103.3893758,
            20.5231428
          ],
          [
            -103.3897055,
            20.5228328
          ],
          [
            -103.3900842,
            20.522401
          ],
          [
            -103.3904297,
            20.5218694
          ],
          [
            -103.3905836,
            20.5215429
          ],
          [
            -103.3908107,
            20.5210256
          ],
          [
            -103.390933,
            20.5204107
          ],
          [
            -103.391465,
            20.5171565
          ],
          [
            -103.3920905,
            20.5130876
          ],
          [
            -103.3922753,
            20.511759
          ],
          [
            -103.3924591,
            20.5106797
          ],
          [
            -103.3925539,
            20.5101232
          ],
          [
            -103.3926149,
            20.509774
          ],
          [
            -103.3926901,
            20.5094603
          ],
          [
            -103.392811,
            20.509024
          ],
          [
            -103.3934159,
            20.5074052
          ],
          [
            -103.3944184,
            20.5049214
          ],
          [
            -103.3965438,
            20.4995759
          ],
          [
            -103.3990435,
            20.4931807
          ],
          [
            -103.3993314,
            20.4925411
          ],
          [
            -103.3995968,
            20.4920477
          ],
          [
            -103.3999427,
            20.4914695
          ],
          [
            -103.4002351,
            20.4910403
          ],
          [
            -103.4008318,
            20.4903398
          ],
          [
            -103.403502,
            20.4873801
          ],
          [
            -103.4035641,
            20.4873206
          ],
          [
            -103.4062667,
            20.4843508
          ],
          [
            -103.4064588,
            20.4841021
          ],
          [
            -103.4066311,
            20.4838408
          ],
          [
            -103.4067922,
            20.4835266
          ],
          [
            -103.4069279,
            20.4831813
          ],
          [
            -103.4070172,
            20.4828585
          ],
          [
            -103.4070613,
            20.4825698
          ],
          [
            -103.4070786,
            20.4822575
          ],
          [
            -103.4070492,
            20.4817791
          ],
          [
            -103.4067632,
            20.4800486
          ],
          [
            -103.4067292,
            20.4796231
          ],
          [
            -103.4067193,
            20.47912
          ],
          [
            -103.4067448,
            20.4787881
          ],
          [
            -103.406771,
            20.4784594
          ],
          [
            -103.4073052,
            20.4738678
          ],
          [
            -103.4073456,
            20.4736288
          ],
          [
            -103.4073919,
            20.4734003
          ],
          [
            -103.4075763,
            20.4728931
          ],
          [
            -103.4076899,
            20.4726819
          ],
          [
            -103.4078762,
            20.4724243
          ],
          [
            -103.4080895,
            20.4721961
          ],
          [
            -103.4084926,
            20.4718632
          ],
          [
            -103.408781,
            20.4717047
          ],
          [
            -103.4090553,
            20.4715718
          ],
          [
            -103.4167673,
            20.4684176
          ],
          [
            -103.4195141,
            20.4673111
          ]
        ]
      },
      "id": "way/1324600324"
    },
    {
      "type": "Feature",
      "properties": {
        "@id": "way/1324600325",
        "bridge": "yes",
        "electrified": "no",
        "gauge": "1435",
        "layer": "1",
        "name": "Línea I",
        "operator": "Ferromex",
        "operator:wikidata": "Q977145",
        "railway": "rail",
        "usage": "main"
      },
      "geometry": {
        "type": "LineString",
        "coordinates": [
          [
            -103.4199267,
            20.467139
          ],
          [
            -103.4214427,
            20.4665361
          ]
        ]
      },
      "id": "way/1324600325"
    },
    {
      "type": "Feature",
      "properties": {
        "@id": "way/1324600326",
        "bridge": "yes",
        "electrified": "rail",
        "frequency": "0",
        "gauge": "1435",
        "layer": "1",
        "name": "Linea 4 del Tren Eléctrico Urbano de Guadalajara",
        "operator": "SITEUR",
        "operator:wikidata": "Q2309232",
        "railway": "light_rail",
        "voltage": "750"
      },
      "geometry": {
        "type": "LineString",
        "coordinates": [
          [
            -103.4214943,
            20.4665629
          ],
          [
            -103.4199757,
            20.4671724
          ]
        ]
      },
      "id": "way/1324600326"
    },
    {
      "type": "Feature",
      "properties": {
        "@id": "way/1324600337",
        "electrified": "contact_line",
        "frequency": "0",
        "gauge": "1435",
        "name": "Linea 4 del Tren Eléctrico Urbano de Guadalajara",
        "operator": "SITEUR",
        "operator:wikidata": "Q2309232",
        "railway": "light_rail",
        "voltage": "750"
      },
      "geometry": {
        "type": "LineString",
        "coordinates": [
          [
            -103.3776573,
            20.5392086
          ],
          [
            -103.377643,
            20.5392324
          ],
          [
            -103.3693316,
            20.5530959
          ],
          [
            -103.3684303,
            20.5545774
          ],
          [
            -103.36784,
            20.5555623
          ],
          [
            -103.3673607,
            20.5563403
          ],
          [
            -103.3660006,
            20.5586112
          ],
          [
            -103.3658842,
            20.5588219
          ],
          [
            -103.3657023,
            20.5591046
          ],
          [
            -103.3654785,
            20.5594755
          ],
          [
            -103.3652573,
            20.5598422
          ],
          [
            -103.3649179,
            20.5604335
          ],
          [
            -103.3643483,
            20.5613938
          ],
          [
            -103.3635051,
            20.5627787
          ]
        ]
      },
      "id": "way/1324600337"
    },
    {
      "type": "Feature",
      "properties": {
        "@id": "way/1324600338",
        "electrified": "contact_line",
        "frequency": "0",
        "gauge": "1435",
        "name": "Linea 4 del Tren Eléctrico Urbano de Guadalajara",
        "operator": "SITEUR",
        "operator:wikidata": "Q2309232",
        "railway": "light_rail",
        "voltage": "750"
      },
      "geometry": {
        "type": "LineString",
        "coordinates": [
          [
            -103.3635328,
            20.5628185
          ],
          [
            -103.3649552,
            20.5604636
          ],
          [
            -103.3653263,
            20.5598794
          ],
          [
            -103.3655473,
            20.5595119
          ],
          [
            -103.36577,
            20.5591415
          ],
          [
            -103.3659305,
            20.5588481
          ],
          [
            -103.3660392,
            20.5586629
          ],
          [
            -103.3666645,
            20.5576873
          ],
          [
            -103.3674487,
            20.5563682
          ],
          [
            -103.3679199,
            20.5556124
          ],
          [
            -103.3684292,
            20.5547367
          ],
          [
            -103.3686646,
            20.554309
          ],
          [
            -103.3693894,
            20.5531209
          ],
          [
            -103.3776922,
            20.5392514
          ],
          [
            -103.3777061,
            20.5392283
          ]
        ]
      },
      "id": "way/1324600338"
    },
    {
      "type": "Feature",
      "properties": {
        "@id": "way/1324600339",
        "bridge": "yes",
        "electrified": "contact_line",
        "frequency": "0",
        "gauge": "1435",
        "layer": "1",
        "name": "Linea 4 del Tren Eléctrico Urbano de Guadalajara",
        "operator": "SITEUR",
        "operator:wikidata": "Q2309232",
        "railway": "light_rail",
        "voltage": "750"
      },
      "geometry": {
        "type": "LineString",
        "coordinates": [
          [
            -103.3633788,
            20.5630671
          ],
          [
            -103.3635328,
            20.5628185
          ]
        ]
      },
      "id": "way/1324600339"
    },
    {
      "type": "Feature",
      "properties": {
        "@id": "way/1324600340",
        "bridge": "yes",
        "electrified": "contact_line",
        "frequency": "0",
        "gauge": "1435",
        "layer": "1",
        "name": "Linea 4 del Tren Eléctrico Urbano de Guadalajara",
        "operator": "SITEUR",
        "operator:wikidata": "Q2309232",
        "railway": "light_rail",
        "voltage": "750"
      },
      "geometry": {
        "type": "LineString",
        "coordinates": [
          [
            -103.3635051,
            20.5627787
          ],
          [
            -103.3633504,
            20.5630363
          ]
        ]
      },
      "id": "way/1324600340"
    },
    {
      "type": "Feature",
      "properties": {
        "@id": "way/1347407392",
        "electrified": "contact_line",
        "frequency": "0",
        "gauge": "1435",
        "name": "Linea 4 del Tren Eléctrico Urbano de Guadalajara",
        "operator": "SITEUR",
        "operator:wikidata": "Q2309232",
        "railway": "light_rail",
        "voltage": "750"
      },
      "geometry": {
        "type": "LineString",
        "coordinates": [
          [
            -103.3633504,
            20.5630363
          ],
          [
            -103.3610688,
            20.56684
          ],
          [
            -103.3579644,
            20.5719072
          ],
          [
            -103.3576011,
            20.5724998
          ],
          [
            -103.3573613,
            20.5728885
          ],
          [
            -103.3572638,
            20.57303
          ],
          [
            -103.3565458,
            20.5740824
          ],
          [
            -103.3558959,
            20.5749884
          ],
          [
            -103.3552572,
            20.5758848
          ]
        ]
      },
      "id": "way/1347407392"
    },
    {
      "type": "Feature",
      "properties": {
        "@id": "way/1347407393",
        "electrified": "contact_line",
        "frequency": "0",
        "gauge": "1435",
        "name": "Linea 4 del Tren Eléctrico Urbano de Guadalajara",
        "operator": "SITEUR",
        "operator:wikidata": "Q2309232",
        "railway": "light_rail",
        "voltage": "750"
      },
      "geometry": {
        "type": "LineString",
        "coordinates": [
          [
            -103.3553238,
            20.575914
          ],
          [
            -103.3559654,
            20.5750292
          ],
          [
            -103.3566167,
            20.5741018
          ],
          [
            -103.357319,
            20.5730466
          ],
          [
            -103.3574148,
            20.5728947
          ],
          [
            -103.3576343,
            20.5725182
          ],
          [
            -103.358,
            20.5719161
          ],
          [
            -103.3611036,
            20.566858
          ],
          [
            -103.3633788,
            20.5630671
          ]
        ]
      },
      "id": "way/1347407393"
    },
    {
      "type": "Feature",
      "properties": {
        "@id": "way/1371155050",
        "electrified": "contact_line",
        "frequency": "0",
        "gauge": "1435",
        "layer": "-2",
        "level": "-1",
        "name": "Línea 1 del Tren Eléctrico Urbano",
        "operator": "SITEUR",
        "railway": "light_rail",
        "tunnel": "yes",
        "usage": "main",
        "voltage": "750"
      },
      "geometry": {
        "type": "LineString",
        "coordinates": [
          [
            -103.3505916,
            20.7358692
          ],
          [
            -103.3508152,
            20.7353356
          ]
        ]
      },
      "id": "way/1371155050"
    },
    {
      "type": "Feature",
      "properties": {
        "@id": "way/1371155051",
        "electrified": "contact_line",
        "frequency": "0",
        "gauge": "1435",
        "layer": "-2",
        "level": "-1",
        "name": "Línea 1 del Tren Eléctrico Urbano",
        "operator": "SITEUR",
        "railway": "light_rail",
        "tunnel": "yes",
        "usage": "main",
        "voltage": "750"
      },
      "geometry": {
        "type": "LineString",
        "coordinates": [
          [
            -103.3507878,
            20.7353303
          ],
          [
            -103.3505549,
            20.7358609
          ]
        ]
      },
      "id": "way/1371155051"
    },
    {
      "type": "Feature",
      "properties": {
        "@id": "way/1371155052",
        "electrified": "contact_line",
        "frequency": "0",
        "gauge": "1435",
        "layer": "-1",
        "name": "Línea 1 del Tren Eléctrico Urbano",
        "operator": "SITEUR",
        "railway": "light_rail",
        "usage": "main",
        "voltage": "750"
      },
      "geometry": {
        "type": "LineString",
        "coordinates": [
          [
            -103.400406,
            20.6079777
          ],
          [
            -103.4008775,
            20.6073931
          ]
        ]
      },
      "id": "way/1371155052"
    },
    {
      "type": "Feature",
      "properties": {
        "@id": "way/1371155053",
        "electrified": "contact_line",
        "frequency": "0",
        "gauge": "1435",
        "layer": "-1",
        "name": "Línea 1 del Tren Eléctrico Urbano",
        "operator": "SITEUR",
        "railway": "light_rail",
        "usage": "main",
        "voltage": "750"
      },
      "geometry": {
        "type": "LineString",
        "coordinates": [
          [
            -103.4008435,
            20.6073747
          ],
          [
            -103.4011364,
            20.6069994
          ]
        ]
      },
      "id": "way/1371155053"
    },
    {
      "type": "Feature",
      "properties": {
        "@id": "way/1386294207",
        "electrified": "contact_line",
        "embankment": "yes",
        "frequency": "0",
        "gauge": "1435",
        "name": "Linea 3 del Tren Eléctrico Urbano",
        "operator": "Sistema de Tren Eléctrico Urbano",
        "operator:wikidata": "Q2309232",
        "railway": "subway",
        "railway:ballastless": "yes",
        "usage": "main",
        "voltage": "1500"
      },
      "geometry": {
        "type": "LineString",
        "coordinates": [
          [
            -103.3534407,
            20.698389
          ],
          [
            -103.352403,
            20.697716
          ]
        ]
      },
      "id": "way/1386294207"
    },
    {
      "type": "Feature",
      "properties": {
        "@id": "way/1386294208",
        "electrified": "contact_line",
        "embankment": "yes",
        "frequency": "0",
        "gauge": "1435",
        "name": "Linea 3 del Tren Eléctrico Urbano",
        "operator": "Sistema de Tren Eléctrico Urbano",
        "operator:wikidata": "Q2309232",
        "railway": "subway",
        "railway:ballastless": "yes",
        "usage": "main",
        "voltage": "1500"
      },
      "geometry": {
        "type": "LineString",
        "coordinates": [
          [
            -103.3523745,
            20.6977511
          ],
          [
            -103.3534123,
            20.6984251
          ]
        ]
      },
      "id": "way/1386294208"
    },
    {
      "type": "Feature",
      "properties": {
        "@id": "way/1386294840",
        "electrified": "contact_line",
        "embankment": "yes",
        "frequency": "0",
        "gauge": "1435",
        "name": "Linea 3 del Tren Eléctrico Urbano",
        "operator": "Sistema de Tren Eléctrico Urbano",
        "operator:wikidata": "Q2309232",
        "railway": "subway",
        "railway:ballastless": "yes",
        "usage": "main",
        "voltage": "1500"
      },
      "geometry": {
        "type": "LineString",
        "coordinates": [
          [
            -103.3274975,
            20.6618499
          ],
          [
            -103.3270333,
            20.6615629
          ]
        ]
      },
      "id": "way/1386294840"
    },
    {
      "type": "Feature",
      "properties": {
        "@id": "way/1386294841",
        "electrified": "contact_line",
        "embankment": "yes",
        "frequency": "0",
        "gauge": "1435",
        "name": "Linea 3 del Tren Eléctrico Urbano",
        "operator": "Sistema de Tren Eléctrico Urbano",
        "operator:wikidata": "Q2309232",
        "railway": "subway",
        "railway:ballastless": "yes",
        "usage": "main",
        "voltage": "1500"
      },
      "geometry": {
        "type": "LineString",
        "coordinates": [
          [
            -103.3270073,
            20.6616028
          ],
          [
            -103.3274704,
            20.6618913
          ]
        ]
      },
      "id": "way/1386294841"
    },
    {
      "type": "Feature",
      "properties": {
        "@id": "way/1386674822",
        "cutting": "yes",
        "electrified": "contact_line",
        "frequency": "0",
        "gauge": "1435",
        "name": "Línea 1 del Tren Eléctrico Urbano",
        "operator": "SITEUR",
        "railway": "light_rail",
        "usage": "main",
        "voltage": "750"
      },
      "geometry": {
        "type": "LineString",
        "coordinates": [
          [
            -103.3531611,
            20.7252715
          ],
          [
            -103.3531943,
            20.7264865
          ]
        ]
      },
      "id": "way/1386674822"
    },
    {
      "type": "Feature",
      "properties": {
        "@id": "way/1386674823",
        "cutting": "yes",
        "electrified": "contact_line",
        "frequency": "0",
        "gauge": "1435",
        "name": "Línea 1 del Tren Eléctrico Urbano",
        "operator": "SITEUR",
        "railway": "light_rail",
        "usage": "main",
        "voltage": "750"
      },
      "geometry": {
        "type": "LineString",
        "coordinates": [
          [
            -103.3532342,
            20.7264866
          ],
          [
            -103.3531973,
            20.7252803
          ]
        ]
      },
      "id": "way/1386674823"
    },
    {
      "type": "Feature",
      "properties": {
        "@id": "way/1386674824",
        "cutting": "yes",
        "electrified": "contact_line",
        "frequency": "0",
        "gauge": "1435",
        "name": "Línea 1 del Tren Eléctrico Urbano",
        "operator": "SITEUR",
        "railway": "light_rail",
        "usage": "main",
        "voltage": "750"
      },
      "geometry": {
        "type": "LineString",
        "coordinates": [
          [
            -103.3531214,
            20.7235175
          ],
          [
            -103.3531533,
            20.7249893
          ]
        ]
      },
      "id": "way/1386674824"
    },
    {
      "type": "Feature",
      "properties": {
        "@id": "way/1386674825",
        "cutting": "yes",
        "electrified": "contact_line",
        "frequency": "0",
        "gauge": "1435",
        "name": "Línea 1 del Tren Eléctrico Urbano",
        "operator": "SITEUR",
        "railway": "light_rail",
        "usage": "main",
        "voltage": "750"
      },
      "geometry": {
        "type": "LineString",
        "coordinates": [
          [
            -103.3531923,
            20.7249995
          ],
          [
            -103.3531653,
            20.7235163
          ]
        ]
      },
      "id": "way/1386674825"
    },
    {
      "type": "Feature",
      "properties": {
        "@id": "way/1386675748",
        "cutting": "yes",
        "electrified": "contact_line",
        "frequency": "0",
        "gauge": "1435",
        "incline": "up",
        "name": "Línea 1 del Tren Eléctrico Urbano",
        "operator": "SITEUR",
        "railway": "light_rail",
        "usage": "main",
        "voltage": "750"
      },
      "geometry": {
        "type": "LineString",
        "coordinates": [
          [
            -103.3597046,
            20.6590395
          ],
          [
            -103.3598352,
            20.6589235
          ],
          [
            -103.3608172,
            20.6578083
          ]
        ]
      },
      "id": "way/1386675748"
    },
    {
      "type": "Feature",
      "properties": {
        "@id": "way/1386675749",
        "cutting": "yes",
        "electrified": "contact_line",
        "frequency": "0",
        "gauge": "1435",
        "incline": "down",
        "name": "Línea 1 del Tren Eléctrico Urbano",
        "operator": "SITEUR",
        "railway": "light_rail",
        "usage": "main",
        "voltage": "750"
      },
      "geometry": {
        "type": "LineString",
        "coordinates": [
          [
            -103.360782,
            20.6577821
          ],
          [
            -103.3597913,
            20.6589044
          ],
          [
            -103.3596632,
            20.6590224
          ]
        ]
      },
      "id": "way/1386675749"
    },
    {
      "type": "Feature",
      "properties": {
        "@id": "way/1386676221",
        "electrified": "contact_line",
        "frequency": "0",
        "gauge": "1435",
        "name": "Línea 1 del Tren Eléctrico Urbano",
        "operator": "SITEUR",
        "railway": "light_rail",
        "service": "crossover",
        "voltage": "750"
      },
      "geometry": {
        "type": "LineString",
        "coordinates": [
          [
            -103.3628025,
            20.6553825
          ],
          [
            -103.3625626,
            20.6557368
          ]
        ]
      },
      "id": "way/1386676221"
    },
    {
      "type": "Feature",
      "properties": {
        "@id": "way/1386676222",
        "electrified": "contact_line",
        "frequency": "0",
        "gauge": "1435",
        "name": "Línea 1 del Tren Eléctrico Urbano",
        "operator": "SITEUR",
        "railway": "light_rail",
        "service": "crossover",
        "voltage": "750"
      },
      "geometry": {
        "type": "LineString",
        "coordinates": [
          [
            -103.3624351,
            20.6558936
          ],
          [
            -103.3621337,
            20.6562091
          ]
        ]
      },
      "id": "way/1386676222"
    },
    {
      "type": "Feature",
      "properties": {
        "@id": "way/1386676788",
        "cutting": "yes",
        "electrified": "contact_line",
        "frequency": "0",
        "gauge": "1435",
        "name": "Línea 1 del Tren Eléctrico Urbano",
        "operator": "SITEUR",
        "railway": "light_rail",
        "usage": "main",
        "voltage": "750"
      },
      "geometry": {
        "type": "LineString",
        "coordinates": [
          [
            -103.3653384,
            20.6522658
          ],
          [
            -103.3664668,
            20.6508717
          ]
        ]
      },
      "id": "way/1386676788"
    },
    {
      "type": "Feature",
      "properties": {
        "@id": "way/1386676789",
        "cutting": "yes",
        "electrified": "contact_line",
        "frequency": "0",
        "gauge": "1435",
        "incline": "up",
        "name": "Línea 1 del Tren Eléctrico Urbano",
        "operator": "SITEUR",
        "railway": "light_rail",
        "usage": "main",
        "voltage": "750"
      },
      "geometry": {
        "type": "LineString",
        "coordinates": [
          [
            -103.3664355,
            20.650849
          ],
          [
            -103.3653032,
            20.6522427
          ]
        ]
      },
      "id": "way/1386676789"
    },
    {
      "type": "Feature",
      "properties": {
        "@id": "way/1386676790",
        "cutting": "yes",
        "electrified": "contact_line",
        "frequency": "0",
        "gauge": "1435",
        "incline": "up",
        "name": "Línea 1 del Tren Eléctrico Urbano",
        "operator": "SITEUR",
        "railway": "light_rail",
        "usage": "main",
        "voltage": "750"
      },
      "geometry": {
        "type": "LineString",
        "coordinates": [
          [
            -103.3686853,
            20.6480434
          ],
          [
            -103.3674587,
            20.6496319
          ]
        ]
      },
      "id": "way/1386676790"
    },
    {
      "type": "Feature",
      "properties": {
        "@id": "way/1386676791",
        "cutting": "yes",
        "electrified": "contact_line",
        "frequency": "0",
        "gauge": "1435",
        "incline": "down",
        "name": "Línea 1 del Tren Eléctrico Urbano",
        "operator": "SITEUR",
        "railway": "light_rail",
        "usage": "main",
        "voltage": "750"
      },
      "geometry": {
        "type": "LineString",
        "coordinates": [
          [
            -103.3686513,
            20.6480255
          ],
          [
            -103.3674242,
            20.6496105
          ]
        ]
      },
      "id": "way/1386676791"
    },
    {
      "type": "Feature",
      "properties": {
        "@id": "way/1386677648",
        "electrified": "contact_line",
        "frequency": "0",
        "gauge": "1435",
        "name": "Línea 1 del Tren Eléctrico Urbano",
        "operator": "SITEUR",
        "railway": "light_rail",
        "usage": "main",
        "voltage": "750"
      },
      "geometry": {
        "type": "LineString",
        "coordinates": [
          [
            -103.4000614,
            20.6083461
          ],
          [
            -103.3999483,
            20.6084865
          ],
          [
            -103.398694,
            20.6100181
          ],
          [
            -103.3963352,
            20.6129171
          ],
          [
            -103.3962698,
            20.6129973
          ],
          [
            -103.3961815,
            20.6131057
          ],
          [
            -103.396087,
            20.6132192
          ],
          [
            -103.3955956,
            20.6138082
          ],
          [
            -103.390917,
            20.6195367
          ],
          [
            -103.3899352,
            20.6207513
          ],
          [
            -103.3898366,
            20.6208744
          ],
          [
            -103.3897016,
            20.6210441
          ],
          [
            -103.38925,
            20.6215876
          ],
          [
            -103.3889406,
            20.6219682
          ],
          [
            -103.3869548,
            20.6243872
          ]
        ]
      },
      "id": "way/1386677648"
    },
    {
      "type": "Feature",
      "properties": {
        "@id": "way/1386677649",
        "covered": "yes",
        "electrified": "contact_line",
        "frequency": "0",
        "gauge": "1435",
        "name": "Línea 1 del Tren Eléctrico Urbano",
        "operator": "SITEUR",
        "railway": "light_rail",
        "usage": "main",
        "voltage": "750"
      },
      "geometry": {
        "type": "LineString",
        "coordinates": [
          [
            -103.3869548,
            20.6243872
          ],
          [
            -103.3867763,
            20.6246088
          ]
        ]
      },
      "id": "way/1386677649"
    },
    {
      "type": "Feature",
      "properties": {
        "@id": "way/1386677650",
        "electrified": "contact_line",
        "frequency": "0",
        "gauge": "1435",
        "name": "Línea 1 del Tren Eléctrico Urbano",
        "operator": "SITEUR",
        "railway": "light_rail",
        "usage": "main",
        "voltage": "750"
      },
      "geometry": {
        "type": "LineString",
        "coordinates": [
          [
            -103.400406,
            20.6079777
          ],
          [
            -103.3963659,
            20.612939
          ],
          [
            -103.3962991,
            20.6130183
          ],
          [
            -103.3962094,
            20.6131245
          ],
          [
            -103.396113,
            20.6132411
          ],
          [
            -103.3956266,
            20.6138289
          ],
          [
            -103.3899674,
            20.6207701
          ],
          [
            -103.3898675,
            20.6208918
          ],
          [
            -103.3897301,
            20.6210636
          ],
          [
            -103.389569,
            20.621255
          ],
          [
            -103.389282,
            20.6216074
          ],
          [
            -103.3889789,
            20.6219822
          ],
          [
            -103.3869935,
            20.6244163
          ]
        ]
      },
      "id": "way/1386677650"
    },
    {
      "type": "Feature",
      "properties": {
        "@id": "way/1386677651",
        "covered": "yes",
        "electrified": "contact_line",
        "frequency": "0",
        "gauge": "1435",
        "name": "Línea 1 del Tren Eléctrico Urbano",
        "operator": "SITEUR",
        "railway": "light_rail",
        "usage": "main",
        "voltage": "750"
      },
      "geometry": {
        "type": "LineString",
        "coordinates": [
          [
            -103.3869935,
            20.6244163
          ],
          [
            -103.3868111,
            20.624629
          ]
        ]
      },
      "id": "way/1386677651"
    },
    {
      "type": "Feature",
      "properties": {
        "@id": "way/1387467100",
        "electrified": "contact_line",
        "frequency": "0",
        "gauge": "1435",
        "operator": "SITEUR",
        "operator:wikidata": "Q2309232",
        "railway": "light_rail",
        "service": "crossover",
        "voltage": "750"
      },
      "geometry": {
        "type": "LineString",
        "coordinates": [
          [
            -103.3684303,
            20.5545774
          ],
          [
            -103.3682929,
            20.5548799
          ],
          [
            -103.3679199,
            20.5556124
          ]
        ]
      },
      "id": "way/1387467100"
    },
    {
      "type": "Feature",
      "properties": {
        "@id": "way/1459191396",
        "bridge": "yes",
        "electrified": "rail",
        "frequency": "0",
        "gauge": "1435",
        "layer": "1",
        "name": "Linea 4 del Tren Eléctrico Urbano de Guadalajara",
        "operator": "SITEUR",
        "operator:wikidata": "Q2309232",
        "railway": "light_rail",
        "voltage": "750"
      },
      "geometry": {
        "type": "LineString",
        "coordinates": [
          [
            -103.4195258,
            20.4673988
          ],
          [
            -103.4200296,
            20.4671963
          ]
        ]
      },
      "id": "way/1459191396"
    },
    {
      "type": "Feature",
      "properties": {
        "@id": "way/1459191397",
        "bridge": "yes",
        "electrified": "rail",
        "frequency": "0",
        "gauge": "1435",
        "layer": "1",
        "name": "Linea 4 del Tren Eléctrico Urbano de Guadalajara",
        "operator": "SITEUR",
        "operator:wikidata": "Q2309232",
        "railway": "light_rail",
        "voltage": "750"
      },
      "geometry": {
        "type": "LineString",
        "coordinates": [
          [
            -103.4199757,
            20.4671724
          ],
          [
            -103.4195216,
            20.4673547
          ]
        ]
      },
      "id": "way/1459191397"
    },
    {
      "type": "Feature",
      "properties": {
        "@id": "way/1459191398",
        "bridge": "yes",
        "electrified": "no",
        "gauge": "1435",
        "layer": "1",
        "name": "Línea I",
        "operator": "Ferromex",
        "operator:wikidata": "Q977145",
        "railway": "rail",
        "usage": "main"
      },
      "geometry": {
        "type": "LineString",
        "coordinates": [
          [
            -103.4195141,
            20.4673111
          ],
          [
            -103.4199267,
            20.467139
          ]
        ]
      },
      "id": "way/1459191398"
    },
    {
      "type": "Feature",
      "properties": {
        "@id": "way/1459723540",
        "electrified": "rail",
        "frequency": "0",
        "gauge": "1435",
        "name": "Linea 4 del Tren Eléctrico Urbano de Guadalajara",
        "operator": "SITEUR",
        "operator:wikidata": "Q2309232",
        "railway": "light_rail",
        "voltage": "750"
      },
      "geometry": {
        "type": "LineString",
        "coordinates": [
          [
            -103.4358563,
            20.4688028
          ],
          [
            -103.4365454,
            20.4685827
          ],
          [
            -103.4370874,
            20.4683986
          ]
        ]
      },
      "id": "way/1459723540"
    },
    {
      "type": "Feature",
      "properties": {
        "@id": "way/1459723541",
        "electrified": "rail",
        "frequency": "0",
        "gauge": "1435",
        "name": "Linea 4 del Tren Eléctrico Urbano de Guadalajara",
        "operator": "SITEUR",
        "operator:wikidata": "Q2309232",
        "railway": "light_rail",
        "voltage": "750"
      },
      "geometry": {
        "type": "LineString",
        "coordinates": [
          [
            -103.4370419,
            20.4683246
          ],
          [
            -103.4365163,
            20.4685004
          ],
          [
            -103.435117,
            20.4689685
          ]
        ]
      },
      "id": "way/1459723541"
    },
    {
      "type": "Feature",
      "properties": {
        "@id": "way/1459723542",
        "electrified": "contact_line",
        "frequency": "0",
        "gauge": "1435",
        "name": "Linea 4 del Tren Eléctrico Urbano de Guadalajara",
        "operator": "SITEUR",
        "operator:wikidata": "Q2309232",
        "railway": "light_rail",
        "voltage": "750"
      },
      "geometry": {
        "type": "LineString",
        "coordinates": [
          [
            -103.3410807,
            20.6064625
          ],
          [
            -103.3408296,
            20.6075127
          ],
          [
            -103.3406335,
            20.6083061
          ]
        ]
      },
      "id": "way/1459723542"
    },
    {
      "type": "Feature",
      "properties": {
        "@id": "node/4684717365",
        "name": "Estación La Capilla",
        "public_transport": "station",
        "railway": "station"
      },
      "geometry": {
        "type": "Point",
        "coordinates": [
          -103.1936189,
          20.4465211
        ]
      },
      "id": "node/4684717365"
    },
    {
      "type": "Feature",
      "properties": {
        "@id": "node/5205025157",
        "name": "Parada transporte público",
        "public_transport": "station"
      },
      "geometry": {
        "type": "Point",
        "coordinates": [
          -103.3233988,
          20.6590569
        ]
      },
      "id": "node/5205025157"
    },
    {
      "type": "Feature",
      "properties": {
        "@id": "node/7310312118",
        "name": "Via servicio CFE",
        "operator": "CFE",
        "power": "generator",
        "public_transport": "station",
        "tram": "yes"
      },
      "geometry": {
        "type": "Point",
        "coordinates": [
          -103.280622,
          20.7220501
        ]
      },
      "id": "node/7310312118"
    },
    {
      "type": "Feature",
      "properties": {
        "@id": "node/12757315248",
        "addr:city": "Guadalajara",
        "building": "yes",
        "building:levels": "2",
        "internet_access": "yes",
        "internet_access:fee": "no",
        "layer": "-1",
        "location": "underground",
        "name": "Independencia",
        "network": "Mi Tren",
        "nohousenumber": "yes",
        "operator": "SITEUR",
        "public_transport": "station",
        "railway": "station",
        "smoking": "no",
        "station": "subway",
        "subway": "yes",
        "wheelchair": "yes",
        "wikidata": "Q28171375",
        "wikipedia": "es:Estación Independencia (Guadalajara)"
      },
      "geometry": {
        "type": "Point",
        "coordinates": [
          -103.344699,
          20.6709675
        ]
      },
      "id": "node/12757315248"
    }
  ]
}