{"type":"FeatureCollection","features":[{"type":"Feature","geometry":{"type":"LineString","coordinates":[[-79.839253,43.241928],[-79.839839,43.242103],[-79.840262,43.242232],[-79.84117,43.242526],[-79.841672,43.242695],[-79.842062,43.242814],[-79.842349,43.242905],[-79.842695,43.243006],[-79.843506,43.243253],[-79.844058,43.243419],[-79.844472,43.243541],[-79.84511,43.243723],[-79.845506,43.243832],[-79.845728,43.243889],[-79.845998,43.243962],[-79.846285,43.244038],[-79.846808,43.244176],[-79.849363,43.244864],[-79.849793,43.24498],[-79.851524,43.245445],[-79.851817,43.245526],[-79.852901,43.24581],[-79.853042,43.245847],[-79.853173,43.245884],[-79.853558,43.245995],[-79.853668,43.246029],[-79.853903,43.2461],[-79.854192,43.246195],[-79.854434,43.246276],[-79.85472,43.246377],[-79.854974,43.24647],[-79.856322,43.246983],[-79.856514,43.247052],[-79.856688,43.247112],[-79.856903,43.247185],[-79.857202,43.247278],[-79.857524,43.247371],[-79.857793,43.247446],[-79.85899,43.247749]]},"properties":{"@id":"way/4835907","electrified":"no","gauge":"1435","maxspeed":"20 mph","name":"Hamilton Subdivision","operator":"Canadian Pacific Kansas City","operator:short":"CPKC","operator:wikidata":"Q117706368","operator:wikipedia":"en:Canadian Pacific Kansas City","owner":"CPKC","owner:wikidata":"Q117706368","railway":"rail","railway:traffic_mode":"freight","reporting_marks":"CPKC","usage":"main"},"id":"way/4835907"},{"type":"Feature","geometry":{"type":"LineString","coordinates":[[-79.890544,43.280965],[-79.890476,43.28056],[-79.890451,43.280426],[-79.890417,43.28028],[-79.890384,43.280147],[-79.890359,43.280065],[-79.890328,43.279964]]},"properties":{"@id":"way/4835972","electrified":"no","gauge":"1435","maxspeed":"30 mph","name":"Oakville Subdivision","operator":"Canadian National Railway;GO Transit;Amtrak;VIA Rail","operator:short":"CN","operator:wikidata":"Q624798","operator:wikipedia":"en:Canadian National Railway","owner":"Canadian National Railway","passenger":"yes","railway":"rail","railway:traffic_mode":"mixed","reporting_marks":"CN;GOT;AMTK;VIA","source":"Bing","usage":"main"},"id":"way/4835972"},{"type":"Feature","geometry":{"type":"LineString","coordinates":[[-79.803681,43.255766],[-79.804511,43.256075],[-79.804716,43.256154],[-79.80504,43.256275],[-79.805767,43.256551],[-79.806233,43.256729],[-79.807448,43.257186],[-79.807883,43.25734],[-79.808316,43.257484],[-79.808813,43.257641],[-79.809323,43.257791],[-79.810214,43.258053],[-79.81202,43.2586],[-79.813077,43.258919],[-79.813235,43.258968],[-79.813288,43.258983],[-79.813537,43.259056],[-79.816317,43.259892],[-79.81722,43.260163],[-79.817862,43.260357],[-79.818183,43.260455],[-79.819748,43.260924],[-79.822631,43.26179],[-79.82277,43.261832],[-79.82282,43.261847],[-79.823035,43.261916],[-79.825573,43.262678],[-79.82565,43.262701],[-79.825956,43.262791],[-79.827817,43.26335],[-79.8288,43.263642],[-79.828862,43.26366],[-79.829347,43.263804],[-79.829861,43.263943],[-79.830014,43.263984],[-79.830152,43.264019],[-79.830315,43.264058],[-79.830907,43.264198],[-79.832684,43.264587],[-79.832798,43.264613],[-79.834371,43.264973]]},"properties":{"@id":"way/4874802","electrified":"no","gauge":"1435","name":"N&NW Spur","operator":"Canadian National Railway","railway":"rail","railway:traffic_mode":"freight","reporting_marks":"CN","usage":"industrial"},"id":"way/4874802"},{"type":"Feature","geometry":{"type":"LineString","coordinates":[[-79.895341,43.287894],[-79.895145,43.287845],[-79.894978,43.2878],[-79.894823,43.287753],[-79.894681,43.287704],[-79.894518,43.287642],[-79.89437,43.28758],[-79.894208,43.287508],[-79.894056,43.287437],[-79.893823,43.287322],[-79.893658,43.287236],[-79.893504,43.287151],[-79.89332,43.287047],[-79.893135,43.286933],[-79.892977,43.286832],[-79.892812,43.286717],[-79.892637,43.286587],[-79.892455,43.286443],[-79.892304,43.286318],[-79.892153,43.28618],[-79.892006,43.286033],[-79.89188,43.285892],[-79.891773,43.285751],[-79.891669,43.285598],[-79.891587,43.285459],[-79.891496,43.28528],[-79.891441,43.285148],[-79.891412,43.285066],[-79.891386,43.284993],[-79.891347,43.284859],[-79.89133,43.284794],[-79.891311,43.284704],[-79.891284,43.284553],[-79.891263,43.284425],[-79.891217,43.284144],[-79.891187,43.283964],[-79.891152,43.283813],[-79.89112,43.283707],[-79.891074,43.283541],[-79.891036,43.283352]]},"properties":{"@id":"way/4899380","electrified":"no","gauge":"1435","operator":"Canadian National Railway","operator:short":"CN","operator:wikidata":"Q624798","operator:wikipedia":"en:Canadian National Railway","owner":"Canadian National Railway","railway":"rail","railway:traffic_mode":"freight","usage":"main"},"id":"way/4899380"},{"type":"Feature","geometry":{"type":"LineString","coordinates":[[-79.887814,43.29056],[-79.88802,43.290252],[-79.888129,43.290091],[-79.88824,43.289931],[-79.88835,43.289785],[-79.888489,43.289614],[-79.888637,43.289447],[-79.888818,43.289274],[-79.889008,43.28911],[-79.88917,43.288984],[-79.889335,43.288871],[-79.889526,43.288749],[-79.889731,43.288634],[-79.889957,43.288521],[-79.890181,43.288423],[-79.8904,43.288338],[-79.890635,43.288255],[-79.890922,43.288161],[-79.891198,43.288071],[-79.891626,43.287935],[-79.891804,43.287879],[-79.892023,43.287814],[-79.892221,43.28776],[-79.892411,43.287714],[-79.892603,43.287676],[-79.892828,43.287642],[-79.893051,43.287617],[-79.893251,43.287606],[-79.893483,43.287604],[-79.89372,43.287611],[-79.893951,43.287631],[-79.894202,43.287665],[-79.894479,43.287713],[-79.894766,43.28777],[-79.895059,43.287834],[-79.895341,43.287894],[-79.895492,43.287928],[-79.895847,43.288005],[-79.896084,43.288053],[-79.896371,43.288105],[-79.896709,43.288159]]},"properties":{"@id":"way/4899387","electrified":"no","gauge":"1435","maxspeed":"40 mph","name":"Dundas Subdivision","operator":"Canadian National Railway","operator:short":"CN","operator:wikidata":"Q624798","operator:wikipedia":"en:Canadian National Railway","owner":"Canadian National Railway","railway":"rail","railway:traffic_mode":"mixed","usage":"main"},"id":"way/4899387"},{"type":"Feature","geometry":{"type":"LineString","coordinates":[[-79.81252,43.258805],[-79.812701,43.25885],[-79.812774,43.25887],[-79.813062,43.258954],[-79.813172,43.258988],[-79.813313,43.259031],[-79.813456,43.259081],[-79.813614,43.259142],[-79.813783,43.259212],[-79.813958,43.259285],[-79.814094,43.259337],[-79.814207,43.259378],[-79.817821,43.260461],[-79.821827,43.261661],[-79.821985,43.261705],[-79.822133,43.261738],[-79.82231,43.261775],[-79.822532,43.261821],[-79.822755,43.261867],[-79.822806,43.261876],[-79.823035,43.261916],[-79.823209,43.261945],[-79.823349,43.261966],[-79.823501,43.261982],[-79.82364,43.261978],[-79.823793,43.261966],[-79.823951,43.261936],[-79.824113,43.261887],[-79.824259,43.26182],[-79.824379,43.261748],[-79.824485,43.261667],[-79.824573,43.261579],[-79.824698,43.261427],[-79.824766,43.2613],[-79.824802,43.261233],[-79.824828,43.261136],[-79.824842,43.261057],[-79.824848,43.260974],[-79.82484,43.260893],[-79.824825,43.260817],[-79.824783,43.260702],[-79.824713,43.260588],[-79.824627,43.260491],[-79.824537,43.260404],[-79.824418,43.260319],[-79.824299,43.260255],[-79.824013,43.260143],[-79.823563,43.259977],[-79.823094,43.259804]]},"properties":{"@id":"way/5115442","electrified":"no","gauge":"1435","name":"Beach Branch","operator":"Canadian Pacific Kansas City","operator:short":"CPKC","operator:wikidata":"Q117706368","operator:wikipedia":"en:Canadian Pacific Kansas City","owner":"CPKC","owner:wikidata":"Q117706368","railway":"rail","railway:traffic_mode":"freight","usage":"industrial"},"id":"way/5115442"},{"type":"Feature","geometry":{"type":"LineString","coordinates":[[-79.79869,43.254062],[-79.798924,43.254127],[-79.799039,43.254162],[-79.7992,43.254218],[-79.799338,43.254275],[-79.799493,43.254344],[-79.799899,43.254528],[-79.800057,43.254594],[-79.800225,43.254664],[-79.800234,43.254666],[-79.800618,43.254806],[-79.800658,43.254821],[-79.801214,43.25503]]},"properties":{"@id":"way/8056752","electrified":"no","gauge":"1435","railway":"rail","railway:traffic_mode":"freight"},"id":"way/8056752"},{"type":"Feature","geometry":{"type":"LineString","coordinates":[[-79.800225,43.254664],[-79.800012,43.254589],[-79.799871,43.254548],[-79.799819,43.254536],[-79.799756,43.254521],[-79.799668,43.254504],[-79.799582,43.254491],[-79.799506,43.254484],[-79.799422,43.254476],[-79.799337,43.25447],[-79.799272,43.254468],[-79.799156,43.25447],[-79.798995,43.254486],[-79.798894,43.254502],[-79.798795,43.254525],[-79.798665,43.254564],[-79.798527,43.254617],[-79.798435,43.254663],[-79.798334,43.254723],[-79.798245,43.254787],[-79.79817,43.254847],[-79.798093,43.254921],[-79.798022,43.255008],[-79.79798,43.255077],[-79.797934,43.255159],[-79.797899,43.255234],[-79.797871,43.255304],[-79.797734,43.255626],[-79.797602,43.255935],[-79.797481,43.256221],[-79.797386,43.256441],[-79.797357,43.256512],[-79.79731,43.256635],[-79.797304,43.256651],[-79.797258,43.256769],[-79.797208,43.256867],[-79.797201,43.256879],[-79.797148,43.256968],[-79.797062,43.257089],[-79.796979,43.257186],[-79.796845,43.257308],[-79.796701,43.257422],[-79.796587,43.257477],[-79.796506,43.257519],[-79.79643,43.257557],[-79.796356,43.25759],[-79.796297,43.257613],[-79.796233,43.257636],[-79.796179,43.257653],[-79.796094,43.257676],[-79.796,43.257696],[-79.795729,43.257745],[-79.795284,43.257829],[-79.795156,43.257853],[-79.795022,43.257882],[-79.794894,43.257916],[-79.794795,43.257945],[-79.794708,43.25798],[-79.794631,43.258015],[-79.794553,43.258058],[-79.79447,43.258109],[-79.794419,43.258143],[-79.794388,43.258164],[-79.794324,43.258217],[-79.794268,43.258267],[-79.794203,43.258331],[-79.79416,43.258386],[-79.79411,43.258455],[-79.794076,43.258512],[-79.794049,43.258571],[-79.794021,43.258632],[-79.793986,43.25871],[-79.79385,43.259031],[-79.793272,43.260371],[-79.793216,43.260506],[-79.793181,43.260589],[-79.79314,43.260684],[-79.793125,43.260713],[-79.793108,43.260743],[-79.793072,43.260801],[-79.793038,43.260852],[-79.79298,43.260919],[-79.792922,43.260985],[-79.792851,43.261052],[-79.792793,43.261103],[-79.792714,43.261169],[-79.792623,43.261237],[-79.792564,43.261274],[-79.792507,43.261311],[-79.792455,43.261339],[-79.792407,43.261364],[-79.792348,43.261391],[-79.792289,43.261415],[-79.792233,43.261435],[-79.792168,43.261455],[-79.792099,43.261475],[-79.792029,43.261491],[-79.791958,43.261503],[-79.791888,43.261511],[-79.791821,43.261518],[-79.791747,43.261522],[-79.791668,43.261524],[-79.791595,43.261521],[-79.791528,43.261515],[-79.791441,43.261505],[-79.79122,43.261475],[-79.791158,43.261466],[-79.791099,43.261461],[-79.791045,43.261457],[-79.790985,43.261455],[-79.790921,43.261455],[-79.790864,43.261459],[-79.790805,43.261464],[-79.790748,43.261472],[-79.790688,43.261483],[-79.790611,43.2615],[-79.790554,43.261515],[-79.790478,43.261537],[-79.790423,43.261554],[-79.790383,43.26157],[-79.790371,43.261574],[-79.790325,43.261596],[-79.790295,43.261608],[-79.790251,43.26163],[-79.790238,43.261636],[-79.790203,43.261653],[-79.79016,43.261671],[-79.790119,43.261688],[-79.790071,43.261704],[-79.790033,43.261718],[-79.789975,43.261738],[-79.789918,43.261756],[-79.789856,43.261775],[-79.789786,43.261794],[-79.789217,43.261936],[-79.789049,43.261977],[-79.788941,43.262005],[-79.788848,43.262031],[-79.788766,43.262055],[-79.78868,43.262087],[-79.78859,43.262123],[-79.788498,43.26217],[-79.788423,43.262211],[-79.78835,43.262255],[-79.788285,43.262299],[-79.788215,43.262354],[-79.788158,43.262409],[-79.788129,43.262438],[-79.788097,43.262473],[-79.788066,43.262511],[-79.788035,43.262552],[-79.788003,43.262597],[-79.787974,43.262646],[-79.787948,43.262689],[-79.787929,43.26273],[-79.787815,43.262987],[-79.787628,43.263418],[-79.787597,43.263487],[-79.787577,43.26353],[-79.78748,43.26376],[-79.787377,43.263991],[-79.787302,43.264153],[-79.78721,43.26437],[-79.787138,43.264536],[-79.787069,43.264691],[-79.787001,43.264844],[-79.786942,43.26498],[-79.786872,43.265134],[-79.786838,43.265218],[-79.786812,43.265276],[-79.786785,43.265326],[-79.786756,43.265373],[-79.786726,43.265417],[-79.786691,43.26546],[-79.786651,43.265502],[-79.786606,43.265544],[-79.786559,43.265588],[-79.786425,43.265702],[-79.786207,43.265888],[-79.786161,43.265927],[-79.786011,43.266049],[-79.7859,43.266143],[-79.785789,43.266217],[-79.785732,43.266259],[-79.785671,43.266301],[-79.785592,43.266347],[-79.785507,43.266394],[-79.78543,43.266438],[-79.785339,43.266487],[-79.785254,43.266533],[-79.785162,43.266586],[-79.78506,43.266639],[-79.784959,43.266694],[-79.784549,43.266917]]},"properties":{"@id":"way/8056771","electrified":"no","gauge":"1435","railway":"rail","railway:traffic_mode":"freight"},"id":"way/8056771"},{"type":"Feature","geometry":{"type":"LineString","coordinates":[[-79.789976,43.261158],[-79.789465,43.261045],[-79.789069,43.260952],[-79.788278,43.26076],[-79.786568,43.260359],[-79.784667,43.25991],[-79.783858,43.259718],[-79.783501,43.259633],[-79.782643,43.259424],[-79.782489,43.259387],[-79.781507,43.259158]]},"properties":{"@id":"way/8056854","electrified":"no","gauge":"1435","operator":"Canadian Pacific Kansas City","operator:short":"CPKC","operator:wikidata":"Q117706368","railway":"rail","railway:traffic_mode":"freight"},"id":"way/8056854"},{"type":"Feature","geometry":{"type":"LineString","coordinates":[[-79.791057,43.281797],[-79.791005,43.281729],[-79.790867,43.281554],[-79.790812,43.28148],[-79.790765,43.281414],[-79.788899,43.278361],[-79.788558,43.277803],[-79.788487,43.277695],[-79.78845,43.277649],[-79.788393,43.277559],[-79.788347,43.277487],[-79.788297,43.277413],[-79.788257,43.277351],[-79.788243,43.27733],[-79.788189,43.277257],[-79.788139,43.277192],[-79.788109,43.277156],[-79.788081,43.27712],[-79.78802,43.277044],[-79.786627,43.275369],[-79.786519,43.275239],[-79.785589,43.27412],[-79.785435,43.273934],[-79.785372,43.273862],[-79.785317,43.273799],[-79.785247,43.273727],[-79.785184,43.273669],[-79.785095,43.27359],[-79.785036,43.273541],[-79.784886,43.273417],[-79.784525,43.273131],[-79.784337,43.272982],[-79.783599,43.272376],[-79.783582,43.272363],[-79.783537,43.272327],[-79.783376,43.272192],[-79.783298,43.272128],[-79.783218,43.272066],[-79.783161,43.272026],[-79.783105,43.271992],[-79.78306,43.271967],[-79.783011,43.271936],[-79.782965,43.271904],[-79.782925,43.271874],[-79.782769,43.271749],[-79.782045,43.271147],[-79.781959,43.271068],[-79.781877,43.270993],[-79.781795,43.270906],[-79.781724,43.270827],[-79.781621,43.270707],[-79.781459,43.270521],[-79.781249,43.270276],[-79.781101,43.270099],[-79.781095,43.270091],[-79.781072,43.270058],[-79.781033,43.269995],[-79.780992,43.269921],[-79.780954,43.269841],[-79.780918,43.269742],[-79.780897,43.26966],[-79.780878,43.269557],[-79.780872,43.26945],[-79.780879,43.269374],[-79.780897,43.269286],[-79.780919,43.26922],[-79.780952,43.269142],[-79.780984,43.269079],[-79.781022,43.269016],[-79.781072,43.268942],[-79.781125,43.268879],[-79.781185,43.268813],[-79.781215,43.268781]]},"properties":{"@id":"way/9233149","electrified":"no","gauge":"1435","railway":"rail","railway:traffic_mode":"freight","usage":"industrial"},"id":"way/9233149"},{"type":"Feature","geometry":{"type":"LineString","coordinates":[[-79.801214,43.25503],[-79.801578,43.255163],[-79.801919,43.255286],[-79.802159,43.255386],[-79.802444,43.255504],[-79.802602,43.255567],[-79.802752,43.255627],[-79.802954,43.255702],[-79.803214,43.25581],[-79.803333,43.255864],[-79.803844,43.256104],[-79.804017,43.256185],[-79.8044,43.256395],[-79.804704,43.256557],[-79.805007,43.256721]]},"properties":{"@id":"way/10530237","electrified":"no","gauge":"1435","railway":"rail","railway:traffic_mode":"freight"},"id":"way/10530237"},{"type":"Feature","geometry":{"type":"LineString","coordinates":[[-79.787186,43.248263],[-79.78771,43.248418],[-79.788128,43.248556],[-79.788465,43.248667],[-79.788549,43.248695],[-79.788952,43.248828],[-79.789216,43.248919],[-79.789475,43.249015],[-79.789687,43.24909],[-79.789718,43.249101],[-79.789851,43.249153],[-79.789949,43.249188],[-79.789982,43.249204],[-79.790084,43.249244],[-79.790194,43.249297],[-79.790393,43.249397],[-79.790735,43.249572],[-79.791612,43.25003],[-79.791946,43.250203],[-79.792528,43.250508],[-79.792607,43.250544],[-79.792679,43.250576],[-79.792763,43.250612],[-79.792955,43.250681],[-79.793018,43.250701],[-79.793083,43.250718],[-79.793172,43.250738],[-79.793349,43.250774],[-79.795366,43.251249],[-79.796002,43.25141],[-79.796369,43.251484],[-79.796696,43.251529],[-79.796941,43.251555],[-79.799587,43.25181],[-79.799915,43.251842],[-79.801107,43.251991],[-79.802615,43.252178],[-79.803143,43.252243],[-79.803432,43.252275],[-79.803657,43.252294],[-79.803887,43.252305],[-79.803963,43.252309],[-79.804042,43.252315],[-79.804099,43.252321],[-79.804145,43.252326],[-79.804339,43.252359],[-79.804513,43.252391]]},"properties":{"@id":"way/10530881","electrified":"no","gauge":"1435","operator":"Canadian National Railway","operator:short":"CN","operator:wikidata":"Q624798","operator:wikipedia":"en:Canadian National Railway","owner":"Canadian National Railway","railway":"rail","railway:traffic_mode":"freight","usage":"industrial"},"id":"way/10530881"},{"type":"Feature","geometry":{"type":"LineString","coordinates":[[-79.793349,43.250774],[-79.793216,43.25075],[-79.793085,43.250731],[-79.792966,43.250719],[-79.792861,43.250709],[-79.792779,43.250699],[-79.792697,43.250695],[-79.792637,43.250695],[-79.792568,43.250697],[-79.792501,43.250701],[-79.792434,43.250708],[-79.792369,43.250718],[-79.792311,43.250728],[-79.792163,43.250763],[-79.792027,43.250803],[-79.791894,43.250854],[-79.791773,43.250915],[-79.791621,43.251013],[-79.7915,43.251102],[-79.791431,43.251168],[-79.791376,43.251236],[-79.791337,43.251286],[-79.791287,43.251356],[-79.791229,43.251455],[-79.791142,43.251608]]},"properties":{"@id":"way/10530992","electrified":"no","gauge":"1435","operator":"Canadian National Railway","operator:short":"CN","operator:wikidata":"Q624798","operator:wikipedia":"en:Canadian National Railway","owner":"Canadian National Railway","railway":"rail","railway:traffic_mode":"freight","usage":"industrial"},"id":"way/10530992"},{"type":"Feature","geometry":{"type":"LineString","coordinates":[[-79.891101,43.279228],[-79.890998,43.279384],[-79.8909,43.279544],[-79.890802,43.279706],[-79.890722,43.279878]]},"properties":{"@id":"way/23073885","bridge":"yes","electrified":"no","gauge":"1435","layer":"1","level":"1","maxspeed":"25 mph","operator":"Canadian Pacific Kansas City","operator:short":"CPKC","operator:wikidata":"Q117706368","operator:wikipedia":"en:Canadian Pacific Kansas City","owner":"CPKC","owner:wikidata":"Q117706368","railway":"rail","railway:traffic_mode":"mixed","usage":"main"},"id":"way/23073885"},{"type":"Feature","geometry":{"type":"LineString","coordinates":[[-79.890618,43.280245],[-79.890616,43.280259],[-79.89061,43.28032],[-79.890605,43.280407],[-79.890638,43.2809]]},"properties":{"@id":"way/23073886","electrified":"no","gauge":"1435","operator":"Canadian National Railway","operator:wikidata":"Q117706368","operator:wikipedia":"en:Canadian Pacific Kansas City","owner":"CPKC","owner:wikidata":"Q117706368","railway":"rail","railway:traffic_mode":"mixed","usage":"main"},"id":"way/23073886"},{"type":"Feature","geometry":{"type":"LineString","coordinates":[[-79.890146,43.279433],[-79.89003,43.279121],[-79.889935,43.278885],[-79.889838,43.278667],[-79.889732,43.27845],[-79.889615,43.278225],[-79.88947,43.277969],[-79.889341,43.277762],[-79.889187,43.277526],[-79.888881,43.277065],[-79.888575,43.276611],[-79.88808,43.275887],[-79.887465,43.274971],[-79.886928,43.274183],[-79.886844,43.274063],[-79.886758,43.273947],[-79.886674,43.273834],[-79.886583,43.27372],[-79.886501,43.27362],[-79.886406,43.273507],[-79.886289,43.273372],[-79.885801,43.272848]]},"properties":{"@id":"way/23073887","electrified":"no","gauge":"1435","maxspeed":"30 mph","name":"Oakville Subdivision","operator":"Canadian National Railway;GO Transit;Amtrak;VIA Rail","operator:short":"CN","operator:wikidata":"Q624798","operator:wikipedia":"en:Canadian National Railway","owner":"Canadian National Railway","passenger":"yes","railway":"rail","railway:traffic_mode":"mixed","reporting_marks":"CN;GOT;AMTK;VIA","source":"Bing","usage":"main"},"id":"way/23073887"},{"type":"Feature","geometry":{"type":"LineString","coordinates":[[-79.890328,43.279964],[-79.890207,43.279608],[-79.890146,43.279433]]},"properties":{"@id":"way/23073888","bridge":"yes","electrified":"no","gauge":"1435","layer":"1","maxspeed":"30 mph","name":"Oakville Subdivision","operator":"Canadian National Railway;GO Transit;Amtrak;VIA Rail","operator:short":"CN","operator:wikidata":"Q624798","operator:wikipedia":"en:Canadian National Railway","owner":"Canadian National Railway","passenger":"yes","railway":"rail","railway:traffic_mode":"mixed","reporting_marks":"CN;GOT;AMTK;VIA","source":"Bing","usage":"main"},"id":"way/23073888"},{"type":"Feature","geometry":{"type":"LineString","coordinates":[[-79.890712,43.281346],[-79.890739,43.281686],[-79.890767,43.28204]]},"properties":{"@id":"way/23073898","electrified":"no","gauge":"1435","operator":"Canadian National Railway","operator:short":"CN","operator:wikidata":"Q624798","operator:wikipedia":"en:Canadian National Railway","owner":"Canadian National Railway","railway":"rail","railway:traffic_mode":"freight","service":"crossover"},"id":"way/23073898"},{"type":"Feature","geometry":{"type":"LineString","coordinates":[[-79.900818,43.288097],[-79.90071,43.288019],[-79.900594,43.287946],[-79.900468,43.287876],[-79.900317,43.287805],[-79.90017,43.287747],[-79.899999,43.287695],[-79.899827,43.287653],[-79.899638,43.287621],[-79.899447,43.287602],[-79.899252,43.287596],[-79.899063,43.287602],[-79.89887,43.287618],[-79.898674,43.287648],[-79.898468,43.287687],[-79.898158,43.287754],[-79.897774,43.287837]]},"properties":{"@id":"way/23073905","electrified":"no","gauge":"1435","maxspeed":"15 mph","name":"Hamilton Subdivision","operator":"Canadian Pacific Kansas City","operator:short":"CPKC","operator:wikidata":"Q117706368","operator:wikipedia":"en:Canadian Pacific Kansas City","owner":"CPKC","owner:wikidata":"Q117706368","railway":"rail","railway:traffic_mode":"freight","reporting_marks":"CPKC","usage":"main"},"id":"way/23073905"},{"type":"Feature","geometry":{"type":"LineString","coordinates":[[-79.901024,43.288285],[-79.900925,43.288185],[-79.900818,43.288097]]},"properties":{"@id":"way/23073911","bridge":"yes","electrified":"no","gauge":"1435","layer":"1","maxspeed":"15 mph","name":"Hamilton Subdivision","operator":"Canadian Pacific Kansas City","operator:short":"CPKC","operator:wikidata":"Q117706368","operator:wikipedia":"en:Canadian Pacific Kansas City","owner":"CPKC","owner:wikidata":"Q117706368","railway":"rail","railway:traffic_mode":"freight","reporting_marks":"CPKC","usage":"main"},"id":"way/23073911"},{"type":"Feature","geometry":{"type":"LineString","coordinates":[[-79.818065,43.255525],[-79.817864,43.255486]]},"properties":{"@id":"way/23730154","bridge":"yes","electrified":"no","gauge":"1435","layer":"1","maxspeed":"30 mph","name":"Grimsby Subdivision","operator":"Canadian National Railway","operator:short":"CN","operator:wikidata":"Q624798","operator:wikipedia":"en:Canadian National Railway","owner":"Canadian National Railway","railway":"rail","railway:traffic_mode":"mixed","reporting_marks":"CN","usage":"main"},"id":"way/23730154"},{"type":"Feature","geometry":{"type":"LineString","coordinates":[[-79.896512,43.287961],[-79.896323,43.287948],[-79.896131,43.287924],[-79.895945,43.287894],[-79.895793,43.287863],[-79.895641,43.287828],[-79.895495,43.287789],[-79.895273,43.287723],[-79.89505,43.287652],[-79.894811,43.287567],[-79.894561,43.28747],[-79.89435,43.28738],[-79.894138,43.287283],[-79.893949,43.287192],[-79.893773,43.287101],[-79.893605,43.28701],[-79.893436,43.286914],[-79.893264,43.286807],[-79.893087,43.286693],[-79.892923,43.286581],[-79.89278,43.286474],[-79.892665,43.286387],[-79.89253,43.286274],[-79.892389,43.286147],[-79.892279,43.286042],[-79.892166,43.285925],[-79.892052,43.285796],[-79.891948,43.285665],[-79.891857,43.285537],[-79.891778,43.285416],[-79.891715,43.285313],[-79.891651,43.285195],[-79.891595,43.285083],[-79.89155,43.284984],[-79.891498,43.284858],[-79.891453,43.284735],[-79.89139,43.284536],[-79.89134,43.284342],[-79.891294,43.28414],[-79.891169,43.283516],[-79.890727,43.280778],[-79.890718,43.280662],[-79.890715,43.28063],[-79.890712,43.280531],[-79.89072,43.280438],[-79.890726,43.280394],[-79.890749,43.280263],[-79.890774,43.280174],[-79.8908,43.280097],[-79.890841,43.279993],[-79.890897,43.279878]]},"properties":{"@id":"way/23810060","electrified":"no","gauge":"1435","maxspeed":"15 mph","name":"Hamilton Subdivision","operator":"Canadian Pacific Kansas City","operator:short":"CPKC","operator:wikidata":"Q117706368","operator:wikipedia":"en:Canadian Pacific Kansas City","owner":"CPKC","owner:wikidata":"Q117706368","railway":"rail","railway:traffic_mode":"freight","reporting_marks":"CPKC","usage":"main"},"id":"way/23810060"},{"type":"Feature","geometry":{"type":"LineString","coordinates":[[-79.897774,43.287837],[-79.897621,43.28787],[-79.897456,43.287902],[-79.897289,43.287928],[-79.897116,43.287947],[-79.896929,43.287959],[-79.896728,43.287964],[-79.896512,43.287961]]},"properties":{"@id":"way/23810061","bridge":"yes","electrified":"no","gauge":"1435","layer":"2","maxspeed":"15 mph","name":"Hamilton Subdivision","operator":"Canadian Pacific Kansas City","operator:short":"CPKC","operator:wikidata":"Q117706368","operator:wikipedia":"en:Canadian Pacific Kansas City","owner":"CPKC","owner:wikidata":"Q117706368","railway":"rail","railway:traffic_mode":"freight","reporting_marks":"CPKC","usage":"main"},"id":"way/23810061"},{"type":"Feature","geometry":{"type":"LineString","coordinates":[[-79.896709,43.288159],[-79.897015,43.288201],[-79.897278,43.288232],[-79.897518,43.288254]]},"properties":{"@id":"way/23810070","bridge":"yes","electrified":"no","gauge":"1435","layer":"1","maxspeed":"55 mph","name":"Dundas Subdivision","operator":"Canadian National Railway","operator:short":"CN","operator:wikidata":"Q624798","operator:wikipedia":"en:Canadian National Railway","owner":"Canadian National Railway","railway":"rail","railway:traffic_mode":"mixed","usage":"main"},"id":"way/23810070"},{"type":"Feature","geometry":{"type":"LineString","coordinates":[[-79.781871,43.268311],[-79.782049,43.268199],[-79.78218,43.268125],[-79.782291,43.268067],[-79.782626,43.267907],[-79.78278,43.267833],[-79.783115,43.26768],[-79.783167,43.267655],[-79.783223,43.267628],[-79.783281,43.267599],[-79.783327,43.267575],[-79.783374,43.26755],[-79.783426,43.267522],[-79.783474,43.267496],[-79.78394,43.267246],[-79.784191,43.267111],[-79.784261,43.267073],[-79.784335,43.267033],[-79.784398,43.266998],[-79.784452,43.266968],[-79.784549,43.266917]]},"properties":{"@id":"way/23848360","electrified":"no","gauge":"1435","railway":"rail","railway:traffic_mode":"freight"},"id":"way/23848360"},{"type":"Feature","geometry":{"type":"LineString","coordinates":[[-79.781215,43.268781],[-79.781242,43.268754],[-79.781271,43.26873],[-79.781323,43.26869],[-79.781381,43.268646],[-79.781871,43.268311]]},"properties":{"@id":"way/23848361","bridge":"yes","electrified":"no","gauge":"1435","layer":"1","railway":"rail","railway:traffic_mode":"freight"},"id":"way/23848361"},{"type":"Feature","geometry":{"type":"LineString","coordinates":[[-79.859206,43.247805],[-79.859551,43.247906],[-79.859789,43.247982],[-79.860014,43.248058],[-79.860325,43.248164],[-79.86076,43.248309],[-79.86121,43.248464],[-79.861678,43.248623],[-79.86188,43.248692],[-79.862037,43.248753],[-79.862218,43.248829],[-79.862451,43.248942]]},"properties":{"@id":"way/24038248","electrified":"no","gauge":"1435","maxspeed":"20 mph","name":"Hamilton Subdivision","operator":"Canadian Pacific Kansas City","operator:short":"CPKC","operator:wikidata":"Q117706368","operator:wikipedia":"en:Canadian Pacific Kansas City","owner":"CPKC","owner:wikidata":"Q117706368","railway":"rail","railway:traffic_mode":"freight","reporting_marks":"CPKC","usage":"main"},"id":"way/24038248"},{"type":"Feature","geometry":{"type":"LineString","coordinates":[[-79.85899,43.247749],[-79.859206,43.247805]]},"properties":{"@id":"way/24038249","bridge":"yes","electrified":"no","gauge":"1435","layer":"1","maxspeed":"20 mph","name":"Hamilton Subdivision","operator":"Canadian Pacific Kansas City","operator:short":"CPKC","operator:wikidata":"Q117706368","operator:wikipedia":"en:Canadian Pacific Kansas City","owner":"CPKC","owner:wikidata":"Q117706368","railway":"rail","railway:traffic_mode":"freight","reporting_marks":"CPKC","usage":"main"},"id":"way/24038249"},{"type":"Feature","geometry":{"type":"LineString","coordinates":[[-79.887774,43.290538],[-79.887961,43.290224],[-79.888304,43.289674],[-79.888401,43.28952],[-79.888572,43.289243],[-79.888627,43.289156],[-79.888736,43.288981],[-79.888847,43.288803],[-79.888897,43.288723],[-79.888944,43.288646],[-79.88901,43.288539],[-79.889064,43.288454],[-79.889193,43.288244],[-79.889304,43.288066],[-79.889455,43.287819],[-79.889742,43.287365],[-79.889857,43.287188],[-79.889979,43.287001],[-79.8901,43.286809],[-79.890295,43.28649],[-79.890488,43.286169],[-79.890585,43.286009],[-79.890658,43.285881],[-79.89073,43.285747],[-79.890793,43.285614],[-79.890848,43.285486],[-79.890892,43.285367],[-79.890915,43.285301],[-79.890942,43.285213],[-79.890972,43.285102],[-79.890999,43.284985],[-79.891021,43.284848],[-79.891039,43.284723],[-79.891051,43.284592],[-79.891057,43.284481],[-79.891057,43.28435],[-79.891053,43.284214],[-79.891038,43.28405],[-79.89102,43.283924],[-79.890999,43.283778],[-79.890975,43.28363],[-79.89093,43.283354]]},"properties":{"@id":"way/24233760","electrified":"no","gauge":"1435","maxspeed":"30 mph","name":"Oakville Subdivision","operator":"Canadian National Railway;GO Transit;Amtrak;VIA Rail","operator:short":"CN","operator:wikidata":"Q624798","operator:wikipedia":"en:Canadian National Railway","owner":"Canadian National Railway","passenger":"yes","railway":"rail","railway:traffic_mode":"mixed","reporting_marks":"CN;GOT;AMTK;VIA","source":"Bing","usage":"main"},"id":"way/24233760"},{"type":"Feature","geometry":{"type":"LineString","coordinates":[[-79.806304,43.25848],[-79.806441,43.2583],[-79.806494,43.258235],[-79.806555,43.258179],[-79.806652,43.258106],[-79.806765,43.258039],[-79.806786,43.258026],[-79.806932,43.257959],[-79.807095,43.257906],[-79.807241,43.257876],[-79.807443,43.257856],[-79.807582,43.257853],[-79.807729,43.257867],[-79.807881,43.257892],[-79.808055,43.257936],[-79.808447,43.258057],[-79.808712,43.258139],[-79.80884,43.258178],[-79.808962,43.258209],[-79.809085,43.258233],[-79.80966,43.258341],[-79.810478,43.258492],[-79.810564,43.25851],[-79.810673,43.258536],[-79.8108,43.258571],[-79.810916,43.258606],[-79.811036,43.258646],[-79.811142,43.258676],[-79.811232,43.258696],[-79.811351,43.258717],[-79.811451,43.258732],[-79.811593,43.258744],[-79.811749,43.258746],[-79.811886,43.258747],[-79.811963,43.258749],[-79.812042,43.25875],[-79.812117,43.258752],[-79.812192,43.258756],[-79.81227,43.258761],[-79.812345,43.258771],[-79.812434,43.258788],[-79.81252,43.258805],[-79.812623,43.258825],[-79.812905,43.258884],[-79.813001,43.258905],[-79.813074,43.258925],[-79.813235,43.258968]]},"properties":{"@id":"way/24410468","electrified":"no","gauge":"1435","railway":"rail","railway:traffic_mode":"freight"},"id":"way/24410468"},{"type":"Feature","geometry":{"type":"LineString","coordinates":[[-79.821848,43.233926],[-79.821863,43.233933],[-79.822317,43.234156],[-79.822737,43.234362],[-79.82409,43.235027],[-79.825003,43.235475],[-79.82639,43.236155],[-79.826865,43.236387],[-79.828141,43.237011],[-79.829113,43.237489],[-79.829469,43.237664],[-79.829815,43.237834],[-79.830419,43.23813],[-79.830923,43.238377],[-79.831359,43.238591],[-79.831908,43.238858],[-79.832514,43.239158],[-79.833314,43.239551],[-79.833945,43.239856],[-79.834554,43.240157],[-79.834969,43.24035],[-79.835428,43.240561],[-79.83578,43.240714],[-79.836308,43.240934],[-79.836713,43.241093],[-79.837098,43.241234],[-79.837438,43.241355],[-79.837763,43.241466],[-79.838123,43.24158],[-79.838384,43.241664],[-79.838652,43.241745],[-79.838957,43.241837],[-79.839253,43.241928]]},"properties":{"@id":"way/24615643","electrified":"no","gauge":"1435","maxspeed":"20 mph","name":"Hamilton Subdivision","operator":"Canadian Pacific Kansas City","operator:short":"CPKC","operator:wikidata":"Q117706368","operator:wikipedia":"en:Canadian Pacific Kansas City","owner":"CPKC","owner:wikidata":"Q117706368","railway":"rail","railway:traffic_mode":"freight","reporting_marks":"CPKC","usage":"main"},"id":"way/24615643"},{"type":"Feature","geometry":{"type":"LineString","coordinates":[[-79.813699,43.230907],[-79.813987,43.230996]]},"properties":{"@id":"way/24615645","bridge":"yes","electrified":"no","gauge":"1435","layer":"1","maxspeed":"35 mph","name":"Hamilton Subdivision","operator":"Canadian Pacific Kansas City","operator:short":"CPKC","operator:wikidata":"Q117706368","operator:wikipedia":"en:Canadian Pacific Kansas City","owner":"CPKC","owner:wikidata":"Q117706368","railway":"rail","railway:traffic_mode":"freight","reporting_marks":"CPKC","usage":"main"},"id":"way/24615645"},{"type":"Feature","geometry":{"type":"LineString","coordinates":[[-79.794624,43.224102],[-79.796059,43.224428]]},"properties":{"@id":"way/25311024","bridge":"yes","electrified":"no","gauge":"1435","layer":"1","maxspeed":"35 mph","name":"Hamilton Subdivision","operator":"Canadian Pacific Kansas City","operator:short":"CPKC","operator:wikidata":"Q117706368","operator:wikipedia":"en:Canadian Pacific Kansas City","owner":"CPKC","owner:wikidata":"Q117706368","railway":"rail","railway:traffic_mode":"freight","reporting_marks":"CPKC","usage":"main"},"id":"way/25311024"},{"type":"Feature","geometry":{"type":"LineString","coordinates":[[-79.796059,43.224428],[-79.798127,43.224893],[-79.798824,43.225051],[-79.799949,43.225312],[-79.800361,43.225409],[-79.800562,43.225458],[-79.800806,43.225523],[-79.801037,43.225584],[-79.801235,43.225638],[-79.801443,43.225697],[-79.801616,43.225749],[-79.801799,43.225803],[-79.801999,43.225865],[-79.802161,43.225917],[-79.802344,43.225976],[-79.802475,43.226017],[-79.802599,43.226058],[-79.802767,43.226115],[-79.802953,43.226182],[-79.803125,43.226242],[-79.803303,43.226307],[-79.80346,43.226366],[-79.803597,43.226417],[-79.803939,43.22655],[-79.804116,43.226623],[-79.804288,43.226694],[-79.804443,43.226758],[-79.804779,43.226901],[-79.805048,43.227022],[-79.805339,43.227156],[-79.805637,43.227299],[-79.806032,43.227484],[-79.806172,43.227553],[-79.806309,43.227617],[-79.806477,43.227697],[-79.806626,43.227769],[-79.806769,43.227836],[-79.806922,43.22791],[-79.807069,43.227982],[-79.808252,43.228541],[-79.808874,43.228848],[-79.810315,43.22952],[-79.811245,43.229964],[-79.811491,43.230079],[-79.81168,43.230171],[-79.811833,43.230238],[-79.811959,43.23029],[-79.812112,43.230356],[-79.812283,43.230424],[-79.812418,43.230477],[-79.812517,43.230516],[-79.812622,43.230554],[-79.81273,43.230592],[-79.812878,43.230645],[-79.813149,43.230736],[-79.813267,43.230774],[-79.813382,43.230808],[-79.813699,43.230907]]},"properties":{"@id":"way/25311027","electrified":"no","gauge":"1435","maxspeed":"35 mph","name":"Hamilton Subdivision","operator":"Canadian Pacific Kansas City","operator:short":"CPKC","operator:wikidata":"Q117706368","operator:wikipedia":"en:Canadian Pacific Kansas City","owner":"CPKC","owner:wikidata":"Q117706368","railway":"rail","railway:traffic_mode":"freight","reporting_marks":"CPKC","usage":"main"},"id":"way/25311027"},{"type":"Feature","geometry":{"type":"LineString","coordinates":[[-79.86473,43.251006],[-79.865003,43.251284]]},"properties":{"@id":"way/25401655","bridge":"yes","electrified":"no","gauge":"1435","layer":"1","maxspeed":"20 mph","name":"Hamilton Subdivision","operator":"Canadian Pacific Kansas City","operator:short":"CPKC","operator:wikidata":"Q117706368","operator:wikipedia":"en:Canadian Pacific Kansas City","owner":"CPKC","owner:wikidata":"Q117706368","railway":"rail","railway:traffic_mode":"freight","reporting_marks":"CPKC","usage":"main"},"id":"way/25401655"},{"type":"Feature","geometry":{"type":"LineString","coordinates":[[-79.865003,43.251284],[-79.865111,43.251388],[-79.865195,43.251467],[-79.865285,43.25156],[-79.865408,43.251666],[-79.865534,43.251756],[-79.86564,43.251839],[-79.865783,43.251937],[-79.865923,43.252022],[-79.866058,43.252101],[-79.866224,43.252184],[-79.86636,43.252251],[-79.86647,43.252299],[-79.866601,43.252352],[-79.866745,43.252406],[-79.866912,43.252464],[-79.867104,43.252518],[-79.867559,43.252631],[-79.867755,43.252676],[-79.867981,43.25273],[-79.86865,43.252892],[-79.868822,43.252934],[-79.869201,43.253028],[-79.869629,43.253127],[-79.870107,43.253238],[-79.870297,43.253288],[-79.870388,43.253314]]},"properties":{"@id":"way/25401656","electrified":"no","gauge":"1435","maxspeed":"20 mph","name":"Hamilton Subdivision","operator":"Canadian Pacific Kansas City","operator:short":"CPKC","operator:wikidata":"Q117706368","operator:wikipedia":"en:Canadian Pacific Kansas City","owner":"CPKC","owner:wikidata":"Q117706368","railway":"rail","railway:traffic_mode":"freight","reporting_marks":"CPKC","usage":"main"},"id":"way/25401656"},{"type":"Feature","geometry":{"type":"LineString","coordinates":[[-79.862451,43.248942],[-79.862567,43.249007],[-79.862667,43.249066],[-79.862853,43.249195],[-79.86299,43.249298],[-79.863264,43.249545],[-79.863462,43.249748]]},"properties":{"@id":"way/25601014","bridge":"yes","electrified":"no","gauge":"1435","layer":"1","maxspeed":"20 mph","name":"Hamilton Subdivision","operator":"Canadian Pacific Kansas City","operator:short":"CPKC","operator:wikidata":"Q117706368","operator:wikipedia":"en:Canadian Pacific Kansas City","owner":"CPKC","owner:wikidata":"Q117706368","railway":"rail","railway:traffic_mode":"freight","reporting_marks":"CPKC","usage":"main"},"id":"way/25601014"},{"type":"Feature","geometry":{"type":"LineString","coordinates":[[-79.863462,43.249748],[-79.863657,43.249952],[-79.863946,43.250223],[-79.864366,43.250642],[-79.86473,43.251006]]},"properties":{"@id":"way/25601015","electrified":"no","gauge":"1435","maxspeed":"20 mph","name":"Hamilton Subdivision","operator":"Canadian Pacific Kansas City","operator:short":"CPKC","operator:wikidata":"Q117706368","operator:wikipedia":"en:Canadian Pacific Kansas City","owner":"CPKC","owner:wikidata":"Q117706368","railway":"rail","railway:traffic_mode":"freight","reporting_marks":"CPKC","usage":"main"},"id":"way/25601015"},{"type":"Feature","geometry":{"type":"LineString","coordinates":[[-79.897512,43.288292],[-79.897903,43.288321],[-79.898365,43.288343],[-79.898834,43.288349],[-79.899264,43.288343],[-79.899637,43.288329],[-79.899967,43.288307],[-79.900263,43.288281],[-79.900536,43.288251],[-79.900859,43.288208],[-79.901251,43.288149],[-79.90181,43.288056],[-79.902737,43.287896],[-79.903473,43.287758],[-79.90548,43.287414],[-79.907858,43.287005],[-79.910736,43.286509],[-79.911241,43.286422],[-79.911456,43.286386],[-79.911716,43.286344],[-79.911981,43.2863],[-79.912233,43.286261],[-79.912549,43.286216],[-79.912869,43.286173],[-79.913175,43.286136],[-79.913489,43.286101],[-79.91386,43.286065],[-79.914212,43.286034],[-79.914576,43.286008],[-79.91494,43.285985],[-79.915206,43.285974],[-79.915471,43.285962],[-79.916075,43.285943],[-79.917055,43.285945],[-79.918431,43.285996],[-79.920166,43.286087],[-79.921605,43.286158],[-79.923945,43.286273],[-79.925921,43.286369],[-79.92636,43.286383],[-79.926589,43.286389],[-79.926831,43.28639],[-79.926949,43.28639],[-79.927067,43.286388],[-79.927278,43.286382],[-79.927424,43.286377]]},"properties":{"@id":"way/26200401","electrified":"no","gauge":"1435","maxspeed":"55 mph","name":"Dundas Subdivision","operator":"Canadian National Railway","operator:short":"CN","operator:wikidata":"Q624798","operator:wikipedia":"en:Canadian National Railway","owner":"Canadian National Railway","railway":"rail","railway:traffic_mode":"mixed","usage":"main"},"id":"way/26200401"},{"type":"Feature","geometry":{"type":"LineString","coordinates":[[-79.8967,43.288194],[-79.897005,43.288237],[-79.897284,43.288269],[-79.897512,43.288292]]},"properties":{"@id":"way/26200402","bridge":"yes","electrified":"no","gauge":"1435","layer":"1","maxspeed":"55 mph","name":"Dundas Subdivision","operator":"Canadian National Railway","operator:short":"CN","operator:wikidata":"Q624798","operator:wikipedia":"en:Canadian National Railway","owner":"Canadian National Railway","railway":"rail","railway:traffic_mode":"mixed","usage":"main"},"id":"way/26200402"},{"type":"Feature","geometry":{"type":"LineString","coordinates":[[-79.92768,43.286363],[-79.927905,43.286346],[-79.928129,43.286327],[-79.928329,43.286305],[-79.928504,43.286285],[-79.928712,43.286259],[-79.928902,43.28623],[-79.929214,43.286182],[-79.929494,43.286128],[-79.929723,43.286081],[-79.929895,43.286042],[-79.930025,43.286012],[-79.930145,43.285983],[-79.930279,43.285947],[-79.930402,43.285916],[-79.930531,43.285879],[-79.930779,43.285806],[-79.93095,43.28575],[-79.931099,43.2857],[-79.931242,43.285651],[-79.931371,43.285605],[-79.931577,43.285527],[-79.931735,43.285465],[-79.931892,43.285399],[-79.932018,43.285343],[-79.932142,43.285287],[-79.932248,43.285238],[-79.932374,43.285181],[-79.932492,43.285121],[-79.932616,43.28506],[-79.93276,43.284983],[-79.932991,43.284858],[-79.933184,43.284744],[-79.93341,43.284604],[-79.93413,43.284131],[-79.934787,43.283688],[-79.935632,43.283118],[-79.936607,43.282457],[-79.937733,43.281695],[-79.939786,43.280312],[-79.939933,43.280213],[-79.940054,43.280138],[-79.940191,43.280044],[-79.940354,43.279939],[-79.940529,43.279836],[-79.940769,43.27969],[-79.940975,43.27957],[-79.941158,43.279466],[-79.941396,43.279336],[-79.94162,43.279216],[-79.941824,43.279107],[-79.942126,43.278958],[-79.942367,43.27884],[-79.942635,43.278722],[-79.942911,43.278595],[-79.943211,43.278466],[-79.943435,43.278372],[-79.943679,43.278274],[-79.943936,43.278172],[-79.944759,43.277866],[-79.945919,43.277435],[-79.946121,43.27736],[-79.946327,43.277284],[-79.946568,43.277194],[-79.946798,43.277111],[-79.947129,43.276988],[-79.947359,43.276905],[-79.947564,43.276828],[-79.947779,43.276749],[-79.948279,43.276564],[-79.948618,43.276438],[-79.94965,43.276056],[-79.950295,43.275819],[-79.9505,43.275744],[-79.950741,43.275657],[-79.950911,43.275598],[-79.951091,43.275536],[-79.951251,43.275483],[-79.951409,43.275433],[-79.951579,43.275378],[-79.951841,43.275301],[-79.952003,43.275253],[-79.952166,43.275211],[-79.952377,43.275155],[-79.952589,43.2751],[-79.952798,43.275047],[-79.953015,43.275002],[-79.95322,43.274956],[-79.95343,43.274915],[-79.953601,43.274879],[-79.953829,43.27484],[-79.954044,43.274806],[-79.954243,43.274776],[-79.955093,43.274638],[-79.956251,43.274465],[-79.95713,43.274332],[-79.95794,43.274214],[-79.958236,43.27417]]},"properties":{"@id":"way/26200445","electrified":"no","gauge":"1435","maxspeed":"55 mph","name":"Dundas Subdivision","operator":"Canadian National Railway","operator:short":"CN","operator:wikidata":"Q624798","operator:wikipedia":"en:Canadian National Railway","owner":"Canadian National Railway","railway":"rail","railway:traffic_mode":"mixed","usage":"main"},"id":"way/26200445"},{"type":"Feature","geometry":{"type":"LineString","coordinates":[[-79.927424,43.286377],[-79.927522,43.286372],[-79.927631,43.286366],[-79.92768,43.286363]]},"properties":{"@id":"way/26200449","bridge":"yes","electrified":"no","gauge":"1435","layer":"1","maxspeed":"55 mph","name":"Dundas Subdivision","operator":"Canadian National Railway","operator:short":"CN","operator:wikidata":"Q624798","operator:wikipedia":"en:Canadian National Railway","owner":"Canadian National Railway","railway":"rail","railway:traffic_mode":"mixed","usage":"main"},"id":"way/26200449"},{"type":"Feature","geometry":{"type":"LineString","coordinates":[[-79.870388,43.253314],[-79.870525,43.253357],[-79.870686,43.253416]]},"properties":{"@id":"way/26571819","bridge":"yes","electrified":"no","gauge":"1435","layer":"1","maxspeed":"20 mph","name":"Hamilton Subdivision","operator":"Canadian Pacific Kansas City","operator:short":"CPKC","operator:wikidata":"Q117706368","operator:wikipedia":"en:Canadian Pacific Kansas City","owner":"CPKC","owner:wikidata":"Q117706368","railway":"rail","railway:traffic_mode":"freight","reporting_marks":"CPKC","usage":"main"},"id":"way/26571819"},{"type":"Feature","geometry":{"type":"LineString","coordinates":[[-79.870686,43.253416],[-79.870903,43.253493],[-79.871185,43.253622],[-79.871427,43.253728],[-79.871632,43.253806],[-79.871838,43.253881],[-79.872015,43.25394],[-79.872183,43.253992],[-79.872335,43.254032],[-79.872517,43.254081],[-79.872709,43.254129],[-79.87311,43.254231]]},"properties":{"@id":"way/26571823","electrified":"no","gauge":"1435","maxspeed":"20 mph","name":"Hamilton Subdivision","operator":"Canadian Pacific Kansas City","operator:short":"CPKC","operator:wikidata":"Q117706368","operator:wikipedia":"en:Canadian Pacific Kansas City","owner":"CPKC","owner:wikidata":"Q117706368","railway":"rail","railway:traffic_mode":"freight","reporting_marks":"CPKC","usage":"main"},"id":"way/26571823"},{"type":"Feature","geometry":{"type":"LineString","coordinates":[[-79.871654,43.253852],[-79.871058,43.253644],[-79.870888,43.253585],[-79.870815,43.25356],[-79.870744,43.253535],[-79.870669,43.253513],[-79.870629,43.253502]]},"properties":{"@id":"way/35778019","electrified":"no","gauge":"1435","maxspeed":"15 mph","operator":"GO Transit","operator:wikidata":"Q117706368","operator:wikipedia":"en:Canadian Pacific Kansas City","owner":"CPKC","owner:wikidata":"Q117706368","railway":"rail","railway:traffic_mode":"passenger","usage":"branch"},"id":"way/35778019"},{"type":"Feature","geometry":{"type":"LineString","coordinates":[[-79.890846,43.279864],[-79.89117,43.279244]]},"properties":{"@id":"way/129080193","bridge":"yes","electrified":"no","gauge":"1435","layer":"1","level":"1","line":"Lakeshore West line","maxspeed":"25 mph","operator":"Canadian Pacific Kansas City","operator:short":"CPKC","operator:wikidata":"Q117706368","railway":"rail","railway:traffic_mode":"mixed","usage":"main"},"id":"way/129080193"},{"type":"Feature","geometry":{"type":"LineString","coordinates":[[-79.891215,43.279251],[-79.890897,43.279878]]},"properties":{"@id":"way/129080194","bridge":"yes","electrified":"no","gauge":"1435","layer":"1","level":"1","line":"Lakeshore West line","maxspeed":"15 mph","name":"Hamilton Subdivision","operator":"Canadian Pacific Kansas City","operator:short":"CPKC","operator:wikidata":"Q117706368","operator:wikipedia":"en:Canadian Pacific Kansas City","owner":"CPKC","owner:wikidata":"Q117706368","railway":"rail","railway:traffic_mode":"freight","reporting_marks":"CPKC","usage":"main"},"id":"way/129080194"},{"type":"Feature","geometry":{"type":"LineString","coordinates":[[-79.891741,43.278111],[-79.891609,43.278335],[-79.891502,43.278517],[-79.89139,43.278705]]},"properties":{"@id":"way/129080196","electrified":"no","gauge":"1435","line":"Lakeshore West line","operator":"Canadian Pacific Kansas City","operator:short":"CPKC","operator:wikidata":"Q117706368","operator:wikipedia":"en:Canadian Pacific Kansas City","owner":"CPKC","owner:wikidata":"Q117706368","railway":"rail","railway:traffic_mode":"mixed","service":"crossover"},"id":"way/129080196"},{"type":"Feature","geometry":{"type":"LineString","coordinates":[[-79.891298,43.279096],[-79.891456,43.278718],[-79.891532,43.278522]]},"properties":{"@id":"way/129080197","electrified":"no","gauge":"1435","line":"Lakeshore West line","operator":"Canadian Pacific Kansas City","operator:short":"CPKC","operator:wikidata":"Q117706368","railway":"rail","railway:traffic_mode":"freight","service":"crossover"},"id":"way/129080197"},{"type":"Feature","geometry":{"type":"LineString","coordinates":[[-79.870629,43.253502],[-79.870479,43.253463],[-79.870346,43.253428]]},"properties":{"@id":"way/131165925","bridge":"yes","electrified":"no","gauge":"1435","layer":"1","maxspeed":"15 mph","operator":"GO Transit","operator:wikidata":"Q117706368","operator:wikipedia":"en:Canadian Pacific Kansas City","owner":"CPKC","owner:wikidata":"Q117706368","railway":"rail","railway:traffic_mode":"passenger","usage":"branch"},"id":"way/131165925"},{"type":"Feature","geometry":{"type":"LineString","coordinates":[[-79.804709,43.252357],[-79.804929,43.252411]]},"properties":{"@id":"way/141912596","bridge":"yes","electrified":"no","gauge":"1435","layer":"1","maxspeed":"30 mph","name":"Grimsby Subdivision","operator":"Canadian National Railway","operator:short":"CN","operator:wikidata":"Q624798","operator:wikipedia":"en:Canadian National Railway","owner":"Canadian National Railway","railway":"rail","railway:traffic_mode":"mixed","reporting_marks":"CN","source":"Bing","usage":"main"},"id":"way/141912596"},{"type":"Feature","geometry":{"type":"LineString","coordinates":[[-79.838385,43.260277],[-79.838665,43.260339]]},"properties":{"@id":"way/141912599","bridge":"yes","electrified":"no","gauge":"1435","layer":"1","maxspeed":"30 mph","name":"Grimsby Subdivision","operator":"Canadian National Railway","operator:short":"CN","operator:wikidata":"Q624798","operator:wikipedia":"en:Canadian National Railway","owner":"Canadian National Railway","railway":"rail","railway:traffic_mode":"mixed","reporting_marks":"CN","source":"Bing","usage":"main"},"id":"way/141912599"},{"type":"Feature","geometry":{"type":"LineString","coordinates":[[-79.817865,43.255446],[-79.818083,43.255497]]},"properties":{"@id":"way/141912603","bridge":"yes","electrified":"no","gauge":"1435","layer":"1","maxspeed":"30 mph","name":"Grimsby Subdivision","operator":"Canadian National Railway","operator:short":"CN","operator:wikidata":"Q624798","operator:wikipedia":"en:Canadian National Railway","owner":"Canadian National Railway","railway":"rail","railway:traffic_mode":"mixed","reporting_marks":"CN","source":"Bing","usage":"main"},"id":"way/141912603"},{"type":"Feature","geometry":{"type":"LineString","coordinates":[[-79.804929,43.252411],[-79.808099,43.253149],[-79.809901,43.253572],[-79.811081,43.253851],[-79.811945,43.254054],[-79.814797,43.254731],[-79.817865,43.255446]]},"properties":{"@id":"way/141912609","electrified":"no","gauge":"1435","maxspeed":"30 mph","name":"Grimsby Subdivision","operator":"Canadian National Railway","operator:short":"CN","operator:wikidata":"Q624798","operator:wikipedia":"en:Canadian National Railway","owner":"Canadian National Railway","railway":"rail","railway:traffic_mode":"mixed","reporting_marks":"CN","source":"Bing","usage":"main"},"id":"way/141912609"},{"type":"Feature","geometry":{"type":"LineString","coordinates":[[-79.77078,43.244358],[-79.77741,43.245921],[-79.77749,43.24594],[-79.77761,43.245968],[-79.787059,43.248194],[-79.804709,43.252357]]},"properties":{"@id":"way/141912614","electrified":"no","gauge":"1435","maxspeed":"30 mph","name":"Grimsby Subdivision","operator":"Canadian National Railway","operator:short":"CN","operator:wikidata":"Q624798","operator:wikipedia":"en:Canadian National Railway","owner":"Canadian National Railway","railway":"rail","railway:traffic_mode":"mixed","reporting_marks":"CN","source":"Bing","usage":"main"},"id":"way/141912614"},{"type":"Feature","geometry":{"type":"LineString","coordinates":[[-79.818083,43.255497],[-79.820016,43.255949],[-79.822801,43.256598],[-79.824787,43.257074],[-79.82992,43.25829],[-79.834873,43.259456],[-79.838385,43.260277]]},"properties":{"@id":"way/141912618","electrified":"no","gauge":"1435","maxspeed":"30 mph","name":"Grimsby Subdivision","operator":"Canadian National Railway","operator:short":"CN","operator:wikidata":"Q624798","operator:wikipedia":"en:Canadian National Railway","owner":"Canadian National Railway","railway":"rail","railway:traffic_mode":"mixed","reporting_marks":"CN","source":"Bing","usage":"main"},"id":"way/141912618"},{"type":"Feature","geometry":{"type":"LineString","coordinates":[[-79.838665,43.260339],[-79.840069,43.260671],[-79.841244,43.260949],[-79.844772,43.261782],[-79.846541,43.26219],[-79.852137,43.263509],[-79.852202,43.263524],[-79.854838,43.264141],[-79.857563,43.264787]]},"properties":{"@id":"way/141912619","electrified":"no","gauge":"1435","maxspeed":"30 mph","name":"Grimsby Subdivision","operator":"Canadian National Railway","operator:short":"CN","operator:wikidata":"Q624798","operator:wikipedia":"en:Canadian National Railway","owner":"Canadian National Railway","railway":"rail","railway:traffic_mode":"mixed","reporting_marks":"CN","source":"Bing","usage":"main"},"id":"way/141912619"},{"type":"Feature","geometry":{"type":"LineString","coordinates":[[-79.890194,43.279424],[-79.890377,43.279957]]},"properties":{"@id":"way/141912625","bridge":"yes","electrified":"no","gauge":"1435","layer":"1","maxspeed":"30 mph","name":"Oakville Subdivision","operator":"Canadian National Railway;GO Transit;Amtrak;VIA Rail","operator:short":"CN","operator:wikidata":"Q624798","operator:wikipedia":"en:Canadian National Railway","owner":"Canadian National Railway","passenger":"yes","railway":"rail","railway:traffic_mode":"mixed","reporting_marks":"CN;GOT;AMTK;VIA","source":"Bing","usage":"main"},"id":"way/141912625"},{"type":"Feature","geometry":{"type":"LineString","coordinates":[[-79.87394,43.268631],[-79.874183,43.268688],[-79.874394,43.268737],[-79.874613,43.268785],[-79.874839,43.26883],[-79.875053,43.268869],[-79.875276,43.268908],[-79.876478,43.26911],[-79.876725,43.269153],[-79.876965,43.269192],[-79.877213,43.269235],[-79.877483,43.269282],[-79.877727,43.269327],[-79.877994,43.269382],[-79.878255,43.269443],[-79.878546,43.269517],[-79.880302,43.269992],[-79.882484,43.270581],[-79.882708,43.270647],[-79.882919,43.270714],[-79.883117,43.270784],[-79.883315,43.270862],[-79.883506,43.270945],[-79.88369,43.271032],[-79.883885,43.271134],[-79.88408,43.271247],[-79.88426,43.27136],[-79.884424,43.271473],[-79.884595,43.271601],[-79.884759,43.271734],[-79.884886,43.271848],[-79.885008,43.271962],[-79.885124,43.272078],[-79.885653,43.272626],[-79.886058,43.273052],[-79.886263,43.273274],[-79.886367,43.27339],[-79.886456,43.273492],[-79.886546,43.2736],[-79.886634,43.27371],[-79.886715,43.273818],[-79.8868,43.273932],[-79.886884,43.274049],[-79.88697,43.27417],[-79.887172,43.274461],[-79.888978,43.277128],[-79.889235,43.277513],[-79.889389,43.277748],[-79.889522,43.277968],[-79.889665,43.278215],[-79.889777,43.278426],[-79.889887,43.278653],[-79.889985,43.278878],[-79.890079,43.279116],[-79.890194,43.279424]]},"properties":{"@id":"way/141912628","electrified":"no","gauge":"1435","maxspeed":"30 mph","name":"Oakville Subdivision","operator":"Canadian National Railway;GO Transit;Amtrak;VIA Rail","operator:short":"CN","operator:wikidata":"Q624798","operator:wikipedia":"en:Canadian National Railway","owner":"Canadian National Railway","passenger":"yes","railway":"rail","railway:traffic_mode":"mixed","reporting_marks":"CN;GOT;AMTK;VIA","source":"Bing","usage":"main"},"id":"way/141912628"},{"type":"Feature","geometry":{"type":"LineString","coordinates":[[-79.83865,43.260369],[-79.838371,43.260307]]},"properties":{"@id":"way/141912711","bridge":"yes","electrified":"no","gauge":"1435","layer":"1","maxspeed":"30 mph","name":"Grimsby Subdivision","operator":"Canadian National Railway","operator:short":"CN","operator:wikidata":"Q624798","operator:wikipedia":"en:Canadian National Railway","owner":"Canadian National Railway","railway":"rail","railway:traffic_mode":"mixed","reporting_marks":"CN","usage":"main"},"id":"way/141912711"},{"type":"Feature","geometry":{"type":"LineString","coordinates":[[-79.838371,43.260307],[-79.83518,43.259554],[-79.834857,43.259491],[-79.830999,43.258575],[-79.829903,43.258325],[-79.82615,43.257421],[-79.824774,43.257105],[-79.822545,43.256578],[-79.818065,43.255525]]},"properties":{"@id":"way/141912750","electrified":"no","gauge":"1435","maxspeed":"30 mph","name":"Grimsby Subdivision","operator":"Canadian National Railway","operator:short":"CN","operator:wikidata":"Q624798","operator:wikipedia":"en:Canadian National Railway","owner":"Canadian National Railway","railway":"rail","railway:traffic_mode":"mixed","reporting_marks":"CN","usage":"main"},"id":"way/141912750"},{"type":"Feature","geometry":{"type":"LineString","coordinates":[[-79.814458,43.254691],[-79.814165,43.254622],[-79.811397,43.253974],[-79.811063,43.253895],[-79.810709,43.253811],[-79.809272,43.253471],[-79.808638,43.25332],[-79.805719,43.252634],[-79.804915,43.252445]]},"properties":{"@id":"way/141912855","electrified":"no","gauge":"1435","maxspeed":"30 mph","name":"Grimsby Subdivision","operator":"Canadian National Railway","operator:short":"CN","operator:wikidata":"Q624798","operator:wikipedia":"en:Canadian National Railway","owner":"Canadian National Railway","railway":"rail","railway:traffic_mode":"mixed","reporting_marks":"CN","source":"Bing","usage":"main"},"id":"way/141912855"},{"type":"Feature","geometry":{"type":"LineString","coordinates":[[-79.804692,43.252392],[-79.803926,43.252213],[-79.803737,43.252166],[-79.801713,43.251676],[-79.789274,43.248751],[-79.787186,43.248263],[-79.787045,43.24823],[-79.784947,43.247728],[-79.781566,43.246932],[-79.777596,43.245997],[-79.777476,43.245969],[-79.777398,43.245951],[-79.772419,43.244777],[-79.770825,43.244407],[-79.770761,43.244392]]},"properties":{"@id":"way/147001857","electrified":"no","gauge":"1435","maxspeed":"30 mph","name":"Grimsby Subdivision","operator":"Canadian National Railway","operator:short":"CN","operator:wikidata":"Q624798","operator:wikipedia":"en:Canadian National Railway","owner":"Canadian National Railway","railway":"rail","railway:traffic_mode":"mixed","reporting_marks":"CN","usage":"main"},"id":"way/147001857"},{"type":"Feature","geometry":{"type":"LineString","coordinates":[[-79.804915,43.252445],[-79.804692,43.252392]]},"properties":{"@id":"way/147001858","bridge":"yes","electrified":"no","gauge":"1435","layer":"1","maxspeed":"30 mph","name":"Grimsby Subdivision","operator":"Canadian National Railway","operator:short":"CN","operator:wikidata":"Q624798","operator:wikipedia":"en:Canadian National Railway","owner":"Canadian National Railway","railway":"rail","railway:traffic_mode":"mixed","reporting_marks":"CN","source":"Bing","usage":"main"},"id":"way/147001858"},{"type":"Feature","geometry":{"type":"LineString","coordinates":[[-79.785589,43.27412],[-79.785546,43.274061],[-79.785514,43.274014],[-79.785477,43.273957],[-79.785455,43.273917],[-79.785423,43.273867],[-79.785393,43.27382],[-79.785342,43.273755],[-79.785288,43.273696],[-79.785235,43.273643],[-79.785232,43.27364],[-79.785169,43.273584],[-79.785082,43.273512],[-79.78508,43.27351],[-79.784772,43.273267],[-79.784593,43.273116],[-79.784096,43.272716],[-79.783503,43.272237]]},"properties":{"@id":"way/147218114","electrified":"no","gauge":"1435","railway":"rail","usage":"industrial"},"id":"way/147218114"},{"type":"Feature","geometry":{"type":"LineString","coordinates":[[-79.783298,43.272128],[-79.782072,43.271107],[-79.78202,43.271062],[-79.781964,43.271013],[-79.781918,43.270968],[-79.781878,43.270925],[-79.781826,43.27087],[-79.781219,43.270167],[-79.78117,43.27011],[-79.781156,43.270087],[-79.781123,43.270042],[-79.781086,43.269988],[-79.781049,43.26992],[-79.781017,43.269855],[-79.780989,43.269785],[-79.780967,43.26972],[-79.780949,43.269649],[-79.780935,43.269569],[-79.78093,43.269493],[-79.78093,43.26942],[-79.780937,43.269362],[-79.780947,43.269295],[-79.780962,43.269228],[-79.780975,43.269176],[-79.780998,43.26911],[-79.781025,43.269038],[-79.781063,43.268968],[-79.781107,43.268907],[-79.781185,43.268813]]},"properties":{"@id":"way/147218115","electrified":"no","gauge":"1435","railway":"rail","railway:traffic_mode":"freight","usage":"industrial"},"id":"way/147218115"},{"type":"Feature","geometry":{"type":"LineString","coordinates":[[-79.870745,43.267954],[-79.870645,43.267926],[-79.870604,43.267914],[-79.870527,43.267891],[-79.870459,43.26787],[-79.870399,43.267851],[-79.870309,43.267827],[-79.870222,43.267802],[-79.87005,43.267753]]},"properties":{"@id":"way/147382655","electrified":"no","gauge":"1435","operator":"Canadian National Railway","operator:short":"CN","operator:wikidata":"Q624798","operator:wikipedia":"en:Canadian National Railway","owner":"Canadian National Railway","railway":"rail","service":"crossover"},"id":"way/147382655"},{"type":"Feature","geometry":{"type":"LineString","coordinates":[[-79.830127,43.238033],[-79.830074,43.238004],[-79.83001,43.237971],[-79.829908,43.237913],[-79.829832,43.237868],[-79.829762,43.237824],[-79.829677,43.237774],[-79.829574,43.237719],[-79.829469,43.237664]]},"properties":{"@id":"way/147587341","operator":"Canadian Pacific Kansas City","operator:short":"CPKC","operator:wikidata":"Q117706368","operator:wikipedia":"en:Canadian Pacific Kansas City","owner":"CPKC","owner:wikidata":"Q117706368","railway":"rail","service":"crossover"},"id":"way/147587341"},{"type":"Feature","geometry":{"type":"LineString","coordinates":[[-79.87311,43.254231],[-79.872841,43.254172],[-79.872665,43.254134],[-79.872567,43.254115],[-79.872471,43.254094],[-79.872361,43.254069],[-79.872228,43.254033],[-79.872124,43.254005],[-79.872014,43.253972],[-79.871918,43.253941],[-79.871803,43.253903],[-79.871654,43.253852]]},"properties":{"@id":"way/147606035","electrified":"no","gauge":"1435","maxspeed":"25 mph","operator":"GO Transit","operator:wikidata":"Q117706368","operator:wikipedia":"en:Canadian Pacific Kansas City","owner":"CPKC","owner:wikidata":"Q117706368","railway":"rail","railway:traffic_mode":"passenger","usage":"branch"},"id":"way/147606035"},{"type":"Feature","geometry":{"type":"LineString","coordinates":[[-79.870374,43.253355],[-79.870306,43.253334],[-79.870229,43.253312],[-79.870096,43.253277],[-79.869983,43.253248],[-79.867977,43.252767],[-79.867739,43.252712],[-79.867127,43.252564],[-79.867015,43.252536],[-79.866923,43.252512],[-79.866802,43.252478],[-79.866722,43.252453],[-79.866581,43.252409],[-79.866447,43.252357]]},"properties":{"@id":"way/147606037","electrified":"no","gauge":"1435","layer":"1","maxspeed":"25 mph","operator":"GO Transit","operator:wikidata":"Q117706368","operator:wikipedia":"en:Canadian Pacific Kansas City","owner":"CPKC","owner:wikidata":"Q117706368","railway":"rail","railway:traffic_mode":"passenger","usage":"branch"},"id":"way/147606037"},{"type":"Feature","geometry":{"type":"LineString","coordinates":[[-79.870654,43.253447],[-79.870506,43.253399],[-79.870374,43.253355]]},"properties":{"@id":"way/147606048","bridge":"yes","electrified":"no","gauge":"1435","layer":"1","maxspeed":"25 mph","operator":"GO Transit","operator:wikidata":"Q117706368","operator:wikipedia":"en:Canadian Pacific Kansas City","owner":"CPKC","owner:wikidata":"Q117706368","railway":"rail","railway:traffic_mode":"passenger","usage":"branch"},"id":"way/147606048"},{"type":"Feature","geometry":{"type":"LineString","coordinates":[[-79.817864,43.255486],[-79.816619,43.255195],[-79.815184,43.25486],[-79.814785,43.254766],[-79.814458,43.254691]]},"properties":{"@id":"way/149025693","electrified":"no","gauge":"1435","maxspeed":"30 mph","name":"Grimsby Subdivision","operator":"Canadian National Railway","operator:short":"CN","operator:wikidata":"Q624798","operator:wikipedia":"en:Canadian National Railway","owner":"Canadian National Railway","railway":"rail","railway:traffic_mode":"mixed","reporting_marks":"CN","usage":"main"},"id":"way/149025693"},{"type":"Feature","geometry":{"type":"LineString","coordinates":[[-79.852981,43.263745],[-79.852187,43.263561],[-79.852121,43.263546],[-79.846504,43.262236],[-79.84605,43.262135],[-79.845392,43.261965],[-79.844757,43.261818],[-79.841556,43.261056],[-79.841019,43.260932],[-79.83865,43.260369]]},"properties":{"@id":"way/149033526","electrified":"no","gauge":"1435","maxspeed":"30 mph","name":"Grimsby Subdivision","operator":"Canadian National Railway","operator:short":"CN","operator:wikidata":"Q624798","operator:wikipedia":"en:Canadian National Railway","owner":"Canadian National Railway","railway":"rail","railway:traffic_mode":"mixed","reporting_marks":"CN","usage":"main"},"id":"way/149033526"},{"type":"Feature","geometry":{"type":"LineString","coordinates":[[-79.86901,43.267511],[-79.86661,43.266949],[-79.864957,43.266561],[-79.864346,43.266417]]},"properties":{"@id":"way/149033527","electrified":"no","gauge":"1435","maxspeed":"30 mph","name":"Oakville Subdivision","operator":"Canadian National Railway;GO Transit;Amtrak;VIA Rail","operator:short":"CN","operator:wikidata":"Q624798","operator:wikipedia":"en:Canadian National Railway","owner":"Canadian National Railway","passenger":"yes","railway":"rail","railway:traffic_mode":"mixed","reporting_marks":"CN;GOT;AMTK;VIA","source":"Bing","usage":"main"},"id":"way/149033527"},{"type":"Feature","geometry":{"type":"LineString","coordinates":[[-79.885801,43.272848],[-79.885078,43.272102],[-79.884964,43.271986],[-79.884845,43.271875],[-79.884715,43.27176],[-79.884549,43.271621],[-79.884389,43.271502],[-79.884225,43.271389],[-79.884049,43.271278],[-79.883854,43.271165],[-79.883655,43.271062],[-79.883482,43.270979],[-79.883285,43.270893],[-79.883087,43.270816],[-79.8829,43.270747],[-79.882684,43.270677],[-79.882465,43.270615],[-79.880275,43.270025],[-79.878507,43.269547],[-79.878243,43.269479],[-79.877984,43.269419],[-79.877712,43.269363],[-79.877465,43.269318],[-79.877198,43.269273],[-79.876943,43.26923],[-79.876708,43.269191],[-79.876472,43.26915],[-79.875264,43.268945],[-79.87504,43.268905],[-79.874818,43.268864],[-79.874604,43.26882],[-79.874381,43.268771],[-79.874174,43.268723],[-79.873924,43.268664],[-79.871987,43.26821],[-79.871222,43.268026],[-79.870565,43.267873],[-79.87005,43.267753],[-79.86901,43.267511]]},"properties":{"@id":"way/149033529","electrified":"no","gauge":"1435","maxspeed":"30 mph","name":"Oakville Subdivision","operator":"Canadian National Railway;GO Transit;Amtrak;VIA Rail","operator:short":"CN","operator:wikidata":"Q624798","operator:wikipedia":"en:Canadian National Railway","owner":"Canadian National Railway","passenger":"yes","railway":"rail","railway:traffic_mode":"mixed","reporting_marks":"CN;GOT;AMTK;VIA","source":"Bing","usage":"main"},"id":"way/149033529"},{"type":"Feature","geometry":{"type":"LineString","coordinates":[[-79.927434,43.286338],[-79.927546,43.286334],[-79.92764,43.286327],[-79.927703,43.286323]]},"properties":{"@id":"way/149066636","bridge":"yes","electrified":"no","gauge":"1435","layer":"1","maxspeed":"55 mph","name":"Dundas Subdivision","operator":"Canadian National Railway","operator:short":"CN","operator:wikidata":"Q624798","operator:wikipedia":"en:Canadian National Railway","owner":"Canadian National Railway","railway":"rail","railway:traffic_mode":"mixed","usage":"main"},"id":"way/149066636"},{"type":"Feature","geometry":{"type":"LineString","coordinates":[[-79.888899,43.288812],[-79.889022,43.288634],[-79.8891,43.28853],[-79.889178,43.288433],[-79.889244,43.288342],[-79.889307,43.288249],[-79.889748,43.287533],[-79.889907,43.287292],[-79.89054,43.286279],[-79.890712,43.285988],[-79.890794,43.285847],[-79.890872,43.285702],[-79.89096,43.285505],[-79.891058,43.285233],[-79.891094,43.285097],[-79.891139,43.284893],[-79.891163,43.284701],[-79.891172,43.28453],[-79.891172,43.2843],[-79.891157,43.284152],[-79.891133,43.283957],[-79.891036,43.283352],[-79.890956,43.282853],[-79.890889,43.282426]]},"properties":{"@id":"way/153823506","electrified":"no","gauge":"1435","maxspeed":"30 mph","name":"Oakville Subdivision","operator":"Canadian National Railway;GO Transit;Amtrak;VIA Rail","operator:short":"CN","operator:wikidata":"Q624798","operator:wikipedia":"en:Canadian National Railway","owner":"Canadian National Railway","passenger":"yes","railway":"rail","railway:traffic_mode":"mixed","reporting_marks":"CN;GOT;AMTK;VIA","source":"Bing","usage":"main"},"id":"way/153823506"},{"type":"Feature","geometry":{"type":"LineString","coordinates":[[-79.890872,43.282664],[-79.89093,43.283354]]},"properties":{"@id":"way/153823511","electrified":"no","gauge":"1435","operator":"Canadian National Railway","operator:short":"CN","operator:wikidata":"Q624798","operator:wikipedia":"en:Canadian National Railway","owner":"Canadian National Railway","railway":"rail","service":"crossover"},"id":"way/153823511"},{"type":"Feature","geometry":{"type":"LineString","coordinates":[[-79.896356,43.28814],[-79.896194,43.288105],[-79.896159,43.288097],[-79.896049,43.288073],[-79.895893,43.288032],[-79.895738,43.287989],[-79.895492,43.287928]]},"properties":{"@id":"way/153824640","electrified":"no","gauge":"1435","railway":"rail","service":"crossover"},"id":"way/153824640"},{"type":"Feature","geometry":{"type":"LineString","coordinates":[[-79.874557,43.268661],[-79.875248,43.26882],[-79.875512,43.268879],[-79.875761,43.26893],[-79.876009,43.268981],[-79.876246,43.269028],[-79.876489,43.269072],[-79.876744,43.269118],[-79.87698,43.269158],[-79.877228,43.2692],[-79.877486,43.269243],[-79.877762,43.269294],[-79.878013,43.269346],[-79.878272,43.269407],[-79.878551,43.269478],[-79.879678,43.269783],[-79.88032,43.269957],[-79.882234,43.270471],[-79.882513,43.270548],[-79.882738,43.270612],[-79.882948,43.270678],[-79.883155,43.270753],[-79.88335,43.27083],[-79.883535,43.270911],[-79.883729,43.271002],[-79.883926,43.271106],[-79.884117,43.271215],[-79.8843,43.27133],[-79.88448,43.271456],[-79.884636,43.271572],[-79.884801,43.271708],[-79.884936,43.271828],[-79.885046,43.271934],[-79.885163,43.272052],[-79.885335,43.27223],[-79.885697,43.272605],[-79.886104,43.27303],[-79.88632,43.273255],[-79.886422,43.273362],[-79.886514,43.273466],[-79.886607,43.273577],[-79.886694,43.273686],[-79.886774,43.273793],[-79.886862,43.273915],[-79.886941,43.274031],[-79.887024,43.274154],[-79.887388,43.274692],[-79.887849,43.275368],[-79.888317,43.276061],[-79.889288,43.277497],[-79.889445,43.277729],[-79.88959,43.27795],[-79.889733,43.278191],[-79.889848,43.278407],[-79.889962,43.278634],[-79.890064,43.278863],[-79.890157,43.279101],[-79.890253,43.279367]]},"properties":{"@id":"way/153879470","construction":"rail","electrified":"no","gauge":"1435","operator":"Canadian National Railway","operator:short":"CN","operator:wikidata":"Q624798","operator:wikipedia":"en:Canadian National Railway","owner":"Canadian National Railway","railway":"rail","usage":"main"},"id":"way/153879470"},{"type":"Feature","geometry":{"type":"LineString","coordinates":[[-79.870636,43.26769],[-79.872195,43.268046],[-79.873468,43.268357],[-79.873766,43.268427],[-79.874576,43.26862],[-79.875277,43.268783],[-79.87575,43.268885],[-79.876003,43.268939],[-79.876259,43.26899],[-79.876505,43.269036],[-79.876776,43.269083],[-79.877018,43.269124],[-79.877264,43.269166],[-79.8775,43.269208],[-79.877769,43.269258],[-79.878025,43.269311]]},"properties":{"@id":"way/153880931","electrified":"no","gauge":"1435","operator":"Canadian National Railway","operator:short":"CN","operator:wikidata":"Q624798","operator:wikipedia":"en:Canadian National Railway","owner":"Canadian National Railway","railway":"rail","usage":"main"},"id":"way/153880931"},{"type":"Feature","geometry":{"type":"LineString","coordinates":[[-79.878025,43.269311],[-79.878285,43.269371],[-79.878569,43.269442],[-79.880722,43.270023],[-79.882543,43.270513],[-79.882817,43.270588],[-79.883026,43.270653],[-79.883246,43.270727],[-79.883452,43.270807],[-79.88367,43.270901],[-79.883892,43.27101],[-79.884145,43.271151],[-79.884389,43.271311],[-79.884546,43.271418],[-79.884695,43.271536],[-79.884882,43.2717],[-79.885054,43.271874],[-79.885376,43.272209]]},"properties":{"@id":"way/153880932","electrified":"no","gauge":"1435","operator":"Canadian National Railway","operator:short":"CN","operator:wikidata":"Q624798","operator:wikipedia":"en:Canadian National Railway","owner":"Canadian National Railway","railway":"rail","source":"Bing","usage":"main"},"id":"way/153880932"},{"type":"Feature","geometry":{"type":"LineString","coordinates":[[-79.927703,43.286323],[-79.9279,43.286309],[-79.928011,43.286299],[-79.928123,43.286289],[-79.928322,43.286268],[-79.928494,43.286247],[-79.9287,43.286221],[-79.928892,43.286195],[-79.929203,43.286147],[-79.929481,43.286094],[-79.929709,43.286047],[-79.92988,43.286008],[-79.93001,43.285978],[-79.930129,43.285949],[-79.930262,43.285913],[-79.930385,43.285883],[-79.930514,43.285845],[-79.93076,43.285773],[-79.93093,43.285718],[-79.931078,43.285667],[-79.931221,43.285619],[-79.931349,43.285573],[-79.931553,43.285495],[-79.931712,43.285433],[-79.931867,43.285369],[-79.931992,43.285312],[-79.932116,43.285256],[-79.932222,43.285207],[-79.932346,43.28515],[-79.932464,43.285091],[-79.932587,43.285031],[-79.932731,43.284954],[-79.932961,43.284829],[-79.933152,43.284716],[-79.933378,43.284577],[-79.934097,43.284104],[-79.934753,43.283662],[-79.935598,43.283092],[-79.936573,43.282431],[-79.9377,43.281669],[-79.939753,43.280285],[-79.9399,43.280187],[-79.940021,43.280112],[-79.940158,43.280018],[-79.940322,43.279911],[-79.940497,43.279808],[-79.940737,43.279663],[-79.940945,43.279542],[-79.941128,43.279438],[-79.941367,43.279307],[-79.941591,43.279187],[-79.941795,43.279077],[-79.942098,43.278928],[-79.94234,43.27881],[-79.942609,43.278691],[-79.942885,43.278564],[-79.943186,43.278435],[-79.943411,43.278341],[-79.943655,43.278243],[-79.943913,43.278141],[-79.944737,43.277834],[-79.945897,43.277403],[-79.946099,43.277328],[-79.946304,43.277252],[-79.946546,43.277161],[-79.946776,43.277079],[-79.947107,43.276955],[-79.947337,43.276873],[-79.947542,43.276796],[-79.947756,43.276717],[-79.948257,43.276532],[-79.948596,43.276406],[-79.949628,43.276024],[-79.950272,43.275787],[-79.950478,43.275712],[-79.95072,43.275625],[-79.950891,43.275566],[-79.951071,43.275503],[-79.951231,43.27545],[-79.951388,43.2754],[-79.95156,43.275345],[-79.951822,43.275268],[-79.951985,43.275219],[-79.952149,43.275177],[-79.95236,43.275122],[-79.952573,43.275066],[-79.952783,43.275013],[-79.953001,43.274967],[-79.953206,43.274922],[-79.953417,43.27488],[-79.953589,43.274845],[-79.953818,43.274805],[-79.954034,43.274771],[-79.954233,43.274741],[-79.955082,43.274603],[-79.956241,43.27443],[-79.95712,43.274297],[-79.95793,43.274179],[-79.958226,43.274135]]},"properties":{"@id":"way/160769511","electrified":"no","gauge":"1435","maxspeed":"55 mph","name":"Dundas Subdivision","operator":"Canadian National Railway","operator:short":"CN","operator:wikidata":"Q624798","operator:wikipedia":"en:Canadian National Railway","owner":"Canadian National Railway","railway":"rail","railway:traffic_mode":"mixed","usage":"main"},"id":"way/160769511"},{"type":"Feature","geometry":{"type":"LineString","coordinates":[[-79.897518,43.288254],[-79.897919,43.288285],[-79.898369,43.288307],[-79.898833,43.288313],[-79.899254,43.288307],[-79.899626,43.288291],[-79.899959,43.288269],[-79.900251,43.288244],[-79.900521,43.288213],[-79.900844,43.288174],[-79.901242,43.288113],[-79.901819,43.288016],[-79.902727,43.287856],[-79.90346,43.287723],[-79.905468,43.287379],[-79.907846,43.28697],[-79.910724,43.286474],[-79.911229,43.286387],[-79.911444,43.286351],[-79.911705,43.286308],[-79.91197,43.286265],[-79.912223,43.286225],[-79.912539,43.28618],[-79.91286,43.286137],[-79.913167,43.2861],[-79.913483,43.286065],[-79.913854,43.286029],[-79.914207,43.285997],[-79.914572,43.285972],[-79.914937,43.285948],[-79.915204,43.285937],[-79.915469,43.285926],[-79.916075,43.285906],[-79.917057,43.285908],[-79.918435,43.28596],[-79.920171,43.28605],[-79.92161,43.286121],[-79.923949,43.286236],[-79.925925,43.286333],[-79.926363,43.286347],[-79.926591,43.286352],[-79.926832,43.286354],[-79.926949,43.286354],[-79.927067,43.286352],[-79.927276,43.286346],[-79.927434,43.286338]]},"properties":{"@id":"way/160769522","electrified":"no","gauge":"1435","maxspeed":"55 mph","name":"Dundas Subdivision","operator":"Canadian National Railway","operator:short":"CN","operator:wikidata":"Q624798","operator:wikipedia":"en:Canadian National Railway","owner":"Canadian National Railway","railway":"rail","railway:traffic_mode":"mixed","usage":"main"},"id":"way/160769522"},{"type":"Feature","geometry":{"type":"LineString","coordinates":[[-79.823094,43.259804],[-79.822476,43.259632],[-79.821942,43.259486],[-79.819827,43.25889],[-79.819245,43.258725],[-79.819075,43.258674],[-79.818903,43.258612],[-79.81879,43.258565],[-79.818644,43.258497],[-79.818637,43.258494],[-79.818518,43.258428],[-79.818405,43.258357],[-79.818288,43.258269],[-79.818171,43.258178],[-79.818084,43.258096],[-79.817989,43.258001],[-79.817913,43.257911],[-79.817837,43.257811],[-79.817783,43.257727],[-79.817712,43.257605],[-79.81766,43.257491],[-79.817606,43.257342],[-79.817583,43.257264],[-79.817557,43.257113],[-79.817545,43.257025],[-79.817542,43.256911],[-79.817544,43.256787],[-79.817556,43.256685],[-79.817574,43.256592],[-79.817605,43.256469],[-79.81765,43.256344],[-79.817698,43.256231],[-79.817824,43.255936],[-79.818032,43.255453],[-79.818112,43.255288],[-79.81844,43.254554],[-79.818495,43.254442],[-79.818576,43.254311],[-79.818657,43.254201],[-79.818799,43.25405],[-79.818993,43.253878],[-79.819343,43.253593],[-79.820501,43.252585]]},"properties":{"@id":"way/169165064","electrified":"no","gauge":"1435","name":"Hamilton Belt Line","operator":"Canadian Pacific Kansas City","operator:short":"CPKC","operator:wikidata":"Q117706368","operator:wikipedia":"en:Canadian Pacific Kansas City","owner":"CPKC","owner:wikidata":"Q117706368","railway":"rail","railway:traffic_mode":"freight","usage":"industrial"},"id":"way/169165064"},{"type":"Feature","geometry":{"type":"LineString","coordinates":[[-79.89139,43.278705],[-79.891482,43.278514],[-79.891575,43.278327],[-79.891703,43.278081],[-79.891815,43.277869],[-79.891895,43.277738],[-79.891946,43.277662],[-79.892099,43.277386]]},"properties":{"@id":"way/173349547","electrified":"no","gauge":"1435","maxspeed":"25 mph","operator":"Canadian Pacific Kansas City","operator:short":"CPKC","operator:wikidata":"Q117706368","operator:wikipedia":"en:Canadian Pacific Kansas City","owner":"CPKC","owner:wikidata":"Q117706368","railway":"rail","railway:traffic_mode":"mixed","usage":"main"},"id":"way/173349547"},{"type":"Feature","geometry":{"type":"LineString","coordinates":[[-79.751897,43.21279],[-79.752893,43.21279],[-79.754696,43.212722],[-79.757762,43.212545],[-79.758147,43.212523],[-79.758465,43.212507],[-79.760267,43.212416],[-79.765033,43.212162],[-79.767077,43.212052],[-79.767345,43.212038],[-79.769281,43.211937],[-79.771369,43.211826],[-79.771893,43.211798],[-79.772427,43.211771],[-79.772739,43.211764],[-79.773034,43.21176],[-79.773324,43.211762],[-79.77371,43.211777],[-79.774091,43.211797],[-79.774451,43.211827],[-79.774794,43.211869],[-79.775153,43.211917],[-79.775509,43.211977],[-79.775719,43.212015],[-79.775978,43.212063],[-79.776128,43.212101],[-79.776185,43.212112],[-79.776468,43.212179],[-79.776803,43.212265],[-79.777104,43.212354],[-79.77736,43.212437],[-79.777661,43.212535],[-79.777927,43.212634],[-79.778169,43.212724],[-79.778384,43.212812],[-79.778649,43.212931],[-79.778903,43.213052],[-79.779208,43.213204],[-79.779447,43.213333],[-79.779685,43.213466],[-79.779946,43.213624],[-79.780151,43.213755],[-79.780348,43.213885],[-79.780545,43.214022],[-79.780819,43.214231],[-79.781073,43.214436],[-79.781381,43.214696],[-79.781644,43.214952],[-79.781874,43.215187],[-79.782122,43.215462],[-79.782302,43.215696],[-79.782605,43.216083],[-79.782961,43.216556],[-79.783525,43.217304],[-79.783902,43.217838],[-79.784044,43.21801],[-79.784357,43.218423],[-79.784594,43.218739],[-79.784874,43.219115],[-79.785102,43.219421],[-79.785355,43.219767],[-79.785599,43.22008],[-79.785805,43.220351],[-79.785995,43.22059],[-79.786197,43.22083],[-79.786444,43.22108],[-79.786693,43.221311],[-79.786909,43.22149],[-79.787081,43.221631],[-79.787287,43.221779],[-79.787466,43.221904],[-79.787741,43.222075],[-79.787954,43.222198],[-79.788121,43.222291],[-79.788434,43.222447],[-79.788682,43.222559],[-79.788933,43.22267],[-79.78918,43.222765],[-79.789381,43.222837],[-79.789717,43.222949],[-79.790058,43.223047],[-79.790329,43.223116],[-79.790794,43.223225],[-79.791256,43.223331],[-79.791695,43.223428],[-79.792896,43.223711],[-79.793986,43.22397],[-79.794624,43.224102]]},"properties":{"@id":"way/179834461","electrified":"no","gauge":"1435","maxspeed":"35 mph","name":"Hamilton Subdivision","operator":"Canadian Pacific Kansas City","operator:short":"CPKC","operator:wikidata":"Q117706368","operator:wikipedia":"en:Canadian Pacific Kansas City","owner":"CPKC","owner:wikidata":"Q117706368","railway":"rail","railway:traffic_mode":"freight","reporting_marks":"CPKC","tracks":"1","usage":"main"},"id":"way/179834461"},{"type":"Feature","geometry":{"type":"LineString","coordinates":[[-79.784096,43.272716],[-79.784038,43.272671],[-79.783978,43.27263],[-79.783927,43.272596],[-79.783795,43.272515],[-79.78371,43.272458],[-79.783652,43.272416],[-79.783582,43.272363]]},"properties":{"@id":"way/250261806","electrified":"no","gauge":"1435","railway":"rail","source":"Bing","usage":"industrial"},"id":"way/250261806"},{"type":"Feature","geometry":{"type":"LineString","coordinates":[[-79.834371,43.264973],[-79.834766,43.265063]]},"properties":{"@id":"way/288841247","bridge":"yes","electrified":"no","gauge":"1435","layer":"1","name":"N&NW Spur","operator":"Canadian National Railway","railway":"rail","railway:traffic_mode":"freight","reporting_marks":"CN","usage":"industrial"},"id":"way/288841247"},{"type":"Feature","geometry":{"type":"LineString","coordinates":[[-79.834766,43.265063],[-79.835491,43.265224],[-79.836296,43.265402],[-79.837862,43.265749],[-79.838604,43.265916],[-79.839054,43.266016],[-79.84025,43.26628],[-79.840943,43.266432],[-79.841444,43.266544],[-79.841563,43.266574],[-79.842625,43.266807],[-79.843157,43.266926],[-79.845097,43.267355],[-79.848261,43.268055],[-79.848537,43.268112],[-79.84878,43.268146],[-79.849038,43.268177],[-79.849299,43.268197],[-79.849386,43.2682],[-79.84954,43.268204],[-79.849826,43.268202],[-79.850135,43.268193],[-79.850274,43.268177],[-79.850559,43.268143],[-79.850851,43.268096],[-79.851138,43.268037],[-79.851439,43.267962],[-79.851595,43.267912],[-79.851763,43.267856],[-79.851931,43.267794],[-79.852225,43.267675],[-79.852583,43.267506],[-79.852892,43.267347],[-79.853222,43.267141],[-79.853383,43.267032],[-79.853649,43.266852],[-79.853774,43.266761],[-79.853977,43.266614],[-79.854688,43.266076],[-79.854799,43.265997],[-79.854906,43.265924],[-79.855007,43.265858],[-79.855103,43.2658],[-79.85516,43.265766],[-79.855216,43.265731],[-79.855343,43.265652],[-79.856093,43.265212],[-79.856165,43.265171],[-79.856224,43.265139],[-79.856285,43.265107],[-79.856344,43.265079],[-79.856405,43.265052],[-79.856465,43.265028],[-79.856527,43.265005],[-79.856593,43.264984],[-79.85666,43.264964],[-79.856725,43.264947],[-79.856789,43.264932],[-79.85686,43.264918],[-79.856925,43.264908],[-79.856987,43.264898],[-79.857046,43.264891],[-79.857104,43.264886],[-79.85717,43.264881],[-79.85724,43.264879],[-79.857306,43.264879],[-79.857381,43.264879],[-79.857452,43.264881],[-79.857528,43.264886],[-79.857602,43.264893],[-79.857682,43.264903],[-79.85777,43.264917],[-79.857955,43.264957],[-79.85815,43.265003],[-79.858452,43.265073],[-79.858605,43.265107],[-79.858734,43.265132],[-79.858854,43.265154],[-79.858992,43.265178],[-79.85914,43.265205],[-79.859402,43.265257]]},"properties":{"@id":"way/288841248","electrified":"no","gauge":"1435","name":"N&NW Spur","operator":"Canadian National Railway","railway":"rail","railway:traffic_mode":"freight","reporting_marks":"CN","usage":"industrial"},"id":"way/288841248"},{"type":"Feature","geometry":{"type":"LineString","coordinates":[[-79.892139,43.277417],[-79.891973,43.277739],[-79.8919,43.277885],[-79.891829,43.27803],[-79.891764,43.278161],[-79.891672,43.278347],[-79.891584,43.278533],[-79.891487,43.278723],[-79.891298,43.279096],[-79.891215,43.279251]]},"properties":{"@id":"way/336775045","electrified":"no","gauge":"1435","line":"Lakeshore West line","maxspeed":"20 mph","name":"Hamilton Subdivision","operator":"Canadian Pacific Kansas City","operator:short":"CPKC","operator:wikidata":"Q117706368","operator:wikipedia":"en:Canadian Pacific Kansas City","owner":"CPKC","owner:wikidata":"Q117706368","railway":"rail","railway:traffic_mode":"freight","reporting_marks":"CPKC","usage":"main"},"id":"way/336775045"},{"type":"Feature","geometry":{"type":"LineString","coordinates":[[-79.891761,43.278069],[-79.891865,43.277866],[-79.891928,43.277727],[-79.892099,43.277386]]},"properties":{"@id":"way/336775046","electrified":"no","gauge":"1435","maxspeed":"25 mph","operator":"Canadian Pacific Kansas City","operator:short":"CPKC","operator:wikidata":"Q117706368","operator:wikipedia":"en:Canadian Pacific Kansas City","owner":"CPKC","owner:wikidata":"Q117706368","railway":"rail","railway:traffic_mode":"mixed","usage":"main"},"id":"way/336775046"},{"type":"Feature","geometry":{"type":"LineString","coordinates":[[-79.871015,43.267827],[-79.869795,43.267542],[-79.868654,43.267273],[-79.868055,43.267131],[-79.866702,43.266815]]},"properties":{"@id":"way/364380992","electrified":"no","gauge":"1435","operator":"GO Transit","operator:wikidata":"Q1357727","operator:wikipedia":"en:GO Transit","owner":"Metrolinx","railway":"rail","railway:traffic_mode":"mixed","usage":"main"},"id":"way/364380992"},{"type":"Feature","geometry":{"type":"LineString","coordinates":[[-79.887868,43.290581],[-79.888069,43.290277],[-79.888186,43.290108],[-79.888297,43.28995],[-79.88841,43.289798],[-79.888532,43.289649],[-79.888689,43.289474],[-79.888867,43.289297],[-79.889051,43.289139],[-79.889208,43.289018],[-79.889385,43.288896],[-79.889564,43.288781],[-79.889757,43.288672],[-79.889984,43.288557],[-79.890214,43.288454],[-79.890445,43.288365],[-79.890664,43.288288],[-79.890954,43.288193],[-79.891215,43.288108],[-79.891627,43.287975],[-79.891811,43.287917],[-79.892023,43.287854],[-79.892229,43.287799],[-79.892426,43.287753],[-79.892618,43.287715],[-79.892833,43.287683],[-79.893035,43.287661],[-79.893257,43.287648],[-79.89348,43.287645],[-79.893725,43.287652],[-79.893949,43.28767],[-79.89418,43.2877],[-79.894472,43.28775],[-79.894751,43.287805],[-79.895039,43.287867],[-79.895325,43.28793],[-79.895586,43.287987],[-79.895844,43.288043],[-79.896074,43.28809],[-79.896356,43.28814],[-79.8967,43.288194]]},"properties":{"@id":"way/509355383","electrified":"no","gauge":"1435","maxspeed":"40 mph","name":"Dundas Subdivision","operator":"Canadian National Railway","operator:short":"CN","operator:wikidata":"Q624798","operator:wikipedia":"en:Canadian National Railway","owner":"Canadian National Railway","railway":"rail","railway:traffic_mode":"mixed","usage":"main"},"id":"way/509355383"},{"type":"Feature","geometry":{"type":"LineString","coordinates":[[-79.864346,43.266417],[-79.862218,43.265918],[-79.861983,43.265863],[-79.859402,43.265257],[-79.856705,43.264624]]},"properties":{"@id":"way/659543986","electrified":"no","gauge":"1435","maxspeed":"30 mph","name":"Grimsby Subdivision","operator":"Canadian National Railway","operator:short":"CN","operator:wikidata":"Q624798","operator:wikipedia":"en:Canadian National Railway","owner":"Canadian National Railway","railway":"rail","railway:traffic_mode":"mixed","reporting_marks":"CN","usage":"main"},"id":"way/659543986"},{"type":"Feature","geometry":{"type":"LineString","coordinates":[[-79.891741,43.278111],[-79.891624,43.278338],[-79.891532,43.278522],[-79.891437,43.278715],[-79.891252,43.279084],[-79.89117,43.279244]]},"properties":{"@id":"way/675375124","electrified":"no","gauge":"1435","maxspeed":"25 mph","operator":"Canadian Pacific Kansas City","operator:short":"CPKC","operator:wikidata":"Q117706368","operator:wikipedia":"en:Canadian Pacific Kansas City","owner":"CPKC","owner:wikidata":"Q117706368","railway":"rail","railway:traffic_mode":"mixed","usage":"main"},"id":"way/675375124"},{"type":"Feature","geometry":{"type":"LineString","coordinates":[[-79.87245,43.268164],[-79.872786,43.268231],[-79.873121,43.268287],[-79.873468,43.268357]]},"properties":{"@id":"way/727172617","electrified":"no","gauge":"1435","operator":"Canadian National Railway","operator:short":"CN","operator:wikidata":"Q624798","operator:wikipedia":"en:Canadian National Railway","owner":"Canadian National Railway","railway":"rail","service":"crossover"},"id":"way/727172617"},{"type":"Feature","geometry":{"type":"LineString","coordinates":[[-79.871015,43.267827],[-79.87069,43.267761],[-79.870004,43.267646],[-79.869435,43.26755],[-79.869245,43.267518],[-79.869075,43.267485],[-79.868887,43.267446]]},"properties":{"@id":"way/727172618","electrified":"no","gauge":"1435","operator":"Canadian National Railway","operator:short":"CN","operator:wikidata":"Q624798","operator:wikipedia":"en:Canadian National Railway","owner":"Canadian National Railway","railway":"rail","service":"crossover"},"id":"way/727172618"},{"type":"Feature","geometry":{"type":"LineString","coordinates":[[-79.870636,43.26769],[-79.869819,43.267501],[-79.868663,43.267227],[-79.867865,43.267041],[-79.866718,43.266772],[-79.866512,43.266723],[-79.866299,43.266674],[-79.866099,43.266633],[-79.865878,43.266593],[-79.865653,43.266554],[-79.865436,43.266518],[-79.865193,43.266473]]},"properties":{"@id":"way/727172621","electrified":"no","gauge":"1435","operator":"GO Transit","operator:wikidata":"Q1357727","operator:wikipedia":"en:GO Transit","owner":"Metrolinx","railway":"rail","railway:traffic_mode":"mixed","usage":"main"},"id":"way/727172621"},{"type":"Feature","geometry":{"type":"LineString","coordinates":[[-79.868887,43.267446],[-79.87394,43.268631]]},"properties":{"@id":"way/729749146","electrified":"no","gauge":"1435","maxspeed":"30 mph","name":"Oakville Subdivision","operator":"Canadian National Railway;GO Transit;Amtrak;VIA Rail","operator:short":"CN","operator:wikidata":"Q624798","operator:wikipedia":"en:Canadian National Railway","owner":"Canadian National Railway","passenger":"yes","railway":"rail","railway:traffic_mode":"mixed","reporting_marks":"CN;GOT;AMTK;VIA","source":"Bing","usage":"main"},"id":"way/729749146"},{"type":"Feature","geometry":{"type":"LineString","coordinates":[[-79.871912,43.268037],[-79.871618,43.267968]]},"properties":{"@id":"way/729749147","electrified":"no","gauge":"1435","operator":"Canadian National Railway","operator:short":"CN","operator:wikidata":"Q624798","operator:wikipedia":"en:Canadian National Railway","owner":"Canadian National Railway","railway":"rail","railway:traffic_mode":"mixed","usage":"main"},"id":"way/729749147"},{"type":"Feature","geometry":{"type":"LineString","coordinates":[[-79.87394,43.268631],[-79.873773,43.268587],[-79.873635,43.268549],[-79.873474,43.2685],[-79.87306,43.268374],[-79.872461,43.268193],[-79.872209,43.268115],[-79.871912,43.268037]]},"properties":{"@id":"way/729749148","electrified":"no","gauge":"1435","operator":"Canadian National Railway","operator:short":"CN","operator:wikidata":"Q624798","operator:wikipedia":"en:Canadian National Railway","owner":"Canadian National Railway","railway":"rail","railway:traffic_mode":"mixed","service":"crossover"},"id":"way/729749148"},{"type":"Feature","geometry":{"type":"LineString","coordinates":[[-79.871912,43.268037],[-79.87245,43.268164],[-79.873096,43.268316],[-79.873422,43.268392],[-79.873748,43.268468],[-79.874557,43.268661]]},"properties":{"@id":"way/729749149","electrified":"no","gauge":"1435","operator":"Canadian National Railway","operator:short":"CN","operator:wikidata":"Q624798","operator:wikipedia":"en:Canadian National Railway","owner":"Canadian National Railway","railway":"rail","usage":"main"},"id":"way/729749149"},{"type":"Feature","geometry":{"type":"LineString","coordinates":[[-79.864362,43.266382],[-79.866622,43.266913],[-79.868887,43.267446]]},"properties":{"@id":"way/729749150","electrified":"no","gauge":"1435","maxspeed":"30 mph","name":"Oakville Subdivision","operator":"Canadian National Railway;GO Transit;Amtrak;VIA Rail","operator:short":"CN","operator:wikidata":"Q624798","operator:wikipedia":"en:Canadian National Railway","owner":"Canadian National Railway","passenger":"yes","railway":"rail","railway:traffic_mode":"mixed","reporting_marks":"CN;GOT;AMTK;VIA","source":"Bing","usage":"main"},"id":"way/729749150"},{"type":"Feature","geometry":{"type":"LineString","coordinates":[[-79.856705,43.264624],[-79.854821,43.264179],[-79.852981,43.263745]]},"properties":{"@id":"way/737062665","electrified":"no","gauge":"1435","maxspeed":"30 mph","name":"Grimsby Subdivision","operator":"Canadian National Railway","operator:short":"CN","operator:wikidata":"Q624798","operator:wikipedia":"en:Canadian National Railway","owner":"Canadian National Railway","railway":"rail","railway:traffic_mode":"mixed","reporting_marks":"CN","usage":"main"},"id":"way/737062665"},{"type":"Feature","geometry":{"type":"LineString","coordinates":[[-79.859241,43.265178],[-79.861149,43.265628],[-79.862231,43.265882],[-79.864362,43.266382]]},"properties":{"@id":"way/737062666","electrified":"no","gauge":"1435","maxspeed":"30 mph","name":"Grimsby Subdivision","operator":"Canadian National Railway","operator:short":"CN","operator:wikidata":"Q624798","operator:wikipedia":"en:Canadian National Railway","owner":"Canadian National Railway","railway":"rail","reporting_marks":"CN","source":"Bing","usage":"main"},"id":"way/737062666"},{"type":"Feature","geometry":{"type":"LineString","coordinates":[[-79.857563,43.264787],[-79.856705,43.264624]]},"properties":{"@id":"way/737062667","electrified":"no","gauge":"1435","railway":"rail","railway:traffic_mode":"mixed","service":"crossover"},"id":"way/737062667"},{"type":"Feature","geometry":{"type":"LineString","coordinates":[[-79.890459,43.279974],[-79.890253,43.279367]]},"properties":{"@id":"way/737118677","bridge":"yes","construction":"rail","electrified":"no","gauge":"1435","layer":"1","name":"Oakville Subdivision","operator":"Canadian National Railway;GO Transit;Amtrak;VIA Rail","operator:short":"CN","operator:wikidata":"Q624798","operator:wikipedia":"en:Canadian National Railway","owner":"Canadian National Railway","passenger":"yes","railway":"rail","railway:traffic_mode":"mixed","reporting_marks":"CN;GOT;AMTK;VIA","source":"Bing","usage":"main"},"id":"way/737118677"},{"type":"Feature","geometry":{"type":"LineString","coordinates":[[-79.871618,43.267968],[-79.871015,43.267827]]},"properties":{"@id":"way/765266655","electrified":"no","gauge":"1435","operator":"Canadian National Railway","operator:short":"CN","operator:wikidata":"Q624798","operator:wikipedia":"en:Canadian National Railway","owner":"Canadian National Railway","railway":"rail","railway:traffic_mode":"mixed","usage":"main"},"id":"way/765266655"},{"type":"Feature","geometry":{"type":"LineString","coordinates":[[-79.890872,43.282664],[-79.890968,43.283267],[-79.891012,43.283531],[-79.89107,43.283881],[-79.89111,43.284206],[-79.891119,43.28446],[-79.891104,43.284723],[-79.891059,43.285006],[-79.891002,43.285225],[-79.890917,43.285467],[-79.890825,43.285677],[-79.890662,43.285973],[-79.890462,43.28631],[-79.890018,43.287031],[-79.889861,43.287273],[-79.889119,43.288456],[-79.888899,43.288812]]},"properties":{"@id":"way/765296414","electrified":"no","gauge":"1435","maxspeed":"30 mph","name":"Oakville Subdivision","operator":"Canadian National Railway;GO Transit;Amtrak;VIA Rail","operator:short":"CN","operator:wikidata":"Q624798","operator:wikipedia":"en:Canadian National Railway","owner":"Canadian National Railway","passenger":"yes","railway":"rail","railway:traffic_mode":"mixed","reporting_marks":"CN;GOT;AMTK;VIA","source":"Bing","usage":"main"},"id":"way/765296414"},{"type":"Feature","geometry":{"type":"LineString","coordinates":[[-79.890767,43.28204],[-79.89079,43.282176],[-79.890872,43.282664]]},"properties":{"@id":"way/765296415","electrified":"no","gauge":"1435","maxspeed":"30 mph","name":"Oakville Subdivision","operator":"Canadian National Railway;GO Transit;Amtrak;VIA Rail","operator:short":"CN","operator:wikidata":"Q624798","operator:wikipedia":"en:Canadian National Railway","owner":"Canadian National Railway","passenger":"yes","railway":"rail","railway:traffic_mode":"mixed","reporting_marks":"CN;GOT;AMTK;VIA","source":"Bing","usage":"main"},"id":"way/765296415"},{"type":"Feature","geometry":{"type":"LineString","coordinates":[[-79.890377,43.279957],[-79.890408,43.280058],[-79.890433,43.280141],[-79.890471,43.280281],[-79.890502,43.280422],[-79.890528,43.280554],[-79.890587,43.280904],[-79.890705,43.281634],[-79.890767,43.28204]]},"properties":{"@id":"way/765296417","electrified":"no","gauge":"1435","maxspeed":"30 mph","name":"Oakville Subdivision","operator":"Canadian National Railway;GO Transit;Amtrak;VIA Rail","operator:short":"CN","operator:wikidata":"Q624798","operator:wikipedia":"en:Canadian National Railway","owner":"Canadian National Railway","passenger":"yes","railway":"rail","railway:traffic_mode":"mixed","reporting_marks":"CN;GOT;AMTK;VIA","source":"Bing","usage":"main"},"id":"way/765296417"},{"type":"Feature","geometry":{"type":"LineString","coordinates":[[-79.89093,43.283354],[-79.890544,43.280965]]},"properties":{"@id":"way/765296418","electrified":"no","gauge":"1435","maxspeed":"30 mph","name":"Oakville Subdivision","operator":"Canadian National Railway;GO Transit;Amtrak;VIA Rail","operator:short":"CN","operator:wikidata":"Q624798","operator:wikipedia":"en:Canadian National Railway","owner":"Canadian National Railway","passenger":"yes","railway":"rail","railway:traffic_mode":"mixed","reporting_marks":"CN;GOT;AMTK;VIA","source":"Bing","usage":"main"},"id":"way/765296418"},{"type":"Feature","geometry":{"type":"LineString","coordinates":[[-79.891101,43.279228],[-79.891197,43.279072],[-79.89139,43.278705]]},"properties":{"@id":"way/765296420","electrified":"no","gauge":"1435","maxspeed":"25 mph","operator":"Canadian Pacific Kansas City","operator:short":"CPKC","operator:wikidata":"Q117706368","operator:wikipedia":"en:Canadian Pacific Kansas City","owner":"CPKC","owner:wikidata":"Q117706368","railway":"rail","railway:traffic_mode":"mixed","usage":"main"},"id":"way/765296420"},{"type":"Feature","geometry":{"type":"LineString","coordinates":[[-79.891761,43.278069],[-79.891741,43.278111]]},"properties":{"@id":"way/765296422","electrified":"no","gauge":"1435","maxspeed":"25 mph","operator":"Canadian Pacific Kansas City","operator:short":"CPKC","operator:wikidata":"Q117706368","operator:wikipedia":"en:Canadian Pacific Kansas City","owner":"CPKC","owner:wikidata":"Q117706368","railway":"rail","railway:traffic_mode":"mixed","usage":"main"},"id":"way/765296422"},{"type":"Feature","geometry":{"type":"LineString","coordinates":[[-79.892139,43.277417],[-79.891947,43.277734],[-79.891906,43.277817],[-79.891761,43.278069]]},"properties":{"@id":"way/765296423","electrified":"no","gauge":"1435","operator":"Canadian Pacific Kansas City","operator:short":"CPKC","operator:wikidata":"Q117706368","operator:wikipedia":"en:Canadian Pacific Kansas City","owner":"CPKC","owner:wikidata":"Q117706368","railway":"rail","railway:traffic_mode":"mixed","service":"crossover"},"id":"way/765296423"},{"type":"Feature","geometry":{"type":"LineString","coordinates":[[-79.87311,43.254231],[-79.873287,43.254277]]},"properties":{"@id":"way/765296425","electrified":"no","gauge":"1435","maxspeed":"30 mph","name":"Hamilton Subdivision","operator":"Canadian Pacific Kansas City","operator:short":"CPKC","operator:wikidata":"Q117706368","operator:wikipedia":"en:Canadian Pacific Kansas City","owner":"CPKC","owner:wikidata":"Q117706368","railway":"rail","railway:traffic_mode":"mixed","reporting_marks":"CPKC","usage":"main"},"id":"way/765296425"},{"type":"Feature","geometry":{"type":"LineString","coordinates":[[-79.870346,43.253428],[-79.869438,43.253211],[-79.867943,43.252853],[-79.867716,43.252798],[-79.867505,43.252748],[-79.866939,43.252611],[-79.866846,43.252588],[-79.866773,43.252563],[-79.866691,43.252535],[-79.866625,43.252512],[-79.866562,43.252488],[-79.866491,43.252458],[-79.8664,43.252426]]},"properties":{"@id":"way/765296426","electrified":"no","gauge":"1435","layer":"1","maxspeed":"15 mph","operator":"GO Transit","operator:wikidata":"Q117706368","operator:wikipedia":"en:Canadian Pacific Kansas City","owner":"CPKC","owner:wikidata":"Q117706368","railway":"rail","railway:traffic_mode":"passenger","usage":"branch"},"id":"way/765296426"},{"type":"Feature","geometry":{"type":"LineString","coordinates":[[-79.871618,43.267968],[-79.870636,43.26769]]},"properties":{"@id":"way/765296432","electrified":"no","gauge":"1435","operator":"Canadian National Railway","operator:short":"CN","operator:wikidata":"Q624798","operator:wikipedia":"en:Canadian National Railway","owner":"Canadian National Railway","railway":"rail","railway:traffic_mode":"mixed","service":"crossover"},"id":"way/765296432"},{"type":"Feature","geometry":{"type":"LineString","coordinates":[[-79.805007,43.256721],[-79.805891,43.257195],[-79.806004,43.257261],[-79.806145,43.257361],[-79.806244,43.257456],[-79.806337,43.257574],[-79.806397,43.257685],[-79.806431,43.257778],[-79.806456,43.257889],[-79.806459,43.25791],[-79.80647,43.257986],[-79.806464,43.258093],[-79.806451,43.258174],[-79.80643,43.25825],[-79.806389,43.258336],[-79.806304,43.25848],[-79.806283,43.258505]]},"properties":{"@id":"way/818470126","electrified":"no","gauge":"1435","railway":"rail","railway:traffic_mode":"freight"},"id":"way/818470126"},{"type":"Feature","geometry":{"type":"LineString","coordinates":[[-79.780822,43.256429],[-79.782135,43.256318],[-79.782508,43.256285],[-79.782653,43.256273],[-79.782788,43.25626],[-79.782918,43.256244],[-79.78304,43.256222],[-79.783167,43.256195],[-79.783804,43.256057],[-79.784095,43.255994],[-79.785753,43.255639],[-79.788403,43.255076],[-79.790775,43.25456],[-79.790883,43.254536],[-79.791444,43.254414],[-79.791517,43.254398],[-79.792597,43.254167],[-79.792999,43.254084],[-79.793324,43.254024],[-79.793709,43.253961],[-79.793772,43.253951],[-79.794263,43.253885],[-79.794309,43.253881],[-79.79436,43.253877],[-79.794902,43.253828],[-79.795354,43.253802],[-79.795818,43.253792],[-79.796246,43.253796],[-79.796654,43.25381],[-79.79697,43.253832],[-79.797387,43.253868],[-79.797627,43.253895],[-79.797837,43.253921],[-79.798293,43.25399],[-79.798617,43.254049],[-79.79869,43.254062],[-79.798962,43.254119],[-79.799292,43.254196],[-79.799426,43.254229],[-79.799552,43.254264],[-79.799753,43.254318],[-79.799903,43.254361],[-79.800076,43.254412],[-79.800338,43.254497],[-79.800595,43.254597],[-79.800601,43.254599],[-79.801346,43.25488],[-79.802164,43.255189],[-79.802953,43.255488],[-79.803234,43.255597]]},"properties":{"@id":"way/867005434","electrified":"no","gauge":"1435","name":"N&NW Spur","operator":"Canadian National Railway","railway":"rail","railway:traffic_mode":"freight","reporting_marks":"CN","usage":"industrial"},"id":"way/867005434"},{"type":"Feature","geometry":{"type":"LineString","coordinates":[[-79.803234,43.255597],[-79.803421,43.25567],[-79.803681,43.255766]]},"properties":{"@id":"way/867005435","bridge":"yes","electrified":"no","gauge":"1435","layer":"1","name":"N&NW Spur","operator":"Canadian National Railway","railway":"rail","reporting_marks":"CN","usage":"industrial"},"id":"way/867005435"},{"type":"Feature","geometry":{"type":"LineString","coordinates":[[-79.89079,43.282176],[-79.890956,43.282853]]},"properties":{"@id":"way/1202546925","electrified":"no","gauge":"1435","operator":"Canadian National Railway","operator:short":"CN","operator:wikidata":"Q624798","operator:wikipedia":"en:Canadian National Railway","owner":"Canadian National Railway","railway":"rail","service":"crossover"},"id":"way/1202546925"},{"type":"Feature","geometry":{"type":"LineString","coordinates":[[-79.890889,43.282426],[-79.890814,43.281975],[-79.890751,43.281584],[-79.890728,43.281444],[-79.890712,43.281346]]},"properties":{"@id":"way/1202546926","electrified":"no","gauge":"1435","name":"Oakville Subdivision","operator":"Canadian National Railway;GO Transit;Amtrak;VIA Rail","operator:short":"CN","operator:wikidata":"Q624798","operator:wikipedia":"en:Canadian National Railway","owner":"Canadian National Railway","passenger":"yes","railway":"rail","railway:traffic_mode":"mixed","reporting_marks":"CN;GOT;AMTK;VIA","source":"Bing","usage":"main"},"id":"way/1202546926"},{"type":"Feature","geometry":{"type":"LineString","coordinates":[[-79.890459,43.279974],[-79.890482,43.280047],[-79.890492,43.280081],[-79.890518,43.280179],[-79.89054,43.280281],[-79.890558,43.280384],[-79.890638,43.2809]]},"properties":{"@id":"way/1202546927","electrified":"no","gauge":"1435","name":"Oakville Subdivision","operator":"Canadian National Railway;GO Transit;Amtrak;VIA Rail","operator:short":"CN","operator:wikidata":"Q624798","operator:wikipedia":"en:Canadian National Railway","owner":"Canadian National Railway","passenger":"yes","railway":"rail","railway:traffic_mode":"mixed","reporting_marks":"CN;GOT;AMTK;VIA","source":"Bing","usage":"main"},"id":"way/1202546927"},{"type":"Feature","geometry":{"type":"LineString","coordinates":[[-79.890638,43.2809],[-79.890712,43.281346]]},"properties":{"@id":"way/1202546930","electrified":"no","gauge":"1435","name":"Oakville Subdivision","operator":"Canadian National Railway;GO Transit;Amtrak;VIA Rail","operator:short":"CN","operator:wikidata":"Q624798","operator:wikipedia":"en:Canadian National Railway","owner":"Canadian National Railway","passenger":"yes","railway":"rail","railway:traffic_mode":"mixed","reporting_marks":"CN;GOT;AMTK;VIA","source":"Bing","usage":"main"},"id":"way/1202546930"},{"type":"Feature","geometry":{"type":"LineString","coordinates":[[-79.890889,43.282426],[-79.89086,43.282142],[-79.890848,43.281901],[-79.890827,43.281725],[-79.890778,43.281431],[-79.890757,43.281306],[-79.890713,43.28103],[-79.890691,43.280889],[-79.890671,43.280713],[-79.890665,43.280595],[-79.890672,43.28047],[-79.8907,43.280272],[-79.890702,43.280253]]},"properties":{"@id":"way/1202546931","electrified":"no","gauge":"1435","operator":"Canadian National Railway","operator:wikidata":"Q117706368","operator:wikipedia":"en:Canadian Pacific Kansas City","owner":"CPKC","owner:wikidata":"Q117706368","railway":"rail","railway:traffic_mode":"mixed","usage":"main"},"id":"way/1202546931"},{"type":"Feature","geometry":{"type":"LineString","coordinates":[[-79.890705,43.281634],[-79.890672,43.281461],[-79.890659,43.281404],[-79.890593,43.28119],[-79.890572,43.28111],[-79.890544,43.280965]]},"properties":{"@id":"way/1202546932","electrified":"no","gauge":"1435","operator":"Canadian National Railway","operator:short":"CN","operator:wikidata":"Q624798","operator:wikipedia":"en:Canadian National Railway","owner":"Canadian National Railway","railway":"rail","service":"crossover"},"id":"way/1202546932"},{"type":"Feature","geometry":{"type":"LineString","coordinates":[[-79.866702,43.266815],[-79.866489,43.266766],[-79.866273,43.266719],[-79.866084,43.266682],[-79.865849,43.266638],[-79.865636,43.266598],[-79.865403,43.266554],[-79.865182,43.266508],[-79.865038,43.266477],[-79.864881,43.266442],[-79.864537,43.266362]]},"properties":{"@id":"way/1223871584","electrified":"no","gauge":"1435","operator":"GO Transit","operator:wikidata":"Q1357727","operator:wikipedia":"en:GO Transit","owner":"Metrolinx","railway":"rail","railway:traffic_mode":"mixed","usage":"main"},"id":"way/1223871584"},{"type":"Feature","geometry":{"type":"LineString","coordinates":[[-79.865193,43.266473],[-79.864537,43.266362]]},"properties":{"@id":"way/1223871585","electrified":"no","gauge":"1435","operator":"GO Transit","operator:wikidata":"Q1357727","operator:wikipedia":"en:GO Transit","owner":"Metrolinx","railway":"rail","railway:traffic_mode":"mixed","usage":"main"},"id":"way/1223871585"},{"type":"Feature","geometry":{"type":"LineString","coordinates":[[-79.813987,43.230996],[-79.814821,43.231259],[-79.815824,43.231571],[-79.816761,43.231865],[-79.817471,43.232086],[-79.81802,43.232266],[-79.818562,43.232459],[-79.818769,43.232537],[-79.818934,43.232599],[-79.81913,43.232676],[-79.819319,43.23275],[-79.819547,43.232846],[-79.819747,43.232929],[-79.819915,43.233002],[-79.820065,43.233068],[-79.820231,43.233143],[-79.820401,43.233222],[-79.82054,43.23329],[-79.820711,43.23337],[-79.820895,43.233458],[-79.821128,43.233573],[-79.821367,43.233689],[-79.821621,43.233813],[-79.821848,43.233926]]},"properties":{"@id":"way/1231252607","electrified":"no","gauge":"1435","maxspeed":"35 mph","name":"Hamilton Subdivision","operator":"Canadian Pacific Kansas City","operator:short":"CPKC","operator:wikidata":"Q117706368","operator:wikipedia":"en:Canadian Pacific Kansas City","owner":"CPKC","owner:wikidata":"Q117706368","railway":"rail","railway:traffic_mode":"freight","reporting_marks":"CPKC","usage":"main"},"id":"way/1231252607"},{"type":"Feature","geometry":{"type":"LineString","coordinates":[[-79.861149,43.265628],[-79.861983,43.265863]]},"properties":{"@id":"way/1323432337","electrified":"no","gauge":"1435","operator":"Canadian National Railway","operator:short":"CN","operator:wikidata":"Q624798","operator:wikipedia":"en:Canadian National Railway","owner":"Canadian National Railway","railway":"rail","service":"crossover","usage":"main"},"id":"way/1323432337"},{"type":"Feature","geometry":{"type":"LineString","coordinates":[[-79.890414,43.260111],[-79.889399,43.259871],[-79.889137,43.25981],[-79.889048,43.259807],[-79.88898,43.259821],[-79.888934,43.25984],[-79.888888,43.259884],[-79.888501,43.260796],[-79.888041,43.261889],[-79.887986,43.262016],[-79.887943,43.262062],[-79.887884,43.262093],[-79.887816,43.26211],[-79.887728,43.262107],[-79.887628,43.262087],[-79.88745,43.262033],[-79.886631,43.261782],[-79.883765,43.260934],[-79.882853,43.260654],[-79.882075,43.260398],[-79.880551,43.2599],[-79.878893,43.2594],[-79.876663,43.258777],[-79.874801,43.258253],[-79.871827,43.257445],[-79.869581,43.256821],[-79.869259,43.256732],[-79.868224,43.256392],[-79.866992,43.255971],[-79.865617,43.25551],[-79.863734,43.254905],[-79.862346,43.254468],[-79.859558,43.253588],[-79.859375,43.253537],[-79.859218,43.253499],[-79.859051,43.253471],[-79.857095,43.253165],[-79.854681,43.252789],[-79.854211,43.252723],[-79.852615,43.252521],[-79.848849,43.252065],[-79.846393,43.251764],[-79.844817,43.251565],[-79.843913,43.251463],[-79.843532,43.251431],[-79.843095,43.251408],[-79.842608,43.251381],[-79.842033,43.251371],[-79.839702,43.251332],[-79.83796,43.251287],[-79.836086,43.251235],[-79.835699,43.25122],[-79.835487,43.251206],[-79.835299,43.251187],[-79.835123,43.251156],[-79.834987,43.251127],[-79.83484,43.251087],[-79.834647,43.251032],[-79.834485,43.250967],[-79.834275,43.250884],[-79.833654,43.250628],[-79.833276,43.250456],[-79.83269,43.250171],[-79.831652,43.249658],[-79.830088,43.248876],[-79.829605,43.248621],[-79.82927,43.248421],[-79.828951,43.24819],[-79.828352,43.247756],[-79.827899,43.247421],[-79.827762,43.247311],[-79.82757,43.247129],[-79.827334,43.246888]]},"properties":{"@id":"way/1359983520","name":"Hamilton LRT","proposed:electrified":"contact_line","proposed:gauge":"1435","proposed:railway":"light_rail","proposed:voltage":"750","railway":"proposed"},"id":"way/1359983520"},{"type":"Feature","geometry":{"type":"LineString","coordinates":[[-79.827334,43.246888],[-79.827108,43.246643]]},"properties":{"@id":"way/1359983521","layer":"-1","name":"Hamilton LRT","proposed:electrified":"contact_line","proposed:gauge":"1435","proposed:railway":"light_rail","proposed:voltage":"750","railway":"proposed","tunnel":"yes"},"id":"way/1359983521"},{"type":"Feature","geometry":{"type":"LineString","coordinates":[[-79.827108,43.246643],[-79.826465,43.245943],[-79.825851,43.245269],[-79.8251,43.244471],[-79.824951,43.244315],[-79.82474,43.244111],[-79.82444,43.243832],[-79.824241,43.243693],[-79.824056,43.243593],[-79.823891,43.243533],[-79.823675,43.243478],[-79.820523,43.242731],[-79.817235,43.241964],[-79.814774,43.241401],[-79.811614,43.240771],[-79.810114,43.24048],[-79.809673,43.240381],[-79.809072,43.240231],[-79.807733,43.23989],[-79.805983,43.239449],[-79.805145,43.239241],[-79.804697,43.239112],[-79.803517,43.238749],[-79.802184,43.238345],[-79.801871,43.238241],[-79.801712,43.238171],[-79.801519,43.238061],[-79.801339,43.237905],[-79.800551,43.236894],[-79.800126,43.236346],[-79.799987,43.236215],[-79.799831,43.236095],[-79.799633,43.236],[-79.799367,43.23593],[-79.795388,43.235029],[-79.792787,43.234429],[-79.792056,43.234248],[-79.791237,43.234028],[-79.787882,43.233147],[-79.786059,43.232678],[-79.785378,43.232511]]},"properties":{"@id":"way/1359983522","name":"Hamilton LRT","proposed:electrified":"contact_line","proposed:gauge":"1435","proposed:railway":"light_rail","proposed:voltage":"750","railway":"proposed"},"id":"way/1359983522"},{"type":"Feature","geometry":{"type":"LineString","coordinates":[[-79.890419,43.260155],[-79.889165,43.259858],[-79.889097,43.259848],[-79.889029,43.259848],[-79.888974,43.259861],[-79.888936,43.259884],[-79.888914,43.259915],[-79.888017,43.262033],[-79.887984,43.262074],[-79.887931,43.262112],[-79.887866,43.262135],[-79.887802,43.262142],[-79.887727,43.26214],[-79.887644,43.262128],[-79.887546,43.262099],[-79.885788,43.261571],[-79.884258,43.261118],[-79.883075,43.26076],[-79.882398,43.260542],[-79.882239,43.26049],[-79.881256,43.260167],[-79.880172,43.259822],[-79.879318,43.259567],[-79.878546,43.259341],[-79.877591,43.259075],[-79.875884,43.2586],[-79.874487,43.258209],[-79.873289,43.257882],[-79.871689,43.257447],[-79.870157,43.257025],[-79.869249,43.256768],[-79.868864,43.256645],[-79.867651,43.256245],[-79.866311,43.255782],[-79.865066,43.255368],[-79.863653,43.254911],[-79.861833,43.254344],[-79.85974,43.253677],[-79.859523,43.253612],[-79.859318,43.253555],[-79.859163,43.253523],[-79.857963,43.253332],[-79.854963,43.252868],[-79.854284,43.252766],[-79.853892,43.252717],[-79.852436,43.252538],[-79.850567,43.25231],[-79.848781,43.252093],[-79.846056,43.251758],[-79.844163,43.251528],[-79.843759,43.251481],[-79.843408,43.251455],[-79.843118,43.251439],[-79.842563,43.251413],[-79.842128,43.251405],[-79.840607,43.25138],[-79.837926,43.251322],[-79.835793,43.251258],[-79.835481,43.25124],[-79.835267,43.251217],[-79.835071,43.251183],[-79.834898,43.251141],[-79.8347,43.251087],[-79.834534,43.251028],[-79.833438,43.250576],[-79.83302,43.25038],[-79.831119,43.249433],[-79.829925,43.248837],[-79.829499,43.2486],[-79.829119,43.248361],[-79.828561,43.24796],[-79.827829,43.247417],[-79.827639,43.247248],[-79.827457,43.247076],[-79.827302,43.246913]]},"properties":{"@id":"way/1359983523","name":"Hamilton LRT","proposed:electrified":"contact_line","proposed:gauge":"1435","proposed:railway":"light_rail","proposed:voltage":"750","railway":"proposed"},"id":"way/1359983523"},{"type":"Feature","geometry":{"type":"LineString","coordinates":[[-79.827302,43.246913],[-79.827078,43.246671]]},"properties":{"@id":"way/1359983524","layer":"-1","name":"Hamilton LRT","proposed:electrified":"contact_line","proposed:gauge":"1435","proposed:railway":"light_rail","proposed:voltage":"750","railway":"proposed","tunnel":"yes"},"id":"way/1359983524"},{"type":"Feature","geometry":{"type":"LineString","coordinates":[[-79.827078,43.246671],[-79.826316,43.245835],[-79.825351,43.244792],[-79.824851,43.244276],[-79.824682,43.244112],[-79.824434,43.243878],[-79.824268,43.243764],[-79.824101,43.243661],[-79.823949,43.243592],[-79.823804,43.243549],[-79.823553,43.243491],[-79.820012,43.242647],[-79.817636,43.242088],[-79.815491,43.241597],[-79.814803,43.241444],[-79.81436,43.241351],[-79.812562,43.240993],[-79.810638,43.240616],[-79.809989,43.240488],[-79.809705,43.240422],[-79.808811,43.240201],[-79.806838,43.239706],[-79.805184,43.239293],[-79.804857,43.239202],[-79.804434,43.239075],[-79.80298,43.238637],[-79.801932,43.238308],[-79.801758,43.238245],[-79.801594,43.238171],[-79.801477,43.238104],[-79.801371,43.238032],[-79.801278,43.237932],[-79.801182,43.237796],[-79.800534,43.236966],[-79.800096,43.2364],[-79.8,43.236291],[-79.799875,43.236181],[-79.799737,43.236099],[-79.799587,43.236038],[-79.799417,43.235992],[-79.795543,43.235104],[-79.792758,43.234463],[-79.792102,43.234301],[-79.791511,43.234145],[-79.789715,43.233671],[-79.788246,43.233288],[-79.786404,43.232818],[-79.786017,43.232715],[-79.785496,43.232582],[-79.785309,43.232536]]},"properties":{"@id":"way/1359983525","name":"Hamilton LRT","proposed:electrified":"contact_line","proposed:gauge":"1435","proposed:railway":"light_rail","proposed:voltage":"750","railway":"proposed"},"id":"way/1359983525"},{"type":"Feature","geometry":{"type":"LineString","coordinates":[[-79.7841,43.232248],[-79.783552,43.232157],[-79.782636,43.232003],[-79.781631,43.231819],[-79.780825,43.231655],[-79.780069,43.231481],[-79.777113,43.23076],[-79.774368,43.230104],[-79.77368,43.229935],[-79.773283,43.229857],[-79.768704,43.228967],[-79.767577,43.228746],[-79.767345,43.228719],[-79.76692,43.228721],[-79.766683,43.228725],[-79.766521,43.228715],[-79.766356,43.228694],[-79.765485,43.228514]]},"properties":{"@id":"way/1359983526","name":"Hamilton LRT","proposed:electrified":"contact_line","proposed:gauge":"1435","proposed:railway":"light_rail","proposed:voltage":"750","railway":"proposed"},"id":"way/1359983526"},{"type":"Feature","geometry":{"type":"LineString","coordinates":[[-79.784047,43.232275],[-79.783411,43.232169],[-79.782624,43.232042],[-79.782011,43.231928],[-79.781467,43.231822],[-79.780858,43.231698],[-79.780293,43.23157],[-79.779333,43.231338],[-79.777456,43.230883],[-79.775972,43.230523],[-79.774053,43.230066],[-79.773621,43.229963],[-79.773151,43.229873],[-79.771559,43.229563],[-79.769419,43.229143],[-79.767652,43.228801],[-79.76749,43.228777],[-79.767318,43.228767],[-79.766824,43.228768],[-79.766672,43.228764],[-79.766505,43.228755],[-79.766341,43.228735],[-79.766233,43.228717],[-79.765476,43.228558]]},"properties":{"@id":"way/1359983527","name":"Hamilton LRT","proposed:electrified":"contact_line","proposed:gauge":"1435","proposed:railway":"light_rail","proposed:voltage":"750","railway":"proposed"},"id":"way/1359983527"},{"type":"Feature","geometry":{"type":"LineString","coordinates":[[-79.785378,43.232511],[-79.784893,43.2324],[-79.78423,43.232271],[-79.7841,43.232248]]},"properties":{"@id":"way/1359983528","bridge":"yes","layer":"1","name":"Hamilton LRT","proposed:electrified":"contact_line","proposed:gauge":"1435","proposed:railway":"light_rail","proposed:voltage":"750","railway":"proposed"},"id":"way/1359983528"},{"type":"Feature","geometry":{"type":"LineString","coordinates":[[-79.785309,43.232536],[-79.784834,43.232428],[-79.78442,43.232346],[-79.784047,43.232275]]},"properties":{"@id":"way/1359983529","bridge":"yes","layer":"1","name":"Hamilton LRT","proposed:electrified":"contact_line","proposed:gauge":"1435","proposed:railway":"light_rail","proposed:voltage":"750","railway":"proposed"},"id":"way/1359983529"},{"type":"Feature","geometry":{"type":"LineString","coordinates":[[-79.921017,43.257724],[-79.92049,43.257738],[-79.919836,43.257759],[-79.919653,43.25776],[-79.919385,43.257752],[-79.919196,43.25775],[-79.916217,43.25782],[-79.914841,43.25786],[-79.913771,43.257889],[-79.912281,43.257937],[-79.911717,43.257961],[-79.911062,43.25802],[-79.909829,43.258156],[-79.908125,43.258343],[-79.906941,43.258479],[-79.906181,43.25857],[-79.904798,43.258761],[-79.903176,43.258992],[-79.901484,43.259226],[-79.900473,43.259366],[-79.900173,43.259422],[-79.899614,43.259558],[-79.897799,43.260008],[-79.897351,43.260116],[-79.897068,43.260174],[-79.896757,43.260226],[-79.896312,43.260289],[-79.895561,43.260363],[-79.89499,43.260415]]},"properties":{"@id":"way/1359983530","name":"Hamilton LRT","proposed:electrified":"contact_line","proposed:gauge":"1435","proposed:railway":"light_rail","proposed:voltage":"750","railway":"proposed"},"id":"way/1359983530"},{"type":"Feature","geometry":{"type":"LineString","coordinates":[[-79.890567,43.260147],[-79.890414,43.260111]]},"properties":{"@id":"way/1359983531","bridge":"yes","layer":"1","name":"Hamilton LRT","proposed:electrified":"contact_line","proposed:gauge":"1435","proposed:railway":"light_rail","proposed:voltage":"750","railway":"proposed"},"id":"way/1359983531"},{"type":"Feature","geometry":{"type":"LineString","coordinates":[[-79.921014,43.257775],[-79.919869,43.257809],[-79.919641,43.257825],[-79.919343,43.25784],[-79.919103,43.257847],[-79.917501,43.257884],[-79.914891,43.257944],[-79.91454,43.257947],[-79.914044,43.257952],[-79.913545,43.257959],[-79.913157,43.257972],[-79.912171,43.257998],[-79.911733,43.258016],[-79.911528,43.258028],[-79.91106,43.258073],[-79.908077,43.258398],[-79.906173,43.258615],[-79.905389,43.258719],[-79.903568,43.258985],[-79.90182,43.259227],[-79.900668,43.259387],[-79.900399,43.259431],[-79.900136,43.259481],[-79.899817,43.25956],[-79.898307,43.259925],[-79.897724,43.260069],[-79.897415,43.26014],[-79.897098,43.260207],[-79.896761,43.260266],[-79.896458,43.260313],[-79.896127,43.260352],[-79.895779,43.260385],[-79.894946,43.260464]]},"properties":{"@id":"way/1359983532","name":"Hamilton LRT","proposed:electrified":"contact_line","proposed:gauge":"1435","proposed:railway":"light_rail","proposed:voltage":"750","railway":"proposed"},"id":"way/1359983532"},{"type":"Feature","geometry":{"type":"LineString","coordinates":[[-79.890571,43.260191],[-79.890419,43.260155]]},"properties":{"@id":"way/1359983533","bridge":"yes","layer":"1","name":"Hamilton LRT","proposed:electrified":"contact_line","proposed:gauge":"1435","proposed:railway":"light_rail","proposed:voltage":"750","railway":"proposed"},"id":"way/1359983533"},{"type":"Feature","geometry":{"type":"LineString","coordinates":[[-79.893542,43.260547],[-79.893318,43.260567],[-79.893013,43.260584],[-79.892759,43.260588],[-79.892445,43.26057],[-79.8923,43.26055],[-79.892184,43.260531],[-79.891786,43.260443],[-79.890869,43.260218],[-79.890567,43.260147]]},"properties":{"@id":"way/1359983534","name":"Hamilton LRT","proposed:electrified":"contact_line","proposed:gauge":"1435","proposed:railway":"light_rail","proposed:voltage":"750","railway":"proposed"},"id":"way/1359983534"},{"type":"Feature","geometry":{"type":"LineString","coordinates":[[-79.893487,43.260601],[-79.893065,43.260624],[-79.89271,43.260624],[-79.892482,43.260612],[-79.892305,43.260591],[-79.892253,43.260585],[-79.892102,43.260558],[-79.891912,43.260515],[-79.89177,43.260481],[-79.890685,43.260218],[-79.890571,43.260191]]},"properties":{"@id":"way/1359983535","name":"Hamilton LRT","proposed:electrified":"contact_line","proposed:gauge":"1435","proposed:railway":"light_rail","proposed:voltage":"750","railway":"proposed"},"id":"way/1359983535"},{"type":"Feature","geometry":{"type":"LineString","coordinates":[[-79.894946,43.260464],[-79.893487,43.260601]]},"properties":{"@id":"way/1359983536","bridge":"yes","layer":"1","name":"Hamilton LRT","proposed:electrified":"contact_line","proposed:gauge":"1435","proposed:railway":"light_rail","proposed:voltage":"750","railway":"proposed"},"id":"way/1359983536"},{"type":"Feature","geometry":{"type":"LineString","coordinates":[[-79.89499,43.260415],[-79.893542,43.260547]]},"properties":{"@id":"way/1359983537","bridge":"yes","layer":"1","name":"Hamilton LRT","proposed:electrified":"contact_line","proposed:gauge":"1435","proposed:railway":"light_rail","proposed:voltage":"750","railway":"proposed"},"id":"way/1359983537"},{"type":"Feature","geometry":{"type":"LineString","coordinates":[[-79.857563,43.264787],[-79.859241,43.265178]]},"properties":{"@id":"way/1387403367","electrified":"no","gauge":"1435","maxspeed":"30 mph","name":"Grimsby Subdivision","operator":"Canadian National Railway","operator:short":"CN","operator:wikidata":"Q624798","operator:wikipedia":"en:Canadian National Railway","owner":"Canadian National Railway","railway":"rail","railway:traffic_mode":"mixed","reporting_marks":"CN","source":"Bing","usage":"main"},"id":"way/1387403367"},{"type":"Feature","geometry":{"type":"LineString","coordinates":[[-79.823094,43.259804],[-79.823581,43.25994],[-79.823753,43.259988],[-79.824155,43.260114],[-79.825195,43.260459],[-79.825545,43.260583],[-79.825795,43.260668],[-79.826041,43.260771],[-79.826125,43.260809],[-79.826192,43.260837],[-79.826257,43.260863],[-79.826471,43.260929],[-79.826869,43.261067],[-79.827065,43.261133],[-79.827263,43.261201],[-79.827474,43.261291],[-79.827633,43.26137],[-79.82779,43.261451],[-79.827924,43.261544],[-79.828049,43.261664],[-79.828141,43.261784],[-79.828208,43.261887],[-79.828267,43.26202],[-79.828316,43.26217],[-79.828338,43.262294],[-79.828342,43.262409],[-79.828335,43.26254],[-79.828304,43.262677],[-79.828251,43.26281],[-79.828189,43.262936],[-79.82812,43.263046],[-79.827992,43.263192],[-79.827892,43.263285],[-79.827817,43.26335],[-79.827767,43.263392],[-79.82761,43.263524],[-79.827512,43.263598],[-79.827419,43.263655],[-79.827289,43.263722],[-79.827211,43.263762]]},"properties":{"@id":"way/1422179651","electrified":"no","gauge":"1435","name":"Stelco Lead","operator":"Canadian Pacific Kansas City","operator:short":"CPKC","operator:wikidata":"Q117706368","operator:wikipedia":"en:Canadian Pacific Kansas City","owner":"CPKC","owner:wikidata":"Q117706368","railway":"rail","railway:traffic_mode":"freight","usage":"industrial"},"id":"way/1422179651"},{"type":"Feature","geometry":{"type":"LineString","coordinates":[[-79.885376,43.272209],[-79.885547,43.272382],[-79.885725,43.272579],[-79.885869,43.272758],[-79.886104,43.27303]]},"properties":{"@id":"way/1422179653","electrified":"no","gauge":"1435","operator":"Canadian National Railway","operator:short":"CN","operator:wikidata":"Q624798","operator:wikipedia":"en:Canadian National Railway","owner":"Canadian National Railway","railway":"rail","usage":"main"},"id":"way/1422179653"},{"type":"Feature","geometry":{"type":"LineString","coordinates":[[-79.890702,43.280253],[-79.890731,43.280144],[-79.890773,43.280032],[-79.890808,43.279955],[-79.890846,43.279864]]},"properties":{"@id":"way/1436289538","electrified":"no","gauge":"1435","maxspeed":"25 mph","operator":"Canadian Pacific Kansas City","operator:short":"CPKC","operator:wikidata":"Q117706368","operator:wikipedia":"en:Canadian Pacific Kansas City","owner":"CPKC","owner:wikidata":"Q117706368","railway":"rail","railway:traffic_mode":"mixed","usage":"main"},"id":"way/1436289538"},{"type":"Feature","geometry":{"type":"LineString","coordinates":[[-79.890722,43.279878],[-79.890695,43.279945],[-79.890663,43.280041],[-79.890625,43.280197],[-79.890618,43.280245]]},"properties":{"@id":"way/1436289539","electrified":"no","gauge":"1435","maxspeed":"25 mph","operator":"Canadian Pacific Kansas City","operator:short":"CPKC","operator:wikidata":"Q117706368","operator:wikipedia":"en:Canadian Pacific Kansas City","owner":"CPKC","owner:wikidata":"Q117706368","railway":"rail","railway:traffic_mode":"mixed","usage":"main"},"id":"way/1436289539"},{"type":"Feature","geometry":{"type":"LineString","coordinates":[[-79.864537,43.266362],[-79.861409,43.265628],[-79.861176,43.265573],[-79.860954,43.265525],[-79.8598,43.265293],[-79.859532,43.265238],[-79.859241,43.265178]]},"properties":{"@id":"way/1445637130","electrified":"no","gauge":"1435","operator":"GO Transit","operator:wikidata":"Q1357727","operator:wikipedia":"en:GO Transit","owner":"Metrolinx","railway":"rail","railway:traffic_mode":"mixed","usage":"main"},"id":"way/1445637130"},{"type":"Feature","geometry":{"type":"LineString","coordinates":[[-79.791441,43.261505],[-79.791046,43.261416],[-79.790915,43.261385],[-79.790506,43.261286],[-79.790067,43.26118],[-79.789976,43.261158]]},"properties":{"@id":"way/1447608698","electrified":"no","gauge":"1435","operator":"Canadian Pacific Kansas City","operator:short":"CPKC","operator:wikidata":"Q117706368","railway":"rail","railway:traffic_mode":"freight"},"id":"way/1447608698"},{"type":"Feature","geometry":{"type":"Point","coordinates":[-79.866122,43.266639]},"properties":{"@id":"node/2289666976","addr:city":"Hamilton","addr:housenumber":"353","addr:street":"James Street North","name":"West Harbour","network":"GO Transit","network:wikidata":"Q1357727","operator":"GO Transit","operator:wikidata":"Q309084","public_transport":"station","railway":"station","railway:ref":"WR","ref:go_transit":"WR","ref:via_rail":"WHAR","train":"yes","wikidata":"Q14875214","wikipedia":"en:West Harbour GO Station"},"id":"node/2289666976"},{"type":"Feature","geometry":{"type":"Point","coordinates":[-79.869184,43.253109]},"properties":{"@id":"node/7003427091","addr:housenumber":"36","addr:street":"Hunter Street East","go_zone":"18","name":"Hamilton GO Centre","network":"GO Transit","network:wikidata":"Q1357727","opening_hours":"Mo-Fr 05:45-20:45; Sa-Su 06:30-20:45; PH 06:30-20:45","operator":"GO Transit","operator:wikidata":"Q309084","public_transport":"station","railway":"station","railway:ref":"HA","ref:go_transit":"HA","ref:via_rail":"HAML","train":"yes","wikidata":"Q5267822","wikipedia":"en:Hamilton GO Centre"},"id":"node/7003427091"},{"type":"Feature","properties":{"name":"Eastgate Square"},"geometry":{"type":"Point","coordinates":[-79.765955,43.228634]}},{"type":"Feature","properties":{"name":"Nash"},"geometry":{"type":"Point","coordinates":[-79.77389,43.230009]}},{"type":"Feature","properties":{"name":"Parkdale"},"geometry":{"type":"Point","coordinates":[-79.792874,43.234471]}},{"type":"Feature","properties":{"name":"Queenston Circle"},"geometry":{"type":"Point","coordinates":[-79.801068,43.237596]}},{"type":"Feature","properties":{"name":"Ottawa"},"geometry":{"type":"Point","coordinates":[-79.819736,43.242567]}},{"type":"Feature","properties":{"name":"Kenilworth"},"geometry":{"type":"Point","coordinates":[-79.809938,43.240457]}},{"type":"Feature","properties":{"name":"Gage Park"},"geometry":{"type":"Point","coordinates":[-79.824788,43.244184]}},{"type":"Feature","properties":{"name":"Scott Park"},"geometry":{"type":"Point","coordinates":[-79.832408,43.250052]}},{"type":"Feature","properties":{"name":"Sherman"},"geometry":{"type":"Point","coordinates":[-79.838397,43.251312]}},{"type":"Feature","properties":{"name":"Wenworth"},"geometry":{"type":"Point","coordinates":[-79.848977,43.252096]}},{"type":"Feature","properties":{"name":"Wellington"},"geometry":{"type":"Point","coordinates":[-79.859268,43.253528]}},{"type":"Feature","properties":{"name":"Mary"},"geometry":{"type":"Point","coordinates":[-79.869077,43.256693]}},{"type":"Feature","properties":{"name":"Mary"},"geometry":{"type":"Point","coordinates":[-79.864225,43.255076]}},{"type":"Feature","properties":{"name":"Queen"},"geometry":{"type":"Point","coordinates":[-79.878753,43.25938]}},{"type":"Feature","properties":{"name":"Dundurn"},"geometry":{"type":"Point","coordinates":[-79.887574,43.26209]}},{"type":"Feature","properties":{"name":"Longwood"},"geometry":{"type":"Point","coordinates":[-79.90237,43.259131]}},{"type":"Feature","properties":{"name":"McMaster University"},"geometry":{"type":"Point","coordinates":[-79.918542,43.257812]}}]}